INFO-FLOW: Workspace /home/dani/Desktop/SDU_Master/EmbeddedSystems/final_assignment/vitis_hls/cnn_hls/solution1 opened at Tue Nov 25 13:53:51 CET 2025
Execute     ap_set_clock -name default -period 10 -default=false 
INFO: [SYN 201-201] Setting up clock 'default' with a period of 10ns.
Execute     set_part xczu3eg-sbva484-1-i 
Execute       create_platform xczu3eg-sbva484-1-i -board  
DBG:HLSDevice: Trying to load device library: /home/dani/Xilinx/Vitis_HLS/2022.2/lib/lnx64.o/libxv_hlsvwrap.so
DBG:HLSDevice: first parts/arch.xml in RDI_DATADIR: /home/dani/Xilinx/Vivado/2022.2/data/parts/arch.xml
DBG:HLSDevice: init success
INFO: [HLS 200-1611] Setting target device to 'xczu3eg-sbva484-1-i'
Command       create_platform done; 0.48 sec.
Execute       source /home/dani/Xilinx/Vitis_HLS/2022.2/common/technology/xilinx/common/xilinx.gen 
Execute         source /home/dani/Xilinx/Vitis_HLS/2022.2/common/technology/xilinx/interface/plb46.gen 
Execute         source /home/dani/Xilinx/Vitis_HLS/2022.2/common/technology/xilinx/interface/axi4.gen 
Execute         source /home/dani/Xilinx/Vitis_HLS/2022.2/common/technology/xilinx/interface/nativeAXI4.gen 
Execute           source /home/dani/Xilinx/Vitis_HLS/2022.2/common/technology/xilinx/interface/saxilite.gen 
Execute         source /home/dani/Xilinx/Vitis_HLS/2022.2/common/technology/xilinx/scripts/xilinxcoregen.gen 
Execute         source /home/dani/Xilinx/Vitis_HLS/2022.2/common/technology/xilinx/interface/XilEDKCoreGen.gen 
Execute         source /home/dani/Xilinx/Vitis_HLS/2022.2/common/technology/xilinx/ip/util.gen 
Execute         source /home/dani/Xilinx/Vitis_HLS/2022.2/common/technology/xilinx/ip/dds_compiler.gen 
Execute         source /home/dani/Xilinx/Vitis_HLS/2022.2/common/technology/xilinx/ip/xfft.gen 
Execute         source /home/dani/Xilinx/Vitis_HLS/2022.2/common/technology/xilinx/ip/xfir.gen 
Execute         source /home/dani/Xilinx/Vitis_HLS/2022.2/common/technology/xilinx/DSP48/dsp48.gen 
Execute       ap_part_info -name xczu3eg-sbva484-1-i -data info 
Execute       config_compile -quiet -complex-mul-dsp=0 
Command     set_part done; 0.56 sec.
Execute     send_msg_by_id INFO @200-1505@%s%s  vivado 
INFO: [HLS 200-1505] Using flow_target 'vivado'
Execute     send_msg_by_id INFO @200-1464@%s config_export -format=ip_catalog 
INFO: [HLS 200-1464] Running solution command: config_export -format=ip_catalog
Execute     config_export -format=ip_catalog 
Execute     send_msg_by_id INFO @200-1464@%s config_export -output=/home/dani/Desktop/SDU_Master/EmbeddedSystems/final_assignment 
INFO: [HLS 200-1464] Running solution command: config_export -output=/home/dani/Desktop/SDU_Master/EmbeddedSystems/final_assignment
Execute     config_export -output=/home/dani/Desktop/SDU_Master/EmbeddedSystems/final_assignment 
Execute     send_msg_by_id INFO @200-1464@%s config_export -rtl=verilog 
INFO: [HLS 200-1464] Running solution command: config_export -rtl=verilog
Execute     config_export -rtl=verilog 
Command   open_solution done; 0.61 sec.
Execute   set_part xczu3eg-sbva484-1-i 
INFO: [HLS 200-1510] Running: set_part xczu3eg-sbva484-1-i 
Execute     create_platform xczu3eg-sbva484-1-i -board  
Execute     source /home/dani/Xilinx/Vitis_HLS/2022.2/common/technology/xilinx/common/xilinx.gen 
Execute       source /home/dani/Xilinx/Vitis_HLS/2022.2/common/technology/xilinx/interface/plb46.gen 
Execute       source /home/dani/Xilinx/Vitis_HLS/2022.2/common/technology/xilinx/interface/axi4.gen 
Execute       source /home/dani/Xilinx/Vitis_HLS/2022.2/common/technology/xilinx/interface/nativeAXI4.gen 
Execute         source /home/dani/Xilinx/Vitis_HLS/2022.2/common/technology/xilinx/interface/saxilite.gen 
Execute       source /home/dani/Xilinx/Vitis_HLS/2022.2/common/technology/xilinx/scripts/xilinxcoregen.gen 
Execute       source /home/dani/Xilinx/Vitis_HLS/2022.2/common/technology/xilinx/interface/XilEDKCoreGen.gen 
Execute       source /home/dani/Xilinx/Vitis_HLS/2022.2/common/technology/xilinx/ip/util.gen 
Execute       source /home/dani/Xilinx/Vitis_HLS/2022.2/common/technology/xilinx/ip/dds_compiler.gen 
Execute       source /home/dani/Xilinx/Vitis_HLS/2022.2/common/technology/xilinx/ip/xfft.gen 
Execute       source /home/dani/Xilinx/Vitis_HLS/2022.2/common/technology/xilinx/ip/xfir.gen 
Execute       source /home/dani/Xilinx/Vitis_HLS/2022.2/common/technology/xilinx/DSP48/dsp48.gen 
Execute     ap_part_info -name xczu3eg-sbva484-1-i -data info 
Execute     config_compile -quiet -complex-mul-dsp=0 
Execute   create_clock -period 10 -name default 
INFO: [HLS 200-1510] Running: create_clock -period 10 -name default 
Execute   config_export -format ip_catalog -output /home/dani/Desktop/SDU_Master/EmbeddedSystems/final_assignment -rtl verilog 
INFO: [HLS 200-1510] Running: config_export -format ip_catalog -output /home/dani/Desktop/SDU_Master/EmbeddedSystems/final_assignment -rtl verilog 
Execute   source ./cnn_hls/solution1/directives.tcl 
INFO: [HLS 200-1510] Running: source ./cnn_hls/solution1/directives.tcl
Execute     set_directive_top -name cnn_predict cnn_predict 
INFO: [HLS 200-1510] Running: set_directive_top -name cnn_predict cnn_predict 
Execute   csynth_design 
INFO: [HLS 200-1510] Running: csynth_design 
Execute     elaborate -effort=medium -skip_syncheck=0 -keep_printf=0 -skip_cdt=0 -skip_transform=0 -ng=0 -g=0 -opt_fp=0 -from_csynth_design=1 
INFO: [HLS 200-111] Finished File checks and directory preparation: CPU user time: 0.01 seconds. CPU system time: 0.01 seconds. Elapsed time: 10.03 seconds; current allocated memory: 261.996 MB.
INFO: [HLS 200-10] Analyzing design file 'cnn.cpp' ... 
INFO-FLOW: Compiling one TU...
INFO-FLOW: Handling cnn.cpp as C++
Execute       ap_part_info -name xczu3eg-sbva484-1-i -data info 
INFO-FLOW: Running: GCC PP 39
INFO-FLOW: Source preprocessing
Execute       ap_eval exec -ignorestderr /home/dani/Xilinx/Vitis_HLS/2022.2/lnx64/tools/clang-3.9-csynth/bin/clang cnn.cpp -foptimization-record-file=/home/dani/Desktop/SDU_Master/EmbeddedSystems/final_assignment/vitis_hls/cnn_hls/solution1/.autopilot/db/cnn.cpp.clang.diag.yml -mllvm -pass-remarks-missed=reflow|pasta|unroll -mllvm -pass-remarks=reflow|pasta|unroll|inline -fno-limit-debug-info -gcc-toolchain /home/dani/Xilinx/Vitis_HLS/2022.2/tps/lnx64/gcc-8.3.0 -fhls -fno-exceptions -E -fno-math-errno -c -emit-llvm -mllvm -disable-llvm-optzns -Werror=implicit-function-declaration -Werror=implicit-hls-streams -Werror=return-type -Wpragmas -Wunused-parameter -Wdump-hls-pragmas -Wno-error=dump-hls-pragmas -fno-threadsafe-statics -fno-use-cxa-atexit -std=gnu++14 -target fpga64-xilinx-linux-gnu -fno-threadsafe-statics -fno-use-cxa-atexit -D__VITIS_HLS__ -DAESL_SYN -D__SYNTHESIS__ -D__HLS_SYN__ -I /home/dani/Xilinx/Vitis_HLS/2022.2/common/technology/autopilot -I /home/dani/Xilinx/Vitis_HLS/2022.2/common/technology/autopilot/ap_sysc -include etc/autopilot_ssdm_op.h -D__DSP48E2__ -I /usr/include/x86_64-linux-gnu -o /home/dani/Desktop/SDU_Master/EmbeddedSystems/final_assignment/vitis_hls/cnn_hls/solution1/.autopilot/db/cnn.pp.0.cpp -hls-platform-db-name=/home/dani/Xilinx/Vitis_HLS/2022.2/common/technology/xilinx/common/platform.db -hls-platform-name=zynquplus_slow -device-resource-info=BRAM_432.000000_DSP_360.000000_FF_141120.000000_LUT_70560.000000_SLICE_8820.000000_URAM_0.000000 -device-name-info=xczu3eg-sbva484-1-i > /home/dani/Desktop/SDU_Master/EmbeddedSystems/final_assignment/vitis_hls/cnn_hls/solution1/.autopilot/db/cnn.cpp.clang.out.log 2> /home/dani/Desktop/SDU_Master/EmbeddedSystems/final_assignment/vitis_hls/cnn_hls/solution1/.autopilot/db/cnn.cpp.clang.err.log 
Command       ap_eval done; 0.13 sec.
INFO-FLOW: Done: GCC PP 39 time: 0.1 seconds per iteration
Execute       set_directive_top cnn_predict -name=cnn_predict 
Execute       source /home/dani/Xilinx/Vitis_HLS/2022.2/tps/tcl/tcllib1.11.1/yaml/huddle.tcl 
Execute       source /home/dani/Xilinx/Vitis_HLS/2022.2/tps/tcl/tcllib1.11.1/yaml/json2huddle.tcl 
INFO-FLOW: Source syntax check for synthesis
Execute       ap_eval exec -ignorestderr /home/dani/Xilinx/Vitis_HLS/2022.2/lnx64/tools/clang-3.9-csynth/bin/clang -foptimization-record-file=/home/dani/Desktop/SDU_Master/EmbeddedSystems/final_assignment/vitis_hls/cnn_hls/solution1/.autopilot/db/clang.diag.yml -mllvm -pass-remarks-missed=reflow|pasta|unroll -mllvm -pass-remarks=reflow|pasta|unroll|inline -fsyntax-only -fhls -target fpga64-xilinx-linux-gnu /home/dani/Desktop/SDU_Master/EmbeddedSystems/final_assignment/vitis_hls/cnn_hls/solution1/.autopilot/db/cnn.pp.0.cpp -hls-platform-db-name=/home/dani/Xilinx/Vitis_HLS/2022.2/common/technology/xilinx/common/platform.db -hls-platform-name=zynquplus_slow -device-resource-info=BRAM_432.000000_DSP_360.000000_FF_141120.000000_LUT_70560.000000_SLICE_8820.000000_URAM_0.000000 -device-name-info=xczu3eg-sbva484-1-i > /home/dani/Desktop/SDU_Master/EmbeddedSystems/final_assignment/vitis_hls/cnn_hls/solution1/.autopilot/db/clang.out.log 2> /home/dani/Desktop/SDU_Master/EmbeddedSystems/final_assignment/vitis_hls/cnn_hls/solution1/.autopilot/db/clang.err.log 
Command       ap_eval done; 1.95 sec.
WARNING: [HLS 207-5527] 'Resource pragma' is deprecated, use 'bind_op/bind_storage pragma' instead (cnn.cpp:51:9)
Execute       clang_tidy xilinx-systemc-detector -desc systemc-detector /home/dani/Desktop/SDU_Master/EmbeddedSystems/final_assignment/vitis_hls/cnn_hls/solution1/.autopilot/db/cnn.pp.0.cpp std=gnu++14 -target fpga  -directive=/home/dani/Desktop/SDU_Master/EmbeddedSystems/final_assignment/vitis_hls/cnn_hls/solution1/.autopilot/db/.systemc_flag 
INFO-FLOW: exec /home/dani/Xilinx/Vitis_HLS/2022.2/lnx64/tools/clang-3.9-csynth/bin/clang-tidy -header-filter=.* --checks=-*,xilinx-systemc-detector -import-directive=/home/dani/Desktop/SDU_Master/EmbeddedSystems/final_assignment/vitis_hls/cnn_hls/solution1/.autopilot/db/.systemc_flag -fix-errors /home/dani/Desktop/SDU_Master/EmbeddedSystems/final_assignment/vitis_hls/cnn_hls/solution1/.autopilot/db/cnn.pp.0.cpp -- -std=gnu++14 -target fpga -fhls -ferror-limit=0
Command       clang_tidy done; 2.01 sec.
INFO-FLOW: Running: clang-tidy CDT preprocess 39
Execute       clang_tidy xilinx-directive2pragma -desc directive2pragma /home/dani/Desktop/SDU_Master/EmbeddedSystems/final_assignment/vitis_hls/cnn_hls/solution1/.autopilot/db/cnn.pp.0.cpp std=gnu++14 -target fpga  -directive=/home/dani/Desktop/SDU_Master/EmbeddedSystems/final_assignment/vitis_hls/cnn_hls/solution1/.autopilot/db/all.directive.json 
INFO-FLOW: exec /home/dani/Xilinx/Vitis_HLS/2022.2/lnx64/tools/clang-3.9-csynth/bin/clang-tidy -header-filter=.* --checks=-*,xilinx-directive2pragma -import-directive=/home/dani/Desktop/SDU_Master/EmbeddedSystems/final_assignment/vitis_hls/cnn_hls/solution1/.autopilot/db/all.directive.json -fix-errors /home/dani/Desktop/SDU_Master/EmbeddedSystems/final_assignment/vitis_hls/cnn_hls/solution1/.autopilot/db/cnn.pp.0.cpp -- -std=gnu++14 -target fpga -fhls -ferror-limit=0
Command       clang_tidy done; 2.17 sec.
Execute       clang_tidy xilinx-remove-assert -desc remove-assert /home/dani/Desktop/SDU_Master/EmbeddedSystems/final_assignment/vitis_hls/cnn_hls/solution1/.autopilot/db/cnn.pp.0.cpp std=gnu++14 -target fpga  
INFO-FLOW: exec /home/dani/Xilinx/Vitis_HLS/2022.2/lnx64/tools/clang-3.9-csynth/bin/clang-tidy -header-filter=.* --checks=-*,xilinx-remove-assert -fix-errors /home/dani/Desktop/SDU_Master/EmbeddedSystems/final_assignment/vitis_hls/cnn_hls/solution1/.autopilot/db/cnn.pp.0.cpp -- -std=gnu++14 -target fpga -fhls -ferror-limit=0
Command       clang_tidy done; 1.95 sec.
INFO-FLOW: Done: clang-tidy CDT preprocess 39 time: 4.1 seconds per iteration
INFO-FLOW: Calling xilinx-label-all-loops ... 
INFO-FLOW: Calling xilinx-aggregate-on-hls-vector ... 
Execute       clang_tidy -errorcheck -desc loop-label xilinx-label-all-loops,xilinx-aggregate-on-hls-vector,,xilinx-warn-mayneed-no-ctor-attribute /home/dani/Desktop/SDU_Master/EmbeddedSystems/final_assignment/vitis_hls/cnn_hls/solution1/.autopilot/db/cnn.pp.0.cpp std=gnu++14 -target fpga  
Execute         ap_eval exec -ignorestderr /home/dani/Xilinx/Vitis_HLS/2022.2/lnx64/tools/clang-3.9-csynth/bin/clang-tidy -export-fixes=/home/dani/Desktop/SDU_Master/EmbeddedSystems/final_assignment/vitis_hls/cnn_hls/solution1/.autopilot/db/cnn.pp.0.cpp.clang-tidy.loop-label.diag.yml -header-filter=.* --checks=-*,xilinx-label-all-loops,xilinx-aggregate-on-hls-vector,,xilinx-warn-mayneed-no-ctor-attribute -fix-errors /home/dani/Desktop/SDU_Master/EmbeddedSystems/final_assignment/vitis_hls/cnn_hls/solution1/.autopilot/db/cnn.pp.0.cpp -- -std=gnu++14 -target fpga -fhls -ferror-limit=0 > /home/dani/Desktop/SDU_Master/EmbeddedSystems/final_assignment/vitis_hls/cnn_hls/solution1/.autopilot/db/cnn.pp.0.cpp.clang-tidy.loop-label.out.log 2> /home/dani/Desktop/SDU_Master/EmbeddedSystems/final_assignment/vitis_hls/cnn_hls/solution1/.autopilot/db/cnn.pp.0.cpp.clang-tidy.loop-label.err.log 
Command         ap_eval done; 3.72 sec.
Execute         source /home/dani/Xilinx/Vitis_HLS/2022.2/tps/tcl/tcllib1.11.1/yaml/yaml.tcl 
Command       clang_tidy done; 4.08 sec.
Execute       ap_eval exec -ignorestderr /home/dani/Xilinx/Vitis_HLS/2022.2/lnx64/tools/clang-3.9-csynth/bin/xilinx-dataflow-lawyer -export-fixes=/home/dani/Desktop/SDU_Master/EmbeddedSystems/final_assignment/vitis_hls/cnn_hls/solution1/.autopilot/db/cnn.pp.0.cpp.xilinx-dataflow-lawyer.diag.yml /home/dani/Desktop/SDU_Master/EmbeddedSystems/final_assignment/vitis_hls/cnn_hls/solution1/.autopilot/db/cnn.pp.0.cpp -- -std=gnu++14 -target fpga -fhls -ferror-limit=0 -fstrict-dataflow > /home/dani/Desktop/SDU_Master/EmbeddedSystems/final_assignment/vitis_hls/cnn_hls/solution1/.autopilot/db/cnn.pp.0.cpp.xilinx-dataflow-lawyer.out.log 2> /home/dani/Desktop/SDU_Master/EmbeddedSystems/final_assignment/vitis_hls/cnn_hls/solution1/.autopilot/db/cnn.pp.0.cpp.xilinx-dataflow-lawyer.err.log 
Command       ap_eval done; 1.86 sec.
Execute       ap_part_info -name xczu3eg-sbva484-1-i -data info 
INFO-FLOW: compiling source code to llvm bc
Execute       ap_eval exec -ignorestderr /home/dani/Xilinx/Vitis_HLS/2022.2/lnx64/tools/clang-3.9-csynth/bin/clang -foptimization-record-file=/home/dani/Desktop/SDU_Master/EmbeddedSystems/final_assignment/vitis_hls/cnn_hls/solution1/.autopilot/db/cnn.pp.0.cpp.clang.diag.yml -mllvm -pass-remarks-missed=reflow|pasta|unroll -mllvm -pass-remarks=reflow|pasta|unroll|inline -fno-limit-debug-info -fhls -flto -fno-exceptions -Wno-error=c++11-narrowing /home/dani/Desktop/SDU_Master/EmbeddedSystems/final_assignment/vitis_hls/cnn_hls/solution1/.autopilot/db/cnn.pp.0.cpp -fno-math-errno -c -emit-llvm -mllvm -disable-llvm-optzns -Werror=implicit-function-declaration -Werror=implicit-hls-streams -Werror=return-type -Wpragmas -Wunused-parameter -Wdump-hls-pragmas -Wno-error=dump-hls-pragmas -fno-threadsafe-statics -fno-use-cxa-atexit -std=gnu++14 -target fpga64-xilinx-linux-gnu -D__VITIS_HLS__ -DAESL_SYN -D__SYNTHESIS__ -D__HLS_SYN__ -I /home/dani/Xilinx/Vitis_HLS/2022.2/common/technology/autopilot -I /home/dani/Xilinx/Vitis_HLS/2022.2/common/technology/autopilot/ap_sysc -include etc/autopilot_ssdm_op.h -D__DSP48E2__ -g -o /home/dani/Desktop/SDU_Master/EmbeddedSystems/final_assignment/vitis_hls/cnn_hls/solution1/.autopilot/db/cnn.bc -hls-platform-db-name=/home/dani/Xilinx/Vitis_HLS/2022.2/common/technology/xilinx/common/platform.db -hls-platform-name=zynquplus_slow -device-resource-info=BRAM_432.000000_DSP_360.000000_FF_141120.000000_LUT_70560.000000_SLICE_8820.000000_URAM_0.000000 -device-name-info=xczu3eg-sbva484-1-i > /home/dani/Desktop/SDU_Master/EmbeddedSystems/final_assignment/vitis_hls/cnn_hls/solution1/.autopilot/db/cnn.pp.0.cpp.clang.out.log 2> /home/dani/Desktop/SDU_Master/EmbeddedSystems/final_assignment/vitis_hls/cnn_hls/solution1/.autopilot/db/cnn.pp.0.cpp.clang.err.log 
Command       ap_eval done; 1.94 sec.
INFO: [HLS 200-111] Finished Source Code Analysis and Preprocessing: CPU user time: 15.06 seconds. CPU system time: 1.23 seconds. Elapsed time: 16.29 seconds; current allocated memory: 266.172 MB.
INFO-FLOW: Linking Debug ...
INFO-FLOW: Linking dut bc code.
Execute       run_link_or_opt -out /home/dani/Desktop/SDU_Master/EmbeddedSystems/final_assignment/vitis_hls/cnn_hls/solution1/.autopilot/db/a.g.ld.0.bc -args  "/home/dani/Desktop/SDU_Master/EmbeddedSystems/final_assignment/vitis_hls/cnn_hls/solution1/.autopilot/db/cnn.g.bc"  
Execute         ap_eval exec -ignorestderr /home/dani/Xilinx/Vitis_HLS/2022.2/lnx64/tools/clang-3.9-csynth/bin/llvm-link /home/dani/Desktop/SDU_Master/EmbeddedSystems/final_assignment/vitis_hls/cnn_hls/solution1/.autopilot/db/cnn.g.bc -o /home/dani/Desktop/SDU_Master/EmbeddedSystems/final_assignment/vitis_hls/cnn_hls/solution1/.autopilot/db/a.g.ld.0.bc > /home/dani/Desktop/SDU_Master/EmbeddedSystems/final_assignment/vitis_hls/cnn_hls/solution1/.autopilot/db/a.g.ld.0.bc.llvm-link.out.log 2> /home/dani/Desktop/SDU_Master/EmbeddedSystems/final_assignment/vitis_hls/cnn_hls/solution1/.autopilot/db/a.g.ld.0.bc.llvm-link.err.log 
INFO-FLOW: 
Execute       run_link_or_opt -opt -out /home/dani/Desktop/SDU_Master/EmbeddedSystems/final_assignment/vitis_hls/cnn_hls/solution1/.autopilot/db/a.g.ld.1.lower.bc -args /home/dani/Desktop/SDU_Master/EmbeddedSystems/final_assignment/vitis_hls/cnn_hls/solution1/.autopilot/db/a.g.ld.0.bc -reflow-lower-math-intrinsics 
Execute         ap_eval exec -ignorestderr /home/dani/Xilinx/Vitis_HLS/2022.2/lnx64/tools/clang-3.9-csynth/bin/opt -pass-remarks-missed=reflow|pasta|unroll -pass-remarks=reflow|pasta|unroll|inline -pass-remarks-output=/home/dani/Desktop/SDU_Master/EmbeddedSystems/final_assignment/vitis_hls/cnn_hls/solution1/.autopilot/db/a.g.ld.1.lower.bc.opt.diag.yml /home/dani/Desktop/SDU_Master/EmbeddedSystems/final_assignment/vitis_hls/cnn_hls/solution1/.autopilot/db/a.g.ld.0.bc -reflow-lower-math-intrinsics -o /home/dani/Desktop/SDU_Master/EmbeddedSystems/final_assignment/vitis_hls/cnn_hls/solution1/.autopilot/db/a.g.ld.1.lower.bc > /home/dani/Desktop/SDU_Master/EmbeddedSystems/final_assignment/vitis_hls/cnn_hls/solution1/.autopilot/db/a.g.ld.1.lower.bc.opt.out.log 2> /home/dani/Desktop/SDU_Master/EmbeddedSystems/final_assignment/vitis_hls/cnn_hls/solution1/.autopilot/db/a.g.ld.1.lower.bc.opt.err.log 
INFO-FLOW: 
INFO-FLOW: Linking math bc lib
Execute       run_link_or_opt -out /home/dani/Desktop/SDU_Master/EmbeddedSystems/final_assignment/vitis_hls/cnn_hls/solution1/.autopilot/db/a.g.ld.2.m1.bc -args /home/dani/Desktop/SDU_Master/EmbeddedSystems/final_assignment/vitis_hls/cnn_hls/solution1/.autopilot/db/a.g.ld.1.lower.bc -only-needed /home/dani/Xilinx/Vitis_HLS/2022.2/lnx64/lib/libhlsm_39.bc /home/dani/Xilinx/Vitis_HLS/2022.2/lnx64/lib/libhlsmc++_39.bc 
Execute         ap_eval exec -ignorestderr /home/dani/Xilinx/Vitis_HLS/2022.2/lnx64/tools/clang-3.9-csynth/bin/llvm-link /home/dani/Desktop/SDU_Master/EmbeddedSystems/final_assignment/vitis_hls/cnn_hls/solution1/.autopilot/db/a.g.ld.1.lower.bc -only-needed /home/dani/Xilinx/Vitis_HLS/2022.2/lnx64/lib/libhlsm_39.bc /home/dani/Xilinx/Vitis_HLS/2022.2/lnx64/lib/libhlsmc++_39.bc -o /home/dani/Desktop/SDU_Master/EmbeddedSystems/final_assignment/vitis_hls/cnn_hls/solution1/.autopilot/db/a.g.ld.2.m1.bc > /home/dani/Desktop/SDU_Master/EmbeddedSystems/final_assignment/vitis_hls/cnn_hls/solution1/.autopilot/db/a.g.ld.2.m1.bc.llvm-link.out.log 2> /home/dani/Desktop/SDU_Master/EmbeddedSystems/final_assignment/vitis_hls/cnn_hls/solution1/.autopilot/db/a.g.ld.2.m1.bc.llvm-link.err.log 
Command         ap_eval done; 1.58 sec.
INFO-FLOW: 
Command       run_link_or_opt done; 1.58 sec.
Execute       run_link_or_opt -opt -out /home/dani/Desktop/SDU_Master/EmbeddedSystems/final_assignment/vitis_hls/cnn_hls/solution1/.autopilot/db/a.g.ld.3.fpc.bc -args /home/dani/Desktop/SDU_Master/EmbeddedSystems/final_assignment/vitis_hls/cnn_hls/solution1/.autopilot/db/a.g.ld.2.m1.bc -reflow-globaldce -hls-top-function-name=cnn_predict -reflow-float-conversion 
Execute         ap_eval exec -ignorestderr /home/dani/Xilinx/Vitis_HLS/2022.2/lnx64/tools/clang-3.9-csynth/bin/opt -pass-remarks-missed=reflow|pasta|unroll -pass-remarks=reflow|pasta|unroll|inline -pass-remarks-output=/home/dani/Desktop/SDU_Master/EmbeddedSystems/final_assignment/vitis_hls/cnn_hls/solution1/.autopilot/db/a.g.ld.3.fpc.bc.opt.diag.yml /home/dani/Desktop/SDU_Master/EmbeddedSystems/final_assignment/vitis_hls/cnn_hls/solution1/.autopilot/db/a.g.ld.2.m1.bc -reflow-globaldce -hls-top-function-name=cnn_predict -reflow-float-conversion -o /home/dani/Desktop/SDU_Master/EmbeddedSystems/final_assignment/vitis_hls/cnn_hls/solution1/.autopilot/db/a.g.ld.3.fpc.bc > /home/dani/Desktop/SDU_Master/EmbeddedSystems/final_assignment/vitis_hls/cnn_hls/solution1/.autopilot/db/a.g.ld.3.fpc.bc.opt.out.log 2> /home/dani/Desktop/SDU_Master/EmbeddedSystems/final_assignment/vitis_hls/cnn_hls/solution1/.autopilot/db/a.g.ld.3.fpc.bc.opt.err.log 
Command         ap_eval done; 0.59 sec.
INFO-FLOW: 
Command       run_link_or_opt done; 0.59 sec.
Execute       run_link_or_opt -out /home/dani/Desktop/SDU_Master/EmbeddedSystems/final_assignment/vitis_hls/cnn_hls/solution1/.autopilot/db/a.g.ld.4.m2.bc -args /home/dani/Desktop/SDU_Master/EmbeddedSystems/final_assignment/vitis_hls/cnn_hls/solution1/.autopilot/db/a.g.ld.3.fpc.bc -only-needed /home/dani/Xilinx/Vitis_HLS/2022.2/lnx64/lib/libfloatconversion_39.bc 
Execute         ap_eval exec -ignorestderr /home/dani/Xilinx/Vitis_HLS/2022.2/lnx64/tools/clang-3.9-csynth/bin/llvm-link /home/dani/Desktop/SDU_Master/EmbeddedSystems/final_assignment/vitis_hls/cnn_hls/solution1/.autopilot/db/a.g.ld.3.fpc.bc -only-needed /home/dani/Xilinx/Vitis_HLS/2022.2/lnx64/lib/libfloatconversion_39.bc -o /home/dani/Desktop/SDU_Master/EmbeddedSystems/final_assignment/vitis_hls/cnn_hls/solution1/.autopilot/db/a.g.ld.4.m2.bc > /home/dani/Desktop/SDU_Master/EmbeddedSystems/final_assignment/vitis_hls/cnn_hls/solution1/.autopilot/db/a.g.ld.4.m2.bc.llvm-link.out.log 2> /home/dani/Desktop/SDU_Master/EmbeddedSystems/final_assignment/vitis_hls/cnn_hls/solution1/.autopilot/db/a.g.ld.4.m2.bc.llvm-link.err.log 
INFO-FLOW: 
Execute       run_link_or_opt -opt -out /home/dani/Desktop/SDU_Master/EmbeddedSystems/final_assignment/vitis_hls/cnn_hls/solution1/.autopilot/db/a.g.ld.5.gdce.bc -args /home/dani/Desktop/SDU_Master/EmbeddedSystems/final_assignment/vitis_hls/cnn_hls/solution1/.autopilot/db/a.g.ld.4.m2.bc -reflow-globaldce -hls-top-function-name=cnn_predict 
Execute         ap_eval exec -ignorestderr /home/dani/Xilinx/Vitis_HLS/2022.2/lnx64/tools/clang-3.9-csynth/bin/opt -pass-remarks-missed=reflow|pasta|unroll -pass-remarks=reflow|pasta|unroll|inline -pass-remarks-output=/home/dani/Desktop/SDU_Master/EmbeddedSystems/final_assignment/vitis_hls/cnn_hls/solution1/.autopilot/db/a.g.ld.5.gdce.bc.opt.diag.yml /home/dani/Desktop/SDU_Master/EmbeddedSystems/final_assignment/vitis_hls/cnn_hls/solution1/.autopilot/db/a.g.ld.4.m2.bc -reflow-globaldce -hls-top-function-name=cnn_predict -o /home/dani/Desktop/SDU_Master/EmbeddedSystems/final_assignment/vitis_hls/cnn_hls/solution1/.autopilot/db/a.g.ld.5.gdce.bc > /home/dani/Desktop/SDU_Master/EmbeddedSystems/final_assignment/vitis_hls/cnn_hls/solution1/.autopilot/db/a.g.ld.5.gdce.bc.opt.out.log 2> /home/dani/Desktop/SDU_Master/EmbeddedSystems/final_assignment/vitis_hls/cnn_hls/solution1/.autopilot/db/a.g.ld.5.gdce.bc.opt.err.log 
INFO-FLOW: 
Execute       send_msg_by_id INFO @200-777@%s Vivado 
INFO: [HLS 200-777] Using interface defaults for 'Vivado' flow target.
Execute       is_m_axi_addr64 
INFO-FLOW: Doing LTO.
Execute       ap_eval exec -ignorestderr /home/dani/Xilinx/Vitis_HLS/2022.2/lnx64/tools/clang-3.9-csynth/bin/clang -foptimization-record-file=/home/dani/Desktop/SDU_Master/EmbeddedSystems/final_assignment/vitis_hls/cnn_hls/solution1/.autopilot/db/a.g.ld.0.bc.clang.diag.yml -mllvm -pass-remarks-missed=reflow|pasta|unroll -mllvm -pass-remarks=reflow|pasta|unroll|inline -fhls -mllvm -hls-top-function-name=cnn_predict -mllvm -hls-db-dir -mllvm /home/dani/Desktop/SDU_Master/EmbeddedSystems/final_assignment/vitis_hls/cnn_hls/solution1/.autopilot/db -emit-llvm -c -target fpga64-xilinx-none -mllvm -xcl-xmlinfo=/home/dani/Desktop/SDU_Master/EmbeddedSystems/final_assignment/vitis_hls/cnn_hls/solution1/.autopilot/db/kernel.internal.xml -mllvm -top-io-mapping-info=/home/dani/Desktop/SDU_Master/EmbeddedSystems/final_assignment/vitis_hls/cnn_hls/solution1/.autopilot/db/top-io-fe.xml -mllvm -hls-bitcode-version=3.1 -mllvm -reflow-enable-slave-interface-default-setting=true -mllvm -gen-kernel-xml=false -mllvm -default-maxi-offset=slave -mllvm -maxi-latency=0 -mllvm -hls-maxi-data-size-in-bits=8 -mllvm -hls-maxi-max-data-size-in-bits=1024 -mllvm -hls-max-widen-size-in-bits=0 -mllvm -xcl-kernel-max-mem-ports=0 -mllvm -maxi-read-trans=16 -mllvm -maxi-write-trans=16 -mllvm -maxi-read-burst-len=16 -mllvm -maxi-write-burst-len=16 -mllvm -reflow-enable-saxi-64bits=0 -mllvm -reflow-basic-block-instr-threshold=200000 -mllvm -reflow-auto-pipeline-threshold=64 -mllvm -reflow-enable-maxi-auto-id-channel=0 -mllvm -assume-maxi-align=1 -mllvm -reflow-pipeline-style-llvm-setting=2 -mllvm -reflow-enable-dataflow-strict-mode-checking=1 -mllvm -reflow-auto-array-partition-mode=default -mllvm -reflow-enable-auto-array-partition=true -mllvm -reflow-enable-auto-parallel-performance-driven=true -mllvm -reflow-enable-partition-for-automation=true -mllvm -reflow-aggregate-bitwidth-threshold=4096 -mllvm -reflow-assume-no-address-wrap=true -mllvm -hls -mllvm -disable-inlined-alloca-merging=true -mllvm -default-clock-period=10 -x ir /home/dani/Desktop/SDU_Master/EmbeddedSystems/final_assignment/vitis_hls/cnn_hls/solution1/.autopilot/db/a.g.ld.5.gdce.bc -o /home/dani/Desktop/SDU_Master/EmbeddedSystems/final_assignment/vitis_hls/cnn_hls/solution1/.autopilot/db/a.g.lto.bc -hls-platform-db-name=/home/dani/Xilinx/Vitis_HLS/2022.2/common/technology/xilinx/common/platform.db -hls-platform-name=zynquplus_slow -device-resource-info=BRAM_432.000000_DSP_360.000000_FF_141120.000000_LUT_70560.000000_SLICE_8820.000000_URAM_0.000000 -device-name-info=xczu3eg-sbva484-1-i > /home/dani/Desktop/SDU_Master/EmbeddedSystems/final_assignment/vitis_hls/cnn_hls/solution1/.autopilot/db/a.g.ld.0.bc.clang.out.log 2> /home/dani/Desktop/SDU_Master/EmbeddedSystems/final_assignment/vitis_hls/cnn_hls/solution1/.autopilot/db/a.g.ld.0.bc.clang.err.log 
Command       ap_eval done; 0.32 sec.
INFO: [HLS 214-131] Inlining function 'exp_reduce_::exp(float)' into 'hls::exp(float)' (/wrk/ci/prod/2022.2/hls_product/continuous/608/2022.2/src/shared/hls/clib/hlsmath/src/c++/expfloat.cpp:17:9)
INFO: [HLS 214-131] Inlining function 'hls::exp(float)' into 'sigmoid(float)' (cnn.cpp:34:27)
INFO: [HLS 214-188] Unrolling loop 'VITIS_LOOP_38_1' (cnn.cpp:38:19) in function 'memcpy' partially with a factor of 16 (cnn.cpp:37:0)
INFO: [HLS 214-178] Inlining function 'memcpy(float*, float*, int)' into 'cnn_predict(float*, float*)' (cnn.cpp:46:0)
INFO: [HLS 214-178] Inlining function 'relu(float)' into 'cnn_predict(float*, float*)' (cnn.cpp:46:0)
INFO: [HLS 214-178] Inlining function 'sigmoid(float)' into 'cnn_predict(float*, float*)' (cnn.cpp:46:0)
INFO: [HLS 214-115] Multiple burst reads of length 4096 and bit width 32 in loop 'VITIS_LOOP_38_1'(cnn.cpp:38:19) has been inferred on bundle 'gmem'. These burst requests might be further partitioned into multiple requests during RTL generation, based on max_read_burst_length or max_write_burst_length settings. (cnn.cpp:38:19)
INFO-FLOW: DBG:PUTS: copy_raw_kernel_xml ap_link_39: kernel.xml not generated: /home/dani/Desktop/SDU_Master/EmbeddedSystems/final_assignment/vitis_hls/cnn_hls/solution1/.autopilot/db/kernel.internal.xml
INFO: [HLS 200-111] Finished Compiling Optimization and Transform: CPU user time: 2.26 seconds. CPU system time: 0.43 seconds. Elapsed time: 2.7 seconds; current allocated memory: 266.715 MB.
INFO: [HLS 200-111] Finished Checking Pragmas: CPU user time: 0 seconds. CPU system time: 0 seconds. Elapsed time: 0 seconds; current allocated memory: 266.715 MB.
Execute       opt_and_import_c a -opt_level=2 -skip_syncheck=0 -ng=0 -keep_printf=0 
Execute         cleanup_all_models 
INFO: [HLS 200-10] Starting code transformations ...
INFO-FLOW: Running Standard Transforms...
Execute         transform -hls -share-std-xform -demangle-name -inline-byval-memcpy -always-inline -promote-dbg-pointer -interface-preproc -mem2reg -scalarrepl -mem2reg -keep-read-access -instcombine -dce -promote-dbg-pointer -bitop-raise -loop-simplify -indvarspre -indvars -loop-simplify -xunroll -constprop -instcombine -simplifycfg -indvars -simplifycfg -dce -globaldce -basicaa -simplifycfg -mem2reg -globalopt -global-constprop -deadargelim -instcombine -simplifycfg -scalarrepl -instcombine -reassociate -licm -simplifycfg -loop-simplify -indvars -instcombine -simplifycfg -mem2reg -loop-simplify -indvars -instcombine -gvn -gvn -instcombine -adce -break-crit-edges -simplifycfg -loop-delete -global-array-opt -dce -dse -adce -find-syn-modules -top cnn_predict -deadargelim -mem2reg -instcombine -dce -presyn-prepare -auto-rom-infer -interface-preproc -syn-check -check-rec-only -find-region -simplifycfg -func-extr -function-inline -globaldce -mem2reg -instcombine -dce -gvn -globaldce -adce -adse -constprop -instcombine -bit-constprop -instcombine -dce -simplifycfg -bitop-raise -simplifycfg -dce -loop-delete -reassociate -globalopt -global-privatize -mem2reg -dce -global-constprop -pointer-simplify -constprop -dce -auto-shift-reg-idiom -promote-dbg-pointer -norm-name /home/dani/Desktop/SDU_Master/EmbeddedSystems/final_assignment/vitis_hls/cnn_hls/solution1/.autopilot/db/a.g.0.bc -o /home/dani/Desktop/SDU_Master/EmbeddedSystems/final_assignment/vitis_hls/cnn_hls/solution1/.autopilot/db/a.g.1.bc -f -phase std-opt 
Command         transform done; 2.56 sec.
INFO: [HLS 200-111] Finished Standard Transforms: CPU user time: 2.52 seconds. CPU system time: 0.04 seconds. Elapsed time: 2.56 seconds; current allocated memory: 299.133 MB.
INFO: [HLS 200-10] Checking synthesizability ...
INFO-FLOW: Checking Synthesizability 1/2..
Execute         transform -hls -syn-check -check-rec-only -scalarrepl -norm-name -dce -mem2reg -instcombine -directive-preproc -mem2reg -dse -dce -auto-rom-infer -dce -pag -array-normalize -instcombine -dce -array-seg-normalize -instcombine -dce -data-pack -instcombine -dce -inst-simplify -array-flatten -instcombine -dce -array-burst -dce -deadargelim -promote-global-argument -simplifycfg -mem2reg -globaldce -dce -deadargelim -dce -instcombine -function-inline -globaldce -dce -doublePtrSimplify -doublePtrElim -dce -doublePtrSimplify -promote-dbg-pointer -dce -scalarrepl -dse -adse -instcombine -ptrLegalization -simplifycfg -dce -instcombine -pointer-simplify -ptrArgReplace -dce -instcombine -resolve-double-ptr -scalarrepl -norm-name -dce -mem2reg -instcombine -ptrLegalization -simplifycfg -deadargelim -instcombine -dce -inst-simplify -directive-preproc -mem2reg -dse -dce -globaldce /home/dani/Desktop/SDU_Master/EmbeddedSystems/final_assignment/vitis_hls/cnn_hls/solution1/.autopilot/db/a.g.1.bc -o /home/dani/Desktop/SDU_Master/EmbeddedSystems/final_assignment/vitis_hls/cnn_hls/solution1/.autopilot/db/a.g.2.prechk.bc -f 
Command         transform done; 2.5 sec.
INFO-FLOW: Checking Synthesizability 2/2..
Execute         transform -syn-check /home/dani/Desktop/SDU_Master/EmbeddedSystems/final_assignment/vitis_hls/cnn_hls/solution1/.autopilot/db/a.g.2.prechk.bc -o /home/dani/Desktop/SDU_Master/EmbeddedSystems/final_assignment/vitis_hls/cnn_hls/solution1/.autopilot/db/a.g.2.bc -f -phase syn-check 
INFO: [HLS 200-111] Finished Checking Synthesizability: CPU user time: 2.49 seconds. CPU system time: 0.01 seconds. Elapsed time: 2.5 seconds; current allocated memory: 309.488 MB.
INFO-FLOW: Compiler optimizing ...
INFO-FLOW: Share syncheck's 1.bc for syn flow: copy /home/dani/Desktop/SDU_Master/EmbeddedSystems/final_assignment/vitis_hls/cnn_hls/solution1/.autopilot/db/a.g.1.bc to /home/dani/Desktop/SDU_Master/EmbeddedSystems/final_assignment/vitis_hls/cnn_hls/solution1/.autopilot/db/a.o.1.bc
INFO-FLOW: Presyn 1...
Execute         transform -hls -tmp /home/dani/Desktop/SDU_Master/EmbeddedSystems/final_assignment/vitis_hls/cnn_hls/solution1/.autopilot/db -interface-port-rename -directive-preproc -mem2reg -dse -dce -scalarrepl -norm-name -deadargelim -mem2reg -instcombine -dce -simplifycfg -auto-rom-infer -dce -resource-proc -clib-intrinsic-prepare -dce -func-buffer -dce -pag -array-normalize -func-legal -instcombine -gvn -constprop -dce -simplifycfg -mem2reg -globaldce -resolve-double-ptr -dce -deadargelim -dce -instcombine -ptrArgReplace -mem2reg -dce -array-seg-normalize -deadargelim -instcombine -dce -directive-preproc -mem2reg -dse -dce -pointer-simplify -dce -port-alignment -dce -interface-preproc -data-pack -instcombine -dce -basicaa -aggr-aa -aggrmodref-aa -aggr-aa -gvn -gvn -basicaa -aggr-aa -aggrmodref-aa -aggr-aa -dse -adse -adce -loop-simplify -indvars -instcombine -gvn -loop-simplify -mem2reg -dce -find-region -instcombine -auto-loop-pipeline -inst-simplify -interface-preproc -cfgopt -instcombine -indvars -auto-loop-unroll -loop-simplify -loop-bound -xunroll -constprop -instcombine -simplifycfg -indvars -simplifycfg -dce -globaldce -clean-region -attach-range -gvn -inst-simplify -constprop -simplifycfg -dce -pointer-simplify -dce -globalopt -constprop -dce -array-promote -scalar-auto-dep-elim -constprop -dce -ptrArgReplace -mem2reg -simplifycfg -dce -instcombine -dce -array-transform-check -array-reshape -instcombine -simplifycfg -dce -ptrArgReplace -deadargelim -mem2reg -instcombine -simplifycfg -dce -indvars -loop-simplify -loop-bound -xunroll -constprop -instcombine -simplifycfg -indvars -simplifycfg -dce -globaldce -basicaa -aggr-aa -aggrmodref-aa -aggr-aa -dse -duplicate-dataflow-processes -globaldce -instcombine -array-partition -prepare-dynamic-array-partition -instcombine -simplifycfg -dce -ptrArgReplace -global-constprop -deadargelim -mem2reg -func-legal -dce -global-constprop -deadargelim -mem2reg -simplifycfg -dce -merge-param -deadargelim -globalopt -constprop -dce -array-promote -scalar-auto-dep-elim -constprop -dce -ptrArgReplace -mem2reg -simplifycfg -dce -mem-intrinsic-preproc -dce -global-internalize -global-privatize -mem2reg -globaldce -promote-global-argument -ptrArgReplace -mem2reg -dce -globalopt -mergereturn -simplify-global-access -mem2reg -dce -pointer-simplify -dce -functionattrs -basicaa -aggr-aa -aggrmodref-aa -aggr-aa -gvn -gvn -basicaa -aggr-aa -aggrmodref-aa -aggr-aa -dse -adse -adce -dce -norm-name -basicaa -aggr-aa -aggrmodref-aa -aggr-aa -accesses-merge -function-inline -complex-op-raise -inst-simplify -globaldce -func-legal -dce -loop-bound -arraycheck -bitwidthmin2 -bitwidthmin2 -on-by-dataflow -loop-delete -instcombine -simplifycfg -globaldce -dce -gvn -deadargelim -dce -loop-simplify -clean-region -simplifycfg -propagate-stable-arguments -loop-stream -instcombine -simplifycfg -dce -globaldce -duplicate-dataflow-processes -stream-intrinsic-preproc -dce -check-ap-stream -loop-simplify -eliminate-keepreads -extract-dataflow-in-loop -loop-simplify -dce -gvn -deadargelim -dse -duplicate-dataflow-processes -check-dataflow-syntax -legalize-stream-variable -globaldce -legalize-global -extract-subproc -dce -dead-channel-elimination -canonicalize-gep -globaldce -dce -gvn -hls-dead-arg-elim -deadargelim -directive-preproc -canonicalize-dataflow -dce -globaldce -scalar-preprocessing -scalar-propagation2 -deadargelim -globaldce -mem2reg -check-dataflow-channels -function-stream -dce -globaldce -prop-fifo-spec -internal-stream-gen -canonicalize-gep -globaldce -dce -gvn -deadargelim -mergereturn -indvars -loop-simplify -instcombine -array-stream -array-seg-normalize -array-partition -func-legal -instcombine -simplifycfg -dce -bundle-memfifo-ops -deadargelim -directive-preproc -mem2reg -dse -dce -group-axi-access -licm -simplifycfg -dce -loop-delete -hls-display -norm-name /home/dani/Desktop/SDU_Master/EmbeddedSystems/final_assignment/vitis_hls/cnn_hls/solution1/.autopilot/db/a.o.1.bc -o /home/dani/Desktop/SDU_Master/EmbeddedSystems/final_assignment/vitis_hls/cnn_hls/solution1/.autopilot/db/a.o.1.tmp.bc -f 
INFO: [XFORM 203-510] Pipelining loop 'VITIS_LOOP_38_1' (cnn.cpp:38) in function 'cnn_predict' automatically.
INFO: [XFORM 203-510] Pipelining loop 'VITIS_LOOP_78_3' (cnn.cpp:78) in function 'cnn_predict' automatically.
INFO: [XFORM 203-510] Pipelining loop 'VITIS_LOOP_105_8' (cnn.cpp:106) in function 'cnn_predict' automatically.
INFO: [XFORM 203-510] Pipelining loop 'VITIS_LOOP_123_13' (cnn.cpp:123) in function 'cnn_predict' automatically.
INFO: [XFORM 203-510] Pipelining loop 'VITIS_LOOP_149_19' (cnn.cpp:150) in function 'cnn_predict' automatically.
INFO: [XFORM 203-510] Pipelining loop 'VITIS_LOOP_169_24' (cnn.cpp:165) in function 'cnn_predict' automatically.
INFO: [XFORM 203-510] Pipelining loop 'VITIS_LOOP_180_26' (cnn.cpp:179) in function 'cnn_predict' automatically.
INFO: [XFORM 203-510] Pipelining loop 'VITIS_LOOP_192_27' (cnn.cpp:193) in function 'cnn_predict' automatically.
INFO: [XFORM 203-502] Unrolling all sub-loops inside loop 'VITIS_LOOP_78_3' (cnn.cpp:78) in function 'cnn_predict' for pipelining.
INFO: [XFORM 203-502] Unrolling all sub-loops inside loop 'VITIS_LOOP_105_8' (cnn.cpp:106) in function 'cnn_predict' for pipelining.
INFO: [XFORM 203-502] Unrolling all sub-loops inside loop 'VITIS_LOOP_123_13' (cnn.cpp:123) in function 'cnn_predict' for pipelining.
INFO: [XFORM 203-502] Unrolling all sub-loops inside loop 'VITIS_LOOP_149_19' (cnn.cpp:150) in function 'cnn_predict' for pipelining.
INFO: [HLS 200-489] Unrolling loop 'VITIS_LOOP_83_4' (cnn.cpp:83) in function 'cnn_predict' completely with a factor of 3.
INFO: [HLS 200-489] Unrolling loop 'VITIS_LOOP_84_5' (cnn.cpp:84) in function 'cnn_predict' completely with a factor of 3.
INFO: [HLS 200-489] Unrolling loop 'VITIS_LOOP_107_9' (cnn.cpp:107) in function 'cnn_predict' completely with a factor of 2.
INFO: [HLS 200-489] Unrolling loop 'VITIS_LOOP_108_10' (cnn.cpp:108) in function 'cnn_predict' completely with a factor of 2.
INFO: [HLS 200-489] Unrolling loop 'VITIS_LOOP_126_14' (cnn.cpp:126) in function 'cnn_predict' completely with a factor of 3.
INFO: [HLS 200-489] Unrolling loop 'VITIS_LOOP_127_15' (cnn.cpp:127) in function 'cnn_predict' completely with a factor of 3.
INFO: [HLS 200-489] Unrolling loop 'VITIS_LOOP_129_16' (cnn.cpp:129) in function 'cnn_predict' completely with a factor of 4.
INFO: [HLS 200-489] Unrolling loop 'VITIS_LOOP_151_20' (cnn.cpp:151) in function 'cnn_predict' completely with a factor of 2.
INFO: [HLS 200-489] Unrolling loop 'VITIS_LOOP_152_21' (cnn.cpp:152) in function 'cnn_predict' completely with a factor of 2.
INFO: [XFORM 203-102] Automatically partitioning small array 'conv1_b' completely based on array size.
INFO: [XFORM 203-101] Partitioning array 'conv1_b' in dimension 1 completely.
Command         transform done; 0.92 sec.
INFO-FLOW: Presyn 2...
Execute         transform -hls -keep-callgraph -scalarrepl -mem2reg -port-alignment -attach-range -dce -pipe-mux-gen -indvars -loop-bound -inst-simplify -instcombine -dce -merge-array-access -mem2reg -dce -clean-region -mergereturn -if-conv -instcombine -dce -constprop -basicaa -aggr-aa -aggrmodref-aa -aggr-aa -gvn -gvn -basicaa -aggr-aa -aggrmodref-aa -aggr-aa -dse -adse -adce -scalarrepl -mem2reg -global-constprop -deadargelim -deadargelim -instcombine -dce -simplifycfg -ptrArgReplace -mem2reg -function-inline -globaldce -mem2reg -instcombine -dce -expr-balance -instcombine -dce -bitwidthmin2 -bitwidthmin2 -interface-preproc -directive-preproc -inst-rectify -instcombine -dce -functionattrs -constprop -instcombine -bit-constprop -simplify-global-access -globalopt -globaldce -inst-simplify -instcombine -elimdeaddata -dce -loop-delete -simplifycfg -loop-simplify -barrier -norm-name /home/dani/Desktop/SDU_Master/EmbeddedSystems/final_assignment/vitis_hls/cnn_hls/solution1/.autopilot/db/a.o.1.tmp.bc -o /home/dani/Desktop/SDU_Master/EmbeddedSystems/final_assignment/vitis_hls/cnn_hls/solution1/.autopilot/db/a.o.2.bc -f -phase presyn 
INFO: [XFORM 203-603] Inlining function 'aesl_mux_load.4floatP0A.i2' into 'cnn_predict'.
INFO: [HLS 200-111] Finished Loop, function and other optimizations: CPU user time: 0.96 seconds. CPU system time: 0.01 seconds. Elapsed time: 0.98 seconds; current allocated memory: 321.801 MB.
INFO-FLOW: Building ssdm...
Execute         transform -hls -auto-function-inline -globaldce -ptrArgReplace -mem2reg -dce -reset-lda -loop-simplify -indvars -aggr-aa -licm -loop-dep -loop-bound -licm -loop-simplify -loop-sink-hoist -flattenloopnest -array-flatten -gvn -instcombine -dce -array-map -dce -func-legal -gvn -adce -instcombine -cfgopt -simplifycfg -loop-simplify -array-burst -promote-global-argument -dce -array-seg-normalize -basicaa -aggrmodref-aa -globalsmodref-aa -aggr-aa -gvn -gvn -basicaa -aggrmodref-aa -globalsmodref-aa -aggr-aa -dse -adse -adce -licm -inst-simplify -dce -globaldce -instcombine -array-stream -eliminate-keepreads -instcombine -dce -deadargelim -doublePtrSimplify -doublePtrElim -dce -doublePtrSimplify -promote-dbg-pointer -dce -scalarrepl -mem2reg -norm-name -mem2reg -instcombine -dse -adse -adce -ptrLegalization -dce -auto-rom-infer -array-flatten -dce -instcombine -check-doubleptr -loop-rot -constprop -cfgopt -simplifycfg -loop-simplify -indvars -pointer-simplify -dce -loop-bound -loop-simplify -loop-preproc -constprop -global-constprop -gvn -mem2reg -instcombine -dce -loop-bound -loop-merge -dce -deadargelim -dce -canonicalize-dataflow -dce -deadargelim -globaldce -mem2reg -bram-byte-enable -load-elim -read-loop-dep -loop-simplify -loop-extract-inner -directive-preproc -bitwidthmin2 -bitwidthmin2 -read-loop-dep -interface-preproc -directive-preproc -interface-gen -bram-byte-enable-spec-prop -deadargelim -inst-simplify -dce -gvn -mem2reg -instcombine -dce -adse -loop-bound -instcombine -cfgopt -simplifycfg -loop-simplify -clean-region -io-protocol -find-region -mem2reg -bitop-raise -complex-op-raise -inst-simplify -inst-rectify -instcombine -adce -deadargelim -float-op-raise -loop-simplify -phi-opt -bitop-raise -cfgopt -simplifycfg -strip-dead-prototypes -interface-lower -bitop-lower -intrinsic-lower -auto-function-inline -basicaa -aggrmodref-aa -globalsmodref-aa -aggr-aa -inst-simplify -simplifycfg -loop-simplify -mergereturn -inst-simplify -inst-rectify -dce -load-elim -bitop-lower -float-op-raise -fma-raise -loop-rewind -pointer-simplify -dce -cfgopt -dce -loop-bound -loop-dep -read-loop-dep -dce -dyn-mem-reuse -dce -recurrence-min -dce -share-scalar-alloca -deadargelim -dce -check-stream -norm-name -legalize -validate-dataflow -inst-clarity -bitwidth -dump-loop-dep-to-ir -check-all-ssdm -cdfg-build /home/dani/Desktop/SDU_Master/EmbeddedSystems/final_assignment/vitis_hls/cnn_hls/solution1/.autopilot/db/a.o.2.bc -o /home/dani/Desktop/SDU_Master/EmbeddedSystems/final_assignment/vitis_hls/cnn_hls/solution1/.autopilot/db/a.o.3.bc -f -phase build-ssdm 
INFO: [XFORM 203-541] Flattening a loop nest 'VITIS_LOOP_77_2' (cnn.cpp:77:34) in function 'cnn_predict'.
WARNING: [HLS 200-960] Cannot flatten loop 'VITIS_LOOP_76_1' (cnn.cpp:76:30) in function 'cnn_predict' the outer loop is not a perfect loop.
INFO: [XFORM 203-541] Flattening a loop nest 'VITIS_LOOP_104_7' (cnn.cpp:104:35) in function 'cnn_predict'.
INFO: [XFORM 203-541] Flattening a loop nest 'VITIS_LOOP_103_6' (cnn.cpp:103:31) in function 'cnn_predict'.
INFO: [XFORM 203-541] Flattening a loop nest 'VITIS_LOOP_122_12' (cnn.cpp:122:36) in function 'cnn_predict'.
INFO: [XFORM 203-541] Flattening a loop nest 'VITIS_LOOP_121_11' (cnn.cpp:121:32) in function 'cnn_predict'.
INFO: [XFORM 203-541] Flattening a loop nest 'VITIS_LOOP_148_18' (cnn.cpp:148:36) in function 'cnn_predict'.
INFO: [XFORM 203-541] Flattening a loop nest 'VITIS_LOOP_147_17' (cnn.cpp:147:32) in function 'cnn_predict'.
INFO: [XFORM 203-541] Flattening a loop nest 'VITIS_LOOP_168_23' (cnn.cpp:165:9) in function 'cnn_predict'.
INFO: [XFORM 203-541] Flattening a loop nest 'VITIS_LOOP_167_22' (cnn.cpp:167:32) in function 'cnn_predict'.
WARNING: [HLS 200-960] Cannot flatten loop 'VITIS_LOOP_178_25' (cnn.cpp:178:32) in function 'cnn_predict' the outer loop is not a perfect loop.
INFO: [HLS 200-472] Inferring partial write operation for 'img_read' (cnn.cpp:40:10)
INFO: [HLS 200-472] Inferring partial write operation for 'layer1_conv' (cnn.cpp:95:38)
INFO: [HLS 200-472] Inferring partial write operation for 'layer1_pool' (cnn.cpp:113:38)
INFO: [HLS 200-472] Inferring partial write operation for 'layer2_conv' (cnn.cpp:139:38)
INFO: [HLS 200-472] Inferring partial write operation for 'layer2_pool' (cnn.cpp:157:38)
INFO: [HLS 200-472] Inferring partial write operation for 'flat' (cnn.cpp:170:29)
INFO: [HLS 200-472] Inferring partial write operation for 'dense' (cnn.cpp:185:18)
Command         transform done; 1.48 sec.
INFO: [HLS 200-111] Finished Architecture Synthesis: CPU user time: 1.44 seconds. CPU system time: 0.03 seconds. Elapsed time: 1.48 seconds; current allocated memory: 416.062 MB.
INFO-FLOW: Finish building internal data model.
Command       opt_and_import_c done; 7.53 sec.
Command     elaborate done; 26.53 sec.
Execute     ap_eval exec zip -j /home/dani/Desktop/SDU_Master/EmbeddedSystems/final_assignment/vitis_hls/cnn_hls/solution1/.autopilot/db/dut.hcp $dbDir/a.o.3.bc $dbDir/${topname}.rtl_wrap.cfg.tcl $dbDir/apatb_${topname}.cpp $dbDir/apatb_${topname}_util.cpp $dbDir/apatb_${topname}_ir.ll $dbDir/mapper_${topname}.cpp $dbDir/top-io-fe.xml $dbDir/kernel.internal.xml $workdir/../hls.app 
Execute     autosyn -from_csynth_design=1 
INFO: [HLS 200-10] Starting hardware synthesis ...
INFO-FLOW: Synthesizing C/C++ design ...
INFO: [HLS 200-10] Synthesizing 'cnn_predict' ...
Execute       ap_set_top_model cnn_predict 
Execute       get_model_list cnn_predict -filter all-wo-channel -topdown 
Execute       preproc_iomode -model cnn_predict 
Execute       preproc_iomode -model cnn_predict_Pipeline_VITIS_LOOP_192_27 
Execute       preproc_iomode -model cnn_predict_Pipeline_VITIS_LOOP_180_26 
Execute       preproc_iomode -model cnn_predict_Pipeline_VITIS_LOOP_167_22_VITIS_LOOP_168_23_VITIS_LOOP_169_24 
Execute       preproc_iomode -model cnn_predict_Pipeline_VITIS_LOOP_147_17_VITIS_LOOP_148_18_VITIS_LOOP_149_19 
Execute       preproc_iomode -model cnn_predict_Pipeline_VITIS_LOOP_121_11_VITIS_LOOP_122_12_VITIS_LOOP_123_13 
Execute       preproc_iomode -model cnn_predict_Pipeline_VITIS_LOOP_103_6_VITIS_LOOP_104_7_VITIS_LOOP_105_8 
Execute       preproc_iomode -model cnn_predict_Pipeline_VITIS_LOOP_77_2_VITIS_LOOP_78_3 
Execute       preproc_iomode -model cnn_predict_Pipeline_VITIS_LOOP_38_1 
Execute       get_model_list cnn_predict -filter all-wo-channel 
INFO-FLOW: Model list for configure: cnn_predict_Pipeline_VITIS_LOOP_38_1 cnn_predict_Pipeline_VITIS_LOOP_77_2_VITIS_LOOP_78_3 cnn_predict_Pipeline_VITIS_LOOP_103_6_VITIS_LOOP_104_7_VITIS_LOOP_105_8 cnn_predict_Pipeline_VITIS_LOOP_121_11_VITIS_LOOP_122_12_VITIS_LOOP_123_13 cnn_predict_Pipeline_VITIS_LOOP_147_17_VITIS_LOOP_148_18_VITIS_LOOP_149_19 cnn_predict_Pipeline_VITIS_LOOP_167_22_VITIS_LOOP_168_23_VITIS_LOOP_169_24 cnn_predict_Pipeline_VITIS_LOOP_180_26 cnn_predict_Pipeline_VITIS_LOOP_192_27 cnn_predict
INFO-FLOW: Configuring Module : cnn_predict_Pipeline_VITIS_LOOP_38_1 ...
Execute       set_default_model cnn_predict_Pipeline_VITIS_LOOP_38_1 
Execute       apply_spec_resource_limit cnn_predict_Pipeline_VITIS_LOOP_38_1 
INFO-FLOW: Configuring Module : cnn_predict_Pipeline_VITIS_LOOP_77_2_VITIS_LOOP_78_3 ...
Execute       set_default_model cnn_predict_Pipeline_VITIS_LOOP_77_2_VITIS_LOOP_78_3 
Execute       apply_spec_resource_limit cnn_predict_Pipeline_VITIS_LOOP_77_2_VITIS_LOOP_78_3 
INFO-FLOW: Configuring Module : cnn_predict_Pipeline_VITIS_LOOP_103_6_VITIS_LOOP_104_7_VITIS_LOOP_105_8 ...
Execute       set_default_model cnn_predict_Pipeline_VITIS_LOOP_103_6_VITIS_LOOP_104_7_VITIS_LOOP_105_8 
Execute       apply_spec_resource_limit cnn_predict_Pipeline_VITIS_LOOP_103_6_VITIS_LOOP_104_7_VITIS_LOOP_105_8 
INFO-FLOW: Configuring Module : cnn_predict_Pipeline_VITIS_LOOP_121_11_VITIS_LOOP_122_12_VITIS_LOOP_123_13 ...
Execute       set_default_model cnn_predict_Pipeline_VITIS_LOOP_121_11_VITIS_LOOP_122_12_VITIS_LOOP_123_13 
Execute       apply_spec_resource_limit cnn_predict_Pipeline_VITIS_LOOP_121_11_VITIS_LOOP_122_12_VITIS_LOOP_123_13 
INFO-FLOW: Configuring Module : cnn_predict_Pipeline_VITIS_LOOP_147_17_VITIS_LOOP_148_18_VITIS_LOOP_149_19 ...
Execute       set_default_model cnn_predict_Pipeline_VITIS_LOOP_147_17_VITIS_LOOP_148_18_VITIS_LOOP_149_19 
Execute       apply_spec_resource_limit cnn_predict_Pipeline_VITIS_LOOP_147_17_VITIS_LOOP_148_18_VITIS_LOOP_149_19 
INFO-FLOW: Configuring Module : cnn_predict_Pipeline_VITIS_LOOP_167_22_VITIS_LOOP_168_23_VITIS_LOOP_169_24 ...
Execute       set_default_model cnn_predict_Pipeline_VITIS_LOOP_167_22_VITIS_LOOP_168_23_VITIS_LOOP_169_24 
Execute       apply_spec_resource_limit cnn_predict_Pipeline_VITIS_LOOP_167_22_VITIS_LOOP_168_23_VITIS_LOOP_169_24 
INFO-FLOW: Configuring Module : cnn_predict_Pipeline_VITIS_LOOP_180_26 ...
Execute       set_default_model cnn_predict_Pipeline_VITIS_LOOP_180_26 
Execute       apply_spec_resource_limit cnn_predict_Pipeline_VITIS_LOOP_180_26 
INFO-FLOW: Configuring Module : cnn_predict_Pipeline_VITIS_LOOP_192_27 ...
Execute       set_default_model cnn_predict_Pipeline_VITIS_LOOP_192_27 
Execute       apply_spec_resource_limit cnn_predict_Pipeline_VITIS_LOOP_192_27 
INFO-FLOW: Configuring Module : cnn_predict ...
Execute       set_default_model cnn_predict 
Execute       apply_spec_resource_limit cnn_predict 
INFO-FLOW: Model list for preprocess: cnn_predict_Pipeline_VITIS_LOOP_38_1 cnn_predict_Pipeline_VITIS_LOOP_77_2_VITIS_LOOP_78_3 cnn_predict_Pipeline_VITIS_LOOP_103_6_VITIS_LOOP_104_7_VITIS_LOOP_105_8 cnn_predict_Pipeline_VITIS_LOOP_121_11_VITIS_LOOP_122_12_VITIS_LOOP_123_13 cnn_predict_Pipeline_VITIS_LOOP_147_17_VITIS_LOOP_148_18_VITIS_LOOP_149_19 cnn_predict_Pipeline_VITIS_LOOP_167_22_VITIS_LOOP_168_23_VITIS_LOOP_169_24 cnn_predict_Pipeline_VITIS_LOOP_180_26 cnn_predict_Pipeline_VITIS_LOOP_192_27 cnn_predict
INFO-FLOW: Preprocessing Module: cnn_predict_Pipeline_VITIS_LOOP_38_1 ...
Execute       set_default_model cnn_predict_Pipeline_VITIS_LOOP_38_1 
Execute       cdfg_preprocess -model cnn_predict_Pipeline_VITIS_LOOP_38_1 
Execute       rtl_gen_preprocess cnn_predict_Pipeline_VITIS_LOOP_38_1 
INFO-FLOW: Preprocessing Module: cnn_predict_Pipeline_VITIS_LOOP_77_2_VITIS_LOOP_78_3 ...
Execute       set_default_model cnn_predict_Pipeline_VITIS_LOOP_77_2_VITIS_LOOP_78_3 
Execute       cdfg_preprocess -model cnn_predict_Pipeline_VITIS_LOOP_77_2_VITIS_LOOP_78_3 
Execute       rtl_gen_preprocess cnn_predict_Pipeline_VITIS_LOOP_77_2_VITIS_LOOP_78_3 
INFO-FLOW: Preprocessing Module: cnn_predict_Pipeline_VITIS_LOOP_103_6_VITIS_LOOP_104_7_VITIS_LOOP_105_8 ...
Execute       set_default_model cnn_predict_Pipeline_VITIS_LOOP_103_6_VITIS_LOOP_104_7_VITIS_LOOP_105_8 
Execute       cdfg_preprocess -model cnn_predict_Pipeline_VITIS_LOOP_103_6_VITIS_LOOP_104_7_VITIS_LOOP_105_8 
Execute       rtl_gen_preprocess cnn_predict_Pipeline_VITIS_LOOP_103_6_VITIS_LOOP_104_7_VITIS_LOOP_105_8 
INFO-FLOW: Preprocessing Module: cnn_predict_Pipeline_VITIS_LOOP_121_11_VITIS_LOOP_122_12_VITIS_LOOP_123_13 ...
Execute       set_default_model cnn_predict_Pipeline_VITIS_LOOP_121_11_VITIS_LOOP_122_12_VITIS_LOOP_123_13 
Execute       cdfg_preprocess -model cnn_predict_Pipeline_VITIS_LOOP_121_11_VITIS_LOOP_122_12_VITIS_LOOP_123_13 
Execute       rtl_gen_preprocess cnn_predict_Pipeline_VITIS_LOOP_121_11_VITIS_LOOP_122_12_VITIS_LOOP_123_13 
INFO-FLOW: Preprocessing Module: cnn_predict_Pipeline_VITIS_LOOP_147_17_VITIS_LOOP_148_18_VITIS_LOOP_149_19 ...
Execute       set_default_model cnn_predict_Pipeline_VITIS_LOOP_147_17_VITIS_LOOP_148_18_VITIS_LOOP_149_19 
Execute       cdfg_preprocess -model cnn_predict_Pipeline_VITIS_LOOP_147_17_VITIS_LOOP_148_18_VITIS_LOOP_149_19 
Execute       rtl_gen_preprocess cnn_predict_Pipeline_VITIS_LOOP_147_17_VITIS_LOOP_148_18_VITIS_LOOP_149_19 
INFO-FLOW: Preprocessing Module: cnn_predict_Pipeline_VITIS_LOOP_167_22_VITIS_LOOP_168_23_VITIS_LOOP_169_24 ...
Execute       set_default_model cnn_predict_Pipeline_VITIS_LOOP_167_22_VITIS_LOOP_168_23_VITIS_LOOP_169_24 
Execute       cdfg_preprocess -model cnn_predict_Pipeline_VITIS_LOOP_167_22_VITIS_LOOP_168_23_VITIS_LOOP_169_24 
Execute       rtl_gen_preprocess cnn_predict_Pipeline_VITIS_LOOP_167_22_VITIS_LOOP_168_23_VITIS_LOOP_169_24 
INFO-FLOW: Preprocessing Module: cnn_predict_Pipeline_VITIS_LOOP_180_26 ...
Execute       set_default_model cnn_predict_Pipeline_VITIS_LOOP_180_26 
Execute       cdfg_preprocess -model cnn_predict_Pipeline_VITIS_LOOP_180_26 
Execute       rtl_gen_preprocess cnn_predict_Pipeline_VITIS_LOOP_180_26 
INFO-FLOW: Preprocessing Module: cnn_predict_Pipeline_VITIS_LOOP_192_27 ...
Execute       set_default_model cnn_predict_Pipeline_VITIS_LOOP_192_27 
Execute       cdfg_preprocess -model cnn_predict_Pipeline_VITIS_LOOP_192_27 
Execute       rtl_gen_preprocess cnn_predict_Pipeline_VITIS_LOOP_192_27 
INFO-FLOW: Preprocessing Module: cnn_predict ...
Execute       set_default_model cnn_predict 
Execute       cdfg_preprocess -model cnn_predict 
Execute       rtl_gen_preprocess cnn_predict 
INFO-FLOW: Model list for synthesis: cnn_predict_Pipeline_VITIS_LOOP_38_1 cnn_predict_Pipeline_VITIS_LOOP_77_2_VITIS_LOOP_78_3 cnn_predict_Pipeline_VITIS_LOOP_103_6_VITIS_LOOP_104_7_VITIS_LOOP_105_8 cnn_predict_Pipeline_VITIS_LOOP_121_11_VITIS_LOOP_122_12_VITIS_LOOP_123_13 cnn_predict_Pipeline_VITIS_LOOP_147_17_VITIS_LOOP_148_18_VITIS_LOOP_149_19 cnn_predict_Pipeline_VITIS_LOOP_167_22_VITIS_LOOP_168_23_VITIS_LOOP_169_24 cnn_predict_Pipeline_VITIS_LOOP_180_26 cnn_predict_Pipeline_VITIS_LOOP_192_27 cnn_predict
INFO: [HLS 200-10] ----------------------------------------------------------------
INFO: [HLS 200-42] -- Implementing module 'cnn_predict_Pipeline_VITIS_LOOP_38_1' 
INFO: [HLS 200-10] ----------------------------------------------------------------
Execute       set_default_model cnn_predict_Pipeline_VITIS_LOOP_38_1 
Execute       schedule -model cnn_predict_Pipeline_VITIS_LOOP_38_1 
INFO: [SCHED 204-11] Starting scheduling ...
INFO: [SCHED 204-61] Pipelining loop 'VITIS_LOOP_38_1'.
WARNING: [HLS 200-880] The II Violation in module 'cnn_predict_Pipeline_VITIS_LOOP_38_1' (loop 'VITIS_LOOP_38_1'): Unable to enforce a carried dependence constraint (II = 1, distance = 1, offset = 1) between bus read operation ('gmem_addr_read_15', cnn.cpp:40) on port 'gmem' (cnn.cpp:40) and bus read operation ('gmem_addr_read', cnn.cpp:40) on port 'gmem' (cnn.cpp:40).
WARNING: [HLS 200-880] The II Violation in module 'cnn_predict_Pipeline_VITIS_LOOP_38_1' (loop 'VITIS_LOOP_38_1'): Unable to enforce a carried dependence constraint (II = 2, distance = 1, offset = 1) between bus read operation ('gmem_addr_read_15', cnn.cpp:40) on port 'gmem' (cnn.cpp:40) and bus read operation ('gmem_addr_read', cnn.cpp:40) on port 'gmem' (cnn.cpp:40).
WARNING: [HLS 200-880] The II Violation in module 'cnn_predict_Pipeline_VITIS_LOOP_38_1' (loop 'VITIS_LOOP_38_1'): Unable to enforce a carried dependence constraint (II = 3, distance = 1, offset = 1) between bus read operation ('gmem_addr_read_15', cnn.cpp:40) on port 'gmem' (cnn.cpp:40) and bus read operation ('gmem_addr_read', cnn.cpp:40) on port 'gmem' (cnn.cpp:40).
WARNING: [HLS 200-880] The II Violation in module 'cnn_predict_Pipeline_VITIS_LOOP_38_1' (loop 'VITIS_LOOP_38_1'): Unable to enforce a carried dependence constraint (II = 4, distance = 1, offset = 1) between bus read operation ('gmem_addr_read_15', cnn.cpp:40) on port 'gmem' (cnn.cpp:40) and bus read operation ('gmem_addr_read', cnn.cpp:40) on port 'gmem' (cnn.cpp:40).
WARNING: [HLS 200-880] The II Violation in module 'cnn_predict_Pipeline_VITIS_LOOP_38_1' (loop 'VITIS_LOOP_38_1'): Unable to enforce a carried dependence constraint (II = 11, distance = 1, offset = 1) between bus read operation ('gmem_addr_read_15', cnn.cpp:40) on port 'gmem' (cnn.cpp:40) and bus read operation ('gmem_addr_read', cnn.cpp:40) on port 'gmem' (cnn.cpp:40).
WARNING: [HLS 200-880] The II Violation in module 'cnn_predict_Pipeline_VITIS_LOOP_38_1' (loop 'VITIS_LOOP_38_1'): Unable to enforce a carried dependence constraint (II = 15, distance = 1, offset = 1) between bus read operation ('gmem_addr_read_15', cnn.cpp:40) on port 'gmem' (cnn.cpp:40) and bus read operation ('gmem_addr_read', cnn.cpp:40) on port 'gmem' (cnn.cpp:40).
INFO: [HLS 200-1470] Pipelining result : Target II = NA, Final II = 16, Depth = 18, loop 'VITIS_LOOP_38_1'
INFO: [SCHED 204-11] Finished scheduling.
INFO: [HLS 200-111] Finished Scheduling: CPU user time: 0.09 seconds. CPU system time: 0.03 seconds. Elapsed time: 0.11 seconds; current allocated memory: 417.113 MB.
Execute       syn_report -verbosereport -o /home/dani/Desktop/SDU_Master/EmbeddedSystems/final_assignment/vitis_hls/cnn_hls/solution1/.autopilot/db/cnn_predict_Pipeline_VITIS_LOOP_38_1.verbose.sched.rpt 
Execute         AP::get_flow_target_display_name
Execute       db_write -o /home/dani/Desktop/SDU_Master/EmbeddedSystems/final_assignment/vitis_hls/cnn_hls/solution1/.autopilot/db/cnn_predict_Pipeline_VITIS_LOOP_38_1.sched.adb -f 
INFO-FLOW: Finish scheduling cnn_predict_Pipeline_VITIS_LOOP_38_1.
Execute       set_default_model cnn_predict_Pipeline_VITIS_LOOP_38_1 
Execute       bind -model cnn_predict_Pipeline_VITIS_LOOP_38_1 
INFO: [BIND 205-100] Starting micro-architecture generation ...
INFO: [BIND 205-101] Performing variable lifetime analysis.
INFO: [BIND 205-101] Exploring resource sharing.
INFO: [BIND 205-101] Binding ...
INFO: [BIND 205-100] Finished micro-architecture generation.
INFO: [HLS 200-111] Finished Binding: CPU user time: 0.06 seconds. CPU system time: 0 seconds. Elapsed time: 0.06 seconds; current allocated memory: 417.113 MB.
Execute       syn_report -verbosereport -o /home/dani/Desktop/SDU_Master/EmbeddedSystems/final_assignment/vitis_hls/cnn_hls/solution1/.autopilot/db/cnn_predict_Pipeline_VITIS_LOOP_38_1.verbose.bind.rpt 
Execute         AP::get_flow_target_display_name
Execute       db_write -o /home/dani/Desktop/SDU_Master/EmbeddedSystems/final_assignment/vitis_hls/cnn_hls/solution1/.autopilot/db/cnn_predict_Pipeline_VITIS_LOOP_38_1.bind.adb -f 
INFO-FLOW: Finish binding cnn_predict_Pipeline_VITIS_LOOP_38_1.
INFO: [HLS 200-10] ----------------------------------------------------------------
INFO: [HLS 200-42] -- Implementing module 'cnn_predict_Pipeline_VITIS_LOOP_77_2_VITIS_LOOP_78_3' 
INFO: [HLS 200-10] ----------------------------------------------------------------
Execute       set_default_model cnn_predict_Pipeline_VITIS_LOOP_77_2_VITIS_LOOP_78_3 
Execute       schedule -model cnn_predict_Pipeline_VITIS_LOOP_77_2_VITIS_LOOP_78_3 
INFO: [SCHED 204-11] Starting scheduling ...
INFO: [HLS 200-1457] Automatically inferring inferring RAM_1WNR storage type for array 'layer1_conv'. Use bind_storage pragma to override this type.
INFO: [SCHED 204-61] Pipelining loop 'VITIS_LOOP_77_2_VITIS_LOOP_78_3'.
WARNING: [HLS 200-885] The II Violation in module 'cnn_predict_Pipeline_VITIS_LOOP_77_2_VITIS_LOOP_78_3' (loop 'VITIS_LOOP_77_2_VITIS_LOOP_78_3'): Unable to schedule 'load' operation ('img_read_load_1', cnn.cpp:92) on array 'img_read' due to limited memory ports (II = 1). Please consider using a memory core with more ports or partitioning the array 'img_read'.
WARNING: [HLS 200-885] The II Violation in module 'cnn_predict_Pipeline_VITIS_LOOP_77_2_VITIS_LOOP_78_3' (loop 'VITIS_LOOP_77_2_VITIS_LOOP_78_3'): Unable to schedule 'load' operation ('img_read_load_3', cnn.cpp:92) on array 'img_read' due to limited memory ports (II = 2). Please consider using a memory core with more ports or partitioning the array 'img_read'.
WARNING: [HLS 200-885] The II Violation in module 'cnn_predict_Pipeline_VITIS_LOOP_77_2_VITIS_LOOP_78_3' (loop 'VITIS_LOOP_77_2_VITIS_LOOP_78_3'): Unable to schedule 'load' operation ('img_read_load_5', cnn.cpp:92) on array 'img_read' due to limited memory ports (II = 3). Please consider using a memory core with more ports or partitioning the array 'img_read'.
WARNING: [HLS 200-885] The II Violation in module 'cnn_predict_Pipeline_VITIS_LOOP_77_2_VITIS_LOOP_78_3' (loop 'VITIS_LOOP_77_2_VITIS_LOOP_78_3'): Unable to schedule 'load' operation ('img_read_load_7', cnn.cpp:92) on array 'img_read' due to limited memory ports (II = 4). Please consider using a memory core with more ports or partitioning the array 'img_read'.
INFO: [HLS 200-1470] Pipelining result : Target II = NA, Final II = 5, Depth = 56, loop 'VITIS_LOOP_77_2_VITIS_LOOP_78_3'
INFO: [SCHED 204-11] Finished scheduling.
Command       schedule done; 0.22 sec.
INFO: [HLS 200-111] Finished Scheduling: CPU user time: 0.22 seconds. CPU system time: 0.01 seconds. Elapsed time: 0.24 seconds; current allocated memory: 417.172 MB.
Execute       syn_report -verbosereport -o /home/dani/Desktop/SDU_Master/EmbeddedSystems/final_assignment/vitis_hls/cnn_hls/solution1/.autopilot/db/cnn_predict_Pipeline_VITIS_LOOP_77_2_VITIS_LOOP_78_3.verbose.sched.rpt 
Execute         AP::get_flow_target_display_name
Command       syn_report done; 0.13 sec.
Execute       db_write -o /home/dani/Desktop/SDU_Master/EmbeddedSystems/final_assignment/vitis_hls/cnn_hls/solution1/.autopilot/db/cnn_predict_Pipeline_VITIS_LOOP_77_2_VITIS_LOOP_78_3.sched.adb -f 
INFO-FLOW: Finish scheduling cnn_predict_Pipeline_VITIS_LOOP_77_2_VITIS_LOOP_78_3.
Execute       set_default_model cnn_predict_Pipeline_VITIS_LOOP_77_2_VITIS_LOOP_78_3 
Execute       bind -model cnn_predict_Pipeline_VITIS_LOOP_77_2_VITIS_LOOP_78_3 
INFO: [BIND 205-100] Starting micro-architecture generation ...
INFO: [BIND 205-101] Performing variable lifetime analysis.
INFO: [BIND 205-101] Exploring resource sharing.
INFO: [BIND 205-101] Binding ...
INFO: [BIND 205-100] Finished micro-architecture generation.
INFO: [HLS 200-111] Finished Binding: CPU user time: 0.21 seconds. CPU system time: 0 seconds. Elapsed time: 0.21 seconds; current allocated memory: 417.172 MB.
Execute       syn_report -verbosereport -o /home/dani/Desktop/SDU_Master/EmbeddedSystems/final_assignment/vitis_hls/cnn_hls/solution1/.autopilot/db/cnn_predict_Pipeline_VITIS_LOOP_77_2_VITIS_LOOP_78_3.verbose.bind.rpt 
Execute         AP::get_flow_target_display_name
Command       syn_report done; 0.12 sec.
Execute       db_write -o /home/dani/Desktop/SDU_Master/EmbeddedSystems/final_assignment/vitis_hls/cnn_hls/solution1/.autopilot/db/cnn_predict_Pipeline_VITIS_LOOP_77_2_VITIS_LOOP_78_3.bind.adb -f 
INFO-FLOW: Finish binding cnn_predict_Pipeline_VITIS_LOOP_77_2_VITIS_LOOP_78_3.
INFO: [HLS 200-10] ----------------------------------------------------------------
INFO: [HLS 200-42] -- Implementing module 'cnn_predict_Pipeline_VITIS_LOOP_103_6_VITIS_LOOP_104_7_VITIS_LOOP_105_8' 
INFO: [HLS 200-10] ----------------------------------------------------------------
Execute       set_default_model cnn_predict_Pipeline_VITIS_LOOP_103_6_VITIS_LOOP_104_7_VITIS_LOOP_105_8 
Execute       schedule -model cnn_predict_Pipeline_VITIS_LOOP_103_6_VITIS_LOOP_104_7_VITIS_LOOP_105_8 
INFO: [SCHED 204-11] Starting scheduling ...
INFO: [HLS 200-1457] Automatically inferring inferring RAM_1WNR storage type for array 'layer1_pool'. Use bind_storage pragma to override this type.
INFO: [HLS 200-1457] Automatically inferring inferring RAM_1WNR storage type for array 'layer1_conv'. Use bind_storage pragma to override this type.
INFO: [SCHED 204-61] Pipelining loop 'VITIS_LOOP_103_6_VITIS_LOOP_104_7_VITIS_LOOP_105_8'.
INFO: [HLS 200-1470] Pipelining result : Target II = NA, Final II = 1, Depth = 9, loop 'VITIS_LOOP_103_6_VITIS_LOOP_104_7_VITIS_LOOP_105_8'
INFO: [SCHED 204-11] Finished scheduling.
INFO: [HLS 200-111] Finished Scheduling: CPU user time: 0.2 seconds. CPU system time: 0 seconds. Elapsed time: 0.21 seconds; current allocated memory: 417.621 MB.
Execute       syn_report -verbosereport -o /home/dani/Desktop/SDU_Master/EmbeddedSystems/final_assignment/vitis_hls/cnn_hls/solution1/.autopilot/db/cnn_predict_Pipeline_VITIS_LOOP_103_6_VITIS_LOOP_104_7_VITIS_LOOP_105_8.verbose.sched.rpt 
Execute         AP::get_flow_target_display_name
Execute       db_write -o /home/dani/Desktop/SDU_Master/EmbeddedSystems/final_assignment/vitis_hls/cnn_hls/solution1/.autopilot/db/cnn_predict_Pipeline_VITIS_LOOP_103_6_VITIS_LOOP_104_7_VITIS_LOOP_105_8.sched.adb -f 
INFO-FLOW: Finish scheduling cnn_predict_Pipeline_VITIS_LOOP_103_6_VITIS_LOOP_104_7_VITIS_LOOP_105_8.
Execute       set_default_model cnn_predict_Pipeline_VITIS_LOOP_103_6_VITIS_LOOP_104_7_VITIS_LOOP_105_8 
Execute       bind -model cnn_predict_Pipeline_VITIS_LOOP_103_6_VITIS_LOOP_104_7_VITIS_LOOP_105_8 
INFO: [BIND 205-100] Starting micro-architecture generation ...
INFO: [BIND 205-101] Performing variable lifetime analysis.
INFO: [BIND 205-101] Exploring resource sharing.
INFO: [BIND 205-101] Binding ...
INFO: [BIND 205-100] Finished micro-architecture generation.
INFO: [HLS 200-111] Finished Binding: CPU user time: 0.09 seconds. CPU system time: 0 seconds. Elapsed time: 0.09 seconds; current allocated memory: 417.621 MB.
Execute       syn_report -verbosereport -o /home/dani/Desktop/SDU_Master/EmbeddedSystems/final_assignment/vitis_hls/cnn_hls/solution1/.autopilot/db/cnn_predict_Pipeline_VITIS_LOOP_103_6_VITIS_LOOP_104_7_VITIS_LOOP_105_8.verbose.bind.rpt 
Execute         AP::get_flow_target_display_name
Command       syn_report done; 0.13 sec.
Execute       db_write -o /home/dani/Desktop/SDU_Master/EmbeddedSystems/final_assignment/vitis_hls/cnn_hls/solution1/.autopilot/db/cnn_predict_Pipeline_VITIS_LOOP_103_6_VITIS_LOOP_104_7_VITIS_LOOP_105_8.bind.adb -f 
INFO-FLOW: Finish binding cnn_predict_Pipeline_VITIS_LOOP_103_6_VITIS_LOOP_104_7_VITIS_LOOP_105_8.
INFO: [HLS 200-10] ----------------------------------------------------------------
INFO: [HLS 200-42] -- Implementing module 'cnn_predict_Pipeline_VITIS_LOOP_121_11_VITIS_LOOP_122_12_VITIS_LOOP_123_13' 
INFO: [HLS 200-10] ----------------------------------------------------------------
Execute       set_default_model cnn_predict_Pipeline_VITIS_LOOP_121_11_VITIS_LOOP_122_12_VITIS_LOOP_123_13 
Execute       schedule -model cnn_predict_Pipeline_VITIS_LOOP_121_11_VITIS_LOOP_122_12_VITIS_LOOP_123_13 
INFO: [SCHED 204-11] Starting scheduling ...
INFO: [HLS 200-486] Changing DSP latency (root=mul_ln139) to 3 in order to utilize available DSP registers.
INFO: [HLS 200-1457] Automatically inferring inferring RAM_1WNR storage type for array 'layer2_conv'. Use bind_storage pragma to override this type.
INFO: [HLS 200-1457] Automatically inferring inferring RAM_1WNR storage type for array 'layer1_pool'. Use bind_storage pragma to override this type.
INFO: [SCHED 204-61] Pipelining loop 'VITIS_LOOP_121_11_VITIS_LOOP_122_12_VITIS_LOOP_123_13'.
WARNING: [HLS 200-885] The II Violation in module 'cnn_predict_Pipeline_VITIS_LOOP_121_11_VITIS_LOOP_122_12_VITIS_LOOP_123_13' (loop 'VITIS_LOOP_121_11_VITIS_LOOP_122_12_VITIS_LOOP_123_13'): Unable to schedule 'load' operation ('layer1_pool_load_16', cnn.cpp:135) on array 'layer1_pool' due to limited memory ports (II = 1). Please consider using a memory core with more ports or partitioning the array 'layer1_pool'.
WARNING: [HLS 200-885] The II Violation in module 'cnn_predict_Pipeline_VITIS_LOOP_121_11_VITIS_LOOP_122_12_VITIS_LOOP_123_13' (loop 'VITIS_LOOP_121_11_VITIS_LOOP_122_12_VITIS_LOOP_123_13'): Unable to schedule 'load' operation ('layer1_pool_load_33', cnn.cpp:135) on array 'layer1_pool' due to limited memory ports (II = 2). Please consider using a memory core with more ports or partitioning the array 'layer1_pool'.
INFO: [HLS 200-1470] Pipelining result : Target II = NA, Final II = 3, Depth = 188, loop 'VITIS_LOOP_121_11_VITIS_LOOP_122_12_VITIS_LOOP_123_13'
INFO: [SCHED 204-11] Finished scheduling.
Command       schedule done; 0.73 sec.
INFO: [HLS 200-111] Finished Scheduling: CPU user time: 0.86 seconds. CPU system time: 0.01 seconds. Elapsed time: 0.87 seconds; current allocated memory: 419.047 MB.
Execute       syn_report -verbosereport -o /home/dani/Desktop/SDU_Master/EmbeddedSystems/final_assignment/vitis_hls/cnn_hls/solution1/.autopilot/db/cnn_predict_Pipeline_VITIS_LOOP_121_11_VITIS_LOOP_122_12_VITIS_LOOP_123_13.verbose.sched.rpt 
Execute         AP::get_flow_target_display_name
Command       syn_report done; 0.48 sec.
Execute       db_write -o /home/dani/Desktop/SDU_Master/EmbeddedSystems/final_assignment/vitis_hls/cnn_hls/solution1/.autopilot/db/cnn_predict_Pipeline_VITIS_LOOP_121_11_VITIS_LOOP_122_12_VITIS_LOOP_123_13.sched.adb -f 
INFO-FLOW: Finish scheduling cnn_predict_Pipeline_VITIS_LOOP_121_11_VITIS_LOOP_122_12_VITIS_LOOP_123_13.
Execute       set_default_model cnn_predict_Pipeline_VITIS_LOOP_121_11_VITIS_LOOP_122_12_VITIS_LOOP_123_13 
Execute       bind -model cnn_predict_Pipeline_VITIS_LOOP_121_11_VITIS_LOOP_122_12_VITIS_LOOP_123_13 
INFO: [BIND 205-100] Starting micro-architecture generation ...
INFO: [BIND 205-101] Performing variable lifetime analysis.
INFO: [BIND 205-101] Exploring resource sharing.
INFO: [BIND 205-101] Binding ...
INFO: [BIND 205-100] Finished micro-architecture generation.
Command       bind done; 0.24 sec.
INFO: [HLS 200-111] Finished Binding: CPU user time: 0.73 seconds. CPU system time: 0 seconds. Elapsed time: 0.73 seconds; current allocated memory: 419.047 MB.
Execute       syn_report -verbosereport -o /home/dani/Desktop/SDU_Master/EmbeddedSystems/final_assignment/vitis_hls/cnn_hls/solution1/.autopilot/db/cnn_predict_Pipeline_VITIS_LOOP_121_11_VITIS_LOOP_122_12_VITIS_LOOP_123_13.verbose.bind.rpt 
Execute         AP::get_flow_target_display_name
Command       syn_report done; 0.45 sec.
Execute       db_write -o /home/dani/Desktop/SDU_Master/EmbeddedSystems/final_assignment/vitis_hls/cnn_hls/solution1/.autopilot/db/cnn_predict_Pipeline_VITIS_LOOP_121_11_VITIS_LOOP_122_12_VITIS_LOOP_123_13.bind.adb -f 
INFO-FLOW: Finish binding cnn_predict_Pipeline_VITIS_LOOP_121_11_VITIS_LOOP_122_12_VITIS_LOOP_123_13.
INFO: [HLS 200-10] ----------------------------------------------------------------
INFO: [HLS 200-42] -- Implementing module 'cnn_predict_Pipeline_VITIS_LOOP_147_17_VITIS_LOOP_148_18_VITIS_LOOP_149_19' 
INFO: [HLS 200-10] ----------------------------------------------------------------
Execute       set_default_model cnn_predict_Pipeline_VITIS_LOOP_147_17_VITIS_LOOP_148_18_VITIS_LOOP_149_19 
Execute       schedule -model cnn_predict_Pipeline_VITIS_LOOP_147_17_VITIS_LOOP_148_18_VITIS_LOOP_149_19 
INFO: [SCHED 204-11] Starting scheduling ...
INFO: [HLS 200-1457] Automatically inferring inferring RAM_1WNR storage type for array 'layer2_conv'. Use bind_storage pragma to override this type.
INFO: [SCHED 204-61] Pipelining loop 'VITIS_LOOP_147_17_VITIS_LOOP_148_18_VITIS_LOOP_149_19'.
INFO: [HLS 200-1470] Pipelining result : Target II = NA, Final II = 1, Depth = 9, loop 'VITIS_LOOP_147_17_VITIS_LOOP_148_18_VITIS_LOOP_149_19'
INFO: [SCHED 204-11] Finished scheduling.
INFO: [HLS 200-111] Finished Scheduling: CPU user time: 0.54 seconds. CPU system time: 0.01 seconds. Elapsed time: 0.55 seconds; current allocated memory: 421.344 MB.
Execute       syn_report -verbosereport -o /home/dani/Desktop/SDU_Master/EmbeddedSystems/final_assignment/vitis_hls/cnn_hls/solution1/.autopilot/db/cnn_predict_Pipeline_VITIS_LOOP_147_17_VITIS_LOOP_148_18_VITIS_LOOP_149_19.verbose.sched.rpt 
Execute         AP::get_flow_target_display_name
Execute       db_write -o /home/dani/Desktop/SDU_Master/EmbeddedSystems/final_assignment/vitis_hls/cnn_hls/solution1/.autopilot/db/cnn_predict_Pipeline_VITIS_LOOP_147_17_VITIS_LOOP_148_18_VITIS_LOOP_149_19.sched.adb -f 
INFO-FLOW: Finish scheduling cnn_predict_Pipeline_VITIS_LOOP_147_17_VITIS_LOOP_148_18_VITIS_LOOP_149_19.
Execute       set_default_model cnn_predict_Pipeline_VITIS_LOOP_147_17_VITIS_LOOP_148_18_VITIS_LOOP_149_19 
Execute       bind -model cnn_predict_Pipeline_VITIS_LOOP_147_17_VITIS_LOOP_148_18_VITIS_LOOP_149_19 
INFO: [BIND 205-100] Starting micro-architecture generation ...
INFO: [BIND 205-101] Performing variable lifetime analysis.
INFO: [BIND 205-101] Exploring resource sharing.
INFO: [BIND 205-101] Binding ...
INFO: [BIND 205-100] Finished micro-architecture generation.
INFO: [HLS 200-111] Finished Binding: CPU user time: 0.09 seconds. CPU system time: 0 seconds. Elapsed time: 0.09 seconds; current allocated memory: 421.344 MB.
Execute       syn_report -verbosereport -o /home/dani/Desktop/SDU_Master/EmbeddedSystems/final_assignment/vitis_hls/cnn_hls/solution1/.autopilot/db/cnn_predict_Pipeline_VITIS_LOOP_147_17_VITIS_LOOP_148_18_VITIS_LOOP_149_19.verbose.bind.rpt 
Execute         AP::get_flow_target_display_name
Command       syn_report done; 0.13 sec.
Execute       db_write -o /home/dani/Desktop/SDU_Master/EmbeddedSystems/final_assignment/vitis_hls/cnn_hls/solution1/.autopilot/db/cnn_predict_Pipeline_VITIS_LOOP_147_17_VITIS_LOOP_148_18_VITIS_LOOP_149_19.bind.adb -f 
INFO-FLOW: Finish binding cnn_predict_Pipeline_VITIS_LOOP_147_17_VITIS_LOOP_148_18_VITIS_LOOP_149_19.
INFO: [HLS 200-10] ----------------------------------------------------------------
INFO: [HLS 200-42] -- Implementing module 'cnn_predict_Pipeline_VITIS_LOOP_167_22_VITIS_LOOP_168_23_VITIS_LOOP_169_24' 
INFO: [HLS 200-10] ----------------------------------------------------------------
Execute       set_default_model cnn_predict_Pipeline_VITIS_LOOP_167_22_VITIS_LOOP_168_23_VITIS_LOOP_169_24 
Execute       schedule -model cnn_predict_Pipeline_VITIS_LOOP_167_22_VITIS_LOOP_168_23_VITIS_LOOP_169_24 
INFO: [SCHED 204-11] Starting scheduling ...
INFO: [SCHED 204-61] Pipelining loop 'VITIS_LOOP_167_22_VITIS_LOOP_168_23_VITIS_LOOP_169_24'.
INFO: [HLS 200-1470] Pipelining result : Target II = NA, Final II = 1, Depth = 2, loop 'VITIS_LOOP_167_22_VITIS_LOOP_168_23_VITIS_LOOP_169_24'
INFO: [SCHED 204-11] Finished scheduling.
INFO: [HLS 200-111] Finished Scheduling: CPU user time: 0.17 seconds. CPU system time: 0 seconds. Elapsed time: 0.18 seconds; current allocated memory: 421.652 MB.
Execute       syn_report -verbosereport -o /home/dani/Desktop/SDU_Master/EmbeddedSystems/final_assignment/vitis_hls/cnn_hls/solution1/.autopilot/db/cnn_predict_Pipeline_VITIS_LOOP_167_22_VITIS_LOOP_168_23_VITIS_LOOP_169_24.verbose.sched.rpt 
Execute         AP::get_flow_target_display_name
Execute       db_write -o /home/dani/Desktop/SDU_Master/EmbeddedSystems/final_assignment/vitis_hls/cnn_hls/solution1/.autopilot/db/cnn_predict_Pipeline_VITIS_LOOP_167_22_VITIS_LOOP_168_23_VITIS_LOOP_169_24.sched.adb -f 
INFO-FLOW: Finish scheduling cnn_predict_Pipeline_VITIS_LOOP_167_22_VITIS_LOOP_168_23_VITIS_LOOP_169_24.
Execute       set_default_model cnn_predict_Pipeline_VITIS_LOOP_167_22_VITIS_LOOP_168_23_VITIS_LOOP_169_24 
Execute       bind -model cnn_predict_Pipeline_VITIS_LOOP_167_22_VITIS_LOOP_168_23_VITIS_LOOP_169_24 
INFO: [BIND 205-100] Starting micro-architecture generation ...
INFO: [BIND 205-101] Performing variable lifetime analysis.
INFO: [BIND 205-101] Exploring resource sharing.
INFO: [BIND 205-101] Binding ...
INFO: [BIND 205-100] Finished micro-architecture generation.
INFO: [HLS 200-111] Finished Binding: CPU user time: 0.03 seconds. CPU system time: 0 seconds. Elapsed time: 0.03 seconds; current allocated memory: 421.652 MB.
Execute       syn_report -verbosereport -o /home/dani/Desktop/SDU_Master/EmbeddedSystems/final_assignment/vitis_hls/cnn_hls/solution1/.autopilot/db/cnn_predict_Pipeline_VITIS_LOOP_167_22_VITIS_LOOP_168_23_VITIS_LOOP_169_24.verbose.bind.rpt 
Execute         AP::get_flow_target_display_name
Execute       db_write -o /home/dani/Desktop/SDU_Master/EmbeddedSystems/final_assignment/vitis_hls/cnn_hls/solution1/.autopilot/db/cnn_predict_Pipeline_VITIS_LOOP_167_22_VITIS_LOOP_168_23_VITIS_LOOP_169_24.bind.adb -f 
INFO-FLOW: Finish binding cnn_predict_Pipeline_VITIS_LOOP_167_22_VITIS_LOOP_168_23_VITIS_LOOP_169_24.
INFO: [HLS 200-10] ----------------------------------------------------------------
INFO: [HLS 200-42] -- Implementing module 'cnn_predict_Pipeline_VITIS_LOOP_180_26' 
INFO: [HLS 200-10] ----------------------------------------------------------------
Execute       set_default_model cnn_predict_Pipeline_VITIS_LOOP_180_26 
Execute       schedule -model cnn_predict_Pipeline_VITIS_LOOP_180_26 
INFO: [SCHED 204-11] Starting scheduling ...
INFO: [SCHED 204-61] Pipelining loop 'VITIS_LOOP_180_26'.
WARNING: [HLS 200-880] The II Violation in module 'cnn_predict_Pipeline_VITIS_LOOP_180_26' (loop 'VITIS_LOOP_180_26'): Unable to enforce a carried dependence constraint (II = 1, distance = 1, offset = 0) between 'store' operation ('sum_write_ln183', cnn.cpp:183) of variable 'sum', cnn.cpp:183 on local variable 'sum' and 'load' operation ('sum_load', cnn.cpp:183) on local variable 'sum'.
WARNING: [HLS 200-880] The II Violation in module 'cnn_predict_Pipeline_VITIS_LOOP_180_26' (loop 'VITIS_LOOP_180_26'): Unable to enforce a carried dependence constraint (II = 2, distance = 1, offset = 0) between 'store' operation ('sum_write_ln183', cnn.cpp:183) of variable 'sum', cnn.cpp:183 on local variable 'sum' and 'load' operation ('sum_load', cnn.cpp:183) on local variable 'sum'.
WARNING: [HLS 200-880] The II Violation in module 'cnn_predict_Pipeline_VITIS_LOOP_180_26' (loop 'VITIS_LOOP_180_26'): Unable to enforce a carried dependence constraint (II = 3, distance = 1, offset = 0) between 'store' operation ('sum_write_ln183', cnn.cpp:183) of variable 'sum', cnn.cpp:183 on local variable 'sum' and 'load' operation ('sum_load', cnn.cpp:183) on local variable 'sum'.
INFO: [HLS 200-1470] Pipelining result : Target II = NA, Final II = 4, Depth = 12, loop 'VITIS_LOOP_180_26'
INFO: [SCHED 204-11] Finished scheduling.
INFO: [HLS 200-111] Finished Scheduling: CPU user time: 0.1 seconds. CPU system time: 0 seconds. Elapsed time: 0.11 seconds; current allocated memory: 422.262 MB.
Execute       syn_report -verbosereport -o /home/dani/Desktop/SDU_Master/EmbeddedSystems/final_assignment/vitis_hls/cnn_hls/solution1/.autopilot/db/cnn_predict_Pipeline_VITIS_LOOP_180_26.verbose.sched.rpt 
Execute         AP::get_flow_target_display_name
Execute       db_write -o /home/dani/Desktop/SDU_Master/EmbeddedSystems/final_assignment/vitis_hls/cnn_hls/solution1/.autopilot/db/cnn_predict_Pipeline_VITIS_LOOP_180_26.sched.adb -f 
INFO-FLOW: Finish scheduling cnn_predict_Pipeline_VITIS_LOOP_180_26.
Execute       set_default_model cnn_predict_Pipeline_VITIS_LOOP_180_26 
Execute       bind -model cnn_predict_Pipeline_VITIS_LOOP_180_26 
INFO: [BIND 205-100] Starting micro-architecture generation ...
INFO: [BIND 205-101] Performing variable lifetime analysis.
INFO: [BIND 205-101] Exploring resource sharing.
INFO: [BIND 205-101] Binding ...
INFO: [BIND 205-100] Finished micro-architecture generation.
INFO: [HLS 200-111] Finished Binding: CPU user time: 0.05 seconds. CPU system time: 0 seconds. Elapsed time: 0.05 seconds; current allocated memory: 422.262 MB.
Execute       syn_report -verbosereport -o /home/dani/Desktop/SDU_Master/EmbeddedSystems/final_assignment/vitis_hls/cnn_hls/solution1/.autopilot/db/cnn_predict_Pipeline_VITIS_LOOP_180_26.verbose.bind.rpt 
Execute         AP::get_flow_target_display_name
Execute       db_write -o /home/dani/Desktop/SDU_Master/EmbeddedSystems/final_assignment/vitis_hls/cnn_hls/solution1/.autopilot/db/cnn_predict_Pipeline_VITIS_LOOP_180_26.bind.adb -f 
INFO-FLOW: Finish binding cnn_predict_Pipeline_VITIS_LOOP_180_26.
INFO: [HLS 200-10] ----------------------------------------------------------------
INFO: [HLS 200-42] -- Implementing module 'cnn_predict_Pipeline_VITIS_LOOP_192_27' 
INFO: [HLS 200-10] ----------------------------------------------------------------
Execute       set_default_model cnn_predict_Pipeline_VITIS_LOOP_192_27 
Execute       schedule -model cnn_predict_Pipeline_VITIS_LOOP_192_27 
INFO: [SCHED 204-11] Starting scheduling ...
INFO: [SCHED 204-61] Pipelining loop 'VITIS_LOOP_192_27'.
WARNING: [HLS 200-880] The II Violation in module 'cnn_predict_Pipeline_VITIS_LOOP_192_27' (loop 'VITIS_LOOP_192_27'): Unable to enforce a carried dependence constraint (II = 1, distance = 1, offset = 0) between 'store' operation ('final_sum_write_ln192', cnn.cpp:192) of variable 'final_sum', cnn.cpp:194 on local variable 'final_sum' and 'load' operation ('final_sum_load', cnn.cpp:194) on local variable 'final_sum'.
WARNING: [HLS 200-880] The II Violation in module 'cnn_predict_Pipeline_VITIS_LOOP_192_27' (loop 'VITIS_LOOP_192_27'): Unable to enforce a carried dependence constraint (II = 2, distance = 1, offset = 0) between 'store' operation ('final_sum_write_ln192', cnn.cpp:192) of variable 'final_sum', cnn.cpp:194 on local variable 'final_sum' and 'load' operation ('final_sum_load', cnn.cpp:194) on local variable 'final_sum'.
WARNING: [HLS 200-880] The II Violation in module 'cnn_predict_Pipeline_VITIS_LOOP_192_27' (loop 'VITIS_LOOP_192_27'): Unable to enforce a carried dependence constraint (II = 3, distance = 1, offset = 0) between 'store' operation ('final_sum_write_ln192', cnn.cpp:192) of variable 'final_sum', cnn.cpp:194 on local variable 'final_sum' and 'load' operation ('final_sum_load', cnn.cpp:194) on local variable 'final_sum'.
INFO: [HLS 200-1470] Pipelining result : Target II = NA, Final II = 4, Depth = 10, loop 'VITIS_LOOP_192_27'
INFO: [SCHED 204-11] Finished scheduling.
INFO: [HLS 200-111] Finished Scheduling: CPU user time: 0.08 seconds. CPU system time: 0 seconds. Elapsed time: 0.08 seconds; current allocated memory: 422.641 MB.
Execute       syn_report -verbosereport -o /home/dani/Desktop/SDU_Master/EmbeddedSystems/final_assignment/vitis_hls/cnn_hls/solution1/.autopilot/db/cnn_predict_Pipeline_VITIS_LOOP_192_27.verbose.sched.rpt 
Execute         AP::get_flow_target_display_name
Execute       db_write -o /home/dani/Desktop/SDU_Master/EmbeddedSystems/final_assignment/vitis_hls/cnn_hls/solution1/.autopilot/db/cnn_predict_Pipeline_VITIS_LOOP_192_27.sched.adb -f 
INFO-FLOW: Finish scheduling cnn_predict_Pipeline_VITIS_LOOP_192_27.
Execute       set_default_model cnn_predict_Pipeline_VITIS_LOOP_192_27 
Execute       bind -model cnn_predict_Pipeline_VITIS_LOOP_192_27 
INFO: [BIND 205-100] Starting micro-architecture generation ...
INFO: [BIND 205-101] Performing variable lifetime analysis.
INFO: [BIND 205-101] Exploring resource sharing.
INFO: [BIND 205-101] Binding ...
INFO: [BIND 205-100] Finished micro-architecture generation.
INFO: [HLS 200-111] Finished Binding: CPU user time: 0.04 seconds. CPU system time: 0 seconds. Elapsed time: 0.04 seconds; current allocated memory: 422.641 MB.
Execute       syn_report -verbosereport -o /home/dani/Desktop/SDU_Master/EmbeddedSystems/final_assignment/vitis_hls/cnn_hls/solution1/.autopilot/db/cnn_predict_Pipeline_VITIS_LOOP_192_27.verbose.bind.rpt 
Execute         AP::get_flow_target_display_name
Execute       db_write -o /home/dani/Desktop/SDU_Master/EmbeddedSystems/final_assignment/vitis_hls/cnn_hls/solution1/.autopilot/db/cnn_predict_Pipeline_VITIS_LOOP_192_27.bind.adb -f 
INFO-FLOW: Finish binding cnn_predict_Pipeline_VITIS_LOOP_192_27.
INFO: [HLS 200-10] ----------------------------------------------------------------
INFO: [HLS 200-42] -- Implementing module 'cnn_predict' 
INFO: [HLS 200-10] ----------------------------------------------------------------
Execute       set_default_model cnn_predict 
Execute       schedule -model cnn_predict 
INFO: [SCHED 204-11] Starting scheduling ...
INFO: [SCHED 204-11] Finished scheduling.
INFO: [HLS 200-111] Finished Scheduling: CPU user time: 0.09 seconds. CPU system time: 0 seconds. Elapsed time: 0.1 seconds; current allocated memory: 423.188 MB.
Execute       syn_report -verbosereport -o /home/dani/Desktop/SDU_Master/EmbeddedSystems/final_assignment/vitis_hls/cnn_hls/solution1/.autopilot/db/cnn_predict.verbose.sched.rpt 
Execute         AP::get_flow_target_display_name
Execute       db_write -o /home/dani/Desktop/SDU_Master/EmbeddedSystems/final_assignment/vitis_hls/cnn_hls/solution1/.autopilot/db/cnn_predict.sched.adb -f 
INFO-FLOW: Finish scheduling cnn_predict.
Execute       set_default_model cnn_predict 
Execute       bind -model cnn_predict 
INFO: [BIND 205-100] Starting micro-architecture generation ...
INFO: [BIND 205-101] Performing variable lifetime analysis.
INFO: [BIND 205-101] Exploring resource sharing.
INFO: [BIND 205-101] Binding ...
INFO: [BIND 205-100] Finished micro-architecture generation.
Command       bind done; 0.23 sec.
INFO: [HLS 200-111] Finished Binding: CPU user time: 0.32 seconds. CPU system time: 0 seconds. Elapsed time: 0.32 seconds; current allocated memory: 423.188 MB.
Execute       syn_report -verbosereport -o /home/dani/Desktop/SDU_Master/EmbeddedSystems/final_assignment/vitis_hls/cnn_hls/solution1/.autopilot/db/cnn_predict.verbose.bind.rpt 
Execute         AP::get_flow_target_display_name
Command       syn_report done; 0.55 sec.
Execute       db_write -o /home/dani/Desktop/SDU_Master/EmbeddedSystems/final_assignment/vitis_hls/cnn_hls/solution1/.autopilot/db/cnn_predict.bind.adb -f 
INFO-FLOW: Finish binding cnn_predict.
Execute       get_model_list cnn_predict -filter all-wo-channel 
INFO-FLOW: Preprocessing for RTLGen ...
Execute       rtl_gen_preprocess cnn_predict_Pipeline_VITIS_LOOP_38_1 
Execute       rtl_gen_preprocess cnn_predict_Pipeline_VITIS_LOOP_77_2_VITIS_LOOP_78_3 
Execute       rtl_gen_preprocess cnn_predict_Pipeline_VITIS_LOOP_103_6_VITIS_LOOP_104_7_VITIS_LOOP_105_8 
Execute       rtl_gen_preprocess cnn_predict_Pipeline_VITIS_LOOP_121_11_VITIS_LOOP_122_12_VITIS_LOOP_123_13 
Execute       rtl_gen_preprocess cnn_predict_Pipeline_VITIS_LOOP_147_17_VITIS_LOOP_148_18_VITIS_LOOP_149_19 
Execute       rtl_gen_preprocess cnn_predict_Pipeline_VITIS_LOOP_167_22_VITIS_LOOP_168_23_VITIS_LOOP_169_24 
Execute       rtl_gen_preprocess cnn_predict_Pipeline_VITIS_LOOP_180_26 
Execute       rtl_gen_preprocess cnn_predict_Pipeline_VITIS_LOOP_192_27 
Execute       rtl_gen_preprocess cnn_predict 
INFO-FLOW: Model list for RTL generation: cnn_predict_Pipeline_VITIS_LOOP_38_1 cnn_predict_Pipeline_VITIS_LOOP_77_2_VITIS_LOOP_78_3 cnn_predict_Pipeline_VITIS_LOOP_103_6_VITIS_LOOP_104_7_VITIS_LOOP_105_8 cnn_predict_Pipeline_VITIS_LOOP_121_11_VITIS_LOOP_122_12_VITIS_LOOP_123_13 cnn_predict_Pipeline_VITIS_LOOP_147_17_VITIS_LOOP_148_18_VITIS_LOOP_149_19 cnn_predict_Pipeline_VITIS_LOOP_167_22_VITIS_LOOP_168_23_VITIS_LOOP_169_24 cnn_predict_Pipeline_VITIS_LOOP_180_26 cnn_predict_Pipeline_VITIS_LOOP_192_27 cnn_predict
INFO: [HLS 200-10] ----------------------------------------------------------------
INFO: [HLS 200-10] -- Generating RTL for module 'cnn_predict_Pipeline_VITIS_LOOP_38_1' 
INFO: [HLS 200-10] ----------------------------------------------------------------
Execute       create_rtl_model cnn_predict_Pipeline_VITIS_LOOP_38_1 -top_prefix cnn_predict_ -sub_prefix cnn_predict_ -mg_file /home/dani/Desktop/SDU_Master/EmbeddedSystems/final_assignment/vitis_hls/cnn_hls/solution1/.autopilot/db/cnn_predict_Pipeline_VITIS_LOOP_38_1.compgen.tcl 
INFO: [HLS 200-1030] Apply Unified Pipeline Control on module 'cnn_predict_Pipeline_VITIS_LOOP_38_1' pipeline 'VITIS_LOOP_38_1' pipeline type 'loop pipeline'
WARNING: [RTGEN 206-101] Setting dangling out port 'cnn_predict_Pipeline_VITIS_LOOP_38_1/m_axi_gmem_ARVALID' to 0.
WARNING: [RTGEN 206-101] Setting dangling out port 'cnn_predict_Pipeline_VITIS_LOOP_38_1/m_axi_gmem_ARADDR' to 0.
WARNING: [RTGEN 206-101] Setting dangling out port 'cnn_predict_Pipeline_VITIS_LOOP_38_1/m_axi_gmem_ARID' to 0.
WARNING: [RTGEN 206-101] Setting dangling out port 'cnn_predict_Pipeline_VITIS_LOOP_38_1/m_axi_gmem_ARLEN' to 0.
WARNING: [RTGEN 206-101] Setting dangling out port 'cnn_predict_Pipeline_VITIS_LOOP_38_1/m_axi_gmem_ARSIZE' to 0.
WARNING: [RTGEN 206-101] Setting dangling out port 'cnn_predict_Pipeline_VITIS_LOOP_38_1/m_axi_gmem_ARBURST' to 0.
WARNING: [RTGEN 206-101] Setting dangling out port 'cnn_predict_Pipeline_VITIS_LOOP_38_1/m_axi_gmem_ARLOCK' to 0.
WARNING: [RTGEN 206-101] Setting dangling out port 'cnn_predict_Pipeline_VITIS_LOOP_38_1/m_axi_gmem_ARCACHE' to 0.
WARNING: [RTGEN 206-101] Setting dangling out port 'cnn_predict_Pipeline_VITIS_LOOP_38_1/m_axi_gmem_ARPROT' to 0.
WARNING: [RTGEN 206-101] Setting dangling out port 'cnn_predict_Pipeline_VITIS_LOOP_38_1/m_axi_gmem_ARQOS' to 0.
WARNING: [RTGEN 206-101] Setting dangling out port 'cnn_predict_Pipeline_VITIS_LOOP_38_1/m_axi_gmem_ARREGION' to 0.
WARNING: [RTGEN 206-101] Setting dangling out port 'cnn_predict_Pipeline_VITIS_LOOP_38_1/m_axi_gmem_ARUSER' to 0.
INFO: [RTGEN 206-100] Finished creating RTL model for 'cnn_predict_Pipeline_VITIS_LOOP_38_1'.
INFO: [HLS 200-111] Finished Creating RTL model: CPU user time: 0.58 seconds. CPU system time: 0.01 seconds. Elapsed time: 0.59 seconds; current allocated memory: 424.359 MB.
Execute       source /home/dani/Desktop/SDU_Master/EmbeddedSystems/final_assignment/vitis_hls/cnn_hls/solution1/.autopilot/db/cnn_predict.rtl_wrap.cfg.tcl 
Execute       gen_rtl cnn_predict_Pipeline_VITIS_LOOP_38_1 -style xilinx -f -lang vhdl -o /home/dani/Desktop/SDU_Master/EmbeddedSystems/final_assignment/vitis_hls/cnn_hls/solution1/syn/vhdl/cnn_predict_cnn_predict_Pipeline_VITIS_LOOP_38_1 
Execute       gen_rtl cnn_predict_Pipeline_VITIS_LOOP_38_1 -style xilinx -f -lang vlog -o /home/dani/Desktop/SDU_Master/EmbeddedSystems/final_assignment/vitis_hls/cnn_hls/solution1/syn/verilog/cnn_predict_cnn_predict_Pipeline_VITIS_LOOP_38_1 
Execute       syn_report -csynth -model cnn_predict_Pipeline_VITIS_LOOP_38_1 -o /home/dani/Desktop/SDU_Master/EmbeddedSystems/final_assignment/vitis_hls/cnn_hls/solution1/syn/report/cnn_predict_Pipeline_VITIS_LOOP_38_1_csynth.rpt 
Execute         AP::get_flow_target_display_name
Execute       syn_report -rtlxml -model cnn_predict_Pipeline_VITIS_LOOP_38_1 -o /home/dani/Desktop/SDU_Master/EmbeddedSystems/final_assignment/vitis_hls/cnn_hls/solution1/syn/report/cnn_predict_Pipeline_VITIS_LOOP_38_1_csynth.xml 
Execute       syn_report -verbosereport -model cnn_predict_Pipeline_VITIS_LOOP_38_1 -o /home/dani/Desktop/SDU_Master/EmbeddedSystems/final_assignment/vitis_hls/cnn_hls/solution1/.autopilot/db/cnn_predict_Pipeline_VITIS_LOOP_38_1.verbose.rpt 
Execute         AP::get_flow_target_display_name
Execute       db_write -model cnn_predict_Pipeline_VITIS_LOOP_38_1 -f -o /home/dani/Desktop/SDU_Master/EmbeddedSystems/final_assignment/vitis_hls/cnn_hls/solution1/.autopilot/db/cnn_predict_Pipeline_VITIS_LOOP_38_1.adb 
Execute       db_write -model cnn_predict_Pipeline_VITIS_LOOP_38_1 -bindview -o /home/dani/Desktop/SDU_Master/EmbeddedSystems/final_assignment/vitis_hls/cnn_hls/solution1/.autopilot/db/design.bindinfo.xml 
Execute       gen_tb_info cnn_predict_Pipeline_VITIS_LOOP_38_1 -p /home/dani/Desktop/SDU_Master/EmbeddedSystems/final_assignment/vitis_hls/cnn_hls/solution1/.autopilot/db -o /home/dani/Desktop/SDU_Master/EmbeddedSystems/final_assignment/vitis_hls/cnn_hls/solution1/.autopilot/db/cnn_predict_Pipeline_VITIS_LOOP_38_1 
INFO: [HLS 200-10] ----------------------------------------------------------------
INFO: [HLS 200-10] -- Generating RTL for module 'cnn_predict_Pipeline_VITIS_LOOP_77_2_VITIS_LOOP_78_3' 
INFO: [HLS 200-10] ----------------------------------------------------------------
Execute       create_rtl_model cnn_predict_Pipeline_VITIS_LOOP_77_2_VITIS_LOOP_78_3 -top_prefix cnn_predict_ -sub_prefix cnn_predict_ -mg_file /home/dani/Desktop/SDU_Master/EmbeddedSystems/final_assignment/vitis_hls/cnn_hls/solution1/.autopilot/db/cnn_predict_Pipeline_VITIS_LOOP_77_2_VITIS_LOOP_78_3.compgen.tcl 
INFO: [HLS 200-1030] Apply Unified Pipeline Control on module 'cnn_predict_Pipeline_VITIS_LOOP_77_2_VITIS_LOOP_78_3' pipeline 'VITIS_LOOP_77_2_VITIS_LOOP_78_3' pipeline type 'loop pipeline'
INFO: [RTGEN 206-100] Generating core module 'fadd_32ns_32ns_32_5_full_dsp_1': 2 instance(s).
INFO: [RTGEN 206-100] Generating core module 'fcmp_32ns_32ns_1_2_no_dsp_1': 1 instance(s).
INFO: [RTGEN 206-100] Generating core module 'fmul_32ns_32ns_32_4_max_dsp_1': 2 instance(s).
INFO: [RTGEN 206-100] Finished creating RTL model for 'cnn_predict_Pipeline_VITIS_LOOP_77_2_VITIS_LOOP_78_3'.
INFO: [HLS 200-111] Finished Creating RTL model: CPU user time: 0.11 seconds. CPU system time: 0.01 seconds. Elapsed time: 0.11 seconds; current allocated memory: 427.520 MB.
Execute       source /home/dani/Desktop/SDU_Master/EmbeddedSystems/final_assignment/vitis_hls/cnn_hls/solution1/.autopilot/db/cnn_predict.rtl_wrap.cfg.tcl 
Execute       gen_rtl cnn_predict_Pipeline_VITIS_LOOP_77_2_VITIS_LOOP_78_3 -style xilinx -f -lang vhdl -o /home/dani/Desktop/SDU_Master/EmbeddedSystems/final_assignment/vitis_hls/cnn_hls/solution1/syn/vhdl/cnn_predict_cnn_predict_Pipeline_VITIS_LOOP_77_2_VITIS_LOOP_78_3 
Execute       gen_rtl cnn_predict_Pipeline_VITIS_LOOP_77_2_VITIS_LOOP_78_3 -style xilinx -f -lang vlog -o /home/dani/Desktop/SDU_Master/EmbeddedSystems/final_assignment/vitis_hls/cnn_hls/solution1/syn/verilog/cnn_predict_cnn_predict_Pipeline_VITIS_LOOP_77_2_VITIS_LOOP_78_3 
Execute       syn_report -csynth -model cnn_predict_Pipeline_VITIS_LOOP_77_2_VITIS_LOOP_78_3 -o /home/dani/Desktop/SDU_Master/EmbeddedSystems/final_assignment/vitis_hls/cnn_hls/solution1/syn/report/cnn_predict_Pipeline_VITIS_LOOP_77_2_VITIS_LOOP_78_3_csynth.rpt 
Execute         AP::get_flow_target_display_name
Execute       syn_report -rtlxml -model cnn_predict_Pipeline_VITIS_LOOP_77_2_VITIS_LOOP_78_3 -o /home/dani/Desktop/SDU_Master/EmbeddedSystems/final_assignment/vitis_hls/cnn_hls/solution1/syn/report/cnn_predict_Pipeline_VITIS_LOOP_77_2_VITIS_LOOP_78_3_csynth.xml 
Execute       syn_report -verbosereport -model cnn_predict_Pipeline_VITIS_LOOP_77_2_VITIS_LOOP_78_3 -o /home/dani/Desktop/SDU_Master/EmbeddedSystems/final_assignment/vitis_hls/cnn_hls/solution1/.autopilot/db/cnn_predict_Pipeline_VITIS_LOOP_77_2_VITIS_LOOP_78_3.verbose.rpt 
Execute         AP::get_flow_target_display_name
Command       syn_report done; 0.15 sec.
Execute       db_write -model cnn_predict_Pipeline_VITIS_LOOP_77_2_VITIS_LOOP_78_3 -f -o /home/dani/Desktop/SDU_Master/EmbeddedSystems/final_assignment/vitis_hls/cnn_hls/solution1/.autopilot/db/cnn_predict_Pipeline_VITIS_LOOP_77_2_VITIS_LOOP_78_3.adb 
Execute       db_write -model cnn_predict_Pipeline_VITIS_LOOP_77_2_VITIS_LOOP_78_3 -bindview -o /home/dani/Desktop/SDU_Master/EmbeddedSystems/final_assignment/vitis_hls/cnn_hls/solution1/.autopilot/db/design.bindinfo.xml 
Execute       gen_tb_info cnn_predict_Pipeline_VITIS_LOOP_77_2_VITIS_LOOP_78_3 -p /home/dani/Desktop/SDU_Master/EmbeddedSystems/final_assignment/vitis_hls/cnn_hls/solution1/.autopilot/db -o /home/dani/Desktop/SDU_Master/EmbeddedSystems/final_assignment/vitis_hls/cnn_hls/solution1/.autopilot/db/cnn_predict_Pipeline_VITIS_LOOP_77_2_VITIS_LOOP_78_3 
INFO: [HLS 200-10] ----------------------------------------------------------------
INFO: [HLS 200-10] -- Generating RTL for module 'cnn_predict_Pipeline_VITIS_LOOP_103_6_VITIS_LOOP_104_7_VITIS_LOOP_105_8' 
INFO: [HLS 200-10] ----------------------------------------------------------------
Execute       create_rtl_model cnn_predict_Pipeline_VITIS_LOOP_103_6_VITIS_LOOP_104_7_VITIS_LOOP_105_8 -top_prefix cnn_predict_ -sub_prefix cnn_predict_ -mg_file /home/dani/Desktop/SDU_Master/EmbeddedSystems/final_assignment/vitis_hls/cnn_hls/solution1/.autopilot/db/cnn_predict_Pipeline_VITIS_LOOP_103_6_VITIS_LOOP_104_7_VITIS_LOOP_105_8.compgen.tcl 
INFO: [HLS 200-1030] Apply Unified Pipeline Control on module 'cnn_predict_Pipeline_VITIS_LOOP_103_6_VITIS_LOOP_104_7_VITIS_LOOP_105_8' pipeline 'VITIS_LOOP_103_6_VITIS_LOOP_104_7_VITIS_LOOP_105_8' pipeline type 'loop pipeline'
INFO: [RTGEN 206-100] Generating core module 'fcmp_32ns_32ns_1_2_no_dsp_1': 4 instance(s).
INFO: [RTGEN 206-100] Finished creating RTL model for 'cnn_predict_Pipeline_VITIS_LOOP_103_6_VITIS_LOOP_104_7_VITIS_LOOP_105_8'.
INFO: [HLS 200-111] Finished Creating RTL model: CPU user time: 0.28 seconds. CPU system time: 0.01 seconds. Elapsed time: 0.29 seconds; current allocated memory: 431.078 MB.
Execute       source /home/dani/Desktop/SDU_Master/EmbeddedSystems/final_assignment/vitis_hls/cnn_hls/solution1/.autopilot/db/cnn_predict.rtl_wrap.cfg.tcl 
Execute       gen_rtl cnn_predict_Pipeline_VITIS_LOOP_103_6_VITIS_LOOP_104_7_VITIS_LOOP_105_8 -style xilinx -f -lang vhdl -o /home/dani/Desktop/SDU_Master/EmbeddedSystems/final_assignment/vitis_hls/cnn_hls/solution1/syn/vhdl/cnn_predict_cnn_predict_Pipeline_VITIS_LOOP_103_6_VITIS_LOOP_104_7_VITIS_LOOP_105_8 
Execute       gen_rtl cnn_predict_Pipeline_VITIS_LOOP_103_6_VITIS_LOOP_104_7_VITIS_LOOP_105_8 -style xilinx -f -lang vlog -o /home/dani/Desktop/SDU_Master/EmbeddedSystems/final_assignment/vitis_hls/cnn_hls/solution1/syn/verilog/cnn_predict_cnn_predict_Pipeline_VITIS_LOOP_103_6_VITIS_LOOP_104_7_VITIS_LOOP_105_8 
Execute       syn_report -csynth -model cnn_predict_Pipeline_VITIS_LOOP_103_6_VITIS_LOOP_104_7_VITIS_LOOP_105_8 -o /home/dani/Desktop/SDU_Master/EmbeddedSystems/final_assignment/vitis_hls/cnn_hls/solution1/syn/report/cnn_predict_Pipeline_VITIS_LOOP_103_6_VITIS_LOOP_104_7_VITIS_LOOP_105_8_csynth.rpt 
Execute         AP::get_flow_target_display_name
Execute       syn_report -rtlxml -model cnn_predict_Pipeline_VITIS_LOOP_103_6_VITIS_LOOP_104_7_VITIS_LOOP_105_8 -o /home/dani/Desktop/SDU_Master/EmbeddedSystems/final_assignment/vitis_hls/cnn_hls/solution1/syn/report/cnn_predict_Pipeline_VITIS_LOOP_103_6_VITIS_LOOP_104_7_VITIS_LOOP_105_8_csynth.xml 
Execute       syn_report -verbosereport -model cnn_predict_Pipeline_VITIS_LOOP_103_6_VITIS_LOOP_104_7_VITIS_LOOP_105_8 -o /home/dani/Desktop/SDU_Master/EmbeddedSystems/final_assignment/vitis_hls/cnn_hls/solution1/.autopilot/db/cnn_predict_Pipeline_VITIS_LOOP_103_6_VITIS_LOOP_104_7_VITIS_LOOP_105_8.verbose.rpt 
Execute         AP::get_flow_target_display_name
Command       syn_report done; 0.17 sec.
Execute       db_write -model cnn_predict_Pipeline_VITIS_LOOP_103_6_VITIS_LOOP_104_7_VITIS_LOOP_105_8 -f -o /home/dani/Desktop/SDU_Master/EmbeddedSystems/final_assignment/vitis_hls/cnn_hls/solution1/.autopilot/db/cnn_predict_Pipeline_VITIS_LOOP_103_6_VITIS_LOOP_104_7_VITIS_LOOP_105_8.adb 
Execute       db_write -model cnn_predict_Pipeline_VITIS_LOOP_103_6_VITIS_LOOP_104_7_VITIS_LOOP_105_8 -bindview -o /home/dani/Desktop/SDU_Master/EmbeddedSystems/final_assignment/vitis_hls/cnn_hls/solution1/.autopilot/db/design.bindinfo.xml 
Execute       gen_tb_info cnn_predict_Pipeline_VITIS_LOOP_103_6_VITIS_LOOP_104_7_VITIS_LOOP_105_8 -p /home/dani/Desktop/SDU_Master/EmbeddedSystems/final_assignment/vitis_hls/cnn_hls/solution1/.autopilot/db -o /home/dani/Desktop/SDU_Master/EmbeddedSystems/final_assignment/vitis_hls/cnn_hls/solution1/.autopilot/db/cnn_predict_Pipeline_VITIS_LOOP_103_6_VITIS_LOOP_104_7_VITIS_LOOP_105_8 
INFO: [HLS 200-10] ----------------------------------------------------------------
INFO: [HLS 200-10] -- Generating RTL for module 'cnn_predict_Pipeline_VITIS_LOOP_121_11_VITIS_LOOP_122_12_VITIS_LOOP_123_13' 
INFO: [HLS 200-10] ----------------------------------------------------------------
Execute       create_rtl_model cnn_predict_Pipeline_VITIS_LOOP_121_11_VITIS_LOOP_122_12_VITIS_LOOP_123_13 -top_prefix cnn_predict_ -sub_prefix cnn_predict_ -mg_file /home/dani/Desktop/SDU_Master/EmbeddedSystems/final_assignment/vitis_hls/cnn_hls/solution1/.autopilot/db/cnn_predict_Pipeline_VITIS_LOOP_121_11_VITIS_LOOP_122_12_VITIS_LOOP_123_13.compgen.tcl 
INFO: [SYN 201-210] Renamed object name 'cnn_predict_Pipeline_VITIS_LOOP_121_11_VITIS_LOOP_122_12_VITIS_LOOP_123_13_conv2_b_ROM_AUTO_1R' to 'cnn_predict_Pipeline_VITIS_LOOP_121_11_VITIS_LOOP_122_12_VITIS_LOOP_123_13_cobkb' due to the length limit 80
INFO: [SYN 201-210] Renamed object name 'cnn_predict_Pipeline_VITIS_LOOP_121_11_VITIS_LOOP_122_12_VITIS_LOOP_123_13_conv2_w_ROM_AUTO_1R' to 'cnn_predict_Pipeline_VITIS_LOOP_121_11_VITIS_LOOP_122_12_VITIS_LOOP_123_13_cocud' due to the length limit 80
INFO: [HLS 200-1030] Apply Unified Pipeline Control on module 'cnn_predict_Pipeline_VITIS_LOOP_121_11_VITIS_LOOP_122_12_VITIS_LOOP_123_13' pipeline 'VITIS_LOOP_121_11_VITIS_LOOP_122_12_VITIS_LOOP_123_13' pipeline type 'loop pipeline'
INFO: [RTGEN 206-104] Estimated max fanout for 'cnn_predict_Pipeline_VITIS_LOOP_121_11_VITIS_LOOP_122_12_VITIS_LOOP_123_13' is 19350 from HDL expression: ((1'b0 == ap_block_pp0_stage1_11001) & (1'b1 == ap_CS_fsm_pp0_stage1))
INFO: [RTGEN 206-100] Generating core module 'fadd_32ns_32ns_32_5_full_dsp_1': 12 instance(s).
INFO: [RTGEN 206-100] Generating core module 'fcmp_32ns_32ns_1_2_no_dsp_1': 1 instance(s).
INFO: [RTGEN 206-100] Generating core module 'fmul_32ns_32ns_32_4_max_dsp_1': 12 instance(s).
INFO: [RTGEN 206-100] Generating core module 'mac_muladd_5ns_5ns_5ns_10_4_1': 1 instance(s).
INFO: [RTGEN 206-100] Finished creating RTL model for 'cnn_predict_Pipeline_VITIS_LOOP_121_11_VITIS_LOOP_122_12_VITIS_LOOP_123_13'.
INFO: [RTMG 210-279] Implementing memory 'cnn_predict_cnn_predict_Pipeline_VITIS_LOOP_121_11_VITIS_LOOP_122_12_VITIS_LOOP_123_13_cobkb' using auto ROMs.
INFO: [RTMG 210-279] Implementing memory 'cnn_predict_cnn_predict_Pipeline_VITIS_LOOP_121_11_VITIS_LOOP_122_12_VITIS_LOOP_123_13_cocud' using auto ROMs.
Command       create_rtl_model done; 0.14 sec.
INFO: [HLS 200-111] Finished Creating RTL model: CPU user time: 0.48 seconds. CPU system time: 0.01 seconds. Elapsed time: 0.49 seconds; current allocated memory: 440.840 MB.
Execute       source /home/dani/Desktop/SDU_Master/EmbeddedSystems/final_assignment/vitis_hls/cnn_hls/solution1/.autopilot/db/cnn_predict.rtl_wrap.cfg.tcl 
Execute       gen_rtl cnn_predict_Pipeline_VITIS_LOOP_121_11_VITIS_LOOP_122_12_VITIS_LOOP_123_13 -style xilinx -f -lang vhdl -o /home/dani/Desktop/SDU_Master/EmbeddedSystems/final_assignment/vitis_hls/cnn_hls/solution1/syn/vhdl/cnn_predict_cnn_predict_Pipeline_VITIS_LOOP_121_11_VITIS_LOOP_122_12_VITIS_LOOP_123_13 
Execute       gen_rtl cnn_predict_Pipeline_VITIS_LOOP_121_11_VITIS_LOOP_122_12_VITIS_LOOP_123_13 -style xilinx -f -lang vlog -o /home/dani/Desktop/SDU_Master/EmbeddedSystems/final_assignment/vitis_hls/cnn_hls/solution1/syn/verilog/cnn_predict_cnn_predict_Pipeline_VITIS_LOOP_121_11_VITIS_LOOP_122_12_VITIS_LOOP_123_13 
Execute       syn_report -csynth -model cnn_predict_Pipeline_VITIS_LOOP_121_11_VITIS_LOOP_122_12_VITIS_LOOP_123_13 -o /home/dani/Desktop/SDU_Master/EmbeddedSystems/final_assignment/vitis_hls/cnn_hls/solution1/syn/report/cnn_predict_Pipeline_VITIS_LOOP_121_11_VITIS_LOOP_122_12_VITIS_LOOP_123_13_csynth.rpt 
Execute         AP::get_flow_target_display_name
Command       syn_report done; 0.19 sec.
Execute       syn_report -rtlxml -model cnn_predict_Pipeline_VITIS_LOOP_121_11_VITIS_LOOP_122_12_VITIS_LOOP_123_13 -o /home/dani/Desktop/SDU_Master/EmbeddedSystems/final_assignment/vitis_hls/cnn_hls/solution1/syn/report/cnn_predict_Pipeline_VITIS_LOOP_121_11_VITIS_LOOP_122_12_VITIS_LOOP_123_13_csynth.xml 
Execute       syn_report -verbosereport -model cnn_predict_Pipeline_VITIS_LOOP_121_11_VITIS_LOOP_122_12_VITIS_LOOP_123_13 -o /home/dani/Desktop/SDU_Master/EmbeddedSystems/final_assignment/vitis_hls/cnn_hls/solution1/.autopilot/db/cnn_predict_Pipeline_VITIS_LOOP_121_11_VITIS_LOOP_122_12_VITIS_LOOP_123_13.verbose.rpt 
Execute         AP::get_flow_target_display_name
Command       syn_report done; 0.54 sec.
Execute       db_write -model cnn_predict_Pipeline_VITIS_LOOP_121_11_VITIS_LOOP_122_12_VITIS_LOOP_123_13 -f -o /home/dani/Desktop/SDU_Master/EmbeddedSystems/final_assignment/vitis_hls/cnn_hls/solution1/.autopilot/db/cnn_predict_Pipeline_VITIS_LOOP_121_11_VITIS_LOOP_122_12_VITIS_LOOP_123_13.adb 
Command       db_write done; 0.12 sec.
Execute       db_write -model cnn_predict_Pipeline_VITIS_LOOP_121_11_VITIS_LOOP_122_12_VITIS_LOOP_123_13 -bindview -o /home/dani/Desktop/SDU_Master/EmbeddedSystems/final_assignment/vitis_hls/cnn_hls/solution1/.autopilot/db/design.bindinfo.xml 
Execute       gen_tb_info cnn_predict_Pipeline_VITIS_LOOP_121_11_VITIS_LOOP_122_12_VITIS_LOOP_123_13 -p /home/dani/Desktop/SDU_Master/EmbeddedSystems/final_assignment/vitis_hls/cnn_hls/solution1/.autopilot/db -o /home/dani/Desktop/SDU_Master/EmbeddedSystems/final_assignment/vitis_hls/cnn_hls/solution1/.autopilot/db/cnn_predict_Pipeline_VITIS_LOOP_121_11_VITIS_LOOP_122_12_VITIS_LOOP_123_13 
INFO: [HLS 200-10] ----------------------------------------------------------------
INFO: [HLS 200-10] -- Generating RTL for module 'cnn_predict_Pipeline_VITIS_LOOP_147_17_VITIS_LOOP_148_18_VITIS_LOOP_149_19' 
INFO: [HLS 200-10] ----------------------------------------------------------------
Execute       create_rtl_model cnn_predict_Pipeline_VITIS_LOOP_147_17_VITIS_LOOP_148_18_VITIS_LOOP_149_19 -top_prefix cnn_predict_ -sub_prefix cnn_predict_ -mg_file /home/dani/Desktop/SDU_Master/EmbeddedSystems/final_assignment/vitis_hls/cnn_hls/solution1/.autopilot/db/cnn_predict_Pipeline_VITIS_LOOP_147_17_VITIS_LOOP_148_18_VITIS_LOOP_149_19.compgen.tcl 
INFO: [HLS 200-1030] Apply Unified Pipeline Control on module 'cnn_predict_Pipeline_VITIS_LOOP_147_17_VITIS_LOOP_148_18_VITIS_LOOP_149_19' pipeline 'VITIS_LOOP_147_17_VITIS_LOOP_148_18_VITIS_LOOP_149_19' pipeline type 'loop pipeline'
INFO: [RTGEN 206-100] Generating core module 'fcmp_32ns_32ns_1_2_no_dsp_1': 4 instance(s).
INFO: [RTGEN 206-100] Generating core module 'mul_5ns_6ns_10_1_1': 2 instance(s).
INFO: [RTGEN 206-100] Finished creating RTL model for 'cnn_predict_Pipeline_VITIS_LOOP_147_17_VITIS_LOOP_148_18_VITIS_LOOP_149_19'.
INFO: [HLS 200-111] Finished Creating RTL model: CPU user time: 1.1 seconds. CPU system time: 0.03 seconds. Elapsed time: 1.13 seconds; current allocated memory: 450.316 MB.
Execute       source /home/dani/Desktop/SDU_Master/EmbeddedSystems/final_assignment/vitis_hls/cnn_hls/solution1/.autopilot/db/cnn_predict.rtl_wrap.cfg.tcl 
Execute       gen_rtl cnn_predict_Pipeline_VITIS_LOOP_147_17_VITIS_LOOP_148_18_VITIS_LOOP_149_19 -style xilinx -f -lang vhdl -o /home/dani/Desktop/SDU_Master/EmbeddedSystems/final_assignment/vitis_hls/cnn_hls/solution1/syn/vhdl/cnn_predict_cnn_predict_Pipeline_VITIS_LOOP_147_17_VITIS_LOOP_148_18_VITIS_LOOP_149_19 
Execute       gen_rtl cnn_predict_Pipeline_VITIS_LOOP_147_17_VITIS_LOOP_148_18_VITIS_LOOP_149_19 -style xilinx -f -lang vlog -o /home/dani/Desktop/SDU_Master/EmbeddedSystems/final_assignment/vitis_hls/cnn_hls/solution1/syn/verilog/cnn_predict_cnn_predict_Pipeline_VITIS_LOOP_147_17_VITIS_LOOP_148_18_VITIS_LOOP_149_19 
Execute       syn_report -csynth -model cnn_predict_Pipeline_VITIS_LOOP_147_17_VITIS_LOOP_148_18_VITIS_LOOP_149_19 -o /home/dani/Desktop/SDU_Master/EmbeddedSystems/final_assignment/vitis_hls/cnn_hls/solution1/syn/report/cnn_predict_Pipeline_VITIS_LOOP_147_17_VITIS_LOOP_148_18_VITIS_LOOP_149_19_csynth.rpt 
Execute         AP::get_flow_target_display_name
Execute       syn_report -rtlxml -model cnn_predict_Pipeline_VITIS_LOOP_147_17_VITIS_LOOP_148_18_VITIS_LOOP_149_19 -o /home/dani/Desktop/SDU_Master/EmbeddedSystems/final_assignment/vitis_hls/cnn_hls/solution1/syn/report/cnn_predict_Pipeline_VITIS_LOOP_147_17_VITIS_LOOP_148_18_VITIS_LOOP_149_19_csynth.xml 
Execute       syn_report -verbosereport -model cnn_predict_Pipeline_VITIS_LOOP_147_17_VITIS_LOOP_148_18_VITIS_LOOP_149_19 -o /home/dani/Desktop/SDU_Master/EmbeddedSystems/final_assignment/vitis_hls/cnn_hls/solution1/.autopilot/db/cnn_predict_Pipeline_VITIS_LOOP_147_17_VITIS_LOOP_148_18_VITIS_LOOP_149_19.verbose.rpt 
Execute         AP::get_flow_target_display_name
Command       syn_report done; 0.17 sec.
Execute       db_write -model cnn_predict_Pipeline_VITIS_LOOP_147_17_VITIS_LOOP_148_18_VITIS_LOOP_149_19 -f -o /home/dani/Desktop/SDU_Master/EmbeddedSystems/final_assignment/vitis_hls/cnn_hls/solution1/.autopilot/db/cnn_predict_Pipeline_VITIS_LOOP_147_17_VITIS_LOOP_148_18_VITIS_LOOP_149_19.adb 
Execute       db_write -model cnn_predict_Pipeline_VITIS_LOOP_147_17_VITIS_LOOP_148_18_VITIS_LOOP_149_19 -bindview -o /home/dani/Desktop/SDU_Master/EmbeddedSystems/final_assignment/vitis_hls/cnn_hls/solution1/.autopilot/db/design.bindinfo.xml 
Execute       gen_tb_info cnn_predict_Pipeline_VITIS_LOOP_147_17_VITIS_LOOP_148_18_VITIS_LOOP_149_19 -p /home/dani/Desktop/SDU_Master/EmbeddedSystems/final_assignment/vitis_hls/cnn_hls/solution1/.autopilot/db -o /home/dani/Desktop/SDU_Master/EmbeddedSystems/final_assignment/vitis_hls/cnn_hls/solution1/.autopilot/db/cnn_predict_Pipeline_VITIS_LOOP_147_17_VITIS_LOOP_148_18_VITIS_LOOP_149_19 
INFO: [HLS 200-10] ----------------------------------------------------------------
INFO: [HLS 200-10] -- Generating RTL for module 'cnn_predict_Pipeline_VITIS_LOOP_167_22_VITIS_LOOP_168_23_VITIS_LOOP_169_24' 
INFO: [HLS 200-10] ----------------------------------------------------------------
Execute       create_rtl_model cnn_predict_Pipeline_VITIS_LOOP_167_22_VITIS_LOOP_168_23_VITIS_LOOP_169_24 -top_prefix cnn_predict_ -sub_prefix cnn_predict_ -mg_file /home/dani/Desktop/SDU_Master/EmbeddedSystems/final_assignment/vitis_hls/cnn_hls/solution1/.autopilot/db/cnn_predict_Pipeline_VITIS_LOOP_167_22_VITIS_LOOP_168_23_VITIS_LOOP_169_24.compgen.tcl 
INFO: [HLS 200-1030] Apply Unified Pipeline Control on module 'cnn_predict_Pipeline_VITIS_LOOP_167_22_VITIS_LOOP_168_23_VITIS_LOOP_169_24' pipeline 'VITIS_LOOP_167_22_VITIS_LOOP_168_23_VITIS_LOOP_169_24' pipeline type 'loop pipeline'
INFO: [RTGEN 206-100] Finished creating RTL model for 'cnn_predict_Pipeline_VITIS_LOOP_167_22_VITIS_LOOP_168_23_VITIS_LOOP_169_24'.
INFO: [HLS 200-111] Finished Creating RTL model: CPU user time: 0.36 seconds. CPU system time: 0 seconds. Elapsed time: 0.36 seconds; current allocated memory: 453.445 MB.
Execute       source /home/dani/Desktop/SDU_Master/EmbeddedSystems/final_assignment/vitis_hls/cnn_hls/solution1/.autopilot/db/cnn_predict.rtl_wrap.cfg.tcl 
Execute       gen_rtl cnn_predict_Pipeline_VITIS_LOOP_167_22_VITIS_LOOP_168_23_VITIS_LOOP_169_24 -style xilinx -f -lang vhdl -o /home/dani/Desktop/SDU_Master/EmbeddedSystems/final_assignment/vitis_hls/cnn_hls/solution1/syn/vhdl/cnn_predict_cnn_predict_Pipeline_VITIS_LOOP_167_22_VITIS_LOOP_168_23_VITIS_LOOP_169_24 
Execute       gen_rtl cnn_predict_Pipeline_VITIS_LOOP_167_22_VITIS_LOOP_168_23_VITIS_LOOP_169_24 -style xilinx -f -lang vlog -o /home/dani/Desktop/SDU_Master/EmbeddedSystems/final_assignment/vitis_hls/cnn_hls/solution1/syn/verilog/cnn_predict_cnn_predict_Pipeline_VITIS_LOOP_167_22_VITIS_LOOP_168_23_VITIS_LOOP_169_24 
Execute       syn_report -csynth -model cnn_predict_Pipeline_VITIS_LOOP_167_22_VITIS_LOOP_168_23_VITIS_LOOP_169_24 -o /home/dani/Desktop/SDU_Master/EmbeddedSystems/final_assignment/vitis_hls/cnn_hls/solution1/syn/report/cnn_predict_Pipeline_VITIS_LOOP_167_22_VITIS_LOOP_168_23_VITIS_LOOP_169_24_csynth.rpt 
Execute         AP::get_flow_target_display_name
Execute       syn_report -rtlxml -model cnn_predict_Pipeline_VITIS_LOOP_167_22_VITIS_LOOP_168_23_VITIS_LOOP_169_24 -o /home/dani/Desktop/SDU_Master/EmbeddedSystems/final_assignment/vitis_hls/cnn_hls/solution1/syn/report/cnn_predict_Pipeline_VITIS_LOOP_167_22_VITIS_LOOP_168_23_VITIS_LOOP_169_24_csynth.xml 
Execute       syn_report -verbosereport -model cnn_predict_Pipeline_VITIS_LOOP_167_22_VITIS_LOOP_168_23_VITIS_LOOP_169_24 -o /home/dani/Desktop/SDU_Master/EmbeddedSystems/final_assignment/vitis_hls/cnn_hls/solution1/.autopilot/db/cnn_predict_Pipeline_VITIS_LOOP_167_22_VITIS_LOOP_168_23_VITIS_LOOP_169_24.verbose.rpt 
Execute         AP::get_flow_target_display_name
Execute       db_write -model cnn_predict_Pipeline_VITIS_LOOP_167_22_VITIS_LOOP_168_23_VITIS_LOOP_169_24 -f -o /home/dani/Desktop/SDU_Master/EmbeddedSystems/final_assignment/vitis_hls/cnn_hls/solution1/.autopilot/db/cnn_predict_Pipeline_VITIS_LOOP_167_22_VITIS_LOOP_168_23_VITIS_LOOP_169_24.adb 
Execute       db_write -model cnn_predict_Pipeline_VITIS_LOOP_167_22_VITIS_LOOP_168_23_VITIS_LOOP_169_24 -bindview -o /home/dani/Desktop/SDU_Master/EmbeddedSystems/final_assignment/vitis_hls/cnn_hls/solution1/.autopilot/db/design.bindinfo.xml 
Execute       gen_tb_info cnn_predict_Pipeline_VITIS_LOOP_167_22_VITIS_LOOP_168_23_VITIS_LOOP_169_24 -p /home/dani/Desktop/SDU_Master/EmbeddedSystems/final_assignment/vitis_hls/cnn_hls/solution1/.autopilot/db -o /home/dani/Desktop/SDU_Master/EmbeddedSystems/final_assignment/vitis_hls/cnn_hls/solution1/.autopilot/db/cnn_predict_Pipeline_VITIS_LOOP_167_22_VITIS_LOOP_168_23_VITIS_LOOP_169_24 
INFO: [HLS 200-10] ----------------------------------------------------------------
INFO: [HLS 200-10] -- Generating RTL for module 'cnn_predict_Pipeline_VITIS_LOOP_180_26' 
INFO: [HLS 200-10] ----------------------------------------------------------------
Execute       create_rtl_model cnn_predict_Pipeline_VITIS_LOOP_180_26 -top_prefix cnn_predict_ -sub_prefix cnn_predict_ -mg_file /home/dani/Desktop/SDU_Master/EmbeddedSystems/final_assignment/vitis_hls/cnn_hls/solution1/.autopilot/db/cnn_predict_Pipeline_VITIS_LOOP_180_26.compgen.tcl 
INFO: [HLS 200-1030] Apply Unified Pipeline Control on module 'cnn_predict_Pipeline_VITIS_LOOP_180_26' pipeline 'VITIS_LOOP_180_26' pipeline type 'loop pipeline'
INFO: [RTGEN 206-100] Generating core module 'fadd_32ns_32ns_32_5_full_dsp_1': 1 instance(s).
INFO: [RTGEN 206-100] Generating core module 'fcmp_32ns_32ns_1_2_no_dsp_1': 1 instance(s).
INFO: [RTGEN 206-100] Generating core module 'fmul_32ns_32ns_32_4_max_dsp_1': 1 instance(s).
INFO: [RTGEN 206-100] Finished creating RTL model for 'cnn_predict_Pipeline_VITIS_LOOP_180_26'.
INFO: [RTMG 210-279] Implementing memory 'cnn_predict_cnn_predict_Pipeline_VITIS_LOOP_180_26_dense1_w_ROM_AUTO_1R' using auto ROMs.
INFO: [HLS 200-111] Finished Creating RTL model: CPU user time: 0.17 seconds. CPU system time: 0.01 seconds. Elapsed time: 0.18 seconds; current allocated memory: 465.176 MB.
Execute       source /home/dani/Desktop/SDU_Master/EmbeddedSystems/final_assignment/vitis_hls/cnn_hls/solution1/.autopilot/db/cnn_predict.rtl_wrap.cfg.tcl 
Execute       gen_rtl cnn_predict_Pipeline_VITIS_LOOP_180_26 -style xilinx -f -lang vhdl -o /home/dani/Desktop/SDU_Master/EmbeddedSystems/final_assignment/vitis_hls/cnn_hls/solution1/syn/vhdl/cnn_predict_cnn_predict_Pipeline_VITIS_LOOP_180_26 
Execute       gen_rtl cnn_predict_Pipeline_VITIS_LOOP_180_26 -style xilinx -f -lang vlog -o /home/dani/Desktop/SDU_Master/EmbeddedSystems/final_assignment/vitis_hls/cnn_hls/solution1/syn/verilog/cnn_predict_cnn_predict_Pipeline_VITIS_LOOP_180_26 
Execute       syn_report -csynth -model cnn_predict_Pipeline_VITIS_LOOP_180_26 -o /home/dani/Desktop/SDU_Master/EmbeddedSystems/final_assignment/vitis_hls/cnn_hls/solution1/syn/report/cnn_predict_Pipeline_VITIS_LOOP_180_26_csynth.rpt 
Execute         AP::get_flow_target_display_name
Execute       syn_report -rtlxml -model cnn_predict_Pipeline_VITIS_LOOP_180_26 -o /home/dani/Desktop/SDU_Master/EmbeddedSystems/final_assignment/vitis_hls/cnn_hls/solution1/syn/report/cnn_predict_Pipeline_VITIS_LOOP_180_26_csynth.xml 
Execute       syn_report -verbosereport -model cnn_predict_Pipeline_VITIS_LOOP_180_26 -o /home/dani/Desktop/SDU_Master/EmbeddedSystems/final_assignment/vitis_hls/cnn_hls/solution1/.autopilot/db/cnn_predict_Pipeline_VITIS_LOOP_180_26.verbose.rpt 
Execute         AP::get_flow_target_display_name
Execute       db_write -model cnn_predict_Pipeline_VITIS_LOOP_180_26 -f -o /home/dani/Desktop/SDU_Master/EmbeddedSystems/final_assignment/vitis_hls/cnn_hls/solution1/.autopilot/db/cnn_predict_Pipeline_VITIS_LOOP_180_26.adb 
Execute       db_write -model cnn_predict_Pipeline_VITIS_LOOP_180_26 -bindview -o /home/dani/Desktop/SDU_Master/EmbeddedSystems/final_assignment/vitis_hls/cnn_hls/solution1/.autopilot/db/design.bindinfo.xml 
Execute       gen_tb_info cnn_predict_Pipeline_VITIS_LOOP_180_26 -p /home/dani/Desktop/SDU_Master/EmbeddedSystems/final_assignment/vitis_hls/cnn_hls/solution1/.autopilot/db -o /home/dani/Desktop/SDU_Master/EmbeddedSystems/final_assignment/vitis_hls/cnn_hls/solution1/.autopilot/db/cnn_predict_Pipeline_VITIS_LOOP_180_26 
INFO: [HLS 200-10] ----------------------------------------------------------------
INFO: [HLS 200-10] -- Generating RTL for module 'cnn_predict_Pipeline_VITIS_LOOP_192_27' 
INFO: [HLS 200-10] ----------------------------------------------------------------
Execute       create_rtl_model cnn_predict_Pipeline_VITIS_LOOP_192_27 -top_prefix cnn_predict_ -sub_prefix cnn_predict_ -mg_file /home/dani/Desktop/SDU_Master/EmbeddedSystems/final_assignment/vitis_hls/cnn_hls/solution1/.autopilot/db/cnn_predict_Pipeline_VITIS_LOOP_192_27.compgen.tcl 
INFO: [HLS 200-1030] Apply Unified Pipeline Control on module 'cnn_predict_Pipeline_VITIS_LOOP_192_27' pipeline 'VITIS_LOOP_192_27' pipeline type 'loop pipeline'
INFO: [RTGEN 206-100] Generating core module 'fadd_32ns_32ns_32_5_full_dsp_1': 1 instance(s).
INFO: [RTGEN 206-100] Generating core module 'fmul_32ns_32ns_32_4_max_dsp_1': 1 instance(s).
INFO: [RTGEN 206-100] Finished creating RTL model for 'cnn_predict_Pipeline_VITIS_LOOP_192_27'.
INFO: [RTMG 210-279] Implementing memory 'cnn_predict_cnn_predict_Pipeline_VITIS_LOOP_192_27_output_w_ROM_AUTO_1R' using auto ROMs.
INFO: [HLS 200-111] Finished Creating RTL model: CPU user time: 0.1 seconds. CPU system time: 0 seconds. Elapsed time: 0.1 seconds; current allocated memory: 465.176 MB.
Execute       source /home/dani/Desktop/SDU_Master/EmbeddedSystems/final_assignment/vitis_hls/cnn_hls/solution1/.autopilot/db/cnn_predict.rtl_wrap.cfg.tcl 
Execute       gen_rtl cnn_predict_Pipeline_VITIS_LOOP_192_27 -style xilinx -f -lang vhdl -o /home/dani/Desktop/SDU_Master/EmbeddedSystems/final_assignment/vitis_hls/cnn_hls/solution1/syn/vhdl/cnn_predict_cnn_predict_Pipeline_VITIS_LOOP_192_27 
Execute       gen_rtl cnn_predict_Pipeline_VITIS_LOOP_192_27 -style xilinx -f -lang vlog -o /home/dani/Desktop/SDU_Master/EmbeddedSystems/final_assignment/vitis_hls/cnn_hls/solution1/syn/verilog/cnn_predict_cnn_predict_Pipeline_VITIS_LOOP_192_27 
Execute       syn_report -csynth -model cnn_predict_Pipeline_VITIS_LOOP_192_27 -o /home/dani/Desktop/SDU_Master/EmbeddedSystems/final_assignment/vitis_hls/cnn_hls/solution1/syn/report/cnn_predict_Pipeline_VITIS_LOOP_192_27_csynth.rpt 
Execute         AP::get_flow_target_display_name
Execute       syn_report -rtlxml -model cnn_predict_Pipeline_VITIS_LOOP_192_27 -o /home/dani/Desktop/SDU_Master/EmbeddedSystems/final_assignment/vitis_hls/cnn_hls/solution1/syn/report/cnn_predict_Pipeline_VITIS_LOOP_192_27_csynth.xml 
Execute       syn_report -verbosereport -model cnn_predict_Pipeline_VITIS_LOOP_192_27 -o /home/dani/Desktop/SDU_Master/EmbeddedSystems/final_assignment/vitis_hls/cnn_hls/solution1/.autopilot/db/cnn_predict_Pipeline_VITIS_LOOP_192_27.verbose.rpt 
Execute         AP::get_flow_target_display_name
Execute       db_write -model cnn_predict_Pipeline_VITIS_LOOP_192_27 -f -o /home/dani/Desktop/SDU_Master/EmbeddedSystems/final_assignment/vitis_hls/cnn_hls/solution1/.autopilot/db/cnn_predict_Pipeline_VITIS_LOOP_192_27.adb 
Execute       db_write -model cnn_predict_Pipeline_VITIS_LOOP_192_27 -bindview -o /home/dani/Desktop/SDU_Master/EmbeddedSystems/final_assignment/vitis_hls/cnn_hls/solution1/.autopilot/db/design.bindinfo.xml 
Execute       gen_tb_info cnn_predict_Pipeline_VITIS_LOOP_192_27 -p /home/dani/Desktop/SDU_Master/EmbeddedSystems/final_assignment/vitis_hls/cnn_hls/solution1/.autopilot/db -o /home/dani/Desktop/SDU_Master/EmbeddedSystems/final_assignment/vitis_hls/cnn_hls/solution1/.autopilot/db/cnn_predict_Pipeline_VITIS_LOOP_192_27 
INFO: [HLS 200-10] ----------------------------------------------------------------
INFO: [HLS 200-10] -- Generating RTL for module 'cnn_predict' 
INFO: [HLS 200-10] ----------------------------------------------------------------
Execute       create_rtl_model cnn_predict -top_prefix  -sub_prefix cnn_predict_ -mg_file /home/dani/Desktop/SDU_Master/EmbeddedSystems/final_assignment/vitis_hls/cnn_hls/solution1/.autopilot/db/cnn_predict.compgen.tcl 
WARNING: [RTGEN 206-101] Design contains AXI ports. Reset is fixed to synchronous and active low.
INFO: [RTGEN 206-500] Setting interface mode on port 'cnn_predict/gmem' to 'm_axi'.
INFO: [RTGEN 206-500] Setting interface mode on port 'cnn_predict/img_in' to 's_axilite & ap_none'.
INFO: [RTGEN 206-500] Setting interface mode on port 'cnn_predict/steering_out' to 's_axilite & ap_vld'.
INFO: [RTGEN 206-500] Setting interface mode on function 'cnn_predict' to 's_axilite & ap_ctrl_hs'.
WARNING: [RTGEN 206-101] Global array 'img_read' will not be exposed as RTL port.
INFO: [RTGEN 206-100] Bundling port 'img_in', 'steering_out' and 'return' to AXI-Lite port control.
INFO: [RTGEN 206-100] Generating core module 'fadd_32ns_32ns_32_5_full_dsp_1': 2 instance(s).
INFO: [RTGEN 206-100] Generating core module 'fcmp_32ns_32ns_1_2_no_dsp_1': 4 instance(s).
INFO: [RTGEN 206-100] Generating core module 'fdiv_32ns_32ns_32_10_no_dsp_1': 1 instance(s).
INFO: [RTGEN 206-100] Generating core module 'fexp_32ns_32ns_32_8_full_dsp_1': 1 instance(s).
INFO: [RTGEN 206-100] Generating core module 'fmul_32ns_32ns_32_4_max_dsp_1': 2 instance(s).
INFO: [RTGEN 206-100] Finished creating RTL model for 'cnn_predict'.
INFO: [RTMG 210-278] Implementing memory 'cnn_predict_img_read_RAM_2P_BRAM_1R1W' using block RAMs.
INFO: [RTMG 210-279] Implementing memory 'cnn_predict_conv1_w_ROM_AUTO_1R' using auto ROMs.
INFO: [RTMG 210-279] Implementing memory 'cnn_predict_dense1_b_ROM_AUTO_1R' using auto ROMs.
INFO: [RTMG 210-278] Implementing memory 'cnn_predict_layer1_conv_RAM_1WNR_AUTO_1R1W' using auto RAMs.
INFO: [RTMG 210-278] Implementing memory 'cnn_predict_layer1_pool_RAM_1WNR_AUTO_1R1W' using auto RAMs.
INFO: [RTMG 210-278] Implementing memory 'cnn_predict_layer2_conv_RAM_1WNR_AUTO_1R1W' using auto RAMs.
INFO: [RTMG 210-278] Implementing memory 'cnn_predict_layer2_pool_RAM_AUTO_1R1W' using auto RAMs.
INFO: [RTMG 210-278] Implementing memory 'cnn_predict_dense_RAM_AUTO_1R1W' using auto RAMs.
INFO: [HLS 200-111] Finished Creating RTL model: CPU user time: 0.1 seconds. CPU system time: 0.01 seconds. Elapsed time: 0.11 seconds; current allocated memory: 465.176 MB.
Execute       source /home/dani/Desktop/SDU_Master/EmbeddedSystems/final_assignment/vitis_hls/cnn_hls/solution1/.autopilot/db/cnn_predict.rtl_wrap.cfg.tcl 
Execute       gen_rtl cnn_predict -istop -style xilinx -f -lang vhdl -o /home/dani/Desktop/SDU_Master/EmbeddedSystems/final_assignment/vitis_hls/cnn_hls/solution1/syn/vhdl/cnn_predict 
Execute       gen_rtl cnn_predict -istop -style xilinx -f -lang vlog -o /home/dani/Desktop/SDU_Master/EmbeddedSystems/final_assignment/vitis_hls/cnn_hls/solution1/syn/verilog/cnn_predict 
Execute       syn_report -csynth -model cnn_predict -o /home/dani/Desktop/SDU_Master/EmbeddedSystems/final_assignment/vitis_hls/cnn_hls/solution1/syn/report/cnn_predict_csynth.rpt 
Execute         AP::get_flow_target_display_name
Execute       syn_report -rtlxml -model cnn_predict -o /home/dani/Desktop/SDU_Master/EmbeddedSystems/final_assignment/vitis_hls/cnn_hls/solution1/syn/report/cnn_predict_csynth.xml 
Execute       syn_report -verbosereport -model cnn_predict -o /home/dani/Desktop/SDU_Master/EmbeddedSystems/final_assignment/vitis_hls/cnn_hls/solution1/.autopilot/db/cnn_predict.verbose.rpt 
Execute         AP::get_flow_target_display_name
Command       syn_report done; 0.58 sec.
Execute       db_write -model cnn_predict -f -o /home/dani/Desktop/SDU_Master/EmbeddedSystems/final_assignment/vitis_hls/cnn_hls/solution1/.autopilot/db/cnn_predict.adb 
Execute       db_write -model cnn_predict -bindview -o /home/dani/Desktop/SDU_Master/EmbeddedSystems/final_assignment/vitis_hls/cnn_hls/solution1/.autopilot/db/design.bindinfo.xml 
Execute       gen_tb_info cnn_predict -p /home/dani/Desktop/SDU_Master/EmbeddedSystems/final_assignment/vitis_hls/cnn_hls/solution1/.autopilot/db -o /home/dani/Desktop/SDU_Master/EmbeddedSystems/final_assignment/vitis_hls/cnn_hls/solution1/.autopilot/db/cnn_predict 
Execute       export_constraint_db -f -tool general -o /home/dani/Desktop/SDU_Master/EmbeddedSystems/final_assignment/vitis_hls/cnn_hls/solution1/.autopilot/db/cnn_predict.constraint.tcl 
Execute       syn_report -designview -model cnn_predict -o /home/dani/Desktop/SDU_Master/EmbeddedSystems/final_assignment/vitis_hls/cnn_hls/solution1/.autopilot/db/cnn_predict.design.xml 
Command       syn_report done; 0.46 sec.
Execute       syn_report -csynthDesign -model cnn_predict -o /home/dani/Desktop/SDU_Master/EmbeddedSystems/final_assignment/vitis_hls/cnn_hls/solution1/syn/report/csynth.rpt 
Execute         AP::get_flow_target_display_name
Execute       syn_report -wcfg -model cnn_predict -o /home/dani/Desktop/SDU_Master/EmbeddedSystems/final_assignment/vitis_hls/cnn_hls/solution1/.autopilot/db/cnn_predict_dataflow_ana.wcfg 
Execute       syn_report -protoinst -model cnn_predict -o /home/dani/Desktop/SDU_Master/EmbeddedSystems/final_assignment/vitis_hls/cnn_hls/solution1/.autopilot/db/cnn_predict.protoinst 
Execute       sc_get_clocks cnn_predict 
Execute       sc_get_portdomain cnn_predict 
INFO-FLOW: Model list for RTL component generation: cnn_predict_Pipeline_VITIS_LOOP_38_1 cnn_predict_Pipeline_VITIS_LOOP_77_2_VITIS_LOOP_78_3 cnn_predict_Pipeline_VITIS_LOOP_103_6_VITIS_LOOP_104_7_VITIS_LOOP_105_8 cnn_predict_Pipeline_VITIS_LOOP_121_11_VITIS_LOOP_122_12_VITIS_LOOP_123_13 cnn_predict_Pipeline_VITIS_LOOP_147_17_VITIS_LOOP_148_18_VITIS_LOOP_149_19 cnn_predict_Pipeline_VITIS_LOOP_167_22_VITIS_LOOP_168_23_VITIS_LOOP_169_24 cnn_predict_Pipeline_VITIS_LOOP_180_26 cnn_predict_Pipeline_VITIS_LOOP_192_27 cnn_predict
INFO-FLOW: Handling components in module [cnn_predict_Pipeline_VITIS_LOOP_38_1] ... 
Execute       source /home/dani/Desktop/SDU_Master/EmbeddedSystems/final_assignment/vitis_hls/cnn_hls/solution1/.autopilot/db/cnn_predict_Pipeline_VITIS_LOOP_38_1.compgen.tcl 
INFO-FLOW: Found component cnn_predict_flow_control_loop_pipe_sequential_init.
INFO-FLOW: Append model cnn_predict_flow_control_loop_pipe_sequential_init
INFO-FLOW: Handling components in module [cnn_predict_Pipeline_VITIS_LOOP_77_2_VITIS_LOOP_78_3] ... 
Execute       source /home/dani/Desktop/SDU_Master/EmbeddedSystems/final_assignment/vitis_hls/cnn_hls/solution1/.autopilot/db/cnn_predict_Pipeline_VITIS_LOOP_77_2_VITIS_LOOP_78_3.compgen.tcl 
INFO-FLOW: Found component cnn_predict_flow_control_loop_pipe_sequential_init.
INFO-FLOW: Append model cnn_predict_flow_control_loop_pipe_sequential_init
INFO-FLOW: Handling components in module [cnn_predict_Pipeline_VITIS_LOOP_103_6_VITIS_LOOP_104_7_VITIS_LOOP_105_8] ... 
Execute       source /home/dani/Desktop/SDU_Master/EmbeddedSystems/final_assignment/vitis_hls/cnn_hls/solution1/.autopilot/db/cnn_predict_Pipeline_VITIS_LOOP_103_6_VITIS_LOOP_104_7_VITIS_LOOP_105_8.compgen.tcl 
INFO-FLOW: Found component cnn_predict_flow_control_loop_pipe_sequential_init.
INFO-FLOW: Append model cnn_predict_flow_control_loop_pipe_sequential_init
INFO-FLOW: Handling components in module [cnn_predict_Pipeline_VITIS_LOOP_121_11_VITIS_LOOP_122_12_VITIS_LOOP_123_13] ... 
Execute       source /home/dani/Desktop/SDU_Master/EmbeddedSystems/final_assignment/vitis_hls/cnn_hls/solution1/.autopilot/db/cnn_predict_Pipeline_VITIS_LOOP_121_11_VITIS_LOOP_122_12_VITIS_LOOP_123_13.compgen.tcl 
INFO-FLOW: Found component cnn_predict_mac_muladd_5ns_5ns_5ns_10_4_1.
INFO-FLOW: Append model cnn_predict_mac_muladd_5ns_5ns_5ns_10_4_1
INFO-FLOW: Found component cnn_predict_cnn_predict_Pipeline_VITIS_LOOP_121_11_VITIS_LOOP_122_12_VITIS_LOOP_123_13_cobkb.
INFO-FLOW: Append model cnn_predict_cnn_predict_Pipeline_VITIS_LOOP_121_11_VITIS_LOOP_122_12_VITIS_LOOP_123_13_cobkb
INFO-FLOW: Found component cnn_predict_cnn_predict_Pipeline_VITIS_LOOP_121_11_VITIS_LOOP_122_12_VITIS_LOOP_123_13_cocud.
INFO-FLOW: Append model cnn_predict_cnn_predict_Pipeline_VITIS_LOOP_121_11_VITIS_LOOP_122_12_VITIS_LOOP_123_13_cocud
INFO-FLOW: Found component cnn_predict_flow_control_loop_pipe_sequential_init.
INFO-FLOW: Append model cnn_predict_flow_control_loop_pipe_sequential_init
INFO-FLOW: Handling components in module [cnn_predict_Pipeline_VITIS_LOOP_147_17_VITIS_LOOP_148_18_VITIS_LOOP_149_19] ... 
Execute       source /home/dani/Desktop/SDU_Master/EmbeddedSystems/final_assignment/vitis_hls/cnn_hls/solution1/.autopilot/db/cnn_predict_Pipeline_VITIS_LOOP_147_17_VITIS_LOOP_148_18_VITIS_LOOP_149_19.compgen.tcl 
INFO-FLOW: Found component cnn_predict_mul_5ns_6ns_10_1_1.
INFO-FLOW: Append model cnn_predict_mul_5ns_6ns_10_1_1
INFO-FLOW: Found component cnn_predict_flow_control_loop_pipe_sequential_init.
INFO-FLOW: Append model cnn_predict_flow_control_loop_pipe_sequential_init
INFO-FLOW: Handling components in module [cnn_predict_Pipeline_VITIS_LOOP_167_22_VITIS_LOOP_168_23_VITIS_LOOP_169_24] ... 
Execute       source /home/dani/Desktop/SDU_Master/EmbeddedSystems/final_assignment/vitis_hls/cnn_hls/solution1/.autopilot/db/cnn_predict_Pipeline_VITIS_LOOP_167_22_VITIS_LOOP_168_23_VITIS_LOOP_169_24.compgen.tcl 
INFO-FLOW: Found component cnn_predict_flow_control_loop_pipe_sequential_init.
INFO-FLOW: Append model cnn_predict_flow_control_loop_pipe_sequential_init
INFO-FLOW: Handling components in module [cnn_predict_Pipeline_VITIS_LOOP_180_26] ... 
Execute       source /home/dani/Desktop/SDU_Master/EmbeddedSystems/final_assignment/vitis_hls/cnn_hls/solution1/.autopilot/db/cnn_predict_Pipeline_VITIS_LOOP_180_26.compgen.tcl 
INFO-FLOW: Found component cnn_predict_cnn_predict_Pipeline_VITIS_LOOP_180_26_dense1_w_ROM_AUTO_1R.
INFO-FLOW: Append model cnn_predict_cnn_predict_Pipeline_VITIS_LOOP_180_26_dense1_w_ROM_AUTO_1R
INFO-FLOW: Found component cnn_predict_flow_control_loop_pipe_sequential_init.
INFO-FLOW: Append model cnn_predict_flow_control_loop_pipe_sequential_init
INFO-FLOW: Handling components in module [cnn_predict_Pipeline_VITIS_LOOP_192_27] ... 
Execute       source /home/dani/Desktop/SDU_Master/EmbeddedSystems/final_assignment/vitis_hls/cnn_hls/solution1/.autopilot/db/cnn_predict_Pipeline_VITIS_LOOP_192_27.compgen.tcl 
INFO-FLOW: Found component cnn_predict_cnn_predict_Pipeline_VITIS_LOOP_192_27_output_w_ROM_AUTO_1R.
INFO-FLOW: Append model cnn_predict_cnn_predict_Pipeline_VITIS_LOOP_192_27_output_w_ROM_AUTO_1R
INFO-FLOW: Found component cnn_predict_flow_control_loop_pipe_sequential_init.
INFO-FLOW: Append model cnn_predict_flow_control_loop_pipe_sequential_init
INFO-FLOW: Handling components in module [cnn_predict] ... 
Execute       source /home/dani/Desktop/SDU_Master/EmbeddedSystems/final_assignment/vitis_hls/cnn_hls/solution1/.autopilot/db/cnn_predict.compgen.tcl 
INFO-FLOW: Found component cnn_predict_fadd_32ns_32ns_32_5_full_dsp_1.
INFO-FLOW: Append model cnn_predict_fadd_32ns_32ns_32_5_full_dsp_1
INFO-FLOW: Found component cnn_predict_fdiv_32ns_32ns_32_10_no_dsp_1.
INFO-FLOW: Append model cnn_predict_fdiv_32ns_32ns_32_10_no_dsp_1
INFO-FLOW: Found component cnn_predict_fexp_32ns_32ns_32_8_full_dsp_1.
INFO-FLOW: Append model cnn_predict_fexp_32ns_32ns_32_8_full_dsp_1
INFO-FLOW: Found component cnn_predict_fadd_32ns_32ns_32_5_full_dsp_1.
INFO-FLOW: Append model cnn_predict_fadd_32ns_32ns_32_5_full_dsp_1
INFO-FLOW: Found component cnn_predict_fmul_32ns_32ns_32_4_max_dsp_1.
INFO-FLOW: Append model cnn_predict_fmul_32ns_32ns_32_4_max_dsp_1
INFO-FLOW: Found component cnn_predict_fmul_32ns_32ns_32_4_max_dsp_1.
INFO-FLOW: Append model cnn_predict_fmul_32ns_32ns_32_4_max_dsp_1
INFO-FLOW: Found component cnn_predict_fcmp_32ns_32ns_1_2_no_dsp_1.
INFO-FLOW: Append model cnn_predict_fcmp_32ns_32ns_1_2_no_dsp_1
INFO-FLOW: Found component cnn_predict_img_read_RAM_2P_BRAM_1R1W.
INFO-FLOW: Append model cnn_predict_img_read_RAM_2P_BRAM_1R1W
INFO-FLOW: Found component cnn_predict_conv1_w_ROM_AUTO_1R.
INFO-FLOW: Append model cnn_predict_conv1_w_ROM_AUTO_1R
INFO-FLOW: Found component cnn_predict_dense1_b_ROM_AUTO_1R.
INFO-FLOW: Append model cnn_predict_dense1_b_ROM_AUTO_1R
INFO-FLOW: Found component cnn_predict_layer1_conv_RAM_1WNR_AUTO_1R1W.
INFO-FLOW: Append model cnn_predict_layer1_conv_RAM_1WNR_AUTO_1R1W
INFO-FLOW: Found component cnn_predict_layer1_pool_RAM_1WNR_AUTO_1R1W.
INFO-FLOW: Append model cnn_predict_layer1_pool_RAM_1WNR_AUTO_1R1W
INFO-FLOW: Found component cnn_predict_layer2_conv_RAM_1WNR_AUTO_1R1W.
INFO-FLOW: Append model cnn_predict_layer2_conv_RAM_1WNR_AUTO_1R1W
INFO-FLOW: Found component cnn_predict_layer2_pool_RAM_AUTO_1R1W.
INFO-FLOW: Append model cnn_predict_layer2_pool_RAM_AUTO_1R1W
INFO-FLOW: Found component cnn_predict_dense_RAM_AUTO_1R1W.
INFO-FLOW: Append model cnn_predict_dense_RAM_AUTO_1R1W
INFO-FLOW: Found component cnn_predict_gmem_m_axi.
INFO-FLOW: Append model cnn_predict_gmem_m_axi
INFO-FLOW: Found component cnn_predict_control_s_axi.
INFO-FLOW: Append model cnn_predict_control_s_axi
INFO-FLOW: Append model cnn_predict_Pipeline_VITIS_LOOP_38_1
INFO-FLOW: Append model cnn_predict_Pipeline_VITIS_LOOP_77_2_VITIS_LOOP_78_3
INFO-FLOW: Append model cnn_predict_Pipeline_VITIS_LOOP_103_6_VITIS_LOOP_104_7_VITIS_LOOP_105_8
INFO-FLOW: Append model cnn_predict_Pipeline_VITIS_LOOP_121_11_VITIS_LOOP_122_12_VITIS_LOOP_123_13
INFO-FLOW: Append model cnn_predict_Pipeline_VITIS_LOOP_147_17_VITIS_LOOP_148_18_VITIS_LOOP_149_19
INFO-FLOW: Append model cnn_predict_Pipeline_VITIS_LOOP_167_22_VITIS_LOOP_168_23_VITIS_LOOP_169_24
INFO-FLOW: Append model cnn_predict_Pipeline_VITIS_LOOP_180_26
INFO-FLOW: Append model cnn_predict_Pipeline_VITIS_LOOP_192_27
INFO-FLOW: Append model cnn_predict
INFO-FLOW: Generating RTL model list ...
INFO-FLOW: All models in this session: cnn_predict_flow_control_loop_pipe_sequential_init cnn_predict_flow_control_loop_pipe_sequential_init cnn_predict_flow_control_loop_pipe_sequential_init cnn_predict_mac_muladd_5ns_5ns_5ns_10_4_1 cnn_predict_cnn_predict_Pipeline_VITIS_LOOP_121_11_VITIS_LOOP_122_12_VITIS_LOOP_123_13_cobkb cnn_predict_cnn_predict_Pipeline_VITIS_LOOP_121_11_VITIS_LOOP_122_12_VITIS_LOOP_123_13_cocud cnn_predict_flow_control_loop_pipe_sequential_init cnn_predict_mul_5ns_6ns_10_1_1 cnn_predict_flow_control_loop_pipe_sequential_init cnn_predict_flow_control_loop_pipe_sequential_init cnn_predict_cnn_predict_Pipeline_VITIS_LOOP_180_26_dense1_w_ROM_AUTO_1R cnn_predict_flow_control_loop_pipe_sequential_init cnn_predict_cnn_predict_Pipeline_VITIS_LOOP_192_27_output_w_ROM_AUTO_1R cnn_predict_flow_control_loop_pipe_sequential_init cnn_predict_fadd_32ns_32ns_32_5_full_dsp_1 cnn_predict_fdiv_32ns_32ns_32_10_no_dsp_1 cnn_predict_fexp_32ns_32ns_32_8_full_dsp_1 cnn_predict_fadd_32ns_32ns_32_5_full_dsp_1 cnn_predict_fmul_32ns_32ns_32_4_max_dsp_1 cnn_predict_fmul_32ns_32ns_32_4_max_dsp_1 cnn_predict_fcmp_32ns_32ns_1_2_no_dsp_1 cnn_predict_img_read_RAM_2P_BRAM_1R1W cnn_predict_conv1_w_ROM_AUTO_1R cnn_predict_dense1_b_ROM_AUTO_1R cnn_predict_layer1_conv_RAM_1WNR_AUTO_1R1W cnn_predict_layer1_pool_RAM_1WNR_AUTO_1R1W cnn_predict_layer2_conv_RAM_1WNR_AUTO_1R1W cnn_predict_layer2_pool_RAM_AUTO_1R1W cnn_predict_dense_RAM_AUTO_1R1W cnn_predict_gmem_m_axi cnn_predict_control_s_axi cnn_predict_Pipeline_VITIS_LOOP_38_1 cnn_predict_Pipeline_VITIS_LOOP_77_2_VITIS_LOOP_78_3 cnn_predict_Pipeline_VITIS_LOOP_103_6_VITIS_LOOP_104_7_VITIS_LOOP_105_8 cnn_predict_Pipeline_VITIS_LOOP_121_11_VITIS_LOOP_122_12_VITIS_LOOP_123_13 cnn_predict_Pipeline_VITIS_LOOP_147_17_VITIS_LOOP_148_18_VITIS_LOOP_149_19 cnn_predict_Pipeline_VITIS_LOOP_167_22_VITIS_LOOP_168_23_VITIS_LOOP_169_24 cnn_predict_Pipeline_VITIS_LOOP_180_26 cnn_predict_Pipeline_VITIS_LOOP_192_27 cnn_predict
INFO-FLOW: Generating /home/dani/Desktop/SDU_Master/EmbeddedSystems/final_assignment/vitis_hls/cnn_hls/solution1/.autopilot/db/autopilot.rtl.models.txt file...
INFO-FLOW: To file: write model cnn_predict_flow_control_loop_pipe_sequential_init
INFO-FLOW: To file: write model cnn_predict_flow_control_loop_pipe_sequential_init
INFO-FLOW: To file: write model cnn_predict_flow_control_loop_pipe_sequential_init
INFO-FLOW: To file: write model cnn_predict_mac_muladd_5ns_5ns_5ns_10_4_1
INFO-FLOW: To file: write model cnn_predict_cnn_predict_Pipeline_VITIS_LOOP_121_11_VITIS_LOOP_122_12_VITIS_LOOP_123_13_cobkb
INFO-FLOW: To file: write model cnn_predict_cnn_predict_Pipeline_VITIS_LOOP_121_11_VITIS_LOOP_122_12_VITIS_LOOP_123_13_cocud
INFO-FLOW: To file: write model cnn_predict_flow_control_loop_pipe_sequential_init
INFO-FLOW: To file: write model cnn_predict_mul_5ns_6ns_10_1_1
INFO-FLOW: To file: write model cnn_predict_flow_control_loop_pipe_sequential_init
INFO-FLOW: To file: write model cnn_predict_flow_control_loop_pipe_sequential_init
INFO-FLOW: To file: write model cnn_predict_cnn_predict_Pipeline_VITIS_LOOP_180_26_dense1_w_ROM_AUTO_1R
INFO-FLOW: To file: write model cnn_predict_flow_control_loop_pipe_sequential_init
INFO-FLOW: To file: write model cnn_predict_cnn_predict_Pipeline_VITIS_LOOP_192_27_output_w_ROM_AUTO_1R
INFO-FLOW: To file: write model cnn_predict_flow_control_loop_pipe_sequential_init
INFO-FLOW: To file: write model cnn_predict_fadd_32ns_32ns_32_5_full_dsp_1
INFO-FLOW: To file: write model cnn_predict_fdiv_32ns_32ns_32_10_no_dsp_1
INFO-FLOW: To file: write model cnn_predict_fexp_32ns_32ns_32_8_full_dsp_1
INFO-FLOW: To file: write model cnn_predict_fadd_32ns_32ns_32_5_full_dsp_1
INFO-FLOW: To file: write model cnn_predict_fmul_32ns_32ns_32_4_max_dsp_1
INFO-FLOW: To file: write model cnn_predict_fmul_32ns_32ns_32_4_max_dsp_1
INFO-FLOW: To file: write model cnn_predict_fcmp_32ns_32ns_1_2_no_dsp_1
INFO-FLOW: To file: write model cnn_predict_img_read_RAM_2P_BRAM_1R1W
INFO-FLOW: To file: write model cnn_predict_conv1_w_ROM_AUTO_1R
INFO-FLOW: To file: write model cnn_predict_dense1_b_ROM_AUTO_1R
INFO-FLOW: To file: write model cnn_predict_layer1_conv_RAM_1WNR_AUTO_1R1W
INFO-FLOW: To file: write model cnn_predict_layer1_pool_RAM_1WNR_AUTO_1R1W
INFO-FLOW: To file: write model cnn_predict_layer2_conv_RAM_1WNR_AUTO_1R1W
INFO-FLOW: To file: write model cnn_predict_layer2_pool_RAM_AUTO_1R1W
INFO-FLOW: To file: write model cnn_predict_dense_RAM_AUTO_1R1W
INFO-FLOW: To file: write model cnn_predict_gmem_m_axi
INFO-FLOW: To file: write model cnn_predict_control_s_axi
INFO-FLOW: To file: write model cnn_predict_Pipeline_VITIS_LOOP_38_1
INFO-FLOW: To file: write model cnn_predict_Pipeline_VITIS_LOOP_77_2_VITIS_LOOP_78_3
INFO-FLOW: To file: write model cnn_predict_Pipeline_VITIS_LOOP_103_6_VITIS_LOOP_104_7_VITIS_LOOP_105_8
INFO-FLOW: To file: write model cnn_predict_Pipeline_VITIS_LOOP_121_11_VITIS_LOOP_122_12_VITIS_LOOP_123_13
INFO-FLOW: To file: write model cnn_predict_Pipeline_VITIS_LOOP_147_17_VITIS_LOOP_148_18_VITIS_LOOP_149_19
INFO-FLOW: To file: write model cnn_predict_Pipeline_VITIS_LOOP_167_22_VITIS_LOOP_168_23_VITIS_LOOP_169_24
INFO-FLOW: To file: write model cnn_predict_Pipeline_VITIS_LOOP_180_26
INFO-FLOW: To file: write model cnn_predict_Pipeline_VITIS_LOOP_192_27
INFO-FLOW: To file: write model cnn_predict
INFO-FLOW: Generating /home/dani/Desktop/SDU_Master/EmbeddedSystems/final_assignment/vitis_hls/cnn_hls/solution1/.autopilot/db/autopilot.rtl.models.tcl file...
INFO-FLOW: Finished generating RTL model list.


INFO-FLOW: RTL Generation done.
INFO-FLOW: CAS Generation done.
INFO-FLOW: CBC Generation done.
INFO-FLOW: DBG:PROC: ::AESL_AUTOMG::auto_generate_csynth_design
INFO-FLOW: DBG:PUTS: read_platform_lib /home/dani/Desktop/SDU_Master/EmbeddedSystems/final_assignment/vitis_hls/cnn_hls/solution1/.autopilot/db/global.setting.tcl
Execute       source /home/dani/Xilinx/Vitis_HLS/2022.2/common/technology/generic/autopilot/common.gen 
Execute         source /home/dani/Xilinx/Vitis_HLS/2022.2/common/technology/generic/autopilot/APCoreGen.gen 
Execute       source /home/dani/Xilinx/Vitis_HLS/2022.2/common/technology/generic/autopilot/op.gen 
Execute       source /home/dani/Xilinx/Vitis_HLS/2022.2/common/technology/generic/autopilot/op_simcore.gen 
Execute       source /home/dani/Xilinx/Vitis_HLS/2022.2/common/technology/generic/autopilot/interface.gen 
Execute       source /home/dani/Desktop/SDU_Master/EmbeddedSystems/final_assignment/vitis_hls/cnn_hls/solution1/.autopilot/db/global.setting.tcl 
Execute       source /home/dani/Xilinx/Vitis_HLS/2022.2/common/technology/xilinx/common/xilinx.gen 
Execute         source /home/dani/Xilinx/Vitis_HLS/2022.2/common/technology/xilinx/interface/plb46.gen 
Execute         source /home/dani/Xilinx/Vitis_HLS/2022.2/common/technology/xilinx/interface/axi4.gen 
Execute         source /home/dani/Xilinx/Vitis_HLS/2022.2/common/technology/xilinx/interface/nativeAXI4.gen 
Execute           source /home/dani/Xilinx/Vitis_HLS/2022.2/common/technology/xilinx/interface/saxilite.gen 
Execute         source /home/dani/Xilinx/Vitis_HLS/2022.2/common/technology/xilinx/scripts/xilinxcoregen.gen 
Execute         source /home/dani/Xilinx/Vitis_HLS/2022.2/common/technology/xilinx/interface/XilEDKCoreGen.gen 
Execute         source /home/dani/Xilinx/Vitis_HLS/2022.2/common/technology/xilinx/ip/util.gen 
Execute         source /home/dani/Xilinx/Vitis_HLS/2022.2/common/technology/xilinx/ip/dds_compiler.gen 
Execute         source /home/dani/Xilinx/Vitis_HLS/2022.2/common/technology/xilinx/ip/xfft.gen 
Execute         source /home/dani/Xilinx/Vitis_HLS/2022.2/common/technology/xilinx/ip/xfir.gen 
Execute         source /home/dani/Xilinx/Vitis_HLS/2022.2/common/technology/xilinx/DSP48/dsp48.gen 
INFO-FLOW: DBG:PUTS:   using AESL_AUTOCG::g_clock_period=10.000 (was NA)
INFO-FLOW: DBG:PROC: ::AESL_AUTOMG::generate_ip_cores gen_sim_model='1' gen_fp_models='0' gen_for_export='0' dstSCDir='' dstVhdlDir='/home/dani/Desktop/SDU_Master/EmbeddedSystems/final_assignment/vitis_hls/cnn_hls/solution1/.autopilot/db/vhdl' dstVlogDir='/home/dani/Desktop/SDU_Master/EmbeddedSystems/final_assignment/vitis_hls/cnn_hls/solution1/.autopilot/db/vlog' tclDir='/home/dani/Desktop/SDU_Master/EmbeddedSystems/final_assignment/vitis_hls/cnn_hls/solution1/.autopilot/db' modelList='cnn_predict_flow_control_loop_pipe_sequential_init
cnn_predict_flow_control_loop_pipe_sequential_init
cnn_predict_flow_control_loop_pipe_sequential_init
cnn_predict_mac_muladd_5ns_5ns_5ns_10_4_1
cnn_predict_cnn_predict_Pipeline_VITIS_LOOP_121_11_VITIS_LOOP_122_12_VITIS_LOOP_123_13_cobkb
cnn_predict_cnn_predict_Pipeline_VITIS_LOOP_121_11_VITIS_LOOP_122_12_VITIS_LOOP_123_13_cocud
cnn_predict_flow_control_loop_pipe_sequential_init
cnn_predict_mul_5ns_6ns_10_1_1
cnn_predict_flow_control_loop_pipe_sequential_init
cnn_predict_flow_control_loop_pipe_sequential_init
cnn_predict_cnn_predict_Pipeline_VITIS_LOOP_180_26_dense1_w_ROM_AUTO_1R
cnn_predict_flow_control_loop_pipe_sequential_init
cnn_predict_cnn_predict_Pipeline_VITIS_LOOP_192_27_output_w_ROM_AUTO_1R
cnn_predict_flow_control_loop_pipe_sequential_init
cnn_predict_fadd_32ns_32ns_32_5_full_dsp_1
cnn_predict_fdiv_32ns_32ns_32_10_no_dsp_1
cnn_predict_fexp_32ns_32ns_32_8_full_dsp_1
cnn_predict_fadd_32ns_32ns_32_5_full_dsp_1
cnn_predict_fmul_32ns_32ns_32_4_max_dsp_1
cnn_predict_fmul_32ns_32ns_32_4_max_dsp_1
cnn_predict_fcmp_32ns_32ns_1_2_no_dsp_1
cnn_predict_img_read_RAM_2P_BRAM_1R1W
cnn_predict_conv1_w_ROM_AUTO_1R
cnn_predict_dense1_b_ROM_AUTO_1R
cnn_predict_layer1_conv_RAM_1WNR_AUTO_1R1W
cnn_predict_layer1_pool_RAM_1WNR_AUTO_1R1W
cnn_predict_layer2_conv_RAM_1WNR_AUTO_1R1W
cnn_predict_layer2_pool_RAM_AUTO_1R1W
cnn_predict_dense_RAM_AUTO_1R1W
cnn_predict_gmem_m_axi
cnn_predict_control_s_axi
cnn_predict_Pipeline_VITIS_LOOP_38_1
cnn_predict_Pipeline_VITIS_LOOP_77_2_VITIS_LOOP_78_3
cnn_predict_Pipeline_VITIS_LOOP_103_6_VITIS_LOOP_104_7_VITIS_LOOP_105_8
cnn_predict_Pipeline_VITIS_LOOP_121_11_VITIS_LOOP_122_12_VITIS_LOOP_123_13
cnn_predict_Pipeline_VITIS_LOOP_147_17_VITIS_LOOP_148_18_VITIS_LOOP_149_19
cnn_predict_Pipeline_VITIS_LOOP_167_22_VITIS_LOOP_168_23_VITIS_LOOP_169_24
cnn_predict_Pipeline_VITIS_LOOP_180_26
cnn_predict_Pipeline_VITIS_LOOP_192_27
cnn_predict
' expOnly='0'
Execute       source /home/dani/Desktop/SDU_Master/EmbeddedSystems/final_assignment/vitis_hls/cnn_hls/solution1/.autopilot/db/global.setting.tcl 
Execute       ap_part_info -name xczu3eg-sbva484-1-i -data names -quiet 
Execute       ap_part_info -name xczu3eg-sbva484-1-i -data info -quiet 
Execute       source /home/dani/Desktop/SDU_Master/EmbeddedSystems/final_assignment/vitis_hls/cnn_hls/solution1/.autopilot/db/global.setting.tcl 
Execute       source /home/dani/Desktop/SDU_Master/EmbeddedSystems/final_assignment/vitis_hls/cnn_hls/solution1/.autopilot/db/global.setting.tcl 
Execute       source /home/dani/Desktop/SDU_Master/EmbeddedSystems/final_assignment/vitis_hls/cnn_hls/solution1/.autopilot/db/cnn_predict_Pipeline_VITIS_LOOP_38_1.compgen.tcl 
Execute       source /home/dani/Desktop/SDU_Master/EmbeddedSystems/final_assignment/vitis_hls/cnn_hls/solution1/.autopilot/db/cnn_predict_Pipeline_VITIS_LOOP_77_2_VITIS_LOOP_78_3.compgen.tcl 
Execute       source /home/dani/Desktop/SDU_Master/EmbeddedSystems/final_assignment/vitis_hls/cnn_hls/solution1/.autopilot/db/cnn_predict_Pipeline_VITIS_LOOP_103_6_VITIS_LOOP_104_7_VITIS_LOOP_105_8.compgen.tcl 
Execute       source /home/dani/Desktop/SDU_Master/EmbeddedSystems/final_assignment/vitis_hls/cnn_hls/solution1/.autopilot/db/cnn_predict_Pipeline_VITIS_LOOP_121_11_VITIS_LOOP_122_12_VITIS_LOOP_123_13.compgen.tcl 
Execute         ap_part_info -name xczu3eg-sbva484-1-i -data names -quiet 
Execute         ap_part_info -name xczu3eg-sbva484-1-i -data info -quiet 
Execute         ap_part_info -name xczu3eg-sbva484-1-i -data info 
Execute       source /home/dani/Desktop/SDU_Master/EmbeddedSystems/final_assignment/vitis_hls/cnn_hls/solution1/.autopilot/db/cnn_predict_Pipeline_VITIS_LOOP_147_17_VITIS_LOOP_148_18_VITIS_LOOP_149_19.compgen.tcl 
Execute       source /home/dani/Desktop/SDU_Master/EmbeddedSystems/final_assignment/vitis_hls/cnn_hls/solution1/.autopilot/db/cnn_predict_Pipeline_VITIS_LOOP_167_22_VITIS_LOOP_168_23_VITIS_LOOP_169_24.compgen.tcl 
Execute       source /home/dani/Desktop/SDU_Master/EmbeddedSystems/final_assignment/vitis_hls/cnn_hls/solution1/.autopilot/db/cnn_predict_Pipeline_VITIS_LOOP_180_26.compgen.tcl 
Execute       source /home/dani/Desktop/SDU_Master/EmbeddedSystems/final_assignment/vitis_hls/cnn_hls/solution1/.autopilot/db/cnn_predict_Pipeline_VITIS_LOOP_192_27.compgen.tcl 
Execute       source /home/dani/Desktop/SDU_Master/EmbeddedSystems/final_assignment/vitis_hls/cnn_hls/solution1/.autopilot/db/cnn_predict.compgen.tcl 
Execute         source ./control.slave.tcl 
INFO: [HLS 200-111] Finished Generating all RTL models: CPU user time: 1.31 seconds. CPU system time: 0.04 seconds. Elapsed time: 1.34 seconds; current allocated memory: 465.887 MB.
INFO-FLOW: DBG:PROC: ::HLSREPORTS::create_csynth_xml bind_info_var='bind_info' RtlSubPrefix='cnn_predict_' outfile=''
INFO-FLOW: Running: create_csynth_xml read xml data
INFO-FLOW: Done: create_csynth_xml read xml data time: 0 seconds per iteration
INFO-FLOW: Running: create_csynth_xml bind info
INFO-FLOW: Done: create_csynth_xml bind info time: 0 seconds per iteration
INFO-FLOW: Running: create_csynth_xml config info
INFO-FLOW: Done: create_csynth_xml config info time: 0 seconds per iteration
INFO-FLOW: Running: create_csynth_xml write xml
INFO-FLOW: Done: create_csynth_xml write xml time: 0 seconds per iteration
INFO-FLOW: DBG:PUTS:      create_csynth_xml wrote csynth_xml=/home/dani/Desktop/SDU_Master/EmbeddedSystems/final_assignment/vitis_hls/cnn_hls/solution1/syn/report/csynth.xml
INFO-FLOW: DBG:PROC: ::AP::DESIGN_DATA::generate_json generate_bd_files='0' generate_xo_files='0' modelList='cnn_predict_flow_control_loop_pipe_sequential_init
cnn_predict_flow_control_loop_pipe_sequential_init
cnn_predict_flow_control_loop_pipe_sequential_init
cnn_predict_mac_muladd_5ns_5ns_5ns_10_4_1
cnn_predict_cnn_predict_Pipeline_VITIS_LOOP_121_11_VITIS_LOOP_122_12_VITIS_LOOP_123_13_cobkb
cnn_predict_cnn_predict_Pipeline_VITIS_LOOP_121_11_VITIS_LOOP_122_12_VITIS_LOOP_123_13_cocud
cnn_predict_flow_control_loop_pipe_sequential_init
cnn_predict_mul_5ns_6ns_10_1_1
cnn_predict_flow_control_loop_pipe_sequential_init
cnn_predict_flow_control_loop_pipe_sequential_init
cnn_predict_cnn_predict_Pipeline_VITIS_LOOP_180_26_dense1_w_ROM_AUTO_1R
cnn_predict_flow_control_loop_pipe_sequential_init
cnn_predict_cnn_predict_Pipeline_VITIS_LOOP_192_27_output_w_ROM_AUTO_1R
cnn_predict_flow_control_loop_pipe_sequential_init
cnn_predict_fadd_32ns_32ns_32_5_full_dsp_1
cnn_predict_fdiv_32ns_32ns_32_10_no_dsp_1
cnn_predict_fexp_32ns_32ns_32_8_full_dsp_1
cnn_predict_fadd_32ns_32ns_32_5_full_dsp_1
cnn_predict_fmul_32ns_32ns_32_4_max_dsp_1
cnn_predict_fmul_32ns_32ns_32_4_max_dsp_1
cnn_predict_fcmp_32ns_32ns_1_2_no_dsp_1
cnn_predict_img_read_RAM_2P_BRAM_1R1W
cnn_predict_conv1_w_ROM_AUTO_1R
cnn_predict_dense1_b_ROM_AUTO_1R
cnn_predict_layer1_conv_RAM_1WNR_AUTO_1R1W
cnn_predict_layer1_pool_RAM_1WNR_AUTO_1R1W
cnn_predict_layer2_conv_RAM_1WNR_AUTO_1R1W
cnn_predict_layer2_pool_RAM_AUTO_1R1W
cnn_predict_dense_RAM_AUTO_1R1W
cnn_predict_gmem_m_axi
cnn_predict_control_s_axi
cnn_predict_Pipeline_VITIS_LOOP_38_1
cnn_predict_Pipeline_VITIS_LOOP_77_2_VITIS_LOOP_78_3
cnn_predict_Pipeline_VITIS_LOOP_103_6_VITIS_LOOP_104_7_VITIS_LOOP_105_8
cnn_predict_Pipeline_VITIS_LOOP_121_11_VITIS_LOOP_122_12_VITIS_LOOP_123_13
cnn_predict_Pipeline_VITIS_LOOP_147_17_VITIS_LOOP_148_18_VITIS_LOOP_149_19
cnn_predict_Pipeline_VITIS_LOOP_167_22_VITIS_LOOP_168_23_VITIS_LOOP_169_24
cnn_predict_Pipeline_VITIS_LOOP_180_26
cnn_predict_Pipeline_VITIS_LOOP_192_27
cnn_predict
' rtl_lang='both' bootstrap_tcl='false' outdir='' outfilename=''
Execute       source /home/dani/Desktop/SDU_Master/EmbeddedSystems/final_assignment/vitis_hls/cnn_hls/solution1/.autopilot/db/global.setting.tcl 
Execute       source /home/dani/Desktop/SDU_Master/EmbeddedSystems/final_assignment/vitis_hls/cnn_hls/solution1/.autopilot/db/global.setting.tcl 
Execute       source /home/dani/Desktop/SDU_Master/EmbeddedSystems/final_assignment/vitis_hls/cnn_hls/solution1/.autopilot/db/top-io-be.tcl 
Execute       source /home/dani/Desktop/SDU_Master/EmbeddedSystems/final_assignment/vitis_hls/cnn_hls/solution1/.autopilot/db/cnn_predict.tbgen.tcl 
Execute       source /home/dani/Desktop/SDU_Master/EmbeddedSystems/final_assignment/vitis_hls/cnn_hls/solution1/.autopilot/db/cnn_predict.compgen.dataonly.tcl 
Execute       source /home/dani/Desktop/SDU_Master/EmbeddedSystems/final_assignment/vitis_hls/cnn_hls/solution1/.autopilot/db/cnn_predict.compgen.dataonly.tcl 
Execute       source /home/dani/Desktop/SDU_Master/EmbeddedSystems/final_assignment/vitis_hls/cnn_hls/solution1/.autopilot/db/cnn_predict.rtl_wrap.cfg.tcl 
Execute       source /home/dani/Desktop/SDU_Master/EmbeddedSystems/final_assignment/vitis_hls/cnn_hls/solution1/.autopilot/db/cnn_predict.compgen.dataonly.tcl 
Execute       source /home/dani/Desktop/SDU_Master/EmbeddedSystems/final_assignment/vitis_hls/cnn_hls/solution1/.autopilot/db/cnn_predict_Pipeline_VITIS_LOOP_38_1.tbgen.tcl 
Execute       source /home/dani/Desktop/SDU_Master/EmbeddedSystems/final_assignment/vitis_hls/cnn_hls/solution1/.autopilot/db/cnn_predict_Pipeline_VITIS_LOOP_77_2_VITIS_LOOP_78_3.tbgen.tcl 
Execute       source /home/dani/Desktop/SDU_Master/EmbeddedSystems/final_assignment/vitis_hls/cnn_hls/solution1/.autopilot/db/cnn_predict_Pipeline_VITIS_LOOP_103_6_VITIS_LOOP_104_7_VITIS_LOOP_105_8.tbgen.tcl 
Execute       source /home/dani/Desktop/SDU_Master/EmbeddedSystems/final_assignment/vitis_hls/cnn_hls/solution1/.autopilot/db/cnn_predict_Pipeline_VITIS_LOOP_121_11_VITIS_LOOP_122_12_VITIS_LOOP_123_13.tbgen.tcl 
Execute       source /home/dani/Desktop/SDU_Master/EmbeddedSystems/final_assignment/vitis_hls/cnn_hls/solution1/.autopilot/db/cnn_predict_Pipeline_VITIS_LOOP_147_17_VITIS_LOOP_148_18_VITIS_LOOP_149_19.tbgen.tcl 
Execute       source /home/dani/Desktop/SDU_Master/EmbeddedSystems/final_assignment/vitis_hls/cnn_hls/solution1/.autopilot/db/cnn_predict_Pipeline_VITIS_LOOP_167_22_VITIS_LOOP_168_23_VITIS_LOOP_169_24.tbgen.tcl 
Execute       source /home/dani/Desktop/SDU_Master/EmbeddedSystems/final_assignment/vitis_hls/cnn_hls/solution1/.autopilot/db/cnn_predict_Pipeline_VITIS_LOOP_180_26.tbgen.tcl 
Execute       source /home/dani/Desktop/SDU_Master/EmbeddedSystems/final_assignment/vitis_hls/cnn_hls/solution1/.autopilot/db/cnn_predict_Pipeline_VITIS_LOOP_192_27.tbgen.tcl 
Execute       source /home/dani/Desktop/SDU_Master/EmbeddedSystems/final_assignment/vitis_hls/cnn_hls/solution1/.autopilot/db/cnn_predict.tbgen.tcl 
Execute       source /home/dani/Desktop/SDU_Master/EmbeddedSystems/final_assignment/vitis_hls/cnn_hls/solution1/.autopilot/db/global.setting.tcl 
Execute       ap_part_info -name xczu3eg-sbva484-1-i -data names -quiet 
Execute       ap_part_info -name xczu3eg-sbva484-1-i -data info -quiet 
Execute       source /home/dani/Desktop/SDU_Master/EmbeddedSystems/final_assignment/vitis_hls/cnn_hls/solution1/.autopilot/db/cnn_predict.constraint.tcl 
Execute       sc_get_clocks cnn_predict 
Execute       source /home/dani/Desktop/SDU_Master/EmbeddedSystems/final_assignment/vitis_hls/cnn_hls/solution1/.autopilot/db/global.setting.tcl 
Execute       source /home/dani/Desktop/SDU_Master/EmbeddedSystems/final_assignment/vitis_hls/cnn_hls/solution1/impl/misc/cnn_predict_fadd_32ns_32ns_32_5_full_dsp_1_ip.tcl 
Execute       source /home/dani/Desktop/SDU_Master/EmbeddedSystems/final_assignment/vitis_hls/cnn_hls/solution1/impl/misc/cnn_predict_fcmp_32ns_32ns_1_2_no_dsp_1_ip.tcl 
Execute       source /home/dani/Desktop/SDU_Master/EmbeddedSystems/final_assignment/vitis_hls/cnn_hls/solution1/impl/misc/cnn_predict_fdiv_32ns_32ns_32_10_no_dsp_1_ip.tcl 
Execute       source /home/dani/Desktop/SDU_Master/EmbeddedSystems/final_assignment/vitis_hls/cnn_hls/solution1/impl/misc/cnn_predict_fexp_32ns_32ns_32_8_full_dsp_1_ip.tcl 
Execute       source /home/dani/Desktop/SDU_Master/EmbeddedSystems/final_assignment/vitis_hls/cnn_hls/solution1/impl/misc/cnn_predict_fmul_32ns_32ns_32_4_max_dsp_1_ip.tcl 
INFO-FLOW: DBG:PROC: ::HLSREPORTS::add_csynth_report_sections bind_info_dict='adapter_nodes {{BINDTYPE adapter DISPLAY {bind_adapter axilite} ID {} IMPL {} LATENCY {} OPTYPE {} PRAGMA yes RTLNAME control_s_axi_U SOURCE {} VARIABLE {} MODULE cnn_predict LOOP {} BUNDLEDNAME control DSP 0 BRAM 0 URAM 0} {BINDTYPE adapter DISPLAY {bind_adapter axi_master} ID {} IMPL {} LATENCY {} OPTYPE {} PRAGMA yes RTLNAME gmem_m_axi_U SOURCE {} VARIABLE {} MODULE cnn_predict LOOP {} BUNDLEDNAME gmem DSP 0 BRAM 0 URAM 0}} report_dict {TOPINST cnn_predict MODULE2INSTS {cnn_predict cnn_predict cnn_predict_Pipeline_VITIS_LOOP_38_1 grp_cnn_predict_Pipeline_VITIS_LOOP_38_1_fu_330 cnn_predict_Pipeline_VITIS_LOOP_103_6_VITIS_LOOP_104_7_VITIS_LOOP_105_8 grp_cnn_predict_Pipeline_VITIS_LOOP_103_6_VITIS_LOOP_104_7_VITIS_LOOP_105_8_fu_339 cnn_predict_Pipeline_VITIS_LOOP_77_2_VITIS_LOOP_78_3 grp_cnn_predict_Pipeline_VITIS_LOOP_77_2_VITIS_LOOP_78_3_fu_345 cnn_predict_Pipeline_VITIS_LOOP_121_11_VITIS_LOOP_122_12_VITIS_LOOP_123_13 grp_cnn_predict_Pipeline_VITIS_LOOP_121_11_VITIS_LOOP_122_12_VITIS_LOOP_123_13_fu_372 cnn_predict_Pipeline_VITIS_LOOP_147_17_VITIS_LOOP_148_18_VITIS_LOOP_149_19 grp_cnn_predict_Pipeline_VITIS_LOOP_147_17_VITIS_LOOP_148_18_VITIS_LOOP_149_19_fu_382 cnn_predict_Pipeline_VITIS_LOOP_167_22_VITIS_LOOP_168_23_VITIS_LOOP_169_24 grp_cnn_predict_Pipeline_VITIS_LOOP_167_22_VITIS_LOOP_168_23_VITIS_LOOP_169_24_fu_388 cnn_predict_Pipeline_VITIS_LOOP_192_27 grp_cnn_predict_Pipeline_VITIS_LOOP_192_27_fu_394 cnn_predict_Pipeline_VITIS_LOOP_180_26 grp_cnn_predict_Pipeline_VITIS_LOOP_180_26_fu_402} INST2MODULE {cnn_predict cnn_predict grp_cnn_predict_Pipeline_VITIS_LOOP_38_1_fu_330 cnn_predict_Pipeline_VITIS_LOOP_38_1 grp_cnn_predict_Pipeline_VITIS_LOOP_103_6_VITIS_LOOP_104_7_VITIS_LOOP_105_8_fu_339 cnn_predict_Pipeline_VITIS_LOOP_103_6_VITIS_LOOP_104_7_VITIS_LOOP_105_8 grp_cnn_predict_Pipeline_VITIS_LOOP_77_2_VITIS_LOOP_78_3_fu_345 cnn_predict_Pipeline_VITIS_LOOP_77_2_VITIS_LOOP_78_3 grp_cnn_predict_Pipeline_VITIS_LOOP_121_11_VITIS_LOOP_122_12_VITIS_LOOP_123_13_fu_372 cnn_predict_Pipeline_VITIS_LOOP_121_11_VITIS_LOOP_122_12_VITIS_LOOP_123_13 grp_cnn_predict_Pipeline_VITIS_LOOP_147_17_VITIS_LOOP_148_18_VITIS_LOOP_149_19_fu_382 cnn_predict_Pipeline_VITIS_LOOP_147_17_VITIS_LOOP_148_18_VITIS_LOOP_149_19 grp_cnn_predict_Pipeline_VITIS_LOOP_167_22_VITIS_LOOP_168_23_VITIS_LOOP_169_24_fu_388 cnn_predict_Pipeline_VITIS_LOOP_167_22_VITIS_LOOP_168_23_VITIS_LOOP_169_24 grp_cnn_predict_Pipeline_VITIS_LOOP_192_27_fu_394 cnn_predict_Pipeline_VITIS_LOOP_192_27 grp_cnn_predict_Pipeline_VITIS_LOOP_180_26_fu_402 cnn_predict_Pipeline_VITIS_LOOP_180_26} INSTDATA {cnn_predict {DEPTH 1 CHILDREN {grp_cnn_predict_Pipeline_VITIS_LOOP_38_1_fu_330 grp_cnn_predict_Pipeline_VITIS_LOOP_103_6_VITIS_LOOP_104_7_VITIS_LOOP_105_8_fu_339 grp_cnn_predict_Pipeline_VITIS_LOOP_77_2_VITIS_LOOP_78_3_fu_345 grp_cnn_predict_Pipeline_VITIS_LOOP_121_11_VITIS_LOOP_122_12_VITIS_LOOP_123_13_fu_372 grp_cnn_predict_Pipeline_VITIS_LOOP_147_17_VITIS_LOOP_148_18_VITIS_LOOP_149_19_fu_382 grp_cnn_predict_Pipeline_VITIS_LOOP_167_22_VITIS_LOOP_168_23_VITIS_LOOP_169_24_fu_388 grp_cnn_predict_Pipeline_VITIS_LOOP_192_27_fu_394 grp_cnn_predict_Pipeline_VITIS_LOOP_180_26_fu_402}} grp_cnn_predict_Pipeline_VITIS_LOOP_38_1_fu_330 {DEPTH 2 CHILDREN {}} grp_cnn_predict_Pipeline_VITIS_LOOP_103_6_VITIS_LOOP_104_7_VITIS_LOOP_105_8_fu_339 {DEPTH 2 CHILDREN {}} grp_cnn_predict_Pipeline_VITIS_LOOP_77_2_VITIS_LOOP_78_3_fu_345 {DEPTH 2 CHILDREN {}} grp_cnn_predict_Pipeline_VITIS_LOOP_121_11_VITIS_LOOP_122_12_VITIS_LOOP_123_13_fu_372 {DEPTH 2 CHILDREN {}} grp_cnn_predict_Pipeline_VITIS_LOOP_147_17_VITIS_LOOP_148_18_VITIS_LOOP_149_19_fu_382 {DEPTH 2 CHILDREN {}} grp_cnn_predict_Pipeline_VITIS_LOOP_167_22_VITIS_LOOP_168_23_VITIS_LOOP_169_24_fu_388 {DEPTH 2 CHILDREN {}} grp_cnn_predict_Pipeline_VITIS_LOOP_192_27_fu_394 {DEPTH 2 CHILDREN {}} grp_cnn_predict_Pipeline_VITIS_LOOP_180_26_fu_402 {DEPTH 2 CHILDREN {}}} MODULEDATA {cnn_predict_Pipeline_VITIS_LOOP_38_1 {BINDINFO {{BINDTYPE op ID {} IMPL fabric LATENCY 0 OPTYPE add PRAGMA {} RTLNAME add_ln38_fu_482_p2 SOURCE cnn.cpp:38 VARIABLE add_ln38 LOOP VITIS_LOOP_38_1 BUNDLEDNAME {} DSP 0 BRAM 0 URAM 0 DISPNAME {bind_op add}}} AREA {DSP 0 BRAM 0 URAM 0}} cnn_predict_Pipeline_VITIS_LOOP_77_2_VITIS_LOOP_78_3 {BINDINFO {{BINDTYPE op ID {} IMPL fabric LATENCY 0 OPTYPE add PRAGMA {} RTLNAME add_ln77_1_fu_318_p2 SOURCE cnn.cpp:77 VARIABLE add_ln77_1 LOOP VITIS_LOOP_77_2_VITIS_LOOP_78_3 BUNDLEDNAME {} DSP 0 BRAM 0 URAM 0 DISPNAME {bind_op add}} {BINDTYPE op ID {} IMPL fabric LATENCY 0 OPTYPE add PRAGMA {} RTLNAME empty_29_fu_344_p2 SOURCE {} VARIABLE empty_29 LOOP VITIS_LOOP_77_2_VITIS_LOOP_78_3 BUNDLEDNAME {} DSP 0 BRAM 0 URAM 0 DISPNAME {bind_op add}} {BINDTYPE op ID {} IMPL fabric LATENCY 0 OPTYPE add PRAGMA {} RTLNAME p_mid1_fu_358_p2 SOURCE {} VARIABLE p_mid1 LOOP VITIS_LOOP_77_2_VITIS_LOOP_78_3 BUNDLEDNAME {} DSP 0 BRAM 0 URAM 0 DISPNAME {bind_op add}} {BINDTYPE op ID {} IMPL fabric LATENCY 0 OPTYPE add PRAGMA {} RTLNAME add_ln77_fu_380_p2 SOURCE cnn.cpp:77 VARIABLE add_ln77 LOOP VITIS_LOOP_77_2_VITIS_LOOP_78_3 BUNDLEDNAME {} DSP 0 BRAM 0 URAM 0 DISPNAME {bind_op add}} {BINDTYPE op ID {} IMPL fabric LATENCY 0 OPTYPE add PRAGMA {} RTLNAME add_ln90_fu_399_p2 SOURCE cnn.cpp:90 VARIABLE add_ln90 LOOP VITIS_LOOP_77_2_VITIS_LOOP_78_3 BUNDLEDNAME {} DSP 0 BRAM 0 URAM 0 DISPNAME {bind_op add}} {BINDTYPE op ID {} IMPL fabric LATENCY 0 OPTYPE add PRAGMA {} RTLNAME add_ln90_1_fu_431_p2 SOURCE cnn.cpp:90 VARIABLE add_ln90_1 LOOP VITIS_LOOP_77_2_VITIS_LOOP_78_3 BUNDLEDNAME {} DSP 0 BRAM 0 URAM 0 DISPNAME {bind_op add}} {BINDTYPE op ID {} IMPL fabric LATENCY 0 OPTYPE add PRAGMA {} RTLNAME add_ln90_2_fu_452_p2 SOURCE cnn.cpp:90 VARIABLE add_ln90_2 LOOP VITIS_LOOP_77_2_VITIS_LOOP_78_3 BUNDLEDNAME {} DSP 0 BRAM 0 URAM 0 DISPNAME {bind_op add}} {BINDTYPE op ID {} IMPL fabric LATENCY 0 OPTYPE add PRAGMA {} RTLNAME add_ln90_4_fu_462_p2 SOURCE cnn.cpp:90 VARIABLE add_ln90_4 LOOP VITIS_LOOP_77_2_VITIS_LOOP_78_3 BUNDLEDNAME {} DSP 0 BRAM 0 URAM 0 DISPNAME {bind_op add}} {BINDTYPE op ID {} IMPL fabric LATENCY 0 OPTYPE add PRAGMA {} RTLNAME add_ln90_5_fu_483_p2 SOURCE cnn.cpp:90 VARIABLE add_ln90_5 LOOP VITIS_LOOP_77_2_VITIS_LOOP_78_3 BUNDLEDNAME {} DSP 0 BRAM 0 URAM 0 DISPNAME {bind_op add}} {BINDTYPE op ID {} IMPL fabric LATENCY 0 OPTYPE add PRAGMA {} RTLNAME add_ln90_7_fu_494_p2 SOURCE cnn.cpp:90 VARIABLE add_ln90_7 LOOP VITIS_LOOP_77_2_VITIS_LOOP_78_3 BUNDLEDNAME {} DSP 0 BRAM 0 URAM 0 DISPNAME {bind_op add}} {BINDTYPE op ID {} IMPL fabric LATENCY 0 OPTYPE add PRAGMA {} RTLNAME add_ln78_fu_410_p2 SOURCE cnn.cpp:78 VARIABLE add_ln78 LOOP VITIS_LOOP_77_2_VITIS_LOOP_78_3 BUNDLEDNAME {} DSP 0 BRAM 0 URAM 0 DISPNAME {bind_op add}}} AREA {DSP 0 BRAM 0 URAM 0}} cnn_predict_Pipeline_VITIS_LOOP_103_6_VITIS_LOOP_104_7_VITIS_LOOP_105_8 {BINDINFO {{BINDTYPE op ID {} IMPL fabric LATENCY 0 OPTYPE add PRAGMA {} RTLNAME add_ln103_1_fu_241_p2 SOURCE cnn.cpp:103 VARIABLE add_ln103_1 LOOP VITIS_LOOP_103_6_VITIS_LOOP_104_7_VITIS_LOOP_105_8 BUNDLEDNAME {} DSP 0 BRAM 0 URAM 0 DISPNAME {bind_op add}} {BINDTYPE op ID {} IMPL fabric LATENCY 0 OPTYPE add PRAGMA {} RTLNAME add_ln103_fu_256_p2 SOURCE cnn.cpp:103 VARIABLE add_ln103 LOOP VITIS_LOOP_103_6_VITIS_LOOP_104_7_VITIS_LOOP_105_8 BUNDLEDNAME {} DSP 0 BRAM 0 URAM 0 DISPNAME {bind_op add}} {BINDTYPE op ID {} IMPL fabric LATENCY 0 OPTYPE add PRAGMA {} RTLNAME add_ln104_fu_326_p2 SOURCE cnn.cpp:104 VARIABLE add_ln104 LOOP VITIS_LOOP_103_6_VITIS_LOOP_104_7_VITIS_LOOP_105_8 BUNDLEDNAME {} DSP 0 BRAM 0 URAM 0 DISPNAME {bind_op add}} {BINDTYPE op ID {} IMPL fabric LATENCY 0 OPTYPE sub PRAGMA {} RTLNAME sub_ln109_fu_412_p2 SOURCE cnn.cpp:109 VARIABLE sub_ln109 LOOP VITIS_LOOP_103_6_VITIS_LOOP_104_7_VITIS_LOOP_105_8 BUNDLEDNAME {} DSP 0 BRAM 0 URAM 0 DISPNAME {bind_op sub}} {BINDTYPE op ID {} IMPL fabric LATENCY 0 OPTYPE sub PRAGMA {} RTLNAME sub_ln109_1_fu_456_p2 SOURCE cnn.cpp:109 VARIABLE sub_ln109_1 LOOP VITIS_LOOP_103_6_VITIS_LOOP_104_7_VITIS_LOOP_105_8 BUNDLEDNAME {} DSP 0 BRAM 0 URAM 0 DISPNAME {bind_op sub}} {BINDTYPE op ID {} IMPL fabric LATENCY 0 OPTYPE add PRAGMA {} RTLNAME add_ln113_1_fu_480_p2 SOURCE cnn.cpp:113 VARIABLE add_ln113_1 LOOP VITIS_LOOP_103_6_VITIS_LOOP_104_7_VITIS_LOOP_105_8 BUNDLEDNAME {} DSP 0 BRAM 0 URAM 0 DISPNAME {bind_op add}} {BINDTYPE op ID {} IMPL fabric LATENCY 0 OPTYPE add PRAGMA {} RTLNAME add_ln109_fu_498_p2 SOURCE cnn.cpp:109 VARIABLE add_ln109 LOOP VITIS_LOOP_103_6_VITIS_LOOP_104_7_VITIS_LOOP_105_8 BUNDLEDNAME {} DSP 0 BRAM 0 URAM 0 DISPNAME {bind_op add}} {BINDTYPE op ID {} IMPL fabric LATENCY 0 OPTYPE add PRAGMA {} RTLNAME add_ln109_1_fu_527_p2 SOURCE cnn.cpp:109 VARIABLE add_ln109_1 LOOP VITIS_LOOP_103_6_VITIS_LOOP_104_7_VITIS_LOOP_105_8 BUNDLEDNAME {} DSP 0 BRAM 0 URAM 0 DISPNAME {bind_op add}} {BINDTYPE op ID {} IMPL fabric LATENCY 0 OPTYPE add PRAGMA {} RTLNAME add_ln109_2_fu_570_p2 SOURCE cnn.cpp:109 VARIABLE add_ln109_2 LOOP VITIS_LOOP_103_6_VITIS_LOOP_104_7_VITIS_LOOP_105_8 BUNDLEDNAME {} DSP 0 BRAM 0 URAM 0 DISPNAME {bind_op add}} {BINDTYPE op ID {} IMPL fabric LATENCY 0 OPTYPE add PRAGMA {} RTLNAME add_ln109_3_fu_584_p2 SOURCE cnn.cpp:109 VARIABLE add_ln109_3 LOOP VITIS_LOOP_103_6_VITIS_LOOP_104_7_VITIS_LOOP_105_8 BUNDLEDNAME {} DSP 0 BRAM 0 URAM 0 DISPNAME {bind_op add}} {BINDTYPE op ID {} IMPL fabric LATENCY 0 OPTYPE add PRAGMA {} RTLNAME add_ln109_4_fu_603_p2 SOURCE cnn.cpp:109 VARIABLE add_ln109_4 LOOP VITIS_LOOP_103_6_VITIS_LOOP_104_7_VITIS_LOOP_105_8 BUNDLEDNAME {} DSP 0 BRAM 0 URAM 0 DISPNAME {bind_op add}} {BINDTYPE op ID {} IMPL fabric LATENCY 0 OPTYPE add PRAGMA {} RTLNAME add_ln109_5_fu_617_p2 SOURCE cnn.cpp:109 VARIABLE add_ln109_5 LOOP VITIS_LOOP_103_6_VITIS_LOOP_104_7_VITIS_LOOP_105_8 BUNDLEDNAME {} DSP 0 BRAM 0 URAM 0 DISPNAME {bind_op add}} {BINDTYPE op ID {} IMPL fabric LATENCY 0 OPTYPE add PRAGMA {} RTLNAME add_ln105_fu_628_p2 SOURCE cnn.cpp:105 VARIABLE add_ln105 LOOP VITIS_LOOP_103_6_VITIS_LOOP_104_7_VITIS_LOOP_105_8 BUNDLEDNAME {} DSP 0 BRAM 0 URAM 0 DISPNAME {bind_op add}} {BINDTYPE op ID {} IMPL fabric LATENCY 0 OPTYPE add PRAGMA {} RTLNAME add_ln104_1_fu_634_p2 SOURCE cnn.cpp:104 VARIABLE add_ln104_1 LOOP VITIS_LOOP_103_6_VITIS_LOOP_104_7_VITIS_LOOP_105_8 BUNDLEDNAME {} DSP 0 BRAM 0 URAM 0 DISPNAME {bind_op add}}} AREA {DSP 0 BRAM 0 URAM 0}} cnn_predict_Pipeline_VITIS_LOOP_121_11_VITIS_LOOP_122_12_VITIS_LOOP_123_13 {BINDINFO {{BINDTYPE op ID {} IMPL fabric LATENCY 0 OPTYPE add PRAGMA {} RTLNAME empty_fu_1012_p2 SOURCE {} VARIABLE empty LOOP VITIS_LOOP_121_11_VITIS_LOOP_122_12_VITIS_LOOP_123_13 BUNDLEDNAME {} DSP 0 BRAM 0 URAM 0 DISPNAME {bind_op add}} {BINDTYPE op ID {} IMPL fabric LATENCY 0 OPTYPE add PRAGMA {} RTLNAME empty_32_fu_1018_p2 SOURCE {} VARIABLE empty_32 LOOP VITIS_LOOP_121_11_VITIS_LOOP_122_12_VITIS_LOOP_123_13 BUNDLEDNAME {} DSP 0 BRAM 0 URAM 0 DISPNAME {bind_op add}} {BINDTYPE op ID {} IMPL fabric LATENCY 0 OPTYPE add PRAGMA {} RTLNAME add_ln121_7_fu_1030_p2 SOURCE cnn.cpp:121 VARIABLE add_ln121_7 LOOP VITIS_LOOP_121_11_VITIS_LOOP_122_12_VITIS_LOOP_123_13 BUNDLEDNAME {} DSP 0 BRAM 0 URAM 0 DISPNAME {bind_op add}} {BINDTYPE op ID {} IMPL fabric LATENCY 0 OPTYPE add PRAGMA {} RTLNAME add_ln121_fu_1045_p2 SOURCE cnn.cpp:121 VARIABLE add_ln121 LOOP VITIS_LOOP_121_11_VITIS_LOOP_122_12_VITIS_LOOP_123_13 BUNDLEDNAME {} DSP 0 BRAM 0 URAM 0 DISPNAME {bind_op add}} {BINDTYPE op ID {} IMPL fabric LATENCY 0 OPTYPE add PRAGMA {} RTLNAME add_ln133_fu_1078_p2 SOURCE cnn.cpp:133 VARIABLE add_ln133 LOOP VITIS_LOOP_121_11_VITIS_LOOP_122_12_VITIS_LOOP_123_13 BUNDLEDNAME {} DSP 0 BRAM 0 URAM 0 DISPNAME {bind_op add}} {BINDTYPE op ID {} IMPL fabric LATENCY 0 OPTYPE add PRAGMA {} RTLNAME add_ln121_8_fu_1174_p2 SOURCE cnn.cpp:121 VARIABLE add_ln121_8 LOOP VITIS_LOOP_121_11_VITIS_LOOP_122_12_VITIS_LOOP_123_13 BUNDLEDNAME {} DSP 0 BRAM 0 URAM 0 DISPNAME {bind_op add}} {BINDTYPE op ID {} IMPL fabric LATENCY 0 OPTYPE add PRAGMA {} RTLNAME add_ln121_9_fu_1236_p2 SOURCE cnn.cpp:121 VARIABLE add_ln121_9 LOOP VITIS_LOOP_121_11_VITIS_LOOP_122_12_VITIS_LOOP_123_13 BUNDLEDNAME {} DSP 0 BRAM 0 URAM 0 DISPNAME {bind_op add}} {BINDTYPE op ID {} IMPL fabric LATENCY 0 OPTYPE add PRAGMA {} RTLNAME add_ln121_10_fu_1276_p2 SOURCE cnn.cpp:121 VARIABLE add_ln121_10 LOOP VITIS_LOOP_121_11_VITIS_LOOP_122_12_VITIS_LOOP_123_13 BUNDLEDNAME {} DSP 0 BRAM 0 URAM 0 DISPNAME {bind_op add}} {BINDTYPE op ID {} IMPL fabric LATENCY 0 OPTYPE add PRAGMA {} RTLNAME add_ln121_1_fu_1695_p2 SOURCE cnn.cpp:121 VARIABLE add_ln121_1 LOOP VITIS_LOOP_121_11_VITIS_LOOP_122_12_VITIS_LOOP_123_13 BUNDLEDNAME {} DSP 0 BRAM 0 URAM 0 DISPNAME {bind_op add}} {BINDTYPE op ID {} IMPL fabric LATENCY 0 OPTYPE add PRAGMA {} RTLNAME add_ln121_2_fu_1732_p2 SOURCE cnn.cpp:121 VARIABLE add_ln121_2 LOOP VITIS_LOOP_121_11_VITIS_LOOP_122_12_VITIS_LOOP_123_13 BUNDLEDNAME {} DSP 0 BRAM 0 URAM 0 DISPNAME {bind_op add}} {BINDTYPE op ID {} IMPL fabric LATENCY 0 OPTYPE add PRAGMA {} RTLNAME add_ln121_3_fu_1769_p2 SOURCE cnn.cpp:121 VARIABLE add_ln121_3 LOOP VITIS_LOOP_121_11_VITIS_LOOP_122_12_VITIS_LOOP_123_13 BUNDLEDNAME {} DSP 0 BRAM 0 URAM 0 DISPNAME {bind_op add}} {BINDTYPE op ID {} IMPL fabric LATENCY 0 OPTYPE add PRAGMA {} RTLNAME add_ln121_4_fu_1806_p2 SOURCE cnn.cpp:121 VARIABLE add_ln121_4 LOOP VITIS_LOOP_121_11_VITIS_LOOP_122_12_VITIS_LOOP_123_13 BUNDLEDNAME {} DSP 0 BRAM 0 URAM 0 DISPNAME {bind_op add}} {BINDTYPE op ID {} IMPL fabric LATENCY 0 OPTYPE add PRAGMA {} RTLNAME add_ln121_5_fu_2107_p2 SOURCE cnn.cpp:121 VARIABLE add_ln121_5 LOOP VITIS_LOOP_121_11_VITIS_LOOP_122_12_VITIS_LOOP_123_13 BUNDLEDNAME {} DSP 0 BRAM 0 URAM 0 DISPNAME {bind_op add}} {BINDTYPE op ID {} IMPL fabric LATENCY 0 OPTYPE add PRAGMA {} RTLNAME add_ln121_6_fu_2144_p2 SOURCE cnn.cpp:121 VARIABLE add_ln121_6 LOOP VITIS_LOOP_121_11_VITIS_LOOP_122_12_VITIS_LOOP_123_13 BUNDLEDNAME {} DSP 0 BRAM 0 URAM 0 DISPNAME {bind_op add}} {BINDTYPE op ID {} IMPL fabric LATENCY 0 OPTYPE add PRAGMA {} RTLNAME p_dup45_fu_1321_p2 SOURCE cnn.cpp:121 VARIABLE p_dup45 LOOP VITIS_LOOP_121_11_VITIS_LOOP_122_12_VITIS_LOOP_123_13 BUNDLEDNAME {} DSP 0 BRAM 0 URAM 0 DISPNAME {bind_op add}} {BINDTYPE op ID {} IMPL fabric LATENCY 0 OPTYPE sub PRAGMA {} RTLNAME sub_ln135_fu_1369_p2 SOURCE cnn.cpp:135 VARIABLE sub_ln135 LOOP VITIS_LOOP_121_11_VITIS_LOOP_122_12_VITIS_LOOP_123_13 BUNDLEDNAME {} DSP 0 BRAM 0 URAM 0 DISPNAME {bind_op sub}} {BINDTYPE op ID {} IMPL dsp48 LATENCY 3 OPTYPE mul PRAGMA {} RTLNAME mac_muladd_5ns_5ns_5ns_10_4_1_U53 SOURCE cnn.cpp:139 VARIABLE mul_ln139 LOOP VITIS_LOOP_121_11_VITIS_LOOP_122_12_VITIS_LOOP_123_13 BUNDLEDNAME {} DSP 1 BRAM 0 URAM 0 DISPNAME {bind_op mul}} {BINDTYPE op ID {} IMPL fabric LATENCY 0 OPTYPE add PRAGMA {} RTLNAME p_mid148_fu_1375_p2 SOURCE cnn.cpp:121 VARIABLE p_mid148 LOOP VITIS_LOOP_121_11_VITIS_LOOP_122_12_VITIS_LOOP_123_13 BUNDLEDNAME {} DSP 0 BRAM 0 URAM 0 DISPNAME {bind_op add}} {BINDTYPE op ID {} IMPL fabric LATENCY 0 OPTYPE sub PRAGMA {} RTLNAME sub_ln135_1_fu_1831_p2 SOURCE cnn.cpp:135 VARIABLE sub_ln135_1 LOOP VITIS_LOOP_121_11_VITIS_LOOP_122_12_VITIS_LOOP_123_13 BUNDLEDNAME {} DSP 0 BRAM 0 URAM 0 DISPNAME {bind_op sub}} {BINDTYPE op ID {} IMPL fabric LATENCY 0 OPTYPE add PRAGMA {} RTLNAME p_mid150_fu_1389_p2 SOURCE cnn.cpp:121 VARIABLE p_mid150 LOOP VITIS_LOOP_121_11_VITIS_LOOP_122_12_VITIS_LOOP_123_13 BUNDLEDNAME {} DSP 0 BRAM 0 URAM 0 DISPNAME {bind_op add}} {BINDTYPE op ID {} IMPL fabric LATENCY 0 OPTYPE sub PRAGMA {} RTLNAME sub_ln135_2_fu_2169_p2 SOURCE cnn.cpp:135 VARIABLE sub_ln135_2 LOOP VITIS_LOOP_121_11_VITIS_LOOP_122_12_VITIS_LOOP_123_13 BUNDLEDNAME {} DSP 0 BRAM 0 URAM 0 DISPNAME {bind_op sub}} {BINDTYPE op ID {} IMPL fabric LATENCY 0 OPTYPE add PRAGMA {} RTLNAME add_ln135_fu_1411_p2 SOURCE cnn.cpp:135 VARIABLE add_ln135 LOOP VITIS_LOOP_121_11_VITIS_LOOP_122_12_VITIS_LOOP_123_13 BUNDLEDNAME {} DSP 0 BRAM 0 URAM 0 DISPNAME {bind_op add}} {BINDTYPE op ID {} IMPL fabric LATENCY 0 OPTYPE add PRAGMA {} RTLNAME add_ln135_1_fu_1844_p2 SOURCE cnn.cpp:135 VARIABLE add_ln135_1 LOOP VITIS_LOOP_121_11_VITIS_LOOP_122_12_VITIS_LOOP_123_13 BUNDLEDNAME {} DSP 0 BRAM 0 URAM 0 DISPNAME {bind_op add}} {BINDTYPE op ID {} IMPL fabric LATENCY 0 OPTYPE add PRAGMA {} RTLNAME add_ln135_2_fu_2185_p2 SOURCE cnn.cpp:135 VARIABLE add_ln135_2 LOOP VITIS_LOOP_121_11_VITIS_LOOP_122_12_VITIS_LOOP_123_13 BUNDLEDNAME {} DSP 0 BRAM 0 URAM 0 DISPNAME {bind_op add}} {BINDTYPE op ID {} IMPL dsp48 LATENCY 3 OPTYPE add PRAGMA {} RTLNAME mac_muladd_5ns_5ns_5ns_10_4_1_U53 SOURCE cnn.cpp:139 VARIABLE add_ln139 LOOP VITIS_LOOP_121_11_VITIS_LOOP_122_12_VITIS_LOOP_123_13 BUNDLEDNAME {} DSP 1 BRAM 0 URAM 0 DISPNAME {bind_op add}} {BINDTYPE op ID {} IMPL fabric LATENCY 0 OPTYPE add PRAGMA {} RTLNAME add_ln139_1_fu_2365_p2 SOURCE cnn.cpp:139 VARIABLE add_ln139_1 LOOP VITIS_LOOP_121_11_VITIS_LOOP_122_12_VITIS_LOOP_123_13 BUNDLEDNAME {} DSP 0 BRAM 0 URAM 0 DISPNAME {bind_op add}} {BINDTYPE op ID {} IMPL maxdsp LATENCY 3 OPTYPE fmul PRAGMA {} RTLNAME fmul_32ns_32ns_32_4_max_dsp_1_U42 SOURCE cnn.cpp:135 VARIABLE mul3_0_0_2 LOOP VITIS_LOOP_121_11_VITIS_LOOP_122_12_VITIS_LOOP_123_13 BUNDLEDNAME {} DSP 3 BRAM 0 URAM 0 DISPNAME {bind_op fmul}} {BINDTYPE op ID {} IMPL maxdsp LATENCY 3 OPTYPE fmul PRAGMA {} RTLNAME fmul_32ns_32ns_32_4_max_dsp_1_U43 SOURCE cnn.cpp:135 VARIABLE mul3_0_0_3 LOOP VITIS_LOOP_121_11_VITIS_LOOP_122_12_VITIS_LOOP_123_13 BUNDLEDNAME {} DSP 3 BRAM 0 URAM 0 DISPNAME {bind_op fmul}} {BINDTYPE op ID {} IMPL fabric LATENCY 0 OPTYPE add PRAGMA {} RTLNAME empty_34_fu_1463_p2 SOURCE cnn.cpp:122 VARIABLE empty_34 LOOP VITIS_LOOP_121_11_VITIS_LOOP_122_12_VITIS_LOOP_123_13 BUNDLEDNAME {} DSP 0 BRAM 0 URAM 0 DISPNAME {bind_op add}} {BINDTYPE op ID {} IMPL fabric LATENCY 0 OPTYPE add PRAGMA {} RTLNAME add_ln135_3_fu_1477_p2 SOURCE cnn.cpp:135 VARIABLE add_ln135_3 LOOP VITIS_LOOP_121_11_VITIS_LOOP_122_12_VITIS_LOOP_123_13 BUNDLEDNAME {} DSP 0 BRAM 0 URAM 0 DISPNAME {bind_op add}} {BINDTYPE op ID {} IMPL fabric LATENCY 0 OPTYPE add PRAGMA {} RTLNAME add_ln135_4_fu_1903_p2 SOURCE cnn.cpp:135 VARIABLE add_ln135_4 LOOP VITIS_LOOP_121_11_VITIS_LOOP_122_12_VITIS_LOOP_123_13 BUNDLEDNAME {} DSP 0 BRAM 0 URAM 0 DISPNAME {bind_op add}} {BINDTYPE op ID {} IMPL fabric LATENCY 0 OPTYPE add PRAGMA {} RTLNAME add_ln135_5_fu_2244_p2 SOURCE cnn.cpp:135 VARIABLE add_ln135_5 LOOP VITIS_LOOP_121_11_VITIS_LOOP_122_12_VITIS_LOOP_123_13 BUNDLEDNAME {} DSP 0 BRAM 0 URAM 0 DISPNAME {bind_op add}} {BINDTYPE op ID {} IMPL maxdsp LATENCY 3 OPTYPE fmul PRAGMA {} RTLNAME fmul_32ns_32ns_32_4_max_dsp_1_U44 SOURCE cnn.cpp:135 VARIABLE mul3_0_1 LOOP VITIS_LOOP_121_11_VITIS_LOOP_122_12_VITIS_LOOP_123_13 BUNDLEDNAME {} DSP 3 BRAM 0 URAM 0 DISPNAME {bind_op fmul}} {BINDTYPE op ID {} IMPL maxdsp LATENCY 3 OPTYPE fmul PRAGMA {} RTLNAME fmul_32ns_32ns_32_4_max_dsp_1_U45 SOURCE cnn.cpp:135 VARIABLE mul3_0_1_1 LOOP VITIS_LOOP_121_11_VITIS_LOOP_122_12_VITIS_LOOP_123_13 BUNDLEDNAME {} DSP 3 BRAM 0 URAM 0 DISPNAME {bind_op fmul}} {BINDTYPE op ID {} IMPL maxdsp LATENCY 3 OPTYPE fmul PRAGMA {} RTLNAME fmul_32ns_32ns_32_4_max_dsp_1_U46 SOURCE cnn.cpp:135 VARIABLE mul3_0_1_2 LOOP VITIS_LOOP_121_11_VITIS_LOOP_122_12_VITIS_LOOP_123_13 BUNDLEDNAME {} DSP 3 BRAM 0 URAM 0 DISPNAME {bind_op fmul}} {BINDTYPE op ID {} IMPL fulldsp LATENCY 4 OPTYPE fadd PRAGMA {} RTLNAME fadd_32ns_32ns_32_5_full_dsp_1_U30 SOURCE cnn.cpp:135 VARIABLE sum_9_0_1_2 LOOP VITIS_LOOP_121_11_VITIS_LOOP_122_12_VITIS_LOOP_123_13 BUNDLEDNAME {} DSP 2 BRAM 0 URAM 0 DISPNAME {bind_op fadd}} {BINDTYPE op ID {} IMPL maxdsp LATENCY 3 OPTYPE fmul PRAGMA {} RTLNAME fmul_32ns_32ns_32_4_max_dsp_1_U47 SOURCE cnn.cpp:135 VARIABLE mul3_0_1_3 LOOP VITIS_LOOP_121_11_VITIS_LOOP_122_12_VITIS_LOOP_123_13 BUNDLEDNAME {} DSP 3 BRAM 0 URAM 0 DISPNAME {bind_op fmul}} {BINDTYPE op ID {} IMPL fulldsp LATENCY 4 OPTYPE fadd PRAGMA {} RTLNAME fadd_32ns_32ns_32_5_full_dsp_1_U30 SOURCE cnn.cpp:135 VARIABLE sum_9_0_1_3 LOOP VITIS_LOOP_121_11_VITIS_LOOP_122_12_VITIS_LOOP_123_13 BUNDLEDNAME {} DSP 2 BRAM 0 URAM 0 DISPNAME {bind_op fadd}} {BINDTYPE op ID {} IMPL fabric LATENCY 0 OPTYPE add PRAGMA {} RTLNAME empty_35_fu_1529_p2 SOURCE cnn.cpp:122 VARIABLE empty_35 LOOP VITIS_LOOP_121_11_VITIS_LOOP_122_12_VITIS_LOOP_123_13 BUNDLEDNAME {} DSP 0 BRAM 0 URAM 0 DISPNAME {bind_op add}} {BINDTYPE op ID {} IMPL fabric LATENCY 0 OPTYPE add PRAGMA {} RTLNAME add_ln135_6_fu_1543_p2 SOURCE cnn.cpp:135 VARIABLE add_ln135_6 LOOP VITIS_LOOP_121_11_VITIS_LOOP_122_12_VITIS_LOOP_123_13 BUNDLEDNAME {} DSP 0 BRAM 0 URAM 0 DISPNAME {bind_op add}} {BINDTYPE op ID {} IMPL fabric LATENCY 0 OPTYPE add PRAGMA {} RTLNAME add_ln135_7_fu_1962_p2 SOURCE cnn.cpp:135 VARIABLE add_ln135_7 LOOP VITIS_LOOP_121_11_VITIS_LOOP_122_12_VITIS_LOOP_123_13 BUNDLEDNAME {} DSP 0 BRAM 0 URAM 0 DISPNAME {bind_op add}} {BINDTYPE op ID {} IMPL fabric LATENCY 0 OPTYPE add PRAGMA {} RTLNAME add_ln135_8_fu_2303_p2 SOURCE cnn.cpp:135 VARIABLE add_ln135_8 LOOP VITIS_LOOP_121_11_VITIS_LOOP_122_12_VITIS_LOOP_123_13 BUNDLEDNAME {} DSP 0 BRAM 0 URAM 0 DISPNAME {bind_op add}} {BINDTYPE op ID {} IMPL maxdsp LATENCY 3 OPTYPE fmul PRAGMA {} RTLNAME fmul_32ns_32ns_32_4_max_dsp_1_U48 SOURCE cnn.cpp:135 VARIABLE mul3_0_2 LOOP VITIS_LOOP_121_11_VITIS_LOOP_122_12_VITIS_LOOP_123_13 BUNDLEDNAME {} DSP 3 BRAM 0 URAM 0 DISPNAME {bind_op fmul}} {BINDTYPE op ID {} IMPL fulldsp LATENCY 4 OPTYPE fadd PRAGMA {} RTLNAME fadd_32ns_32ns_32_5_full_dsp_1_U30 SOURCE cnn.cpp:135 VARIABLE sum_9_0_2 LOOP VITIS_LOOP_121_11_VITIS_LOOP_122_12_VITIS_LOOP_123_13 BUNDLEDNAME {} DSP 2 BRAM 0 URAM 0 DISPNAME {bind_op fadd}} {BINDTYPE op ID {} IMPL maxdsp LATENCY 3 OPTYPE fmul PRAGMA {} RTLNAME fmul_32ns_32ns_32_4_max_dsp_1_U49 SOURCE cnn.cpp:135 VARIABLE mul3_0_2_1 LOOP VITIS_LOOP_121_11_VITIS_LOOP_122_12_VITIS_LOOP_123_13 BUNDLEDNAME {} DSP 3 BRAM 0 URAM 0 DISPNAME {bind_op fmul}} {BINDTYPE op ID {} IMPL fulldsp LATENCY 4 OPTYPE fadd PRAGMA {} RTLNAME fadd_32ns_32ns_32_5_full_dsp_1_U31 SOURCE cnn.cpp:135 VARIABLE sum_9_0_2_1 LOOP VITIS_LOOP_121_11_VITIS_LOOP_122_12_VITIS_LOOP_123_13 BUNDLEDNAME {} DSP 2 BRAM 0 URAM 0 DISPNAME {bind_op fadd}} {BINDTYPE op ID {} IMPL maxdsp LATENCY 3 OPTYPE fmul PRAGMA {} RTLNAME fmul_32ns_32ns_32_4_max_dsp_1_U50 SOURCE cnn.cpp:135 VARIABLE mul3_0_2_2 LOOP VITIS_LOOP_121_11_VITIS_LOOP_122_12_VITIS_LOOP_123_13 BUNDLEDNAME {} DSP 3 BRAM 0 URAM 0 DISPNAME {bind_op fmul}} {BINDTYPE op ID {} IMPL fulldsp LATENCY 4 OPTYPE fadd PRAGMA {} RTLNAME fadd_32ns_32ns_32_5_full_dsp_1_U31 SOURCE cnn.cpp:135 VARIABLE sum_9_0_2_2 LOOP VITIS_LOOP_121_11_VITIS_LOOP_122_12_VITIS_LOOP_123_13 BUNDLEDNAME {} DSP 2 BRAM 0 URAM 0 DISPNAME {bind_op fadd}} {BINDTYPE op ID {} IMPL maxdsp LATENCY 3 OPTYPE fmul PRAGMA {} RTLNAME fmul_32ns_32ns_32_4_max_dsp_1_U51 SOURCE cnn.cpp:135 VARIABLE mul3_0_2_3 LOOP VITIS_LOOP_121_11_VITIS_LOOP_122_12_VITIS_LOOP_123_13 BUNDLEDNAME {} DSP 3 BRAM 0 URAM 0 DISPNAME {bind_op fmul}} {BINDTYPE op ID {} IMPL fulldsp LATENCY 4 OPTYPE fadd PRAGMA {} RTLNAME fadd_32ns_32ns_32_5_full_dsp_1_U31 SOURCE cnn.cpp:135 VARIABLE sum_9_0_2_3 LOOP VITIS_LOOP_121_11_VITIS_LOOP_122_12_VITIS_LOOP_123_13 BUNDLEDNAME {} DSP 2 BRAM 0 URAM 0 DISPNAME {bind_op fadd}} {BINDTYPE op ID {} IMPL fulldsp LATENCY 4 OPTYPE fadd PRAGMA {} RTLNAME fadd_32ns_32ns_32_5_full_dsp_1_U32 SOURCE cnn.cpp:135 VARIABLE sum_9_1 LOOP VITIS_LOOP_121_11_VITIS_LOOP_122_12_VITIS_LOOP_123_13 BUNDLEDNAME {} DSP 2 BRAM 0 URAM 0 DISPNAME {bind_op fadd}} {BINDTYPE op ID {} IMPL fulldsp LATENCY 4 OPTYPE fadd PRAGMA {} RTLNAME fadd_32ns_32ns_32_5_full_dsp_1_U32 SOURCE cnn.cpp:135 VARIABLE sum_9_1_0_1 LOOP VITIS_LOOP_121_11_VITIS_LOOP_122_12_VITIS_LOOP_123_13 BUNDLEDNAME {} DSP 2 BRAM 0 URAM 0 DISPNAME {bind_op fadd}} {BINDTYPE op ID {} IMPL maxdsp LATENCY 3 OPTYPE fmul PRAGMA {} RTLNAME fmul_32ns_32ns_32_4_max_dsp_1_U42 SOURCE cnn.cpp:135 VARIABLE mul3_1_0_2 LOOP VITIS_LOOP_121_11_VITIS_LOOP_122_12_VITIS_LOOP_123_13 BUNDLEDNAME {} DSP 3 BRAM 0 URAM 0 DISPNAME {bind_op fmul}} {BINDTYPE op ID {} IMPL fulldsp LATENCY 4 OPTYPE fadd PRAGMA {} RTLNAME fadd_32ns_32ns_32_5_full_dsp_1_U32 SOURCE cnn.cpp:135 VARIABLE sum_9_1_0_2 LOOP VITIS_LOOP_121_11_VITIS_LOOP_122_12_VITIS_LOOP_123_13 BUNDLEDNAME {} DSP 2 BRAM 0 URAM 0 DISPNAME {bind_op fadd}} {BINDTYPE op ID {} IMPL maxdsp LATENCY 3 OPTYPE fmul PRAGMA {} RTLNAME fmul_32ns_32ns_32_4_max_dsp_1_U43 SOURCE cnn.cpp:135 VARIABLE mul3_1_0_3 LOOP VITIS_LOOP_121_11_VITIS_LOOP_122_12_VITIS_LOOP_123_13 BUNDLEDNAME {} DSP 3 BRAM 0 URAM 0 DISPNAME {bind_op fmul}} {BINDTYPE op ID {} IMPL fulldsp LATENCY 4 OPTYPE fadd PRAGMA {} RTLNAME fadd_32ns_32ns_32_5_full_dsp_1_U33 SOURCE cnn.cpp:135 VARIABLE sum_9_1_0_3 LOOP VITIS_LOOP_121_11_VITIS_LOOP_122_12_VITIS_LOOP_123_13 BUNDLEDNAME {} DSP 2 BRAM 0 URAM 0 DISPNAME {bind_op fadd}} {BINDTYPE op ID {} IMPL maxdsp LATENCY 3 OPTYPE fmul PRAGMA {} RTLNAME fmul_32ns_32ns_32_4_max_dsp_1_U44 SOURCE cnn.cpp:135 VARIABLE mul3_1_1 LOOP VITIS_LOOP_121_11_VITIS_LOOP_122_12_VITIS_LOOP_123_13 BUNDLEDNAME {} DSP 3 BRAM 0 URAM 0 DISPNAME {bind_op fmul}} {BINDTYPE op ID {} IMPL fulldsp LATENCY 4 OPTYPE fadd PRAGMA {} RTLNAME fadd_32ns_32ns_32_5_full_dsp_1_U33 SOURCE cnn.cpp:135 VARIABLE sum_9_1_1 LOOP VITIS_LOOP_121_11_VITIS_LOOP_122_12_VITIS_LOOP_123_13 BUNDLEDNAME {} DSP 2 BRAM 0 URAM 0 DISPNAME {bind_op fadd}} {BINDTYPE op ID {} IMPL maxdsp LATENCY 3 OPTYPE fmul PRAGMA {} RTLNAME fmul_32ns_32ns_32_4_max_dsp_1_U45 SOURCE cnn.cpp:135 VARIABLE mul3_1_1_1 LOOP VITIS_LOOP_121_11_VITIS_LOOP_122_12_VITIS_LOOP_123_13 BUNDLEDNAME {} DSP 3 BRAM 0 URAM 0 DISPNAME {bind_op fmul}} {BINDTYPE op ID {} IMPL fulldsp LATENCY 4 OPTYPE fadd PRAGMA {} RTLNAME fadd_32ns_32ns_32_5_full_dsp_1_U33 SOURCE cnn.cpp:135 VARIABLE sum_9_1_1_1 LOOP VITIS_LOOP_121_11_VITIS_LOOP_122_12_VITIS_LOOP_123_13 BUNDLEDNAME {} DSP 2 BRAM 0 URAM 0 DISPNAME {bind_op fadd}} {BINDTYPE op ID {} IMPL maxdsp LATENCY 3 OPTYPE fmul PRAGMA {} RTLNAME fmul_32ns_32ns_32_4_max_dsp_1_U46 SOURCE cnn.cpp:135 VARIABLE mul3_1_1_2 LOOP VITIS_LOOP_121_11_VITIS_LOOP_122_12_VITIS_LOOP_123_13 BUNDLEDNAME {} DSP 3 BRAM 0 URAM 0 DISPNAME {bind_op fmul}} {BINDTYPE op ID {} IMPL fulldsp LATENCY 4 OPTYPE fadd PRAGMA {} RTLNAME fadd_32ns_32ns_32_5_full_dsp_1_U34 SOURCE cnn.cpp:135 VARIABLE sum_9_1_1_2 LOOP VITIS_LOOP_121_11_VITIS_LOOP_122_12_VITIS_LOOP_123_13 BUNDLEDNAME {} DSP 2 BRAM 0 URAM 0 DISPNAME {bind_op fadd}} {BINDTYPE op ID {} IMPL maxdsp LATENCY 3 OPTYPE fmul PRAGMA {} RTLNAME fmul_32ns_32ns_32_4_max_dsp_1_U47 SOURCE cnn.cpp:135 VARIABLE mul3_1_1_3 LOOP VITIS_LOOP_121_11_VITIS_LOOP_122_12_VITIS_LOOP_123_13 BUNDLEDNAME {} DSP 3 BRAM 0 URAM 0 DISPNAME {bind_op fmul}} {BINDTYPE op ID {} IMPL fulldsp LATENCY 4 OPTYPE fadd PRAGMA {} RTLNAME fadd_32ns_32ns_32_5_full_dsp_1_U34 SOURCE cnn.cpp:135 VARIABLE sum_9_1_1_3 LOOP VITIS_LOOP_121_11_VITIS_LOOP_122_12_VITIS_LOOP_123_13 BUNDLEDNAME {} DSP 2 BRAM 0 URAM 0 DISPNAME {bind_op fadd}} {BINDTYPE op ID {} IMPL maxdsp LATENCY 3 OPTYPE fmul PRAGMA {} RTLNAME fmul_32ns_32ns_32_4_max_dsp_1_U48 SOURCE cnn.cpp:135 VARIABLE mul3_1_2 LOOP VITIS_LOOP_121_11_VITIS_LOOP_122_12_VITIS_LOOP_123_13 BUNDLEDNAME {} DSP 3 BRAM 0 URAM 0 DISPNAME {bind_op fmul}} {BINDTYPE op ID {} IMPL fulldsp LATENCY 4 OPTYPE fadd PRAGMA {} RTLNAME fadd_32ns_32ns_32_5_full_dsp_1_U34 SOURCE cnn.cpp:135 VARIABLE sum_9_1_2 LOOP VITIS_LOOP_121_11_VITIS_LOOP_122_12_VITIS_LOOP_123_13 BUNDLEDNAME {} DSP 2 BRAM 0 URAM 0 DISPNAME {bind_op fadd}} {BINDTYPE op ID {} IMPL maxdsp LATENCY 3 OPTYPE fmul PRAGMA {} RTLNAME fmul_32ns_32ns_32_4_max_dsp_1_U49 SOURCE cnn.cpp:135 VARIABLE mul3_1_2_1 LOOP VITIS_LOOP_121_11_VITIS_LOOP_122_12_VITIS_LOOP_123_13 BUNDLEDNAME {} DSP 3 BRAM 0 URAM 0 DISPNAME {bind_op fmul}} {BINDTYPE op ID {} IMPL fulldsp LATENCY 4 OPTYPE fadd PRAGMA {} RTLNAME fadd_32ns_32ns_32_5_full_dsp_1_U35 SOURCE cnn.cpp:135 VARIABLE sum_9_1_2_1 LOOP VITIS_LOOP_121_11_VITIS_LOOP_122_12_VITIS_LOOP_123_13 BUNDLEDNAME {} DSP 2 BRAM 0 URAM 0 DISPNAME {bind_op fadd}} {BINDTYPE op ID {} IMPL maxdsp LATENCY 3 OPTYPE fmul PRAGMA {} RTLNAME fmul_32ns_32ns_32_4_max_dsp_1_U50 SOURCE cnn.cpp:135 VARIABLE mul3_1_2_2 LOOP VITIS_LOOP_121_11_VITIS_LOOP_122_12_VITIS_LOOP_123_13 BUNDLEDNAME {} DSP 3 BRAM 0 URAM 0 DISPNAME {bind_op fmul}} {BINDTYPE op ID {} IMPL fulldsp LATENCY 4 OPTYPE fadd PRAGMA {} RTLNAME fadd_32ns_32ns_32_5_full_dsp_1_U35 SOURCE cnn.cpp:135 VARIABLE sum_9_1_2_2 LOOP VITIS_LOOP_121_11_VITIS_LOOP_122_12_VITIS_LOOP_123_13 BUNDLEDNAME {} DSP 2 BRAM 0 URAM 0 DISPNAME {bind_op fadd}} {BINDTYPE op ID {} IMPL maxdsp LATENCY 3 OPTYPE fmul PRAGMA {} RTLNAME fmul_32ns_32ns_32_4_max_dsp_1_U51 SOURCE cnn.cpp:135 VARIABLE mul3_1_2_3 LOOP VITIS_LOOP_121_11_VITIS_LOOP_122_12_VITIS_LOOP_123_13 BUNDLEDNAME {} DSP 3 BRAM 0 URAM 0 DISPNAME {bind_op fmul}} {BINDTYPE op ID {} IMPL fulldsp LATENCY 4 OPTYPE fadd PRAGMA {} RTLNAME fadd_32ns_32ns_32_5_full_dsp_1_U35 SOURCE cnn.cpp:135 VARIABLE sum_9_1_2_3 LOOP VITIS_LOOP_121_11_VITIS_LOOP_122_12_VITIS_LOOP_123_13 BUNDLEDNAME {} DSP 2 BRAM 0 URAM 0 DISPNAME {bind_op fadd}} {BINDTYPE op ID {} IMPL fulldsp LATENCY 4 OPTYPE fadd PRAGMA {} RTLNAME fadd_32ns_32ns_32_5_full_dsp_1_U36 SOURCE cnn.cpp:135 VARIABLE sum_9_2 LOOP VITIS_LOOP_121_11_VITIS_LOOP_122_12_VITIS_LOOP_123_13 BUNDLEDNAME {} DSP 2 BRAM 0 URAM 0 DISPNAME {bind_op fadd}} {BINDTYPE op ID {} IMPL fulldsp LATENCY 4 OPTYPE fadd PRAGMA {} RTLNAME fadd_32ns_32ns_32_5_full_dsp_1_U36 SOURCE cnn.cpp:135 VARIABLE sum_9_2_0_1 LOOP VITIS_LOOP_121_11_VITIS_LOOP_122_12_VITIS_LOOP_123_13 BUNDLEDNAME {} DSP 2 BRAM 0 URAM 0 DISPNAME {bind_op fadd}} {BINDTYPE op ID {} IMPL maxdsp LATENCY 3 OPTYPE fmul PRAGMA {} RTLNAME fmul_32ns_32ns_32_4_max_dsp_1_U42 SOURCE cnn.cpp:135 VARIABLE mul3_2_0_2 LOOP VITIS_LOOP_121_11_VITIS_LOOP_122_12_VITIS_LOOP_123_13 BUNDLEDNAME {} DSP 3 BRAM 0 URAM 0 DISPNAME {bind_op fmul}} {BINDTYPE op ID {} IMPL fulldsp LATENCY 4 OPTYPE fadd PRAGMA {} RTLNAME fadd_32ns_32ns_32_5_full_dsp_1_U36 SOURCE cnn.cpp:135 VARIABLE sum_9_2_0_2 LOOP VITIS_LOOP_121_11_VITIS_LOOP_122_12_VITIS_LOOP_123_13 BUNDLEDNAME {} DSP 2 BRAM 0 URAM 0 DISPNAME {bind_op fadd}} {BINDTYPE op ID {} IMPL maxdsp LATENCY 3 OPTYPE fmul PRAGMA {} RTLNAME fmul_32ns_32ns_32_4_max_dsp_1_U43 SOURCE cnn.cpp:135 VARIABLE mul3_2_0_3 LOOP VITIS_LOOP_121_11_VITIS_LOOP_122_12_VITIS_LOOP_123_13 BUNDLEDNAME {} DSP 3 BRAM 0 URAM 0 DISPNAME {bind_op fmul}} {BINDTYPE op ID {} IMPL fulldsp LATENCY 4 OPTYPE fadd PRAGMA {} RTLNAME fadd_32ns_32ns_32_5_full_dsp_1_U37 SOURCE cnn.cpp:135 VARIABLE sum_9_2_0_3 LOOP VITIS_LOOP_121_11_VITIS_LOOP_122_12_VITIS_LOOP_123_13 BUNDLEDNAME {} DSP 2 BRAM 0 URAM 0 DISPNAME {bind_op fadd}} {BINDTYPE op ID {} IMPL maxdsp LATENCY 3 OPTYPE fmul PRAGMA {} RTLNAME fmul_32ns_32ns_32_4_max_dsp_1_U44 SOURCE cnn.cpp:135 VARIABLE mul3_2_1 LOOP VITIS_LOOP_121_11_VITIS_LOOP_122_12_VITIS_LOOP_123_13 BUNDLEDNAME {} DSP 3 BRAM 0 URAM 0 DISPNAME {bind_op fmul}} {BINDTYPE op ID {} IMPL fulldsp LATENCY 4 OPTYPE fadd PRAGMA {} RTLNAME fadd_32ns_32ns_32_5_full_dsp_1_U37 SOURCE cnn.cpp:135 VARIABLE sum_9_2_1 LOOP VITIS_LOOP_121_11_VITIS_LOOP_122_12_VITIS_LOOP_123_13 BUNDLEDNAME {} DSP 2 BRAM 0 URAM 0 DISPNAME {bind_op fadd}} {BINDTYPE op ID {} IMPL maxdsp LATENCY 3 OPTYPE fmul PRAGMA {} RTLNAME fmul_32ns_32ns_32_4_max_dsp_1_U45 SOURCE cnn.cpp:135 VARIABLE mul3_2_1_1 LOOP VITIS_LOOP_121_11_VITIS_LOOP_122_12_VITIS_LOOP_123_13 BUNDLEDNAME {} DSP 3 BRAM 0 URAM 0 DISPNAME {bind_op fmul}} {BINDTYPE op ID {} IMPL fulldsp LATENCY 4 OPTYPE fadd PRAGMA {} RTLNAME fadd_32ns_32ns_32_5_full_dsp_1_U37 SOURCE cnn.cpp:135 VARIABLE sum_9_2_1_1 LOOP VITIS_LOOP_121_11_VITIS_LOOP_122_12_VITIS_LOOP_123_13 BUNDLEDNAME {} DSP 2 BRAM 0 URAM 0 DISPNAME {bind_op fadd}} {BINDTYPE op ID {} IMPL maxdsp LATENCY 3 OPTYPE fmul PRAGMA {} RTLNAME fmul_32ns_32ns_32_4_max_dsp_1_U46 SOURCE cnn.cpp:135 VARIABLE mul3_2_1_2 LOOP VITIS_LOOP_121_11_VITIS_LOOP_122_12_VITIS_LOOP_123_13 BUNDLEDNAME {} DSP 3 BRAM 0 URAM 0 DISPNAME {bind_op fmul}} {BINDTYPE op ID {} IMPL fulldsp LATENCY 4 OPTYPE fadd PRAGMA {} RTLNAME fadd_32ns_32ns_32_5_full_dsp_1_U38 SOURCE cnn.cpp:135 VARIABLE sum_9_2_1_2 LOOP VITIS_LOOP_121_11_VITIS_LOOP_122_12_VITIS_LOOP_123_13 BUNDLEDNAME {} DSP 2 BRAM 0 URAM 0 DISPNAME {bind_op fadd}} {BINDTYPE op ID {} IMPL maxdsp LATENCY 3 OPTYPE fmul PRAGMA {} RTLNAME fmul_32ns_32ns_32_4_max_dsp_1_U47 SOURCE cnn.cpp:135 VARIABLE mul3_2_1_3 LOOP VITIS_LOOP_121_11_VITIS_LOOP_122_12_VITIS_LOOP_123_13 BUNDLEDNAME {} DSP 3 BRAM 0 URAM 0 DISPNAME {bind_op fmul}} {BINDTYPE op ID {} IMPL fulldsp LATENCY 4 OPTYPE fadd PRAGMA {} RTLNAME fadd_32ns_32ns_32_5_full_dsp_1_U38 SOURCE cnn.cpp:135 VARIABLE sum_9_2_1_3 LOOP VITIS_LOOP_121_11_VITIS_LOOP_122_12_VITIS_LOOP_123_13 BUNDLEDNAME {} DSP 2 BRAM 0 URAM 0 DISPNAME {bind_op fadd}} {BINDTYPE op ID {} IMPL maxdsp LATENCY 3 OPTYPE fmul PRAGMA {} RTLNAME fmul_32ns_32ns_32_4_max_dsp_1_U48 SOURCE cnn.cpp:135 VARIABLE mul3_2_2 LOOP VITIS_LOOP_121_11_VITIS_LOOP_122_12_VITIS_LOOP_123_13 BUNDLEDNAME {} DSP 3 BRAM 0 URAM 0 DISPNAME {bind_op fmul}} {BINDTYPE op ID {} IMPL fulldsp LATENCY 4 OPTYPE fadd PRAGMA {} RTLNAME fadd_32ns_32ns_32_5_full_dsp_1_U38 SOURCE cnn.cpp:135 VARIABLE sum_9_2_2 LOOP VITIS_LOOP_121_11_VITIS_LOOP_122_12_VITIS_LOOP_123_13 BUNDLEDNAME {} DSP 2 BRAM 0 URAM 0 DISPNAME {bind_op fadd}} {BINDTYPE op ID {} IMPL maxdsp LATENCY 3 OPTYPE fmul PRAGMA {} RTLNAME fmul_32ns_32ns_32_4_max_dsp_1_U49 SOURCE cnn.cpp:135 VARIABLE mul3_2_2_1 LOOP VITIS_LOOP_121_11_VITIS_LOOP_122_12_VITIS_LOOP_123_13 BUNDLEDNAME {} DSP 3 BRAM 0 URAM 0 DISPNAME {bind_op fmul}} {BINDTYPE op ID {} IMPL fulldsp LATENCY 4 OPTYPE fadd PRAGMA {} RTLNAME fadd_32ns_32ns_32_5_full_dsp_1_U39 SOURCE cnn.cpp:135 VARIABLE sum_9_2_2_1 LOOP VITIS_LOOP_121_11_VITIS_LOOP_122_12_VITIS_LOOP_123_13 BUNDLEDNAME {} DSP 2 BRAM 0 URAM 0 DISPNAME {bind_op fadd}} {BINDTYPE op ID {} IMPL maxdsp LATENCY 3 OPTYPE fmul PRAGMA {} RTLNAME fmul_32ns_32ns_32_4_max_dsp_1_U50 SOURCE cnn.cpp:135 VARIABLE mul3_2_2_2 LOOP VITIS_LOOP_121_11_VITIS_LOOP_122_12_VITIS_LOOP_123_13 BUNDLEDNAME {} DSP 3 BRAM 0 URAM 0 DISPNAME {bind_op fmul}} {BINDTYPE op ID {} IMPL fulldsp LATENCY 4 OPTYPE fadd PRAGMA {} RTLNAME fadd_32ns_32ns_32_5_full_dsp_1_U39 SOURCE cnn.cpp:135 VARIABLE sum_9_2_2_2 LOOP VITIS_LOOP_121_11_VITIS_LOOP_122_12_VITIS_LOOP_123_13 BUNDLEDNAME {} DSP 2 BRAM 0 URAM 0 DISPNAME {bind_op fadd}} {BINDTYPE op ID {} IMPL maxdsp LATENCY 3 OPTYPE fmul PRAGMA {} RTLNAME fmul_32ns_32ns_32_4_max_dsp_1_U51 SOURCE cnn.cpp:135 VARIABLE mul3_2_2_3 LOOP VITIS_LOOP_121_11_VITIS_LOOP_122_12_VITIS_LOOP_123_13 BUNDLEDNAME {} DSP 3 BRAM 0 URAM 0 DISPNAME {bind_op fmul}} {BINDTYPE op ID {} IMPL fulldsp LATENCY 4 OPTYPE fadd PRAGMA {} RTLNAME fadd_32ns_32ns_32_5_full_dsp_1_U39 SOURCE cnn.cpp:135 VARIABLE sum_9_2_2_3 LOOP VITIS_LOOP_121_11_VITIS_LOOP_122_12_VITIS_LOOP_123_13 BUNDLEDNAME {} DSP 2 BRAM 0 URAM 0 DISPNAME {bind_op fadd}} {BINDTYPE op ID {} IMPL fabric LATENCY 0 OPTYPE add PRAGMA {} RTLNAME add_ln122_fu_1595_p2 SOURCE cnn.cpp:122 VARIABLE add_ln122 LOOP VITIS_LOOP_121_11_VITIS_LOOP_122_12_VITIS_LOOP_123_13 BUNDLEDNAME {} DSP 0 BRAM 0 URAM 0 DISPNAME {bind_op add}} {BINDTYPE storage ID {} IMPL auto LATENCY 1 OPTYPE rom_1p PRAGMA {} RTLNAME conv2_b_U SOURCE {} VARIABLE conv2_b LOOP {} BUNDLEDNAME {} DSP 0 BRAM 0 URAM 0 DISPNAME {bind_storage rom_1p}} {BINDTYPE storage ID {} IMPL auto LATENCY 1 OPTYPE rom_np PRAGMA {} RTLNAME conv2_w_U SOURCE {} VARIABLE conv2_w LOOP {} BUNDLEDNAME {} DSP 0 BRAM 12 URAM 0 DISPNAME {bind_storage rom_np}}} AREA {DSP 51 BRAM 12 URAM 0}} cnn_predict_Pipeline_VITIS_LOOP_147_17_VITIS_LOOP_148_18_VITIS_LOOP_149_19 {BINDINFO {{BINDTYPE op ID {} IMPL fabric LATENCY 0 OPTYPE add PRAGMA {} RTLNAME add_ln147_1_fu_212_p2 SOURCE cnn.cpp:147 VARIABLE add_ln147_1 LOOP VITIS_LOOP_147_17_VITIS_LOOP_148_18_VITIS_LOOP_149_19 BUNDLEDNAME {} DSP 0 BRAM 0 URAM 0 DISPNAME {bind_op add}} {BINDTYPE op ID {} IMPL fabric LATENCY 0 OPTYPE add PRAGMA {} RTLNAME add_ln147_fu_274_p2 SOURCE cnn.cpp:147 VARIABLE add_ln147 LOOP VITIS_LOOP_147_17_VITIS_LOOP_148_18_VITIS_LOOP_149_19 BUNDLEDNAME {} DSP 0 BRAM 0 URAM 0 DISPNAME {bind_op add}} {BINDTYPE op ID {} IMPL fabric LATENCY 0 OPTYPE add PRAGMA {} RTLNAME add_ln148_fu_333_p2 SOURCE cnn.cpp:148 VARIABLE add_ln148 LOOP VITIS_LOOP_147_17_VITIS_LOOP_148_18_VITIS_LOOP_149_19 BUNDLEDNAME {} DSP 0 BRAM 0 URAM 0 DISPNAME {bind_op add}} {BINDTYPE op ID {} IMPL auto LATENCY 0 OPTYPE mul PRAGMA {} RTLNAME mul_5ns_6ns_10_1_1_U63 SOURCE cnn.cpp:153 VARIABLE mul_ln153 LOOP VITIS_LOOP_147_17_VITIS_LOOP_148_18_VITIS_LOOP_149_19 BUNDLEDNAME {} DSP 0 BRAM 0 URAM 0 DISPNAME {bind_op mul}} {BINDTYPE op ID {} IMPL auto LATENCY 0 OPTYPE mul PRAGMA {} RTLNAME mul_5ns_6ns_10_1_1_U64 SOURCE cnn.cpp:153 VARIABLE mul_ln153_1 LOOP VITIS_LOOP_147_17_VITIS_LOOP_148_18_VITIS_LOOP_149_19 BUNDLEDNAME {} DSP 0 BRAM 0 URAM 0 DISPNAME {bind_op mul}} {BINDTYPE op ID {} IMPL fabric LATENCY 0 OPTYPE add PRAGMA {} RTLNAME add_ln157_1_fu_454_p2 SOURCE cnn.cpp:157 VARIABLE add_ln157_1 LOOP VITIS_LOOP_147_17_VITIS_LOOP_148_18_VITIS_LOOP_149_19 BUNDLEDNAME {} DSP 0 BRAM 0 URAM 0 DISPNAME {bind_op add}} {BINDTYPE op ID {} IMPL fabric LATENCY 0 OPTYPE add PRAGMA {} RTLNAME add_ln153_fu_472_p2 SOURCE cnn.cpp:153 VARIABLE add_ln153 LOOP VITIS_LOOP_147_17_VITIS_LOOP_148_18_VITIS_LOOP_149_19 BUNDLEDNAME {} DSP 0 BRAM 0 URAM 0 DISPNAME {bind_op add}} {BINDTYPE op ID {} IMPL fabric LATENCY 0 OPTYPE add PRAGMA {} RTLNAME add_ln153_1_fu_486_p2 SOURCE cnn.cpp:153 VARIABLE add_ln153_1 LOOP VITIS_LOOP_147_17_VITIS_LOOP_148_18_VITIS_LOOP_149_19 BUNDLEDNAME {} DSP 0 BRAM 0 URAM 0 DISPNAME {bind_op add}} {BINDTYPE op ID {} IMPL fabric LATENCY 0 OPTYPE add PRAGMA {} RTLNAME add_ln153_2_fu_497_p2 SOURCE cnn.cpp:153 VARIABLE add_ln153_2 LOOP VITIS_LOOP_147_17_VITIS_LOOP_148_18_VITIS_LOOP_149_19 BUNDLEDNAME {} DSP 0 BRAM 0 URAM 0 DISPNAME {bind_op add}} {BINDTYPE op ID {} IMPL fabric LATENCY 0 OPTYPE add PRAGMA {} RTLNAME add_ln153_3_fu_511_p2 SOURCE cnn.cpp:153 VARIABLE add_ln153_3 LOOP VITIS_LOOP_147_17_VITIS_LOOP_148_18_VITIS_LOOP_149_19 BUNDLEDNAME {} DSP 0 BRAM 0 URAM 0 DISPNAME {bind_op add}} {BINDTYPE op ID {} IMPL fabric LATENCY 0 OPTYPE add PRAGMA {} RTLNAME add_ln153_4_fu_532_p2 SOURCE cnn.cpp:153 VARIABLE add_ln153_4 LOOP VITIS_LOOP_147_17_VITIS_LOOP_148_18_VITIS_LOOP_149_19 BUNDLEDNAME {} DSP 0 BRAM 0 URAM 0 DISPNAME {bind_op add}} {BINDTYPE op ID {} IMPL fabric LATENCY 0 OPTYPE add PRAGMA {} RTLNAME add_ln153_5_fu_546_p2 SOURCE cnn.cpp:153 VARIABLE add_ln153_5 LOOP VITIS_LOOP_147_17_VITIS_LOOP_148_18_VITIS_LOOP_149_19 BUNDLEDNAME {} DSP 0 BRAM 0 URAM 0 DISPNAME {bind_op add}} {BINDTYPE op ID {} IMPL fabric LATENCY 0 OPTYPE add PRAGMA {} RTLNAME add_ln153_6_fu_557_p2 SOURCE cnn.cpp:153 VARIABLE add_ln153_6 LOOP VITIS_LOOP_147_17_VITIS_LOOP_148_18_VITIS_LOOP_149_19 BUNDLEDNAME {} DSP 0 BRAM 0 URAM 0 DISPNAME {bind_op add}} {BINDTYPE op ID {} IMPL fabric LATENCY 0 OPTYPE add PRAGMA {} RTLNAME add_ln153_7_fu_571_p2 SOURCE cnn.cpp:153 VARIABLE add_ln153_7 LOOP VITIS_LOOP_147_17_VITIS_LOOP_148_18_VITIS_LOOP_149_19 BUNDLEDNAME {} DSP 0 BRAM 0 URAM 0 DISPNAME {bind_op add}} {BINDTYPE op ID {} IMPL fabric LATENCY 0 OPTYPE add PRAGMA {} RTLNAME add_ln149_fu_582_p2 SOURCE cnn.cpp:149 VARIABLE add_ln149 LOOP VITIS_LOOP_147_17_VITIS_LOOP_148_18_VITIS_LOOP_149_19 BUNDLEDNAME {} DSP 0 BRAM 0 URAM 0 DISPNAME {bind_op add}} {BINDTYPE op ID {} IMPL fabric LATENCY 0 OPTYPE add PRAGMA {} RTLNAME add_ln148_1_fu_227_p2 SOURCE cnn.cpp:148 VARIABLE add_ln148_1 LOOP VITIS_LOOP_147_17_VITIS_LOOP_148_18_VITIS_LOOP_149_19 BUNDLEDNAME {} DSP 0 BRAM 0 URAM 0 DISPNAME {bind_op add}}} AREA {DSP 0 BRAM 0 URAM 0}} cnn_predict_Pipeline_VITIS_LOOP_167_22_VITIS_LOOP_168_23_VITIS_LOOP_169_24 {BINDINFO {{BINDTYPE op ID {} IMPL fabric LATENCY 0 OPTYPE add PRAGMA {} RTLNAME add_ln167_2_fu_170_p2 SOURCE cnn.cpp:167 VARIABLE add_ln167_2 LOOP VITIS_LOOP_167_22_VITIS_LOOP_168_23_VITIS_LOOP_169_24 BUNDLEDNAME {} DSP 0 BRAM 0 URAM 0 DISPNAME {bind_op add}} {BINDTYPE op ID {} IMPL fabric LATENCY 0 OPTYPE add PRAGMA {} RTLNAME add_ln167_fu_188_p2 SOURCE cnn.cpp:167 VARIABLE add_ln167 LOOP VITIS_LOOP_167_22_VITIS_LOOP_168_23_VITIS_LOOP_169_24 BUNDLEDNAME {} DSP 0 BRAM 0 URAM 0 DISPNAME {bind_op add}} {BINDTYPE op ID {} IMPL fabric LATENCY 0 OPTYPE add PRAGMA {} RTLNAME add_ln167_1_fu_375_p2 SOURCE cnn.cpp:167 VARIABLE add_ln167_1 LOOP VITIS_LOOP_167_22_VITIS_LOOP_168_23_VITIS_LOOP_169_24 BUNDLEDNAME {} DSP 0 BRAM 0 URAM 0 DISPNAME {bind_op add}} {BINDTYPE op ID {} IMPL fabric LATENCY 0 OPTYPE add PRAGMA {} RTLNAME add_ln168_fu_260_p2 SOURCE cnn.cpp:168 VARIABLE add_ln168 LOOP VITIS_LOOP_167_22_VITIS_LOOP_168_23_VITIS_LOOP_169_24 BUNDLEDNAME {} DSP 0 BRAM 0 URAM 0 DISPNAME {bind_op add}} {BINDTYPE op ID {} IMPL fabric LATENCY 0 OPTYPE add PRAGMA {} RTLNAME add_ln168_1_fu_402_p2 SOURCE cnn.cpp:168 VARIABLE add_ln168_1 LOOP VITIS_LOOP_167_22_VITIS_LOOP_168_23_VITIS_LOOP_169_24 BUNDLEDNAME {} DSP 0 BRAM 0 URAM 0 DISPNAME {bind_op add}} {BINDTYPE op ID {} IMPL fabric LATENCY 0 OPTYPE add PRAGMA {} RTLNAME add_ln170_2_fu_310_p2 SOURCE cnn.cpp:170 VARIABLE add_ln170_2 LOOP VITIS_LOOP_167_22_VITIS_LOOP_168_23_VITIS_LOOP_169_24 BUNDLEDNAME {} DSP 0 BRAM 0 URAM 0 DISPNAME {bind_op add}} {BINDTYPE op ID {} IMPL fabric LATENCY 0 OPTYPE add PRAGMA {} RTLNAME add_ln170_fu_427_p2 SOURCE cnn.cpp:170 VARIABLE add_ln170 LOOP VITIS_LOOP_167_22_VITIS_LOOP_168_23_VITIS_LOOP_169_24 BUNDLEDNAME {} DSP 0 BRAM 0 URAM 0 DISPNAME {bind_op add}} {BINDTYPE op ID {} IMPL fabric LATENCY 0 OPTYPE add PRAGMA {} RTLNAME add_ln169_fu_321_p2 SOURCE cnn.cpp:169 VARIABLE add_ln169 LOOP VITIS_LOOP_167_22_VITIS_LOOP_168_23_VITIS_LOOP_169_24 BUNDLEDNAME {} DSP 0 BRAM 0 URAM 0 DISPNAME {bind_op add}} {BINDTYPE op ID {} IMPL fabric LATENCY 0 OPTYPE add PRAGMA {} RTLNAME add_ln168_2_fu_327_p2 SOURCE cnn.cpp:168 VARIABLE add_ln168_2 LOOP VITIS_LOOP_167_22_VITIS_LOOP_168_23_VITIS_LOOP_169_24 BUNDLEDNAME {} DSP 0 BRAM 0 URAM 0 DISPNAME {bind_op add}}} AREA {DSP 0 BRAM 0 URAM 0}} cnn_predict_Pipeline_VITIS_LOOP_180_26 {BINDINFO {{BINDTYPE op ID {} IMPL fabric LATENCY 0 OPTYPE add PRAGMA {} RTLNAME add_ln180_fu_159_p2 SOURCE cnn.cpp:180 VARIABLE add_ln180 LOOP VITIS_LOOP_180_26 BUNDLEDNAME {} DSP 0 BRAM 0 URAM 0 DISPNAME {bind_op add}} {BINDTYPE storage ID {} IMPL auto LATENCY 1 OPTYPE rom_1p PRAGMA {} RTLNAME dense1_w_U SOURCE {} VARIABLE dense1_w LOOP {} BUNDLEDNAME {} DSP 0 BRAM 50 URAM 0 DISPNAME {bind_storage rom_1p}}} AREA {DSP 0 BRAM 50 URAM 0}} cnn_predict_Pipeline_VITIS_LOOP_192_27 {BINDINFO {{BINDTYPE op ID {} IMPL fabric LATENCY 0 OPTYPE add PRAGMA {} RTLNAME add_ln192_fu_106_p2 SOURCE cnn.cpp:192 VARIABLE add_ln192 LOOP VITIS_LOOP_192_27 BUNDLEDNAME {} DSP 0 BRAM 0 URAM 0 DISPNAME {bind_op add}} {BINDTYPE storage ID {} IMPL auto LATENCY 1 OPTYPE rom_1p PRAGMA {} RTLNAME output_w_U SOURCE {} VARIABLE output_w LOOP {} BUNDLEDNAME {} DSP 0 BRAM 0 URAM 0 DISPNAME {bind_storage rom_1p}}} AREA {DSP 0 BRAM 0 URAM 0}} cnn_predict {BINDINFO {{BINDTYPE storage ID {} IMPL auto LATENCY 1 OPTYPE rom_np PRAGMA {} RTLNAME layer1_conv_U SOURCE cnn.cpp:61 VARIABLE layer1_conv LOOP {} BUNDLEDNAME {} DSP 0 BRAM 90 URAM 0 DISPNAME {bind_storage rom_np}} {BINDTYPE storage ID {} IMPL auto LATENCY 1 OPTYPE rom_np PRAGMA {} RTLNAME fmul_32ns_32ns_32_4_max_dsp_1_U88 SOURCE cnn.cpp:62 VARIABLE layer1_pool LOOP {} BUNDLEDNAME {} DSP 0 BRAM 8 URAM 0 DISPNAME {bind_storage rom_np}} {BINDTYPE storage ID {} IMPL auto LATENCY 1 OPTYPE rom_np PRAGMA {} RTLNAME fadd_32ns_32ns_32_5_full_dsp_1_U84 SOURCE cnn.cpp:64 VARIABLE layer2_conv LOOP {} BUNDLEDNAME {} DSP 0 BRAM 16 URAM 0 DISPNAME {bind_storage rom_np}} {BINDTYPE storage ID {} IMPL auto LATENCY 1 OPTYPE ram_1p PRAGMA {} RTLNAME layer2_pool_U SOURCE cnn.cpp:65 VARIABLE layer2_pool LOOP {} BUNDLEDNAME {} DSP 0 BRAM 4 URAM 0 DISPNAME {bind_storage ram_1p}} {BINDTYPE storage ID {} IMPL auto LATENCY 1 OPTYPE ram_1p PRAGMA {} RTLNAME flat_U SOURCE cnn.cpp:67 VARIABLE flat LOOP {} BUNDLEDNAME {} DSP 0 BRAM 4 URAM 0 DISPNAME {bind_storage ram_1p}} {BINDTYPE storage ID {} IMPL auto LATENCY 1 OPTYPE ram_1p PRAGMA {} RTLNAME dense_U SOURCE cnn.cpp:68 VARIABLE dense LOOP {} BUNDLEDNAME {} DSP 0 BRAM 0 URAM 0 DISPNAME {bind_storage ram_1p}} {BINDTYPE op ID {} IMPL fabric LATENCY 0 OPTYPE add PRAGMA {} RTLNAME add_ln76_fu_463_p2 SOURCE cnn.cpp:76 VARIABLE add_ln76 LOOP VITIS_LOOP_76_1 BUNDLEDNAME {} DSP 0 BRAM 0 URAM 0 DISPNAME {bind_op add}} {BINDTYPE op ID {} IMPL fabric LATENCY 0 OPTYPE add PRAGMA {} RTLNAME fmul_32ns_32ns_32_4_max_dsp_1_U89 SOURCE cnn.cpp:87 VARIABLE add_ln87 LOOP VITIS_LOOP_76_1 BUNDLEDNAME {} DSP 0 BRAM 0 URAM 0 DISPNAME {bind_op add}} {BINDTYPE op ID {} IMPL fabric LATENCY 0 OPTYPE add PRAGMA {} RTLNAME fadd_32ns_32ns_32_5_full_dsp_1_U84 SOURCE cnn.cpp:178 VARIABLE add_ln178 LOOP VITIS_LOOP_178_25 BUNDLEDNAME {} DSP 0 BRAM 0 URAM 0 DISPNAME {bind_op add}} {BINDTYPE op ID {} IMPL fulldsp LATENCY 7 OPTYPE fexp PRAGMA {} RTLNAME fexp_32ns_32ns_32_8_full_dsp_1_U86 SOURCE /wrk/ci/prod/2022.2/hls_product/continuous/608/2022.2/src/shared/hls/clib/hlsmath/src/common/hls_exp_float.cpp:17 VARIABLE tmp LOOP {} BUNDLEDNAME {} DSP 7 BRAM 0 URAM 0 DISPNAME {bind_op fexp}} {BINDTYPE op ID {} IMPL fulldsp LATENCY 4 OPTYPE fadd PRAGMA {} RTLNAME fcmp_32ns_32ns_1_2_no_dsp_1_U91 SOURCE cnn.cpp:34 VARIABLE add_i LOOP {} BUNDLEDNAME {} DSP 2 BRAM 0 URAM 0 DISPNAME {bind_op fadd}} {BINDTYPE op ID {} IMPL fabric LATENCY 9 OPTYPE fdiv PRAGMA {} RTLNAME fcmp_32ns_32ns_1_2_no_dsp_1_U90 SOURCE cnn.cpp:34 VARIABLE div_i LOOP {} BUNDLEDNAME {} DSP 0 BRAM 0 URAM 0 DISPNAME {bind_op fdiv}} {BINDTYPE storage ID {} IMPL bram LATENCY 1 OPTYPE ram_2p PRAGMA pragma RTLNAME img_read_U SOURCE cnn.cpp:51 VARIABLE img_read LOOP {} BUNDLEDNAME {} DSP 0 BRAM 8 URAM 0 DISPNAME {bind_storage ram_2p}} {BINDTYPE storage ID {} IMPL auto LATENCY 1 OPTYPE rom_np PRAGMA {} RTLNAME conv1_w_U SOURCE {} VARIABLE conv1_w LOOP {} BUNDLEDNAME {} DSP 0 BRAM 10 URAM 0 DISPNAME {bind_storage rom_np}} {BINDTYPE storage ID {} IMPL auto LATENCY 1 OPTYPE rom_1p PRAGMA {} RTLNAME dense1_b_U SOURCE {} VARIABLE dense1_b LOOP {} BUNDLEDNAME {} DSP 0 BRAM 0 URAM 0 DISPNAME {bind_storage rom_1p}}} AREA {DSP 68 BRAM 314 URAM 0}}}}'
INFO-FLOW: DBG:PUTS:      update_csynth_reports json2rpt_hw_sw_interfaces
Execute       send_msg_by_id INFO @200-1603@%s  and missed bursts 
INFO: [HLS 200-1603] Design has inferred MAXI bursts and missed bursts, see Vitis HLS GUI synthesis summary report for detailed information.
INFO-FLOW: Running: gen_csynth_sec_pragma
INFO-FLOW: Done: gen_csynth_sec_pragma time: 0 seconds per iteration
INFO-FLOW: DBG:PUTS:      update_csynth_reports wrote xml
INFO-FLOW: DBG:PUTS:      update_csynth_reports appended to csynth rpt file
INFO: [HLS 200-111] Finished Updating report files: CPU user time: 0.56 seconds. CPU system time: 0.02 seconds. Elapsed time: 0.58 seconds; current allocated memory: 480.641 MB.
INFO: [VHDL 208-304] Generating VHDL RTL for cnn_predict.
INFO: [VLOG 209-307] Generating Verilog RTL for cnn_predict.
Execute       syn_report -model cnn_predict -printsummary 
INFO: [HLS 200-790] **** Loop Constraint Status: All loop constraints were NOT satisfied.
INFO: [HLS 200-789] **** Estimated Fmax: 136.99 MHz
Command     autosyn done; 9.37 sec.
Command   csynth_design done; 35.92 sec.
INFO: [HLS 200-111] Finished Command csynth_design CPU user time: 33.9 seconds. CPU system time: 1.98 seconds. Elapsed time: 35.92 seconds; current allocated memory: 218.902 MB.
Command ap_source done; 46.64 sec.
Execute cleanup_all 
INFO-FLOW: Workspace /home/dani/Desktop/SDU_Master/EmbeddedSystems/final_assignment/vitis_hls/cnn_hls/solution1 opened at Tue Nov 25 13:54:58 CET 2025
Execute     ap_set_clock -name default -period 10 -default=false 
INFO: [SYN 201-201] Setting up clock 'default' with a period of 10ns.
Execute     set_part xczu3eg-sbva484-1-i 
Execute       create_platform xczu3eg-sbva484-1-i -board  
DBG:HLSDevice: Trying to load device library: /home/dani/Xilinx/Vitis_HLS/2022.2/lib/lnx64.o/libxv_hlsvwrap.so
DBG:HLSDevice: first parts/arch.xml in RDI_DATADIR: /home/dani/Xilinx/Vivado/2022.2/data/parts/arch.xml
DBG:HLSDevice: init success
INFO: [HLS 200-1611] Setting target device to 'xczu3eg-sbva484-1-i'
Command       create_platform done; 0.47 sec.
Execute       source /home/dani/Xilinx/Vitis_HLS/2022.2/common/technology/xilinx/common/xilinx.gen 
Execute         source /home/dani/Xilinx/Vitis_HLS/2022.2/common/technology/xilinx/interface/plb46.gen 
Execute         source /home/dani/Xilinx/Vitis_HLS/2022.2/common/technology/xilinx/interface/axi4.gen 
Execute         source /home/dani/Xilinx/Vitis_HLS/2022.2/common/technology/xilinx/interface/nativeAXI4.gen 
Execute           source /home/dani/Xilinx/Vitis_HLS/2022.2/common/technology/xilinx/interface/saxilite.gen 
Execute         source /home/dani/Xilinx/Vitis_HLS/2022.2/common/technology/xilinx/scripts/xilinxcoregen.gen 
Execute         source /home/dani/Xilinx/Vitis_HLS/2022.2/common/technology/xilinx/interface/XilEDKCoreGen.gen 
Execute         source /home/dani/Xilinx/Vitis_HLS/2022.2/common/technology/xilinx/ip/util.gen 
Execute         source /home/dani/Xilinx/Vitis_HLS/2022.2/common/technology/xilinx/ip/dds_compiler.gen 
Execute         source /home/dani/Xilinx/Vitis_HLS/2022.2/common/technology/xilinx/ip/xfft.gen 
Execute         source /home/dani/Xilinx/Vitis_HLS/2022.2/common/technology/xilinx/ip/xfir.gen 
Execute         source /home/dani/Xilinx/Vitis_HLS/2022.2/common/technology/xilinx/DSP48/dsp48.gen 
Execute       ap_part_info -name xczu3eg-sbva484-1-i -data info 
Execute       config_compile -quiet -complex-mul-dsp=0 
Command     set_part done; 0.54 sec.
Execute     send_msg_by_id INFO @200-1505@%s%s  vivado 
INFO: [HLS 200-1505] Using flow_target 'vivado'
Execute     send_msg_by_id INFO @200-1464@%s config_export -format=ip_catalog 
INFO: [HLS 200-1464] Running solution command: config_export -format=ip_catalog
Execute     config_export -format=ip_catalog 
Execute     send_msg_by_id INFO @200-1464@%s config_export -output=/home/dani/Desktop/SDU_Master/EmbeddedSystems/final_assignment/vitis_hls 
INFO: [HLS 200-1464] Running solution command: config_export -output=/home/dani/Desktop/SDU_Master/EmbeddedSystems/final_assignment/vitis_hls
Execute     config_export -output=/home/dani/Desktop/SDU_Master/EmbeddedSystems/final_assignment/vitis_hls 
Execute     send_msg_by_id INFO @200-1464@%s config_export -rtl=verilog 
INFO: [HLS 200-1464] Running solution command: config_export -rtl=verilog
Execute     config_export -rtl=verilog 
Command   open_solution done; 0.6 sec.
Execute   set_part xczu3eg-sbva484-1-i 
INFO: [HLS 200-1510] Running: set_part xczu3eg-sbva484-1-i 
Execute     create_platform xczu3eg-sbva484-1-i -board  
Execute     source /home/dani/Xilinx/Vitis_HLS/2022.2/common/technology/xilinx/common/xilinx.gen 
Execute       source /home/dani/Xilinx/Vitis_HLS/2022.2/common/technology/xilinx/interface/plb46.gen 
Execute       source /home/dani/Xilinx/Vitis_HLS/2022.2/common/technology/xilinx/interface/axi4.gen 
Execute       source /home/dani/Xilinx/Vitis_HLS/2022.2/common/technology/xilinx/interface/nativeAXI4.gen 
Execute         source /home/dani/Xilinx/Vitis_HLS/2022.2/common/technology/xilinx/interface/saxilite.gen 
Execute       source /home/dani/Xilinx/Vitis_HLS/2022.2/common/technology/xilinx/scripts/xilinxcoregen.gen 
Execute       source /home/dani/Xilinx/Vitis_HLS/2022.2/common/technology/xilinx/interface/XilEDKCoreGen.gen 
Execute       source /home/dani/Xilinx/Vitis_HLS/2022.2/common/technology/xilinx/ip/util.gen 
Execute       source /home/dani/Xilinx/Vitis_HLS/2022.2/common/technology/xilinx/ip/dds_compiler.gen 
Execute       source /home/dani/Xilinx/Vitis_HLS/2022.2/common/technology/xilinx/ip/xfft.gen 
Execute       source /home/dani/Xilinx/Vitis_HLS/2022.2/common/technology/xilinx/ip/xfir.gen 
Execute       source /home/dani/Xilinx/Vitis_HLS/2022.2/common/technology/xilinx/DSP48/dsp48.gen 
Execute     ap_part_info -name xczu3eg-sbva484-1-i -data info 
Execute     config_compile -quiet -complex-mul-dsp=0 
Execute   create_clock -period 10 -name default 
INFO: [HLS 200-1510] Running: create_clock -period 10 -name default 
Execute   config_export -format ip_catalog -output /home/dani/Desktop/SDU_Master/EmbeddedSystems/final_assignment/vitis_hls -rtl verilog 
INFO: [HLS 200-1510] Running: config_export -format ip_catalog -output /home/dani/Desktop/SDU_Master/EmbeddedSystems/final_assignment/vitis_hls -rtl verilog 
Execute   source ./cnn_hls/solution1/directives.tcl 
INFO: [HLS 200-1510] Running: source ./cnn_hls/solution1/directives.tcl
Execute     set_directive_top -name cnn_predict cnn_predict 
INFO: [HLS 200-1510] Running: set_directive_top -name cnn_predict cnn_predict 
Execute   export_design -rtl verilog -format ip_catalog -output /home/dani/Desktop/SDU_Master/EmbeddedSystems/final_assignment/vitis_hls 
INFO: [HLS 200-1510] Running: export_design -rtl verilog -format ip_catalog -output /home/dani/Desktop/SDU_Master/EmbeddedSystems/final_assignment/vitis_hls 
Execute     config_export -format=ip_catalog -output=/home/dani/Desktop/SDU_Master/EmbeddedSystems/final_assignment/vitis_hls -rtl=verilog 
INFO-FLOW: DBG:PUTS: export_design_wrap: -format ip_catalog -rtl verilog
Execute     source /home/dani/Desktop/SDU_Master/EmbeddedSystems/final_assignment/vitis_hls/cnn_hls/solution1/.autopilot/db/global.setting.tcl 
INFO-FLOW: DBG:PUTS:   auto_impl: pack: -export -rtl verilog
INFO-FLOW: DBG:PROC: ::AESL_AUTOIMPL::auto_impl args='-export -rtl verilog'
Execute     source /home/dani/Desktop/SDU_Master/EmbeddedSystems/final_assignment/vitis_hls/cnn_hls/solution1/.autopilot/db/global.setting.tcl 
INFO: [IMPL 213-8] Exporting RTL as a Vivado IP.
Execute     source /home/dani/Desktop/SDU_Master/EmbeddedSystems/final_assignment/vitis_hls/cnn_hls/solution1/.autopilot/db/global.setting.tcl 
INFO-FLOW: DBG:PUTS: automg_wrap -export -pcore_version 1.00.a -rtl vlog -tool Vivado -impltomg_flag
INFO-FLOW: DBG:PROC: ::AESL_AUTOMG::auto_generate args='-export -pcore_version 1.00.a -rtl vlog -tool Vivado -impltomg_flag'
INFO-FLOW: DBG:PUTS:     auto_generate -export -pcore_version 1.00.a -rtl vlog -tool Vivado -impltomg_flag
Execute     source /home/dani/Desktop/SDU_Master/EmbeddedSystems/final_assignment/vitis_hls/cnn_hls/solution1/.autopilot/db/global.setting.tcl 
INFO-FLOW: DBG:PUTS: read_platform_lib /home/dani/Desktop/SDU_Master/EmbeddedSystems/final_assignment/vitis_hls/cnn_hls/solution1/.autopilot/db/global.setting.tcl
Execute     source /home/dani/Xilinx/Vitis_HLS/2022.2/common/technology/generic/autopilot/common.gen 
Execute       source /home/dani/Xilinx/Vitis_HLS/2022.2/common/technology/generic/autopilot/APCoreGen.gen 
Execute     source /home/dani/Xilinx/Vitis_HLS/2022.2/common/technology/generic/autopilot/op.gen 
Execute     source /home/dani/Xilinx/Vitis_HLS/2022.2/common/technology/generic/autopilot/op_simcore.gen 
Execute     source /home/dani/Xilinx/Vitis_HLS/2022.2/common/technology/generic/autopilot/interface.gen 
Execute     source /home/dani/Desktop/SDU_Master/EmbeddedSystems/final_assignment/vitis_hls/cnn_hls/solution1/.autopilot/db/global.setting.tcl 
Execute     source /home/dani/Xilinx/Vitis_HLS/2022.2/common/technology/xilinx/common/xilinx.gen 
Execute       source /home/dani/Xilinx/Vitis_HLS/2022.2/common/technology/xilinx/interface/plb46.gen 
Execute       source /home/dani/Xilinx/Vitis_HLS/2022.2/common/technology/xilinx/interface/axi4.gen 
Execute       source /home/dani/Xilinx/Vitis_HLS/2022.2/common/technology/xilinx/interface/nativeAXI4.gen 
Execute         source /home/dani/Xilinx/Vitis_HLS/2022.2/common/technology/xilinx/interface/saxilite.gen 
Execute       source /home/dani/Xilinx/Vitis_HLS/2022.2/common/technology/xilinx/scripts/xilinxcoregen.gen 
Execute       source /home/dani/Xilinx/Vitis_HLS/2022.2/common/technology/xilinx/interface/XilEDKCoreGen.gen 
Execute       source /home/dani/Xilinx/Vitis_HLS/2022.2/common/technology/xilinx/ip/util.gen 
Execute       source /home/dani/Xilinx/Vitis_HLS/2022.2/common/technology/xilinx/ip/dds_compiler.gen 
Execute       source /home/dani/Xilinx/Vitis_HLS/2022.2/common/technology/xilinx/ip/xfft.gen 
Execute       source /home/dani/Xilinx/Vitis_HLS/2022.2/common/technology/xilinx/ip/xfir.gen 
Execute       source /home/dani/Xilinx/Vitis_HLS/2022.2/common/technology/xilinx/DSP48/dsp48.gen 
INFO-FLOW: DBG:PUTS:   using AESL_AUTOCG::g_clock_period=10.000 (was NA)
INFO-FLOW: DBG:PUTS:       initCTypeInfo top_module=cnn_predict xml_exists=0
Execute     source /home/dani/Desktop/SDU_Master/EmbeddedSystems/final_assignment/vitis_hls/cnn_hls/solution1/.autopilot/db/cnn_predict.rtl_wrap.cfg.tcl 
Execute     source /home/dani/Desktop/SDU_Master/EmbeddedSystems/final_assignment/vitis_hls/cnn_hls/solution1/.autopilot/db/cnn_predict.rtl_wrap.cfg.tcl 
Execute     source /home/dani/Desktop/SDU_Master/EmbeddedSystems/final_assignment/vitis_hls/cnn_hls/solution1/.autopilot/db/cnn_predict.rtl_wrap.cfg.tcl 
Execute     source /home/dani/Desktop/SDU_Master/EmbeddedSystems/final_assignment/vitis_hls/cnn_hls/solution1/.autopilot/db/cnn_predict.tbgen.tcl 
Execute     source /home/dani/Desktop/SDU_Master/EmbeddedSystems/final_assignment/vitis_hls/cnn_hls/solution1/.autopilot/db/cnn_predict.tbgen.tcl 
Execute     source /home/dani/Desktop/SDU_Master/EmbeddedSystems/final_assignment/vitis_hls/cnn_hls/solution1/.autopilot/db/global.setting.tcl 
Execute     source /home/dani/Desktop/SDU_Master/EmbeddedSystems/final_assignment/vitis_hls/cnn_hls/solution1/.autopilot/db/cnn_predict.tbgen.tcl 
INFO-FLOW: DBG:PUTS:       cosim_export_main adding deadlock detection to cnn_predict
INFO-FLOW: DBG:PUTS: Skipping loadAnalyze_DB, #g_database=3
INFO-FLOW: DBG:PUTS:       generate_json generate_bd_files=0 generate_xo_files=false #modelList=40 #gSsdmPorts=0
INFO-FLOW: DBG:PROC: ::AP::DESIGN_DATA::generate_json generate_bd_files='0' generate_xo_files='false' modelList='cnn_predict_flow_control_loop_pipe_sequential_init
cnn_predict_flow_control_loop_pipe_sequential_init
cnn_predict_flow_control_loop_pipe_sequential_init
cnn_predict_mac_muladd_5ns_5ns_5ns_10_4_1
cnn_predict_cnn_predict_Pipeline_VITIS_LOOP_121_11_VITIS_LOOP_122_12_VITIS_LOOP_123_13_cobkb
cnn_predict_cnn_predict_Pipeline_VITIS_LOOP_121_11_VITIS_LOOP_122_12_VITIS_LOOP_123_13_cocud
cnn_predict_flow_control_loop_pipe_sequential_init
cnn_predict_mul_5ns_6ns_10_1_1
cnn_predict_flow_control_loop_pipe_sequential_init
cnn_predict_flow_control_loop_pipe_sequential_init
cnn_predict_cnn_predict_Pipeline_VITIS_LOOP_180_26_dense1_w_ROM_AUTO_1R
cnn_predict_flow_control_loop_pipe_sequential_init
cnn_predict_cnn_predict_Pipeline_VITIS_LOOP_192_27_output_w_ROM_AUTO_1R
cnn_predict_flow_control_loop_pipe_sequential_init
cnn_predict_fadd_32ns_32ns_32_5_full_dsp_1
cnn_predict_fdiv_32ns_32ns_32_10_no_dsp_1
cnn_predict_fexp_32ns_32ns_32_8_full_dsp_1
cnn_predict_fadd_32ns_32ns_32_5_full_dsp_1
cnn_predict_fmul_32ns_32ns_32_4_max_dsp_1
cnn_predict_fmul_32ns_32ns_32_4_max_dsp_1
cnn_predict_fcmp_32ns_32ns_1_2_no_dsp_1
cnn_predict_img_read_RAM_2P_BRAM_1R1W
cnn_predict_conv1_w_ROM_AUTO_1R
cnn_predict_dense1_b_ROM_AUTO_1R
cnn_predict_layer1_conv_RAM_1WNR_AUTO_1R1W
cnn_predict_layer1_pool_RAM_1WNR_AUTO_1R1W
cnn_predict_layer2_conv_RAM_1WNR_AUTO_1R1W
cnn_predict_layer2_pool_RAM_AUTO_1R1W
cnn_predict_dense_RAM_AUTO_1R1W
cnn_predict_gmem_m_axi
cnn_predict_control_s_axi
cnn_predict_Pipeline_VITIS_LOOP_38_1
cnn_predict_Pipeline_VITIS_LOOP_77_2_VITIS_LOOP_78_3
cnn_predict_Pipeline_VITIS_LOOP_103_6_VITIS_LOOP_104_7_VITIS_LOOP_105_8
cnn_predict_Pipeline_VITIS_LOOP_121_11_VITIS_LOOP_122_12_VITIS_LOOP_123_13
cnn_predict_Pipeline_VITIS_LOOP_147_17_VITIS_LOOP_148_18_VITIS_LOOP_149_19
cnn_predict_Pipeline_VITIS_LOOP_167_22_VITIS_LOOP_168_23_VITIS_LOOP_169_24
cnn_predict_Pipeline_VITIS_LOOP_180_26
cnn_predict_Pipeline_VITIS_LOOP_192_27
cnn_predict
' rtl_lang='vlog' bootstrap_tcl='false' outdir='' outfilename=''
Execute     source /home/dani/Xilinx/Vitis_HLS/2022.2/tps/tcl/tcllib1.11.1/yaml/huddle.tcl 
Execute     source /home/dani/Xilinx/Vitis_HLS/2022.2/tps/tcl/tcllib1.11.1/yaml/json2huddle.tcl 
Execute     source /home/dani/Desktop/SDU_Master/EmbeddedSystems/final_assignment/vitis_hls/cnn_hls/solution1/.autopilot/db/global.setting.tcl 
Execute     source /home/dani/Desktop/SDU_Master/EmbeddedSystems/final_assignment/vitis_hls/cnn_hls/solution1/.autopilot/db/global.setting.tcl 
Execute     source /home/dani/Desktop/SDU_Master/EmbeddedSystems/final_assignment/vitis_hls/cnn_hls/solution1/.autopilot/db/top-io-be.tcl 
Execute     source /home/dani/Desktop/SDU_Master/EmbeddedSystems/final_assignment/vitis_hls/cnn_hls/solution1/.autopilot/db/cnn_predict.tbgen.tcl 
Execute     source /home/dani/Desktop/SDU_Master/EmbeddedSystems/final_assignment/vitis_hls/cnn_hls/solution1/.autopilot/db/cnn_predict.compgen.dataonly.tcl 
Execute     source /home/dani/Desktop/SDU_Master/EmbeddedSystems/final_assignment/vitis_hls/cnn_hls/solution1/.autopilot/db/cnn_predict.compgen.dataonly.tcl 
Execute     source /home/dani/Desktop/SDU_Master/EmbeddedSystems/final_assignment/vitis_hls/cnn_hls/solution1/.autopilot/db/cnn_predict.rtl_wrap.cfg.tcl 
Execute     source /home/dani/Desktop/SDU_Master/EmbeddedSystems/final_assignment/vitis_hls/cnn_hls/solution1/.autopilot/db/cnn_predict.compgen.dataonly.tcl 
Execute     source /home/dani/Desktop/SDU_Master/EmbeddedSystems/final_assignment/vitis_hls/cnn_hls/solution1/.autopilot/db/cnn_predict_Pipeline_VITIS_LOOP_38_1.tbgen.tcl 
Execute     source /home/dani/Desktop/SDU_Master/EmbeddedSystems/final_assignment/vitis_hls/cnn_hls/solution1/.autopilot/db/cnn_predict_Pipeline_VITIS_LOOP_77_2_VITIS_LOOP_78_3.tbgen.tcl 
Execute     source /home/dani/Desktop/SDU_Master/EmbeddedSystems/final_assignment/vitis_hls/cnn_hls/solution1/.autopilot/db/cnn_predict_Pipeline_VITIS_LOOP_103_6_VITIS_LOOP_104_7_VITIS_LOOP_105_8.tbgen.tcl 
Execute     source /home/dani/Desktop/SDU_Master/EmbeddedSystems/final_assignment/vitis_hls/cnn_hls/solution1/.autopilot/db/cnn_predict_Pipeline_VITIS_LOOP_121_11_VITIS_LOOP_122_12_VITIS_LOOP_123_13.tbgen.tcl 
Execute     source /home/dani/Desktop/SDU_Master/EmbeddedSystems/final_assignment/vitis_hls/cnn_hls/solution1/.autopilot/db/cnn_predict_Pipeline_VITIS_LOOP_147_17_VITIS_LOOP_148_18_VITIS_LOOP_149_19.tbgen.tcl 
Execute     source /home/dani/Desktop/SDU_Master/EmbeddedSystems/final_assignment/vitis_hls/cnn_hls/solution1/.autopilot/db/cnn_predict_Pipeline_VITIS_LOOP_167_22_VITIS_LOOP_168_23_VITIS_LOOP_169_24.tbgen.tcl 
Execute     source /home/dani/Desktop/SDU_Master/EmbeddedSystems/final_assignment/vitis_hls/cnn_hls/solution1/.autopilot/db/cnn_predict_Pipeline_VITIS_LOOP_180_26.tbgen.tcl 
Execute     source /home/dani/Desktop/SDU_Master/EmbeddedSystems/final_assignment/vitis_hls/cnn_hls/solution1/.autopilot/db/cnn_predict_Pipeline_VITIS_LOOP_192_27.tbgen.tcl 
Execute     source /home/dani/Desktop/SDU_Master/EmbeddedSystems/final_assignment/vitis_hls/cnn_hls/solution1/.autopilot/db/cnn_predict.tbgen.tcl 
Execute     source /home/dani/Desktop/SDU_Master/EmbeddedSystems/final_assignment/vitis_hls/cnn_hls/solution1/.autopilot/db/global.setting.tcl 
Execute     ap_part_info -name xczu3eg-sbva484-1-i -data names -quiet 
Execute     ap_part_info -name xczu3eg-sbva484-1-i -data info -quiet 
Execute     source /home/dani/Desktop/SDU_Master/EmbeddedSystems/final_assignment/vitis_hls/cnn_hls/solution1/.autopilot/db/cnn_predict.constraint.tcl 
Execute     sc_get_clocks cnn_predict 
Execute     source /home/dani/Desktop/SDU_Master/EmbeddedSystems/final_assignment/vitis_hls/cnn_hls/solution1/.autopilot/db/global.setting.tcl 
Execute     source /home/dani/Desktop/SDU_Master/EmbeddedSystems/final_assignment/vitis_hls/cnn_hls/solution1/impl/misc/cnn_predict_fadd_32ns_32ns_32_5_full_dsp_1_ip.tcl 
Execute     source /home/dani/Desktop/SDU_Master/EmbeddedSystems/final_assignment/vitis_hls/cnn_hls/solution1/impl/misc/cnn_predict_fcmp_32ns_32ns_1_2_no_dsp_1_ip.tcl 
Execute     source /home/dani/Desktop/SDU_Master/EmbeddedSystems/final_assignment/vitis_hls/cnn_hls/solution1/impl/misc/cnn_predict_fdiv_32ns_32ns_32_10_no_dsp_1_ip.tcl 
Execute     source /home/dani/Desktop/SDU_Master/EmbeddedSystems/final_assignment/vitis_hls/cnn_hls/solution1/impl/misc/cnn_predict_fexp_32ns_32ns_32_8_full_dsp_1_ip.tcl 
Execute     source /home/dani/Desktop/SDU_Master/EmbeddedSystems/final_assignment/vitis_hls/cnn_hls/solution1/impl/misc/cnn_predict_fmul_32ns_32ns_32_4_max_dsp_1_ip.tcl 
Execute     source /home/dani/Desktop/SDU_Master/EmbeddedSystems/final_assignment/vitis_hls/cnn_hls/solution1/.autopilot/db/global.setting.tcl 
Execute     source /home/dani/Desktop/SDU_Master/EmbeddedSystems/final_assignment/vitis_hls/cnn_hls/solution1/.autopilot/db/cnn_predict.tbgen.tcl 
INFO-FLOW: DBG:PUTS:       cosim_export_main adding deadlock detection to cnn_predict
INFO-FLOW: DBG:PUTS:       copy ip_driver_dir 1_0 /home/dani/Desktop/SDU_Master/EmbeddedSystems/final_assignment/vitis_hls/cnn_hls/solution1/.autopilot/db/driver
INFO-FLOW: DBG:PUTS:       generate_ip_script #gSsdmPorts=0 g_lang=vlog is_sdaccel=false is_sdsoc=true xo_file=
Execute     ap_part_info -name xczu3eg-sbva484-1-i -data names -quiet 
Execute     ap_part_info -name xczu3eg-sbva484-1-i -data info -quiet 
Execute     ap_part_info -name xczu3eg-sbva484-1-i -data names -quiet 
Execute     ap_part_info -name xczu3eg-sbva484-1-i -data info -quiet 
Execute     source /home/dani/Desktop/SDU_Master/EmbeddedSystems/final_assignment/vitis_hls/cnn_hls/solution1/.autopilot/db/cnn_predict.tbgen.tcl 
Execute     source /home/dani/Desktop/SDU_Master/EmbeddedSystems/final_assignment/vitis_hls/cnn_hls/solution1/.autopilot/db/cnn_predict.compgen.dataonly.tcl 
Execute     source /home/dani/Desktop/SDU_Master/EmbeddedSystems/final_assignment/vitis_hls/cnn_hls/solution1/.autopilot/db/cnn_predict.compgen.dataonly.tcl 
Execute     source /home/dani/Desktop/SDU_Master/EmbeddedSystems/final_assignment/vitis_hls/cnn_hls/solution1/.autopilot/db/cnn_predict.tbgen.tcl 
Execute     source /home/dani/Desktop/SDU_Master/EmbeddedSystems/final_assignment/vitis_hls/cnn_hls/solution1/.autopilot/db/global.setting.tcl 
INFO-FLOW: DBG:PUTS:       generate_top_info
INFO-FLOW: DBG:PUTS:       prepArgInfo -> loadAnalyze_DB top_module=cnn_predict
Execute     source /home/dani/Desktop/SDU_Master/EmbeddedSystems/final_assignment/vitis_hls/cnn_hls/solution1/.autopilot/db/cnn_predict.rtl_wrap.cfg.tcl 
Execute     source /home/dani/Desktop/SDU_Master/EmbeddedSystems/final_assignment/vitis_hls/cnn_hls/solution1/.autopilot/db/cnn_predict.rtl_wrap.cfg.tcl 
Execute     source /home/dani/Desktop/SDU_Master/EmbeddedSystems/final_assignment/vitis_hls/cnn_hls/solution1/.autopilot/db/cnn_predict.rtl_wrap.cfg.tcl 
Execute     source /home/dani/Desktop/SDU_Master/EmbeddedSystems/final_assignment/vitis_hls/cnn_hls/solution1/.autopilot/db/cnn_predict.tbgen.tcl 
Execute     source /home/dani/Desktop/SDU_Master/EmbeddedSystems/final_assignment/vitis_hls/cnn_hls/solution1/.autopilot/db/cnn_predict.tbgen.tcl 
Execute     ap_part_info -name xczu3eg-sbva484-1-i -data names -quiet 
Execute     ap_part_info -name xczu3eg-sbva484-1-i -data info -quiet 
Execute     source /home/dani/Desktop/SDU_Master/EmbeddedSystems/final_assignment/vitis_hls/cnn_hls/solution1/.autopilot/db/global.setting.tcl 
Execute     ap_part_info -name xczu3eg-sbva484-1-i -data names -quiet 
Execute     ap_part_info -name xczu3eg-sbva484-1-i -data info -quiet 
Execute     ap_part_info -name xczu3eg-sbva484-1-i -data names -quiet 
Execute     ap_part_info -name xczu3eg-sbva484-1-i -data info -quiet 
Execute     source /home/dani/Desktop/SDU_Master/EmbeddedSystems/final_assignment/vitis_hls/cnn_hls/solution1/.autopilot/db/cnn_predict.tbgen.tcl 
Execute     source /home/dani/Desktop/SDU_Master/EmbeddedSystems/final_assignment/vitis_hls/cnn_hls/solution1/.autopilot/db/global.setting.tcl 
Execute     source /home/dani/Desktop/SDU_Master/EmbeddedSystems/final_assignment/vitis_hls/cnn_hls/solution1/.autopilot/db/cnn_predict.constraint.tcl 
INFO-FLOW: DBG:PUTS:       generate_ipi_example_script
Execute     ap_part_info -name xczu3eg-sbva484-1-i -data names -quiet 
Execute     ap_part_info -name xczu3eg-sbva484-1-i -data info -quiet 
Execute     ap_part_info -name xczu3eg-sbva484-1-i -data names -quiet 
Execute     ap_part_info -name xczu3eg-sbva484-1-i -data info -quiet 
INFO-FLOW: DBG:PUTS:       generate_syn_sh
Execute     ap_part_info -name xczu3eg-sbva484-1-i -data names -quiet 
Execute     ap_part_info -name xczu3eg-sbva484-1-i -data info -quiet 
Execute     source /home/dani/Desktop/SDU_Master/EmbeddedSystems/final_assignment/vitis_hls/cnn_hls/solution1/.autopilot/db/global.setting.tcl 
INFO-FLOW: DBG:PUTS:       generate_imp_constraints
Execute     ap_part_info -name xczu3eg-sbva484-1-i -data names -quiet 
Execute     ap_part_info -name xczu3eg-sbva484-1-i -data info -quiet 
Execute     source /home/dani/Desktop/SDU_Master/EmbeddedSystems/final_assignment/vitis_hls/cnn_hls/solution1/.autopilot/db/cnn_predict.constraint.tcl 
Execute     source /home/dani/Desktop/SDU_Master/EmbeddedSystems/final_assignment/vitis_hls/cnn_hls/solution1/.autopilot/db/cnn_predict.tbgen.tcl 
INFO-FLOW: DBG:PUTS:       delete-temp-dirs (skipped for debug)
Execute     ap_part_info -name xczu3eg-sbva484-1-i -data names -quiet 
Execute     ap_part_info -name xczu3eg-sbva484-1-i -data info -quiet 
INFO-FLOW: DBG:PUTS: read_platform_lib /home/dani/Desktop/SDU_Master/EmbeddedSystems/final_assignment/vitis_hls/cnn_hls/solution1/.autopilot/db/global.setting.tcl
Execute     source /home/dani/Xilinx/Vitis_HLS/2022.2/common/technology/generic/autopilot/common.gen 
Execute       source /home/dani/Xilinx/Vitis_HLS/2022.2/common/technology/generic/autopilot/APCoreGen.gen 
Execute     source /home/dani/Xilinx/Vitis_HLS/2022.2/common/technology/generic/autopilot/op.gen 
Execute     source /home/dani/Xilinx/Vitis_HLS/2022.2/common/technology/generic/autopilot/op_simcore.gen 
Execute     source /home/dani/Xilinx/Vitis_HLS/2022.2/common/technology/generic/autopilot/interface.gen 
Execute     source /home/dani/Desktop/SDU_Master/EmbeddedSystems/final_assignment/vitis_hls/cnn_hls/solution1/.autopilot/db/global.setting.tcl 
Execute     source /home/dani/Xilinx/Vitis_HLS/2022.2/common/technology/xilinx/common/xilinx.gen 
Execute       source /home/dani/Xilinx/Vitis_HLS/2022.2/common/technology/xilinx/interface/plb46.gen 
Execute       source /home/dani/Xilinx/Vitis_HLS/2022.2/common/technology/xilinx/interface/axi4.gen 
Execute       source /home/dani/Xilinx/Vitis_HLS/2022.2/common/technology/xilinx/interface/nativeAXI4.gen 
Execute         source /home/dani/Xilinx/Vitis_HLS/2022.2/common/technology/xilinx/interface/saxilite.gen 
Execute       source /home/dani/Xilinx/Vitis_HLS/2022.2/common/technology/xilinx/scripts/xilinxcoregen.gen 
Execute       source /home/dani/Xilinx/Vitis_HLS/2022.2/common/technology/xilinx/interface/XilEDKCoreGen.gen 
Execute       source /home/dani/Xilinx/Vitis_HLS/2022.2/common/technology/xilinx/ip/util.gen 
Execute       source /home/dani/Xilinx/Vitis_HLS/2022.2/common/technology/xilinx/ip/dds_compiler.gen 
Execute       source /home/dani/Xilinx/Vitis_HLS/2022.2/common/technology/xilinx/ip/xfft.gen 
Execute       source /home/dani/Xilinx/Vitis_HLS/2022.2/common/technology/xilinx/ip/xfir.gen 
Execute       source /home/dani/Xilinx/Vitis_HLS/2022.2/common/technology/xilinx/DSP48/dsp48.gen 
INFO-FLOW: DBG:PUTS:     IP package: exec /home/dani/Desktop/SDU_Master/EmbeddedSystems/final_assignment/vitis_hls/cnn_hls/solution1/impl/ip/pack.sh
INFO-FLOW: DBG:PUTS:     IP package: success /home/dani/Desktop/SDU_Master/EmbeddedSystems/final_assignment/vitis_hls/cnn_hls/solution1/impl/ip/pack.sh
Execute     send_msg_by_id INFO @200-802@%s export.zip 
INFO: [HLS 200-802] Generated output file export.zip
Command   export_design done; 16.94 sec.
INFO: [HLS 200-111] Finished Command export_design CPU user time: 14.28 seconds. CPU system time: 1.36 seconds. Elapsed time: 16.94 seconds; current allocated memory: 8.633 MB.
Command ap_source done; 27.65 sec.
Execute cleanup_all 
INFO-FLOW: Workspace /home/dani/Desktop/SDU_Master/EmbeddedSystems/final_assignment/vitis_hls/cnn_hls/solution1 opened at Tue Nov 25 13:56:10 CET 2025
Execute     ap_set_clock -name default -period 10 -default=false 
INFO: [SYN 201-201] Setting up clock 'default' with a period of 10ns.
Execute     set_part xczu3eg-sbva484-1-i 
Execute       create_platform xczu3eg-sbva484-1-i -board  
DBG:HLSDevice: Trying to load device library: /home/dani/Xilinx/Vitis_HLS/2022.2/lib/lnx64.o/libxv_hlsvwrap.so
DBG:HLSDevice: first parts/arch.xml in RDI_DATADIR: /home/dani/Xilinx/Vivado/2022.2/data/parts/arch.xml
DBG:HLSDevice: init success
INFO: [HLS 200-1611] Setting target device to 'xczu3eg-sbva484-1-i'
Command       create_platform done; 0.47 sec.
Execute       source /home/dani/Xilinx/Vitis_HLS/2022.2/common/technology/xilinx/common/xilinx.gen 
Execute         source /home/dani/Xilinx/Vitis_HLS/2022.2/common/technology/xilinx/interface/plb46.gen 
Execute         source /home/dani/Xilinx/Vitis_HLS/2022.2/common/technology/xilinx/interface/axi4.gen 
Execute         source /home/dani/Xilinx/Vitis_HLS/2022.2/common/technology/xilinx/interface/nativeAXI4.gen 
Execute           source /home/dani/Xilinx/Vitis_HLS/2022.2/common/technology/xilinx/interface/saxilite.gen 
Execute         source /home/dani/Xilinx/Vitis_HLS/2022.2/common/technology/xilinx/scripts/xilinxcoregen.gen 
Execute         source /home/dani/Xilinx/Vitis_HLS/2022.2/common/technology/xilinx/interface/XilEDKCoreGen.gen 
Execute         source /home/dani/Xilinx/Vitis_HLS/2022.2/common/technology/xilinx/ip/util.gen 
Execute         source /home/dani/Xilinx/Vitis_HLS/2022.2/common/technology/xilinx/ip/dds_compiler.gen 
Execute         source /home/dani/Xilinx/Vitis_HLS/2022.2/common/technology/xilinx/ip/xfft.gen 
Execute         source /home/dani/Xilinx/Vitis_HLS/2022.2/common/technology/xilinx/ip/xfir.gen 
Execute         source /home/dani/Xilinx/Vitis_HLS/2022.2/common/technology/xilinx/DSP48/dsp48.gen 
Execute       ap_part_info -name xczu3eg-sbva484-1-i -data info 
Execute       config_compile -quiet -complex-mul-dsp=0 
Command     set_part done; 0.54 sec.
Execute     send_msg_by_id INFO @200-1505@%s%s  vivado 
INFO: [HLS 200-1505] Using flow_target 'vivado'
Execute     send_msg_by_id INFO @200-1464@%s config_export -format=ip_catalog 
INFO: [HLS 200-1464] Running solution command: config_export -format=ip_catalog
Execute     config_export -format=ip_catalog 
Execute     send_msg_by_id INFO @200-1464@%s config_export -output=/home/dani/Desktop/SDU_Master/EmbeddedSystems/final_assignment 
INFO: [HLS 200-1464] Running solution command: config_export -output=/home/dani/Desktop/SDU_Master/EmbeddedSystems/final_assignment
Execute     config_export -output=/home/dani/Desktop/SDU_Master/EmbeddedSystems/final_assignment 
Execute     send_msg_by_id INFO @200-1464@%s config_export -rtl=verilog 
INFO: [HLS 200-1464] Running solution command: config_export -rtl=verilog
Execute     config_export -rtl=verilog 
Command   open_solution done; 0.6 sec.
Execute   set_part xczu3eg-sbva484-1-i 
INFO: [HLS 200-1510] Running: set_part xczu3eg-sbva484-1-i 
Execute     create_platform xczu3eg-sbva484-1-i -board  
Execute     source /home/dani/Xilinx/Vitis_HLS/2022.2/common/technology/xilinx/common/xilinx.gen 
Execute       source /home/dani/Xilinx/Vitis_HLS/2022.2/common/technology/xilinx/interface/plb46.gen 
Execute       source /home/dani/Xilinx/Vitis_HLS/2022.2/common/technology/xilinx/interface/axi4.gen 
Execute       source /home/dani/Xilinx/Vitis_HLS/2022.2/common/technology/xilinx/interface/nativeAXI4.gen 
Execute         source /home/dani/Xilinx/Vitis_HLS/2022.2/common/technology/xilinx/interface/saxilite.gen 
Execute       source /home/dani/Xilinx/Vitis_HLS/2022.2/common/technology/xilinx/scripts/xilinxcoregen.gen 
Execute       source /home/dani/Xilinx/Vitis_HLS/2022.2/common/technology/xilinx/interface/XilEDKCoreGen.gen 
Execute       source /home/dani/Xilinx/Vitis_HLS/2022.2/common/technology/xilinx/ip/util.gen 
Execute       source /home/dani/Xilinx/Vitis_HLS/2022.2/common/technology/xilinx/ip/dds_compiler.gen 
Execute       source /home/dani/Xilinx/Vitis_HLS/2022.2/common/technology/xilinx/ip/xfft.gen 
Execute       source /home/dani/Xilinx/Vitis_HLS/2022.2/common/technology/xilinx/ip/xfir.gen 
Execute       source /home/dani/Xilinx/Vitis_HLS/2022.2/common/technology/xilinx/DSP48/dsp48.gen 
Execute     ap_part_info -name xczu3eg-sbva484-1-i -data info 
Execute     config_compile -quiet -complex-mul-dsp=0 
Execute   create_clock -period 10 -name default 
INFO: [HLS 200-1510] Running: create_clock -period 10 -name default 
Execute   config_export -format ip_catalog -output /home/dani/Desktop/SDU_Master/EmbeddedSystems/final_assignment -rtl verilog 
INFO: [HLS 200-1510] Running: config_export -format ip_catalog -output /home/dani/Desktop/SDU_Master/EmbeddedSystems/final_assignment -rtl verilog 
Execute   source ./cnn_hls/solution1/directives.tcl 
INFO: [HLS 200-1510] Running: source ./cnn_hls/solution1/directives.tcl
Execute     set_directive_top -name cnn_predict cnn_predict 
INFO: [HLS 200-1510] Running: set_directive_top -name cnn_predict cnn_predict 
Execute   export_design -rtl verilog -format ip_catalog -output /home/dani/Desktop/SDU_Master/EmbeddedSystems/final_assignment 
INFO: [HLS 200-1510] Running: export_design -rtl verilog -format ip_catalog -output /home/dani/Desktop/SDU_Master/EmbeddedSystems/final_assignment 
Execute     config_export -format=ip_catalog -output=/home/dani/Desktop/SDU_Master/EmbeddedSystems/final_assignment -rtl=verilog 
INFO-FLOW: DBG:PUTS: export_design_wrap: -format ip_catalog -rtl verilog
Execute     source /home/dani/Desktop/SDU_Master/EmbeddedSystems/final_assignment/vitis_hls/cnn_hls/solution1/.autopilot/db/global.setting.tcl 
INFO-FLOW: DBG:PUTS:   auto_impl: pack: -export -rtl verilog
INFO-FLOW: DBG:PROC: ::AESL_AUTOIMPL::auto_impl args='-export -rtl verilog'
Execute     source /home/dani/Desktop/SDU_Master/EmbeddedSystems/final_assignment/vitis_hls/cnn_hls/solution1/.autopilot/db/global.setting.tcl 
INFO: [IMPL 213-8] Exporting RTL as a Vivado IP.
Execute     source /home/dani/Desktop/SDU_Master/EmbeddedSystems/final_assignment/vitis_hls/cnn_hls/solution1/.autopilot/db/global.setting.tcl 
INFO-FLOW: DBG:PUTS: automg_wrap -export -pcore_version 1.00.a -rtl vlog -tool Vivado -impltomg_flag
INFO-FLOW: DBG:PROC: ::AESL_AUTOMG::auto_generate args='-export -pcore_version 1.00.a -rtl vlog -tool Vivado -impltomg_flag'
INFO-FLOW: DBG:PUTS:     auto_generate -export -pcore_version 1.00.a -rtl vlog -tool Vivado -impltomg_flag
Execute     source /home/dani/Desktop/SDU_Master/EmbeddedSystems/final_assignment/vitis_hls/cnn_hls/solution1/.autopilot/db/global.setting.tcl 
INFO-FLOW: DBG:PUTS: read_platform_lib /home/dani/Desktop/SDU_Master/EmbeddedSystems/final_assignment/vitis_hls/cnn_hls/solution1/.autopilot/db/global.setting.tcl
Execute     source /home/dani/Xilinx/Vitis_HLS/2022.2/common/technology/generic/autopilot/common.gen 
Execute       source /home/dani/Xilinx/Vitis_HLS/2022.2/common/technology/generic/autopilot/APCoreGen.gen 
Execute     source /home/dani/Xilinx/Vitis_HLS/2022.2/common/technology/generic/autopilot/op.gen 
Execute     source /home/dani/Xilinx/Vitis_HLS/2022.2/common/technology/generic/autopilot/op_simcore.gen 
Execute     source /home/dani/Xilinx/Vitis_HLS/2022.2/common/technology/generic/autopilot/interface.gen 
Execute     source /home/dani/Desktop/SDU_Master/EmbeddedSystems/final_assignment/vitis_hls/cnn_hls/solution1/.autopilot/db/global.setting.tcl 
Execute     source /home/dani/Xilinx/Vitis_HLS/2022.2/common/technology/xilinx/common/xilinx.gen 
Execute       source /home/dani/Xilinx/Vitis_HLS/2022.2/common/technology/xilinx/interface/plb46.gen 
Execute       source /home/dani/Xilinx/Vitis_HLS/2022.2/common/technology/xilinx/interface/axi4.gen 
Execute       source /home/dani/Xilinx/Vitis_HLS/2022.2/common/technology/xilinx/interface/nativeAXI4.gen 
Execute         source /home/dani/Xilinx/Vitis_HLS/2022.2/common/technology/xilinx/interface/saxilite.gen 
Execute       source /home/dani/Xilinx/Vitis_HLS/2022.2/common/technology/xilinx/scripts/xilinxcoregen.gen 
Execute       source /home/dani/Xilinx/Vitis_HLS/2022.2/common/technology/xilinx/interface/XilEDKCoreGen.gen 
Execute       source /home/dani/Xilinx/Vitis_HLS/2022.2/common/technology/xilinx/ip/util.gen 
Execute       source /home/dani/Xilinx/Vitis_HLS/2022.2/common/technology/xilinx/ip/dds_compiler.gen 
Execute       source /home/dani/Xilinx/Vitis_HLS/2022.2/common/technology/xilinx/ip/xfft.gen 
Execute       source /home/dani/Xilinx/Vitis_HLS/2022.2/common/technology/xilinx/ip/xfir.gen 
Execute       source /home/dani/Xilinx/Vitis_HLS/2022.2/common/technology/xilinx/DSP48/dsp48.gen 
INFO-FLOW: DBG:PUTS:   using AESL_AUTOCG::g_clock_period=10.000 (was NA)
INFO-FLOW: DBG:PUTS:       initCTypeInfo top_module=cnn_predict xml_exists=1
Execute     source /home/dani/Desktop/SDU_Master/EmbeddedSystems/final_assignment/vitis_hls/cnn_hls/solution1/.autopilot/db/cnn_predict.rtl_wrap.cfg.tcl 
Execute     source /home/dani/Desktop/SDU_Master/EmbeddedSystems/final_assignment/vitis_hls/cnn_hls/solution1/.autopilot/db/cnn_predict.rtl_wrap.cfg.tcl 
Execute     source /home/dani/Desktop/SDU_Master/EmbeddedSystems/final_assignment/vitis_hls/cnn_hls/solution1/.autopilot/db/cnn_predict.rtl_wrap.cfg.tcl 
Execute     source /home/dani/Desktop/SDU_Master/EmbeddedSystems/final_assignment/vitis_hls/cnn_hls/solution1/.autopilot/db/cnn_predict.tbgen.tcl 
Execute     source /home/dani/Desktop/SDU_Master/EmbeddedSystems/final_assignment/vitis_hls/cnn_hls/solution1/.autopilot/db/cnn_predict.tbgen.tcl 
Execute     source /home/dani/Desktop/SDU_Master/EmbeddedSystems/final_assignment/vitis_hls/cnn_hls/solution1/.autopilot/db/global.setting.tcl 
Execute     source /home/dani/Desktop/SDU_Master/EmbeddedSystems/final_assignment/vitis_hls/cnn_hls/solution1/.autopilot/db/cnn_predict.tbgen.tcl 
INFO-FLOW: DBG:PUTS:       cosim_export_main adding deadlock detection to cnn_predict
INFO-FLOW: DBG:PUTS: Skipping loadAnalyze_DB, #g_database=3
INFO-FLOW: DBG:PUTS:       generate_json generate_bd_files=0 generate_xo_files=false #modelList=40 #gSsdmPorts=0
INFO-FLOW: DBG:PROC: ::AP::DESIGN_DATA::generate_json generate_bd_files='0' generate_xo_files='false' modelList='cnn_predict_flow_control_loop_pipe_sequential_init
cnn_predict_flow_control_loop_pipe_sequential_init
cnn_predict_flow_control_loop_pipe_sequential_init
cnn_predict_mac_muladd_5ns_5ns_5ns_10_4_1
cnn_predict_cnn_predict_Pipeline_VITIS_LOOP_121_11_VITIS_LOOP_122_12_VITIS_LOOP_123_13_cobkb
cnn_predict_cnn_predict_Pipeline_VITIS_LOOP_121_11_VITIS_LOOP_122_12_VITIS_LOOP_123_13_cocud
cnn_predict_flow_control_loop_pipe_sequential_init
cnn_predict_mul_5ns_6ns_10_1_1
cnn_predict_flow_control_loop_pipe_sequential_init
cnn_predict_flow_control_loop_pipe_sequential_init
cnn_predict_cnn_predict_Pipeline_VITIS_LOOP_180_26_dense1_w_ROM_AUTO_1R
cnn_predict_flow_control_loop_pipe_sequential_init
cnn_predict_cnn_predict_Pipeline_VITIS_LOOP_192_27_output_w_ROM_AUTO_1R
cnn_predict_flow_control_loop_pipe_sequential_init
cnn_predict_fadd_32ns_32ns_32_5_full_dsp_1
cnn_predict_fdiv_32ns_32ns_32_10_no_dsp_1
cnn_predict_fexp_32ns_32ns_32_8_full_dsp_1
cnn_predict_fadd_32ns_32ns_32_5_full_dsp_1
cnn_predict_fmul_32ns_32ns_32_4_max_dsp_1
cnn_predict_fmul_32ns_32ns_32_4_max_dsp_1
cnn_predict_fcmp_32ns_32ns_1_2_no_dsp_1
cnn_predict_img_read_RAM_2P_BRAM_1R1W
cnn_predict_conv1_w_ROM_AUTO_1R
cnn_predict_dense1_b_ROM_AUTO_1R
cnn_predict_layer1_conv_RAM_1WNR_AUTO_1R1W
cnn_predict_layer1_pool_RAM_1WNR_AUTO_1R1W
cnn_predict_layer2_conv_RAM_1WNR_AUTO_1R1W
cnn_predict_layer2_pool_RAM_AUTO_1R1W
cnn_predict_dense_RAM_AUTO_1R1W
cnn_predict_gmem_m_axi
cnn_predict_control_s_axi
cnn_predict_Pipeline_VITIS_LOOP_38_1
cnn_predict_Pipeline_VITIS_LOOP_77_2_VITIS_LOOP_78_3
cnn_predict_Pipeline_VITIS_LOOP_103_6_VITIS_LOOP_104_7_VITIS_LOOP_105_8
cnn_predict_Pipeline_VITIS_LOOP_121_11_VITIS_LOOP_122_12_VITIS_LOOP_123_13
cnn_predict_Pipeline_VITIS_LOOP_147_17_VITIS_LOOP_148_18_VITIS_LOOP_149_19
cnn_predict_Pipeline_VITIS_LOOP_167_22_VITIS_LOOP_168_23_VITIS_LOOP_169_24
cnn_predict_Pipeline_VITIS_LOOP_180_26
cnn_predict_Pipeline_VITIS_LOOP_192_27
cnn_predict
' rtl_lang='vlog' bootstrap_tcl='false' outdir='' outfilename=''
Execute     source /home/dani/Xilinx/Vitis_HLS/2022.2/tps/tcl/tcllib1.11.1/yaml/huddle.tcl 
Execute     source /home/dani/Xilinx/Vitis_HLS/2022.2/tps/tcl/tcllib1.11.1/yaml/json2huddle.tcl 
Execute     source /home/dani/Desktop/SDU_Master/EmbeddedSystems/final_assignment/vitis_hls/cnn_hls/solution1/.autopilot/db/global.setting.tcl 
Execute     source /home/dani/Desktop/SDU_Master/EmbeddedSystems/final_assignment/vitis_hls/cnn_hls/solution1/.autopilot/db/global.setting.tcl 
Execute     source /home/dani/Desktop/SDU_Master/EmbeddedSystems/final_assignment/vitis_hls/cnn_hls/solution1/.autopilot/db/top-io-be.tcl 
Execute     source /home/dani/Desktop/SDU_Master/EmbeddedSystems/final_assignment/vitis_hls/cnn_hls/solution1/.autopilot/db/cnn_predict.tbgen.tcl 
Execute     source /home/dani/Desktop/SDU_Master/EmbeddedSystems/final_assignment/vitis_hls/cnn_hls/solution1/.autopilot/db/cnn_predict.compgen.dataonly.tcl 
Execute     source /home/dani/Desktop/SDU_Master/EmbeddedSystems/final_assignment/vitis_hls/cnn_hls/solution1/.autopilot/db/cnn_predict.compgen.dataonly.tcl 
Execute     source /home/dani/Desktop/SDU_Master/EmbeddedSystems/final_assignment/vitis_hls/cnn_hls/solution1/.autopilot/db/cnn_predict.rtl_wrap.cfg.tcl 
Execute     source /home/dani/Desktop/SDU_Master/EmbeddedSystems/final_assignment/vitis_hls/cnn_hls/solution1/.autopilot/db/cnn_predict.compgen.dataonly.tcl 
Execute     source /home/dani/Desktop/SDU_Master/EmbeddedSystems/final_assignment/vitis_hls/cnn_hls/solution1/.autopilot/db/cnn_predict_Pipeline_VITIS_LOOP_38_1.tbgen.tcl 
Execute     source /home/dani/Desktop/SDU_Master/EmbeddedSystems/final_assignment/vitis_hls/cnn_hls/solution1/.autopilot/db/cnn_predict_Pipeline_VITIS_LOOP_77_2_VITIS_LOOP_78_3.tbgen.tcl 
Execute     source /home/dani/Desktop/SDU_Master/EmbeddedSystems/final_assignment/vitis_hls/cnn_hls/solution1/.autopilot/db/cnn_predict_Pipeline_VITIS_LOOP_103_6_VITIS_LOOP_104_7_VITIS_LOOP_105_8.tbgen.tcl 
Execute     source /home/dani/Desktop/SDU_Master/EmbeddedSystems/final_assignment/vitis_hls/cnn_hls/solution1/.autopilot/db/cnn_predict_Pipeline_VITIS_LOOP_121_11_VITIS_LOOP_122_12_VITIS_LOOP_123_13.tbgen.tcl 
Execute     source /home/dani/Desktop/SDU_Master/EmbeddedSystems/final_assignment/vitis_hls/cnn_hls/solution1/.autopilot/db/cnn_predict_Pipeline_VITIS_LOOP_147_17_VITIS_LOOP_148_18_VITIS_LOOP_149_19.tbgen.tcl 
Execute     source /home/dani/Desktop/SDU_Master/EmbeddedSystems/final_assignment/vitis_hls/cnn_hls/solution1/.autopilot/db/cnn_predict_Pipeline_VITIS_LOOP_167_22_VITIS_LOOP_168_23_VITIS_LOOP_169_24.tbgen.tcl 
Execute     source /home/dani/Desktop/SDU_Master/EmbeddedSystems/final_assignment/vitis_hls/cnn_hls/solution1/.autopilot/db/cnn_predict_Pipeline_VITIS_LOOP_180_26.tbgen.tcl 
Execute     source /home/dani/Desktop/SDU_Master/EmbeddedSystems/final_assignment/vitis_hls/cnn_hls/solution1/.autopilot/db/cnn_predict_Pipeline_VITIS_LOOP_192_27.tbgen.tcl 
Execute     source /home/dani/Desktop/SDU_Master/EmbeddedSystems/final_assignment/vitis_hls/cnn_hls/solution1/.autopilot/db/cnn_predict.tbgen.tcl 
Execute     source /home/dani/Desktop/SDU_Master/EmbeddedSystems/final_assignment/vitis_hls/cnn_hls/solution1/.autopilot/db/global.setting.tcl 
Execute     ap_part_info -name xczu3eg-sbva484-1-i -data names -quiet 
Execute     ap_part_info -name xczu3eg-sbva484-1-i -data info -quiet 
Execute     source /home/dani/Desktop/SDU_Master/EmbeddedSystems/final_assignment/vitis_hls/cnn_hls/solution1/.autopilot/db/cnn_predict.constraint.tcl 
Execute     sc_get_clocks cnn_predict 
Execute     source /home/dani/Desktop/SDU_Master/EmbeddedSystems/final_assignment/vitis_hls/cnn_hls/solution1/.autopilot/db/global.setting.tcl 
Execute     source /home/dani/Desktop/SDU_Master/EmbeddedSystems/final_assignment/vitis_hls/cnn_hls/solution1/impl/misc/cnn_predict_fadd_32ns_32ns_32_5_full_dsp_1_ip.tcl 
Execute     source /home/dani/Desktop/SDU_Master/EmbeddedSystems/final_assignment/vitis_hls/cnn_hls/solution1/impl/misc/cnn_predict_fcmp_32ns_32ns_1_2_no_dsp_1_ip.tcl 
Execute     source /home/dani/Desktop/SDU_Master/EmbeddedSystems/final_assignment/vitis_hls/cnn_hls/solution1/impl/misc/cnn_predict_fdiv_32ns_32ns_32_10_no_dsp_1_ip.tcl 
Execute     source /home/dani/Desktop/SDU_Master/EmbeddedSystems/final_assignment/vitis_hls/cnn_hls/solution1/impl/misc/cnn_predict_fexp_32ns_32ns_32_8_full_dsp_1_ip.tcl 
Execute     source /home/dani/Desktop/SDU_Master/EmbeddedSystems/final_assignment/vitis_hls/cnn_hls/solution1/impl/misc/cnn_predict_fmul_32ns_32ns_32_4_max_dsp_1_ip.tcl 
Execute     source /home/dani/Desktop/SDU_Master/EmbeddedSystems/final_assignment/vitis_hls/cnn_hls/solution1/.autopilot/db/global.setting.tcl 
Execute     source /home/dani/Desktop/SDU_Master/EmbeddedSystems/final_assignment/vitis_hls/cnn_hls/solution1/.autopilot/db/cnn_predict.tbgen.tcl 
INFO-FLOW: DBG:PUTS:       cosim_export_main adding deadlock detection to cnn_predict
INFO-FLOW: DBG:PUTS:       copy ip_driver_dir 1_0 /home/dani/Desktop/SDU_Master/EmbeddedSystems/final_assignment/vitis_hls/cnn_hls/solution1/.autopilot/db/driver
INFO-FLOW: DBG:PUTS:       generate_ip_script #gSsdmPorts=0 g_lang=vlog is_sdaccel=false is_sdsoc=true xo_file=
Execute     ap_part_info -name xczu3eg-sbva484-1-i -data names -quiet 
Execute     ap_part_info -name xczu3eg-sbva484-1-i -data info -quiet 
Execute     ap_part_info -name xczu3eg-sbva484-1-i -data names -quiet 
Execute     ap_part_info -name xczu3eg-sbva484-1-i -data info -quiet 
Execute     source /home/dani/Desktop/SDU_Master/EmbeddedSystems/final_assignment/vitis_hls/cnn_hls/solution1/.autopilot/db/cnn_predict.tbgen.tcl 
Execute     source /home/dani/Desktop/SDU_Master/EmbeddedSystems/final_assignment/vitis_hls/cnn_hls/solution1/.autopilot/db/cnn_predict.compgen.dataonly.tcl 
Execute     source /home/dani/Desktop/SDU_Master/EmbeddedSystems/final_assignment/vitis_hls/cnn_hls/solution1/.autopilot/db/cnn_predict.compgen.dataonly.tcl 
Execute     source /home/dani/Desktop/SDU_Master/EmbeddedSystems/final_assignment/vitis_hls/cnn_hls/solution1/.autopilot/db/cnn_predict.tbgen.tcl 
Execute     source /home/dani/Desktop/SDU_Master/EmbeddedSystems/final_assignment/vitis_hls/cnn_hls/solution1/.autopilot/db/global.setting.tcl 
INFO-FLOW: DBG:PUTS:       generate_top_info
INFO-FLOW: DBG:PUTS:       prepArgInfo -> loadAnalyze_DB top_module=cnn_predict
Execute     source /home/dani/Desktop/SDU_Master/EmbeddedSystems/final_assignment/vitis_hls/cnn_hls/solution1/.autopilot/db/cnn_predict.rtl_wrap.cfg.tcl 
Execute     source /home/dani/Desktop/SDU_Master/EmbeddedSystems/final_assignment/vitis_hls/cnn_hls/solution1/.autopilot/db/cnn_predict.rtl_wrap.cfg.tcl 
Execute     source /home/dani/Desktop/SDU_Master/EmbeddedSystems/final_assignment/vitis_hls/cnn_hls/solution1/.autopilot/db/cnn_predict.rtl_wrap.cfg.tcl 
Execute     source /home/dani/Desktop/SDU_Master/EmbeddedSystems/final_assignment/vitis_hls/cnn_hls/solution1/.autopilot/db/cnn_predict.tbgen.tcl 
Execute     source /home/dani/Desktop/SDU_Master/EmbeddedSystems/final_assignment/vitis_hls/cnn_hls/solution1/.autopilot/db/cnn_predict.tbgen.tcl 
Execute     ap_part_info -name xczu3eg-sbva484-1-i -data names -quiet 
Execute     ap_part_info -name xczu3eg-sbva484-1-i -data info -quiet 
Execute     source /home/dani/Desktop/SDU_Master/EmbeddedSystems/final_assignment/vitis_hls/cnn_hls/solution1/.autopilot/db/global.setting.tcl 
Execute     ap_part_info -name xczu3eg-sbva484-1-i -data names -quiet 
Execute     ap_part_info -name xczu3eg-sbva484-1-i -data info -quiet 
Execute     ap_part_info -name xczu3eg-sbva484-1-i -data names -quiet 
Execute     ap_part_info -name xczu3eg-sbva484-1-i -data info -quiet 
Execute     source /home/dani/Desktop/SDU_Master/EmbeddedSystems/final_assignment/vitis_hls/cnn_hls/solution1/.autopilot/db/cnn_predict.tbgen.tcl 
Execute     source /home/dani/Desktop/SDU_Master/EmbeddedSystems/final_assignment/vitis_hls/cnn_hls/solution1/.autopilot/db/global.setting.tcl 
Execute     source /home/dani/Desktop/SDU_Master/EmbeddedSystems/final_assignment/vitis_hls/cnn_hls/solution1/.autopilot/db/cnn_predict.constraint.tcl 
INFO-FLOW: DBG:PUTS:       generate_ipi_example_script
Execute     ap_part_info -name xczu3eg-sbva484-1-i -data names -quiet 
Execute     ap_part_info -name xczu3eg-sbva484-1-i -data info -quiet 
Execute     ap_part_info -name xczu3eg-sbva484-1-i -data names -quiet 
Execute     ap_part_info -name xczu3eg-sbva484-1-i -data info -quiet 
INFO-FLOW: DBG:PUTS:       generate_syn_sh
Execute     ap_part_info -name xczu3eg-sbva484-1-i -data names -quiet 
Execute     ap_part_info -name xczu3eg-sbva484-1-i -data info -quiet 
Execute     source /home/dani/Desktop/SDU_Master/EmbeddedSystems/final_assignment/vitis_hls/cnn_hls/solution1/.autopilot/db/global.setting.tcl 
INFO-FLOW: DBG:PUTS:       generate_imp_constraints
Execute     ap_part_info -name xczu3eg-sbva484-1-i -data names -quiet 
Execute     ap_part_info -name xczu3eg-sbva484-1-i -data info -quiet 
Execute     source /home/dani/Desktop/SDU_Master/EmbeddedSystems/final_assignment/vitis_hls/cnn_hls/solution1/.autopilot/db/cnn_predict.constraint.tcl 
Execute     source /home/dani/Desktop/SDU_Master/EmbeddedSystems/final_assignment/vitis_hls/cnn_hls/solution1/.autopilot/db/cnn_predict.tbgen.tcl 
INFO-FLOW: DBG:PUTS:       delete-temp-dirs (skipped for debug)
Execute     ap_part_info -name xczu3eg-sbva484-1-i -data names -quiet 
Execute     ap_part_info -name xczu3eg-sbva484-1-i -data info -quiet 
INFO-FLOW: DBG:PUTS: read_platform_lib /home/dani/Desktop/SDU_Master/EmbeddedSystems/final_assignment/vitis_hls/cnn_hls/solution1/.autopilot/db/global.setting.tcl
Execute     source /home/dani/Xilinx/Vitis_HLS/2022.2/common/technology/generic/autopilot/common.gen 
Execute       source /home/dani/Xilinx/Vitis_HLS/2022.2/common/technology/generic/autopilot/APCoreGen.gen 
Execute     source /home/dani/Xilinx/Vitis_HLS/2022.2/common/technology/generic/autopilot/op.gen 
Execute     source /home/dani/Xilinx/Vitis_HLS/2022.2/common/technology/generic/autopilot/op_simcore.gen 
Execute     source /home/dani/Xilinx/Vitis_HLS/2022.2/common/technology/generic/autopilot/interface.gen 
Execute     source /home/dani/Desktop/SDU_Master/EmbeddedSystems/final_assignment/vitis_hls/cnn_hls/solution1/.autopilot/db/global.setting.tcl 
Execute     source /home/dani/Xilinx/Vitis_HLS/2022.2/common/technology/xilinx/common/xilinx.gen 
Execute       source /home/dani/Xilinx/Vitis_HLS/2022.2/common/technology/xilinx/interface/plb46.gen 
Execute       source /home/dani/Xilinx/Vitis_HLS/2022.2/common/technology/xilinx/interface/axi4.gen 
Execute       source /home/dani/Xilinx/Vitis_HLS/2022.2/common/technology/xilinx/interface/nativeAXI4.gen 
Execute         source /home/dani/Xilinx/Vitis_HLS/2022.2/common/technology/xilinx/interface/saxilite.gen 
Execute       source /home/dani/Xilinx/Vitis_HLS/2022.2/common/technology/xilinx/scripts/xilinxcoregen.gen 
Execute       source /home/dani/Xilinx/Vitis_HLS/2022.2/common/technology/xilinx/interface/XilEDKCoreGen.gen 
Execute       source /home/dani/Xilinx/Vitis_HLS/2022.2/common/technology/xilinx/ip/util.gen 
Execute       source /home/dani/Xilinx/Vitis_HLS/2022.2/common/technology/xilinx/ip/dds_compiler.gen 
Execute       source /home/dani/Xilinx/Vitis_HLS/2022.2/common/technology/xilinx/ip/xfft.gen 
Execute       source /home/dani/Xilinx/Vitis_HLS/2022.2/common/technology/xilinx/ip/xfir.gen 
Execute       source /home/dani/Xilinx/Vitis_HLS/2022.2/common/technology/xilinx/DSP48/dsp48.gen 
INFO-FLOW: DBG:PUTS:     IP package: exec /home/dani/Desktop/SDU_Master/EmbeddedSystems/final_assignment/vitis_hls/cnn_hls/solution1/impl/ip/pack.sh
INFO-FLOW: DBG:PUTS:     IP package: success /home/dani/Desktop/SDU_Master/EmbeddedSystems/final_assignment/vitis_hls/cnn_hls/solution1/impl/ip/pack.sh
Execute     send_msg_by_id INFO @200-802@%s /home/dani/Desktop/SDU_Master/EmbeddedSystems/final_assignment/export.zip 
INFO: [HLS 200-802] Generated output file /home/dani/Desktop/SDU_Master/EmbeddedSystems/final_assignment/export.zip
Command   export_design done; 24.8 sec.
INFO: [HLS 200-111] Finished Command export_design CPU user time: 14.2 seconds. CPU system time: 1.43 seconds. Elapsed time: 24.8 seconds; current allocated memory: 8.629 MB.
Command ap_source done; 35.51 sec.
Execute cleanup_all 
INFO-FLOW: Workspace /home/dani/Desktop/SDU_Master/EmbeddedSystems/final_assignment/vitis_hls/cnn_hls/solution1 opened at Tue Nov 25 17:14:11 CET 2025
Execute     ap_set_clock -name default -period 10 -default=false 
INFO: [SYN 201-201] Setting up clock 'default' with a period of 10ns.
Execute     set_part xczu3eg-sbva484-1-i 
Execute       create_platform xczu3eg-sbva484-1-i -board  
DBG:HLSDevice: Trying to load device library: /home/dani/Xilinx/Vitis_HLS/2022.2/lib/lnx64.o/libxv_hlsvwrap.so
DBG:HLSDevice: first parts/arch.xml in RDI_DATADIR: /home/dani/Xilinx/Vivado/2022.2/data/parts/arch.xml
DBG:HLSDevice: init success
INFO: [HLS 200-1611] Setting target device to 'xczu3eg-sbva484-1-i'
Command       create_platform done; 0.49 sec.
Execute       source /home/dani/Xilinx/Vitis_HLS/2022.2/common/technology/xilinx/common/xilinx.gen 
Execute         source /home/dani/Xilinx/Vitis_HLS/2022.2/common/technology/xilinx/interface/plb46.gen 
Execute         source /home/dani/Xilinx/Vitis_HLS/2022.2/common/technology/xilinx/interface/axi4.gen 
Execute         source /home/dani/Xilinx/Vitis_HLS/2022.2/common/technology/xilinx/interface/nativeAXI4.gen 
Execute           source /home/dani/Xilinx/Vitis_HLS/2022.2/common/technology/xilinx/interface/saxilite.gen 
Execute         source /home/dani/Xilinx/Vitis_HLS/2022.2/common/technology/xilinx/scripts/xilinxcoregen.gen 
Execute         source /home/dani/Xilinx/Vitis_HLS/2022.2/common/technology/xilinx/interface/XilEDKCoreGen.gen 
Execute         source /home/dani/Xilinx/Vitis_HLS/2022.2/common/technology/xilinx/ip/util.gen 
Execute         source /home/dani/Xilinx/Vitis_HLS/2022.2/common/technology/xilinx/ip/dds_compiler.gen 
Execute         source /home/dani/Xilinx/Vitis_HLS/2022.2/common/technology/xilinx/ip/xfft.gen 
Execute         source /home/dani/Xilinx/Vitis_HLS/2022.2/common/technology/xilinx/ip/xfir.gen 
Execute         source /home/dani/Xilinx/Vitis_HLS/2022.2/common/technology/xilinx/DSP48/dsp48.gen 
Execute       ap_part_info -name xczu3eg-sbva484-1-i -data info 
Execute       config_compile -quiet -complex-mul-dsp=0 
Command     set_part done; 0.58 sec.
Execute     send_msg_by_id INFO @200-1505@%s%s  vivado 
INFO: [HLS 200-1505] Using flow_target 'vivado'
Execute     send_msg_by_id INFO @200-1464@%s config_export -format=ip_catalog 
INFO: [HLS 200-1464] Running solution command: config_export -format=ip_catalog
Execute     config_export -format=ip_catalog 
Execute     send_msg_by_id INFO @200-1464@%s config_export -output=/home/dani/Desktop/SDU_Master/EmbeddedSystems/final_assignment 
INFO: [HLS 200-1464] Running solution command: config_export -output=/home/dani/Desktop/SDU_Master/EmbeddedSystems/final_assignment
Execute     config_export -output=/home/dani/Desktop/SDU_Master/EmbeddedSystems/final_assignment 
Execute     send_msg_by_id INFO @200-1464@%s config_export -rtl=verilog 
INFO: [HLS 200-1464] Running solution command: config_export -rtl=verilog
Execute     config_export -rtl=verilog 
Command   open_solution done; 0.64 sec.
Execute   set_part xczu3eg-sbva484-1-i 
INFO: [HLS 200-1510] Running: set_part xczu3eg-sbva484-1-i 
Execute     create_platform xczu3eg-sbva484-1-i -board  
Execute     source /home/dani/Xilinx/Vitis_HLS/2022.2/common/technology/xilinx/common/xilinx.gen 
Execute       source /home/dani/Xilinx/Vitis_HLS/2022.2/common/technology/xilinx/interface/plb46.gen 
Execute       source /home/dani/Xilinx/Vitis_HLS/2022.2/common/technology/xilinx/interface/axi4.gen 
Execute       source /home/dani/Xilinx/Vitis_HLS/2022.2/common/technology/xilinx/interface/nativeAXI4.gen 
Execute         source /home/dani/Xilinx/Vitis_HLS/2022.2/common/technology/xilinx/interface/saxilite.gen 
Execute       source /home/dani/Xilinx/Vitis_HLS/2022.2/common/technology/xilinx/scripts/xilinxcoregen.gen 
Execute       source /home/dani/Xilinx/Vitis_HLS/2022.2/common/technology/xilinx/interface/XilEDKCoreGen.gen 
Execute       source /home/dani/Xilinx/Vitis_HLS/2022.2/common/technology/xilinx/ip/util.gen 
Execute       source /home/dani/Xilinx/Vitis_HLS/2022.2/common/technology/xilinx/ip/dds_compiler.gen 
Execute       source /home/dani/Xilinx/Vitis_HLS/2022.2/common/technology/xilinx/ip/xfft.gen 
Execute       source /home/dani/Xilinx/Vitis_HLS/2022.2/common/technology/xilinx/ip/xfir.gen 
Execute       source /home/dani/Xilinx/Vitis_HLS/2022.2/common/technology/xilinx/DSP48/dsp48.gen 
Execute     ap_part_info -name xczu3eg-sbva484-1-i -data info 
Execute     config_compile -quiet -complex-mul-dsp=0 
Command   set_part done; 0.11 sec.
Execute   create_clock -period 10 -name default 
INFO: [HLS 200-1510] Running: create_clock -period 10 -name default 
Execute   config_export -format ip_catalog -output /home/dani/Desktop/SDU_Master/EmbeddedSystems/final_assignment -rtl verilog 
INFO: [HLS 200-1510] Running: config_export -format ip_catalog -output /home/dani/Desktop/SDU_Master/EmbeddedSystems/final_assignment -rtl verilog 
Execute   source ./cnn_hls/solution1/directives.tcl 
INFO: [HLS 200-1510] Running: source ./cnn_hls/solution1/directives.tcl
Execute     set_directive_top -name cnn_predict cnn_predict 
INFO: [HLS 200-1510] Running: set_directive_top -name cnn_predict cnn_predict 
Execute   csim_design -quiet 
INFO: [HLS 200-1510] Running: csim_design -quiet 
Execute     source /home/dani/Desktop/SDU_Master/EmbeddedSystems/final_assignment/vitis_hls/cnn_hls/solution1/.autopilot/db/global.setting.tcl 
INFO: [SIM 211-2] *************** CSIM start ***************
INFO: [SIM 211-4] CSIM will launch GCC as the compiler.
Execute     source csim/.lst_opt.tcl 
Execute     ap_part_info -name xczu3eg-sbva484-1-i -data info 
Execute     source run_sim.tcl 
INFO: [SIM 211-1] CSim done with 0 errors.
INFO: [SIM 211-3] *************** CSIM finish ***************
Command   csim_design done; 0.14 sec.
INFO: [HLS 200-111] Finished Command csim_design CPU user time: 0.07 seconds. CPU system time: 0.08 seconds. Elapsed time: 0.14 seconds; current allocated memory: 0.000 MB.
Command ap_source done; 10.92 sec.
Execute cleanup_all 
INFO-FLOW: Workspace /home/dani/Desktop/SDU_Master/EmbeddedSystems/final_assignment/vitis_hls/cnn_hls/solution1 opened at Tue Nov 25 17:14:40 CET 2025
Execute     ap_set_clock -name default -period 10 -default=false 
INFO: [SYN 201-201] Setting up clock 'default' with a period of 10ns.
Execute     set_part xczu3eg-sbva484-1-i 
Execute       create_platform xczu3eg-sbva484-1-i -board  
DBG:HLSDevice: Trying to load device library: /home/dani/Xilinx/Vitis_HLS/2022.2/lib/lnx64.o/libxv_hlsvwrap.so
DBG:HLSDevice: first parts/arch.xml in RDI_DATADIR: /home/dani/Xilinx/Vivado/2022.2/data/parts/arch.xml
DBG:HLSDevice: init success
INFO: [HLS 200-1611] Setting target device to 'xczu3eg-sbva484-1-i'
Command       create_platform done; 0.48 sec.
Execute       source /home/dani/Xilinx/Vitis_HLS/2022.2/common/technology/xilinx/common/xilinx.gen 
Execute         source /home/dani/Xilinx/Vitis_HLS/2022.2/common/technology/xilinx/interface/plb46.gen 
Execute         source /home/dani/Xilinx/Vitis_HLS/2022.2/common/technology/xilinx/interface/axi4.gen 
Execute         source /home/dani/Xilinx/Vitis_HLS/2022.2/common/technology/xilinx/interface/nativeAXI4.gen 
Execute           source /home/dani/Xilinx/Vitis_HLS/2022.2/common/technology/xilinx/interface/saxilite.gen 
Execute         source /home/dani/Xilinx/Vitis_HLS/2022.2/common/technology/xilinx/scripts/xilinxcoregen.gen 
Execute         source /home/dani/Xilinx/Vitis_HLS/2022.2/common/technology/xilinx/interface/XilEDKCoreGen.gen 
Execute         source /home/dani/Xilinx/Vitis_HLS/2022.2/common/technology/xilinx/ip/util.gen 
Execute         source /home/dani/Xilinx/Vitis_HLS/2022.2/common/technology/xilinx/ip/dds_compiler.gen 
Execute         source /home/dani/Xilinx/Vitis_HLS/2022.2/common/technology/xilinx/ip/xfft.gen 
Execute         source /home/dani/Xilinx/Vitis_HLS/2022.2/common/technology/xilinx/ip/xfir.gen 
Execute         source /home/dani/Xilinx/Vitis_HLS/2022.2/common/technology/xilinx/DSP48/dsp48.gen 
Execute       ap_part_info -name xczu3eg-sbva484-1-i -data info 
Execute       config_compile -quiet -complex-mul-dsp=0 
Command     set_part done; 0.55 sec.
Execute     send_msg_by_id INFO @200-1505@%s%s  vivado 
INFO: [HLS 200-1505] Using flow_target 'vivado'
Execute     send_msg_by_id INFO @200-1464@%s config_export -format=ip_catalog 
INFO: [HLS 200-1464] Running solution command: config_export -format=ip_catalog
Execute     config_export -format=ip_catalog 
Execute     send_msg_by_id INFO @200-1464@%s config_export -output=/home/dani/Desktop/SDU_Master/EmbeddedSystems/final_assignment 
INFO: [HLS 200-1464] Running solution command: config_export -output=/home/dani/Desktop/SDU_Master/EmbeddedSystems/final_assignment
Execute     config_export -output=/home/dani/Desktop/SDU_Master/EmbeddedSystems/final_assignment 
Execute     send_msg_by_id INFO @200-1464@%s config_export -rtl=verilog 
INFO: [HLS 200-1464] Running solution command: config_export -rtl=verilog
Execute     config_export -rtl=verilog 
Command   open_solution done; 0.61 sec.
Execute   set_part xczu3eg-sbva484-1-i 
INFO: [HLS 200-1510] Running: set_part xczu3eg-sbva484-1-i 
Execute     create_platform xczu3eg-sbva484-1-i -board  
Execute     source /home/dani/Xilinx/Vitis_HLS/2022.2/common/technology/xilinx/common/xilinx.gen 
Execute       source /home/dani/Xilinx/Vitis_HLS/2022.2/common/technology/xilinx/interface/plb46.gen 
Execute       source /home/dani/Xilinx/Vitis_HLS/2022.2/common/technology/xilinx/interface/axi4.gen 
Execute       source /home/dani/Xilinx/Vitis_HLS/2022.2/common/technology/xilinx/interface/nativeAXI4.gen 
Execute         source /home/dani/Xilinx/Vitis_HLS/2022.2/common/technology/xilinx/interface/saxilite.gen 
Execute       source /home/dani/Xilinx/Vitis_HLS/2022.2/common/technology/xilinx/scripts/xilinxcoregen.gen 
Execute       source /home/dani/Xilinx/Vitis_HLS/2022.2/common/technology/xilinx/interface/XilEDKCoreGen.gen 
Execute       source /home/dani/Xilinx/Vitis_HLS/2022.2/common/technology/xilinx/ip/util.gen 
Execute       source /home/dani/Xilinx/Vitis_HLS/2022.2/common/technology/xilinx/ip/dds_compiler.gen 
Execute       source /home/dani/Xilinx/Vitis_HLS/2022.2/common/technology/xilinx/ip/xfft.gen 
Execute       source /home/dani/Xilinx/Vitis_HLS/2022.2/common/technology/xilinx/ip/xfir.gen 
Execute       source /home/dani/Xilinx/Vitis_HLS/2022.2/common/technology/xilinx/DSP48/dsp48.gen 
Execute     ap_part_info -name xczu3eg-sbva484-1-i -data info 
Execute     config_compile -quiet -complex-mul-dsp=0 
Execute   create_clock -period 10 -name default 
INFO: [HLS 200-1510] Running: create_clock -period 10 -name default 
Execute   config_export -format ip_catalog -output /home/dani/Desktop/SDU_Master/EmbeddedSystems/final_assignment -rtl verilog 
INFO: [HLS 200-1510] Running: config_export -format ip_catalog -output /home/dani/Desktop/SDU_Master/EmbeddedSystems/final_assignment -rtl verilog 
Execute   source ./cnn_hls/solution1/directives.tcl 
INFO: [HLS 200-1510] Running: source ./cnn_hls/solution1/directives.tcl
Execute     set_directive_top -name cnn_predict cnn_predict 
INFO: [HLS 200-1510] Running: set_directive_top -name cnn_predict cnn_predict 
Execute   csim_design -quiet 
INFO: [HLS 200-1510] Running: csim_design -quiet 
Execute     source /home/dani/Desktop/SDU_Master/EmbeddedSystems/final_assignment/vitis_hls/cnn_hls/solution1/.autopilot/db/global.setting.tcl 
INFO: [SIM 211-2] *************** CSIM start ***************
INFO: [SIM 211-4] CSIM will launch GCC as the compiler.
Execute     source csim/.lst_opt.tcl 
Execute     ap_part_info -name xczu3eg-sbva484-1-i -data info 
Execute     source run_sim.tcl 
INFO: [SIM 211-1] CSim done with 0 errors.
INFO: [SIM 211-3] *************** CSIM finish ***************
Command   csim_design done; 0.13 sec.
INFO: [HLS 200-111] Finished Command csim_design CPU user time: 0.07 seconds. CPU system time: 0.07 seconds. Elapsed time: 0.13 seconds; current allocated memory: 0.000 MB.
Command ap_source done; 10.85 sec.
Execute cleanup_all 
