

================================================================
== Vitis HLS Report for 'cnn_predict_Pipeline_VITIS_LOOP_121_11_VITIS_LOOP_122_12_VITIS_LOOP_123_13'
================================================================
* Date:           Tue Nov 25 13:54:31 2025

* Version:        2022.2 (Build 3670227 on Oct 13 2022)
* Project:        cnn_hls
* Solution:       solution1 (Vivado IP Flow Target)
* Product family: zynquplus
* Target device:  xczu3eg-sbva484-1-i


================================================================
== Performance Estimates
================================================================
+ Timing: 
    * Summary: 
    +--------+----------+----------+------------+
    |  Clock |  Target  | Estimated| Uncertainty|
    +--------+----------+----------+------------+
    |ap_clk  |  10.00 ns|  6.023 ns|     2.70 ns|
    +--------+----------+----------+------------+

+ Latency: 
    * Summary: 
    +---------+---------+----------+----------+-------+-------+---------+
    |  Latency (cycles) |  Latency (absolute) |    Interval   | Pipeline|
    |   min   |   max   |    min   |    max   |  min  |  max  |   Type  |
    +---------+---------+----------+----------+-------+-------+---------+
    |    20369|    20369|  0.204 ms|  0.204 ms|  20369|  20369|       no|
    +---------+---------+----------+----------+-------+-------+---------+

    + Detail: 
        * Instance: 
        N/A

        * Loop: 
        +---------------------------------------------------------+---------+---------+----------+-----------+-----------+------+----------+
        |                                                         |  Latency (cycles) | Iteration|  Initiation Interval  | Trip |          |
        |                        Loop Name                        |   min   |   max   |  Latency |  achieved |   target  | Count| Pipelined|
        +---------------------------------------------------------+---------+---------+----------+-----------+-----------+------+----------+
        |- VITIS_LOOP_121_11_VITIS_LOOP_122_12_VITIS_LOOP_123_13  |    20367|    20367|       187|          3|          1|  6728|       yes|
        +---------------------------------------------------------+---------+---------+----------+-----------+-----------+------+----------+

============================================================
+ Verbose Summary: Synthesis Manager
============================================================
InlineROM: 1
ExposeGlobal: 0
============================================================
+ Verbose Summary: CDFG Model
============================================================
IsTopModel: 0
ResetActiveHigh: 1
IsCombinational: 0
IsDatapathOnly: 0
HasWiredReturn: 1
HasMFsm: 2
HasVarLatency: 1
IsPipeline: 0
IsRtlPipelined: 0
IsInstanceOverlapped: 0
IsDontTouch: 0
HasImplIP: 0
IsGatedGlobalClock: 0

+ Individual pipeline summary: 
  * Pipeline-0: initiation interval (II) = 3, depth = 188


============================================================
+ Verbose Summary: Schedule
============================================================
* Number of FSM states : 188
* Pipeline : 1
  Pipeline-0 : II = 3, D = 188, States = { 1 2 3 4 5 6 7 8 9 10 11 12 13 14 15 16 17 18 19 20 21 22 23 24 25 26 27 28 29 30 31 32 33 34 35 36 37 38 39 40 41 42 43 44 45 46 47 48 49 50 51 52 53 54 55 56 57 58 59 60 61 62 63 64 65 66 67 68 69 70 71 72 73 74 75 76 77 78 79 80 81 82 83 84 85 86 87 88 89 90 91 92 93 94 95 96 97 98 99 100 101 102 103 104 105 106 107 108 109 110 111 112 113 114 115 116 117 118 119 120 121 122 123 124 125 126 127 128 129 130 131 132 133 134 135 136 137 138 139 140 141 142 143 144 145 146 147 148 149 150 151 152 153 154 155 156 157 158 159 160 161 162 163 164 165 166 167 168 169 170 171 172 173 174 175 176 177 178 179 180 181 182 183 184 185 186 187 188 }
* Dataflow Pipeline: 0

* FSM state transitions: 
1 --> 2 
2 --> 3 
3 --> 4 
4 --> 5 
5 --> 6 
6 --> 7 
7 --> 8 
8 --> 9 
9 --> 10 
10 --> 11 
11 --> 12 
12 --> 13 
13 --> 14 
14 --> 15 
15 --> 16 
16 --> 17 
17 --> 18 
18 --> 19 
19 --> 20 
20 --> 21 
21 --> 22 
22 --> 23 
23 --> 24 
24 --> 25 
25 --> 26 
26 --> 27 
27 --> 28 
28 --> 29 
29 --> 30 
30 --> 31 
31 --> 32 
32 --> 33 
33 --> 34 
34 --> 35 
35 --> 36 
36 --> 37 
37 --> 38 
38 --> 39 
39 --> 40 
40 --> 41 
41 --> 42 
42 --> 43 
43 --> 44 
44 --> 45 
45 --> 46 
46 --> 47 
47 --> 48 
48 --> 49 
49 --> 50 
50 --> 51 
51 --> 52 
52 --> 53 
53 --> 54 
54 --> 55 
55 --> 56 
56 --> 57 
57 --> 58 
58 --> 59 
59 --> 60 
60 --> 61 
61 --> 62 
62 --> 63 
63 --> 64 
64 --> 65 
65 --> 66 
66 --> 67 
67 --> 68 
68 --> 69 
69 --> 70 
70 --> 71 
71 --> 72 
72 --> 73 
73 --> 74 
74 --> 75 
75 --> 76 
76 --> 77 
77 --> 78 
78 --> 79 
79 --> 80 
80 --> 81 
81 --> 82 
82 --> 83 
83 --> 84 
84 --> 85 
85 --> 86 
86 --> 87 
87 --> 88 
88 --> 89 
89 --> 90 
90 --> 91 
91 --> 92 
92 --> 93 
93 --> 94 
94 --> 95 
95 --> 96 
96 --> 97 
97 --> 98 
98 --> 99 
99 --> 100 
100 --> 101 
101 --> 102 
102 --> 103 
103 --> 104 
104 --> 105 
105 --> 106 
106 --> 107 
107 --> 108 
108 --> 109 
109 --> 110 
110 --> 111 
111 --> 112 
112 --> 113 
113 --> 114 
114 --> 115 
115 --> 116 
116 --> 117 
117 --> 118 
118 --> 119 
119 --> 120 
120 --> 121 
121 --> 122 
122 --> 123 
123 --> 124 
124 --> 125 
125 --> 126 
126 --> 127 
127 --> 128 
128 --> 129 
129 --> 130 
130 --> 131 
131 --> 132 
132 --> 133 
133 --> 134 
134 --> 135 
135 --> 136 
136 --> 137 
137 --> 138 
138 --> 139 
139 --> 140 
140 --> 141 
141 --> 142 
142 --> 143 
143 --> 144 
144 --> 145 
145 --> 146 
146 --> 147 
147 --> 148 
148 --> 149 
149 --> 150 
150 --> 151 
151 --> 152 
152 --> 153 
153 --> 154 
154 --> 155 
155 --> 156 
156 --> 157 
157 --> 158 
158 --> 159 
159 --> 160 
160 --> 161 
161 --> 162 
162 --> 163 
163 --> 164 
164 --> 165 
165 --> 166 
166 --> 167 
167 --> 168 
168 --> 169 
169 --> 170 
170 --> 171 
171 --> 172 
172 --> 173 
173 --> 174 
174 --> 175 
175 --> 176 
176 --> 177 
177 --> 178 
178 --> 179 
179 --> 180 
180 --> 181 
181 --> 182 
182 --> 183 
183 --> 184 
184 --> 185 
185 --> 186 
186 --> 187 
187 --> 188 
188 --> 

* FSM state operations: 

State 1 <SV = 0> <Delay = 0.48>
ST_1 : Operation 190 [1/1] (0.00ns)   --->   "%c = alloca i32 1"   --->   Operation 190 'alloca' 'c' <Predicate = true> <Delay = 0.00>
ST_1 : Operation 191 [1/1] (0.00ns)   --->   "%r = alloca i32 1"   --->   Operation 191 'alloca' 'r' <Predicate = true> <Delay = 0.00>
ST_1 : Operation 192 [1/1] (0.00ns)   --->   "%indvar_flatten52 = alloca i32 1"   --->   Operation 192 'alloca' 'indvar_flatten52' <Predicate = true> <Delay = 0.00>
ST_1 : Operation 193 [1/1] (0.00ns)   --->   "%f = alloca i32 1"   --->   Operation 193 'alloca' 'f' <Predicate = true> <Delay = 0.00>
ST_1 : Operation 194 [1/1] (0.00ns)   --->   "%indvar_flatten111 = alloca i32 1"   --->   Operation 194 'alloca' 'indvar_flatten111' <Predicate = true> <Delay = 0.00>
ST_1 : Operation 195 [1/1] (0.48ns)   --->   "%store_ln0 = store i13 0, i13 %indvar_flatten111"   --->   Operation 195 'store' 'store_ln0' <Predicate = true> <Delay = 0.48>
ST_1 : Operation 196 [1/1] (0.48ns)   --->   "%store_ln0 = store i4 0, i4 %f"   --->   Operation 196 'store' 'store_ln0' <Predicate = true> <Delay = 0.48>
ST_1 : Operation 197 [1/1] (0.48ns)   --->   "%store_ln0 = store i10 0, i10 %indvar_flatten52"   --->   Operation 197 'store' 'store_ln0' <Predicate = true> <Delay = 0.48>
ST_1 : Operation 198 [1/1] (0.48ns)   --->   "%store_ln0 = store i5 0, i5 %r"   --->   Operation 198 'store' 'store_ln0' <Predicate = true> <Delay = 0.48>
ST_1 : Operation 199 [1/1] (0.48ns)   --->   "%store_ln0 = store i5 0, i5 %c"   --->   Operation 199 'store' 'store_ln0' <Predicate = true> <Delay = 0.48>
ST_1 : Operation 200 [1/1] (0.00ns)   --->   "%br_ln0 = br void %VITIS_LOOP_126_14"   --->   Operation 200 'br' 'br_ln0' <Predicate = true> <Delay = 0.00>

State 2 <SV = 1> <Delay = 5.91>
ST_2 : Operation 201 [1/1] (0.00ns)   --->   "%r_2 = load i5 %r"   --->   Operation 201 'load' 'r_2' <Predicate = true> <Delay = 0.00>
ST_2 : Operation 202 [1/1] (0.00ns)   --->   "%indvar_flatten111_load = load i13 %indvar_flatten111" [cnn.cpp:121]   --->   Operation 202 'load' 'indvar_flatten111_load' <Predicate = true> <Delay = 0.00>
ST_2 : Operation 203 [1/1] (0.87ns)   --->   "%empty = add i5 %r_2, i5 1"   --->   Operation 203 'add' 'empty' <Predicate = true> <Delay = 0.87> <CoreInst = "Adder">   --->   Core 1 'Adder' <Latency = 0> <II = 1> <Delay = 0.87> <FuncUnit> <Opcode : 'add' 'sub'> <InPorts = 2> <OutPorts = 1>
ST_2 : Operation 204 [1/1] (0.87ns)   --->   "%empty_32 = add i5 %r_2, i5 2"   --->   Operation 204 'add' 'empty_32' <Predicate = true> <Delay = 0.87> <CoreInst = "Adder">   --->   Core 1 'Adder' <Latency = 0> <II = 1> <Delay = 0.87> <FuncUnit> <Opcode : 'add' 'sub'> <InPorts = 2> <OutPorts = 1>
ST_2 : Operation 205 [1/1] (0.00ns)   --->   "%specpipeline_ln0 = specpipeline void @_ssdm_op_SpecPipeline, i32 4294967295, i32 0, i32 1, i32 0, void @p_str"   --->   Operation 205 'specpipeline' 'specpipeline_ln0' <Predicate = true> <Delay = 0.00>
ST_2 : Operation 206 [1/1] (0.86ns)   --->   "%icmp_ln121 = icmp_eq  i13 %indvar_flatten111_load, i13 6728" [cnn.cpp:121]   --->   Operation 206 'icmp' 'icmp_ln121' <Predicate = true> <Delay = 0.86> <CoreInst = "Cmp">   --->   Core 9 'Cmp' <Latency = 0> <II = 1> <Delay = 0.86> <FuncUnit> <Opcode : 'icmp'> <InPorts = 2> <OutPorts = 1>
ST_2 : Operation 207 [1/1] (0.97ns)   --->   "%add_ln121_7 = add i13 %indvar_flatten111_load, i13 1" [cnn.cpp:121]   --->   Operation 207 'add' 'add_ln121_7' <Predicate = true> <Delay = 0.97> <CoreInst = "Adder">   --->   Core 1 'Adder' <Latency = 0> <II = 1> <Delay = 0.97> <FuncUnit> <Opcode : 'add' 'sub'> <InPorts = 2> <OutPorts = 1>
ST_2 : Operation 208 [1/1] (0.00ns)   --->   "%br_ln121 = br i1 %icmp_ln121, void %for.inc181, void %VITIS_LOOP_151_20.preheader.exitStub" [cnn.cpp:121]   --->   Operation 208 'br' 'br_ln121' <Predicate = true> <Delay = 0.00>
ST_2 : Operation 209 [1/1] (0.00ns)   --->   "%c_load = load i5 %c" [cnn.cpp:123]   --->   Operation 209 'load' 'c_load' <Predicate = (!icmp_ln121)> <Delay = 0.00>
ST_2 : Operation 210 [1/1] (0.00ns)   --->   "%indvar_flatten52_load = load i10 %indvar_flatten52" [cnn.cpp:122]   --->   Operation 210 'load' 'indvar_flatten52_load' <Predicate = (!icmp_ln121)> <Delay = 0.00>
ST_2 : Operation 211 [1/1] (0.00ns)   --->   "%f_load = load i4 %f" [cnn.cpp:121]   --->   Operation 211 'load' 'f_load' <Predicate = (!icmp_ln121)> <Delay = 0.00>
ST_2 : Operation 212 [1/1] (0.86ns)   --->   "%add_ln121 = add i4 %f_load, i4 1" [cnn.cpp:121]   --->   Operation 212 'add' 'add_ln121' <Predicate = (!icmp_ln121)> <Delay = 0.86> <CoreInst = "Adder">   --->   Core 1 'Adder' <Latency = 0> <II = 1> <Delay = 0.86> <FuncUnit> <Opcode : 'add' 'sub'> <InPorts = 2> <OutPorts = 1>
ST_2 : Operation 213 [1/1] (0.85ns)   --->   "%icmp_ln122 = icmp_eq  i10 %indvar_flatten52_load, i10 841" [cnn.cpp:122]   --->   Operation 213 'icmp' 'icmp_ln122' <Predicate = (!icmp_ln121)> <Delay = 0.85> <CoreInst = "Cmp">   --->   Core 9 'Cmp' <Latency = 0> <II = 1> <Delay = 0.85> <FuncUnit> <Opcode : 'icmp'> <InPorts = 2> <OutPorts = 1>
ST_2 : Operation 214 [1/1] (0.48ns)   --->   "%select_ln121 = select i1 %icmp_ln122, i5 0, i5 %r_2" [cnn.cpp:121]   --->   Operation 214 'select' 'select_ln121' <Predicate = (!icmp_ln121)> <Delay = 0.48> <CoreInst = "Sel">   --->   Core 73 'Sel' <Latency = 0> <II = 1> <Delay = 0.48> <FuncUnit> <Opcode : 'select'> <InPorts = 3> <OutPorts = 1>
ST_2 : Operation 215 [1/1] (0.45ns)   --->   "%select_ln121_1 = select i1 %icmp_ln122, i4 %add_ln121, i4 %f_load" [cnn.cpp:121]   --->   Operation 215 'select' 'select_ln121_1' <Predicate = (!icmp_ln121)> <Delay = 0.45> <CoreInst = "Sel">   --->   Core 73 'Sel' <Latency = 0> <II = 1> <Delay = 0.45> <FuncUnit> <Opcode : 'select'> <InPorts = 3> <OutPorts = 1>
ST_2 : Operation 216 [1/1] (0.00ns)   --->   "%zext_ln121 = zext i4 %select_ln121_1" [cnn.cpp:121]   --->   Operation 216 'zext' 'zext_ln121' <Predicate = (!icmp_ln121)> <Delay = 0.00>
ST_2 : Operation 217 [1/1] (0.00ns)   --->   "%conv2_w_addr = getelementptr i32 %conv2_w, i64 0, i64 %zext_ln121" [cnn.cpp:135]   --->   Operation 217 'getelementptr' 'conv2_w_addr' <Predicate = (!icmp_ln121)> <Delay = 0.00>
ST_2 : Operation 218 [2/2] (1.35ns)   --->   "%conv2_w_load = load i9 %conv2_w_addr" [cnn.cpp:121]   --->   Operation 218 'load' 'conv2_w_load' <Predicate = (!icmp_ln121)> <Delay = 1.35> <CoreInst = "ROM">   --->   Core 101 'ROM' <Latency = 1> <II = 1> <Delay = 1.35> <Storage> <Opcode : 'load'> <Ports = 0> <Width = 32> <Depth = 288> <ROM>
ST_2 : Operation 219 [1/1] (0.86ns)   --->   "%add_ln133 = add i4 %f_load, i4 9" [cnn.cpp:133]   --->   Operation 219 'add' 'add_ln133' <Predicate = (!icmp_ln121)> <Delay = 0.86> <CoreInst = "Adder">   --->   Core 1 'Adder' <Latency = 0> <II = 1> <Delay = 0.86> <FuncUnit> <Opcode : 'add' 'sub'> <InPorts = 2> <OutPorts = 1>
ST_2 : Operation 220 [1/1] (0.00ns) (grouped into LUT with out node select_ln121_2)   --->   "%xor_ln133 = xor i4 %f_load, i4 8" [cnn.cpp:133]   --->   Operation 220 'xor' 'xor_ln133' <Predicate = (!icmp_ln121)> <Delay = 0.00> <CoreInst = "LogicGate">   --->   Core 74 'LogicGate' <Latency = 0> <II = 1> <Delay = 0.40> <FuncUnit> <Opcode : 'and' 'or' 'xor'> <InPorts = 2> <OutPorts = 1>
ST_2 : Operation 221 [1/1] (0.45ns) (out node of the LUT)   --->   "%select_ln121_2 = select i1 %icmp_ln122, i4 %add_ln133, i4 %xor_ln133" [cnn.cpp:121]   --->   Operation 221 'select' 'select_ln121_2' <Predicate = (!icmp_ln121)> <Delay = 0.45> <CoreInst = "Sel">   --->   Core 73 'Sel' <Latency = 0> <II = 1> <Delay = 0.45> <FuncUnit> <Opcode : 'select'> <InPorts = 3> <OutPorts = 1>
ST_2 : Operation 222 [1/1] (0.00ns)   --->   "%zext_ln121_2 = zext i4 %select_ln121_2" [cnn.cpp:121]   --->   Operation 222 'zext' 'zext_ln121_2' <Predicate = (!icmp_ln121)> <Delay = 0.00>
ST_2 : Operation 223 [1/1] (0.00ns)   --->   "%conv2_w_addr_1 = getelementptr i32 %conv2_w, i64 0, i64 %zext_ln121_2" [cnn.cpp:135]   --->   Operation 223 'getelementptr' 'conv2_w_addr_1' <Predicate = (!icmp_ln121)> <Delay = 0.00>
ST_2 : Operation 224 [2/2] (1.35ns)   --->   "%conv2_w_load_1 = load i9 %conv2_w_addr_1" [cnn.cpp:121]   --->   Operation 224 'load' 'conv2_w_load_1' <Predicate = (!icmp_ln121)> <Delay = 1.35> <CoreInst = "ROM">   --->   Core 101 'ROM' <Latency = 1> <II = 1> <Delay = 1.35> <Storage> <Opcode : 'load'> <Ports = 0> <Width = 32> <Depth = 288> <ROM>
ST_2 : Operation 225 [1/1] (0.00ns)   --->   "%or_ln133_mid1 = bitconcatenate i5 @_ssdm_op_BitConcatenate.i5.i1.i4, i1 1, i4 %add_ln121" [cnn.cpp:133]   --->   Operation 225 'bitconcatenate' 'or_ln133_mid1' <Predicate = (!icmp_ln121)> <Delay = 0.00>
ST_2 : Operation 226 [1/1] (0.00ns)   --->   "%or_ln = bitconcatenate i5 @_ssdm_op_BitConcatenate.i5.i1.i4, i1 1, i4 %f_load" [cnn.cpp:133]   --->   Operation 226 'bitconcatenate' 'or_ln' <Predicate = (!icmp_ln121)> <Delay = 0.00>
ST_2 : Operation 227 [1/1] (0.48ns)   --->   "%select_ln121_3 = select i1 %icmp_ln122, i5 %or_ln133_mid1, i5 %or_ln" [cnn.cpp:121]   --->   Operation 227 'select' 'select_ln121_3' <Predicate = (!icmp_ln121)> <Delay = 0.48> <CoreInst = "Sel">   --->   Core 73 'Sel' <Latency = 0> <II = 1> <Delay = 0.48> <FuncUnit> <Opcode : 'select'> <InPorts = 3> <OutPorts = 1>
ST_2 : Operation 228 [1/1] (0.00ns)   --->   "%zext_ln121_3 = zext i5 %select_ln121_3" [cnn.cpp:121]   --->   Operation 228 'zext' 'zext_ln121_3' <Predicate = (!icmp_ln121)> <Delay = 0.00>
ST_2 : Operation 229 [1/1] (0.00ns)   --->   "%conv2_w_addr_2 = getelementptr i32 %conv2_w, i64 0, i64 %zext_ln121_3" [cnn.cpp:135]   --->   Operation 229 'getelementptr' 'conv2_w_addr_2' <Predicate = (!icmp_ln121)> <Delay = 0.00>
ST_2 : Operation 230 [2/2] (1.35ns)   --->   "%conv2_w_load_2 = load i9 %conv2_w_addr_2" [cnn.cpp:121]   --->   Operation 230 'load' 'conv2_w_load_2' <Predicate = (!icmp_ln121)> <Delay = 1.35> <CoreInst = "ROM">   --->   Core 101 'ROM' <Latency = 1> <II = 1> <Delay = 1.35> <Storage> <Opcode : 'load'> <Ports = 0> <Width = 32> <Depth = 288> <ROM>
ST_2 : Operation 231 [1/1] (0.00ns)   --->   "%sext_ln121 = sext i4 %select_ln121_2" [cnn.cpp:121]   --->   Operation 231 'sext' 'sext_ln121' <Predicate = (!icmp_ln121)> <Delay = 0.00>
ST_2 : Operation 232 [1/1] (0.00ns)   --->   "%zext_ln121_4 = zext i5 %sext_ln121" [cnn.cpp:121]   --->   Operation 232 'zext' 'zext_ln121_4' <Predicate = (!icmp_ln121)> <Delay = 0.00>
ST_2 : Operation 233 [1/1] (0.00ns)   --->   "%conv2_w_addr_3 = getelementptr i32 %conv2_w, i64 0, i64 %zext_ln121_4" [cnn.cpp:135]   --->   Operation 233 'getelementptr' 'conv2_w_addr_3' <Predicate = (!icmp_ln121)> <Delay = 0.00>
ST_2 : Operation 234 [2/2] (1.35ns)   --->   "%conv2_w_load_3 = load i9 %conv2_w_addr_3" [cnn.cpp:121]   --->   Operation 234 'load' 'conv2_w_load_3' <Predicate = (!icmp_ln121)> <Delay = 1.35> <CoreInst = "ROM">   --->   Core 101 'ROM' <Latency = 1> <II = 1> <Delay = 1.35> <Storage> <Opcode : 'load'> <Ports = 0> <Width = 32> <Depth = 288> <ROM>
ST_2 : Operation 235 [1/1] (0.00ns)   --->   "%or_ln133_1_mid1 = bitconcatenate i6 @_ssdm_op_BitConcatenate.i6.i2.i4, i2 2, i4 %add_ln121" [cnn.cpp:133]   --->   Operation 235 'bitconcatenate' 'or_ln133_1_mid1' <Predicate = (!icmp_ln121)> <Delay = 0.00>
ST_2 : Operation 236 [1/1] (0.00ns)   --->   "%or_ln133_s = bitconcatenate i6 @_ssdm_op_BitConcatenate.i6.i2.i4, i2 2, i4 %f_load" [cnn.cpp:133]   --->   Operation 236 'bitconcatenate' 'or_ln133_s' <Predicate = (!icmp_ln121)> <Delay = 0.00>
ST_2 : Operation 237 [1/1] (0.44ns)   --->   "%select_ln121_4 = select i1 %icmp_ln122, i6 %or_ln133_1_mid1, i6 %or_ln133_s" [cnn.cpp:121]   --->   Operation 237 'select' 'select_ln121_4' <Predicate = (!icmp_ln121)> <Delay = 0.44> <CoreInst = "Sel">   --->   Core 73 'Sel' <Latency = 0> <II = 1> <Delay = 0.44> <FuncUnit> <Opcode : 'select'> <InPorts = 3> <OutPorts = 1>
ST_2 : Operation 238 [1/1] (0.00ns)   --->   "%zext_ln121_5 = zext i6 %select_ln121_4" [cnn.cpp:121]   --->   Operation 238 'zext' 'zext_ln121_5' <Predicate = (!icmp_ln121)> <Delay = 0.00>
ST_2 : Operation 239 [1/1] (0.00ns)   --->   "%conv2_w_addr_4 = getelementptr i32 %conv2_w, i64 0, i64 %zext_ln121_5" [cnn.cpp:135]   --->   Operation 239 'getelementptr' 'conv2_w_addr_4' <Predicate = (!icmp_ln121)> <Delay = 0.00>
ST_2 : Operation 240 [2/2] (1.35ns)   --->   "%conv2_w_load_4 = load i9 %conv2_w_addr_4" [cnn.cpp:121]   --->   Operation 240 'load' 'conv2_w_load_4' <Predicate = (!icmp_ln121)> <Delay = 1.35> <CoreInst = "ROM">   --->   Core 101 'ROM' <Latency = 1> <II = 1> <Delay = 1.35> <Storage> <Opcode : 'load'> <Ports = 0> <Width = 32> <Depth = 288> <ROM>
ST_2 : Operation 241 [1/1] (0.00ns)   --->   "%zext_ln121_6 = zext i4 %select_ln121_1" [cnn.cpp:121]   --->   Operation 241 'zext' 'zext_ln121_6' <Predicate = (!icmp_ln121)> <Delay = 0.00>
ST_2 : Operation 242 [1/1] (0.88ns)   --->   "%add_ln121_8 = add i6 %zext_ln121_6, i6 40" [cnn.cpp:121]   --->   Operation 242 'add' 'add_ln121_8' <Predicate = (!icmp_ln121)> <Delay = 0.88> <CoreInst = "Adder">   --->   Core 1 'Adder' <Latency = 0> <II = 1> <Delay = 0.88> <FuncUnit> <Opcode : 'add' 'sub'> <InPorts = 2> <OutPorts = 1>
ST_2 : Operation 243 [1/1] (0.00ns)   --->   "%zext_ln121_7 = zext i6 %add_ln121_8" [cnn.cpp:121]   --->   Operation 243 'zext' 'zext_ln121_7' <Predicate = (!icmp_ln121)> <Delay = 0.00>
ST_2 : Operation 244 [1/1] (0.00ns)   --->   "%conv2_w_addr_5 = getelementptr i32 %conv2_w, i64 0, i64 %zext_ln121_7" [cnn.cpp:135]   --->   Operation 244 'getelementptr' 'conv2_w_addr_5' <Predicate = (!icmp_ln121)> <Delay = 0.00>
ST_2 : Operation 245 [2/2] (1.35ns)   --->   "%conv2_w_load_5 = load i9 %conv2_w_addr_5" [cnn.cpp:121]   --->   Operation 245 'load' 'conv2_w_load_5' <Predicate = (!icmp_ln121)> <Delay = 1.35> <CoreInst = "ROM">   --->   Core 101 'ROM' <Latency = 1> <II = 1> <Delay = 1.35> <Storage> <Opcode : 'load'> <Ports = 0> <Width = 32> <Depth = 288> <ROM>
ST_2 : Operation 246 [1/1] (0.00ns)   --->   "%sext_ln121_1 = sext i5 %select_ln121_3" [cnn.cpp:121]   --->   Operation 246 'sext' 'sext_ln121_1' <Predicate = (!icmp_ln121)> <Delay = 0.00>
ST_2 : Operation 247 [1/1] (0.00ns)   --->   "%zext_ln121_8 = zext i6 %sext_ln121_1" [cnn.cpp:121]   --->   Operation 247 'zext' 'zext_ln121_8' <Predicate = (!icmp_ln121)> <Delay = 0.00>
ST_2 : Operation 248 [1/1] (0.00ns)   --->   "%conv2_w_addr_6 = getelementptr i32 %conv2_w, i64 0, i64 %zext_ln121_8" [cnn.cpp:135]   --->   Operation 248 'getelementptr' 'conv2_w_addr_6' <Predicate = (!icmp_ln121)> <Delay = 0.00>
ST_2 : Operation 249 [2/2] (1.35ns)   --->   "%conv2_w_load_6 = load i9 %conv2_w_addr_6" [cnn.cpp:121]   --->   Operation 249 'load' 'conv2_w_load_6' <Predicate = (!icmp_ln121)> <Delay = 1.35> <CoreInst = "ROM">   --->   Core 101 'ROM' <Latency = 1> <II = 1> <Delay = 1.35> <Storage> <Opcode : 'load'> <Ports = 0> <Width = 32> <Depth = 288> <ROM>
ST_2 : Operation 250 [1/1] (0.00ns)   --->   "%sext_ln121_2 = sext i4 %select_ln121_2" [cnn.cpp:121]   --->   Operation 250 'sext' 'sext_ln121_2' <Predicate = (!icmp_ln121)> <Delay = 0.00>
ST_2 : Operation 251 [1/1] (0.00ns)   --->   "%zext_ln121_9 = zext i6 %sext_ln121_2" [cnn.cpp:121]   --->   Operation 251 'zext' 'zext_ln121_9' <Predicate = (!icmp_ln121)> <Delay = 0.00>
ST_2 : Operation 252 [1/1] (0.00ns)   --->   "%conv2_w_addr_7 = getelementptr i32 %conv2_w, i64 0, i64 %zext_ln121_9" [cnn.cpp:135]   --->   Operation 252 'getelementptr' 'conv2_w_addr_7' <Predicate = (!icmp_ln121)> <Delay = 0.00>
ST_2 : Operation 253 [2/2] (1.35ns)   --->   "%conv2_w_load_7 = load i9 %conv2_w_addr_7" [cnn.cpp:121]   --->   Operation 253 'load' 'conv2_w_load_7' <Predicate = (!icmp_ln121)> <Delay = 1.35> <CoreInst = "ROM">   --->   Core 101 'ROM' <Latency = 1> <II = 1> <Delay = 1.35> <Storage> <Opcode : 'load'> <Ports = 0> <Width = 32> <Depth = 288> <ROM>
ST_2 : Operation 254 [1/1] (0.00ns)   --->   "%or_ln133_3_mid1 = bitconcatenate i7 @_ssdm_op_BitConcatenate.i7.i3.i4, i3 4, i4 %add_ln121" [cnn.cpp:133]   --->   Operation 254 'bitconcatenate' 'or_ln133_3_mid1' <Predicate = (!icmp_ln121)> <Delay = 0.00>
ST_2 : Operation 255 [1/1] (0.00ns)   --->   "%or_ln133_1 = bitconcatenate i7 @_ssdm_op_BitConcatenate.i7.i3.i4, i3 4, i4 %f_load" [cnn.cpp:133]   --->   Operation 255 'bitconcatenate' 'or_ln133_1' <Predicate = (!icmp_ln121)> <Delay = 0.00>
ST_2 : Operation 256 [1/1] (0.42ns)   --->   "%select_ln121_5 = select i1 %icmp_ln122, i7 %or_ln133_3_mid1, i7 %or_ln133_1" [cnn.cpp:121]   --->   Operation 256 'select' 'select_ln121_5' <Predicate = (!icmp_ln121)> <Delay = 0.42> <CoreInst = "Sel">   --->   Core 73 'Sel' <Latency = 0> <II = 1> <Delay = 0.42> <FuncUnit> <Opcode : 'select'> <InPorts = 3> <OutPorts = 1>
ST_2 : Operation 257 [1/1] (0.00ns)   --->   "%zext_ln121_10 = zext i7 %select_ln121_5" [cnn.cpp:121]   --->   Operation 257 'zext' 'zext_ln121_10' <Predicate = (!icmp_ln121)> <Delay = 0.00>
ST_2 : Operation 258 [1/1] (0.00ns)   --->   "%conv2_w_addr_8 = getelementptr i32 %conv2_w, i64 0, i64 %zext_ln121_10" [cnn.cpp:135]   --->   Operation 258 'getelementptr' 'conv2_w_addr_8' <Predicate = (!icmp_ln121)> <Delay = 0.00>
ST_2 : Operation 259 [2/2] (1.35ns)   --->   "%conv2_w_load_8 = load i9 %conv2_w_addr_8" [cnn.cpp:121]   --->   Operation 259 'load' 'conv2_w_load_8' <Predicate = (!icmp_ln121)> <Delay = 1.35> <CoreInst = "ROM">   --->   Core 101 'ROM' <Latency = 1> <II = 1> <Delay = 1.35> <Storage> <Opcode : 'load'> <Ports = 0> <Width = 32> <Depth = 288> <ROM>
ST_2 : Operation 260 [1/1] (0.00ns)   --->   "%zext_ln121_11 = zext i4 %select_ln121_1" [cnn.cpp:121]   --->   Operation 260 'zext' 'zext_ln121_11' <Predicate = (!icmp_ln121)> <Delay = 0.00>
ST_2 : Operation 261 [1/1] (0.89ns)   --->   "%add_ln121_9 = add i7 %zext_ln121_11, i7 72" [cnn.cpp:121]   --->   Operation 261 'add' 'add_ln121_9' <Predicate = (!icmp_ln121)> <Delay = 0.89> <CoreInst = "Adder">   --->   Core 1 'Adder' <Latency = 0> <II = 1> <Delay = 0.89> <FuncUnit> <Opcode : 'add' 'sub'> <InPorts = 2> <OutPorts = 1>
ST_2 : Operation 262 [1/1] (0.00ns)   --->   "%zext_ln121_12 = zext i7 %add_ln121_9" [cnn.cpp:121]   --->   Operation 262 'zext' 'zext_ln121_12' <Predicate = (!icmp_ln121)> <Delay = 0.00>
ST_2 : Operation 263 [1/1] (0.00ns)   --->   "%conv2_w_addr_9 = getelementptr i32 %conv2_w, i64 0, i64 %zext_ln121_12" [cnn.cpp:135]   --->   Operation 263 'getelementptr' 'conv2_w_addr_9' <Predicate = (!icmp_ln121)> <Delay = 0.00>
ST_2 : Operation 264 [2/2] (1.35ns)   --->   "%conv2_w_load_9 = load i9 %conv2_w_addr_9" [cnn.cpp:121]   --->   Operation 264 'load' 'conv2_w_load_9' <Predicate = (!icmp_ln121)> <Delay = 1.35> <CoreInst = "ROM">   --->   Core 101 'ROM' <Latency = 1> <II = 1> <Delay = 1.35> <Storage> <Opcode : 'load'> <Ports = 0> <Width = 32> <Depth = 288> <ROM>
ST_2 : Operation 265 [1/1] (0.00ns)   --->   "%or_ln133_4_mid1 = bitconcatenate i7 @_ssdm_op_BitConcatenate.i7.i3.i4, i3 5, i4 %add_ln121" [cnn.cpp:133]   --->   Operation 265 'bitconcatenate' 'or_ln133_4_mid1' <Predicate = (!icmp_ln121)> <Delay = 0.00>
ST_2 : Operation 266 [1/1] (0.00ns)   --->   "%or_ln133_2 = bitconcatenate i7 @_ssdm_op_BitConcatenate.i7.i3.i4, i3 5, i4 %f_load" [cnn.cpp:133]   --->   Operation 266 'bitconcatenate' 'or_ln133_2' <Predicate = (!icmp_ln121)> <Delay = 0.00>
ST_2 : Operation 267 [1/1] (0.42ns)   --->   "%select_ln121_6 = select i1 %icmp_ln122, i7 %or_ln133_4_mid1, i7 %or_ln133_2" [cnn.cpp:121]   --->   Operation 267 'select' 'select_ln121_6' <Predicate = (!icmp_ln121)> <Delay = 0.42> <CoreInst = "Sel">   --->   Core 73 'Sel' <Latency = 0> <II = 1> <Delay = 0.42> <FuncUnit> <Opcode : 'select'> <InPorts = 3> <OutPorts = 1>
ST_2 : Operation 268 [1/1] (0.00ns)   --->   "%zext_ln121_13 = zext i7 %select_ln121_6" [cnn.cpp:121]   --->   Operation 268 'zext' 'zext_ln121_13' <Predicate = (!icmp_ln121)> <Delay = 0.00>
ST_2 : Operation 269 [1/1] (0.00ns)   --->   "%conv2_w_addr_10 = getelementptr i32 %conv2_w, i64 0, i64 %zext_ln121_13" [cnn.cpp:135]   --->   Operation 269 'getelementptr' 'conv2_w_addr_10' <Predicate = (!icmp_ln121)> <Delay = 0.00>
ST_2 : Operation 270 [2/2] (1.35ns)   --->   "%conv2_w_load_10 = load i9 %conv2_w_addr_10" [cnn.cpp:121]   --->   Operation 270 'load' 'conv2_w_load_10' <Predicate = (!icmp_ln121)> <Delay = 1.35> <CoreInst = "ROM">   --->   Core 101 'ROM' <Latency = 1> <II = 1> <Delay = 1.35> <Storage> <Opcode : 'load'> <Ports = 0> <Width = 32> <Depth = 288> <ROM>
ST_2 : Operation 271 [1/1] (0.89ns)   --->   "%add_ln121_10 = add i7 %zext_ln121_11, i7 88" [cnn.cpp:121]   --->   Operation 271 'add' 'add_ln121_10' <Predicate = (!icmp_ln121)> <Delay = 0.89> <CoreInst = "Adder">   --->   Core 1 'Adder' <Latency = 0> <II = 1> <Delay = 0.89> <FuncUnit> <Opcode : 'add' 'sub'> <InPorts = 2> <OutPorts = 1>
ST_2 : Operation 272 [1/1] (0.00ns)   --->   "%zext_ln121_14 = zext i7 %add_ln121_10" [cnn.cpp:121]   --->   Operation 272 'zext' 'zext_ln121_14' <Predicate = (!icmp_ln121)> <Delay = 0.00>
ST_2 : Operation 273 [1/1] (0.00ns)   --->   "%conv2_w_addr_11 = getelementptr i32 %conv2_w, i64 0, i64 %zext_ln121_14" [cnn.cpp:135]   --->   Operation 273 'getelementptr' 'conv2_w_addr_11' <Predicate = (!icmp_ln121)> <Delay = 0.00>
ST_2 : Operation 274 [2/2] (1.35ns)   --->   "%conv2_w_load_11 = load i9 %conv2_w_addr_11" [cnn.cpp:121]   --->   Operation 274 'load' 'conv2_w_load_11' <Predicate = (!icmp_ln121)> <Delay = 1.35> <CoreInst = "ROM">   --->   Core 101 'ROM' <Latency = 1> <II = 1> <Delay = 1.35> <Storage> <Opcode : 'load'> <Ports = 0> <Width = 32> <Depth = 288> <ROM>
ST_2 : Operation 275 [1/1] (0.00ns) (grouped into LUT with out node select_ln122_2)   --->   "%select_ln121_13 = select i1 %icmp_ln122, i5 1, i5 %empty" [cnn.cpp:121]   --->   Operation 275 'select' 'select_ln121_13' <Predicate = (!icmp_ln121)> <Delay = 0.00> <CoreInst = "Sel">   --->   Core 73 'Sel' <Latency = 0> <II = 1> <Delay = 0.48> <FuncUnit> <Opcode : 'select'> <InPorts = 3> <OutPorts = 1>
ST_2 : Operation 276 [1/1] (0.00ns) (grouped into LUT with out node select_ln122_3)   --->   "%select_ln121_14 = select i1 %icmp_ln122, i5 2, i5 %empty_32" [cnn.cpp:121]   --->   Operation 276 'select' 'select_ln121_14' <Predicate = (!icmp_ln121)> <Delay = 0.00> <CoreInst = "Sel">   --->   Core 73 'Sel' <Latency = 0> <II = 1> <Delay = 0.48> <FuncUnit> <Opcode : 'select'> <InPorts = 3> <OutPorts = 1>
ST_2 : Operation 277 [1/1] (0.00ns) (grouped into LUT with out node and_ln121)   --->   "%xor_ln121 = xor i1 %icmp_ln122, i1 1" [cnn.cpp:121]   --->   Operation 277 'xor' 'xor_ln121' <Predicate = (!icmp_ln121)> <Delay = 0.00> <CoreInst = "LogicGate">   --->   Core 74 'LogicGate' <Latency = 0> <II = 1> <Delay = 0.33> <FuncUnit> <Opcode : 'and' 'or' 'xor'> <InPorts = 2> <OutPorts = 1>
ST_2 : Operation 278 [1/1] (0.87ns)   --->   "%icmp_ln123 = icmp_eq  i5 %c_load, i5 29" [cnn.cpp:123]   --->   Operation 278 'icmp' 'icmp_ln123' <Predicate = (!icmp_ln121)> <Delay = 0.87> <CoreInst = "Cmp">   --->   Core 9 'Cmp' <Latency = 0> <II = 1> <Delay = 0.87> <FuncUnit> <Opcode : 'icmp'> <InPorts = 2> <OutPorts = 1>
ST_2 : Operation 279 [1/1] (0.33ns) (out node of the LUT)   --->   "%and_ln121 = and i1 %icmp_ln123, i1 %xor_ln121" [cnn.cpp:121]   --->   Operation 279 'and' 'and_ln121' <Predicate = (!icmp_ln121)> <Delay = 0.33> <CoreInst = "LogicGate">   --->   Core 74 'LogicGate' <Latency = 0> <II = 1> <Delay = 0.33> <FuncUnit> <Opcode : 'and' 'or' 'xor'> <InPorts = 2> <OutPorts = 1>
ST_2 : Operation 280 [1/1] (0.87ns)   --->   "%p_dup45 = add i5 %select_ln121, i5 1" [cnn.cpp:121]   --->   Operation 280 'add' 'p_dup45' <Predicate = (!icmp_ln121)> <Delay = 0.87> <CoreInst = "Adder">   --->   Core 1 'Adder' <Latency = 0> <II = 1> <Delay = 0.87> <FuncUnit> <Opcode : 'add' 'sub'> <InPorts = 2> <OutPorts = 1>
ST_2 : Operation 281 [1/1] (0.00ns) (grouped into LUT with out node select_ln122)   --->   "%or_ln122 = or i1 %and_ln121, i1 %icmp_ln122" [cnn.cpp:122]   --->   Operation 281 'or' 'or_ln122' <Predicate = (!icmp_ln121)> <Delay = 0.00> <CoreInst = "LogicGate">   --->   Core 74 'LogicGate' <Latency = 0> <II = 1> <Delay = 0.33> <FuncUnit> <Opcode : 'and' 'or' 'xor'> <InPorts = 2> <OutPorts = 1>
ST_2 : Operation 282 [1/1] (0.48ns) (out node of the LUT)   --->   "%select_ln122 = select i1 %or_ln122, i5 0, i5 %c_load" [cnn.cpp:122]   --->   Operation 282 'select' 'select_ln122' <Predicate = (!icmp_ln121)> <Delay = 0.48> <CoreInst = "Sel">   --->   Core 73 'Sel' <Latency = 0> <II = 1> <Delay = 0.48> <FuncUnit> <Opcode : 'select'> <InPorts = 3> <OutPorts = 1>
ST_2 : Operation 283 [1/1] (0.48ns)   --->   "%select_ln122_1 = select i1 %and_ln121, i5 %p_dup45, i5 %select_ln121" [cnn.cpp:122]   --->   Operation 283 'select' 'select_ln122_1' <Predicate = (!icmp_ln121)> <Delay = 0.48> <CoreInst = "Sel">   --->   Core 73 'Sel' <Latency = 0> <II = 1> <Delay = 0.48> <FuncUnit> <Opcode : 'select'> <InPorts = 3> <OutPorts = 1>
ST_2 : Operation 284 [1/1] (0.00ns)   --->   "%zext_ln135 = zext i5 %select_ln122_1" [cnn.cpp:135]   --->   Operation 284 'zext' 'zext_ln135' <Predicate = (!icmp_ln121)> <Delay = 0.00>
ST_2 : Operation 285 [1/1] (0.00ns)   --->   "%zext_ln135_1 = zext i5 %select_ln122_1" [cnn.cpp:135]   --->   Operation 285 'zext' 'zext_ln135_1' <Predicate = (!icmp_ln121)> <Delay = 0.00>
ST_2 : Operation 286 [1/1] (0.00ns)   --->   "%tmp = bitconcatenate i10 @_ssdm_op_BitConcatenate.i10.i5.i5, i5 %select_ln122_1, i5 0" [cnn.cpp:135]   --->   Operation 286 'bitconcatenate' 'tmp' <Predicate = (!icmp_ln121)> <Delay = 0.00>
ST_2 : Operation 287 [1/1] (0.00ns)   --->   "%zext_ln135_2 = zext i10 %tmp" [cnn.cpp:135]   --->   Operation 287 'zext' 'zext_ln135_2' <Predicate = (!icmp_ln121)> <Delay = 0.00>
ST_2 : Operation 288 [1/1] (0.93ns)   --->   "%sub_ln135 = sub i62 %zext_ln135_2, i62 %zext_ln135_1" [cnn.cpp:135]   --->   Operation 288 'sub' 'sub_ln135' <Predicate = (!icmp_ln121)> <Delay = 0.93> <CoreInst = "Adder">   --->   Core 1 'Adder' <Latency = 0> <II = 1> <Delay = 0.93> <FuncUnit> <Opcode : 'add' 'sub'> <InPorts = 2> <OutPorts = 1>
ST_2 : Operation 289 [3/3] (1.08ns) (grouped into DSP with root node add_ln139)   --->   "%mul_ln139 = mul i10 %zext_ln135, i10 29" [cnn.cpp:139]   --->   Operation 289 'mul' 'mul_ln139' <Predicate = (!icmp_ln121)> <Delay = 1.08> <CoreInst = "DSP48">   --->   Core 127 'DSP48' <Latency = 3> <II = 1> <Delay = 0.69> <IPBlock> <Opcode : 'mul' 'add' 'sub' 'select'> <InPorts = 0> <OutPorts = 1> <Sync> <CReg>
ST_2 : Operation 290 [1/1] (0.87ns)   --->   "%p_mid148 = add i5 %select_ln121, i5 2" [cnn.cpp:121]   --->   Operation 290 'add' 'p_mid148' <Predicate = (!icmp_ln121)> <Delay = 0.87> <CoreInst = "Adder">   --->   Core 1 'Adder' <Latency = 0> <II = 1> <Delay = 0.87> <FuncUnit> <Opcode : 'add' 'sub'> <InPorts = 2> <OutPorts = 1>
ST_2 : Operation 291 [1/1] (0.48ns) (out node of the LUT)   --->   "%select_ln122_2 = select i1 %and_ln121, i5 %p_mid148, i5 %select_ln121_13" [cnn.cpp:122]   --->   Operation 291 'select' 'select_ln122_2' <Predicate = (!icmp_ln121)> <Delay = 0.48> <CoreInst = "Sel">   --->   Core 73 'Sel' <Latency = 0> <II = 1> <Delay = 0.48> <FuncUnit> <Opcode : 'select'> <InPorts = 3> <OutPorts = 1>
ST_2 : Operation 292 [1/1] (0.87ns)   --->   "%p_mid150 = add i5 %select_ln121, i5 3" [cnn.cpp:121]   --->   Operation 292 'add' 'p_mid150' <Predicate = (!icmp_ln121)> <Delay = 0.87> <CoreInst = "Adder">   --->   Core 1 'Adder' <Latency = 0> <II = 1> <Delay = 0.87> <FuncUnit> <Opcode : 'add' 'sub'> <InPorts = 2> <OutPorts = 1>
ST_2 : Operation 293 [1/1] (0.48ns) (out node of the LUT)   --->   "%select_ln122_3 = select i1 %and_ln121, i5 %p_mid150, i5 %select_ln121_14" [cnn.cpp:122]   --->   Operation 293 'select' 'select_ln122_3' <Predicate = (!icmp_ln121)> <Delay = 0.48> <CoreInst = "Sel">   --->   Core 73 'Sel' <Latency = 0> <II = 1> <Delay = 0.48> <FuncUnit> <Opcode : 'select'> <InPorts = 3> <OutPorts = 1>
ST_2 : Operation 294 [1/1] (0.00ns)   --->   "%trunc_ln135 = trunc i62 %sub_ln135" [cnn.cpp:135]   --->   Operation 294 'trunc' 'trunc_ln135' <Predicate = (!icmp_ln121)> <Delay = 0.00>
ST_2 : Operation 295 [1/1] (0.00ns)   --->   "%zext_ln135_8 = zext i5 %select_ln122" [cnn.cpp:135]   --->   Operation 295 'zext' 'zext_ln135_8' <Predicate = (!icmp_ln121)> <Delay = 0.00>
ST_2 : Operation 296 [1/1] (0.93ns)   --->   "%add_ln135 = add i10 %trunc_ln135, i10 %zext_ln135_8" [cnn.cpp:135]   --->   Operation 296 'add' 'add_ln135' <Predicate = (!icmp_ln121)> <Delay = 0.93> <CoreInst = "Adder">   --->   Core 1 'Adder' <Latency = 0> <II = 1> <Delay = 0.93> <FuncUnit> <Opcode : 'add' 'sub'> <InPorts = 2> <OutPorts = 1>
ST_2 : Operation 297 [1/1] (0.00ns)   --->   "%tmp_s = bitconcatenate i12 @_ssdm_op_BitConcatenate.i12.i10.i2, i10 %add_ln135, i2 0" [cnn.cpp:135]   --->   Operation 297 'bitconcatenate' 'tmp_s' <Predicate = (!icmp_ln121)> <Delay = 0.00>
ST_2 : Operation 298 [1/1] (0.00ns)   --->   "%zext_ln135_9 = zext i12 %tmp_s" [cnn.cpp:135]   --->   Operation 298 'zext' 'zext_ln135_9' <Predicate = (!icmp_ln121)> <Delay = 0.00>
ST_2 : Operation 299 [1/1] (0.00ns)   --->   "%layer1_pool_addr = getelementptr i32 %layer1_pool, i64 0, i64 %zext_ln135_9" [cnn.cpp:135]   --->   Operation 299 'getelementptr' 'layer1_pool_addr' <Predicate = (!icmp_ln121)> <Delay = 0.00>
ST_2 : Operation 300 [1/1] (0.00ns)   --->   "%or_ln135 = or i12 %tmp_s, i12 1" [cnn.cpp:135]   --->   Operation 300 'or' 'or_ln135' <Predicate = (!icmp_ln121)> <Delay = 0.00>
ST_2 : Operation 301 [1/1] (0.00ns)   --->   "%zext_ln135_10 = zext i12 %or_ln135" [cnn.cpp:135]   --->   Operation 301 'zext' 'zext_ln135_10' <Predicate = (!icmp_ln121)> <Delay = 0.00>
ST_2 : Operation 302 [1/1] (0.00ns)   --->   "%layer1_pool_addr_1 = getelementptr i32 %layer1_pool, i64 0, i64 %zext_ln135_10" [cnn.cpp:135]   --->   Operation 302 'getelementptr' 'layer1_pool_addr_1' <Predicate = (!icmp_ln121)> <Delay = 0.00>
ST_2 : Operation 303 [1/1] (0.00ns)   --->   "%or_ln135_1 = or i12 %tmp_s, i12 2" [cnn.cpp:135]   --->   Operation 303 'or' 'or_ln135_1' <Predicate = (!icmp_ln121)> <Delay = 0.00>
ST_2 : Operation 304 [1/1] (0.00ns)   --->   "%zext_ln135_11 = zext i12 %or_ln135_1" [cnn.cpp:135]   --->   Operation 304 'zext' 'zext_ln135_11' <Predicate = (!icmp_ln121)> <Delay = 0.00>
ST_2 : Operation 305 [1/1] (0.00ns)   --->   "%layer1_pool_addr_2 = getelementptr i32 %layer1_pool, i64 0, i64 %zext_ln135_11" [cnn.cpp:135]   --->   Operation 305 'getelementptr' 'layer1_pool_addr_2' <Predicate = (!icmp_ln121)> <Delay = 0.00>
ST_2 : Operation 306 [1/1] (0.00ns)   --->   "%or_ln135_2 = or i12 %tmp_s, i12 3" [cnn.cpp:135]   --->   Operation 306 'or' 'or_ln135_2' <Predicate = (!icmp_ln121)> <Delay = 0.00>
ST_2 : Operation 307 [1/1] (0.00ns)   --->   "%zext_ln135_12 = zext i12 %or_ln135_2" [cnn.cpp:135]   --->   Operation 307 'zext' 'zext_ln135_12' <Predicate = (!icmp_ln121)> <Delay = 0.00>
ST_2 : Operation 308 [1/1] (0.00ns)   --->   "%layer1_pool_addr_3 = getelementptr i32 %layer1_pool, i64 0, i64 %zext_ln135_12" [cnn.cpp:135]   --->   Operation 308 'getelementptr' 'layer1_pool_addr_3' <Predicate = (!icmp_ln121)> <Delay = 0.00>
ST_2 : Operation 309 [2/2] (1.35ns)   --->   "%layer1_pool_load = load i12 %layer1_pool_addr" [cnn.cpp:135]   --->   Operation 309 'load' 'layer1_pool_load' <Predicate = (!icmp_ln121)> <Delay = 1.35> <CoreInst = "RAM_1WnR">   --->   Core 84 'RAM_1WnR' <Latency = 1> <II = 1> <Delay = 1.35> <Storage> <Opcode : 'load' 'store'> <Ports = 17> <Width = 32> <Depth = 3844> <RAM>
ST_2 : Operation 310 [2/2] (1.35ns)   --->   "%layer1_pool_load_1 = load i12 %layer1_pool_addr_1" [cnn.cpp:135]   --->   Operation 310 'load' 'layer1_pool_load_1' <Predicate = (!icmp_ln121)> <Delay = 1.35> <CoreInst = "RAM_1WnR">   --->   Core 84 'RAM_1WnR' <Latency = 1> <II = 1> <Delay = 1.35> <Storage> <Opcode : 'load' 'store'> <Ports = 17> <Width = 32> <Depth = 3844> <RAM>
ST_2 : Operation 311 [2/2] (1.35ns)   --->   "%layer1_pool_load_2 = load i12 %layer1_pool_addr_2" [cnn.cpp:135]   --->   Operation 311 'load' 'layer1_pool_load_2' <Predicate = (!icmp_ln121)> <Delay = 1.35> <CoreInst = "RAM_1WnR">   --->   Core 84 'RAM_1WnR' <Latency = 1> <II = 1> <Delay = 1.35> <Storage> <Opcode : 'load' 'store'> <Ports = 17> <Width = 32> <Depth = 3844> <RAM>
ST_2 : Operation 312 [2/2] (1.35ns)   --->   "%layer1_pool_load_3 = load i12 %layer1_pool_addr_3" [cnn.cpp:135]   --->   Operation 312 'load' 'layer1_pool_load_3' <Predicate = (!icmp_ln121)> <Delay = 1.35> <CoreInst = "RAM_1WnR">   --->   Core 84 'RAM_1WnR' <Latency = 1> <II = 1> <Delay = 1.35> <Storage> <Opcode : 'load' 'store'> <Ports = 17> <Width = 32> <Depth = 3844> <RAM>
ST_2 : Operation 313 [1/1] (0.87ns)   --->   "%empty_34 = add i5 %select_ln122, i5 1" [cnn.cpp:122]   --->   Operation 313 'add' 'empty_34' <Predicate = (!icmp_ln121)> <Delay = 0.87> <CoreInst = "Adder">   --->   Core 1 'Adder' <Latency = 0> <II = 1> <Delay = 0.87> <FuncUnit> <Opcode : 'add' 'sub'> <InPorts = 2> <OutPorts = 1>
ST_2 : Operation 314 [1/1] (0.00ns)   --->   "%trunc_ln135_3 = trunc i62 %sub_ln135" [cnn.cpp:135]   --->   Operation 314 'trunc' 'trunc_ln135_3' <Predicate = (!icmp_ln121)> <Delay = 0.00>
ST_2 : Operation 315 [1/1] (0.00ns)   --->   "%zext_ln135_23 = zext i5 %empty_34" [cnn.cpp:135]   --->   Operation 315 'zext' 'zext_ln135_23' <Predicate = (!icmp_ln121)> <Delay = 0.00>
ST_2 : Operation 316 [1/1] (0.93ns)   --->   "%add_ln135_3 = add i10 %trunc_ln135_3, i10 %zext_ln135_23" [cnn.cpp:135]   --->   Operation 316 'add' 'add_ln135_3' <Predicate = (!icmp_ln121)> <Delay = 0.93> <CoreInst = "Adder">   --->   Core 1 'Adder' <Latency = 0> <II = 1> <Delay = 0.93> <FuncUnit> <Opcode : 'add' 'sub'> <InPorts = 2> <OutPorts = 1>
ST_2 : Operation 317 [1/1] (0.00ns)   --->   "%tmp_27 = bitconcatenate i12 @_ssdm_op_BitConcatenate.i12.i10.i2, i10 %add_ln135_3, i2 0" [cnn.cpp:135]   --->   Operation 317 'bitconcatenate' 'tmp_27' <Predicate = (!icmp_ln121)> <Delay = 0.00>
ST_2 : Operation 318 [1/1] (0.00ns)   --->   "%zext_ln135_24 = zext i12 %tmp_27" [cnn.cpp:135]   --->   Operation 318 'zext' 'zext_ln135_24' <Predicate = (!icmp_ln121)> <Delay = 0.00>
ST_2 : Operation 319 [1/1] (0.00ns)   --->   "%layer1_pool_addr_5 = getelementptr i32 %layer1_pool, i64 0, i64 %zext_ln135_24" [cnn.cpp:135]   --->   Operation 319 'getelementptr' 'layer1_pool_addr_5' <Predicate = (!icmp_ln121)> <Delay = 0.00>
ST_2 : Operation 320 [1/1] (0.00ns)   --->   "%or_ln135_9 = or i12 %tmp_27, i12 1" [cnn.cpp:135]   --->   Operation 320 'or' 'or_ln135_9' <Predicate = (!icmp_ln121)> <Delay = 0.00>
ST_2 : Operation 321 [1/1] (0.00ns)   --->   "%zext_ln135_25 = zext i12 %or_ln135_9" [cnn.cpp:135]   --->   Operation 321 'zext' 'zext_ln135_25' <Predicate = (!icmp_ln121)> <Delay = 0.00>
ST_2 : Operation 322 [1/1] (0.00ns)   --->   "%layer1_pool_addr_6 = getelementptr i32 %layer1_pool, i64 0, i64 %zext_ln135_25" [cnn.cpp:135]   --->   Operation 322 'getelementptr' 'layer1_pool_addr_6' <Predicate = (!icmp_ln121)> <Delay = 0.00>
ST_2 : Operation 323 [1/1] (0.00ns)   --->   "%or_ln135_10 = or i12 %tmp_27, i12 2" [cnn.cpp:135]   --->   Operation 323 'or' 'or_ln135_10' <Predicate = (!icmp_ln121)> <Delay = 0.00>
ST_2 : Operation 324 [1/1] (0.00ns)   --->   "%zext_ln135_26 = zext i12 %or_ln135_10" [cnn.cpp:135]   --->   Operation 324 'zext' 'zext_ln135_26' <Predicate = (!icmp_ln121)> <Delay = 0.00>
ST_2 : Operation 325 [1/1] (0.00ns)   --->   "%layer1_pool_addr_7 = getelementptr i32 %layer1_pool, i64 0, i64 %zext_ln135_26" [cnn.cpp:135]   --->   Operation 325 'getelementptr' 'layer1_pool_addr_7' <Predicate = (!icmp_ln121)> <Delay = 0.00>
ST_2 : Operation 326 [1/1] (0.00ns)   --->   "%or_ln135_11 = or i12 %tmp_27, i12 3" [cnn.cpp:135]   --->   Operation 326 'or' 'or_ln135_11' <Predicate = (!icmp_ln121)> <Delay = 0.00>
ST_2 : Operation 327 [1/1] (0.00ns)   --->   "%zext_ln135_27 = zext i12 %or_ln135_11" [cnn.cpp:135]   --->   Operation 327 'zext' 'zext_ln135_27' <Predicate = (!icmp_ln121)> <Delay = 0.00>
ST_2 : Operation 328 [1/1] (0.00ns)   --->   "%layer1_pool_addr_8 = getelementptr i32 %layer1_pool, i64 0, i64 %zext_ln135_27" [cnn.cpp:135]   --->   Operation 328 'getelementptr' 'layer1_pool_addr_8' <Predicate = (!icmp_ln121)> <Delay = 0.00>
ST_2 : Operation 329 [2/2] (1.35ns)   --->   "%layer1_pool_load_4 = load i12 %layer1_pool_addr_5" [cnn.cpp:135]   --->   Operation 329 'load' 'layer1_pool_load_4' <Predicate = (!icmp_ln121)> <Delay = 1.35> <CoreInst = "RAM_1WnR">   --->   Core 84 'RAM_1WnR' <Latency = 1> <II = 1> <Delay = 1.35> <Storage> <Opcode : 'load' 'store'> <Ports = 17> <Width = 32> <Depth = 3844> <RAM>
ST_2 : Operation 330 [2/2] (1.35ns)   --->   "%layer1_pool_load_5 = load i12 %layer1_pool_addr_6" [cnn.cpp:135]   --->   Operation 330 'load' 'layer1_pool_load_5' <Predicate = (!icmp_ln121)> <Delay = 1.35> <CoreInst = "RAM_1WnR">   --->   Core 84 'RAM_1WnR' <Latency = 1> <II = 1> <Delay = 1.35> <Storage> <Opcode : 'load' 'store'> <Ports = 17> <Width = 32> <Depth = 3844> <RAM>
ST_2 : Operation 331 [2/2] (1.35ns)   --->   "%layer1_pool_load_6 = load i12 %layer1_pool_addr_7" [cnn.cpp:135]   --->   Operation 331 'load' 'layer1_pool_load_6' <Predicate = (!icmp_ln121)> <Delay = 1.35> <CoreInst = "RAM_1WnR">   --->   Core 84 'RAM_1WnR' <Latency = 1> <II = 1> <Delay = 1.35> <Storage> <Opcode : 'load' 'store'> <Ports = 17> <Width = 32> <Depth = 3844> <RAM>
ST_2 : Operation 332 [2/2] (1.35ns)   --->   "%layer1_pool_load_7 = load i12 %layer1_pool_addr_8" [cnn.cpp:135]   --->   Operation 332 'load' 'layer1_pool_load_7' <Predicate = (!icmp_ln121)> <Delay = 1.35> <CoreInst = "RAM_1WnR">   --->   Core 84 'RAM_1WnR' <Latency = 1> <II = 1> <Delay = 1.35> <Storage> <Opcode : 'load' 'store'> <Ports = 17> <Width = 32> <Depth = 3844> <RAM>
ST_2 : Operation 333 [1/1] (0.87ns)   --->   "%empty_35 = add i5 %select_ln122, i5 2" [cnn.cpp:122]   --->   Operation 333 'add' 'empty_35' <Predicate = (!icmp_ln121)> <Delay = 0.87> <CoreInst = "Adder">   --->   Core 1 'Adder' <Latency = 0> <II = 1> <Delay = 0.87> <FuncUnit> <Opcode : 'add' 'sub'> <InPorts = 2> <OutPorts = 1>
ST_2 : Operation 334 [1/1] (0.00ns)   --->   "%trunc_ln135_6 = trunc i62 %sub_ln135" [cnn.cpp:135]   --->   Operation 334 'trunc' 'trunc_ln135_6' <Predicate = (!icmp_ln121)> <Delay = 0.00>
ST_2 : Operation 335 [1/1] (0.00ns)   --->   "%zext_ln135_38 = zext i5 %empty_35" [cnn.cpp:135]   --->   Operation 335 'zext' 'zext_ln135_38' <Predicate = (!icmp_ln121)> <Delay = 0.00>
ST_2 : Operation 336 [1/1] (0.93ns)   --->   "%add_ln135_6 = add i10 %trunc_ln135_6, i10 %zext_ln135_38" [cnn.cpp:135]   --->   Operation 336 'add' 'add_ln135_6' <Predicate = (!icmp_ln121)> <Delay = 0.93> <CoreInst = "Adder">   --->   Core 1 'Adder' <Latency = 0> <II = 1> <Delay = 0.93> <FuncUnit> <Opcode : 'add' 'sub'> <InPorts = 2> <OutPorts = 1>
ST_2 : Operation 337 [1/1] (0.00ns)   --->   "%tmp_30 = bitconcatenate i12 @_ssdm_op_BitConcatenate.i12.i10.i2, i10 %add_ln135_6, i2 0" [cnn.cpp:135]   --->   Operation 337 'bitconcatenate' 'tmp_30' <Predicate = (!icmp_ln121)> <Delay = 0.00>
ST_2 : Operation 338 [1/1] (0.00ns)   --->   "%zext_ln135_39 = zext i12 %tmp_30" [cnn.cpp:135]   --->   Operation 338 'zext' 'zext_ln135_39' <Predicate = (!icmp_ln121)> <Delay = 0.00>
ST_2 : Operation 339 [1/1] (0.00ns)   --->   "%layer1_pool_addr_9 = getelementptr i32 %layer1_pool, i64 0, i64 %zext_ln135_39" [cnn.cpp:135]   --->   Operation 339 'getelementptr' 'layer1_pool_addr_9' <Predicate = (!icmp_ln121)> <Delay = 0.00>
ST_2 : Operation 340 [1/1] (0.00ns)   --->   "%or_ln135_18 = or i12 %tmp_30, i12 1" [cnn.cpp:135]   --->   Operation 340 'or' 'or_ln135_18' <Predicate = (!icmp_ln121)> <Delay = 0.00>
ST_2 : Operation 341 [1/1] (0.00ns)   --->   "%zext_ln135_40 = zext i12 %or_ln135_18" [cnn.cpp:135]   --->   Operation 341 'zext' 'zext_ln135_40' <Predicate = (!icmp_ln121)> <Delay = 0.00>
ST_2 : Operation 342 [1/1] (0.00ns)   --->   "%layer1_pool_addr_10 = getelementptr i32 %layer1_pool, i64 0, i64 %zext_ln135_40" [cnn.cpp:135]   --->   Operation 342 'getelementptr' 'layer1_pool_addr_10' <Predicate = (!icmp_ln121)> <Delay = 0.00>
ST_2 : Operation 343 [1/1] (0.00ns)   --->   "%or_ln135_19 = or i12 %tmp_30, i12 2" [cnn.cpp:135]   --->   Operation 343 'or' 'or_ln135_19' <Predicate = (!icmp_ln121)> <Delay = 0.00>
ST_2 : Operation 344 [1/1] (0.00ns)   --->   "%zext_ln135_41 = zext i12 %or_ln135_19" [cnn.cpp:135]   --->   Operation 344 'zext' 'zext_ln135_41' <Predicate = (!icmp_ln121)> <Delay = 0.00>
ST_2 : Operation 345 [1/1] (0.00ns)   --->   "%layer1_pool_addr_11 = getelementptr i32 %layer1_pool, i64 0, i64 %zext_ln135_41" [cnn.cpp:135]   --->   Operation 345 'getelementptr' 'layer1_pool_addr_11' <Predicate = (!icmp_ln121)> <Delay = 0.00>
ST_2 : Operation 346 [1/1] (0.00ns)   --->   "%or_ln135_20 = or i12 %tmp_30, i12 3" [cnn.cpp:135]   --->   Operation 346 'or' 'or_ln135_20' <Predicate = (!icmp_ln121)> <Delay = 0.00>
ST_2 : Operation 347 [1/1] (0.00ns)   --->   "%zext_ln135_42 = zext i12 %or_ln135_20" [cnn.cpp:135]   --->   Operation 347 'zext' 'zext_ln135_42' <Predicate = (!icmp_ln121)> <Delay = 0.00>
ST_2 : Operation 348 [1/1] (0.00ns)   --->   "%layer1_pool_addr_12 = getelementptr i32 %layer1_pool, i64 0, i64 %zext_ln135_42" [cnn.cpp:135]   --->   Operation 348 'getelementptr' 'layer1_pool_addr_12' <Predicate = (!icmp_ln121)> <Delay = 0.00>
ST_2 : Operation 349 [2/2] (1.35ns)   --->   "%layer1_pool_load_8 = load i12 %layer1_pool_addr_9" [cnn.cpp:135]   --->   Operation 349 'load' 'layer1_pool_load_8' <Predicate = (!icmp_ln121)> <Delay = 1.35> <CoreInst = "RAM_1WnR">   --->   Core 84 'RAM_1WnR' <Latency = 1> <II = 1> <Delay = 1.35> <Storage> <Opcode : 'load' 'store'> <Ports = 17> <Width = 32> <Depth = 3844> <RAM>
ST_2 : Operation 350 [2/2] (1.35ns)   --->   "%layer1_pool_load_9 = load i12 %layer1_pool_addr_10" [cnn.cpp:135]   --->   Operation 350 'load' 'layer1_pool_load_9' <Predicate = (!icmp_ln121)> <Delay = 1.35> <CoreInst = "RAM_1WnR">   --->   Core 84 'RAM_1WnR' <Latency = 1> <II = 1> <Delay = 1.35> <Storage> <Opcode : 'load' 'store'> <Ports = 17> <Width = 32> <Depth = 3844> <RAM>
ST_2 : Operation 351 [2/2] (1.35ns)   --->   "%layer1_pool_load_10 = load i12 %layer1_pool_addr_11" [cnn.cpp:135]   --->   Operation 351 'load' 'layer1_pool_load_10' <Predicate = (!icmp_ln121)> <Delay = 1.35> <CoreInst = "RAM_1WnR">   --->   Core 84 'RAM_1WnR' <Latency = 1> <II = 1> <Delay = 1.35> <Storage> <Opcode : 'load' 'store'> <Ports = 17> <Width = 32> <Depth = 3844> <RAM>
ST_2 : Operation 352 [2/2] (1.35ns)   --->   "%layer1_pool_load_11 = load i12 %layer1_pool_addr_12" [cnn.cpp:135]   --->   Operation 352 'load' 'layer1_pool_load_11' <Predicate = (!icmp_ln121)> <Delay = 1.35> <CoreInst = "RAM_1WnR">   --->   Core 84 'RAM_1WnR' <Latency = 1> <II = 1> <Delay = 1.35> <Storage> <Opcode : 'load' 'store'> <Ports = 17> <Width = 32> <Depth = 3844> <RAM>
ST_2 : Operation 353 [1/1] (0.93ns)   --->   "%add_ln122 = add i10 %indvar_flatten52_load, i10 1" [cnn.cpp:122]   --->   Operation 353 'add' 'add_ln122' <Predicate = (!icmp_ln121)> <Delay = 0.93> <CoreInst = "Adder">   --->   Core 1 'Adder' <Latency = 0> <II = 1> <Delay = 0.93> <FuncUnit> <Opcode : 'add' 'sub'> <InPorts = 2> <OutPorts = 1>
ST_2 : Operation 354 [1/1] (0.47ns)   --->   "%select_ln122_4 = select i1 %icmp_ln122, i10 1, i10 %add_ln122" [cnn.cpp:122]   --->   Operation 354 'select' 'select_ln122_4' <Predicate = (!icmp_ln121)> <Delay = 0.47> <CoreInst = "Sel">   --->   Core 73 'Sel' <Latency = 0> <II = 1> <Delay = 0.47> <FuncUnit> <Opcode : 'select'> <InPorts = 3> <OutPorts = 1>
ST_2 : Operation 355 [1/1] (0.48ns)   --->   "%store_ln123 = store i13 %add_ln121_7, i13 %indvar_flatten111" [cnn.cpp:123]   --->   Operation 355 'store' 'store_ln123' <Predicate = (!icmp_ln121)> <Delay = 0.48>
ST_2 : Operation 356 [1/1] (0.48ns)   --->   "%store_ln123 = store i4 %select_ln121_1, i4 %f" [cnn.cpp:123]   --->   Operation 356 'store' 'store_ln123' <Predicate = (!icmp_ln121)> <Delay = 0.48>
ST_2 : Operation 357 [1/1] (0.48ns)   --->   "%store_ln123 = store i10 %select_ln122_4, i10 %indvar_flatten52" [cnn.cpp:123]   --->   Operation 357 'store' 'store_ln123' <Predicate = (!icmp_ln121)> <Delay = 0.48>
ST_2 : Operation 358 [1/1] (0.48ns)   --->   "%store_ln123 = store i5 %select_ln122_1, i5 %r" [cnn.cpp:123]   --->   Operation 358 'store' 'store_ln123' <Predicate = (!icmp_ln121)> <Delay = 0.48>
ST_2 : Operation 359 [1/1] (0.48ns)   --->   "%store_ln123 = store i5 %empty_34, i5 %c" [cnn.cpp:123]   --->   Operation 359 'store' 'store_ln123' <Predicate = (!icmp_ln121)> <Delay = 0.48>

State 3 <SV = 2> <Delay = 6.02>
ST_3 : Operation 360 [1/2] (1.35ns)   --->   "%conv2_w_load = load i9 %conv2_w_addr" [cnn.cpp:121]   --->   Operation 360 'load' 'conv2_w_load' <Predicate = (!icmp_ln121)> <Delay = 1.35> <CoreInst = "ROM">   --->   Core 101 'ROM' <Latency = 1> <II = 1> <Delay = 1.35> <Storage> <Opcode : 'load'> <Ports = 0> <Width = 32> <Depth = 288> <ROM>
ST_3 : Operation 361 [1/2] (1.35ns)   --->   "%conv2_w_load_1 = load i9 %conv2_w_addr_1" [cnn.cpp:121]   --->   Operation 361 'load' 'conv2_w_load_1' <Predicate = (!icmp_ln121)> <Delay = 1.35> <CoreInst = "ROM">   --->   Core 101 'ROM' <Latency = 1> <II = 1> <Delay = 1.35> <Storage> <Opcode : 'load'> <Ports = 0> <Width = 32> <Depth = 288> <ROM>
ST_3 : Operation 362 [1/2] (1.35ns)   --->   "%conv2_w_load_2 = load i9 %conv2_w_addr_2" [cnn.cpp:121]   --->   Operation 362 'load' 'conv2_w_load_2' <Predicate = (!icmp_ln121)> <Delay = 1.35> <CoreInst = "ROM">   --->   Core 101 'ROM' <Latency = 1> <II = 1> <Delay = 1.35> <Storage> <Opcode : 'load'> <Ports = 0> <Width = 32> <Depth = 288> <ROM>
ST_3 : Operation 363 [1/2] (1.35ns)   --->   "%conv2_w_load_3 = load i9 %conv2_w_addr_3" [cnn.cpp:121]   --->   Operation 363 'load' 'conv2_w_load_3' <Predicate = (!icmp_ln121)> <Delay = 1.35> <CoreInst = "ROM">   --->   Core 101 'ROM' <Latency = 1> <II = 1> <Delay = 1.35> <Storage> <Opcode : 'load'> <Ports = 0> <Width = 32> <Depth = 288> <ROM>
ST_3 : Operation 364 [1/2] (1.35ns)   --->   "%conv2_w_load_4 = load i9 %conv2_w_addr_4" [cnn.cpp:121]   --->   Operation 364 'load' 'conv2_w_load_4' <Predicate = (!icmp_ln121)> <Delay = 1.35> <CoreInst = "ROM">   --->   Core 101 'ROM' <Latency = 1> <II = 1> <Delay = 1.35> <Storage> <Opcode : 'load'> <Ports = 0> <Width = 32> <Depth = 288> <ROM>
ST_3 : Operation 365 [1/2] (1.35ns)   --->   "%conv2_w_load_5 = load i9 %conv2_w_addr_5" [cnn.cpp:121]   --->   Operation 365 'load' 'conv2_w_load_5' <Predicate = (!icmp_ln121)> <Delay = 1.35> <CoreInst = "ROM">   --->   Core 101 'ROM' <Latency = 1> <II = 1> <Delay = 1.35> <Storage> <Opcode : 'load'> <Ports = 0> <Width = 32> <Depth = 288> <ROM>
ST_3 : Operation 366 [1/2] (1.35ns)   --->   "%conv2_w_load_6 = load i9 %conv2_w_addr_6" [cnn.cpp:121]   --->   Operation 366 'load' 'conv2_w_load_6' <Predicate = (!icmp_ln121)> <Delay = 1.35> <CoreInst = "ROM">   --->   Core 101 'ROM' <Latency = 1> <II = 1> <Delay = 1.35> <Storage> <Opcode : 'load'> <Ports = 0> <Width = 32> <Depth = 288> <ROM>
ST_3 : Operation 367 [1/2] (1.35ns)   --->   "%conv2_w_load_7 = load i9 %conv2_w_addr_7" [cnn.cpp:121]   --->   Operation 367 'load' 'conv2_w_load_7' <Predicate = (!icmp_ln121)> <Delay = 1.35> <CoreInst = "ROM">   --->   Core 101 'ROM' <Latency = 1> <II = 1> <Delay = 1.35> <Storage> <Opcode : 'load'> <Ports = 0> <Width = 32> <Depth = 288> <ROM>
ST_3 : Operation 368 [1/2] (1.35ns)   --->   "%conv2_w_load_8 = load i9 %conv2_w_addr_8" [cnn.cpp:121]   --->   Operation 368 'load' 'conv2_w_load_8' <Predicate = (!icmp_ln121)> <Delay = 1.35> <CoreInst = "ROM">   --->   Core 101 'ROM' <Latency = 1> <II = 1> <Delay = 1.35> <Storage> <Opcode : 'load'> <Ports = 0> <Width = 32> <Depth = 288> <ROM>
ST_3 : Operation 369 [1/2] (1.35ns)   --->   "%conv2_w_load_9 = load i9 %conv2_w_addr_9" [cnn.cpp:121]   --->   Operation 369 'load' 'conv2_w_load_9' <Predicate = (!icmp_ln121)> <Delay = 1.35> <CoreInst = "ROM">   --->   Core 101 'ROM' <Latency = 1> <II = 1> <Delay = 1.35> <Storage> <Opcode : 'load'> <Ports = 0> <Width = 32> <Depth = 288> <ROM>
ST_3 : Operation 370 [1/2] (1.35ns)   --->   "%conv2_w_load_10 = load i9 %conv2_w_addr_10" [cnn.cpp:121]   --->   Operation 370 'load' 'conv2_w_load_10' <Predicate = (!icmp_ln121)> <Delay = 1.35> <CoreInst = "ROM">   --->   Core 101 'ROM' <Latency = 1> <II = 1> <Delay = 1.35> <Storage> <Opcode : 'load'> <Ports = 0> <Width = 32> <Depth = 288> <ROM>
ST_3 : Operation 371 [1/2] (1.35ns)   --->   "%conv2_w_load_11 = load i9 %conv2_w_addr_11" [cnn.cpp:121]   --->   Operation 371 'load' 'conv2_w_load_11' <Predicate = (!icmp_ln121)> <Delay = 1.35> <CoreInst = "ROM">   --->   Core 101 'ROM' <Latency = 1> <II = 1> <Delay = 1.35> <Storage> <Opcode : 'load'> <Ports = 0> <Width = 32> <Depth = 288> <ROM>
ST_3 : Operation 372 [1/1] (0.00ns)   --->   "%sext_ln121_3 = sext i6 %select_ln121_4" [cnn.cpp:121]   --->   Operation 372 'sext' 'sext_ln121_3' <Predicate = (!icmp_ln121)> <Delay = 0.00>
ST_3 : Operation 373 [1/1] (0.00ns)   --->   "%zext_ln121_15 = zext i7 %sext_ln121_3" [cnn.cpp:121]   --->   Operation 373 'zext' 'zext_ln121_15' <Predicate = (!icmp_ln121)> <Delay = 0.00>
ST_3 : Operation 374 [1/1] (0.00ns)   --->   "%conv2_w_addr_12 = getelementptr i32 %conv2_w, i64 0, i64 %zext_ln121_15" [cnn.cpp:135]   --->   Operation 374 'getelementptr' 'conv2_w_addr_12' <Predicate = (!icmp_ln121)> <Delay = 0.00>
ST_3 : Operation 375 [2/2] (1.35ns)   --->   "%conv2_w_load_12 = load i9 %conv2_w_addr_12" [cnn.cpp:121]   --->   Operation 375 'load' 'conv2_w_load_12' <Predicate = (!icmp_ln121)> <Delay = 1.35> <CoreInst = "ROM">   --->   Core 101 'ROM' <Latency = 1> <II = 1> <Delay = 1.35> <Storage> <Opcode : 'load'> <Ports = 0> <Width = 32> <Depth = 288> <ROM>
ST_3 : Operation 376 [1/1] (0.00ns)   --->   "%sext_ln121_4 = sext i6 %add_ln121_8" [cnn.cpp:121]   --->   Operation 376 'sext' 'sext_ln121_4' <Predicate = (!icmp_ln121)> <Delay = 0.00>
ST_3 : Operation 377 [1/1] (0.00ns)   --->   "%zext_ln121_16 = zext i7 %sext_ln121_4" [cnn.cpp:121]   --->   Operation 377 'zext' 'zext_ln121_16' <Predicate = (!icmp_ln121)> <Delay = 0.00>
ST_3 : Operation 378 [1/1] (0.00ns)   --->   "%conv2_w_addr_13 = getelementptr i32 %conv2_w, i64 0, i64 %zext_ln121_16" [cnn.cpp:135]   --->   Operation 378 'getelementptr' 'conv2_w_addr_13' <Predicate = (!icmp_ln121)> <Delay = 0.00>
ST_3 : Operation 379 [2/2] (1.35ns)   --->   "%conv2_w_load_13 = load i9 %conv2_w_addr_13" [cnn.cpp:121]   --->   Operation 379 'load' 'conv2_w_load_13' <Predicate = (!icmp_ln121)> <Delay = 1.35> <CoreInst = "ROM">   --->   Core 101 'ROM' <Latency = 1> <II = 1> <Delay = 1.35> <Storage> <Opcode : 'load'> <Ports = 0> <Width = 32> <Depth = 288> <ROM>
ST_3 : Operation 380 [1/1] (0.00ns)   --->   "%sext_ln121_5 = sext i5 %select_ln121_3" [cnn.cpp:121]   --->   Operation 380 'sext' 'sext_ln121_5' <Predicate = (!icmp_ln121)> <Delay = 0.00>
ST_3 : Operation 381 [1/1] (0.00ns)   --->   "%zext_ln121_17 = zext i7 %sext_ln121_5" [cnn.cpp:121]   --->   Operation 381 'zext' 'zext_ln121_17' <Predicate = (!icmp_ln121)> <Delay = 0.00>
ST_3 : Operation 382 [1/1] (0.00ns)   --->   "%conv2_w_addr_14 = getelementptr i32 %conv2_w, i64 0, i64 %zext_ln121_17" [cnn.cpp:135]   --->   Operation 382 'getelementptr' 'conv2_w_addr_14' <Predicate = (!icmp_ln121)> <Delay = 0.00>
ST_3 : Operation 383 [2/2] (1.35ns)   --->   "%conv2_w_load_14 = load i9 %conv2_w_addr_14" [cnn.cpp:121]   --->   Operation 383 'load' 'conv2_w_load_14' <Predicate = (!icmp_ln121)> <Delay = 1.35> <CoreInst = "ROM">   --->   Core 101 'ROM' <Latency = 1> <II = 1> <Delay = 1.35> <Storage> <Opcode : 'load'> <Ports = 0> <Width = 32> <Depth = 288> <ROM>
ST_3 : Operation 384 [1/1] (0.00ns)   --->   "%sext_ln121_6 = sext i4 %select_ln121_2" [cnn.cpp:121]   --->   Operation 384 'sext' 'sext_ln121_6' <Predicate = (!icmp_ln121)> <Delay = 0.00>
ST_3 : Operation 385 [1/1] (0.00ns)   --->   "%zext_ln121_18 = zext i7 %sext_ln121_6" [cnn.cpp:121]   --->   Operation 385 'zext' 'zext_ln121_18' <Predicate = (!icmp_ln121)> <Delay = 0.00>
ST_3 : Operation 386 [1/1] (0.00ns)   --->   "%conv2_w_addr_15 = getelementptr i32 %conv2_w, i64 0, i64 %zext_ln121_18" [cnn.cpp:135]   --->   Operation 386 'getelementptr' 'conv2_w_addr_15' <Predicate = (!icmp_ln121)> <Delay = 0.00>
ST_3 : Operation 387 [2/2] (1.35ns)   --->   "%conv2_w_load_15 = load i9 %conv2_w_addr_15" [cnn.cpp:121]   --->   Operation 387 'load' 'conv2_w_load_15' <Predicate = (!icmp_ln121)> <Delay = 1.35> <CoreInst = "ROM">   --->   Core 101 'ROM' <Latency = 1> <II = 1> <Delay = 1.35> <Storage> <Opcode : 'load'> <Ports = 0> <Width = 32> <Depth = 288> <ROM>
ST_3 : Operation 388 [1/1] (0.00ns)   --->   "%or_ln133_7_mid1 = bitconcatenate i8 @_ssdm_op_BitConcatenate.i8.i4.i4, i4 8, i4 %add_ln121" [cnn.cpp:133]   --->   Operation 388 'bitconcatenate' 'or_ln133_7_mid1' <Predicate = (!icmp_ln121 & icmp_ln122)> <Delay = 0.00>
ST_3 : Operation 389 [1/1] (0.00ns)   --->   "%or_ln133_3 = bitconcatenate i8 @_ssdm_op_BitConcatenate.i8.i4.i4, i4 8, i4 %f_load" [cnn.cpp:133]   --->   Operation 389 'bitconcatenate' 'or_ln133_3' <Predicate = (!icmp_ln121 & !icmp_ln122)> <Delay = 0.00>
ST_3 : Operation 390 [1/1] (0.44ns)   --->   "%select_ln121_7 = select i1 %icmp_ln122, i8 %or_ln133_7_mid1, i8 %or_ln133_3" [cnn.cpp:121]   --->   Operation 390 'select' 'select_ln121_7' <Predicate = (!icmp_ln121)> <Delay = 0.44> <CoreInst = "Sel">   --->   Core 73 'Sel' <Latency = 0> <II = 1> <Delay = 0.44> <FuncUnit> <Opcode : 'select'> <InPorts = 3> <OutPorts = 1>
ST_3 : Operation 391 [1/1] (0.00ns)   --->   "%zext_ln121_19 = zext i8 %select_ln121_7" [cnn.cpp:121]   --->   Operation 391 'zext' 'zext_ln121_19' <Predicate = (!icmp_ln121)> <Delay = 0.00>
ST_3 : Operation 392 [1/1] (0.00ns)   --->   "%conv2_w_addr_16 = getelementptr i32 %conv2_w, i64 0, i64 %zext_ln121_19" [cnn.cpp:135]   --->   Operation 392 'getelementptr' 'conv2_w_addr_16' <Predicate = (!icmp_ln121)> <Delay = 0.00>
ST_3 : Operation 393 [2/2] (1.35ns)   --->   "%conv2_w_load_16 = load i9 %conv2_w_addr_16" [cnn.cpp:121]   --->   Operation 393 'load' 'conv2_w_load_16' <Predicate = (!icmp_ln121)> <Delay = 1.35> <CoreInst = "ROM">   --->   Core 101 'ROM' <Latency = 1> <II = 1> <Delay = 1.35> <Storage> <Opcode : 'load'> <Ports = 0> <Width = 32> <Depth = 288> <ROM>
ST_3 : Operation 394 [1/1] (0.00ns)   --->   "%zext_ln121_20 = zext i4 %select_ln121_1" [cnn.cpp:121]   --->   Operation 394 'zext' 'zext_ln121_20' <Predicate = (!icmp_ln121)> <Delay = 0.00>
ST_3 : Operation 395 [1/1] (0.90ns)   --->   "%add_ln121_1 = add i8 %zext_ln121_20, i8 136" [cnn.cpp:121]   --->   Operation 395 'add' 'add_ln121_1' <Predicate = (!icmp_ln121)> <Delay = 0.90> <CoreInst = "Adder">   --->   Core 1 'Adder' <Latency = 0> <II = 1> <Delay = 0.90> <FuncUnit> <Opcode : 'add' 'sub'> <InPorts = 2> <OutPorts = 1>
ST_3 : Operation 396 [1/1] (0.00ns)   --->   "%zext_ln121_21 = zext i8 %add_ln121_1" [cnn.cpp:121]   --->   Operation 396 'zext' 'zext_ln121_21' <Predicate = (!icmp_ln121)> <Delay = 0.00>
ST_3 : Operation 397 [1/1] (0.00ns)   --->   "%conv2_w_addr_17 = getelementptr i32 %conv2_w, i64 0, i64 %zext_ln121_21" [cnn.cpp:135]   --->   Operation 397 'getelementptr' 'conv2_w_addr_17' <Predicate = (!icmp_ln121)> <Delay = 0.00>
ST_3 : Operation 398 [2/2] (1.35ns)   --->   "%conv2_w_load_17 = load i9 %conv2_w_addr_17" [cnn.cpp:121]   --->   Operation 398 'load' 'conv2_w_load_17' <Predicate = (!icmp_ln121)> <Delay = 1.35> <CoreInst = "ROM">   --->   Core 101 'ROM' <Latency = 1> <II = 1> <Delay = 1.35> <Storage> <Opcode : 'load'> <Ports = 0> <Width = 32> <Depth = 288> <ROM>
ST_3 : Operation 399 [1/1] (0.00ns)   --->   "%or_ln133_8_mid1 = bitconcatenate i8 @_ssdm_op_BitConcatenate.i8.i4.i4, i4 9, i4 %add_ln121" [cnn.cpp:133]   --->   Operation 399 'bitconcatenate' 'or_ln133_8_mid1' <Predicate = (!icmp_ln121 & icmp_ln122)> <Delay = 0.00>
ST_3 : Operation 400 [1/1] (0.00ns)   --->   "%or_ln133_4 = bitconcatenate i8 @_ssdm_op_BitConcatenate.i8.i4.i4, i4 9, i4 %f_load" [cnn.cpp:133]   --->   Operation 400 'bitconcatenate' 'or_ln133_4' <Predicate = (!icmp_ln121 & !icmp_ln122)> <Delay = 0.00>
ST_3 : Operation 401 [1/1] (0.44ns)   --->   "%select_ln121_8 = select i1 %icmp_ln122, i8 %or_ln133_8_mid1, i8 %or_ln133_4" [cnn.cpp:121]   --->   Operation 401 'select' 'select_ln121_8' <Predicate = (!icmp_ln121)> <Delay = 0.44> <CoreInst = "Sel">   --->   Core 73 'Sel' <Latency = 0> <II = 1> <Delay = 0.44> <FuncUnit> <Opcode : 'select'> <InPorts = 3> <OutPorts = 1>
ST_3 : Operation 402 [1/1] (0.00ns)   --->   "%zext_ln121_22 = zext i8 %select_ln121_8" [cnn.cpp:121]   --->   Operation 402 'zext' 'zext_ln121_22' <Predicate = (!icmp_ln121)> <Delay = 0.00>
ST_3 : Operation 403 [1/1] (0.00ns)   --->   "%conv2_w_addr_18 = getelementptr i32 %conv2_w, i64 0, i64 %zext_ln121_22" [cnn.cpp:135]   --->   Operation 403 'getelementptr' 'conv2_w_addr_18' <Predicate = (!icmp_ln121)> <Delay = 0.00>
ST_3 : Operation 404 [2/2] (1.35ns)   --->   "%conv2_w_load_18 = load i9 %conv2_w_addr_18" [cnn.cpp:121]   --->   Operation 404 'load' 'conv2_w_load_18' <Predicate = (!icmp_ln121)> <Delay = 1.35> <CoreInst = "ROM">   --->   Core 101 'ROM' <Latency = 1> <II = 1> <Delay = 1.35> <Storage> <Opcode : 'load'> <Ports = 0> <Width = 32> <Depth = 288> <ROM>
ST_3 : Operation 405 [1/1] (0.90ns)   --->   "%add_ln121_2 = add i8 %zext_ln121_20, i8 152" [cnn.cpp:121]   --->   Operation 405 'add' 'add_ln121_2' <Predicate = (!icmp_ln121)> <Delay = 0.90> <CoreInst = "Adder">   --->   Core 1 'Adder' <Latency = 0> <II = 1> <Delay = 0.90> <FuncUnit> <Opcode : 'add' 'sub'> <InPorts = 2> <OutPorts = 1>
ST_3 : Operation 406 [1/1] (0.00ns)   --->   "%zext_ln121_23 = zext i8 %add_ln121_2" [cnn.cpp:121]   --->   Operation 406 'zext' 'zext_ln121_23' <Predicate = (!icmp_ln121)> <Delay = 0.00>
ST_3 : Operation 407 [1/1] (0.00ns)   --->   "%conv2_w_addr_19 = getelementptr i32 %conv2_w, i64 0, i64 %zext_ln121_23" [cnn.cpp:135]   --->   Operation 407 'getelementptr' 'conv2_w_addr_19' <Predicate = (!icmp_ln121)> <Delay = 0.00>
ST_3 : Operation 408 [2/2] (1.35ns)   --->   "%conv2_w_load_19 = load i9 %conv2_w_addr_19" [cnn.cpp:121]   --->   Operation 408 'load' 'conv2_w_load_19' <Predicate = (!icmp_ln121)> <Delay = 1.35> <CoreInst = "ROM">   --->   Core 101 'ROM' <Latency = 1> <II = 1> <Delay = 1.35> <Storage> <Opcode : 'load'> <Ports = 0> <Width = 32> <Depth = 288> <ROM>
ST_3 : Operation 409 [1/1] (0.00ns)   --->   "%or_ln133_9_mid1 = bitconcatenate i8 @_ssdm_op_BitConcatenate.i8.i4.i4, i4 10, i4 %add_ln121" [cnn.cpp:133]   --->   Operation 409 'bitconcatenate' 'or_ln133_9_mid1' <Predicate = (!icmp_ln121 & icmp_ln122)> <Delay = 0.00>
ST_3 : Operation 410 [1/1] (0.00ns)   --->   "%or_ln133_5 = bitconcatenate i8 @_ssdm_op_BitConcatenate.i8.i4.i4, i4 10, i4 %f_load" [cnn.cpp:133]   --->   Operation 410 'bitconcatenate' 'or_ln133_5' <Predicate = (!icmp_ln121 & !icmp_ln122)> <Delay = 0.00>
ST_3 : Operation 411 [1/1] (0.44ns)   --->   "%select_ln121_9 = select i1 %icmp_ln122, i8 %or_ln133_9_mid1, i8 %or_ln133_5" [cnn.cpp:121]   --->   Operation 411 'select' 'select_ln121_9' <Predicate = (!icmp_ln121)> <Delay = 0.44> <CoreInst = "Sel">   --->   Core 73 'Sel' <Latency = 0> <II = 1> <Delay = 0.44> <FuncUnit> <Opcode : 'select'> <InPorts = 3> <OutPorts = 1>
ST_3 : Operation 412 [1/1] (0.00ns)   --->   "%zext_ln121_24 = zext i8 %select_ln121_9" [cnn.cpp:121]   --->   Operation 412 'zext' 'zext_ln121_24' <Predicate = (!icmp_ln121)> <Delay = 0.00>
ST_3 : Operation 413 [1/1] (0.00ns)   --->   "%conv2_w_addr_20 = getelementptr i32 %conv2_w, i64 0, i64 %zext_ln121_24" [cnn.cpp:135]   --->   Operation 413 'getelementptr' 'conv2_w_addr_20' <Predicate = (!icmp_ln121)> <Delay = 0.00>
ST_3 : Operation 414 [2/2] (1.35ns)   --->   "%conv2_w_load_20 = load i9 %conv2_w_addr_20" [cnn.cpp:121]   --->   Operation 414 'load' 'conv2_w_load_20' <Predicate = (!icmp_ln121)> <Delay = 1.35> <CoreInst = "ROM">   --->   Core 101 'ROM' <Latency = 1> <II = 1> <Delay = 1.35> <Storage> <Opcode : 'load'> <Ports = 0> <Width = 32> <Depth = 288> <ROM>
ST_3 : Operation 415 [1/1] (0.90ns)   --->   "%add_ln121_3 = add i8 %zext_ln121_20, i8 168" [cnn.cpp:121]   --->   Operation 415 'add' 'add_ln121_3' <Predicate = (!icmp_ln121)> <Delay = 0.90> <CoreInst = "Adder">   --->   Core 1 'Adder' <Latency = 0> <II = 1> <Delay = 0.90> <FuncUnit> <Opcode : 'add' 'sub'> <InPorts = 2> <OutPorts = 1>
ST_3 : Operation 416 [1/1] (0.00ns)   --->   "%zext_ln121_25 = zext i8 %add_ln121_3" [cnn.cpp:121]   --->   Operation 416 'zext' 'zext_ln121_25' <Predicate = (!icmp_ln121)> <Delay = 0.00>
ST_3 : Operation 417 [1/1] (0.00ns)   --->   "%conv2_w_addr_21 = getelementptr i32 %conv2_w, i64 0, i64 %zext_ln121_25" [cnn.cpp:135]   --->   Operation 417 'getelementptr' 'conv2_w_addr_21' <Predicate = (!icmp_ln121)> <Delay = 0.00>
ST_3 : Operation 418 [2/2] (1.35ns)   --->   "%conv2_w_load_21 = load i9 %conv2_w_addr_21" [cnn.cpp:121]   --->   Operation 418 'load' 'conv2_w_load_21' <Predicate = (!icmp_ln121)> <Delay = 1.35> <CoreInst = "ROM">   --->   Core 101 'ROM' <Latency = 1> <II = 1> <Delay = 1.35> <Storage> <Opcode : 'load'> <Ports = 0> <Width = 32> <Depth = 288> <ROM>
ST_3 : Operation 419 [1/1] (0.00ns)   --->   "%or_ln133_10_mid1 = bitconcatenate i8 @_ssdm_op_BitConcatenate.i8.i4.i4, i4 11, i4 %add_ln121" [cnn.cpp:133]   --->   Operation 419 'bitconcatenate' 'or_ln133_10_mid1' <Predicate = (!icmp_ln121 & icmp_ln122)> <Delay = 0.00>
ST_3 : Operation 420 [1/1] (0.00ns)   --->   "%or_ln133_6 = bitconcatenate i8 @_ssdm_op_BitConcatenate.i8.i4.i4, i4 11, i4 %f_load" [cnn.cpp:133]   --->   Operation 420 'bitconcatenate' 'or_ln133_6' <Predicate = (!icmp_ln121 & !icmp_ln122)> <Delay = 0.00>
ST_3 : Operation 421 [1/1] (0.44ns)   --->   "%select_ln121_10 = select i1 %icmp_ln122, i8 %or_ln133_10_mid1, i8 %or_ln133_6" [cnn.cpp:121]   --->   Operation 421 'select' 'select_ln121_10' <Predicate = (!icmp_ln121)> <Delay = 0.44> <CoreInst = "Sel">   --->   Core 73 'Sel' <Latency = 0> <II = 1> <Delay = 0.44> <FuncUnit> <Opcode : 'select'> <InPorts = 3> <OutPorts = 1>
ST_3 : Operation 422 [1/1] (0.00ns)   --->   "%zext_ln121_26 = zext i8 %select_ln121_10" [cnn.cpp:121]   --->   Operation 422 'zext' 'zext_ln121_26' <Predicate = (!icmp_ln121)> <Delay = 0.00>
ST_3 : Operation 423 [1/1] (0.00ns)   --->   "%conv2_w_addr_22 = getelementptr i32 %conv2_w, i64 0, i64 %zext_ln121_26" [cnn.cpp:135]   --->   Operation 423 'getelementptr' 'conv2_w_addr_22' <Predicate = (!icmp_ln121)> <Delay = 0.00>
ST_3 : Operation 424 [2/2] (1.35ns)   --->   "%conv2_w_load_22 = load i9 %conv2_w_addr_22" [cnn.cpp:121]   --->   Operation 424 'load' 'conv2_w_load_22' <Predicate = (!icmp_ln121)> <Delay = 1.35> <CoreInst = "ROM">   --->   Core 101 'ROM' <Latency = 1> <II = 1> <Delay = 1.35> <Storage> <Opcode : 'load'> <Ports = 0> <Width = 32> <Depth = 288> <ROM>
ST_3 : Operation 425 [1/1] (0.90ns)   --->   "%add_ln121_4 = add i8 %zext_ln121_20, i8 184" [cnn.cpp:121]   --->   Operation 425 'add' 'add_ln121_4' <Predicate = (!icmp_ln121)> <Delay = 0.90> <CoreInst = "Adder">   --->   Core 1 'Adder' <Latency = 0> <II = 1> <Delay = 0.90> <FuncUnit> <Opcode : 'add' 'sub'> <InPorts = 2> <OutPorts = 1>
ST_3 : Operation 426 [1/1] (0.00ns)   --->   "%zext_ln121_27 = zext i8 %add_ln121_4" [cnn.cpp:121]   --->   Operation 426 'zext' 'zext_ln121_27' <Predicate = (!icmp_ln121)> <Delay = 0.00>
ST_3 : Operation 427 [1/1] (0.00ns)   --->   "%conv2_w_addr_23 = getelementptr i32 %conv2_w, i64 0, i64 %zext_ln121_27" [cnn.cpp:135]   --->   Operation 427 'getelementptr' 'conv2_w_addr_23' <Predicate = (!icmp_ln121)> <Delay = 0.00>
ST_3 : Operation 428 [2/2] (1.35ns)   --->   "%conv2_w_load_23 = load i9 %conv2_w_addr_23" [cnn.cpp:121]   --->   Operation 428 'load' 'conv2_w_load_23' <Predicate = (!icmp_ln121)> <Delay = 1.35> <CoreInst = "ROM">   --->   Core 101 'ROM' <Latency = 1> <II = 1> <Delay = 1.35> <Storage> <Opcode : 'load'> <Ports = 0> <Width = 32> <Depth = 288> <ROM>
ST_3 : Operation 429 [2/3] (1.08ns) (grouped into DSP with root node add_ln139)   --->   "%mul_ln139 = mul i10 %zext_ln135, i10 29" [cnn.cpp:139]   --->   Operation 429 'mul' 'mul_ln139' <Predicate = (!icmp_ln121)> <Delay = 1.08> <CoreInst = "DSP48">   --->   Core 127 'DSP48' <Latency = 3> <II = 1> <Delay = 0.69> <IPBlock> <Opcode : 'mul' 'add' 'sub' 'select'> <InPorts = 0> <OutPorts = 1> <Sync> <CReg>
ST_3 : Operation 430 [1/1] (0.00ns)   --->   "%zext_ln135_3 = zext i5 %select_ln122_2" [cnn.cpp:135]   --->   Operation 430 'zext' 'zext_ln135_3' <Predicate = (!icmp_ln121)> <Delay = 0.00>
ST_3 : Operation 431 [1/1] (0.00ns)   --->   "%tmp_2 = bitconcatenate i10 @_ssdm_op_BitConcatenate.i10.i5.i5, i5 %select_ln122_2, i5 0" [cnn.cpp:135]   --->   Operation 431 'bitconcatenate' 'tmp_2' <Predicate = (!icmp_ln121)> <Delay = 0.00>
ST_3 : Operation 432 [1/1] (0.00ns)   --->   "%zext_ln135_4 = zext i10 %tmp_2" [cnn.cpp:135]   --->   Operation 432 'zext' 'zext_ln135_4' <Predicate = (!icmp_ln121)> <Delay = 0.00>
ST_3 : Operation 433 [1/1] (0.93ns)   --->   "%sub_ln135_1 = sub i62 %zext_ln135_4, i62 %zext_ln135_3" [cnn.cpp:135]   --->   Operation 433 'sub' 'sub_ln135_1' <Predicate = (!icmp_ln121)> <Delay = 0.93> <CoreInst = "Adder">   --->   Core 1 'Adder' <Latency = 0> <II = 1> <Delay = 0.93> <FuncUnit> <Opcode : 'add' 'sub'> <InPorts = 2> <OutPorts = 1>
ST_3 : Operation 434 [1/1] (0.00ns)   --->   "%trunc_ln135_1 = trunc i62 %sub_ln135_1" [cnn.cpp:135]   --->   Operation 434 'trunc' 'trunc_ln135_1' <Predicate = (!icmp_ln121)> <Delay = 0.00>
ST_3 : Operation 435 [1/1] (0.00ns)   --->   "%zext_ln135_13 = zext i5 %select_ln122" [cnn.cpp:135]   --->   Operation 435 'zext' 'zext_ln135_13' <Predicate = (!icmp_ln121)> <Delay = 0.00>
ST_3 : Operation 436 [1/1] (0.93ns)   --->   "%add_ln135_1 = add i10 %trunc_ln135_1, i10 %zext_ln135_13" [cnn.cpp:135]   --->   Operation 436 'add' 'add_ln135_1' <Predicate = (!icmp_ln121)> <Delay = 0.93> <CoreInst = "Adder">   --->   Core 1 'Adder' <Latency = 0> <II = 1> <Delay = 0.93> <FuncUnit> <Opcode : 'add' 'sub'> <InPorts = 2> <OutPorts = 1>
ST_3 : Operation 437 [1/1] (0.00ns)   --->   "%tmp_24 = bitconcatenate i12 @_ssdm_op_BitConcatenate.i12.i10.i2, i10 %add_ln135_1, i2 0" [cnn.cpp:135]   --->   Operation 437 'bitconcatenate' 'tmp_24' <Predicate = (!icmp_ln121)> <Delay = 0.00>
ST_3 : Operation 438 [1/1] (0.00ns)   --->   "%zext_ln135_14 = zext i12 %tmp_24" [cnn.cpp:135]   --->   Operation 438 'zext' 'zext_ln135_14' <Predicate = (!icmp_ln121)> <Delay = 0.00>
ST_3 : Operation 439 [1/1] (0.00ns)   --->   "%layer1_pool_addr_4 = getelementptr i32 %layer1_pool, i64 0, i64 %zext_ln135_14" [cnn.cpp:135]   --->   Operation 439 'getelementptr' 'layer1_pool_addr_4' <Predicate = (!icmp_ln121)> <Delay = 0.00>
ST_3 : Operation 440 [1/1] (0.00ns)   --->   "%or_ln135_3 = or i12 %tmp_24, i12 1" [cnn.cpp:135]   --->   Operation 440 'or' 'or_ln135_3' <Predicate = (!icmp_ln121)> <Delay = 0.00>
ST_3 : Operation 441 [1/1] (0.00ns)   --->   "%zext_ln135_15 = zext i12 %or_ln135_3" [cnn.cpp:135]   --->   Operation 441 'zext' 'zext_ln135_15' <Predicate = (!icmp_ln121)> <Delay = 0.00>
ST_3 : Operation 442 [1/1] (0.00ns)   --->   "%layer1_pool_addr_13 = getelementptr i32 %layer1_pool, i64 0, i64 %zext_ln135_15" [cnn.cpp:135]   --->   Operation 442 'getelementptr' 'layer1_pool_addr_13' <Predicate = (!icmp_ln121)> <Delay = 0.00>
ST_3 : Operation 443 [1/1] (0.00ns)   --->   "%or_ln135_4 = or i12 %tmp_24, i12 2" [cnn.cpp:135]   --->   Operation 443 'or' 'or_ln135_4' <Predicate = (!icmp_ln121)> <Delay = 0.00>
ST_3 : Operation 444 [1/1] (0.00ns)   --->   "%zext_ln135_16 = zext i12 %or_ln135_4" [cnn.cpp:135]   --->   Operation 444 'zext' 'zext_ln135_16' <Predicate = (!icmp_ln121)> <Delay = 0.00>
ST_3 : Operation 445 [1/1] (0.00ns)   --->   "%layer1_pool_addr_14 = getelementptr i32 %layer1_pool, i64 0, i64 %zext_ln135_16" [cnn.cpp:135]   --->   Operation 445 'getelementptr' 'layer1_pool_addr_14' <Predicate = (!icmp_ln121)> <Delay = 0.00>
ST_3 : Operation 446 [1/1] (0.00ns)   --->   "%or_ln135_5 = or i12 %tmp_24, i12 3" [cnn.cpp:135]   --->   Operation 446 'or' 'or_ln135_5' <Predicate = (!icmp_ln121)> <Delay = 0.00>
ST_3 : Operation 447 [1/1] (0.00ns)   --->   "%zext_ln135_17 = zext i12 %or_ln135_5" [cnn.cpp:135]   --->   Operation 447 'zext' 'zext_ln135_17' <Predicate = (!icmp_ln121)> <Delay = 0.00>
ST_3 : Operation 448 [1/1] (0.00ns)   --->   "%layer1_pool_addr_15 = getelementptr i32 %layer1_pool, i64 0, i64 %zext_ln135_17" [cnn.cpp:135]   --->   Operation 448 'getelementptr' 'layer1_pool_addr_15' <Predicate = (!icmp_ln121)> <Delay = 0.00>
ST_3 : Operation 449 [1/2] (1.35ns)   --->   "%layer1_pool_load = load i12 %layer1_pool_addr" [cnn.cpp:135]   --->   Operation 449 'load' 'layer1_pool_load' <Predicate = (!icmp_ln121)> <Delay = 1.35> <CoreInst = "RAM_1WnR">   --->   Core 84 'RAM_1WnR' <Latency = 1> <II = 1> <Delay = 1.35> <Storage> <Opcode : 'load' 'store'> <Ports = 17> <Width = 32> <Depth = 3844> <RAM>
ST_3 : Operation 450 [4/4] (4.67ns)   --->   "%mul3 = fmul i32 %layer1_pool_load, i32 %conv2_w_load" [cnn.cpp:135]   --->   Operation 450 'fmul' 'mul3' <Predicate = (!icmp_ln121)> <Delay = 4.67> <CoreInst = "FMul_maxdsp">   --->   Core 30 'FMul_maxdsp' <Latency = 3> <II = 1> <Delay = 4.67> <FuncUnit> <Opcode : 'fmul'> <InPorts = 2> <OutPorts = 1>
ST_3 : Operation 451 [1/2] (1.35ns)   --->   "%layer1_pool_load_1 = load i12 %layer1_pool_addr_1" [cnn.cpp:135]   --->   Operation 451 'load' 'layer1_pool_load_1' <Predicate = (!icmp_ln121)> <Delay = 1.35> <CoreInst = "RAM_1WnR">   --->   Core 84 'RAM_1WnR' <Latency = 1> <II = 1> <Delay = 1.35> <Storage> <Opcode : 'load' 'store'> <Ports = 17> <Width = 32> <Depth = 3844> <RAM>
ST_3 : Operation 452 [4/4] (4.67ns)   --->   "%mul3_0_0_1 = fmul i32 %layer1_pool_load_1, i32 %conv2_w_load_1" [cnn.cpp:135]   --->   Operation 452 'fmul' 'mul3_0_0_1' <Predicate = (!icmp_ln121)> <Delay = 4.67> <CoreInst = "FMul_maxdsp">   --->   Core 30 'FMul_maxdsp' <Latency = 3> <II = 1> <Delay = 4.67> <FuncUnit> <Opcode : 'fmul'> <InPorts = 2> <OutPorts = 1>
ST_3 : Operation 453 [1/2] (1.35ns)   --->   "%layer1_pool_load_2 = load i12 %layer1_pool_addr_2" [cnn.cpp:135]   --->   Operation 453 'load' 'layer1_pool_load_2' <Predicate = (!icmp_ln121)> <Delay = 1.35> <CoreInst = "RAM_1WnR">   --->   Core 84 'RAM_1WnR' <Latency = 1> <II = 1> <Delay = 1.35> <Storage> <Opcode : 'load' 'store'> <Ports = 17> <Width = 32> <Depth = 3844> <RAM>
ST_3 : Operation 454 [4/4] (4.67ns)   --->   "%mul3_0_0_2 = fmul i32 %layer1_pool_load_2, i32 %conv2_w_load_2" [cnn.cpp:135]   --->   Operation 454 'fmul' 'mul3_0_0_2' <Predicate = (!icmp_ln121)> <Delay = 4.67> <CoreInst = "FMul_maxdsp">   --->   Core 30 'FMul_maxdsp' <Latency = 3> <II = 1> <Delay = 4.67> <FuncUnit> <Opcode : 'fmul'> <InPorts = 2> <OutPorts = 1>
ST_3 : Operation 455 [1/2] (1.35ns)   --->   "%layer1_pool_load_3 = load i12 %layer1_pool_addr_3" [cnn.cpp:135]   --->   Operation 455 'load' 'layer1_pool_load_3' <Predicate = (!icmp_ln121)> <Delay = 1.35> <CoreInst = "RAM_1WnR">   --->   Core 84 'RAM_1WnR' <Latency = 1> <II = 1> <Delay = 1.35> <Storage> <Opcode : 'load' 'store'> <Ports = 17> <Width = 32> <Depth = 3844> <RAM>
ST_3 : Operation 456 [4/4] (4.67ns)   --->   "%mul3_0_0_3 = fmul i32 %layer1_pool_load_3, i32 %conv2_w_load_3" [cnn.cpp:135]   --->   Operation 456 'fmul' 'mul3_0_0_3' <Predicate = (!icmp_ln121)> <Delay = 4.67> <CoreInst = "FMul_maxdsp">   --->   Core 30 'FMul_maxdsp' <Latency = 3> <II = 1> <Delay = 4.67> <FuncUnit> <Opcode : 'fmul'> <InPorts = 2> <OutPorts = 1>
ST_3 : Operation 457 [1/1] (0.00ns)   --->   "%trunc_ln135_4 = trunc i62 %sub_ln135_1" [cnn.cpp:135]   --->   Operation 457 'trunc' 'trunc_ln135_4' <Predicate = (!icmp_ln121)> <Delay = 0.00>
ST_3 : Operation 458 [1/1] (0.00ns)   --->   "%zext_ln135_28 = zext i5 %empty_34" [cnn.cpp:135]   --->   Operation 458 'zext' 'zext_ln135_28' <Predicate = (!icmp_ln121)> <Delay = 0.00>
ST_3 : Operation 459 [1/1] (0.93ns)   --->   "%add_ln135_4 = add i10 %trunc_ln135_4, i10 %zext_ln135_28" [cnn.cpp:135]   --->   Operation 459 'add' 'add_ln135_4' <Predicate = (!icmp_ln121)> <Delay = 0.93> <CoreInst = "Adder">   --->   Core 1 'Adder' <Latency = 0> <II = 1> <Delay = 0.93> <FuncUnit> <Opcode : 'add' 'sub'> <InPorts = 2> <OutPorts = 1>
ST_3 : Operation 460 [1/1] (0.00ns)   --->   "%tmp_28 = bitconcatenate i12 @_ssdm_op_BitConcatenate.i12.i10.i2, i10 %add_ln135_4, i2 0" [cnn.cpp:135]   --->   Operation 460 'bitconcatenate' 'tmp_28' <Predicate = (!icmp_ln121)> <Delay = 0.00>
ST_3 : Operation 461 [1/1] (0.00ns)   --->   "%zext_ln135_29 = zext i12 %tmp_28" [cnn.cpp:135]   --->   Operation 461 'zext' 'zext_ln135_29' <Predicate = (!icmp_ln121)> <Delay = 0.00>
ST_3 : Operation 462 [1/1] (0.00ns)   --->   "%layer1_pool_addr_17 = getelementptr i32 %layer1_pool, i64 0, i64 %zext_ln135_29" [cnn.cpp:135]   --->   Operation 462 'getelementptr' 'layer1_pool_addr_17' <Predicate = (!icmp_ln121)> <Delay = 0.00>
ST_3 : Operation 463 [1/1] (0.00ns)   --->   "%or_ln135_12 = or i12 %tmp_28, i12 1" [cnn.cpp:135]   --->   Operation 463 'or' 'or_ln135_12' <Predicate = (!icmp_ln121)> <Delay = 0.00>
ST_3 : Operation 464 [1/1] (0.00ns)   --->   "%zext_ln135_30 = zext i12 %or_ln135_12" [cnn.cpp:135]   --->   Operation 464 'zext' 'zext_ln135_30' <Predicate = (!icmp_ln121)> <Delay = 0.00>
ST_3 : Operation 465 [1/1] (0.00ns)   --->   "%layer1_pool_addr_18 = getelementptr i32 %layer1_pool, i64 0, i64 %zext_ln135_30" [cnn.cpp:135]   --->   Operation 465 'getelementptr' 'layer1_pool_addr_18' <Predicate = (!icmp_ln121)> <Delay = 0.00>
ST_3 : Operation 466 [1/1] (0.00ns)   --->   "%or_ln135_13 = or i12 %tmp_28, i12 2" [cnn.cpp:135]   --->   Operation 466 'or' 'or_ln135_13' <Predicate = (!icmp_ln121)> <Delay = 0.00>
ST_3 : Operation 467 [1/1] (0.00ns)   --->   "%zext_ln135_31 = zext i12 %or_ln135_13" [cnn.cpp:135]   --->   Operation 467 'zext' 'zext_ln135_31' <Predicate = (!icmp_ln121)> <Delay = 0.00>
ST_3 : Operation 468 [1/1] (0.00ns)   --->   "%layer1_pool_addr_19 = getelementptr i32 %layer1_pool, i64 0, i64 %zext_ln135_31" [cnn.cpp:135]   --->   Operation 468 'getelementptr' 'layer1_pool_addr_19' <Predicate = (!icmp_ln121)> <Delay = 0.00>
ST_3 : Operation 469 [1/1] (0.00ns)   --->   "%or_ln135_14 = or i12 %tmp_28, i12 3" [cnn.cpp:135]   --->   Operation 469 'or' 'or_ln135_14' <Predicate = (!icmp_ln121)> <Delay = 0.00>
ST_3 : Operation 470 [1/1] (0.00ns)   --->   "%zext_ln135_32 = zext i12 %or_ln135_14" [cnn.cpp:135]   --->   Operation 470 'zext' 'zext_ln135_32' <Predicate = (!icmp_ln121)> <Delay = 0.00>
ST_3 : Operation 471 [1/1] (0.00ns)   --->   "%layer1_pool_addr_20 = getelementptr i32 %layer1_pool, i64 0, i64 %zext_ln135_32" [cnn.cpp:135]   --->   Operation 471 'getelementptr' 'layer1_pool_addr_20' <Predicate = (!icmp_ln121)> <Delay = 0.00>
ST_3 : Operation 472 [1/2] (1.35ns)   --->   "%layer1_pool_load_4 = load i12 %layer1_pool_addr_5" [cnn.cpp:135]   --->   Operation 472 'load' 'layer1_pool_load_4' <Predicate = (!icmp_ln121)> <Delay = 1.35> <CoreInst = "RAM_1WnR">   --->   Core 84 'RAM_1WnR' <Latency = 1> <II = 1> <Delay = 1.35> <Storage> <Opcode : 'load' 'store'> <Ports = 17> <Width = 32> <Depth = 3844> <RAM>
ST_3 : Operation 473 [4/4] (4.67ns)   --->   "%mul3_0_1 = fmul i32 %layer1_pool_load_4, i32 %conv2_w_load_4" [cnn.cpp:135]   --->   Operation 473 'fmul' 'mul3_0_1' <Predicate = (!icmp_ln121)> <Delay = 4.67> <CoreInst = "FMul_maxdsp">   --->   Core 30 'FMul_maxdsp' <Latency = 3> <II = 1> <Delay = 4.67> <FuncUnit> <Opcode : 'fmul'> <InPorts = 2> <OutPorts = 1>
ST_3 : Operation 474 [1/2] (1.35ns)   --->   "%layer1_pool_load_5 = load i12 %layer1_pool_addr_6" [cnn.cpp:135]   --->   Operation 474 'load' 'layer1_pool_load_5' <Predicate = (!icmp_ln121)> <Delay = 1.35> <CoreInst = "RAM_1WnR">   --->   Core 84 'RAM_1WnR' <Latency = 1> <II = 1> <Delay = 1.35> <Storage> <Opcode : 'load' 'store'> <Ports = 17> <Width = 32> <Depth = 3844> <RAM>
ST_3 : Operation 475 [4/4] (4.67ns)   --->   "%mul3_0_1_1 = fmul i32 %layer1_pool_load_5, i32 %conv2_w_load_5" [cnn.cpp:135]   --->   Operation 475 'fmul' 'mul3_0_1_1' <Predicate = (!icmp_ln121)> <Delay = 4.67> <CoreInst = "FMul_maxdsp">   --->   Core 30 'FMul_maxdsp' <Latency = 3> <II = 1> <Delay = 4.67> <FuncUnit> <Opcode : 'fmul'> <InPorts = 2> <OutPorts = 1>
ST_3 : Operation 476 [1/2] (1.35ns)   --->   "%layer1_pool_load_6 = load i12 %layer1_pool_addr_7" [cnn.cpp:135]   --->   Operation 476 'load' 'layer1_pool_load_6' <Predicate = (!icmp_ln121)> <Delay = 1.35> <CoreInst = "RAM_1WnR">   --->   Core 84 'RAM_1WnR' <Latency = 1> <II = 1> <Delay = 1.35> <Storage> <Opcode : 'load' 'store'> <Ports = 17> <Width = 32> <Depth = 3844> <RAM>
ST_3 : Operation 477 [4/4] (4.67ns)   --->   "%mul3_0_1_2 = fmul i32 %layer1_pool_load_6, i32 %conv2_w_load_6" [cnn.cpp:135]   --->   Operation 477 'fmul' 'mul3_0_1_2' <Predicate = (!icmp_ln121)> <Delay = 4.67> <CoreInst = "FMul_maxdsp">   --->   Core 30 'FMul_maxdsp' <Latency = 3> <II = 1> <Delay = 4.67> <FuncUnit> <Opcode : 'fmul'> <InPorts = 2> <OutPorts = 1>
ST_3 : Operation 478 [1/2] (1.35ns)   --->   "%layer1_pool_load_7 = load i12 %layer1_pool_addr_8" [cnn.cpp:135]   --->   Operation 478 'load' 'layer1_pool_load_7' <Predicate = (!icmp_ln121)> <Delay = 1.35> <CoreInst = "RAM_1WnR">   --->   Core 84 'RAM_1WnR' <Latency = 1> <II = 1> <Delay = 1.35> <Storage> <Opcode : 'load' 'store'> <Ports = 17> <Width = 32> <Depth = 3844> <RAM>
ST_3 : Operation 479 [4/4] (4.67ns)   --->   "%mul3_0_1_3 = fmul i32 %layer1_pool_load_7, i32 %conv2_w_load_7" [cnn.cpp:135]   --->   Operation 479 'fmul' 'mul3_0_1_3' <Predicate = (!icmp_ln121)> <Delay = 4.67> <CoreInst = "FMul_maxdsp">   --->   Core 30 'FMul_maxdsp' <Latency = 3> <II = 1> <Delay = 4.67> <FuncUnit> <Opcode : 'fmul'> <InPorts = 2> <OutPorts = 1>
ST_3 : Operation 480 [1/1] (0.00ns)   --->   "%trunc_ln135_7 = trunc i62 %sub_ln135_1" [cnn.cpp:135]   --->   Operation 480 'trunc' 'trunc_ln135_7' <Predicate = (!icmp_ln121)> <Delay = 0.00>
ST_3 : Operation 481 [1/1] (0.00ns)   --->   "%zext_ln135_43 = zext i5 %empty_35" [cnn.cpp:135]   --->   Operation 481 'zext' 'zext_ln135_43' <Predicate = (!icmp_ln121)> <Delay = 0.00>
ST_3 : Operation 482 [1/1] (0.93ns)   --->   "%add_ln135_7 = add i10 %trunc_ln135_7, i10 %zext_ln135_43" [cnn.cpp:135]   --->   Operation 482 'add' 'add_ln135_7' <Predicate = (!icmp_ln121)> <Delay = 0.93> <CoreInst = "Adder">   --->   Core 1 'Adder' <Latency = 0> <II = 1> <Delay = 0.93> <FuncUnit> <Opcode : 'add' 'sub'> <InPorts = 2> <OutPorts = 1>
ST_3 : Operation 483 [1/1] (0.00ns)   --->   "%tmp_31 = bitconcatenate i12 @_ssdm_op_BitConcatenate.i12.i10.i2, i10 %add_ln135_7, i2 0" [cnn.cpp:135]   --->   Operation 483 'bitconcatenate' 'tmp_31' <Predicate = (!icmp_ln121)> <Delay = 0.00>
ST_3 : Operation 484 [1/1] (0.00ns)   --->   "%zext_ln135_44 = zext i12 %tmp_31" [cnn.cpp:135]   --->   Operation 484 'zext' 'zext_ln135_44' <Predicate = (!icmp_ln121)> <Delay = 0.00>
ST_3 : Operation 485 [1/1] (0.00ns)   --->   "%layer1_pool_addr_21 = getelementptr i32 %layer1_pool, i64 0, i64 %zext_ln135_44" [cnn.cpp:135]   --->   Operation 485 'getelementptr' 'layer1_pool_addr_21' <Predicate = (!icmp_ln121)> <Delay = 0.00>
ST_3 : Operation 486 [1/1] (0.00ns)   --->   "%or_ln135_21 = or i12 %tmp_31, i12 1" [cnn.cpp:135]   --->   Operation 486 'or' 'or_ln135_21' <Predicate = (!icmp_ln121)> <Delay = 0.00>
ST_3 : Operation 487 [1/1] (0.00ns)   --->   "%zext_ln135_45 = zext i12 %or_ln135_21" [cnn.cpp:135]   --->   Operation 487 'zext' 'zext_ln135_45' <Predicate = (!icmp_ln121)> <Delay = 0.00>
ST_3 : Operation 488 [1/1] (0.00ns)   --->   "%layer1_pool_addr_22 = getelementptr i32 %layer1_pool, i64 0, i64 %zext_ln135_45" [cnn.cpp:135]   --->   Operation 488 'getelementptr' 'layer1_pool_addr_22' <Predicate = (!icmp_ln121)> <Delay = 0.00>
ST_3 : Operation 489 [1/1] (0.00ns)   --->   "%or_ln135_22 = or i12 %tmp_31, i12 2" [cnn.cpp:135]   --->   Operation 489 'or' 'or_ln135_22' <Predicate = (!icmp_ln121)> <Delay = 0.00>
ST_3 : Operation 490 [1/1] (0.00ns)   --->   "%zext_ln135_46 = zext i12 %or_ln135_22" [cnn.cpp:135]   --->   Operation 490 'zext' 'zext_ln135_46' <Predicate = (!icmp_ln121)> <Delay = 0.00>
ST_3 : Operation 491 [1/1] (0.00ns)   --->   "%layer1_pool_addr_23 = getelementptr i32 %layer1_pool, i64 0, i64 %zext_ln135_46" [cnn.cpp:135]   --->   Operation 491 'getelementptr' 'layer1_pool_addr_23' <Predicate = (!icmp_ln121)> <Delay = 0.00>
ST_3 : Operation 492 [1/1] (0.00ns)   --->   "%or_ln135_23 = or i12 %tmp_31, i12 3" [cnn.cpp:135]   --->   Operation 492 'or' 'or_ln135_23' <Predicate = (!icmp_ln121)> <Delay = 0.00>
ST_3 : Operation 493 [1/1] (0.00ns)   --->   "%zext_ln135_47 = zext i12 %or_ln135_23" [cnn.cpp:135]   --->   Operation 493 'zext' 'zext_ln135_47' <Predicate = (!icmp_ln121)> <Delay = 0.00>
ST_3 : Operation 494 [1/1] (0.00ns)   --->   "%layer1_pool_addr_24 = getelementptr i32 %layer1_pool, i64 0, i64 %zext_ln135_47" [cnn.cpp:135]   --->   Operation 494 'getelementptr' 'layer1_pool_addr_24' <Predicate = (!icmp_ln121)> <Delay = 0.00>
ST_3 : Operation 495 [1/2] (1.35ns)   --->   "%layer1_pool_load_8 = load i12 %layer1_pool_addr_9" [cnn.cpp:135]   --->   Operation 495 'load' 'layer1_pool_load_8' <Predicate = (!icmp_ln121)> <Delay = 1.35> <CoreInst = "RAM_1WnR">   --->   Core 84 'RAM_1WnR' <Latency = 1> <II = 1> <Delay = 1.35> <Storage> <Opcode : 'load' 'store'> <Ports = 17> <Width = 32> <Depth = 3844> <RAM>
ST_3 : Operation 496 [4/4] (4.67ns)   --->   "%mul3_0_2 = fmul i32 %layer1_pool_load_8, i32 %conv2_w_load_8" [cnn.cpp:135]   --->   Operation 496 'fmul' 'mul3_0_2' <Predicate = (!icmp_ln121)> <Delay = 4.67> <CoreInst = "FMul_maxdsp">   --->   Core 30 'FMul_maxdsp' <Latency = 3> <II = 1> <Delay = 4.67> <FuncUnit> <Opcode : 'fmul'> <InPorts = 2> <OutPorts = 1>
ST_3 : Operation 497 [1/2] (1.35ns)   --->   "%layer1_pool_load_9 = load i12 %layer1_pool_addr_10" [cnn.cpp:135]   --->   Operation 497 'load' 'layer1_pool_load_9' <Predicate = (!icmp_ln121)> <Delay = 1.35> <CoreInst = "RAM_1WnR">   --->   Core 84 'RAM_1WnR' <Latency = 1> <II = 1> <Delay = 1.35> <Storage> <Opcode : 'load' 'store'> <Ports = 17> <Width = 32> <Depth = 3844> <RAM>
ST_3 : Operation 498 [4/4] (4.67ns)   --->   "%mul3_0_2_1 = fmul i32 %layer1_pool_load_9, i32 %conv2_w_load_9" [cnn.cpp:135]   --->   Operation 498 'fmul' 'mul3_0_2_1' <Predicate = (!icmp_ln121)> <Delay = 4.67> <CoreInst = "FMul_maxdsp">   --->   Core 30 'FMul_maxdsp' <Latency = 3> <II = 1> <Delay = 4.67> <FuncUnit> <Opcode : 'fmul'> <InPorts = 2> <OutPorts = 1>
ST_3 : Operation 499 [1/2] (1.35ns)   --->   "%layer1_pool_load_10 = load i12 %layer1_pool_addr_11" [cnn.cpp:135]   --->   Operation 499 'load' 'layer1_pool_load_10' <Predicate = (!icmp_ln121)> <Delay = 1.35> <CoreInst = "RAM_1WnR">   --->   Core 84 'RAM_1WnR' <Latency = 1> <II = 1> <Delay = 1.35> <Storage> <Opcode : 'load' 'store'> <Ports = 17> <Width = 32> <Depth = 3844> <RAM>
ST_3 : Operation 500 [4/4] (4.67ns)   --->   "%mul3_0_2_2 = fmul i32 %layer1_pool_load_10, i32 %conv2_w_load_10" [cnn.cpp:135]   --->   Operation 500 'fmul' 'mul3_0_2_2' <Predicate = (!icmp_ln121)> <Delay = 4.67> <CoreInst = "FMul_maxdsp">   --->   Core 30 'FMul_maxdsp' <Latency = 3> <II = 1> <Delay = 4.67> <FuncUnit> <Opcode : 'fmul'> <InPorts = 2> <OutPorts = 1>
ST_3 : Operation 501 [1/2] (1.35ns)   --->   "%layer1_pool_load_11 = load i12 %layer1_pool_addr_12" [cnn.cpp:135]   --->   Operation 501 'load' 'layer1_pool_load_11' <Predicate = (!icmp_ln121)> <Delay = 1.35> <CoreInst = "RAM_1WnR">   --->   Core 84 'RAM_1WnR' <Latency = 1> <II = 1> <Delay = 1.35> <Storage> <Opcode : 'load' 'store'> <Ports = 17> <Width = 32> <Depth = 3844> <RAM>
ST_3 : Operation 502 [4/4] (4.67ns)   --->   "%mul3_0_2_3 = fmul i32 %layer1_pool_load_11, i32 %conv2_w_load_11" [cnn.cpp:135]   --->   Operation 502 'fmul' 'mul3_0_2_3' <Predicate = (!icmp_ln121)> <Delay = 4.67> <CoreInst = "FMul_maxdsp">   --->   Core 30 'FMul_maxdsp' <Latency = 3> <II = 1> <Delay = 4.67> <FuncUnit> <Opcode : 'fmul'> <InPorts = 2> <OutPorts = 1>
ST_3 : Operation 503 [2/2] (1.35ns)   --->   "%layer1_pool_load_12 = load i12 %layer1_pool_addr_4" [cnn.cpp:135]   --->   Operation 503 'load' 'layer1_pool_load_12' <Predicate = (!icmp_ln121)> <Delay = 1.35> <CoreInst = "RAM_1WnR">   --->   Core 84 'RAM_1WnR' <Latency = 1> <II = 1> <Delay = 1.35> <Storage> <Opcode : 'load' 'store'> <Ports = 17> <Width = 32> <Depth = 3844> <RAM>
ST_3 : Operation 504 [2/2] (1.35ns)   --->   "%layer1_pool_load_13 = load i12 %layer1_pool_addr_13" [cnn.cpp:135]   --->   Operation 504 'load' 'layer1_pool_load_13' <Predicate = (!icmp_ln121)> <Delay = 1.35> <CoreInst = "RAM_1WnR">   --->   Core 84 'RAM_1WnR' <Latency = 1> <II = 1> <Delay = 1.35> <Storage> <Opcode : 'load' 'store'> <Ports = 17> <Width = 32> <Depth = 3844> <RAM>
ST_3 : Operation 505 [2/2] (1.35ns)   --->   "%layer1_pool_load_14 = load i12 %layer1_pool_addr_14" [cnn.cpp:135]   --->   Operation 505 'load' 'layer1_pool_load_14' <Predicate = (!icmp_ln121)> <Delay = 1.35> <CoreInst = "RAM_1WnR">   --->   Core 84 'RAM_1WnR' <Latency = 1> <II = 1> <Delay = 1.35> <Storage> <Opcode : 'load' 'store'> <Ports = 17> <Width = 32> <Depth = 3844> <RAM>
ST_3 : Operation 506 [2/2] (1.35ns)   --->   "%layer1_pool_load_15 = load i12 %layer1_pool_addr_15" [cnn.cpp:135]   --->   Operation 506 'load' 'layer1_pool_load_15' <Predicate = (!icmp_ln121)> <Delay = 1.35> <CoreInst = "RAM_1WnR">   --->   Core 84 'RAM_1WnR' <Latency = 1> <II = 1> <Delay = 1.35> <Storage> <Opcode : 'load' 'store'> <Ports = 17> <Width = 32> <Depth = 3844> <RAM>
ST_3 : Operation 507 [2/2] (1.35ns)   --->   "%layer1_pool_load_16 = load i12 %layer1_pool_addr_17" [cnn.cpp:135]   --->   Operation 507 'load' 'layer1_pool_load_16' <Predicate = (!icmp_ln121)> <Delay = 1.35> <CoreInst = "RAM_1WnR">   --->   Core 84 'RAM_1WnR' <Latency = 1> <II = 1> <Delay = 1.35> <Storage> <Opcode : 'load' 'store'> <Ports = 17> <Width = 32> <Depth = 3844> <RAM>
ST_3 : Operation 508 [2/2] (1.35ns)   --->   "%layer1_pool_load_17 = load i12 %layer1_pool_addr_18" [cnn.cpp:135]   --->   Operation 508 'load' 'layer1_pool_load_17' <Predicate = (!icmp_ln121)> <Delay = 1.35> <CoreInst = "RAM_1WnR">   --->   Core 84 'RAM_1WnR' <Latency = 1> <II = 1> <Delay = 1.35> <Storage> <Opcode : 'load' 'store'> <Ports = 17> <Width = 32> <Depth = 3844> <RAM>
ST_3 : Operation 509 [2/2] (1.35ns)   --->   "%layer1_pool_load_18 = load i12 %layer1_pool_addr_19" [cnn.cpp:135]   --->   Operation 509 'load' 'layer1_pool_load_18' <Predicate = (!icmp_ln121)> <Delay = 1.35> <CoreInst = "RAM_1WnR">   --->   Core 84 'RAM_1WnR' <Latency = 1> <II = 1> <Delay = 1.35> <Storage> <Opcode : 'load' 'store'> <Ports = 17> <Width = 32> <Depth = 3844> <RAM>
ST_3 : Operation 510 [2/2] (1.35ns)   --->   "%layer1_pool_load_19 = load i12 %layer1_pool_addr_20" [cnn.cpp:135]   --->   Operation 510 'load' 'layer1_pool_load_19' <Predicate = (!icmp_ln121)> <Delay = 1.35> <CoreInst = "RAM_1WnR">   --->   Core 84 'RAM_1WnR' <Latency = 1> <II = 1> <Delay = 1.35> <Storage> <Opcode : 'load' 'store'> <Ports = 17> <Width = 32> <Depth = 3844> <RAM>
ST_3 : Operation 511 [2/2] (1.35ns)   --->   "%layer1_pool_load_20 = load i12 %layer1_pool_addr_21" [cnn.cpp:135]   --->   Operation 511 'load' 'layer1_pool_load_20' <Predicate = (!icmp_ln121)> <Delay = 1.35> <CoreInst = "RAM_1WnR">   --->   Core 84 'RAM_1WnR' <Latency = 1> <II = 1> <Delay = 1.35> <Storage> <Opcode : 'load' 'store'> <Ports = 17> <Width = 32> <Depth = 3844> <RAM>
ST_3 : Operation 512 [2/2] (1.35ns)   --->   "%layer1_pool_load_21 = load i12 %layer1_pool_addr_22" [cnn.cpp:135]   --->   Operation 512 'load' 'layer1_pool_load_21' <Predicate = (!icmp_ln121)> <Delay = 1.35> <CoreInst = "RAM_1WnR">   --->   Core 84 'RAM_1WnR' <Latency = 1> <II = 1> <Delay = 1.35> <Storage> <Opcode : 'load' 'store'> <Ports = 17> <Width = 32> <Depth = 3844> <RAM>
ST_3 : Operation 513 [2/2] (1.35ns)   --->   "%layer1_pool_load_22 = load i12 %layer1_pool_addr_23" [cnn.cpp:135]   --->   Operation 513 'load' 'layer1_pool_load_22' <Predicate = (!icmp_ln121)> <Delay = 1.35> <CoreInst = "RAM_1WnR">   --->   Core 84 'RAM_1WnR' <Latency = 1> <II = 1> <Delay = 1.35> <Storage> <Opcode : 'load' 'store'> <Ports = 17> <Width = 32> <Depth = 3844> <RAM>
ST_3 : Operation 514 [2/2] (1.35ns)   --->   "%layer1_pool_load_23 = load i12 %layer1_pool_addr_24" [cnn.cpp:135]   --->   Operation 514 'load' 'layer1_pool_load_23' <Predicate = (!icmp_ln121)> <Delay = 1.35> <CoreInst = "RAM_1WnR">   --->   Core 84 'RAM_1WnR' <Latency = 1> <II = 1> <Delay = 1.35> <Storage> <Opcode : 'load' 'store'> <Ports = 17> <Width = 32> <Depth = 3844> <RAM>

State 4 <SV = 3> <Delay = 6.02>
ST_4 : Operation 515 [1/2] (1.35ns)   --->   "%conv2_w_load_12 = load i9 %conv2_w_addr_12" [cnn.cpp:121]   --->   Operation 515 'load' 'conv2_w_load_12' <Predicate = (!icmp_ln121)> <Delay = 1.35> <CoreInst = "ROM">   --->   Core 101 'ROM' <Latency = 1> <II = 1> <Delay = 1.35> <Storage> <Opcode : 'load'> <Ports = 0> <Width = 32> <Depth = 288> <ROM>
ST_4 : Operation 516 [1/2] (1.35ns)   --->   "%conv2_w_load_13 = load i9 %conv2_w_addr_13" [cnn.cpp:121]   --->   Operation 516 'load' 'conv2_w_load_13' <Predicate = (!icmp_ln121)> <Delay = 1.35> <CoreInst = "ROM">   --->   Core 101 'ROM' <Latency = 1> <II = 1> <Delay = 1.35> <Storage> <Opcode : 'load'> <Ports = 0> <Width = 32> <Depth = 288> <ROM>
ST_4 : Operation 517 [1/2] (1.35ns)   --->   "%conv2_w_load_14 = load i9 %conv2_w_addr_14" [cnn.cpp:121]   --->   Operation 517 'load' 'conv2_w_load_14' <Predicate = (!icmp_ln121)> <Delay = 1.35> <CoreInst = "ROM">   --->   Core 101 'ROM' <Latency = 1> <II = 1> <Delay = 1.35> <Storage> <Opcode : 'load'> <Ports = 0> <Width = 32> <Depth = 288> <ROM>
ST_4 : Operation 518 [1/2] (1.35ns)   --->   "%conv2_w_load_15 = load i9 %conv2_w_addr_15" [cnn.cpp:121]   --->   Operation 518 'load' 'conv2_w_load_15' <Predicate = (!icmp_ln121)> <Delay = 1.35> <CoreInst = "ROM">   --->   Core 101 'ROM' <Latency = 1> <II = 1> <Delay = 1.35> <Storage> <Opcode : 'load'> <Ports = 0> <Width = 32> <Depth = 288> <ROM>
ST_4 : Operation 519 [1/2] (1.35ns)   --->   "%conv2_w_load_16 = load i9 %conv2_w_addr_16" [cnn.cpp:121]   --->   Operation 519 'load' 'conv2_w_load_16' <Predicate = (!icmp_ln121)> <Delay = 1.35> <CoreInst = "ROM">   --->   Core 101 'ROM' <Latency = 1> <II = 1> <Delay = 1.35> <Storage> <Opcode : 'load'> <Ports = 0> <Width = 32> <Depth = 288> <ROM>
ST_4 : Operation 520 [1/2] (1.35ns)   --->   "%conv2_w_load_17 = load i9 %conv2_w_addr_17" [cnn.cpp:121]   --->   Operation 520 'load' 'conv2_w_load_17' <Predicate = (!icmp_ln121)> <Delay = 1.35> <CoreInst = "ROM">   --->   Core 101 'ROM' <Latency = 1> <II = 1> <Delay = 1.35> <Storage> <Opcode : 'load'> <Ports = 0> <Width = 32> <Depth = 288> <ROM>
ST_4 : Operation 521 [1/2] (1.35ns)   --->   "%conv2_w_load_18 = load i9 %conv2_w_addr_18" [cnn.cpp:121]   --->   Operation 521 'load' 'conv2_w_load_18' <Predicate = (!icmp_ln121)> <Delay = 1.35> <CoreInst = "ROM">   --->   Core 101 'ROM' <Latency = 1> <II = 1> <Delay = 1.35> <Storage> <Opcode : 'load'> <Ports = 0> <Width = 32> <Depth = 288> <ROM>
ST_4 : Operation 522 [1/2] (1.35ns)   --->   "%conv2_w_load_19 = load i9 %conv2_w_addr_19" [cnn.cpp:121]   --->   Operation 522 'load' 'conv2_w_load_19' <Predicate = (!icmp_ln121)> <Delay = 1.35> <CoreInst = "ROM">   --->   Core 101 'ROM' <Latency = 1> <II = 1> <Delay = 1.35> <Storage> <Opcode : 'load'> <Ports = 0> <Width = 32> <Depth = 288> <ROM>
ST_4 : Operation 523 [1/2] (1.35ns)   --->   "%conv2_w_load_20 = load i9 %conv2_w_addr_20" [cnn.cpp:121]   --->   Operation 523 'load' 'conv2_w_load_20' <Predicate = (!icmp_ln121)> <Delay = 1.35> <CoreInst = "ROM">   --->   Core 101 'ROM' <Latency = 1> <II = 1> <Delay = 1.35> <Storage> <Opcode : 'load'> <Ports = 0> <Width = 32> <Depth = 288> <ROM>
ST_4 : Operation 524 [1/2] (1.35ns)   --->   "%conv2_w_load_21 = load i9 %conv2_w_addr_21" [cnn.cpp:121]   --->   Operation 524 'load' 'conv2_w_load_21' <Predicate = (!icmp_ln121)> <Delay = 1.35> <CoreInst = "ROM">   --->   Core 101 'ROM' <Latency = 1> <II = 1> <Delay = 1.35> <Storage> <Opcode : 'load'> <Ports = 0> <Width = 32> <Depth = 288> <ROM>
ST_4 : Operation 525 [1/2] (1.35ns)   --->   "%conv2_w_load_22 = load i9 %conv2_w_addr_22" [cnn.cpp:121]   --->   Operation 525 'load' 'conv2_w_load_22' <Predicate = (!icmp_ln121)> <Delay = 1.35> <CoreInst = "ROM">   --->   Core 101 'ROM' <Latency = 1> <II = 1> <Delay = 1.35> <Storage> <Opcode : 'load'> <Ports = 0> <Width = 32> <Depth = 288> <ROM>
ST_4 : Operation 526 [1/2] (1.35ns)   --->   "%conv2_w_load_23 = load i9 %conv2_w_addr_23" [cnn.cpp:121]   --->   Operation 526 'load' 'conv2_w_load_23' <Predicate = (!icmp_ln121)> <Delay = 1.35> <CoreInst = "ROM">   --->   Core 101 'ROM' <Latency = 1> <II = 1> <Delay = 1.35> <Storage> <Opcode : 'load'> <Ports = 0> <Width = 32> <Depth = 288> <ROM>
ST_4 : Operation 527 [1/1] (0.00ns)   --->   "%sext_ln121_7 = sext i7 %select_ln121_5" [cnn.cpp:121]   --->   Operation 527 'sext' 'sext_ln121_7' <Predicate = (!icmp_ln121)> <Delay = 0.00>
ST_4 : Operation 528 [1/1] (0.00ns)   --->   "%zext_ln121_28 = zext i8 %sext_ln121_7" [cnn.cpp:121]   --->   Operation 528 'zext' 'zext_ln121_28' <Predicate = (!icmp_ln121)> <Delay = 0.00>
ST_4 : Operation 529 [1/1] (0.00ns)   --->   "%conv2_w_addr_24 = getelementptr i32 %conv2_w, i64 0, i64 %zext_ln121_28" [cnn.cpp:135]   --->   Operation 529 'getelementptr' 'conv2_w_addr_24' <Predicate = (!icmp_ln121)> <Delay = 0.00>
ST_4 : Operation 530 [2/2] (1.35ns)   --->   "%conv2_w_load_24 = load i9 %conv2_w_addr_24" [cnn.cpp:121]   --->   Operation 530 'load' 'conv2_w_load_24' <Predicate = (!icmp_ln121)> <Delay = 1.35> <CoreInst = "ROM">   --->   Core 101 'ROM' <Latency = 1> <II = 1> <Delay = 1.35> <Storage> <Opcode : 'load'> <Ports = 0> <Width = 32> <Depth = 288> <ROM>
ST_4 : Operation 531 [1/1] (0.00ns)   --->   "%sext_ln121_8 = sext i7 %add_ln121_9" [cnn.cpp:121]   --->   Operation 531 'sext' 'sext_ln121_8' <Predicate = (!icmp_ln121)> <Delay = 0.00>
ST_4 : Operation 532 [1/1] (0.00ns)   --->   "%zext_ln121_29 = zext i8 %sext_ln121_8" [cnn.cpp:121]   --->   Operation 532 'zext' 'zext_ln121_29' <Predicate = (!icmp_ln121)> <Delay = 0.00>
ST_4 : Operation 533 [1/1] (0.00ns)   --->   "%conv2_w_addr_25 = getelementptr i32 %conv2_w, i64 0, i64 %zext_ln121_29" [cnn.cpp:135]   --->   Operation 533 'getelementptr' 'conv2_w_addr_25' <Predicate = (!icmp_ln121)> <Delay = 0.00>
ST_4 : Operation 534 [2/2] (1.35ns)   --->   "%conv2_w_load_25 = load i9 %conv2_w_addr_25" [cnn.cpp:121]   --->   Operation 534 'load' 'conv2_w_load_25' <Predicate = (!icmp_ln121)> <Delay = 1.35> <CoreInst = "ROM">   --->   Core 101 'ROM' <Latency = 1> <II = 1> <Delay = 1.35> <Storage> <Opcode : 'load'> <Ports = 0> <Width = 32> <Depth = 288> <ROM>
ST_4 : Operation 535 [1/1] (0.00ns)   --->   "%sext_ln121_9 = sext i7 %select_ln121_6" [cnn.cpp:121]   --->   Operation 535 'sext' 'sext_ln121_9' <Predicate = (!icmp_ln121)> <Delay = 0.00>
ST_4 : Operation 536 [1/1] (0.00ns)   --->   "%zext_ln121_30 = zext i8 %sext_ln121_9" [cnn.cpp:121]   --->   Operation 536 'zext' 'zext_ln121_30' <Predicate = (!icmp_ln121)> <Delay = 0.00>
ST_4 : Operation 537 [1/1] (0.00ns)   --->   "%conv2_w_addr_26 = getelementptr i32 %conv2_w, i64 0, i64 %zext_ln121_30" [cnn.cpp:135]   --->   Operation 537 'getelementptr' 'conv2_w_addr_26' <Predicate = (!icmp_ln121)> <Delay = 0.00>
ST_4 : Operation 538 [2/2] (1.35ns)   --->   "%conv2_w_load_26 = load i9 %conv2_w_addr_26" [cnn.cpp:121]   --->   Operation 538 'load' 'conv2_w_load_26' <Predicate = (!icmp_ln121)> <Delay = 1.35> <CoreInst = "ROM">   --->   Core 101 'ROM' <Latency = 1> <II = 1> <Delay = 1.35> <Storage> <Opcode : 'load'> <Ports = 0> <Width = 32> <Depth = 288> <ROM>
ST_4 : Operation 539 [1/1] (0.00ns)   --->   "%sext_ln121_10 = sext i7 %add_ln121_10" [cnn.cpp:121]   --->   Operation 539 'sext' 'sext_ln121_10' <Predicate = (!icmp_ln121)> <Delay = 0.00>
ST_4 : Operation 540 [1/1] (0.00ns)   --->   "%zext_ln121_31 = zext i8 %sext_ln121_10" [cnn.cpp:121]   --->   Operation 540 'zext' 'zext_ln121_31' <Predicate = (!icmp_ln121)> <Delay = 0.00>
ST_4 : Operation 541 [1/1] (0.00ns)   --->   "%conv2_w_addr_27 = getelementptr i32 %conv2_w, i64 0, i64 %zext_ln121_31" [cnn.cpp:135]   --->   Operation 541 'getelementptr' 'conv2_w_addr_27' <Predicate = (!icmp_ln121)> <Delay = 0.00>
ST_4 : Operation 542 [2/2] (1.35ns)   --->   "%conv2_w_load_27 = load i9 %conv2_w_addr_27" [cnn.cpp:121]   --->   Operation 542 'load' 'conv2_w_load_27' <Predicate = (!icmp_ln121)> <Delay = 1.35> <CoreInst = "ROM">   --->   Core 101 'ROM' <Latency = 1> <II = 1> <Delay = 1.35> <Storage> <Opcode : 'load'> <Ports = 0> <Width = 32> <Depth = 288> <ROM>
ST_4 : Operation 543 [1/1] (0.00ns)   --->   "%sext_ln121_11 = sext i6 %select_ln121_4" [cnn.cpp:121]   --->   Operation 543 'sext' 'sext_ln121_11' <Predicate = (!icmp_ln121)> <Delay = 0.00>
ST_4 : Operation 544 [1/1] (0.00ns)   --->   "%zext_ln121_32 = zext i8 %sext_ln121_11" [cnn.cpp:121]   --->   Operation 544 'zext' 'zext_ln121_32' <Predicate = (!icmp_ln121)> <Delay = 0.00>
ST_4 : Operation 545 [1/1] (0.00ns)   --->   "%conv2_w_addr_28 = getelementptr i32 %conv2_w, i64 0, i64 %zext_ln121_32" [cnn.cpp:135]   --->   Operation 545 'getelementptr' 'conv2_w_addr_28' <Predicate = (!icmp_ln121)> <Delay = 0.00>
ST_4 : Operation 546 [2/2] (1.35ns)   --->   "%conv2_w_load_28 = load i9 %conv2_w_addr_28" [cnn.cpp:121]   --->   Operation 546 'load' 'conv2_w_load_28' <Predicate = (!icmp_ln121)> <Delay = 1.35> <CoreInst = "ROM">   --->   Core 101 'ROM' <Latency = 1> <II = 1> <Delay = 1.35> <Storage> <Opcode : 'load'> <Ports = 0> <Width = 32> <Depth = 288> <ROM>
ST_4 : Operation 547 [1/1] (0.00ns)   --->   "%sext_ln121_12 = sext i6 %add_ln121_8" [cnn.cpp:121]   --->   Operation 547 'sext' 'sext_ln121_12' <Predicate = (!icmp_ln121)> <Delay = 0.00>
ST_4 : Operation 548 [1/1] (0.00ns)   --->   "%zext_ln121_33 = zext i8 %sext_ln121_12" [cnn.cpp:121]   --->   Operation 548 'zext' 'zext_ln121_33' <Predicate = (!icmp_ln121)> <Delay = 0.00>
ST_4 : Operation 549 [1/1] (0.00ns)   --->   "%conv2_w_addr_29 = getelementptr i32 %conv2_w, i64 0, i64 %zext_ln121_33" [cnn.cpp:135]   --->   Operation 549 'getelementptr' 'conv2_w_addr_29' <Predicate = (!icmp_ln121)> <Delay = 0.00>
ST_4 : Operation 550 [2/2] (1.35ns)   --->   "%conv2_w_load_29 = load i9 %conv2_w_addr_29" [cnn.cpp:121]   --->   Operation 550 'load' 'conv2_w_load_29' <Predicate = (!icmp_ln121)> <Delay = 1.35> <CoreInst = "ROM">   --->   Core 101 'ROM' <Latency = 1> <II = 1> <Delay = 1.35> <Storage> <Opcode : 'load'> <Ports = 0> <Width = 32> <Depth = 288> <ROM>
ST_4 : Operation 551 [1/1] (0.00ns)   --->   "%sext_ln121_13 = sext i5 %select_ln121_3" [cnn.cpp:121]   --->   Operation 551 'sext' 'sext_ln121_13' <Predicate = (!icmp_ln121)> <Delay = 0.00>
ST_4 : Operation 552 [1/1] (0.00ns)   --->   "%zext_ln121_34 = zext i8 %sext_ln121_13" [cnn.cpp:121]   --->   Operation 552 'zext' 'zext_ln121_34' <Predicate = (!icmp_ln121)> <Delay = 0.00>
ST_4 : Operation 553 [1/1] (0.00ns)   --->   "%conv2_w_addr_30 = getelementptr i32 %conv2_w, i64 0, i64 %zext_ln121_34" [cnn.cpp:135]   --->   Operation 553 'getelementptr' 'conv2_w_addr_30' <Predicate = (!icmp_ln121)> <Delay = 0.00>
ST_4 : Operation 554 [2/2] (1.35ns)   --->   "%conv2_w_load_30 = load i9 %conv2_w_addr_30" [cnn.cpp:121]   --->   Operation 554 'load' 'conv2_w_load_30' <Predicate = (!icmp_ln121)> <Delay = 1.35> <CoreInst = "ROM">   --->   Core 101 'ROM' <Latency = 1> <II = 1> <Delay = 1.35> <Storage> <Opcode : 'load'> <Ports = 0> <Width = 32> <Depth = 288> <ROM>
ST_4 : Operation 555 [1/1] (0.00ns)   --->   "%sext_ln121_14 = sext i4 %select_ln121_2" [cnn.cpp:121]   --->   Operation 555 'sext' 'sext_ln121_14' <Predicate = (!icmp_ln121)> <Delay = 0.00>
ST_4 : Operation 556 [1/1] (0.00ns)   --->   "%zext_ln121_35 = zext i8 %sext_ln121_14" [cnn.cpp:121]   --->   Operation 556 'zext' 'zext_ln121_35' <Predicate = (!icmp_ln121)> <Delay = 0.00>
ST_4 : Operation 557 [1/1] (0.00ns)   --->   "%conv2_w_addr_31 = getelementptr i32 %conv2_w, i64 0, i64 %zext_ln121_35" [cnn.cpp:135]   --->   Operation 557 'getelementptr' 'conv2_w_addr_31' <Predicate = (!icmp_ln121)> <Delay = 0.00>
ST_4 : Operation 558 [2/2] (1.35ns)   --->   "%conv2_w_load_31 = load i9 %conv2_w_addr_31" [cnn.cpp:121]   --->   Operation 558 'load' 'conv2_w_load_31' <Predicate = (!icmp_ln121)> <Delay = 1.35> <CoreInst = "ROM">   --->   Core 101 'ROM' <Latency = 1> <II = 1> <Delay = 1.35> <Storage> <Opcode : 'load'> <Ports = 0> <Width = 32> <Depth = 288> <ROM>
ST_4 : Operation 559 [1/1] (0.00ns)   --->   "%or_ln133_15_mid1 = bitconcatenate i9 @_ssdm_op_BitConcatenate.i9.i5.i4, i5 16, i4 %add_ln121" [cnn.cpp:133]   --->   Operation 559 'bitconcatenate' 'or_ln133_15_mid1' <Predicate = (!icmp_ln121 & icmp_ln122)> <Delay = 0.00>
ST_4 : Operation 560 [1/1] (0.00ns)   --->   "%or_ln133_7 = bitconcatenate i9 @_ssdm_op_BitConcatenate.i9.i5.i4, i5 16, i4 %f_load" [cnn.cpp:133]   --->   Operation 560 'bitconcatenate' 'or_ln133_7' <Predicate = (!icmp_ln121 & !icmp_ln122)> <Delay = 0.00>
ST_4 : Operation 561 [1/1] (0.45ns)   --->   "%select_ln121_11 = select i1 %icmp_ln122, i9 %or_ln133_15_mid1, i9 %or_ln133_7" [cnn.cpp:121]   --->   Operation 561 'select' 'select_ln121_11' <Predicate = (!icmp_ln121)> <Delay = 0.45> <CoreInst = "Sel">   --->   Core 73 'Sel' <Latency = 0> <II = 1> <Delay = 0.45> <FuncUnit> <Opcode : 'select'> <InPorts = 3> <OutPorts = 1>
ST_4 : Operation 562 [1/1] (0.00ns)   --->   "%zext_ln121_36 = zext i9 %select_ln121_11" [cnn.cpp:121]   --->   Operation 562 'zext' 'zext_ln121_36' <Predicate = (!icmp_ln121)> <Delay = 0.00>
ST_4 : Operation 563 [1/1] (0.00ns)   --->   "%conv2_w_addr_32 = getelementptr i32 %conv2_w, i64 0, i64 %zext_ln121_36" [cnn.cpp:135]   --->   Operation 563 'getelementptr' 'conv2_w_addr_32' <Predicate = (!icmp_ln121)> <Delay = 0.00>
ST_4 : Operation 564 [2/2] (1.35ns)   --->   "%conv2_w_load_32 = load i9 %conv2_w_addr_32" [cnn.cpp:121]   --->   Operation 564 'load' 'conv2_w_load_32' <Predicate = (!icmp_ln121)> <Delay = 1.35> <CoreInst = "ROM">   --->   Core 101 'ROM' <Latency = 1> <II = 1> <Delay = 1.35> <Storage> <Opcode : 'load'> <Ports = 0> <Width = 32> <Depth = 288> <ROM>
ST_4 : Operation 565 [1/1] (0.00ns)   --->   "%zext_ln121_37 = zext i4 %select_ln121_1" [cnn.cpp:121]   --->   Operation 565 'zext' 'zext_ln121_37' <Predicate = (!icmp_ln121)> <Delay = 0.00>
ST_4 : Operation 566 [1/1] (0.92ns)   --->   "%add_ln121_5 = add i9 %zext_ln121_37, i9 264" [cnn.cpp:121]   --->   Operation 566 'add' 'add_ln121_5' <Predicate = (!icmp_ln121)> <Delay = 0.92> <CoreInst = "Adder">   --->   Core 1 'Adder' <Latency = 0> <II = 1> <Delay = 0.92> <FuncUnit> <Opcode : 'add' 'sub'> <InPorts = 2> <OutPorts = 1>
ST_4 : Operation 567 [1/1] (0.00ns)   --->   "%zext_ln121_38 = zext i9 %add_ln121_5" [cnn.cpp:121]   --->   Operation 567 'zext' 'zext_ln121_38' <Predicate = (!icmp_ln121)> <Delay = 0.00>
ST_4 : Operation 568 [1/1] (0.00ns)   --->   "%conv2_w_addr_33 = getelementptr i32 %conv2_w, i64 0, i64 %zext_ln121_38" [cnn.cpp:135]   --->   Operation 568 'getelementptr' 'conv2_w_addr_33' <Predicate = (!icmp_ln121)> <Delay = 0.00>
ST_4 : Operation 569 [2/2] (1.35ns)   --->   "%conv2_w_load_33 = load i9 %conv2_w_addr_33" [cnn.cpp:121]   --->   Operation 569 'load' 'conv2_w_load_33' <Predicate = (!icmp_ln121)> <Delay = 1.35> <CoreInst = "ROM">   --->   Core 101 'ROM' <Latency = 1> <II = 1> <Delay = 1.35> <Storage> <Opcode : 'load'> <Ports = 0> <Width = 32> <Depth = 288> <ROM>
ST_4 : Operation 570 [1/1] (0.00ns)   --->   "%or_ln133_16_mid1 = bitconcatenate i9 @_ssdm_op_BitConcatenate.i9.i5.i4, i5 17, i4 %add_ln121" [cnn.cpp:133]   --->   Operation 570 'bitconcatenate' 'or_ln133_16_mid1' <Predicate = (!icmp_ln121 & icmp_ln122)> <Delay = 0.00>
ST_4 : Operation 571 [1/1] (0.00ns)   --->   "%or_ln133_8 = bitconcatenate i9 @_ssdm_op_BitConcatenate.i9.i5.i4, i5 17, i4 %f_load" [cnn.cpp:133]   --->   Operation 571 'bitconcatenate' 'or_ln133_8' <Predicate = (!icmp_ln121 & !icmp_ln122)> <Delay = 0.00>
ST_4 : Operation 572 [1/1] (0.45ns)   --->   "%select_ln121_12 = select i1 %icmp_ln122, i9 %or_ln133_16_mid1, i9 %or_ln133_8" [cnn.cpp:121]   --->   Operation 572 'select' 'select_ln121_12' <Predicate = (!icmp_ln121)> <Delay = 0.45> <CoreInst = "Sel">   --->   Core 73 'Sel' <Latency = 0> <II = 1> <Delay = 0.45> <FuncUnit> <Opcode : 'select'> <InPorts = 3> <OutPorts = 1>
ST_4 : Operation 573 [1/1] (0.00ns)   --->   "%zext_ln121_39 = zext i9 %select_ln121_12" [cnn.cpp:121]   --->   Operation 573 'zext' 'zext_ln121_39' <Predicate = (!icmp_ln121)> <Delay = 0.00>
ST_4 : Operation 574 [1/1] (0.00ns)   --->   "%conv2_w_addr_34 = getelementptr i32 %conv2_w, i64 0, i64 %zext_ln121_39" [cnn.cpp:135]   --->   Operation 574 'getelementptr' 'conv2_w_addr_34' <Predicate = (!icmp_ln121)> <Delay = 0.00>
ST_4 : Operation 575 [2/2] (1.35ns)   --->   "%conv2_w_load_34 = load i9 %conv2_w_addr_34" [cnn.cpp:121]   --->   Operation 575 'load' 'conv2_w_load_34' <Predicate = (!icmp_ln121)> <Delay = 1.35> <CoreInst = "ROM">   --->   Core 101 'ROM' <Latency = 1> <II = 1> <Delay = 1.35> <Storage> <Opcode : 'load'> <Ports = 0> <Width = 32> <Depth = 288> <ROM>
ST_4 : Operation 576 [1/1] (0.92ns)   --->   "%add_ln121_6 = add i9 %zext_ln121_37, i9 280" [cnn.cpp:121]   --->   Operation 576 'add' 'add_ln121_6' <Predicate = (!icmp_ln121)> <Delay = 0.92> <CoreInst = "Adder">   --->   Core 1 'Adder' <Latency = 0> <II = 1> <Delay = 0.92> <FuncUnit> <Opcode : 'add' 'sub'> <InPorts = 2> <OutPorts = 1>
ST_4 : Operation 577 [1/1] (0.00ns)   --->   "%zext_ln121_40 = zext i9 %add_ln121_6" [cnn.cpp:121]   --->   Operation 577 'zext' 'zext_ln121_40' <Predicate = (!icmp_ln121)> <Delay = 0.00>
ST_4 : Operation 578 [1/1] (0.00ns)   --->   "%conv2_w_addr_35 = getelementptr i32 %conv2_w, i64 0, i64 %zext_ln121_40" [cnn.cpp:135]   --->   Operation 578 'getelementptr' 'conv2_w_addr_35' <Predicate = (!icmp_ln121)> <Delay = 0.00>
ST_4 : Operation 579 [2/2] (1.35ns)   --->   "%conv2_w_load_35 = load i9 %conv2_w_addr_35" [cnn.cpp:121]   --->   Operation 579 'load' 'conv2_w_load_35' <Predicate = (!icmp_ln121)> <Delay = 1.35> <CoreInst = "ROM">   --->   Core 101 'ROM' <Latency = 1> <II = 1> <Delay = 1.35> <Storage> <Opcode : 'load'> <Ports = 0> <Width = 32> <Depth = 288> <ROM>
ST_4 : Operation 580 [1/3] (0.00ns) (grouped into DSP with root node add_ln139)   --->   "%mul_ln139 = mul i10 %zext_ln135, i10 29" [cnn.cpp:139]   --->   Operation 580 'mul' 'mul_ln139' <Predicate = (!icmp_ln121)> <Delay = 0.00> <CoreInst = "DSP48">   --->   Core 127 'DSP48' <Latency = 3> <II = 1> <Delay = 0.69> <IPBlock> <Opcode : 'mul' 'add' 'sub' 'select'> <InPorts = 0> <OutPorts = 1> <Sync> <CReg>
ST_4 : Operation 581 [1/1] (0.00ns)   --->   "%zext_ln135_5 = zext i5 %select_ln122_3" [cnn.cpp:135]   --->   Operation 581 'zext' 'zext_ln135_5' <Predicate = (!icmp_ln121)> <Delay = 0.00>
ST_4 : Operation 582 [1/1] (0.00ns)   --->   "%tmp_3 = bitconcatenate i10 @_ssdm_op_BitConcatenate.i10.i5.i5, i5 %select_ln122_3, i5 0" [cnn.cpp:135]   --->   Operation 582 'bitconcatenate' 'tmp_3' <Predicate = (!icmp_ln121)> <Delay = 0.00>
ST_4 : Operation 583 [1/1] (0.00ns)   --->   "%zext_ln135_6 = zext i10 %tmp_3" [cnn.cpp:135]   --->   Operation 583 'zext' 'zext_ln135_6' <Predicate = (!icmp_ln121)> <Delay = 0.00>
ST_4 : Operation 584 [1/1] (0.93ns)   --->   "%sub_ln135_2 = sub i62 %zext_ln135_6, i62 %zext_ln135_5" [cnn.cpp:135]   --->   Operation 584 'sub' 'sub_ln135_2' <Predicate = (!icmp_ln121)> <Delay = 0.93> <CoreInst = "Adder">   --->   Core 1 'Adder' <Latency = 0> <II = 1> <Delay = 0.93> <FuncUnit> <Opcode : 'add' 'sub'> <InPorts = 2> <OutPorts = 1>
ST_4 : Operation 585 [1/1] (0.00ns)   --->   "%zext_ln135_7 = zext i5 %select_ln122" [cnn.cpp:135]   --->   Operation 585 'zext' 'zext_ln135_7' <Predicate = (!icmp_ln121)> <Delay = 0.00>
ST_4 : Operation 586 [1/1] (0.00ns)   --->   "%trunc_ln135_2 = trunc i62 %sub_ln135_2" [cnn.cpp:135]   --->   Operation 586 'trunc' 'trunc_ln135_2' <Predicate = (!icmp_ln121)> <Delay = 0.00>
ST_4 : Operation 587 [1/1] (0.00ns)   --->   "%zext_ln135_18 = zext i5 %select_ln122" [cnn.cpp:135]   --->   Operation 587 'zext' 'zext_ln135_18' <Predicate = (!icmp_ln121)> <Delay = 0.00>
ST_4 : Operation 588 [1/1] (0.93ns)   --->   "%add_ln135_2 = add i10 %trunc_ln135_2, i10 %zext_ln135_18" [cnn.cpp:135]   --->   Operation 588 'add' 'add_ln135_2' <Predicate = (!icmp_ln121)> <Delay = 0.93> <CoreInst = "Adder">   --->   Core 1 'Adder' <Latency = 0> <II = 1> <Delay = 0.93> <FuncUnit> <Opcode : 'add' 'sub'> <InPorts = 2> <OutPorts = 1>
ST_4 : Operation 589 [1/1] (0.00ns)   --->   "%tmp_25 = bitconcatenate i12 @_ssdm_op_BitConcatenate.i12.i10.i2, i10 %add_ln135_2, i2 0" [cnn.cpp:135]   --->   Operation 589 'bitconcatenate' 'tmp_25' <Predicate = (!icmp_ln121)> <Delay = 0.00>
ST_4 : Operation 590 [1/1] (0.00ns)   --->   "%zext_ln135_19 = zext i12 %tmp_25" [cnn.cpp:135]   --->   Operation 590 'zext' 'zext_ln135_19' <Predicate = (!icmp_ln121)> <Delay = 0.00>
ST_4 : Operation 591 [1/1] (0.00ns)   --->   "%layer1_pool_addr_16 = getelementptr i32 %layer1_pool, i64 0, i64 %zext_ln135_19" [cnn.cpp:135]   --->   Operation 591 'getelementptr' 'layer1_pool_addr_16' <Predicate = (!icmp_ln121)> <Delay = 0.00>
ST_4 : Operation 592 [1/1] (0.00ns)   --->   "%or_ln135_6 = or i12 %tmp_25, i12 1" [cnn.cpp:135]   --->   Operation 592 'or' 'or_ln135_6' <Predicate = (!icmp_ln121)> <Delay = 0.00>
ST_4 : Operation 593 [1/1] (0.00ns)   --->   "%zext_ln135_20 = zext i12 %or_ln135_6" [cnn.cpp:135]   --->   Operation 593 'zext' 'zext_ln135_20' <Predicate = (!icmp_ln121)> <Delay = 0.00>
ST_4 : Operation 594 [1/1] (0.00ns)   --->   "%layer1_pool_addr_25 = getelementptr i32 %layer1_pool, i64 0, i64 %zext_ln135_20" [cnn.cpp:135]   --->   Operation 594 'getelementptr' 'layer1_pool_addr_25' <Predicate = (!icmp_ln121)> <Delay = 0.00>
ST_4 : Operation 595 [1/1] (0.00ns)   --->   "%or_ln135_7 = or i12 %tmp_25, i12 2" [cnn.cpp:135]   --->   Operation 595 'or' 'or_ln135_7' <Predicate = (!icmp_ln121)> <Delay = 0.00>
ST_4 : Operation 596 [1/1] (0.00ns)   --->   "%zext_ln135_21 = zext i12 %or_ln135_7" [cnn.cpp:135]   --->   Operation 596 'zext' 'zext_ln135_21' <Predicate = (!icmp_ln121)> <Delay = 0.00>
ST_4 : Operation 597 [1/1] (0.00ns)   --->   "%layer1_pool_addr_26 = getelementptr i32 %layer1_pool, i64 0, i64 %zext_ln135_21" [cnn.cpp:135]   --->   Operation 597 'getelementptr' 'layer1_pool_addr_26' <Predicate = (!icmp_ln121)> <Delay = 0.00>
ST_4 : Operation 598 [1/1] (0.00ns)   --->   "%or_ln135_8 = or i12 %tmp_25, i12 3" [cnn.cpp:135]   --->   Operation 598 'or' 'or_ln135_8' <Predicate = (!icmp_ln121)> <Delay = 0.00>
ST_4 : Operation 599 [1/1] (0.00ns)   --->   "%zext_ln135_22 = zext i12 %or_ln135_8" [cnn.cpp:135]   --->   Operation 599 'zext' 'zext_ln135_22' <Predicate = (!icmp_ln121)> <Delay = 0.00>
ST_4 : Operation 600 [1/1] (0.00ns)   --->   "%layer1_pool_addr_27 = getelementptr i32 %layer1_pool, i64 0, i64 %zext_ln135_22" [cnn.cpp:135]   --->   Operation 600 'getelementptr' 'layer1_pool_addr_27' <Predicate = (!icmp_ln121)> <Delay = 0.00>
ST_4 : Operation 601 [2/2] (0.83ns) (root node of the DSP)   --->   "%add_ln139 = add i10 %mul_ln139, i10 %zext_ln135_7" [cnn.cpp:139]   --->   Operation 601 'add' 'add_ln139' <Predicate = (!icmp_ln121)> <Delay = 0.83> <CoreInst = "DSP48">   --->   Core 127 'DSP48' <Latency = 3> <II = 1> <Delay = 0.69> <IPBlock> <Opcode : 'mul' 'add' 'sub' 'select'> <InPorts = 0> <OutPorts = 1> <Sync> <CReg>
ST_4 : Operation 602 [3/4] (4.67ns)   --->   "%mul3 = fmul i32 %layer1_pool_load, i32 %conv2_w_load" [cnn.cpp:135]   --->   Operation 602 'fmul' 'mul3' <Predicate = (!icmp_ln121)> <Delay = 4.67> <CoreInst = "FMul_maxdsp">   --->   Core 30 'FMul_maxdsp' <Latency = 3> <II = 1> <Delay = 4.67> <FuncUnit> <Opcode : 'fmul'> <InPorts = 2> <OutPorts = 1>
ST_4 : Operation 603 [3/4] (4.67ns)   --->   "%mul3_0_0_1 = fmul i32 %layer1_pool_load_1, i32 %conv2_w_load_1" [cnn.cpp:135]   --->   Operation 603 'fmul' 'mul3_0_0_1' <Predicate = (!icmp_ln121)> <Delay = 4.67> <CoreInst = "FMul_maxdsp">   --->   Core 30 'FMul_maxdsp' <Latency = 3> <II = 1> <Delay = 4.67> <FuncUnit> <Opcode : 'fmul'> <InPorts = 2> <OutPorts = 1>
ST_4 : Operation 604 [3/4] (4.67ns)   --->   "%mul3_0_0_2 = fmul i32 %layer1_pool_load_2, i32 %conv2_w_load_2" [cnn.cpp:135]   --->   Operation 604 'fmul' 'mul3_0_0_2' <Predicate = (!icmp_ln121)> <Delay = 4.67> <CoreInst = "FMul_maxdsp">   --->   Core 30 'FMul_maxdsp' <Latency = 3> <II = 1> <Delay = 4.67> <FuncUnit> <Opcode : 'fmul'> <InPorts = 2> <OutPorts = 1>
ST_4 : Operation 605 [3/4] (4.67ns)   --->   "%mul3_0_0_3 = fmul i32 %layer1_pool_load_3, i32 %conv2_w_load_3" [cnn.cpp:135]   --->   Operation 605 'fmul' 'mul3_0_0_3' <Predicate = (!icmp_ln121)> <Delay = 4.67> <CoreInst = "FMul_maxdsp">   --->   Core 30 'FMul_maxdsp' <Latency = 3> <II = 1> <Delay = 4.67> <FuncUnit> <Opcode : 'fmul'> <InPorts = 2> <OutPorts = 1>
ST_4 : Operation 606 [1/1] (0.00ns)   --->   "%trunc_ln135_5 = trunc i62 %sub_ln135_2" [cnn.cpp:135]   --->   Operation 606 'trunc' 'trunc_ln135_5' <Predicate = (!icmp_ln121)> <Delay = 0.00>
ST_4 : Operation 607 [1/1] (0.00ns)   --->   "%zext_ln135_33 = zext i5 %empty_34" [cnn.cpp:135]   --->   Operation 607 'zext' 'zext_ln135_33' <Predicate = (!icmp_ln121)> <Delay = 0.00>
ST_4 : Operation 608 [1/1] (0.93ns)   --->   "%add_ln135_5 = add i10 %trunc_ln135_5, i10 %zext_ln135_33" [cnn.cpp:135]   --->   Operation 608 'add' 'add_ln135_5' <Predicate = (!icmp_ln121)> <Delay = 0.93> <CoreInst = "Adder">   --->   Core 1 'Adder' <Latency = 0> <II = 1> <Delay = 0.93> <FuncUnit> <Opcode : 'add' 'sub'> <InPorts = 2> <OutPorts = 1>
ST_4 : Operation 609 [1/1] (0.00ns)   --->   "%tmp_29 = bitconcatenate i12 @_ssdm_op_BitConcatenate.i12.i10.i2, i10 %add_ln135_5, i2 0" [cnn.cpp:135]   --->   Operation 609 'bitconcatenate' 'tmp_29' <Predicate = (!icmp_ln121)> <Delay = 0.00>
ST_4 : Operation 610 [1/1] (0.00ns)   --->   "%zext_ln135_34 = zext i12 %tmp_29" [cnn.cpp:135]   --->   Operation 610 'zext' 'zext_ln135_34' <Predicate = (!icmp_ln121)> <Delay = 0.00>
ST_4 : Operation 611 [1/1] (0.00ns)   --->   "%layer1_pool_addr_28 = getelementptr i32 %layer1_pool, i64 0, i64 %zext_ln135_34" [cnn.cpp:135]   --->   Operation 611 'getelementptr' 'layer1_pool_addr_28' <Predicate = (!icmp_ln121)> <Delay = 0.00>
ST_4 : Operation 612 [1/1] (0.00ns)   --->   "%or_ln135_15 = or i12 %tmp_29, i12 1" [cnn.cpp:135]   --->   Operation 612 'or' 'or_ln135_15' <Predicate = (!icmp_ln121)> <Delay = 0.00>
ST_4 : Operation 613 [1/1] (0.00ns)   --->   "%zext_ln135_35 = zext i12 %or_ln135_15" [cnn.cpp:135]   --->   Operation 613 'zext' 'zext_ln135_35' <Predicate = (!icmp_ln121)> <Delay = 0.00>
ST_4 : Operation 614 [1/1] (0.00ns)   --->   "%layer1_pool_addr_29 = getelementptr i32 %layer1_pool, i64 0, i64 %zext_ln135_35" [cnn.cpp:135]   --->   Operation 614 'getelementptr' 'layer1_pool_addr_29' <Predicate = (!icmp_ln121)> <Delay = 0.00>
ST_4 : Operation 615 [1/1] (0.00ns)   --->   "%or_ln135_16 = or i12 %tmp_29, i12 2" [cnn.cpp:135]   --->   Operation 615 'or' 'or_ln135_16' <Predicate = (!icmp_ln121)> <Delay = 0.00>
ST_4 : Operation 616 [1/1] (0.00ns)   --->   "%zext_ln135_36 = zext i12 %or_ln135_16" [cnn.cpp:135]   --->   Operation 616 'zext' 'zext_ln135_36' <Predicate = (!icmp_ln121)> <Delay = 0.00>
ST_4 : Operation 617 [1/1] (0.00ns)   --->   "%layer1_pool_addr_30 = getelementptr i32 %layer1_pool, i64 0, i64 %zext_ln135_36" [cnn.cpp:135]   --->   Operation 617 'getelementptr' 'layer1_pool_addr_30' <Predicate = (!icmp_ln121)> <Delay = 0.00>
ST_4 : Operation 618 [1/1] (0.00ns)   --->   "%or_ln135_17 = or i12 %tmp_29, i12 3" [cnn.cpp:135]   --->   Operation 618 'or' 'or_ln135_17' <Predicate = (!icmp_ln121)> <Delay = 0.00>
ST_4 : Operation 619 [1/1] (0.00ns)   --->   "%zext_ln135_37 = zext i12 %or_ln135_17" [cnn.cpp:135]   --->   Operation 619 'zext' 'zext_ln135_37' <Predicate = (!icmp_ln121)> <Delay = 0.00>
ST_4 : Operation 620 [1/1] (0.00ns)   --->   "%layer1_pool_addr_31 = getelementptr i32 %layer1_pool, i64 0, i64 %zext_ln135_37" [cnn.cpp:135]   --->   Operation 620 'getelementptr' 'layer1_pool_addr_31' <Predicate = (!icmp_ln121)> <Delay = 0.00>
ST_4 : Operation 621 [3/4] (4.67ns)   --->   "%mul3_0_1 = fmul i32 %layer1_pool_load_4, i32 %conv2_w_load_4" [cnn.cpp:135]   --->   Operation 621 'fmul' 'mul3_0_1' <Predicate = (!icmp_ln121)> <Delay = 4.67> <CoreInst = "FMul_maxdsp">   --->   Core 30 'FMul_maxdsp' <Latency = 3> <II = 1> <Delay = 4.67> <FuncUnit> <Opcode : 'fmul'> <InPorts = 2> <OutPorts = 1>
ST_4 : Operation 622 [3/4] (4.67ns)   --->   "%mul3_0_1_1 = fmul i32 %layer1_pool_load_5, i32 %conv2_w_load_5" [cnn.cpp:135]   --->   Operation 622 'fmul' 'mul3_0_1_1' <Predicate = (!icmp_ln121)> <Delay = 4.67> <CoreInst = "FMul_maxdsp">   --->   Core 30 'FMul_maxdsp' <Latency = 3> <II = 1> <Delay = 4.67> <FuncUnit> <Opcode : 'fmul'> <InPorts = 2> <OutPorts = 1>
ST_4 : Operation 623 [3/4] (4.67ns)   --->   "%mul3_0_1_2 = fmul i32 %layer1_pool_load_6, i32 %conv2_w_load_6" [cnn.cpp:135]   --->   Operation 623 'fmul' 'mul3_0_1_2' <Predicate = (!icmp_ln121)> <Delay = 4.67> <CoreInst = "FMul_maxdsp">   --->   Core 30 'FMul_maxdsp' <Latency = 3> <II = 1> <Delay = 4.67> <FuncUnit> <Opcode : 'fmul'> <InPorts = 2> <OutPorts = 1>
ST_4 : Operation 624 [3/4] (4.67ns)   --->   "%mul3_0_1_3 = fmul i32 %layer1_pool_load_7, i32 %conv2_w_load_7" [cnn.cpp:135]   --->   Operation 624 'fmul' 'mul3_0_1_3' <Predicate = (!icmp_ln121)> <Delay = 4.67> <CoreInst = "FMul_maxdsp">   --->   Core 30 'FMul_maxdsp' <Latency = 3> <II = 1> <Delay = 4.67> <FuncUnit> <Opcode : 'fmul'> <InPorts = 2> <OutPorts = 1>
ST_4 : Operation 625 [1/1] (0.00ns)   --->   "%trunc_ln135_8 = trunc i62 %sub_ln135_2" [cnn.cpp:135]   --->   Operation 625 'trunc' 'trunc_ln135_8' <Predicate = (!icmp_ln121)> <Delay = 0.00>
ST_4 : Operation 626 [1/1] (0.00ns)   --->   "%zext_ln135_48 = zext i5 %empty_35" [cnn.cpp:135]   --->   Operation 626 'zext' 'zext_ln135_48' <Predicate = (!icmp_ln121)> <Delay = 0.00>
ST_4 : Operation 627 [1/1] (0.93ns)   --->   "%add_ln135_8 = add i10 %trunc_ln135_8, i10 %zext_ln135_48" [cnn.cpp:135]   --->   Operation 627 'add' 'add_ln135_8' <Predicate = (!icmp_ln121)> <Delay = 0.93> <CoreInst = "Adder">   --->   Core 1 'Adder' <Latency = 0> <II = 1> <Delay = 0.93> <FuncUnit> <Opcode : 'add' 'sub'> <InPorts = 2> <OutPorts = 1>
ST_4 : Operation 628 [1/1] (0.00ns)   --->   "%tmp_32 = bitconcatenate i12 @_ssdm_op_BitConcatenate.i12.i10.i2, i10 %add_ln135_8, i2 0" [cnn.cpp:135]   --->   Operation 628 'bitconcatenate' 'tmp_32' <Predicate = (!icmp_ln121)> <Delay = 0.00>
ST_4 : Operation 629 [1/1] (0.00ns)   --->   "%zext_ln135_49 = zext i12 %tmp_32" [cnn.cpp:135]   --->   Operation 629 'zext' 'zext_ln135_49' <Predicate = (!icmp_ln121)> <Delay = 0.00>
ST_4 : Operation 630 [1/1] (0.00ns)   --->   "%layer1_pool_addr_32 = getelementptr i32 %layer1_pool, i64 0, i64 %zext_ln135_49" [cnn.cpp:135]   --->   Operation 630 'getelementptr' 'layer1_pool_addr_32' <Predicate = (!icmp_ln121)> <Delay = 0.00>
ST_4 : Operation 631 [1/1] (0.00ns)   --->   "%or_ln135_24 = or i12 %tmp_32, i12 1" [cnn.cpp:135]   --->   Operation 631 'or' 'or_ln135_24' <Predicate = (!icmp_ln121)> <Delay = 0.00>
ST_4 : Operation 632 [1/1] (0.00ns)   --->   "%zext_ln135_50 = zext i12 %or_ln135_24" [cnn.cpp:135]   --->   Operation 632 'zext' 'zext_ln135_50' <Predicate = (!icmp_ln121)> <Delay = 0.00>
ST_4 : Operation 633 [1/1] (0.00ns)   --->   "%layer1_pool_addr_33 = getelementptr i32 %layer1_pool, i64 0, i64 %zext_ln135_50" [cnn.cpp:135]   --->   Operation 633 'getelementptr' 'layer1_pool_addr_33' <Predicate = (!icmp_ln121)> <Delay = 0.00>
ST_4 : Operation 634 [1/1] (0.00ns)   --->   "%or_ln135_25 = or i12 %tmp_32, i12 2" [cnn.cpp:135]   --->   Operation 634 'or' 'or_ln135_25' <Predicate = (!icmp_ln121)> <Delay = 0.00>
ST_4 : Operation 635 [1/1] (0.00ns)   --->   "%zext_ln135_51 = zext i12 %or_ln135_25" [cnn.cpp:135]   --->   Operation 635 'zext' 'zext_ln135_51' <Predicate = (!icmp_ln121)> <Delay = 0.00>
ST_4 : Operation 636 [1/1] (0.00ns)   --->   "%layer1_pool_addr_34 = getelementptr i32 %layer1_pool, i64 0, i64 %zext_ln135_51" [cnn.cpp:135]   --->   Operation 636 'getelementptr' 'layer1_pool_addr_34' <Predicate = (!icmp_ln121)> <Delay = 0.00>
ST_4 : Operation 637 [1/1] (0.00ns)   --->   "%or_ln135_26 = or i12 %tmp_32, i12 3" [cnn.cpp:135]   --->   Operation 637 'or' 'or_ln135_26' <Predicate = (!icmp_ln121)> <Delay = 0.00>
ST_4 : Operation 638 [1/1] (0.00ns)   --->   "%zext_ln135_52 = zext i12 %or_ln135_26" [cnn.cpp:135]   --->   Operation 638 'zext' 'zext_ln135_52' <Predicate = (!icmp_ln121)> <Delay = 0.00>
ST_4 : Operation 639 [1/1] (0.00ns)   --->   "%layer1_pool_addr_35 = getelementptr i32 %layer1_pool, i64 0, i64 %zext_ln135_52" [cnn.cpp:135]   --->   Operation 639 'getelementptr' 'layer1_pool_addr_35' <Predicate = (!icmp_ln121)> <Delay = 0.00>
ST_4 : Operation 640 [3/4] (4.67ns)   --->   "%mul3_0_2 = fmul i32 %layer1_pool_load_8, i32 %conv2_w_load_8" [cnn.cpp:135]   --->   Operation 640 'fmul' 'mul3_0_2' <Predicate = (!icmp_ln121)> <Delay = 4.67> <CoreInst = "FMul_maxdsp">   --->   Core 30 'FMul_maxdsp' <Latency = 3> <II = 1> <Delay = 4.67> <FuncUnit> <Opcode : 'fmul'> <InPorts = 2> <OutPorts = 1>
ST_4 : Operation 641 [3/4] (4.67ns)   --->   "%mul3_0_2_1 = fmul i32 %layer1_pool_load_9, i32 %conv2_w_load_9" [cnn.cpp:135]   --->   Operation 641 'fmul' 'mul3_0_2_1' <Predicate = (!icmp_ln121)> <Delay = 4.67> <CoreInst = "FMul_maxdsp">   --->   Core 30 'FMul_maxdsp' <Latency = 3> <II = 1> <Delay = 4.67> <FuncUnit> <Opcode : 'fmul'> <InPorts = 2> <OutPorts = 1>
ST_4 : Operation 642 [3/4] (4.67ns)   --->   "%mul3_0_2_2 = fmul i32 %layer1_pool_load_10, i32 %conv2_w_load_10" [cnn.cpp:135]   --->   Operation 642 'fmul' 'mul3_0_2_2' <Predicate = (!icmp_ln121)> <Delay = 4.67> <CoreInst = "FMul_maxdsp">   --->   Core 30 'FMul_maxdsp' <Latency = 3> <II = 1> <Delay = 4.67> <FuncUnit> <Opcode : 'fmul'> <InPorts = 2> <OutPorts = 1>
ST_4 : Operation 643 [3/4] (4.67ns)   --->   "%mul3_0_2_3 = fmul i32 %layer1_pool_load_11, i32 %conv2_w_load_11" [cnn.cpp:135]   --->   Operation 643 'fmul' 'mul3_0_2_3' <Predicate = (!icmp_ln121)> <Delay = 4.67> <CoreInst = "FMul_maxdsp">   --->   Core 30 'FMul_maxdsp' <Latency = 3> <II = 1> <Delay = 4.67> <FuncUnit> <Opcode : 'fmul'> <InPorts = 2> <OutPorts = 1>
ST_4 : Operation 644 [1/2] (1.35ns)   --->   "%layer1_pool_load_12 = load i12 %layer1_pool_addr_4" [cnn.cpp:135]   --->   Operation 644 'load' 'layer1_pool_load_12' <Predicate = (!icmp_ln121)> <Delay = 1.35> <CoreInst = "RAM_1WnR">   --->   Core 84 'RAM_1WnR' <Latency = 1> <II = 1> <Delay = 1.35> <Storage> <Opcode : 'load' 'store'> <Ports = 17> <Width = 32> <Depth = 3844> <RAM>
ST_4 : Operation 645 [4/4] (4.67ns)   --->   "%mul3_1 = fmul i32 %layer1_pool_load_12, i32 %conv2_w_load_12" [cnn.cpp:135]   --->   Operation 645 'fmul' 'mul3_1' <Predicate = (!icmp_ln121)> <Delay = 4.67> <CoreInst = "FMul_maxdsp">   --->   Core 30 'FMul_maxdsp' <Latency = 3> <II = 1> <Delay = 4.67> <FuncUnit> <Opcode : 'fmul'> <InPorts = 2> <OutPorts = 1>
ST_4 : Operation 646 [1/2] (1.35ns)   --->   "%layer1_pool_load_13 = load i12 %layer1_pool_addr_13" [cnn.cpp:135]   --->   Operation 646 'load' 'layer1_pool_load_13' <Predicate = (!icmp_ln121)> <Delay = 1.35> <CoreInst = "RAM_1WnR">   --->   Core 84 'RAM_1WnR' <Latency = 1> <II = 1> <Delay = 1.35> <Storage> <Opcode : 'load' 'store'> <Ports = 17> <Width = 32> <Depth = 3844> <RAM>
ST_4 : Operation 647 [4/4] (4.67ns)   --->   "%mul3_1_0_1 = fmul i32 %layer1_pool_load_13, i32 %conv2_w_load_13" [cnn.cpp:135]   --->   Operation 647 'fmul' 'mul3_1_0_1' <Predicate = (!icmp_ln121)> <Delay = 4.67> <CoreInst = "FMul_maxdsp">   --->   Core 30 'FMul_maxdsp' <Latency = 3> <II = 1> <Delay = 4.67> <FuncUnit> <Opcode : 'fmul'> <InPorts = 2> <OutPorts = 1>
ST_4 : Operation 648 [1/2] (1.35ns)   --->   "%layer1_pool_load_14 = load i12 %layer1_pool_addr_14" [cnn.cpp:135]   --->   Operation 648 'load' 'layer1_pool_load_14' <Predicate = (!icmp_ln121)> <Delay = 1.35> <CoreInst = "RAM_1WnR">   --->   Core 84 'RAM_1WnR' <Latency = 1> <II = 1> <Delay = 1.35> <Storage> <Opcode : 'load' 'store'> <Ports = 17> <Width = 32> <Depth = 3844> <RAM>
ST_4 : Operation 649 [4/4] (4.67ns)   --->   "%mul3_1_0_2 = fmul i32 %layer1_pool_load_14, i32 %conv2_w_load_14" [cnn.cpp:135]   --->   Operation 649 'fmul' 'mul3_1_0_2' <Predicate = (!icmp_ln121)> <Delay = 4.67> <CoreInst = "FMul_maxdsp">   --->   Core 30 'FMul_maxdsp' <Latency = 3> <II = 1> <Delay = 4.67> <FuncUnit> <Opcode : 'fmul'> <InPorts = 2> <OutPorts = 1>
ST_4 : Operation 650 [1/2] (1.35ns)   --->   "%layer1_pool_load_15 = load i12 %layer1_pool_addr_15" [cnn.cpp:135]   --->   Operation 650 'load' 'layer1_pool_load_15' <Predicate = (!icmp_ln121)> <Delay = 1.35> <CoreInst = "RAM_1WnR">   --->   Core 84 'RAM_1WnR' <Latency = 1> <II = 1> <Delay = 1.35> <Storage> <Opcode : 'load' 'store'> <Ports = 17> <Width = 32> <Depth = 3844> <RAM>
ST_4 : Operation 651 [4/4] (4.67ns)   --->   "%mul3_1_0_3 = fmul i32 %layer1_pool_load_15, i32 %conv2_w_load_15" [cnn.cpp:135]   --->   Operation 651 'fmul' 'mul3_1_0_3' <Predicate = (!icmp_ln121)> <Delay = 4.67> <CoreInst = "FMul_maxdsp">   --->   Core 30 'FMul_maxdsp' <Latency = 3> <II = 1> <Delay = 4.67> <FuncUnit> <Opcode : 'fmul'> <InPorts = 2> <OutPorts = 1>
ST_4 : Operation 652 [1/2] (1.35ns)   --->   "%layer1_pool_load_16 = load i12 %layer1_pool_addr_17" [cnn.cpp:135]   --->   Operation 652 'load' 'layer1_pool_load_16' <Predicate = (!icmp_ln121)> <Delay = 1.35> <CoreInst = "RAM_1WnR">   --->   Core 84 'RAM_1WnR' <Latency = 1> <II = 1> <Delay = 1.35> <Storage> <Opcode : 'load' 'store'> <Ports = 17> <Width = 32> <Depth = 3844> <RAM>
ST_4 : Operation 653 [4/4] (4.67ns)   --->   "%mul3_1_1 = fmul i32 %layer1_pool_load_16, i32 %conv2_w_load_16" [cnn.cpp:135]   --->   Operation 653 'fmul' 'mul3_1_1' <Predicate = (!icmp_ln121)> <Delay = 4.67> <CoreInst = "FMul_maxdsp">   --->   Core 30 'FMul_maxdsp' <Latency = 3> <II = 1> <Delay = 4.67> <FuncUnit> <Opcode : 'fmul'> <InPorts = 2> <OutPorts = 1>
ST_4 : Operation 654 [1/2] (1.35ns)   --->   "%layer1_pool_load_17 = load i12 %layer1_pool_addr_18" [cnn.cpp:135]   --->   Operation 654 'load' 'layer1_pool_load_17' <Predicate = (!icmp_ln121)> <Delay = 1.35> <CoreInst = "RAM_1WnR">   --->   Core 84 'RAM_1WnR' <Latency = 1> <II = 1> <Delay = 1.35> <Storage> <Opcode : 'load' 'store'> <Ports = 17> <Width = 32> <Depth = 3844> <RAM>
ST_4 : Operation 655 [4/4] (4.67ns)   --->   "%mul3_1_1_1 = fmul i32 %layer1_pool_load_17, i32 %conv2_w_load_17" [cnn.cpp:135]   --->   Operation 655 'fmul' 'mul3_1_1_1' <Predicate = (!icmp_ln121)> <Delay = 4.67> <CoreInst = "FMul_maxdsp">   --->   Core 30 'FMul_maxdsp' <Latency = 3> <II = 1> <Delay = 4.67> <FuncUnit> <Opcode : 'fmul'> <InPorts = 2> <OutPorts = 1>
ST_4 : Operation 656 [1/2] (1.35ns)   --->   "%layer1_pool_load_18 = load i12 %layer1_pool_addr_19" [cnn.cpp:135]   --->   Operation 656 'load' 'layer1_pool_load_18' <Predicate = (!icmp_ln121)> <Delay = 1.35> <CoreInst = "RAM_1WnR">   --->   Core 84 'RAM_1WnR' <Latency = 1> <II = 1> <Delay = 1.35> <Storage> <Opcode : 'load' 'store'> <Ports = 17> <Width = 32> <Depth = 3844> <RAM>
ST_4 : Operation 657 [4/4] (4.67ns)   --->   "%mul3_1_1_2 = fmul i32 %layer1_pool_load_18, i32 %conv2_w_load_18" [cnn.cpp:135]   --->   Operation 657 'fmul' 'mul3_1_1_2' <Predicate = (!icmp_ln121)> <Delay = 4.67> <CoreInst = "FMul_maxdsp">   --->   Core 30 'FMul_maxdsp' <Latency = 3> <II = 1> <Delay = 4.67> <FuncUnit> <Opcode : 'fmul'> <InPorts = 2> <OutPorts = 1>
ST_4 : Operation 658 [1/2] (1.35ns)   --->   "%layer1_pool_load_19 = load i12 %layer1_pool_addr_20" [cnn.cpp:135]   --->   Operation 658 'load' 'layer1_pool_load_19' <Predicate = (!icmp_ln121)> <Delay = 1.35> <CoreInst = "RAM_1WnR">   --->   Core 84 'RAM_1WnR' <Latency = 1> <II = 1> <Delay = 1.35> <Storage> <Opcode : 'load' 'store'> <Ports = 17> <Width = 32> <Depth = 3844> <RAM>
ST_4 : Operation 659 [4/4] (4.67ns)   --->   "%mul3_1_1_3 = fmul i32 %layer1_pool_load_19, i32 %conv2_w_load_19" [cnn.cpp:135]   --->   Operation 659 'fmul' 'mul3_1_1_3' <Predicate = (!icmp_ln121)> <Delay = 4.67> <CoreInst = "FMul_maxdsp">   --->   Core 30 'FMul_maxdsp' <Latency = 3> <II = 1> <Delay = 4.67> <FuncUnit> <Opcode : 'fmul'> <InPorts = 2> <OutPorts = 1>
ST_4 : Operation 660 [1/2] (1.35ns)   --->   "%layer1_pool_load_20 = load i12 %layer1_pool_addr_21" [cnn.cpp:135]   --->   Operation 660 'load' 'layer1_pool_load_20' <Predicate = (!icmp_ln121)> <Delay = 1.35> <CoreInst = "RAM_1WnR">   --->   Core 84 'RAM_1WnR' <Latency = 1> <II = 1> <Delay = 1.35> <Storage> <Opcode : 'load' 'store'> <Ports = 17> <Width = 32> <Depth = 3844> <RAM>
ST_4 : Operation 661 [4/4] (4.67ns)   --->   "%mul3_1_2 = fmul i32 %layer1_pool_load_20, i32 %conv2_w_load_20" [cnn.cpp:135]   --->   Operation 661 'fmul' 'mul3_1_2' <Predicate = (!icmp_ln121)> <Delay = 4.67> <CoreInst = "FMul_maxdsp">   --->   Core 30 'FMul_maxdsp' <Latency = 3> <II = 1> <Delay = 4.67> <FuncUnit> <Opcode : 'fmul'> <InPorts = 2> <OutPorts = 1>
ST_4 : Operation 662 [1/2] (1.35ns)   --->   "%layer1_pool_load_21 = load i12 %layer1_pool_addr_22" [cnn.cpp:135]   --->   Operation 662 'load' 'layer1_pool_load_21' <Predicate = (!icmp_ln121)> <Delay = 1.35> <CoreInst = "RAM_1WnR">   --->   Core 84 'RAM_1WnR' <Latency = 1> <II = 1> <Delay = 1.35> <Storage> <Opcode : 'load' 'store'> <Ports = 17> <Width = 32> <Depth = 3844> <RAM>
ST_4 : Operation 663 [4/4] (4.67ns)   --->   "%mul3_1_2_1 = fmul i32 %layer1_pool_load_21, i32 %conv2_w_load_21" [cnn.cpp:135]   --->   Operation 663 'fmul' 'mul3_1_2_1' <Predicate = (!icmp_ln121)> <Delay = 4.67> <CoreInst = "FMul_maxdsp">   --->   Core 30 'FMul_maxdsp' <Latency = 3> <II = 1> <Delay = 4.67> <FuncUnit> <Opcode : 'fmul'> <InPorts = 2> <OutPorts = 1>
ST_4 : Operation 664 [1/2] (1.35ns)   --->   "%layer1_pool_load_22 = load i12 %layer1_pool_addr_23" [cnn.cpp:135]   --->   Operation 664 'load' 'layer1_pool_load_22' <Predicate = (!icmp_ln121)> <Delay = 1.35> <CoreInst = "RAM_1WnR">   --->   Core 84 'RAM_1WnR' <Latency = 1> <II = 1> <Delay = 1.35> <Storage> <Opcode : 'load' 'store'> <Ports = 17> <Width = 32> <Depth = 3844> <RAM>
ST_4 : Operation 665 [4/4] (4.67ns)   --->   "%mul3_1_2_2 = fmul i32 %layer1_pool_load_22, i32 %conv2_w_load_22" [cnn.cpp:135]   --->   Operation 665 'fmul' 'mul3_1_2_2' <Predicate = (!icmp_ln121)> <Delay = 4.67> <CoreInst = "FMul_maxdsp">   --->   Core 30 'FMul_maxdsp' <Latency = 3> <II = 1> <Delay = 4.67> <FuncUnit> <Opcode : 'fmul'> <InPorts = 2> <OutPorts = 1>
ST_4 : Operation 666 [1/2] (1.35ns)   --->   "%layer1_pool_load_23 = load i12 %layer1_pool_addr_24" [cnn.cpp:135]   --->   Operation 666 'load' 'layer1_pool_load_23' <Predicate = (!icmp_ln121)> <Delay = 1.35> <CoreInst = "RAM_1WnR">   --->   Core 84 'RAM_1WnR' <Latency = 1> <II = 1> <Delay = 1.35> <Storage> <Opcode : 'load' 'store'> <Ports = 17> <Width = 32> <Depth = 3844> <RAM>
ST_4 : Operation 667 [4/4] (4.67ns)   --->   "%mul3_1_2_3 = fmul i32 %layer1_pool_load_23, i32 %conv2_w_load_23" [cnn.cpp:135]   --->   Operation 667 'fmul' 'mul3_1_2_3' <Predicate = (!icmp_ln121)> <Delay = 4.67> <CoreInst = "FMul_maxdsp">   --->   Core 30 'FMul_maxdsp' <Latency = 3> <II = 1> <Delay = 4.67> <FuncUnit> <Opcode : 'fmul'> <InPorts = 2> <OutPorts = 1>
ST_4 : Operation 668 [2/2] (1.35ns)   --->   "%layer1_pool_load_24 = load i12 %layer1_pool_addr_16" [cnn.cpp:135]   --->   Operation 668 'load' 'layer1_pool_load_24' <Predicate = (!icmp_ln121)> <Delay = 1.35> <CoreInst = "RAM_1WnR">   --->   Core 84 'RAM_1WnR' <Latency = 1> <II = 1> <Delay = 1.35> <Storage> <Opcode : 'load' 'store'> <Ports = 17> <Width = 32> <Depth = 3844> <RAM>
ST_4 : Operation 669 [2/2] (1.35ns)   --->   "%layer1_pool_load_25 = load i12 %layer1_pool_addr_25" [cnn.cpp:135]   --->   Operation 669 'load' 'layer1_pool_load_25' <Predicate = (!icmp_ln121)> <Delay = 1.35> <CoreInst = "RAM_1WnR">   --->   Core 84 'RAM_1WnR' <Latency = 1> <II = 1> <Delay = 1.35> <Storage> <Opcode : 'load' 'store'> <Ports = 17> <Width = 32> <Depth = 3844> <RAM>
ST_4 : Operation 670 [2/2] (1.35ns)   --->   "%layer1_pool_load_26 = load i12 %layer1_pool_addr_26" [cnn.cpp:135]   --->   Operation 670 'load' 'layer1_pool_load_26' <Predicate = (!icmp_ln121)> <Delay = 1.35> <CoreInst = "RAM_1WnR">   --->   Core 84 'RAM_1WnR' <Latency = 1> <II = 1> <Delay = 1.35> <Storage> <Opcode : 'load' 'store'> <Ports = 17> <Width = 32> <Depth = 3844> <RAM>
ST_4 : Operation 671 [2/2] (1.35ns)   --->   "%layer1_pool_load_27 = load i12 %layer1_pool_addr_27" [cnn.cpp:135]   --->   Operation 671 'load' 'layer1_pool_load_27' <Predicate = (!icmp_ln121)> <Delay = 1.35> <CoreInst = "RAM_1WnR">   --->   Core 84 'RAM_1WnR' <Latency = 1> <II = 1> <Delay = 1.35> <Storage> <Opcode : 'load' 'store'> <Ports = 17> <Width = 32> <Depth = 3844> <RAM>
ST_4 : Operation 672 [2/2] (1.35ns)   --->   "%layer1_pool_load_28 = load i12 %layer1_pool_addr_28" [cnn.cpp:135]   --->   Operation 672 'load' 'layer1_pool_load_28' <Predicate = (!icmp_ln121)> <Delay = 1.35> <CoreInst = "RAM_1WnR">   --->   Core 84 'RAM_1WnR' <Latency = 1> <II = 1> <Delay = 1.35> <Storage> <Opcode : 'load' 'store'> <Ports = 17> <Width = 32> <Depth = 3844> <RAM>
ST_4 : Operation 673 [2/2] (1.35ns)   --->   "%layer1_pool_load_29 = load i12 %layer1_pool_addr_29" [cnn.cpp:135]   --->   Operation 673 'load' 'layer1_pool_load_29' <Predicate = (!icmp_ln121)> <Delay = 1.35> <CoreInst = "RAM_1WnR">   --->   Core 84 'RAM_1WnR' <Latency = 1> <II = 1> <Delay = 1.35> <Storage> <Opcode : 'load' 'store'> <Ports = 17> <Width = 32> <Depth = 3844> <RAM>
ST_4 : Operation 674 [2/2] (1.35ns)   --->   "%layer1_pool_load_30 = load i12 %layer1_pool_addr_30" [cnn.cpp:135]   --->   Operation 674 'load' 'layer1_pool_load_30' <Predicate = (!icmp_ln121)> <Delay = 1.35> <CoreInst = "RAM_1WnR">   --->   Core 84 'RAM_1WnR' <Latency = 1> <II = 1> <Delay = 1.35> <Storage> <Opcode : 'load' 'store'> <Ports = 17> <Width = 32> <Depth = 3844> <RAM>
ST_4 : Operation 675 [2/2] (1.35ns)   --->   "%layer1_pool_load_31 = load i12 %layer1_pool_addr_31" [cnn.cpp:135]   --->   Operation 675 'load' 'layer1_pool_load_31' <Predicate = (!icmp_ln121)> <Delay = 1.35> <CoreInst = "RAM_1WnR">   --->   Core 84 'RAM_1WnR' <Latency = 1> <II = 1> <Delay = 1.35> <Storage> <Opcode : 'load' 'store'> <Ports = 17> <Width = 32> <Depth = 3844> <RAM>
ST_4 : Operation 676 [2/2] (1.35ns)   --->   "%layer1_pool_load_32 = load i12 %layer1_pool_addr_32" [cnn.cpp:135]   --->   Operation 676 'load' 'layer1_pool_load_32' <Predicate = (!icmp_ln121)> <Delay = 1.35> <CoreInst = "RAM_1WnR">   --->   Core 84 'RAM_1WnR' <Latency = 1> <II = 1> <Delay = 1.35> <Storage> <Opcode : 'load' 'store'> <Ports = 17> <Width = 32> <Depth = 3844> <RAM>
ST_4 : Operation 677 [2/2] (1.35ns)   --->   "%layer1_pool_load_33 = load i12 %layer1_pool_addr_33" [cnn.cpp:135]   --->   Operation 677 'load' 'layer1_pool_load_33' <Predicate = (!icmp_ln121)> <Delay = 1.35> <CoreInst = "RAM_1WnR">   --->   Core 84 'RAM_1WnR' <Latency = 1> <II = 1> <Delay = 1.35> <Storage> <Opcode : 'load' 'store'> <Ports = 17> <Width = 32> <Depth = 3844> <RAM>
ST_4 : Operation 678 [2/2] (1.35ns)   --->   "%layer1_pool_load_34 = load i12 %layer1_pool_addr_34" [cnn.cpp:135]   --->   Operation 678 'load' 'layer1_pool_load_34' <Predicate = (!icmp_ln121)> <Delay = 1.35> <CoreInst = "RAM_1WnR">   --->   Core 84 'RAM_1WnR' <Latency = 1> <II = 1> <Delay = 1.35> <Storage> <Opcode : 'load' 'store'> <Ports = 17> <Width = 32> <Depth = 3844> <RAM>
ST_4 : Operation 679 [2/2] (1.35ns)   --->   "%layer1_pool_load_35 = load i12 %layer1_pool_addr_35" [cnn.cpp:135]   --->   Operation 679 'load' 'layer1_pool_load_35' <Predicate = (!icmp_ln121)> <Delay = 1.35> <CoreInst = "RAM_1WnR">   --->   Core 84 'RAM_1WnR' <Latency = 1> <II = 1> <Delay = 1.35> <Storage> <Opcode : 'load' 'store'> <Ports = 17> <Width = 32> <Depth = 3844> <RAM>

State 5 <SV = 4> <Delay = 6.02>
ST_5 : Operation 680 [1/1] (0.00ns)   --->   "%zext_ln121_1 = zext i4 %select_ln121_1" [cnn.cpp:121]   --->   Operation 680 'zext' 'zext_ln121_1' <Predicate = true> <Delay = 0.00>
ST_5 : Operation 681 [1/1] (0.00ns)   --->   "%conv2_b_addr = getelementptr i32 %conv2_b, i64 0, i64 %zext_ln121" [cnn.cpp:121]   --->   Operation 681 'getelementptr' 'conv2_b_addr' <Predicate = true> <Delay = 0.00>
ST_5 : Operation 682 [2/2] (0.79ns)   --->   "%conv2_b_load = load i3 %conv2_b_addr" [cnn.cpp:121]   --->   Operation 682 'load' 'conv2_b_load' <Predicate = true> <Delay = 0.79> <CoreInst = "ROM">   --->   Core 101 'ROM' <Latency = 1> <II = 1> <Delay = 0.79> <Storage> <Opcode : 'load'> <Ports = 0> <Width = 32> <Depth = 8> <ROM>
ST_5 : Operation 683 [1/2] (1.35ns)   --->   "%conv2_w_load_24 = load i9 %conv2_w_addr_24" [cnn.cpp:121]   --->   Operation 683 'load' 'conv2_w_load_24' <Predicate = true> <Delay = 1.35> <CoreInst = "ROM">   --->   Core 101 'ROM' <Latency = 1> <II = 1> <Delay = 1.35> <Storage> <Opcode : 'load'> <Ports = 0> <Width = 32> <Depth = 288> <ROM>
ST_5 : Operation 684 [1/2] (1.35ns)   --->   "%conv2_w_load_25 = load i9 %conv2_w_addr_25" [cnn.cpp:121]   --->   Operation 684 'load' 'conv2_w_load_25' <Predicate = true> <Delay = 1.35> <CoreInst = "ROM">   --->   Core 101 'ROM' <Latency = 1> <II = 1> <Delay = 1.35> <Storage> <Opcode : 'load'> <Ports = 0> <Width = 32> <Depth = 288> <ROM>
ST_5 : Operation 685 [1/2] (1.35ns)   --->   "%conv2_w_load_26 = load i9 %conv2_w_addr_26" [cnn.cpp:121]   --->   Operation 685 'load' 'conv2_w_load_26' <Predicate = true> <Delay = 1.35> <CoreInst = "ROM">   --->   Core 101 'ROM' <Latency = 1> <II = 1> <Delay = 1.35> <Storage> <Opcode : 'load'> <Ports = 0> <Width = 32> <Depth = 288> <ROM>
ST_5 : Operation 686 [1/2] (1.35ns)   --->   "%conv2_w_load_27 = load i9 %conv2_w_addr_27" [cnn.cpp:121]   --->   Operation 686 'load' 'conv2_w_load_27' <Predicate = true> <Delay = 1.35> <CoreInst = "ROM">   --->   Core 101 'ROM' <Latency = 1> <II = 1> <Delay = 1.35> <Storage> <Opcode : 'load'> <Ports = 0> <Width = 32> <Depth = 288> <ROM>
ST_5 : Operation 687 [1/2] (1.35ns)   --->   "%conv2_w_load_28 = load i9 %conv2_w_addr_28" [cnn.cpp:121]   --->   Operation 687 'load' 'conv2_w_load_28' <Predicate = true> <Delay = 1.35> <CoreInst = "ROM">   --->   Core 101 'ROM' <Latency = 1> <II = 1> <Delay = 1.35> <Storage> <Opcode : 'load'> <Ports = 0> <Width = 32> <Depth = 288> <ROM>
ST_5 : Operation 688 [1/2] (1.35ns)   --->   "%conv2_w_load_29 = load i9 %conv2_w_addr_29" [cnn.cpp:121]   --->   Operation 688 'load' 'conv2_w_load_29' <Predicate = true> <Delay = 1.35> <CoreInst = "ROM">   --->   Core 101 'ROM' <Latency = 1> <II = 1> <Delay = 1.35> <Storage> <Opcode : 'load'> <Ports = 0> <Width = 32> <Depth = 288> <ROM>
ST_5 : Operation 689 [1/2] (1.35ns)   --->   "%conv2_w_load_30 = load i9 %conv2_w_addr_30" [cnn.cpp:121]   --->   Operation 689 'load' 'conv2_w_load_30' <Predicate = true> <Delay = 1.35> <CoreInst = "ROM">   --->   Core 101 'ROM' <Latency = 1> <II = 1> <Delay = 1.35> <Storage> <Opcode : 'load'> <Ports = 0> <Width = 32> <Depth = 288> <ROM>
ST_5 : Operation 690 [1/2] (1.35ns)   --->   "%conv2_w_load_31 = load i9 %conv2_w_addr_31" [cnn.cpp:121]   --->   Operation 690 'load' 'conv2_w_load_31' <Predicate = true> <Delay = 1.35> <CoreInst = "ROM">   --->   Core 101 'ROM' <Latency = 1> <II = 1> <Delay = 1.35> <Storage> <Opcode : 'load'> <Ports = 0> <Width = 32> <Depth = 288> <ROM>
ST_5 : Operation 691 [1/2] (1.35ns)   --->   "%conv2_w_load_32 = load i9 %conv2_w_addr_32" [cnn.cpp:121]   --->   Operation 691 'load' 'conv2_w_load_32' <Predicate = true> <Delay = 1.35> <CoreInst = "ROM">   --->   Core 101 'ROM' <Latency = 1> <II = 1> <Delay = 1.35> <Storage> <Opcode : 'load'> <Ports = 0> <Width = 32> <Depth = 288> <ROM>
ST_5 : Operation 692 [1/2] (1.35ns)   --->   "%conv2_w_load_33 = load i9 %conv2_w_addr_33" [cnn.cpp:121]   --->   Operation 692 'load' 'conv2_w_load_33' <Predicate = true> <Delay = 1.35> <CoreInst = "ROM">   --->   Core 101 'ROM' <Latency = 1> <II = 1> <Delay = 1.35> <Storage> <Opcode : 'load'> <Ports = 0> <Width = 32> <Depth = 288> <ROM>
ST_5 : Operation 693 [1/2] (1.35ns)   --->   "%conv2_w_load_34 = load i9 %conv2_w_addr_34" [cnn.cpp:121]   --->   Operation 693 'load' 'conv2_w_load_34' <Predicate = true> <Delay = 1.35> <CoreInst = "ROM">   --->   Core 101 'ROM' <Latency = 1> <II = 1> <Delay = 1.35> <Storage> <Opcode : 'load'> <Ports = 0> <Width = 32> <Depth = 288> <ROM>
ST_5 : Operation 694 [1/2] (1.35ns)   --->   "%conv2_w_load_35 = load i9 %conv2_w_addr_35" [cnn.cpp:121]   --->   Operation 694 'load' 'conv2_w_load_35' <Predicate = true> <Delay = 1.35> <CoreInst = "ROM">   --->   Core 101 'ROM' <Latency = 1> <II = 1> <Delay = 1.35> <Storage> <Opcode : 'load'> <Ports = 0> <Width = 32> <Depth = 288> <ROM>
ST_5 : Operation 695 [1/2] (0.83ns) (root node of the DSP)   --->   "%add_ln139 = add i10 %mul_ln139, i10 %zext_ln135_7" [cnn.cpp:139]   --->   Operation 695 'add' 'add_ln139' <Predicate = true> <Delay = 0.83> <CoreInst = "DSP48">   --->   Core 127 'DSP48' <Latency = 3> <II = 1> <Delay = 0.69> <IPBlock> <Opcode : 'mul' 'add' 'sub' 'select'> <InPorts = 0> <OutPorts = 1> <Sync> <CReg>
ST_5 : Operation 696 [1/1] (0.00ns)   --->   "%tmp_26 = bitconcatenate i13 @_ssdm_op_BitConcatenate.i13.i10.i3, i10 %add_ln139, i3 0" [cnn.cpp:139]   --->   Operation 696 'bitconcatenate' 'tmp_26' <Predicate = true> <Delay = 0.00>
ST_5 : Operation 697 [1/1] (0.97ns)   --->   "%add_ln139_1 = add i13 %tmp_26, i13 %zext_ln121_1" [cnn.cpp:139]   --->   Operation 697 'add' 'add_ln139_1' <Predicate = true> <Delay = 0.97> <CoreInst = "Adder">   --->   Core 1 'Adder' <Latency = 0> <II = 1> <Delay = 0.97> <FuncUnit> <Opcode : 'add' 'sub'> <InPorts = 2> <OutPorts = 1>
ST_5 : Operation 698 [2/4] (4.67ns)   --->   "%mul3 = fmul i32 %layer1_pool_load, i32 %conv2_w_load" [cnn.cpp:135]   --->   Operation 698 'fmul' 'mul3' <Predicate = true> <Delay = 4.67> <CoreInst = "FMul_maxdsp">   --->   Core 30 'FMul_maxdsp' <Latency = 3> <II = 1> <Delay = 4.67> <FuncUnit> <Opcode : 'fmul'> <InPorts = 2> <OutPorts = 1>
ST_5 : Operation 699 [2/4] (4.67ns)   --->   "%mul3_0_0_1 = fmul i32 %layer1_pool_load_1, i32 %conv2_w_load_1" [cnn.cpp:135]   --->   Operation 699 'fmul' 'mul3_0_0_1' <Predicate = true> <Delay = 4.67> <CoreInst = "FMul_maxdsp">   --->   Core 30 'FMul_maxdsp' <Latency = 3> <II = 1> <Delay = 4.67> <FuncUnit> <Opcode : 'fmul'> <InPorts = 2> <OutPorts = 1>
ST_5 : Operation 700 [2/4] (4.67ns)   --->   "%mul3_0_0_2 = fmul i32 %layer1_pool_load_2, i32 %conv2_w_load_2" [cnn.cpp:135]   --->   Operation 700 'fmul' 'mul3_0_0_2' <Predicate = true> <Delay = 4.67> <CoreInst = "FMul_maxdsp">   --->   Core 30 'FMul_maxdsp' <Latency = 3> <II = 1> <Delay = 4.67> <FuncUnit> <Opcode : 'fmul'> <InPorts = 2> <OutPorts = 1>
ST_5 : Operation 701 [2/4] (4.67ns)   --->   "%mul3_0_0_3 = fmul i32 %layer1_pool_load_3, i32 %conv2_w_load_3" [cnn.cpp:135]   --->   Operation 701 'fmul' 'mul3_0_0_3' <Predicate = true> <Delay = 4.67> <CoreInst = "FMul_maxdsp">   --->   Core 30 'FMul_maxdsp' <Latency = 3> <II = 1> <Delay = 4.67> <FuncUnit> <Opcode : 'fmul'> <InPorts = 2> <OutPorts = 1>
ST_5 : Operation 702 [2/4] (4.67ns)   --->   "%mul3_0_1 = fmul i32 %layer1_pool_load_4, i32 %conv2_w_load_4" [cnn.cpp:135]   --->   Operation 702 'fmul' 'mul3_0_1' <Predicate = true> <Delay = 4.67> <CoreInst = "FMul_maxdsp">   --->   Core 30 'FMul_maxdsp' <Latency = 3> <II = 1> <Delay = 4.67> <FuncUnit> <Opcode : 'fmul'> <InPorts = 2> <OutPorts = 1>
ST_5 : Operation 703 [2/4] (4.67ns)   --->   "%mul3_0_1_1 = fmul i32 %layer1_pool_load_5, i32 %conv2_w_load_5" [cnn.cpp:135]   --->   Operation 703 'fmul' 'mul3_0_1_1' <Predicate = true> <Delay = 4.67> <CoreInst = "FMul_maxdsp">   --->   Core 30 'FMul_maxdsp' <Latency = 3> <II = 1> <Delay = 4.67> <FuncUnit> <Opcode : 'fmul'> <InPorts = 2> <OutPorts = 1>
ST_5 : Operation 704 [2/4] (4.67ns)   --->   "%mul3_0_1_2 = fmul i32 %layer1_pool_load_6, i32 %conv2_w_load_6" [cnn.cpp:135]   --->   Operation 704 'fmul' 'mul3_0_1_2' <Predicate = true> <Delay = 4.67> <CoreInst = "FMul_maxdsp">   --->   Core 30 'FMul_maxdsp' <Latency = 3> <II = 1> <Delay = 4.67> <FuncUnit> <Opcode : 'fmul'> <InPorts = 2> <OutPorts = 1>
ST_5 : Operation 705 [2/4] (4.67ns)   --->   "%mul3_0_1_3 = fmul i32 %layer1_pool_load_7, i32 %conv2_w_load_7" [cnn.cpp:135]   --->   Operation 705 'fmul' 'mul3_0_1_3' <Predicate = true> <Delay = 4.67> <CoreInst = "FMul_maxdsp">   --->   Core 30 'FMul_maxdsp' <Latency = 3> <II = 1> <Delay = 4.67> <FuncUnit> <Opcode : 'fmul'> <InPorts = 2> <OutPorts = 1>
ST_5 : Operation 706 [2/4] (4.67ns)   --->   "%mul3_0_2 = fmul i32 %layer1_pool_load_8, i32 %conv2_w_load_8" [cnn.cpp:135]   --->   Operation 706 'fmul' 'mul3_0_2' <Predicate = true> <Delay = 4.67> <CoreInst = "FMul_maxdsp">   --->   Core 30 'FMul_maxdsp' <Latency = 3> <II = 1> <Delay = 4.67> <FuncUnit> <Opcode : 'fmul'> <InPorts = 2> <OutPorts = 1>
ST_5 : Operation 707 [2/4] (4.67ns)   --->   "%mul3_0_2_1 = fmul i32 %layer1_pool_load_9, i32 %conv2_w_load_9" [cnn.cpp:135]   --->   Operation 707 'fmul' 'mul3_0_2_1' <Predicate = true> <Delay = 4.67> <CoreInst = "FMul_maxdsp">   --->   Core 30 'FMul_maxdsp' <Latency = 3> <II = 1> <Delay = 4.67> <FuncUnit> <Opcode : 'fmul'> <InPorts = 2> <OutPorts = 1>
ST_5 : Operation 708 [2/4] (4.67ns)   --->   "%mul3_0_2_2 = fmul i32 %layer1_pool_load_10, i32 %conv2_w_load_10" [cnn.cpp:135]   --->   Operation 708 'fmul' 'mul3_0_2_2' <Predicate = true> <Delay = 4.67> <CoreInst = "FMul_maxdsp">   --->   Core 30 'FMul_maxdsp' <Latency = 3> <II = 1> <Delay = 4.67> <FuncUnit> <Opcode : 'fmul'> <InPorts = 2> <OutPorts = 1>
ST_5 : Operation 709 [2/4] (4.67ns)   --->   "%mul3_0_2_3 = fmul i32 %layer1_pool_load_11, i32 %conv2_w_load_11" [cnn.cpp:135]   --->   Operation 709 'fmul' 'mul3_0_2_3' <Predicate = true> <Delay = 4.67> <CoreInst = "FMul_maxdsp">   --->   Core 30 'FMul_maxdsp' <Latency = 3> <II = 1> <Delay = 4.67> <FuncUnit> <Opcode : 'fmul'> <InPorts = 2> <OutPorts = 1>
ST_5 : Operation 710 [3/4] (4.67ns)   --->   "%mul3_1 = fmul i32 %layer1_pool_load_12, i32 %conv2_w_load_12" [cnn.cpp:135]   --->   Operation 710 'fmul' 'mul3_1' <Predicate = true> <Delay = 4.67> <CoreInst = "FMul_maxdsp">   --->   Core 30 'FMul_maxdsp' <Latency = 3> <II = 1> <Delay = 4.67> <FuncUnit> <Opcode : 'fmul'> <InPorts = 2> <OutPorts = 1>
ST_5 : Operation 711 [3/4] (4.67ns)   --->   "%mul3_1_0_1 = fmul i32 %layer1_pool_load_13, i32 %conv2_w_load_13" [cnn.cpp:135]   --->   Operation 711 'fmul' 'mul3_1_0_1' <Predicate = true> <Delay = 4.67> <CoreInst = "FMul_maxdsp">   --->   Core 30 'FMul_maxdsp' <Latency = 3> <II = 1> <Delay = 4.67> <FuncUnit> <Opcode : 'fmul'> <InPorts = 2> <OutPorts = 1>
ST_5 : Operation 712 [3/4] (4.67ns)   --->   "%mul3_1_0_2 = fmul i32 %layer1_pool_load_14, i32 %conv2_w_load_14" [cnn.cpp:135]   --->   Operation 712 'fmul' 'mul3_1_0_2' <Predicate = true> <Delay = 4.67> <CoreInst = "FMul_maxdsp">   --->   Core 30 'FMul_maxdsp' <Latency = 3> <II = 1> <Delay = 4.67> <FuncUnit> <Opcode : 'fmul'> <InPorts = 2> <OutPorts = 1>
ST_5 : Operation 713 [3/4] (4.67ns)   --->   "%mul3_1_0_3 = fmul i32 %layer1_pool_load_15, i32 %conv2_w_load_15" [cnn.cpp:135]   --->   Operation 713 'fmul' 'mul3_1_0_3' <Predicate = true> <Delay = 4.67> <CoreInst = "FMul_maxdsp">   --->   Core 30 'FMul_maxdsp' <Latency = 3> <II = 1> <Delay = 4.67> <FuncUnit> <Opcode : 'fmul'> <InPorts = 2> <OutPorts = 1>
ST_5 : Operation 714 [3/4] (4.67ns)   --->   "%mul3_1_1 = fmul i32 %layer1_pool_load_16, i32 %conv2_w_load_16" [cnn.cpp:135]   --->   Operation 714 'fmul' 'mul3_1_1' <Predicate = true> <Delay = 4.67> <CoreInst = "FMul_maxdsp">   --->   Core 30 'FMul_maxdsp' <Latency = 3> <II = 1> <Delay = 4.67> <FuncUnit> <Opcode : 'fmul'> <InPorts = 2> <OutPorts = 1>
ST_5 : Operation 715 [3/4] (4.67ns)   --->   "%mul3_1_1_1 = fmul i32 %layer1_pool_load_17, i32 %conv2_w_load_17" [cnn.cpp:135]   --->   Operation 715 'fmul' 'mul3_1_1_1' <Predicate = true> <Delay = 4.67> <CoreInst = "FMul_maxdsp">   --->   Core 30 'FMul_maxdsp' <Latency = 3> <II = 1> <Delay = 4.67> <FuncUnit> <Opcode : 'fmul'> <InPorts = 2> <OutPorts = 1>
ST_5 : Operation 716 [3/4] (4.67ns)   --->   "%mul3_1_1_2 = fmul i32 %layer1_pool_load_18, i32 %conv2_w_load_18" [cnn.cpp:135]   --->   Operation 716 'fmul' 'mul3_1_1_2' <Predicate = true> <Delay = 4.67> <CoreInst = "FMul_maxdsp">   --->   Core 30 'FMul_maxdsp' <Latency = 3> <II = 1> <Delay = 4.67> <FuncUnit> <Opcode : 'fmul'> <InPorts = 2> <OutPorts = 1>
ST_5 : Operation 717 [3/4] (4.67ns)   --->   "%mul3_1_1_3 = fmul i32 %layer1_pool_load_19, i32 %conv2_w_load_19" [cnn.cpp:135]   --->   Operation 717 'fmul' 'mul3_1_1_3' <Predicate = true> <Delay = 4.67> <CoreInst = "FMul_maxdsp">   --->   Core 30 'FMul_maxdsp' <Latency = 3> <II = 1> <Delay = 4.67> <FuncUnit> <Opcode : 'fmul'> <InPorts = 2> <OutPorts = 1>
ST_5 : Operation 718 [3/4] (4.67ns)   --->   "%mul3_1_2 = fmul i32 %layer1_pool_load_20, i32 %conv2_w_load_20" [cnn.cpp:135]   --->   Operation 718 'fmul' 'mul3_1_2' <Predicate = true> <Delay = 4.67> <CoreInst = "FMul_maxdsp">   --->   Core 30 'FMul_maxdsp' <Latency = 3> <II = 1> <Delay = 4.67> <FuncUnit> <Opcode : 'fmul'> <InPorts = 2> <OutPorts = 1>
ST_5 : Operation 719 [3/4] (4.67ns)   --->   "%mul3_1_2_1 = fmul i32 %layer1_pool_load_21, i32 %conv2_w_load_21" [cnn.cpp:135]   --->   Operation 719 'fmul' 'mul3_1_2_1' <Predicate = true> <Delay = 4.67> <CoreInst = "FMul_maxdsp">   --->   Core 30 'FMul_maxdsp' <Latency = 3> <II = 1> <Delay = 4.67> <FuncUnit> <Opcode : 'fmul'> <InPorts = 2> <OutPorts = 1>
ST_5 : Operation 720 [3/4] (4.67ns)   --->   "%mul3_1_2_2 = fmul i32 %layer1_pool_load_22, i32 %conv2_w_load_22" [cnn.cpp:135]   --->   Operation 720 'fmul' 'mul3_1_2_2' <Predicate = true> <Delay = 4.67> <CoreInst = "FMul_maxdsp">   --->   Core 30 'FMul_maxdsp' <Latency = 3> <II = 1> <Delay = 4.67> <FuncUnit> <Opcode : 'fmul'> <InPorts = 2> <OutPorts = 1>
ST_5 : Operation 721 [3/4] (4.67ns)   --->   "%mul3_1_2_3 = fmul i32 %layer1_pool_load_23, i32 %conv2_w_load_23" [cnn.cpp:135]   --->   Operation 721 'fmul' 'mul3_1_2_3' <Predicate = true> <Delay = 4.67> <CoreInst = "FMul_maxdsp">   --->   Core 30 'FMul_maxdsp' <Latency = 3> <II = 1> <Delay = 4.67> <FuncUnit> <Opcode : 'fmul'> <InPorts = 2> <OutPorts = 1>
ST_5 : Operation 722 [1/2] (1.35ns)   --->   "%layer1_pool_load_24 = load i12 %layer1_pool_addr_16" [cnn.cpp:135]   --->   Operation 722 'load' 'layer1_pool_load_24' <Predicate = true> <Delay = 1.35> <CoreInst = "RAM_1WnR">   --->   Core 84 'RAM_1WnR' <Latency = 1> <II = 1> <Delay = 1.35> <Storage> <Opcode : 'load' 'store'> <Ports = 17> <Width = 32> <Depth = 3844> <RAM>
ST_5 : Operation 723 [4/4] (4.67ns)   --->   "%mul3_2 = fmul i32 %layer1_pool_load_24, i32 %conv2_w_load_24" [cnn.cpp:135]   --->   Operation 723 'fmul' 'mul3_2' <Predicate = true> <Delay = 4.67> <CoreInst = "FMul_maxdsp">   --->   Core 30 'FMul_maxdsp' <Latency = 3> <II = 1> <Delay = 4.67> <FuncUnit> <Opcode : 'fmul'> <InPorts = 2> <OutPorts = 1>
ST_5 : Operation 724 [1/2] (1.35ns)   --->   "%layer1_pool_load_25 = load i12 %layer1_pool_addr_25" [cnn.cpp:135]   --->   Operation 724 'load' 'layer1_pool_load_25' <Predicate = true> <Delay = 1.35> <CoreInst = "RAM_1WnR">   --->   Core 84 'RAM_1WnR' <Latency = 1> <II = 1> <Delay = 1.35> <Storage> <Opcode : 'load' 'store'> <Ports = 17> <Width = 32> <Depth = 3844> <RAM>
ST_5 : Operation 725 [4/4] (4.67ns)   --->   "%mul3_2_0_1 = fmul i32 %layer1_pool_load_25, i32 %conv2_w_load_25" [cnn.cpp:135]   --->   Operation 725 'fmul' 'mul3_2_0_1' <Predicate = true> <Delay = 4.67> <CoreInst = "FMul_maxdsp">   --->   Core 30 'FMul_maxdsp' <Latency = 3> <II = 1> <Delay = 4.67> <FuncUnit> <Opcode : 'fmul'> <InPorts = 2> <OutPorts = 1>
ST_5 : Operation 726 [1/2] (1.35ns)   --->   "%layer1_pool_load_26 = load i12 %layer1_pool_addr_26" [cnn.cpp:135]   --->   Operation 726 'load' 'layer1_pool_load_26' <Predicate = true> <Delay = 1.35> <CoreInst = "RAM_1WnR">   --->   Core 84 'RAM_1WnR' <Latency = 1> <II = 1> <Delay = 1.35> <Storage> <Opcode : 'load' 'store'> <Ports = 17> <Width = 32> <Depth = 3844> <RAM>
ST_5 : Operation 727 [4/4] (4.67ns)   --->   "%mul3_2_0_2 = fmul i32 %layer1_pool_load_26, i32 %conv2_w_load_26" [cnn.cpp:135]   --->   Operation 727 'fmul' 'mul3_2_0_2' <Predicate = true> <Delay = 4.67> <CoreInst = "FMul_maxdsp">   --->   Core 30 'FMul_maxdsp' <Latency = 3> <II = 1> <Delay = 4.67> <FuncUnit> <Opcode : 'fmul'> <InPorts = 2> <OutPorts = 1>
ST_5 : Operation 728 [1/2] (1.35ns)   --->   "%layer1_pool_load_27 = load i12 %layer1_pool_addr_27" [cnn.cpp:135]   --->   Operation 728 'load' 'layer1_pool_load_27' <Predicate = true> <Delay = 1.35> <CoreInst = "RAM_1WnR">   --->   Core 84 'RAM_1WnR' <Latency = 1> <II = 1> <Delay = 1.35> <Storage> <Opcode : 'load' 'store'> <Ports = 17> <Width = 32> <Depth = 3844> <RAM>
ST_5 : Operation 729 [4/4] (4.67ns)   --->   "%mul3_2_0_3 = fmul i32 %layer1_pool_load_27, i32 %conv2_w_load_27" [cnn.cpp:135]   --->   Operation 729 'fmul' 'mul3_2_0_3' <Predicate = true> <Delay = 4.67> <CoreInst = "FMul_maxdsp">   --->   Core 30 'FMul_maxdsp' <Latency = 3> <II = 1> <Delay = 4.67> <FuncUnit> <Opcode : 'fmul'> <InPorts = 2> <OutPorts = 1>
ST_5 : Operation 730 [1/2] (1.35ns)   --->   "%layer1_pool_load_28 = load i12 %layer1_pool_addr_28" [cnn.cpp:135]   --->   Operation 730 'load' 'layer1_pool_load_28' <Predicate = true> <Delay = 1.35> <CoreInst = "RAM_1WnR">   --->   Core 84 'RAM_1WnR' <Latency = 1> <II = 1> <Delay = 1.35> <Storage> <Opcode : 'load' 'store'> <Ports = 17> <Width = 32> <Depth = 3844> <RAM>
ST_5 : Operation 731 [4/4] (4.67ns)   --->   "%mul3_2_1 = fmul i32 %layer1_pool_load_28, i32 %conv2_w_load_28" [cnn.cpp:135]   --->   Operation 731 'fmul' 'mul3_2_1' <Predicate = true> <Delay = 4.67> <CoreInst = "FMul_maxdsp">   --->   Core 30 'FMul_maxdsp' <Latency = 3> <II = 1> <Delay = 4.67> <FuncUnit> <Opcode : 'fmul'> <InPorts = 2> <OutPorts = 1>
ST_5 : Operation 732 [1/2] (1.35ns)   --->   "%layer1_pool_load_29 = load i12 %layer1_pool_addr_29" [cnn.cpp:135]   --->   Operation 732 'load' 'layer1_pool_load_29' <Predicate = true> <Delay = 1.35> <CoreInst = "RAM_1WnR">   --->   Core 84 'RAM_1WnR' <Latency = 1> <II = 1> <Delay = 1.35> <Storage> <Opcode : 'load' 'store'> <Ports = 17> <Width = 32> <Depth = 3844> <RAM>
ST_5 : Operation 733 [4/4] (4.67ns)   --->   "%mul3_2_1_1 = fmul i32 %layer1_pool_load_29, i32 %conv2_w_load_29" [cnn.cpp:135]   --->   Operation 733 'fmul' 'mul3_2_1_1' <Predicate = true> <Delay = 4.67> <CoreInst = "FMul_maxdsp">   --->   Core 30 'FMul_maxdsp' <Latency = 3> <II = 1> <Delay = 4.67> <FuncUnit> <Opcode : 'fmul'> <InPorts = 2> <OutPorts = 1>
ST_5 : Operation 734 [1/2] (1.35ns)   --->   "%layer1_pool_load_30 = load i12 %layer1_pool_addr_30" [cnn.cpp:135]   --->   Operation 734 'load' 'layer1_pool_load_30' <Predicate = true> <Delay = 1.35> <CoreInst = "RAM_1WnR">   --->   Core 84 'RAM_1WnR' <Latency = 1> <II = 1> <Delay = 1.35> <Storage> <Opcode : 'load' 'store'> <Ports = 17> <Width = 32> <Depth = 3844> <RAM>
ST_5 : Operation 735 [4/4] (4.67ns)   --->   "%mul3_2_1_2 = fmul i32 %layer1_pool_load_30, i32 %conv2_w_load_30" [cnn.cpp:135]   --->   Operation 735 'fmul' 'mul3_2_1_2' <Predicate = true> <Delay = 4.67> <CoreInst = "FMul_maxdsp">   --->   Core 30 'FMul_maxdsp' <Latency = 3> <II = 1> <Delay = 4.67> <FuncUnit> <Opcode : 'fmul'> <InPorts = 2> <OutPorts = 1>
ST_5 : Operation 736 [1/2] (1.35ns)   --->   "%layer1_pool_load_31 = load i12 %layer1_pool_addr_31" [cnn.cpp:135]   --->   Operation 736 'load' 'layer1_pool_load_31' <Predicate = true> <Delay = 1.35> <CoreInst = "RAM_1WnR">   --->   Core 84 'RAM_1WnR' <Latency = 1> <II = 1> <Delay = 1.35> <Storage> <Opcode : 'load' 'store'> <Ports = 17> <Width = 32> <Depth = 3844> <RAM>
ST_5 : Operation 737 [4/4] (4.67ns)   --->   "%mul3_2_1_3 = fmul i32 %layer1_pool_load_31, i32 %conv2_w_load_31" [cnn.cpp:135]   --->   Operation 737 'fmul' 'mul3_2_1_3' <Predicate = true> <Delay = 4.67> <CoreInst = "FMul_maxdsp">   --->   Core 30 'FMul_maxdsp' <Latency = 3> <II = 1> <Delay = 4.67> <FuncUnit> <Opcode : 'fmul'> <InPorts = 2> <OutPorts = 1>
ST_5 : Operation 738 [1/2] (1.35ns)   --->   "%layer1_pool_load_32 = load i12 %layer1_pool_addr_32" [cnn.cpp:135]   --->   Operation 738 'load' 'layer1_pool_load_32' <Predicate = true> <Delay = 1.35> <CoreInst = "RAM_1WnR">   --->   Core 84 'RAM_1WnR' <Latency = 1> <II = 1> <Delay = 1.35> <Storage> <Opcode : 'load' 'store'> <Ports = 17> <Width = 32> <Depth = 3844> <RAM>
ST_5 : Operation 739 [4/4] (4.67ns)   --->   "%mul3_2_2 = fmul i32 %layer1_pool_load_32, i32 %conv2_w_load_32" [cnn.cpp:135]   --->   Operation 739 'fmul' 'mul3_2_2' <Predicate = true> <Delay = 4.67> <CoreInst = "FMul_maxdsp">   --->   Core 30 'FMul_maxdsp' <Latency = 3> <II = 1> <Delay = 4.67> <FuncUnit> <Opcode : 'fmul'> <InPorts = 2> <OutPorts = 1>
ST_5 : Operation 740 [1/2] (1.35ns)   --->   "%layer1_pool_load_33 = load i12 %layer1_pool_addr_33" [cnn.cpp:135]   --->   Operation 740 'load' 'layer1_pool_load_33' <Predicate = true> <Delay = 1.35> <CoreInst = "RAM_1WnR">   --->   Core 84 'RAM_1WnR' <Latency = 1> <II = 1> <Delay = 1.35> <Storage> <Opcode : 'load' 'store'> <Ports = 17> <Width = 32> <Depth = 3844> <RAM>
ST_5 : Operation 741 [4/4] (4.67ns)   --->   "%mul3_2_2_1 = fmul i32 %layer1_pool_load_33, i32 %conv2_w_load_33" [cnn.cpp:135]   --->   Operation 741 'fmul' 'mul3_2_2_1' <Predicate = true> <Delay = 4.67> <CoreInst = "FMul_maxdsp">   --->   Core 30 'FMul_maxdsp' <Latency = 3> <II = 1> <Delay = 4.67> <FuncUnit> <Opcode : 'fmul'> <InPorts = 2> <OutPorts = 1>
ST_5 : Operation 742 [1/2] (1.35ns)   --->   "%layer1_pool_load_34 = load i12 %layer1_pool_addr_34" [cnn.cpp:135]   --->   Operation 742 'load' 'layer1_pool_load_34' <Predicate = true> <Delay = 1.35> <CoreInst = "RAM_1WnR">   --->   Core 84 'RAM_1WnR' <Latency = 1> <II = 1> <Delay = 1.35> <Storage> <Opcode : 'load' 'store'> <Ports = 17> <Width = 32> <Depth = 3844> <RAM>
ST_5 : Operation 743 [4/4] (4.67ns)   --->   "%mul3_2_2_2 = fmul i32 %layer1_pool_load_34, i32 %conv2_w_load_34" [cnn.cpp:135]   --->   Operation 743 'fmul' 'mul3_2_2_2' <Predicate = true> <Delay = 4.67> <CoreInst = "FMul_maxdsp">   --->   Core 30 'FMul_maxdsp' <Latency = 3> <II = 1> <Delay = 4.67> <FuncUnit> <Opcode : 'fmul'> <InPorts = 2> <OutPorts = 1>
ST_5 : Operation 744 [1/2] (1.35ns)   --->   "%layer1_pool_load_35 = load i12 %layer1_pool_addr_35" [cnn.cpp:135]   --->   Operation 744 'load' 'layer1_pool_load_35' <Predicate = true> <Delay = 1.35> <CoreInst = "RAM_1WnR">   --->   Core 84 'RAM_1WnR' <Latency = 1> <II = 1> <Delay = 1.35> <Storage> <Opcode : 'load' 'store'> <Ports = 17> <Width = 32> <Depth = 3844> <RAM>
ST_5 : Operation 745 [4/4] (4.67ns)   --->   "%mul3_2_2_3 = fmul i32 %layer1_pool_load_35, i32 %conv2_w_load_35" [cnn.cpp:135]   --->   Operation 745 'fmul' 'mul3_2_2_3' <Predicate = true> <Delay = 4.67> <CoreInst = "FMul_maxdsp">   --->   Core 30 'FMul_maxdsp' <Latency = 3> <II = 1> <Delay = 4.67> <FuncUnit> <Opcode : 'fmul'> <InPorts = 2> <OutPorts = 1>

State 6 <SV = 5> <Delay = 4.67>
ST_6 : Operation 746 [1/2] (0.79ns)   --->   "%conv2_b_load = load i3 %conv2_b_addr" [cnn.cpp:121]   --->   Operation 746 'load' 'conv2_b_load' <Predicate = true> <Delay = 0.79> <CoreInst = "ROM">   --->   Core 101 'ROM' <Latency = 1> <II = 1> <Delay = 0.79> <Storage> <Opcode : 'load'> <Ports = 0> <Width = 32> <Depth = 8> <ROM>
ST_6 : Operation 747 [1/4] (4.67ns)   --->   "%mul3 = fmul i32 %layer1_pool_load, i32 %conv2_w_load" [cnn.cpp:135]   --->   Operation 747 'fmul' 'mul3' <Predicate = true> <Delay = 4.67> <CoreInst = "FMul_maxdsp">   --->   Core 30 'FMul_maxdsp' <Latency = 3> <II = 1> <Delay = 4.67> <FuncUnit> <Opcode : 'fmul'> <InPorts = 2> <OutPorts = 1>
ST_6 : Operation 748 [1/4] (4.67ns)   --->   "%mul3_0_0_1 = fmul i32 %layer1_pool_load_1, i32 %conv2_w_load_1" [cnn.cpp:135]   --->   Operation 748 'fmul' 'mul3_0_0_1' <Predicate = true> <Delay = 4.67> <CoreInst = "FMul_maxdsp">   --->   Core 30 'FMul_maxdsp' <Latency = 3> <II = 1> <Delay = 4.67> <FuncUnit> <Opcode : 'fmul'> <InPorts = 2> <OutPorts = 1>
ST_6 : Operation 749 [1/4] (4.67ns)   --->   "%mul3_0_0_2 = fmul i32 %layer1_pool_load_2, i32 %conv2_w_load_2" [cnn.cpp:135]   --->   Operation 749 'fmul' 'mul3_0_0_2' <Predicate = true> <Delay = 4.67> <CoreInst = "FMul_maxdsp">   --->   Core 30 'FMul_maxdsp' <Latency = 3> <II = 1> <Delay = 4.67> <FuncUnit> <Opcode : 'fmul'> <InPorts = 2> <OutPorts = 1>
ST_6 : Operation 750 [1/4] (4.67ns)   --->   "%mul3_0_0_3 = fmul i32 %layer1_pool_load_3, i32 %conv2_w_load_3" [cnn.cpp:135]   --->   Operation 750 'fmul' 'mul3_0_0_3' <Predicate = true> <Delay = 4.67> <CoreInst = "FMul_maxdsp">   --->   Core 30 'FMul_maxdsp' <Latency = 3> <II = 1> <Delay = 4.67> <FuncUnit> <Opcode : 'fmul'> <InPorts = 2> <OutPorts = 1>
ST_6 : Operation 751 [1/4] (4.67ns)   --->   "%mul3_0_1 = fmul i32 %layer1_pool_load_4, i32 %conv2_w_load_4" [cnn.cpp:135]   --->   Operation 751 'fmul' 'mul3_0_1' <Predicate = true> <Delay = 4.67> <CoreInst = "FMul_maxdsp">   --->   Core 30 'FMul_maxdsp' <Latency = 3> <II = 1> <Delay = 4.67> <FuncUnit> <Opcode : 'fmul'> <InPorts = 2> <OutPorts = 1>
ST_6 : Operation 752 [1/4] (4.67ns)   --->   "%mul3_0_1_1 = fmul i32 %layer1_pool_load_5, i32 %conv2_w_load_5" [cnn.cpp:135]   --->   Operation 752 'fmul' 'mul3_0_1_1' <Predicate = true> <Delay = 4.67> <CoreInst = "FMul_maxdsp">   --->   Core 30 'FMul_maxdsp' <Latency = 3> <II = 1> <Delay = 4.67> <FuncUnit> <Opcode : 'fmul'> <InPorts = 2> <OutPorts = 1>
ST_6 : Operation 753 [1/4] (4.67ns)   --->   "%mul3_0_1_2 = fmul i32 %layer1_pool_load_6, i32 %conv2_w_load_6" [cnn.cpp:135]   --->   Operation 753 'fmul' 'mul3_0_1_2' <Predicate = true> <Delay = 4.67> <CoreInst = "FMul_maxdsp">   --->   Core 30 'FMul_maxdsp' <Latency = 3> <II = 1> <Delay = 4.67> <FuncUnit> <Opcode : 'fmul'> <InPorts = 2> <OutPorts = 1>
ST_6 : Operation 754 [1/4] (4.67ns)   --->   "%mul3_0_1_3 = fmul i32 %layer1_pool_load_7, i32 %conv2_w_load_7" [cnn.cpp:135]   --->   Operation 754 'fmul' 'mul3_0_1_3' <Predicate = true> <Delay = 4.67> <CoreInst = "FMul_maxdsp">   --->   Core 30 'FMul_maxdsp' <Latency = 3> <II = 1> <Delay = 4.67> <FuncUnit> <Opcode : 'fmul'> <InPorts = 2> <OutPorts = 1>
ST_6 : Operation 755 [1/4] (4.67ns)   --->   "%mul3_0_2 = fmul i32 %layer1_pool_load_8, i32 %conv2_w_load_8" [cnn.cpp:135]   --->   Operation 755 'fmul' 'mul3_0_2' <Predicate = true> <Delay = 4.67> <CoreInst = "FMul_maxdsp">   --->   Core 30 'FMul_maxdsp' <Latency = 3> <II = 1> <Delay = 4.67> <FuncUnit> <Opcode : 'fmul'> <InPorts = 2> <OutPorts = 1>
ST_6 : Operation 756 [1/4] (4.67ns)   --->   "%mul3_0_2_1 = fmul i32 %layer1_pool_load_9, i32 %conv2_w_load_9" [cnn.cpp:135]   --->   Operation 756 'fmul' 'mul3_0_2_1' <Predicate = true> <Delay = 4.67> <CoreInst = "FMul_maxdsp">   --->   Core 30 'FMul_maxdsp' <Latency = 3> <II = 1> <Delay = 4.67> <FuncUnit> <Opcode : 'fmul'> <InPorts = 2> <OutPorts = 1>
ST_6 : Operation 757 [1/4] (4.67ns)   --->   "%mul3_0_2_2 = fmul i32 %layer1_pool_load_10, i32 %conv2_w_load_10" [cnn.cpp:135]   --->   Operation 757 'fmul' 'mul3_0_2_2' <Predicate = true> <Delay = 4.67> <CoreInst = "FMul_maxdsp">   --->   Core 30 'FMul_maxdsp' <Latency = 3> <II = 1> <Delay = 4.67> <FuncUnit> <Opcode : 'fmul'> <InPorts = 2> <OutPorts = 1>
ST_6 : Operation 758 [1/4] (4.67ns)   --->   "%mul3_0_2_3 = fmul i32 %layer1_pool_load_11, i32 %conv2_w_load_11" [cnn.cpp:135]   --->   Operation 758 'fmul' 'mul3_0_2_3' <Predicate = true> <Delay = 4.67> <CoreInst = "FMul_maxdsp">   --->   Core 30 'FMul_maxdsp' <Latency = 3> <II = 1> <Delay = 4.67> <FuncUnit> <Opcode : 'fmul'> <InPorts = 2> <OutPorts = 1>
ST_6 : Operation 759 [2/4] (4.67ns)   --->   "%mul3_1 = fmul i32 %layer1_pool_load_12, i32 %conv2_w_load_12" [cnn.cpp:135]   --->   Operation 759 'fmul' 'mul3_1' <Predicate = true> <Delay = 4.67> <CoreInst = "FMul_maxdsp">   --->   Core 30 'FMul_maxdsp' <Latency = 3> <II = 1> <Delay = 4.67> <FuncUnit> <Opcode : 'fmul'> <InPorts = 2> <OutPorts = 1>
ST_6 : Operation 760 [2/4] (4.67ns)   --->   "%mul3_1_0_1 = fmul i32 %layer1_pool_load_13, i32 %conv2_w_load_13" [cnn.cpp:135]   --->   Operation 760 'fmul' 'mul3_1_0_1' <Predicate = true> <Delay = 4.67> <CoreInst = "FMul_maxdsp">   --->   Core 30 'FMul_maxdsp' <Latency = 3> <II = 1> <Delay = 4.67> <FuncUnit> <Opcode : 'fmul'> <InPorts = 2> <OutPorts = 1>
ST_6 : Operation 761 [2/4] (4.67ns)   --->   "%mul3_1_0_2 = fmul i32 %layer1_pool_load_14, i32 %conv2_w_load_14" [cnn.cpp:135]   --->   Operation 761 'fmul' 'mul3_1_0_2' <Predicate = true> <Delay = 4.67> <CoreInst = "FMul_maxdsp">   --->   Core 30 'FMul_maxdsp' <Latency = 3> <II = 1> <Delay = 4.67> <FuncUnit> <Opcode : 'fmul'> <InPorts = 2> <OutPorts = 1>
ST_6 : Operation 762 [2/4] (4.67ns)   --->   "%mul3_1_0_3 = fmul i32 %layer1_pool_load_15, i32 %conv2_w_load_15" [cnn.cpp:135]   --->   Operation 762 'fmul' 'mul3_1_0_3' <Predicate = true> <Delay = 4.67> <CoreInst = "FMul_maxdsp">   --->   Core 30 'FMul_maxdsp' <Latency = 3> <II = 1> <Delay = 4.67> <FuncUnit> <Opcode : 'fmul'> <InPorts = 2> <OutPorts = 1>
ST_6 : Operation 763 [2/4] (4.67ns)   --->   "%mul3_1_1 = fmul i32 %layer1_pool_load_16, i32 %conv2_w_load_16" [cnn.cpp:135]   --->   Operation 763 'fmul' 'mul3_1_1' <Predicate = true> <Delay = 4.67> <CoreInst = "FMul_maxdsp">   --->   Core 30 'FMul_maxdsp' <Latency = 3> <II = 1> <Delay = 4.67> <FuncUnit> <Opcode : 'fmul'> <InPorts = 2> <OutPorts = 1>
ST_6 : Operation 764 [2/4] (4.67ns)   --->   "%mul3_1_1_1 = fmul i32 %layer1_pool_load_17, i32 %conv2_w_load_17" [cnn.cpp:135]   --->   Operation 764 'fmul' 'mul3_1_1_1' <Predicate = true> <Delay = 4.67> <CoreInst = "FMul_maxdsp">   --->   Core 30 'FMul_maxdsp' <Latency = 3> <II = 1> <Delay = 4.67> <FuncUnit> <Opcode : 'fmul'> <InPorts = 2> <OutPorts = 1>
ST_6 : Operation 765 [2/4] (4.67ns)   --->   "%mul3_1_1_2 = fmul i32 %layer1_pool_load_18, i32 %conv2_w_load_18" [cnn.cpp:135]   --->   Operation 765 'fmul' 'mul3_1_1_2' <Predicate = true> <Delay = 4.67> <CoreInst = "FMul_maxdsp">   --->   Core 30 'FMul_maxdsp' <Latency = 3> <II = 1> <Delay = 4.67> <FuncUnit> <Opcode : 'fmul'> <InPorts = 2> <OutPorts = 1>
ST_6 : Operation 766 [2/4] (4.67ns)   --->   "%mul3_1_1_3 = fmul i32 %layer1_pool_load_19, i32 %conv2_w_load_19" [cnn.cpp:135]   --->   Operation 766 'fmul' 'mul3_1_1_3' <Predicate = true> <Delay = 4.67> <CoreInst = "FMul_maxdsp">   --->   Core 30 'FMul_maxdsp' <Latency = 3> <II = 1> <Delay = 4.67> <FuncUnit> <Opcode : 'fmul'> <InPorts = 2> <OutPorts = 1>
ST_6 : Operation 767 [2/4] (4.67ns)   --->   "%mul3_1_2 = fmul i32 %layer1_pool_load_20, i32 %conv2_w_load_20" [cnn.cpp:135]   --->   Operation 767 'fmul' 'mul3_1_2' <Predicate = true> <Delay = 4.67> <CoreInst = "FMul_maxdsp">   --->   Core 30 'FMul_maxdsp' <Latency = 3> <II = 1> <Delay = 4.67> <FuncUnit> <Opcode : 'fmul'> <InPorts = 2> <OutPorts = 1>
ST_6 : Operation 768 [2/4] (4.67ns)   --->   "%mul3_1_2_1 = fmul i32 %layer1_pool_load_21, i32 %conv2_w_load_21" [cnn.cpp:135]   --->   Operation 768 'fmul' 'mul3_1_2_1' <Predicate = true> <Delay = 4.67> <CoreInst = "FMul_maxdsp">   --->   Core 30 'FMul_maxdsp' <Latency = 3> <II = 1> <Delay = 4.67> <FuncUnit> <Opcode : 'fmul'> <InPorts = 2> <OutPorts = 1>
ST_6 : Operation 769 [2/4] (4.67ns)   --->   "%mul3_1_2_2 = fmul i32 %layer1_pool_load_22, i32 %conv2_w_load_22" [cnn.cpp:135]   --->   Operation 769 'fmul' 'mul3_1_2_2' <Predicate = true> <Delay = 4.67> <CoreInst = "FMul_maxdsp">   --->   Core 30 'FMul_maxdsp' <Latency = 3> <II = 1> <Delay = 4.67> <FuncUnit> <Opcode : 'fmul'> <InPorts = 2> <OutPorts = 1>
ST_6 : Operation 770 [2/4] (4.67ns)   --->   "%mul3_1_2_3 = fmul i32 %layer1_pool_load_23, i32 %conv2_w_load_23" [cnn.cpp:135]   --->   Operation 770 'fmul' 'mul3_1_2_3' <Predicate = true> <Delay = 4.67> <CoreInst = "FMul_maxdsp">   --->   Core 30 'FMul_maxdsp' <Latency = 3> <II = 1> <Delay = 4.67> <FuncUnit> <Opcode : 'fmul'> <InPorts = 2> <OutPorts = 1>
ST_6 : Operation 771 [3/4] (4.67ns)   --->   "%mul3_2 = fmul i32 %layer1_pool_load_24, i32 %conv2_w_load_24" [cnn.cpp:135]   --->   Operation 771 'fmul' 'mul3_2' <Predicate = true> <Delay = 4.67> <CoreInst = "FMul_maxdsp">   --->   Core 30 'FMul_maxdsp' <Latency = 3> <II = 1> <Delay = 4.67> <FuncUnit> <Opcode : 'fmul'> <InPorts = 2> <OutPorts = 1>
ST_6 : Operation 772 [3/4] (4.67ns)   --->   "%mul3_2_0_1 = fmul i32 %layer1_pool_load_25, i32 %conv2_w_load_25" [cnn.cpp:135]   --->   Operation 772 'fmul' 'mul3_2_0_1' <Predicate = true> <Delay = 4.67> <CoreInst = "FMul_maxdsp">   --->   Core 30 'FMul_maxdsp' <Latency = 3> <II = 1> <Delay = 4.67> <FuncUnit> <Opcode : 'fmul'> <InPorts = 2> <OutPorts = 1>
ST_6 : Operation 773 [3/4] (4.67ns)   --->   "%mul3_2_0_2 = fmul i32 %layer1_pool_load_26, i32 %conv2_w_load_26" [cnn.cpp:135]   --->   Operation 773 'fmul' 'mul3_2_0_2' <Predicate = true> <Delay = 4.67> <CoreInst = "FMul_maxdsp">   --->   Core 30 'FMul_maxdsp' <Latency = 3> <II = 1> <Delay = 4.67> <FuncUnit> <Opcode : 'fmul'> <InPorts = 2> <OutPorts = 1>
ST_6 : Operation 774 [3/4] (4.67ns)   --->   "%mul3_2_0_3 = fmul i32 %layer1_pool_load_27, i32 %conv2_w_load_27" [cnn.cpp:135]   --->   Operation 774 'fmul' 'mul3_2_0_3' <Predicate = true> <Delay = 4.67> <CoreInst = "FMul_maxdsp">   --->   Core 30 'FMul_maxdsp' <Latency = 3> <II = 1> <Delay = 4.67> <FuncUnit> <Opcode : 'fmul'> <InPorts = 2> <OutPorts = 1>
ST_6 : Operation 775 [3/4] (4.67ns)   --->   "%mul3_2_1 = fmul i32 %layer1_pool_load_28, i32 %conv2_w_load_28" [cnn.cpp:135]   --->   Operation 775 'fmul' 'mul3_2_1' <Predicate = true> <Delay = 4.67> <CoreInst = "FMul_maxdsp">   --->   Core 30 'FMul_maxdsp' <Latency = 3> <II = 1> <Delay = 4.67> <FuncUnit> <Opcode : 'fmul'> <InPorts = 2> <OutPorts = 1>
ST_6 : Operation 776 [3/4] (4.67ns)   --->   "%mul3_2_1_1 = fmul i32 %layer1_pool_load_29, i32 %conv2_w_load_29" [cnn.cpp:135]   --->   Operation 776 'fmul' 'mul3_2_1_1' <Predicate = true> <Delay = 4.67> <CoreInst = "FMul_maxdsp">   --->   Core 30 'FMul_maxdsp' <Latency = 3> <II = 1> <Delay = 4.67> <FuncUnit> <Opcode : 'fmul'> <InPorts = 2> <OutPorts = 1>
ST_6 : Operation 777 [3/4] (4.67ns)   --->   "%mul3_2_1_2 = fmul i32 %layer1_pool_load_30, i32 %conv2_w_load_30" [cnn.cpp:135]   --->   Operation 777 'fmul' 'mul3_2_1_2' <Predicate = true> <Delay = 4.67> <CoreInst = "FMul_maxdsp">   --->   Core 30 'FMul_maxdsp' <Latency = 3> <II = 1> <Delay = 4.67> <FuncUnit> <Opcode : 'fmul'> <InPorts = 2> <OutPorts = 1>
ST_6 : Operation 778 [3/4] (4.67ns)   --->   "%mul3_2_1_3 = fmul i32 %layer1_pool_load_31, i32 %conv2_w_load_31" [cnn.cpp:135]   --->   Operation 778 'fmul' 'mul3_2_1_3' <Predicate = true> <Delay = 4.67> <CoreInst = "FMul_maxdsp">   --->   Core 30 'FMul_maxdsp' <Latency = 3> <II = 1> <Delay = 4.67> <FuncUnit> <Opcode : 'fmul'> <InPorts = 2> <OutPorts = 1>
ST_6 : Operation 779 [3/4] (4.67ns)   --->   "%mul3_2_2 = fmul i32 %layer1_pool_load_32, i32 %conv2_w_load_32" [cnn.cpp:135]   --->   Operation 779 'fmul' 'mul3_2_2' <Predicate = true> <Delay = 4.67> <CoreInst = "FMul_maxdsp">   --->   Core 30 'FMul_maxdsp' <Latency = 3> <II = 1> <Delay = 4.67> <FuncUnit> <Opcode : 'fmul'> <InPorts = 2> <OutPorts = 1>
ST_6 : Operation 780 [3/4] (4.67ns)   --->   "%mul3_2_2_1 = fmul i32 %layer1_pool_load_33, i32 %conv2_w_load_33" [cnn.cpp:135]   --->   Operation 780 'fmul' 'mul3_2_2_1' <Predicate = true> <Delay = 4.67> <CoreInst = "FMul_maxdsp">   --->   Core 30 'FMul_maxdsp' <Latency = 3> <II = 1> <Delay = 4.67> <FuncUnit> <Opcode : 'fmul'> <InPorts = 2> <OutPorts = 1>
ST_6 : Operation 781 [3/4] (4.67ns)   --->   "%mul3_2_2_2 = fmul i32 %layer1_pool_load_34, i32 %conv2_w_load_34" [cnn.cpp:135]   --->   Operation 781 'fmul' 'mul3_2_2_2' <Predicate = true> <Delay = 4.67> <CoreInst = "FMul_maxdsp">   --->   Core 30 'FMul_maxdsp' <Latency = 3> <II = 1> <Delay = 4.67> <FuncUnit> <Opcode : 'fmul'> <InPorts = 2> <OutPorts = 1>
ST_6 : Operation 782 [3/4] (4.67ns)   --->   "%mul3_2_2_3 = fmul i32 %layer1_pool_load_35, i32 %conv2_w_load_35" [cnn.cpp:135]   --->   Operation 782 'fmul' 'mul3_2_2_3' <Predicate = true> <Delay = 4.67> <CoreInst = "FMul_maxdsp">   --->   Core 30 'FMul_maxdsp' <Latency = 3> <II = 1> <Delay = 4.67> <FuncUnit> <Opcode : 'fmul'> <InPorts = 2> <OutPorts = 1>

State 7 <SV = 6> <Delay = 6.01>
ST_7 : Operation 783 [5/5] (6.01ns)   --->   "%sum_9 = fadd i32 %conv2_b_load, i32 %mul3" [cnn.cpp:135]   --->   Operation 783 'fadd' 'sum_9' <Predicate = true> <Delay = 6.01> <CoreInst = "FAddSub_fulldsp">   --->   Core 18 'FAddSub_fulldsp' <Latency = 4> <II = 1> <Delay = 6.01> <FuncUnit> <Opcode : 'fadd' 'fsub'> <InPorts = 2> <OutPorts = 1>
ST_7 : Operation 784 [1/4] (4.67ns)   --->   "%mul3_1 = fmul i32 %layer1_pool_load_12, i32 %conv2_w_load_12" [cnn.cpp:135]   --->   Operation 784 'fmul' 'mul3_1' <Predicate = true> <Delay = 4.67> <CoreInst = "FMul_maxdsp">   --->   Core 30 'FMul_maxdsp' <Latency = 3> <II = 1> <Delay = 4.67> <FuncUnit> <Opcode : 'fmul'> <InPorts = 2> <OutPorts = 1>
ST_7 : Operation 785 [1/4] (4.67ns)   --->   "%mul3_1_0_1 = fmul i32 %layer1_pool_load_13, i32 %conv2_w_load_13" [cnn.cpp:135]   --->   Operation 785 'fmul' 'mul3_1_0_1' <Predicate = true> <Delay = 4.67> <CoreInst = "FMul_maxdsp">   --->   Core 30 'FMul_maxdsp' <Latency = 3> <II = 1> <Delay = 4.67> <FuncUnit> <Opcode : 'fmul'> <InPorts = 2> <OutPorts = 1>
ST_7 : Operation 786 [1/4] (4.67ns)   --->   "%mul3_1_0_2 = fmul i32 %layer1_pool_load_14, i32 %conv2_w_load_14" [cnn.cpp:135]   --->   Operation 786 'fmul' 'mul3_1_0_2' <Predicate = true> <Delay = 4.67> <CoreInst = "FMul_maxdsp">   --->   Core 30 'FMul_maxdsp' <Latency = 3> <II = 1> <Delay = 4.67> <FuncUnit> <Opcode : 'fmul'> <InPorts = 2> <OutPorts = 1>
ST_7 : Operation 787 [1/4] (4.67ns)   --->   "%mul3_1_0_3 = fmul i32 %layer1_pool_load_15, i32 %conv2_w_load_15" [cnn.cpp:135]   --->   Operation 787 'fmul' 'mul3_1_0_3' <Predicate = true> <Delay = 4.67> <CoreInst = "FMul_maxdsp">   --->   Core 30 'FMul_maxdsp' <Latency = 3> <II = 1> <Delay = 4.67> <FuncUnit> <Opcode : 'fmul'> <InPorts = 2> <OutPorts = 1>
ST_7 : Operation 788 [1/4] (4.67ns)   --->   "%mul3_1_1 = fmul i32 %layer1_pool_load_16, i32 %conv2_w_load_16" [cnn.cpp:135]   --->   Operation 788 'fmul' 'mul3_1_1' <Predicate = true> <Delay = 4.67> <CoreInst = "FMul_maxdsp">   --->   Core 30 'FMul_maxdsp' <Latency = 3> <II = 1> <Delay = 4.67> <FuncUnit> <Opcode : 'fmul'> <InPorts = 2> <OutPorts = 1>
ST_7 : Operation 789 [1/4] (4.67ns)   --->   "%mul3_1_1_1 = fmul i32 %layer1_pool_load_17, i32 %conv2_w_load_17" [cnn.cpp:135]   --->   Operation 789 'fmul' 'mul3_1_1_1' <Predicate = true> <Delay = 4.67> <CoreInst = "FMul_maxdsp">   --->   Core 30 'FMul_maxdsp' <Latency = 3> <II = 1> <Delay = 4.67> <FuncUnit> <Opcode : 'fmul'> <InPorts = 2> <OutPorts = 1>
ST_7 : Operation 790 [1/4] (4.67ns)   --->   "%mul3_1_1_2 = fmul i32 %layer1_pool_load_18, i32 %conv2_w_load_18" [cnn.cpp:135]   --->   Operation 790 'fmul' 'mul3_1_1_2' <Predicate = true> <Delay = 4.67> <CoreInst = "FMul_maxdsp">   --->   Core 30 'FMul_maxdsp' <Latency = 3> <II = 1> <Delay = 4.67> <FuncUnit> <Opcode : 'fmul'> <InPorts = 2> <OutPorts = 1>
ST_7 : Operation 791 [1/4] (4.67ns)   --->   "%mul3_1_1_3 = fmul i32 %layer1_pool_load_19, i32 %conv2_w_load_19" [cnn.cpp:135]   --->   Operation 791 'fmul' 'mul3_1_1_3' <Predicate = true> <Delay = 4.67> <CoreInst = "FMul_maxdsp">   --->   Core 30 'FMul_maxdsp' <Latency = 3> <II = 1> <Delay = 4.67> <FuncUnit> <Opcode : 'fmul'> <InPorts = 2> <OutPorts = 1>
ST_7 : Operation 792 [1/4] (4.67ns)   --->   "%mul3_1_2 = fmul i32 %layer1_pool_load_20, i32 %conv2_w_load_20" [cnn.cpp:135]   --->   Operation 792 'fmul' 'mul3_1_2' <Predicate = true> <Delay = 4.67> <CoreInst = "FMul_maxdsp">   --->   Core 30 'FMul_maxdsp' <Latency = 3> <II = 1> <Delay = 4.67> <FuncUnit> <Opcode : 'fmul'> <InPorts = 2> <OutPorts = 1>
ST_7 : Operation 793 [1/4] (4.67ns)   --->   "%mul3_1_2_1 = fmul i32 %layer1_pool_load_21, i32 %conv2_w_load_21" [cnn.cpp:135]   --->   Operation 793 'fmul' 'mul3_1_2_1' <Predicate = true> <Delay = 4.67> <CoreInst = "FMul_maxdsp">   --->   Core 30 'FMul_maxdsp' <Latency = 3> <II = 1> <Delay = 4.67> <FuncUnit> <Opcode : 'fmul'> <InPorts = 2> <OutPorts = 1>
ST_7 : Operation 794 [1/4] (4.67ns)   --->   "%mul3_1_2_2 = fmul i32 %layer1_pool_load_22, i32 %conv2_w_load_22" [cnn.cpp:135]   --->   Operation 794 'fmul' 'mul3_1_2_2' <Predicate = true> <Delay = 4.67> <CoreInst = "FMul_maxdsp">   --->   Core 30 'FMul_maxdsp' <Latency = 3> <II = 1> <Delay = 4.67> <FuncUnit> <Opcode : 'fmul'> <InPorts = 2> <OutPorts = 1>
ST_7 : Operation 795 [1/4] (4.67ns)   --->   "%mul3_1_2_3 = fmul i32 %layer1_pool_load_23, i32 %conv2_w_load_23" [cnn.cpp:135]   --->   Operation 795 'fmul' 'mul3_1_2_3' <Predicate = true> <Delay = 4.67> <CoreInst = "FMul_maxdsp">   --->   Core 30 'FMul_maxdsp' <Latency = 3> <II = 1> <Delay = 4.67> <FuncUnit> <Opcode : 'fmul'> <InPorts = 2> <OutPorts = 1>
ST_7 : Operation 796 [2/4] (4.67ns)   --->   "%mul3_2 = fmul i32 %layer1_pool_load_24, i32 %conv2_w_load_24" [cnn.cpp:135]   --->   Operation 796 'fmul' 'mul3_2' <Predicate = true> <Delay = 4.67> <CoreInst = "FMul_maxdsp">   --->   Core 30 'FMul_maxdsp' <Latency = 3> <II = 1> <Delay = 4.67> <FuncUnit> <Opcode : 'fmul'> <InPorts = 2> <OutPorts = 1>
ST_7 : Operation 797 [2/4] (4.67ns)   --->   "%mul3_2_0_1 = fmul i32 %layer1_pool_load_25, i32 %conv2_w_load_25" [cnn.cpp:135]   --->   Operation 797 'fmul' 'mul3_2_0_1' <Predicate = true> <Delay = 4.67> <CoreInst = "FMul_maxdsp">   --->   Core 30 'FMul_maxdsp' <Latency = 3> <II = 1> <Delay = 4.67> <FuncUnit> <Opcode : 'fmul'> <InPorts = 2> <OutPorts = 1>
ST_7 : Operation 798 [2/4] (4.67ns)   --->   "%mul3_2_0_2 = fmul i32 %layer1_pool_load_26, i32 %conv2_w_load_26" [cnn.cpp:135]   --->   Operation 798 'fmul' 'mul3_2_0_2' <Predicate = true> <Delay = 4.67> <CoreInst = "FMul_maxdsp">   --->   Core 30 'FMul_maxdsp' <Latency = 3> <II = 1> <Delay = 4.67> <FuncUnit> <Opcode : 'fmul'> <InPorts = 2> <OutPorts = 1>
ST_7 : Operation 799 [2/4] (4.67ns)   --->   "%mul3_2_0_3 = fmul i32 %layer1_pool_load_27, i32 %conv2_w_load_27" [cnn.cpp:135]   --->   Operation 799 'fmul' 'mul3_2_0_3' <Predicate = true> <Delay = 4.67> <CoreInst = "FMul_maxdsp">   --->   Core 30 'FMul_maxdsp' <Latency = 3> <II = 1> <Delay = 4.67> <FuncUnit> <Opcode : 'fmul'> <InPorts = 2> <OutPorts = 1>
ST_7 : Operation 800 [2/4] (4.67ns)   --->   "%mul3_2_1 = fmul i32 %layer1_pool_load_28, i32 %conv2_w_load_28" [cnn.cpp:135]   --->   Operation 800 'fmul' 'mul3_2_1' <Predicate = true> <Delay = 4.67> <CoreInst = "FMul_maxdsp">   --->   Core 30 'FMul_maxdsp' <Latency = 3> <II = 1> <Delay = 4.67> <FuncUnit> <Opcode : 'fmul'> <InPorts = 2> <OutPorts = 1>
ST_7 : Operation 801 [2/4] (4.67ns)   --->   "%mul3_2_1_1 = fmul i32 %layer1_pool_load_29, i32 %conv2_w_load_29" [cnn.cpp:135]   --->   Operation 801 'fmul' 'mul3_2_1_1' <Predicate = true> <Delay = 4.67> <CoreInst = "FMul_maxdsp">   --->   Core 30 'FMul_maxdsp' <Latency = 3> <II = 1> <Delay = 4.67> <FuncUnit> <Opcode : 'fmul'> <InPorts = 2> <OutPorts = 1>
ST_7 : Operation 802 [2/4] (4.67ns)   --->   "%mul3_2_1_2 = fmul i32 %layer1_pool_load_30, i32 %conv2_w_load_30" [cnn.cpp:135]   --->   Operation 802 'fmul' 'mul3_2_1_2' <Predicate = true> <Delay = 4.67> <CoreInst = "FMul_maxdsp">   --->   Core 30 'FMul_maxdsp' <Latency = 3> <II = 1> <Delay = 4.67> <FuncUnit> <Opcode : 'fmul'> <InPorts = 2> <OutPorts = 1>
ST_7 : Operation 803 [2/4] (4.67ns)   --->   "%mul3_2_1_3 = fmul i32 %layer1_pool_load_31, i32 %conv2_w_load_31" [cnn.cpp:135]   --->   Operation 803 'fmul' 'mul3_2_1_3' <Predicate = true> <Delay = 4.67> <CoreInst = "FMul_maxdsp">   --->   Core 30 'FMul_maxdsp' <Latency = 3> <II = 1> <Delay = 4.67> <FuncUnit> <Opcode : 'fmul'> <InPorts = 2> <OutPorts = 1>
ST_7 : Operation 804 [2/4] (4.67ns)   --->   "%mul3_2_2 = fmul i32 %layer1_pool_load_32, i32 %conv2_w_load_32" [cnn.cpp:135]   --->   Operation 804 'fmul' 'mul3_2_2' <Predicate = true> <Delay = 4.67> <CoreInst = "FMul_maxdsp">   --->   Core 30 'FMul_maxdsp' <Latency = 3> <II = 1> <Delay = 4.67> <FuncUnit> <Opcode : 'fmul'> <InPorts = 2> <OutPorts = 1>
ST_7 : Operation 805 [2/4] (4.67ns)   --->   "%mul3_2_2_1 = fmul i32 %layer1_pool_load_33, i32 %conv2_w_load_33" [cnn.cpp:135]   --->   Operation 805 'fmul' 'mul3_2_2_1' <Predicate = true> <Delay = 4.67> <CoreInst = "FMul_maxdsp">   --->   Core 30 'FMul_maxdsp' <Latency = 3> <II = 1> <Delay = 4.67> <FuncUnit> <Opcode : 'fmul'> <InPorts = 2> <OutPorts = 1>
ST_7 : Operation 806 [2/4] (4.67ns)   --->   "%mul3_2_2_2 = fmul i32 %layer1_pool_load_34, i32 %conv2_w_load_34" [cnn.cpp:135]   --->   Operation 806 'fmul' 'mul3_2_2_2' <Predicate = true> <Delay = 4.67> <CoreInst = "FMul_maxdsp">   --->   Core 30 'FMul_maxdsp' <Latency = 3> <II = 1> <Delay = 4.67> <FuncUnit> <Opcode : 'fmul'> <InPorts = 2> <OutPorts = 1>
ST_7 : Operation 807 [2/4] (4.67ns)   --->   "%mul3_2_2_3 = fmul i32 %layer1_pool_load_35, i32 %conv2_w_load_35" [cnn.cpp:135]   --->   Operation 807 'fmul' 'mul3_2_2_3' <Predicate = true> <Delay = 4.67> <CoreInst = "FMul_maxdsp">   --->   Core 30 'FMul_maxdsp' <Latency = 3> <II = 1> <Delay = 4.67> <FuncUnit> <Opcode : 'fmul'> <InPorts = 2> <OutPorts = 1>

State 8 <SV = 7> <Delay = 6.01>
ST_8 : Operation 808 [4/5] (6.01ns)   --->   "%sum_9 = fadd i32 %conv2_b_load, i32 %mul3" [cnn.cpp:135]   --->   Operation 808 'fadd' 'sum_9' <Predicate = true> <Delay = 6.01> <CoreInst = "FAddSub_fulldsp">   --->   Core 18 'FAddSub_fulldsp' <Latency = 4> <II = 1> <Delay = 6.01> <FuncUnit> <Opcode : 'fadd' 'fsub'> <InPorts = 2> <OutPorts = 1>
ST_8 : Operation 809 [1/4] (4.67ns)   --->   "%mul3_2 = fmul i32 %layer1_pool_load_24, i32 %conv2_w_load_24" [cnn.cpp:135]   --->   Operation 809 'fmul' 'mul3_2' <Predicate = true> <Delay = 4.67> <CoreInst = "FMul_maxdsp">   --->   Core 30 'FMul_maxdsp' <Latency = 3> <II = 1> <Delay = 4.67> <FuncUnit> <Opcode : 'fmul'> <InPorts = 2> <OutPorts = 1>
ST_8 : Operation 810 [1/4] (4.67ns)   --->   "%mul3_2_0_1 = fmul i32 %layer1_pool_load_25, i32 %conv2_w_load_25" [cnn.cpp:135]   --->   Operation 810 'fmul' 'mul3_2_0_1' <Predicate = true> <Delay = 4.67> <CoreInst = "FMul_maxdsp">   --->   Core 30 'FMul_maxdsp' <Latency = 3> <II = 1> <Delay = 4.67> <FuncUnit> <Opcode : 'fmul'> <InPorts = 2> <OutPorts = 1>
ST_8 : Operation 811 [1/4] (4.67ns)   --->   "%mul3_2_0_2 = fmul i32 %layer1_pool_load_26, i32 %conv2_w_load_26" [cnn.cpp:135]   --->   Operation 811 'fmul' 'mul3_2_0_2' <Predicate = true> <Delay = 4.67> <CoreInst = "FMul_maxdsp">   --->   Core 30 'FMul_maxdsp' <Latency = 3> <II = 1> <Delay = 4.67> <FuncUnit> <Opcode : 'fmul'> <InPorts = 2> <OutPorts = 1>
ST_8 : Operation 812 [1/4] (4.67ns)   --->   "%mul3_2_0_3 = fmul i32 %layer1_pool_load_27, i32 %conv2_w_load_27" [cnn.cpp:135]   --->   Operation 812 'fmul' 'mul3_2_0_3' <Predicate = true> <Delay = 4.67> <CoreInst = "FMul_maxdsp">   --->   Core 30 'FMul_maxdsp' <Latency = 3> <II = 1> <Delay = 4.67> <FuncUnit> <Opcode : 'fmul'> <InPorts = 2> <OutPorts = 1>
ST_8 : Operation 813 [1/4] (4.67ns)   --->   "%mul3_2_1 = fmul i32 %layer1_pool_load_28, i32 %conv2_w_load_28" [cnn.cpp:135]   --->   Operation 813 'fmul' 'mul3_2_1' <Predicate = true> <Delay = 4.67> <CoreInst = "FMul_maxdsp">   --->   Core 30 'FMul_maxdsp' <Latency = 3> <II = 1> <Delay = 4.67> <FuncUnit> <Opcode : 'fmul'> <InPorts = 2> <OutPorts = 1>
ST_8 : Operation 814 [1/4] (4.67ns)   --->   "%mul3_2_1_1 = fmul i32 %layer1_pool_load_29, i32 %conv2_w_load_29" [cnn.cpp:135]   --->   Operation 814 'fmul' 'mul3_2_1_1' <Predicate = true> <Delay = 4.67> <CoreInst = "FMul_maxdsp">   --->   Core 30 'FMul_maxdsp' <Latency = 3> <II = 1> <Delay = 4.67> <FuncUnit> <Opcode : 'fmul'> <InPorts = 2> <OutPorts = 1>
ST_8 : Operation 815 [1/4] (4.67ns)   --->   "%mul3_2_1_2 = fmul i32 %layer1_pool_load_30, i32 %conv2_w_load_30" [cnn.cpp:135]   --->   Operation 815 'fmul' 'mul3_2_1_2' <Predicate = true> <Delay = 4.67> <CoreInst = "FMul_maxdsp">   --->   Core 30 'FMul_maxdsp' <Latency = 3> <II = 1> <Delay = 4.67> <FuncUnit> <Opcode : 'fmul'> <InPorts = 2> <OutPorts = 1>
ST_8 : Operation 816 [1/4] (4.67ns)   --->   "%mul3_2_1_3 = fmul i32 %layer1_pool_load_31, i32 %conv2_w_load_31" [cnn.cpp:135]   --->   Operation 816 'fmul' 'mul3_2_1_3' <Predicate = true> <Delay = 4.67> <CoreInst = "FMul_maxdsp">   --->   Core 30 'FMul_maxdsp' <Latency = 3> <II = 1> <Delay = 4.67> <FuncUnit> <Opcode : 'fmul'> <InPorts = 2> <OutPorts = 1>
ST_8 : Operation 817 [1/4] (4.67ns)   --->   "%mul3_2_2 = fmul i32 %layer1_pool_load_32, i32 %conv2_w_load_32" [cnn.cpp:135]   --->   Operation 817 'fmul' 'mul3_2_2' <Predicate = true> <Delay = 4.67> <CoreInst = "FMul_maxdsp">   --->   Core 30 'FMul_maxdsp' <Latency = 3> <II = 1> <Delay = 4.67> <FuncUnit> <Opcode : 'fmul'> <InPorts = 2> <OutPorts = 1>
ST_8 : Operation 818 [1/4] (4.67ns)   --->   "%mul3_2_2_1 = fmul i32 %layer1_pool_load_33, i32 %conv2_w_load_33" [cnn.cpp:135]   --->   Operation 818 'fmul' 'mul3_2_2_1' <Predicate = true> <Delay = 4.67> <CoreInst = "FMul_maxdsp">   --->   Core 30 'FMul_maxdsp' <Latency = 3> <II = 1> <Delay = 4.67> <FuncUnit> <Opcode : 'fmul'> <InPorts = 2> <OutPorts = 1>
ST_8 : Operation 819 [1/4] (4.67ns)   --->   "%mul3_2_2_2 = fmul i32 %layer1_pool_load_34, i32 %conv2_w_load_34" [cnn.cpp:135]   --->   Operation 819 'fmul' 'mul3_2_2_2' <Predicate = true> <Delay = 4.67> <CoreInst = "FMul_maxdsp">   --->   Core 30 'FMul_maxdsp' <Latency = 3> <II = 1> <Delay = 4.67> <FuncUnit> <Opcode : 'fmul'> <InPorts = 2> <OutPorts = 1>
ST_8 : Operation 820 [1/4] (4.67ns)   --->   "%mul3_2_2_3 = fmul i32 %layer1_pool_load_35, i32 %conv2_w_load_35" [cnn.cpp:135]   --->   Operation 820 'fmul' 'mul3_2_2_3' <Predicate = true> <Delay = 4.67> <CoreInst = "FMul_maxdsp">   --->   Core 30 'FMul_maxdsp' <Latency = 3> <II = 1> <Delay = 4.67> <FuncUnit> <Opcode : 'fmul'> <InPorts = 2> <OutPorts = 1>

State 9 <SV = 8> <Delay = 6.01>
ST_9 : Operation 821 [3/5] (6.01ns)   --->   "%sum_9 = fadd i32 %conv2_b_load, i32 %mul3" [cnn.cpp:135]   --->   Operation 821 'fadd' 'sum_9' <Predicate = true> <Delay = 6.01> <CoreInst = "FAddSub_fulldsp">   --->   Core 18 'FAddSub_fulldsp' <Latency = 4> <II = 1> <Delay = 6.01> <FuncUnit> <Opcode : 'fadd' 'fsub'> <InPorts = 2> <OutPorts = 1>

State 10 <SV = 9> <Delay = 6.01>
ST_10 : Operation 822 [2/5] (6.01ns)   --->   "%sum_9 = fadd i32 %conv2_b_load, i32 %mul3" [cnn.cpp:135]   --->   Operation 822 'fadd' 'sum_9' <Predicate = true> <Delay = 6.01> <CoreInst = "FAddSub_fulldsp">   --->   Core 18 'FAddSub_fulldsp' <Latency = 4> <II = 1> <Delay = 6.01> <FuncUnit> <Opcode : 'fadd' 'fsub'> <InPorts = 2> <OutPorts = 1>

State 11 <SV = 10> <Delay = 6.01>
ST_11 : Operation 823 [1/5] (6.01ns)   --->   "%sum_9 = fadd i32 %conv2_b_load, i32 %mul3" [cnn.cpp:135]   --->   Operation 823 'fadd' 'sum_9' <Predicate = true> <Delay = 6.01> <CoreInst = "FAddSub_fulldsp">   --->   Core 18 'FAddSub_fulldsp' <Latency = 4> <II = 1> <Delay = 6.01> <FuncUnit> <Opcode : 'fadd' 'fsub'> <InPorts = 2> <OutPorts = 1>

State 12 <SV = 11> <Delay = 6.01>
ST_12 : Operation 824 [5/5] (6.01ns)   --->   "%sum_9_0_0_1 = fadd i32 %sum_9, i32 %mul3_0_0_1" [cnn.cpp:135]   --->   Operation 824 'fadd' 'sum_9_0_0_1' <Predicate = true> <Delay = 6.01> <CoreInst = "FAddSub_fulldsp">   --->   Core 18 'FAddSub_fulldsp' <Latency = 4> <II = 1> <Delay = 6.01> <FuncUnit> <Opcode : 'fadd' 'fsub'> <InPorts = 2> <OutPorts = 1>

State 13 <SV = 12> <Delay = 6.01>
ST_13 : Operation 825 [4/5] (6.01ns)   --->   "%sum_9_0_0_1 = fadd i32 %sum_9, i32 %mul3_0_0_1" [cnn.cpp:135]   --->   Operation 825 'fadd' 'sum_9_0_0_1' <Predicate = true> <Delay = 6.01> <CoreInst = "FAddSub_fulldsp">   --->   Core 18 'FAddSub_fulldsp' <Latency = 4> <II = 1> <Delay = 6.01> <FuncUnit> <Opcode : 'fadd' 'fsub'> <InPorts = 2> <OutPorts = 1>

State 14 <SV = 13> <Delay = 6.01>
ST_14 : Operation 826 [3/5] (6.01ns)   --->   "%sum_9_0_0_1 = fadd i32 %sum_9, i32 %mul3_0_0_1" [cnn.cpp:135]   --->   Operation 826 'fadd' 'sum_9_0_0_1' <Predicate = true> <Delay = 6.01> <CoreInst = "FAddSub_fulldsp">   --->   Core 18 'FAddSub_fulldsp' <Latency = 4> <II = 1> <Delay = 6.01> <FuncUnit> <Opcode : 'fadd' 'fsub'> <InPorts = 2> <OutPorts = 1>

State 15 <SV = 14> <Delay = 6.01>
ST_15 : Operation 827 [2/5] (6.01ns)   --->   "%sum_9_0_0_1 = fadd i32 %sum_9, i32 %mul3_0_0_1" [cnn.cpp:135]   --->   Operation 827 'fadd' 'sum_9_0_0_1' <Predicate = true> <Delay = 6.01> <CoreInst = "FAddSub_fulldsp">   --->   Core 18 'FAddSub_fulldsp' <Latency = 4> <II = 1> <Delay = 6.01> <FuncUnit> <Opcode : 'fadd' 'fsub'> <InPorts = 2> <OutPorts = 1>

State 16 <SV = 15> <Delay = 6.01>
ST_16 : Operation 828 [1/5] (6.01ns)   --->   "%sum_9_0_0_1 = fadd i32 %sum_9, i32 %mul3_0_0_1" [cnn.cpp:135]   --->   Operation 828 'fadd' 'sum_9_0_0_1' <Predicate = true> <Delay = 6.01> <CoreInst = "FAddSub_fulldsp">   --->   Core 18 'FAddSub_fulldsp' <Latency = 4> <II = 1> <Delay = 6.01> <FuncUnit> <Opcode : 'fadd' 'fsub'> <InPorts = 2> <OutPorts = 1>

State 17 <SV = 16> <Delay = 6.01>
ST_17 : Operation 829 [5/5] (6.01ns)   --->   "%sum_9_0_0_2 = fadd i32 %sum_9_0_0_1, i32 %mul3_0_0_2" [cnn.cpp:135]   --->   Operation 829 'fadd' 'sum_9_0_0_2' <Predicate = true> <Delay = 6.01> <CoreInst = "FAddSub_fulldsp">   --->   Core 18 'FAddSub_fulldsp' <Latency = 4> <II = 1> <Delay = 6.01> <FuncUnit> <Opcode : 'fadd' 'fsub'> <InPorts = 2> <OutPorts = 1>

State 18 <SV = 17> <Delay = 6.01>
ST_18 : Operation 830 [4/5] (6.01ns)   --->   "%sum_9_0_0_2 = fadd i32 %sum_9_0_0_1, i32 %mul3_0_0_2" [cnn.cpp:135]   --->   Operation 830 'fadd' 'sum_9_0_0_2' <Predicate = true> <Delay = 6.01> <CoreInst = "FAddSub_fulldsp">   --->   Core 18 'FAddSub_fulldsp' <Latency = 4> <II = 1> <Delay = 6.01> <FuncUnit> <Opcode : 'fadd' 'fsub'> <InPorts = 2> <OutPorts = 1>

State 19 <SV = 18> <Delay = 6.01>
ST_19 : Operation 831 [3/5] (6.01ns)   --->   "%sum_9_0_0_2 = fadd i32 %sum_9_0_0_1, i32 %mul3_0_0_2" [cnn.cpp:135]   --->   Operation 831 'fadd' 'sum_9_0_0_2' <Predicate = true> <Delay = 6.01> <CoreInst = "FAddSub_fulldsp">   --->   Core 18 'FAddSub_fulldsp' <Latency = 4> <II = 1> <Delay = 6.01> <FuncUnit> <Opcode : 'fadd' 'fsub'> <InPorts = 2> <OutPorts = 1>

State 20 <SV = 19> <Delay = 6.01>
ST_20 : Operation 832 [2/5] (6.01ns)   --->   "%sum_9_0_0_2 = fadd i32 %sum_9_0_0_1, i32 %mul3_0_0_2" [cnn.cpp:135]   --->   Operation 832 'fadd' 'sum_9_0_0_2' <Predicate = true> <Delay = 6.01> <CoreInst = "FAddSub_fulldsp">   --->   Core 18 'FAddSub_fulldsp' <Latency = 4> <II = 1> <Delay = 6.01> <FuncUnit> <Opcode : 'fadd' 'fsub'> <InPorts = 2> <OutPorts = 1>

State 21 <SV = 20> <Delay = 6.01>
ST_21 : Operation 833 [1/5] (6.01ns)   --->   "%sum_9_0_0_2 = fadd i32 %sum_9_0_0_1, i32 %mul3_0_0_2" [cnn.cpp:135]   --->   Operation 833 'fadd' 'sum_9_0_0_2' <Predicate = true> <Delay = 6.01> <CoreInst = "FAddSub_fulldsp">   --->   Core 18 'FAddSub_fulldsp' <Latency = 4> <II = 1> <Delay = 6.01> <FuncUnit> <Opcode : 'fadd' 'fsub'> <InPorts = 2> <OutPorts = 1>

State 22 <SV = 21> <Delay = 6.01>
ST_22 : Operation 834 [5/5] (6.01ns)   --->   "%sum_9_0_0_3 = fadd i32 %sum_9_0_0_2, i32 %mul3_0_0_3" [cnn.cpp:135]   --->   Operation 834 'fadd' 'sum_9_0_0_3' <Predicate = true> <Delay = 6.01> <CoreInst = "FAddSub_fulldsp">   --->   Core 18 'FAddSub_fulldsp' <Latency = 4> <II = 1> <Delay = 6.01> <FuncUnit> <Opcode : 'fadd' 'fsub'> <InPorts = 2> <OutPorts = 1>

State 23 <SV = 22> <Delay = 6.01>
ST_23 : Operation 835 [4/5] (6.01ns)   --->   "%sum_9_0_0_3 = fadd i32 %sum_9_0_0_2, i32 %mul3_0_0_3" [cnn.cpp:135]   --->   Operation 835 'fadd' 'sum_9_0_0_3' <Predicate = true> <Delay = 6.01> <CoreInst = "FAddSub_fulldsp">   --->   Core 18 'FAddSub_fulldsp' <Latency = 4> <II = 1> <Delay = 6.01> <FuncUnit> <Opcode : 'fadd' 'fsub'> <InPorts = 2> <OutPorts = 1>

State 24 <SV = 23> <Delay = 6.01>
ST_24 : Operation 836 [3/5] (6.01ns)   --->   "%sum_9_0_0_3 = fadd i32 %sum_9_0_0_2, i32 %mul3_0_0_3" [cnn.cpp:135]   --->   Operation 836 'fadd' 'sum_9_0_0_3' <Predicate = true> <Delay = 6.01> <CoreInst = "FAddSub_fulldsp">   --->   Core 18 'FAddSub_fulldsp' <Latency = 4> <II = 1> <Delay = 6.01> <FuncUnit> <Opcode : 'fadd' 'fsub'> <InPorts = 2> <OutPorts = 1>

State 25 <SV = 24> <Delay = 6.01>
ST_25 : Operation 837 [2/5] (6.01ns)   --->   "%sum_9_0_0_3 = fadd i32 %sum_9_0_0_2, i32 %mul3_0_0_3" [cnn.cpp:135]   --->   Operation 837 'fadd' 'sum_9_0_0_3' <Predicate = true> <Delay = 6.01> <CoreInst = "FAddSub_fulldsp">   --->   Core 18 'FAddSub_fulldsp' <Latency = 4> <II = 1> <Delay = 6.01> <FuncUnit> <Opcode : 'fadd' 'fsub'> <InPorts = 2> <OutPorts = 1>

State 26 <SV = 25> <Delay = 6.01>
ST_26 : Operation 838 [1/5] (6.01ns)   --->   "%sum_9_0_0_3 = fadd i32 %sum_9_0_0_2, i32 %mul3_0_0_3" [cnn.cpp:135]   --->   Operation 838 'fadd' 'sum_9_0_0_3' <Predicate = true> <Delay = 6.01> <CoreInst = "FAddSub_fulldsp">   --->   Core 18 'FAddSub_fulldsp' <Latency = 4> <II = 1> <Delay = 6.01> <FuncUnit> <Opcode : 'fadd' 'fsub'> <InPorts = 2> <OutPorts = 1>

State 27 <SV = 26> <Delay = 6.01>
ST_27 : Operation 839 [5/5] (6.01ns)   --->   "%sum_9_0_1 = fadd i32 %sum_9_0_0_3, i32 %mul3_0_1" [cnn.cpp:135]   --->   Operation 839 'fadd' 'sum_9_0_1' <Predicate = true> <Delay = 6.01> <CoreInst = "FAddSub_fulldsp">   --->   Core 18 'FAddSub_fulldsp' <Latency = 4> <II = 1> <Delay = 6.01> <FuncUnit> <Opcode : 'fadd' 'fsub'> <InPorts = 2> <OutPorts = 1>

State 28 <SV = 27> <Delay = 6.01>
ST_28 : Operation 840 [4/5] (6.01ns)   --->   "%sum_9_0_1 = fadd i32 %sum_9_0_0_3, i32 %mul3_0_1" [cnn.cpp:135]   --->   Operation 840 'fadd' 'sum_9_0_1' <Predicate = true> <Delay = 6.01> <CoreInst = "FAddSub_fulldsp">   --->   Core 18 'FAddSub_fulldsp' <Latency = 4> <II = 1> <Delay = 6.01> <FuncUnit> <Opcode : 'fadd' 'fsub'> <InPorts = 2> <OutPorts = 1>

State 29 <SV = 28> <Delay = 6.01>
ST_29 : Operation 841 [3/5] (6.01ns)   --->   "%sum_9_0_1 = fadd i32 %sum_9_0_0_3, i32 %mul3_0_1" [cnn.cpp:135]   --->   Operation 841 'fadd' 'sum_9_0_1' <Predicate = true> <Delay = 6.01> <CoreInst = "FAddSub_fulldsp">   --->   Core 18 'FAddSub_fulldsp' <Latency = 4> <II = 1> <Delay = 6.01> <FuncUnit> <Opcode : 'fadd' 'fsub'> <InPorts = 2> <OutPorts = 1>

State 30 <SV = 29> <Delay = 6.01>
ST_30 : Operation 842 [2/5] (6.01ns)   --->   "%sum_9_0_1 = fadd i32 %sum_9_0_0_3, i32 %mul3_0_1" [cnn.cpp:135]   --->   Operation 842 'fadd' 'sum_9_0_1' <Predicate = true> <Delay = 6.01> <CoreInst = "FAddSub_fulldsp">   --->   Core 18 'FAddSub_fulldsp' <Latency = 4> <II = 1> <Delay = 6.01> <FuncUnit> <Opcode : 'fadd' 'fsub'> <InPorts = 2> <OutPorts = 1>

State 31 <SV = 30> <Delay = 6.01>
ST_31 : Operation 843 [1/5] (6.01ns)   --->   "%sum_9_0_1 = fadd i32 %sum_9_0_0_3, i32 %mul3_0_1" [cnn.cpp:135]   --->   Operation 843 'fadd' 'sum_9_0_1' <Predicate = true> <Delay = 6.01> <CoreInst = "FAddSub_fulldsp">   --->   Core 18 'FAddSub_fulldsp' <Latency = 4> <II = 1> <Delay = 6.01> <FuncUnit> <Opcode : 'fadd' 'fsub'> <InPorts = 2> <OutPorts = 1>

State 32 <SV = 31> <Delay = 6.01>
ST_32 : Operation 844 [5/5] (6.01ns)   --->   "%sum_9_0_1_1 = fadd i32 %sum_9_0_1, i32 %mul3_0_1_1" [cnn.cpp:135]   --->   Operation 844 'fadd' 'sum_9_0_1_1' <Predicate = true> <Delay = 6.01> <CoreInst = "FAddSub_fulldsp">   --->   Core 18 'FAddSub_fulldsp' <Latency = 4> <II = 1> <Delay = 6.01> <FuncUnit> <Opcode : 'fadd' 'fsub'> <InPorts = 2> <OutPorts = 1>

State 33 <SV = 32> <Delay = 6.01>
ST_33 : Operation 845 [4/5] (6.01ns)   --->   "%sum_9_0_1_1 = fadd i32 %sum_9_0_1, i32 %mul3_0_1_1" [cnn.cpp:135]   --->   Operation 845 'fadd' 'sum_9_0_1_1' <Predicate = true> <Delay = 6.01> <CoreInst = "FAddSub_fulldsp">   --->   Core 18 'FAddSub_fulldsp' <Latency = 4> <II = 1> <Delay = 6.01> <FuncUnit> <Opcode : 'fadd' 'fsub'> <InPorts = 2> <OutPorts = 1>

State 34 <SV = 33> <Delay = 6.01>
ST_34 : Operation 846 [3/5] (6.01ns)   --->   "%sum_9_0_1_1 = fadd i32 %sum_9_0_1, i32 %mul3_0_1_1" [cnn.cpp:135]   --->   Operation 846 'fadd' 'sum_9_0_1_1' <Predicate = true> <Delay = 6.01> <CoreInst = "FAddSub_fulldsp">   --->   Core 18 'FAddSub_fulldsp' <Latency = 4> <II = 1> <Delay = 6.01> <FuncUnit> <Opcode : 'fadd' 'fsub'> <InPorts = 2> <OutPorts = 1>

State 35 <SV = 34> <Delay = 6.01>
ST_35 : Operation 847 [2/5] (6.01ns)   --->   "%sum_9_0_1_1 = fadd i32 %sum_9_0_1, i32 %mul3_0_1_1" [cnn.cpp:135]   --->   Operation 847 'fadd' 'sum_9_0_1_1' <Predicate = true> <Delay = 6.01> <CoreInst = "FAddSub_fulldsp">   --->   Core 18 'FAddSub_fulldsp' <Latency = 4> <II = 1> <Delay = 6.01> <FuncUnit> <Opcode : 'fadd' 'fsub'> <InPorts = 2> <OutPorts = 1>

State 36 <SV = 35> <Delay = 6.01>
ST_36 : Operation 848 [1/5] (6.01ns)   --->   "%sum_9_0_1_1 = fadd i32 %sum_9_0_1, i32 %mul3_0_1_1" [cnn.cpp:135]   --->   Operation 848 'fadd' 'sum_9_0_1_1' <Predicate = true> <Delay = 6.01> <CoreInst = "FAddSub_fulldsp">   --->   Core 18 'FAddSub_fulldsp' <Latency = 4> <II = 1> <Delay = 6.01> <FuncUnit> <Opcode : 'fadd' 'fsub'> <InPorts = 2> <OutPorts = 1>

State 37 <SV = 36> <Delay = 6.01>
ST_37 : Operation 849 [5/5] (6.01ns)   --->   "%sum_9_0_1_2 = fadd i32 %sum_9_0_1_1, i32 %mul3_0_1_2" [cnn.cpp:135]   --->   Operation 849 'fadd' 'sum_9_0_1_2' <Predicate = true> <Delay = 6.01> <CoreInst = "FAddSub_fulldsp">   --->   Core 18 'FAddSub_fulldsp' <Latency = 4> <II = 1> <Delay = 6.01> <FuncUnit> <Opcode : 'fadd' 'fsub'> <InPorts = 2> <OutPorts = 1>

State 38 <SV = 37> <Delay = 6.01>
ST_38 : Operation 850 [4/5] (6.01ns)   --->   "%sum_9_0_1_2 = fadd i32 %sum_9_0_1_1, i32 %mul3_0_1_2" [cnn.cpp:135]   --->   Operation 850 'fadd' 'sum_9_0_1_2' <Predicate = true> <Delay = 6.01> <CoreInst = "FAddSub_fulldsp">   --->   Core 18 'FAddSub_fulldsp' <Latency = 4> <II = 1> <Delay = 6.01> <FuncUnit> <Opcode : 'fadd' 'fsub'> <InPorts = 2> <OutPorts = 1>

State 39 <SV = 38> <Delay = 6.01>
ST_39 : Operation 851 [3/5] (6.01ns)   --->   "%sum_9_0_1_2 = fadd i32 %sum_9_0_1_1, i32 %mul3_0_1_2" [cnn.cpp:135]   --->   Operation 851 'fadd' 'sum_9_0_1_2' <Predicate = true> <Delay = 6.01> <CoreInst = "FAddSub_fulldsp">   --->   Core 18 'FAddSub_fulldsp' <Latency = 4> <II = 1> <Delay = 6.01> <FuncUnit> <Opcode : 'fadd' 'fsub'> <InPorts = 2> <OutPorts = 1>

State 40 <SV = 39> <Delay = 6.01>
ST_40 : Operation 852 [2/5] (6.01ns)   --->   "%sum_9_0_1_2 = fadd i32 %sum_9_0_1_1, i32 %mul3_0_1_2" [cnn.cpp:135]   --->   Operation 852 'fadd' 'sum_9_0_1_2' <Predicate = true> <Delay = 6.01> <CoreInst = "FAddSub_fulldsp">   --->   Core 18 'FAddSub_fulldsp' <Latency = 4> <II = 1> <Delay = 6.01> <FuncUnit> <Opcode : 'fadd' 'fsub'> <InPorts = 2> <OutPorts = 1>

State 41 <SV = 40> <Delay = 6.01>
ST_41 : Operation 853 [1/5] (6.01ns)   --->   "%sum_9_0_1_2 = fadd i32 %sum_9_0_1_1, i32 %mul3_0_1_2" [cnn.cpp:135]   --->   Operation 853 'fadd' 'sum_9_0_1_2' <Predicate = true> <Delay = 6.01> <CoreInst = "FAddSub_fulldsp">   --->   Core 18 'FAddSub_fulldsp' <Latency = 4> <II = 1> <Delay = 6.01> <FuncUnit> <Opcode : 'fadd' 'fsub'> <InPorts = 2> <OutPorts = 1>

State 42 <SV = 41> <Delay = 6.01>
ST_42 : Operation 854 [5/5] (6.01ns)   --->   "%sum_9_0_1_3 = fadd i32 %sum_9_0_1_2, i32 %mul3_0_1_3" [cnn.cpp:135]   --->   Operation 854 'fadd' 'sum_9_0_1_3' <Predicate = true> <Delay = 6.01> <CoreInst = "FAddSub_fulldsp">   --->   Core 18 'FAddSub_fulldsp' <Latency = 4> <II = 1> <Delay = 6.01> <FuncUnit> <Opcode : 'fadd' 'fsub'> <InPorts = 2> <OutPorts = 1>

State 43 <SV = 42> <Delay = 6.01>
ST_43 : Operation 855 [4/5] (6.01ns)   --->   "%sum_9_0_1_3 = fadd i32 %sum_9_0_1_2, i32 %mul3_0_1_3" [cnn.cpp:135]   --->   Operation 855 'fadd' 'sum_9_0_1_3' <Predicate = true> <Delay = 6.01> <CoreInst = "FAddSub_fulldsp">   --->   Core 18 'FAddSub_fulldsp' <Latency = 4> <II = 1> <Delay = 6.01> <FuncUnit> <Opcode : 'fadd' 'fsub'> <InPorts = 2> <OutPorts = 1>

State 44 <SV = 43> <Delay = 6.01>
ST_44 : Operation 856 [3/5] (6.01ns)   --->   "%sum_9_0_1_3 = fadd i32 %sum_9_0_1_2, i32 %mul3_0_1_3" [cnn.cpp:135]   --->   Operation 856 'fadd' 'sum_9_0_1_3' <Predicate = true> <Delay = 6.01> <CoreInst = "FAddSub_fulldsp">   --->   Core 18 'FAddSub_fulldsp' <Latency = 4> <II = 1> <Delay = 6.01> <FuncUnit> <Opcode : 'fadd' 'fsub'> <InPorts = 2> <OutPorts = 1>

State 45 <SV = 44> <Delay = 6.01>
ST_45 : Operation 857 [2/5] (6.01ns)   --->   "%sum_9_0_1_3 = fadd i32 %sum_9_0_1_2, i32 %mul3_0_1_3" [cnn.cpp:135]   --->   Operation 857 'fadd' 'sum_9_0_1_3' <Predicate = true> <Delay = 6.01> <CoreInst = "FAddSub_fulldsp">   --->   Core 18 'FAddSub_fulldsp' <Latency = 4> <II = 1> <Delay = 6.01> <FuncUnit> <Opcode : 'fadd' 'fsub'> <InPorts = 2> <OutPorts = 1>

State 46 <SV = 45> <Delay = 6.01>
ST_46 : Operation 858 [1/5] (6.01ns)   --->   "%sum_9_0_1_3 = fadd i32 %sum_9_0_1_2, i32 %mul3_0_1_3" [cnn.cpp:135]   --->   Operation 858 'fadd' 'sum_9_0_1_3' <Predicate = true> <Delay = 6.01> <CoreInst = "FAddSub_fulldsp">   --->   Core 18 'FAddSub_fulldsp' <Latency = 4> <II = 1> <Delay = 6.01> <FuncUnit> <Opcode : 'fadd' 'fsub'> <InPorts = 2> <OutPorts = 1>

State 47 <SV = 46> <Delay = 6.01>
ST_47 : Operation 859 [5/5] (6.01ns)   --->   "%sum_9_0_2 = fadd i32 %sum_9_0_1_3, i32 %mul3_0_2" [cnn.cpp:135]   --->   Operation 859 'fadd' 'sum_9_0_2' <Predicate = true> <Delay = 6.01> <CoreInst = "FAddSub_fulldsp">   --->   Core 18 'FAddSub_fulldsp' <Latency = 4> <II = 1> <Delay = 6.01> <FuncUnit> <Opcode : 'fadd' 'fsub'> <InPorts = 2> <OutPorts = 1>

State 48 <SV = 47> <Delay = 6.01>
ST_48 : Operation 860 [4/5] (6.01ns)   --->   "%sum_9_0_2 = fadd i32 %sum_9_0_1_3, i32 %mul3_0_2" [cnn.cpp:135]   --->   Operation 860 'fadd' 'sum_9_0_2' <Predicate = true> <Delay = 6.01> <CoreInst = "FAddSub_fulldsp">   --->   Core 18 'FAddSub_fulldsp' <Latency = 4> <II = 1> <Delay = 6.01> <FuncUnit> <Opcode : 'fadd' 'fsub'> <InPorts = 2> <OutPorts = 1>

State 49 <SV = 48> <Delay = 6.01>
ST_49 : Operation 861 [3/5] (6.01ns)   --->   "%sum_9_0_2 = fadd i32 %sum_9_0_1_3, i32 %mul3_0_2" [cnn.cpp:135]   --->   Operation 861 'fadd' 'sum_9_0_2' <Predicate = true> <Delay = 6.01> <CoreInst = "FAddSub_fulldsp">   --->   Core 18 'FAddSub_fulldsp' <Latency = 4> <II = 1> <Delay = 6.01> <FuncUnit> <Opcode : 'fadd' 'fsub'> <InPorts = 2> <OutPorts = 1>

State 50 <SV = 49> <Delay = 6.01>
ST_50 : Operation 862 [2/5] (6.01ns)   --->   "%sum_9_0_2 = fadd i32 %sum_9_0_1_3, i32 %mul3_0_2" [cnn.cpp:135]   --->   Operation 862 'fadd' 'sum_9_0_2' <Predicate = true> <Delay = 6.01> <CoreInst = "FAddSub_fulldsp">   --->   Core 18 'FAddSub_fulldsp' <Latency = 4> <II = 1> <Delay = 6.01> <FuncUnit> <Opcode : 'fadd' 'fsub'> <InPorts = 2> <OutPorts = 1>

State 51 <SV = 50> <Delay = 6.01>
ST_51 : Operation 863 [1/5] (6.01ns)   --->   "%sum_9_0_2 = fadd i32 %sum_9_0_1_3, i32 %mul3_0_2" [cnn.cpp:135]   --->   Operation 863 'fadd' 'sum_9_0_2' <Predicate = true> <Delay = 6.01> <CoreInst = "FAddSub_fulldsp">   --->   Core 18 'FAddSub_fulldsp' <Latency = 4> <II = 1> <Delay = 6.01> <FuncUnit> <Opcode : 'fadd' 'fsub'> <InPorts = 2> <OutPorts = 1>

State 52 <SV = 51> <Delay = 6.01>
ST_52 : Operation 864 [5/5] (6.01ns)   --->   "%sum_9_0_2_1 = fadd i32 %sum_9_0_2, i32 %mul3_0_2_1" [cnn.cpp:135]   --->   Operation 864 'fadd' 'sum_9_0_2_1' <Predicate = true> <Delay = 6.01> <CoreInst = "FAddSub_fulldsp">   --->   Core 18 'FAddSub_fulldsp' <Latency = 4> <II = 1> <Delay = 6.01> <FuncUnit> <Opcode : 'fadd' 'fsub'> <InPorts = 2> <OutPorts = 1>

State 53 <SV = 52> <Delay = 6.01>
ST_53 : Operation 865 [4/5] (6.01ns)   --->   "%sum_9_0_2_1 = fadd i32 %sum_9_0_2, i32 %mul3_0_2_1" [cnn.cpp:135]   --->   Operation 865 'fadd' 'sum_9_0_2_1' <Predicate = true> <Delay = 6.01> <CoreInst = "FAddSub_fulldsp">   --->   Core 18 'FAddSub_fulldsp' <Latency = 4> <II = 1> <Delay = 6.01> <FuncUnit> <Opcode : 'fadd' 'fsub'> <InPorts = 2> <OutPorts = 1>

State 54 <SV = 53> <Delay = 6.01>
ST_54 : Operation 866 [3/5] (6.01ns)   --->   "%sum_9_0_2_1 = fadd i32 %sum_9_0_2, i32 %mul3_0_2_1" [cnn.cpp:135]   --->   Operation 866 'fadd' 'sum_9_0_2_1' <Predicate = true> <Delay = 6.01> <CoreInst = "FAddSub_fulldsp">   --->   Core 18 'FAddSub_fulldsp' <Latency = 4> <II = 1> <Delay = 6.01> <FuncUnit> <Opcode : 'fadd' 'fsub'> <InPorts = 2> <OutPorts = 1>

State 55 <SV = 54> <Delay = 6.01>
ST_55 : Operation 867 [2/5] (6.01ns)   --->   "%sum_9_0_2_1 = fadd i32 %sum_9_0_2, i32 %mul3_0_2_1" [cnn.cpp:135]   --->   Operation 867 'fadd' 'sum_9_0_2_1' <Predicate = true> <Delay = 6.01> <CoreInst = "FAddSub_fulldsp">   --->   Core 18 'FAddSub_fulldsp' <Latency = 4> <II = 1> <Delay = 6.01> <FuncUnit> <Opcode : 'fadd' 'fsub'> <InPorts = 2> <OutPorts = 1>

State 56 <SV = 55> <Delay = 6.01>
ST_56 : Operation 868 [1/5] (6.01ns)   --->   "%sum_9_0_2_1 = fadd i32 %sum_9_0_2, i32 %mul3_0_2_1" [cnn.cpp:135]   --->   Operation 868 'fadd' 'sum_9_0_2_1' <Predicate = true> <Delay = 6.01> <CoreInst = "FAddSub_fulldsp">   --->   Core 18 'FAddSub_fulldsp' <Latency = 4> <II = 1> <Delay = 6.01> <FuncUnit> <Opcode : 'fadd' 'fsub'> <InPorts = 2> <OutPorts = 1>

State 57 <SV = 56> <Delay = 6.01>
ST_57 : Operation 869 [5/5] (6.01ns)   --->   "%sum_9_0_2_2 = fadd i32 %sum_9_0_2_1, i32 %mul3_0_2_2" [cnn.cpp:135]   --->   Operation 869 'fadd' 'sum_9_0_2_2' <Predicate = true> <Delay = 6.01> <CoreInst = "FAddSub_fulldsp">   --->   Core 18 'FAddSub_fulldsp' <Latency = 4> <II = 1> <Delay = 6.01> <FuncUnit> <Opcode : 'fadd' 'fsub'> <InPorts = 2> <OutPorts = 1>

State 58 <SV = 57> <Delay = 6.01>
ST_58 : Operation 870 [4/5] (6.01ns)   --->   "%sum_9_0_2_2 = fadd i32 %sum_9_0_2_1, i32 %mul3_0_2_2" [cnn.cpp:135]   --->   Operation 870 'fadd' 'sum_9_0_2_2' <Predicate = true> <Delay = 6.01> <CoreInst = "FAddSub_fulldsp">   --->   Core 18 'FAddSub_fulldsp' <Latency = 4> <II = 1> <Delay = 6.01> <FuncUnit> <Opcode : 'fadd' 'fsub'> <InPorts = 2> <OutPorts = 1>

State 59 <SV = 58> <Delay = 6.01>
ST_59 : Operation 871 [3/5] (6.01ns)   --->   "%sum_9_0_2_2 = fadd i32 %sum_9_0_2_1, i32 %mul3_0_2_2" [cnn.cpp:135]   --->   Operation 871 'fadd' 'sum_9_0_2_2' <Predicate = true> <Delay = 6.01> <CoreInst = "FAddSub_fulldsp">   --->   Core 18 'FAddSub_fulldsp' <Latency = 4> <II = 1> <Delay = 6.01> <FuncUnit> <Opcode : 'fadd' 'fsub'> <InPorts = 2> <OutPorts = 1>

State 60 <SV = 59> <Delay = 6.01>
ST_60 : Operation 872 [2/5] (6.01ns)   --->   "%sum_9_0_2_2 = fadd i32 %sum_9_0_2_1, i32 %mul3_0_2_2" [cnn.cpp:135]   --->   Operation 872 'fadd' 'sum_9_0_2_2' <Predicate = true> <Delay = 6.01> <CoreInst = "FAddSub_fulldsp">   --->   Core 18 'FAddSub_fulldsp' <Latency = 4> <II = 1> <Delay = 6.01> <FuncUnit> <Opcode : 'fadd' 'fsub'> <InPorts = 2> <OutPorts = 1>

State 61 <SV = 60> <Delay = 6.01>
ST_61 : Operation 873 [1/5] (6.01ns)   --->   "%sum_9_0_2_2 = fadd i32 %sum_9_0_2_1, i32 %mul3_0_2_2" [cnn.cpp:135]   --->   Operation 873 'fadd' 'sum_9_0_2_2' <Predicate = true> <Delay = 6.01> <CoreInst = "FAddSub_fulldsp">   --->   Core 18 'FAddSub_fulldsp' <Latency = 4> <II = 1> <Delay = 6.01> <FuncUnit> <Opcode : 'fadd' 'fsub'> <InPorts = 2> <OutPorts = 1>

State 62 <SV = 61> <Delay = 6.01>
ST_62 : Operation 874 [5/5] (6.01ns)   --->   "%sum_9_0_2_3 = fadd i32 %sum_9_0_2_2, i32 %mul3_0_2_3" [cnn.cpp:135]   --->   Operation 874 'fadd' 'sum_9_0_2_3' <Predicate = true> <Delay = 6.01> <CoreInst = "FAddSub_fulldsp">   --->   Core 18 'FAddSub_fulldsp' <Latency = 4> <II = 1> <Delay = 6.01> <FuncUnit> <Opcode : 'fadd' 'fsub'> <InPorts = 2> <OutPorts = 1>

State 63 <SV = 62> <Delay = 6.01>
ST_63 : Operation 875 [4/5] (6.01ns)   --->   "%sum_9_0_2_3 = fadd i32 %sum_9_0_2_2, i32 %mul3_0_2_3" [cnn.cpp:135]   --->   Operation 875 'fadd' 'sum_9_0_2_3' <Predicate = true> <Delay = 6.01> <CoreInst = "FAddSub_fulldsp">   --->   Core 18 'FAddSub_fulldsp' <Latency = 4> <II = 1> <Delay = 6.01> <FuncUnit> <Opcode : 'fadd' 'fsub'> <InPorts = 2> <OutPorts = 1>

State 64 <SV = 63> <Delay = 6.01>
ST_64 : Operation 876 [3/5] (6.01ns)   --->   "%sum_9_0_2_3 = fadd i32 %sum_9_0_2_2, i32 %mul3_0_2_3" [cnn.cpp:135]   --->   Operation 876 'fadd' 'sum_9_0_2_3' <Predicate = true> <Delay = 6.01> <CoreInst = "FAddSub_fulldsp">   --->   Core 18 'FAddSub_fulldsp' <Latency = 4> <II = 1> <Delay = 6.01> <FuncUnit> <Opcode : 'fadd' 'fsub'> <InPorts = 2> <OutPorts = 1>

State 65 <SV = 64> <Delay = 6.01>
ST_65 : Operation 877 [2/5] (6.01ns)   --->   "%sum_9_0_2_3 = fadd i32 %sum_9_0_2_2, i32 %mul3_0_2_3" [cnn.cpp:135]   --->   Operation 877 'fadd' 'sum_9_0_2_3' <Predicate = true> <Delay = 6.01> <CoreInst = "FAddSub_fulldsp">   --->   Core 18 'FAddSub_fulldsp' <Latency = 4> <II = 1> <Delay = 6.01> <FuncUnit> <Opcode : 'fadd' 'fsub'> <InPorts = 2> <OutPorts = 1>

State 66 <SV = 65> <Delay = 6.01>
ST_66 : Operation 878 [1/5] (6.01ns)   --->   "%sum_9_0_2_3 = fadd i32 %sum_9_0_2_2, i32 %mul3_0_2_3" [cnn.cpp:135]   --->   Operation 878 'fadd' 'sum_9_0_2_3' <Predicate = true> <Delay = 6.01> <CoreInst = "FAddSub_fulldsp">   --->   Core 18 'FAddSub_fulldsp' <Latency = 4> <II = 1> <Delay = 6.01> <FuncUnit> <Opcode : 'fadd' 'fsub'> <InPorts = 2> <OutPorts = 1>

State 67 <SV = 66> <Delay = 6.01>
ST_67 : Operation 879 [5/5] (6.01ns)   --->   "%sum_9_1 = fadd i32 %sum_9_0_2_3, i32 %mul3_1" [cnn.cpp:135]   --->   Operation 879 'fadd' 'sum_9_1' <Predicate = true> <Delay = 6.01> <CoreInst = "FAddSub_fulldsp">   --->   Core 18 'FAddSub_fulldsp' <Latency = 4> <II = 1> <Delay = 6.01> <FuncUnit> <Opcode : 'fadd' 'fsub'> <InPorts = 2> <OutPorts = 1>

State 68 <SV = 67> <Delay = 6.01>
ST_68 : Operation 880 [4/5] (6.01ns)   --->   "%sum_9_1 = fadd i32 %sum_9_0_2_3, i32 %mul3_1" [cnn.cpp:135]   --->   Operation 880 'fadd' 'sum_9_1' <Predicate = true> <Delay = 6.01> <CoreInst = "FAddSub_fulldsp">   --->   Core 18 'FAddSub_fulldsp' <Latency = 4> <II = 1> <Delay = 6.01> <FuncUnit> <Opcode : 'fadd' 'fsub'> <InPorts = 2> <OutPorts = 1>

State 69 <SV = 68> <Delay = 6.01>
ST_69 : Operation 881 [3/5] (6.01ns)   --->   "%sum_9_1 = fadd i32 %sum_9_0_2_3, i32 %mul3_1" [cnn.cpp:135]   --->   Operation 881 'fadd' 'sum_9_1' <Predicate = true> <Delay = 6.01> <CoreInst = "FAddSub_fulldsp">   --->   Core 18 'FAddSub_fulldsp' <Latency = 4> <II = 1> <Delay = 6.01> <FuncUnit> <Opcode : 'fadd' 'fsub'> <InPorts = 2> <OutPorts = 1>

State 70 <SV = 69> <Delay = 6.01>
ST_70 : Operation 882 [2/5] (6.01ns)   --->   "%sum_9_1 = fadd i32 %sum_9_0_2_3, i32 %mul3_1" [cnn.cpp:135]   --->   Operation 882 'fadd' 'sum_9_1' <Predicate = true> <Delay = 6.01> <CoreInst = "FAddSub_fulldsp">   --->   Core 18 'FAddSub_fulldsp' <Latency = 4> <II = 1> <Delay = 6.01> <FuncUnit> <Opcode : 'fadd' 'fsub'> <InPorts = 2> <OutPorts = 1>

State 71 <SV = 70> <Delay = 6.01>
ST_71 : Operation 883 [1/5] (6.01ns)   --->   "%sum_9_1 = fadd i32 %sum_9_0_2_3, i32 %mul3_1" [cnn.cpp:135]   --->   Operation 883 'fadd' 'sum_9_1' <Predicate = true> <Delay = 6.01> <CoreInst = "FAddSub_fulldsp">   --->   Core 18 'FAddSub_fulldsp' <Latency = 4> <II = 1> <Delay = 6.01> <FuncUnit> <Opcode : 'fadd' 'fsub'> <InPorts = 2> <OutPorts = 1>

State 72 <SV = 71> <Delay = 6.01>
ST_72 : Operation 884 [5/5] (6.01ns)   --->   "%sum_9_1_0_1 = fadd i32 %sum_9_1, i32 %mul3_1_0_1" [cnn.cpp:135]   --->   Operation 884 'fadd' 'sum_9_1_0_1' <Predicate = true> <Delay = 6.01> <CoreInst = "FAddSub_fulldsp">   --->   Core 18 'FAddSub_fulldsp' <Latency = 4> <II = 1> <Delay = 6.01> <FuncUnit> <Opcode : 'fadd' 'fsub'> <InPorts = 2> <OutPorts = 1>

State 73 <SV = 72> <Delay = 6.01>
ST_73 : Operation 885 [4/5] (6.01ns)   --->   "%sum_9_1_0_1 = fadd i32 %sum_9_1, i32 %mul3_1_0_1" [cnn.cpp:135]   --->   Operation 885 'fadd' 'sum_9_1_0_1' <Predicate = true> <Delay = 6.01> <CoreInst = "FAddSub_fulldsp">   --->   Core 18 'FAddSub_fulldsp' <Latency = 4> <II = 1> <Delay = 6.01> <FuncUnit> <Opcode : 'fadd' 'fsub'> <InPorts = 2> <OutPorts = 1>

State 74 <SV = 73> <Delay = 6.01>
ST_74 : Operation 886 [3/5] (6.01ns)   --->   "%sum_9_1_0_1 = fadd i32 %sum_9_1, i32 %mul3_1_0_1" [cnn.cpp:135]   --->   Operation 886 'fadd' 'sum_9_1_0_1' <Predicate = true> <Delay = 6.01> <CoreInst = "FAddSub_fulldsp">   --->   Core 18 'FAddSub_fulldsp' <Latency = 4> <II = 1> <Delay = 6.01> <FuncUnit> <Opcode : 'fadd' 'fsub'> <InPorts = 2> <OutPorts = 1>

State 75 <SV = 74> <Delay = 6.01>
ST_75 : Operation 887 [2/5] (6.01ns)   --->   "%sum_9_1_0_1 = fadd i32 %sum_9_1, i32 %mul3_1_0_1" [cnn.cpp:135]   --->   Operation 887 'fadd' 'sum_9_1_0_1' <Predicate = true> <Delay = 6.01> <CoreInst = "FAddSub_fulldsp">   --->   Core 18 'FAddSub_fulldsp' <Latency = 4> <II = 1> <Delay = 6.01> <FuncUnit> <Opcode : 'fadd' 'fsub'> <InPorts = 2> <OutPorts = 1>

State 76 <SV = 75> <Delay = 6.01>
ST_76 : Operation 888 [1/5] (6.01ns)   --->   "%sum_9_1_0_1 = fadd i32 %sum_9_1, i32 %mul3_1_0_1" [cnn.cpp:135]   --->   Operation 888 'fadd' 'sum_9_1_0_1' <Predicate = true> <Delay = 6.01> <CoreInst = "FAddSub_fulldsp">   --->   Core 18 'FAddSub_fulldsp' <Latency = 4> <II = 1> <Delay = 6.01> <FuncUnit> <Opcode : 'fadd' 'fsub'> <InPorts = 2> <OutPorts = 1>

State 77 <SV = 76> <Delay = 6.01>
ST_77 : Operation 889 [5/5] (6.01ns)   --->   "%sum_9_1_0_2 = fadd i32 %sum_9_1_0_1, i32 %mul3_1_0_2" [cnn.cpp:135]   --->   Operation 889 'fadd' 'sum_9_1_0_2' <Predicate = true> <Delay = 6.01> <CoreInst = "FAddSub_fulldsp">   --->   Core 18 'FAddSub_fulldsp' <Latency = 4> <II = 1> <Delay = 6.01> <FuncUnit> <Opcode : 'fadd' 'fsub'> <InPorts = 2> <OutPorts = 1>

State 78 <SV = 77> <Delay = 6.01>
ST_78 : Operation 890 [4/5] (6.01ns)   --->   "%sum_9_1_0_2 = fadd i32 %sum_9_1_0_1, i32 %mul3_1_0_2" [cnn.cpp:135]   --->   Operation 890 'fadd' 'sum_9_1_0_2' <Predicate = true> <Delay = 6.01> <CoreInst = "FAddSub_fulldsp">   --->   Core 18 'FAddSub_fulldsp' <Latency = 4> <II = 1> <Delay = 6.01> <FuncUnit> <Opcode : 'fadd' 'fsub'> <InPorts = 2> <OutPorts = 1>

State 79 <SV = 78> <Delay = 6.01>
ST_79 : Operation 891 [3/5] (6.01ns)   --->   "%sum_9_1_0_2 = fadd i32 %sum_9_1_0_1, i32 %mul3_1_0_2" [cnn.cpp:135]   --->   Operation 891 'fadd' 'sum_9_1_0_2' <Predicate = true> <Delay = 6.01> <CoreInst = "FAddSub_fulldsp">   --->   Core 18 'FAddSub_fulldsp' <Latency = 4> <II = 1> <Delay = 6.01> <FuncUnit> <Opcode : 'fadd' 'fsub'> <InPorts = 2> <OutPorts = 1>

State 80 <SV = 79> <Delay = 6.01>
ST_80 : Operation 892 [2/5] (6.01ns)   --->   "%sum_9_1_0_2 = fadd i32 %sum_9_1_0_1, i32 %mul3_1_0_2" [cnn.cpp:135]   --->   Operation 892 'fadd' 'sum_9_1_0_2' <Predicate = true> <Delay = 6.01> <CoreInst = "FAddSub_fulldsp">   --->   Core 18 'FAddSub_fulldsp' <Latency = 4> <II = 1> <Delay = 6.01> <FuncUnit> <Opcode : 'fadd' 'fsub'> <InPorts = 2> <OutPorts = 1>

State 81 <SV = 80> <Delay = 6.01>
ST_81 : Operation 893 [1/5] (6.01ns)   --->   "%sum_9_1_0_2 = fadd i32 %sum_9_1_0_1, i32 %mul3_1_0_2" [cnn.cpp:135]   --->   Operation 893 'fadd' 'sum_9_1_0_2' <Predicate = true> <Delay = 6.01> <CoreInst = "FAddSub_fulldsp">   --->   Core 18 'FAddSub_fulldsp' <Latency = 4> <II = 1> <Delay = 6.01> <FuncUnit> <Opcode : 'fadd' 'fsub'> <InPorts = 2> <OutPorts = 1>

State 82 <SV = 81> <Delay = 6.01>
ST_82 : Operation 894 [5/5] (6.01ns)   --->   "%sum_9_1_0_3 = fadd i32 %sum_9_1_0_2, i32 %mul3_1_0_3" [cnn.cpp:135]   --->   Operation 894 'fadd' 'sum_9_1_0_3' <Predicate = true> <Delay = 6.01> <CoreInst = "FAddSub_fulldsp">   --->   Core 18 'FAddSub_fulldsp' <Latency = 4> <II = 1> <Delay = 6.01> <FuncUnit> <Opcode : 'fadd' 'fsub'> <InPorts = 2> <OutPorts = 1>

State 83 <SV = 82> <Delay = 6.01>
ST_83 : Operation 895 [4/5] (6.01ns)   --->   "%sum_9_1_0_3 = fadd i32 %sum_9_1_0_2, i32 %mul3_1_0_3" [cnn.cpp:135]   --->   Operation 895 'fadd' 'sum_9_1_0_3' <Predicate = true> <Delay = 6.01> <CoreInst = "FAddSub_fulldsp">   --->   Core 18 'FAddSub_fulldsp' <Latency = 4> <II = 1> <Delay = 6.01> <FuncUnit> <Opcode : 'fadd' 'fsub'> <InPorts = 2> <OutPorts = 1>

State 84 <SV = 83> <Delay = 6.01>
ST_84 : Operation 896 [3/5] (6.01ns)   --->   "%sum_9_1_0_3 = fadd i32 %sum_9_1_0_2, i32 %mul3_1_0_3" [cnn.cpp:135]   --->   Operation 896 'fadd' 'sum_9_1_0_3' <Predicate = true> <Delay = 6.01> <CoreInst = "FAddSub_fulldsp">   --->   Core 18 'FAddSub_fulldsp' <Latency = 4> <II = 1> <Delay = 6.01> <FuncUnit> <Opcode : 'fadd' 'fsub'> <InPorts = 2> <OutPorts = 1>

State 85 <SV = 84> <Delay = 6.01>
ST_85 : Operation 897 [2/5] (6.01ns)   --->   "%sum_9_1_0_3 = fadd i32 %sum_9_1_0_2, i32 %mul3_1_0_3" [cnn.cpp:135]   --->   Operation 897 'fadd' 'sum_9_1_0_3' <Predicate = true> <Delay = 6.01> <CoreInst = "FAddSub_fulldsp">   --->   Core 18 'FAddSub_fulldsp' <Latency = 4> <II = 1> <Delay = 6.01> <FuncUnit> <Opcode : 'fadd' 'fsub'> <InPorts = 2> <OutPorts = 1>

State 86 <SV = 85> <Delay = 6.01>
ST_86 : Operation 898 [1/5] (6.01ns)   --->   "%sum_9_1_0_3 = fadd i32 %sum_9_1_0_2, i32 %mul3_1_0_3" [cnn.cpp:135]   --->   Operation 898 'fadd' 'sum_9_1_0_3' <Predicate = true> <Delay = 6.01> <CoreInst = "FAddSub_fulldsp">   --->   Core 18 'FAddSub_fulldsp' <Latency = 4> <II = 1> <Delay = 6.01> <FuncUnit> <Opcode : 'fadd' 'fsub'> <InPorts = 2> <OutPorts = 1>

State 87 <SV = 86> <Delay = 6.01>
ST_87 : Operation 899 [5/5] (6.01ns)   --->   "%sum_9_1_1 = fadd i32 %sum_9_1_0_3, i32 %mul3_1_1" [cnn.cpp:135]   --->   Operation 899 'fadd' 'sum_9_1_1' <Predicate = true> <Delay = 6.01> <CoreInst = "FAddSub_fulldsp">   --->   Core 18 'FAddSub_fulldsp' <Latency = 4> <II = 1> <Delay = 6.01> <FuncUnit> <Opcode : 'fadd' 'fsub'> <InPorts = 2> <OutPorts = 1>

State 88 <SV = 87> <Delay = 6.01>
ST_88 : Operation 900 [4/5] (6.01ns)   --->   "%sum_9_1_1 = fadd i32 %sum_9_1_0_3, i32 %mul3_1_1" [cnn.cpp:135]   --->   Operation 900 'fadd' 'sum_9_1_1' <Predicate = true> <Delay = 6.01> <CoreInst = "FAddSub_fulldsp">   --->   Core 18 'FAddSub_fulldsp' <Latency = 4> <II = 1> <Delay = 6.01> <FuncUnit> <Opcode : 'fadd' 'fsub'> <InPorts = 2> <OutPorts = 1>

State 89 <SV = 88> <Delay = 6.01>
ST_89 : Operation 901 [3/5] (6.01ns)   --->   "%sum_9_1_1 = fadd i32 %sum_9_1_0_3, i32 %mul3_1_1" [cnn.cpp:135]   --->   Operation 901 'fadd' 'sum_9_1_1' <Predicate = true> <Delay = 6.01> <CoreInst = "FAddSub_fulldsp">   --->   Core 18 'FAddSub_fulldsp' <Latency = 4> <II = 1> <Delay = 6.01> <FuncUnit> <Opcode : 'fadd' 'fsub'> <InPorts = 2> <OutPorts = 1>

State 90 <SV = 89> <Delay = 6.01>
ST_90 : Operation 902 [2/5] (6.01ns)   --->   "%sum_9_1_1 = fadd i32 %sum_9_1_0_3, i32 %mul3_1_1" [cnn.cpp:135]   --->   Operation 902 'fadd' 'sum_9_1_1' <Predicate = true> <Delay = 6.01> <CoreInst = "FAddSub_fulldsp">   --->   Core 18 'FAddSub_fulldsp' <Latency = 4> <II = 1> <Delay = 6.01> <FuncUnit> <Opcode : 'fadd' 'fsub'> <InPorts = 2> <OutPorts = 1>

State 91 <SV = 90> <Delay = 6.01>
ST_91 : Operation 903 [1/5] (6.01ns)   --->   "%sum_9_1_1 = fadd i32 %sum_9_1_0_3, i32 %mul3_1_1" [cnn.cpp:135]   --->   Operation 903 'fadd' 'sum_9_1_1' <Predicate = true> <Delay = 6.01> <CoreInst = "FAddSub_fulldsp">   --->   Core 18 'FAddSub_fulldsp' <Latency = 4> <II = 1> <Delay = 6.01> <FuncUnit> <Opcode : 'fadd' 'fsub'> <InPorts = 2> <OutPorts = 1>

State 92 <SV = 91> <Delay = 6.01>
ST_92 : Operation 904 [5/5] (6.01ns)   --->   "%sum_9_1_1_1 = fadd i32 %sum_9_1_1, i32 %mul3_1_1_1" [cnn.cpp:135]   --->   Operation 904 'fadd' 'sum_9_1_1_1' <Predicate = true> <Delay = 6.01> <CoreInst = "FAddSub_fulldsp">   --->   Core 18 'FAddSub_fulldsp' <Latency = 4> <II = 1> <Delay = 6.01> <FuncUnit> <Opcode : 'fadd' 'fsub'> <InPorts = 2> <OutPorts = 1>

State 93 <SV = 92> <Delay = 6.01>
ST_93 : Operation 905 [4/5] (6.01ns)   --->   "%sum_9_1_1_1 = fadd i32 %sum_9_1_1, i32 %mul3_1_1_1" [cnn.cpp:135]   --->   Operation 905 'fadd' 'sum_9_1_1_1' <Predicate = true> <Delay = 6.01> <CoreInst = "FAddSub_fulldsp">   --->   Core 18 'FAddSub_fulldsp' <Latency = 4> <II = 1> <Delay = 6.01> <FuncUnit> <Opcode : 'fadd' 'fsub'> <InPorts = 2> <OutPorts = 1>

State 94 <SV = 93> <Delay = 6.01>
ST_94 : Operation 906 [3/5] (6.01ns)   --->   "%sum_9_1_1_1 = fadd i32 %sum_9_1_1, i32 %mul3_1_1_1" [cnn.cpp:135]   --->   Operation 906 'fadd' 'sum_9_1_1_1' <Predicate = true> <Delay = 6.01> <CoreInst = "FAddSub_fulldsp">   --->   Core 18 'FAddSub_fulldsp' <Latency = 4> <II = 1> <Delay = 6.01> <FuncUnit> <Opcode : 'fadd' 'fsub'> <InPorts = 2> <OutPorts = 1>

State 95 <SV = 94> <Delay = 6.01>
ST_95 : Operation 907 [2/5] (6.01ns)   --->   "%sum_9_1_1_1 = fadd i32 %sum_9_1_1, i32 %mul3_1_1_1" [cnn.cpp:135]   --->   Operation 907 'fadd' 'sum_9_1_1_1' <Predicate = true> <Delay = 6.01> <CoreInst = "FAddSub_fulldsp">   --->   Core 18 'FAddSub_fulldsp' <Latency = 4> <II = 1> <Delay = 6.01> <FuncUnit> <Opcode : 'fadd' 'fsub'> <InPorts = 2> <OutPorts = 1>

State 96 <SV = 95> <Delay = 6.01>
ST_96 : Operation 908 [1/5] (6.01ns)   --->   "%sum_9_1_1_1 = fadd i32 %sum_9_1_1, i32 %mul3_1_1_1" [cnn.cpp:135]   --->   Operation 908 'fadd' 'sum_9_1_1_1' <Predicate = true> <Delay = 6.01> <CoreInst = "FAddSub_fulldsp">   --->   Core 18 'FAddSub_fulldsp' <Latency = 4> <II = 1> <Delay = 6.01> <FuncUnit> <Opcode : 'fadd' 'fsub'> <InPorts = 2> <OutPorts = 1>

State 97 <SV = 96> <Delay = 6.01>
ST_97 : Operation 909 [5/5] (6.01ns)   --->   "%sum_9_1_1_2 = fadd i32 %sum_9_1_1_1, i32 %mul3_1_1_2" [cnn.cpp:135]   --->   Operation 909 'fadd' 'sum_9_1_1_2' <Predicate = true> <Delay = 6.01> <CoreInst = "FAddSub_fulldsp">   --->   Core 18 'FAddSub_fulldsp' <Latency = 4> <II = 1> <Delay = 6.01> <FuncUnit> <Opcode : 'fadd' 'fsub'> <InPorts = 2> <OutPorts = 1>

State 98 <SV = 97> <Delay = 6.01>
ST_98 : Operation 910 [4/5] (6.01ns)   --->   "%sum_9_1_1_2 = fadd i32 %sum_9_1_1_1, i32 %mul3_1_1_2" [cnn.cpp:135]   --->   Operation 910 'fadd' 'sum_9_1_1_2' <Predicate = true> <Delay = 6.01> <CoreInst = "FAddSub_fulldsp">   --->   Core 18 'FAddSub_fulldsp' <Latency = 4> <II = 1> <Delay = 6.01> <FuncUnit> <Opcode : 'fadd' 'fsub'> <InPorts = 2> <OutPorts = 1>

State 99 <SV = 98> <Delay = 6.01>
ST_99 : Operation 911 [3/5] (6.01ns)   --->   "%sum_9_1_1_2 = fadd i32 %sum_9_1_1_1, i32 %mul3_1_1_2" [cnn.cpp:135]   --->   Operation 911 'fadd' 'sum_9_1_1_2' <Predicate = true> <Delay = 6.01> <CoreInst = "FAddSub_fulldsp">   --->   Core 18 'FAddSub_fulldsp' <Latency = 4> <II = 1> <Delay = 6.01> <FuncUnit> <Opcode : 'fadd' 'fsub'> <InPorts = 2> <OutPorts = 1>

State 100 <SV = 99> <Delay = 6.01>
ST_100 : Operation 912 [2/5] (6.01ns)   --->   "%sum_9_1_1_2 = fadd i32 %sum_9_1_1_1, i32 %mul3_1_1_2" [cnn.cpp:135]   --->   Operation 912 'fadd' 'sum_9_1_1_2' <Predicate = true> <Delay = 6.01> <CoreInst = "FAddSub_fulldsp">   --->   Core 18 'FAddSub_fulldsp' <Latency = 4> <II = 1> <Delay = 6.01> <FuncUnit> <Opcode : 'fadd' 'fsub'> <InPorts = 2> <OutPorts = 1>

State 101 <SV = 100> <Delay = 6.01>
ST_101 : Operation 913 [1/5] (6.01ns)   --->   "%sum_9_1_1_2 = fadd i32 %sum_9_1_1_1, i32 %mul3_1_1_2" [cnn.cpp:135]   --->   Operation 913 'fadd' 'sum_9_1_1_2' <Predicate = true> <Delay = 6.01> <CoreInst = "FAddSub_fulldsp">   --->   Core 18 'FAddSub_fulldsp' <Latency = 4> <II = 1> <Delay = 6.01> <FuncUnit> <Opcode : 'fadd' 'fsub'> <InPorts = 2> <OutPorts = 1>

State 102 <SV = 101> <Delay = 6.01>
ST_102 : Operation 914 [5/5] (6.01ns)   --->   "%sum_9_1_1_3 = fadd i32 %sum_9_1_1_2, i32 %mul3_1_1_3" [cnn.cpp:135]   --->   Operation 914 'fadd' 'sum_9_1_1_3' <Predicate = true> <Delay = 6.01> <CoreInst = "FAddSub_fulldsp">   --->   Core 18 'FAddSub_fulldsp' <Latency = 4> <II = 1> <Delay = 6.01> <FuncUnit> <Opcode : 'fadd' 'fsub'> <InPorts = 2> <OutPorts = 1>

State 103 <SV = 102> <Delay = 6.01>
ST_103 : Operation 915 [4/5] (6.01ns)   --->   "%sum_9_1_1_3 = fadd i32 %sum_9_1_1_2, i32 %mul3_1_1_3" [cnn.cpp:135]   --->   Operation 915 'fadd' 'sum_9_1_1_3' <Predicate = true> <Delay = 6.01> <CoreInst = "FAddSub_fulldsp">   --->   Core 18 'FAddSub_fulldsp' <Latency = 4> <II = 1> <Delay = 6.01> <FuncUnit> <Opcode : 'fadd' 'fsub'> <InPorts = 2> <OutPorts = 1>

State 104 <SV = 103> <Delay = 6.01>
ST_104 : Operation 916 [3/5] (6.01ns)   --->   "%sum_9_1_1_3 = fadd i32 %sum_9_1_1_2, i32 %mul3_1_1_3" [cnn.cpp:135]   --->   Operation 916 'fadd' 'sum_9_1_1_3' <Predicate = true> <Delay = 6.01> <CoreInst = "FAddSub_fulldsp">   --->   Core 18 'FAddSub_fulldsp' <Latency = 4> <II = 1> <Delay = 6.01> <FuncUnit> <Opcode : 'fadd' 'fsub'> <InPorts = 2> <OutPorts = 1>

State 105 <SV = 104> <Delay = 6.01>
ST_105 : Operation 917 [2/5] (6.01ns)   --->   "%sum_9_1_1_3 = fadd i32 %sum_9_1_1_2, i32 %mul3_1_1_3" [cnn.cpp:135]   --->   Operation 917 'fadd' 'sum_9_1_1_3' <Predicate = true> <Delay = 6.01> <CoreInst = "FAddSub_fulldsp">   --->   Core 18 'FAddSub_fulldsp' <Latency = 4> <II = 1> <Delay = 6.01> <FuncUnit> <Opcode : 'fadd' 'fsub'> <InPorts = 2> <OutPorts = 1>

State 106 <SV = 105> <Delay = 6.01>
ST_106 : Operation 918 [1/5] (6.01ns)   --->   "%sum_9_1_1_3 = fadd i32 %sum_9_1_1_2, i32 %mul3_1_1_3" [cnn.cpp:135]   --->   Operation 918 'fadd' 'sum_9_1_1_3' <Predicate = true> <Delay = 6.01> <CoreInst = "FAddSub_fulldsp">   --->   Core 18 'FAddSub_fulldsp' <Latency = 4> <II = 1> <Delay = 6.01> <FuncUnit> <Opcode : 'fadd' 'fsub'> <InPorts = 2> <OutPorts = 1>

State 107 <SV = 106> <Delay = 6.01>
ST_107 : Operation 919 [5/5] (6.01ns)   --->   "%sum_9_1_2 = fadd i32 %sum_9_1_1_3, i32 %mul3_1_2" [cnn.cpp:135]   --->   Operation 919 'fadd' 'sum_9_1_2' <Predicate = true> <Delay = 6.01> <CoreInst = "FAddSub_fulldsp">   --->   Core 18 'FAddSub_fulldsp' <Latency = 4> <II = 1> <Delay = 6.01> <FuncUnit> <Opcode : 'fadd' 'fsub'> <InPorts = 2> <OutPorts = 1>

State 108 <SV = 107> <Delay = 6.01>
ST_108 : Operation 920 [4/5] (6.01ns)   --->   "%sum_9_1_2 = fadd i32 %sum_9_1_1_3, i32 %mul3_1_2" [cnn.cpp:135]   --->   Operation 920 'fadd' 'sum_9_1_2' <Predicate = true> <Delay = 6.01> <CoreInst = "FAddSub_fulldsp">   --->   Core 18 'FAddSub_fulldsp' <Latency = 4> <II = 1> <Delay = 6.01> <FuncUnit> <Opcode : 'fadd' 'fsub'> <InPorts = 2> <OutPorts = 1>

State 109 <SV = 108> <Delay = 6.01>
ST_109 : Operation 921 [3/5] (6.01ns)   --->   "%sum_9_1_2 = fadd i32 %sum_9_1_1_3, i32 %mul3_1_2" [cnn.cpp:135]   --->   Operation 921 'fadd' 'sum_9_1_2' <Predicate = true> <Delay = 6.01> <CoreInst = "FAddSub_fulldsp">   --->   Core 18 'FAddSub_fulldsp' <Latency = 4> <II = 1> <Delay = 6.01> <FuncUnit> <Opcode : 'fadd' 'fsub'> <InPorts = 2> <OutPorts = 1>

State 110 <SV = 109> <Delay = 6.01>
ST_110 : Operation 922 [2/5] (6.01ns)   --->   "%sum_9_1_2 = fadd i32 %sum_9_1_1_3, i32 %mul3_1_2" [cnn.cpp:135]   --->   Operation 922 'fadd' 'sum_9_1_2' <Predicate = true> <Delay = 6.01> <CoreInst = "FAddSub_fulldsp">   --->   Core 18 'FAddSub_fulldsp' <Latency = 4> <II = 1> <Delay = 6.01> <FuncUnit> <Opcode : 'fadd' 'fsub'> <InPorts = 2> <OutPorts = 1>

State 111 <SV = 110> <Delay = 6.01>
ST_111 : Operation 923 [1/5] (6.01ns)   --->   "%sum_9_1_2 = fadd i32 %sum_9_1_1_3, i32 %mul3_1_2" [cnn.cpp:135]   --->   Operation 923 'fadd' 'sum_9_1_2' <Predicate = true> <Delay = 6.01> <CoreInst = "FAddSub_fulldsp">   --->   Core 18 'FAddSub_fulldsp' <Latency = 4> <II = 1> <Delay = 6.01> <FuncUnit> <Opcode : 'fadd' 'fsub'> <InPorts = 2> <OutPorts = 1>

State 112 <SV = 111> <Delay = 6.01>
ST_112 : Operation 924 [5/5] (6.01ns)   --->   "%sum_9_1_2_1 = fadd i32 %sum_9_1_2, i32 %mul3_1_2_1" [cnn.cpp:135]   --->   Operation 924 'fadd' 'sum_9_1_2_1' <Predicate = true> <Delay = 6.01> <CoreInst = "FAddSub_fulldsp">   --->   Core 18 'FAddSub_fulldsp' <Latency = 4> <II = 1> <Delay = 6.01> <FuncUnit> <Opcode : 'fadd' 'fsub'> <InPorts = 2> <OutPorts = 1>

State 113 <SV = 112> <Delay = 6.01>
ST_113 : Operation 925 [4/5] (6.01ns)   --->   "%sum_9_1_2_1 = fadd i32 %sum_9_1_2, i32 %mul3_1_2_1" [cnn.cpp:135]   --->   Operation 925 'fadd' 'sum_9_1_2_1' <Predicate = true> <Delay = 6.01> <CoreInst = "FAddSub_fulldsp">   --->   Core 18 'FAddSub_fulldsp' <Latency = 4> <II = 1> <Delay = 6.01> <FuncUnit> <Opcode : 'fadd' 'fsub'> <InPorts = 2> <OutPorts = 1>

State 114 <SV = 113> <Delay = 6.01>
ST_114 : Operation 926 [3/5] (6.01ns)   --->   "%sum_9_1_2_1 = fadd i32 %sum_9_1_2, i32 %mul3_1_2_1" [cnn.cpp:135]   --->   Operation 926 'fadd' 'sum_9_1_2_1' <Predicate = true> <Delay = 6.01> <CoreInst = "FAddSub_fulldsp">   --->   Core 18 'FAddSub_fulldsp' <Latency = 4> <II = 1> <Delay = 6.01> <FuncUnit> <Opcode : 'fadd' 'fsub'> <InPorts = 2> <OutPorts = 1>

State 115 <SV = 114> <Delay = 6.01>
ST_115 : Operation 927 [2/5] (6.01ns)   --->   "%sum_9_1_2_1 = fadd i32 %sum_9_1_2, i32 %mul3_1_2_1" [cnn.cpp:135]   --->   Operation 927 'fadd' 'sum_9_1_2_1' <Predicate = true> <Delay = 6.01> <CoreInst = "FAddSub_fulldsp">   --->   Core 18 'FAddSub_fulldsp' <Latency = 4> <II = 1> <Delay = 6.01> <FuncUnit> <Opcode : 'fadd' 'fsub'> <InPorts = 2> <OutPorts = 1>

State 116 <SV = 115> <Delay = 6.01>
ST_116 : Operation 928 [1/5] (6.01ns)   --->   "%sum_9_1_2_1 = fadd i32 %sum_9_1_2, i32 %mul3_1_2_1" [cnn.cpp:135]   --->   Operation 928 'fadd' 'sum_9_1_2_1' <Predicate = true> <Delay = 6.01> <CoreInst = "FAddSub_fulldsp">   --->   Core 18 'FAddSub_fulldsp' <Latency = 4> <II = 1> <Delay = 6.01> <FuncUnit> <Opcode : 'fadd' 'fsub'> <InPorts = 2> <OutPorts = 1>

State 117 <SV = 116> <Delay = 6.01>
ST_117 : Operation 929 [5/5] (6.01ns)   --->   "%sum_9_1_2_2 = fadd i32 %sum_9_1_2_1, i32 %mul3_1_2_2" [cnn.cpp:135]   --->   Operation 929 'fadd' 'sum_9_1_2_2' <Predicate = true> <Delay = 6.01> <CoreInst = "FAddSub_fulldsp">   --->   Core 18 'FAddSub_fulldsp' <Latency = 4> <II = 1> <Delay = 6.01> <FuncUnit> <Opcode : 'fadd' 'fsub'> <InPorts = 2> <OutPorts = 1>

State 118 <SV = 117> <Delay = 6.01>
ST_118 : Operation 930 [4/5] (6.01ns)   --->   "%sum_9_1_2_2 = fadd i32 %sum_9_1_2_1, i32 %mul3_1_2_2" [cnn.cpp:135]   --->   Operation 930 'fadd' 'sum_9_1_2_2' <Predicate = true> <Delay = 6.01> <CoreInst = "FAddSub_fulldsp">   --->   Core 18 'FAddSub_fulldsp' <Latency = 4> <II = 1> <Delay = 6.01> <FuncUnit> <Opcode : 'fadd' 'fsub'> <InPorts = 2> <OutPorts = 1>

State 119 <SV = 118> <Delay = 6.01>
ST_119 : Operation 931 [3/5] (6.01ns)   --->   "%sum_9_1_2_2 = fadd i32 %sum_9_1_2_1, i32 %mul3_1_2_2" [cnn.cpp:135]   --->   Operation 931 'fadd' 'sum_9_1_2_2' <Predicate = true> <Delay = 6.01> <CoreInst = "FAddSub_fulldsp">   --->   Core 18 'FAddSub_fulldsp' <Latency = 4> <II = 1> <Delay = 6.01> <FuncUnit> <Opcode : 'fadd' 'fsub'> <InPorts = 2> <OutPorts = 1>

State 120 <SV = 119> <Delay = 6.01>
ST_120 : Operation 932 [2/5] (6.01ns)   --->   "%sum_9_1_2_2 = fadd i32 %sum_9_1_2_1, i32 %mul3_1_2_2" [cnn.cpp:135]   --->   Operation 932 'fadd' 'sum_9_1_2_2' <Predicate = true> <Delay = 6.01> <CoreInst = "FAddSub_fulldsp">   --->   Core 18 'FAddSub_fulldsp' <Latency = 4> <II = 1> <Delay = 6.01> <FuncUnit> <Opcode : 'fadd' 'fsub'> <InPorts = 2> <OutPorts = 1>

State 121 <SV = 120> <Delay = 6.01>
ST_121 : Operation 933 [1/5] (6.01ns)   --->   "%sum_9_1_2_2 = fadd i32 %sum_9_1_2_1, i32 %mul3_1_2_2" [cnn.cpp:135]   --->   Operation 933 'fadd' 'sum_9_1_2_2' <Predicate = true> <Delay = 6.01> <CoreInst = "FAddSub_fulldsp">   --->   Core 18 'FAddSub_fulldsp' <Latency = 4> <II = 1> <Delay = 6.01> <FuncUnit> <Opcode : 'fadd' 'fsub'> <InPorts = 2> <OutPorts = 1>

State 122 <SV = 121> <Delay = 6.01>
ST_122 : Operation 934 [5/5] (6.01ns)   --->   "%sum_9_1_2_3 = fadd i32 %sum_9_1_2_2, i32 %mul3_1_2_3" [cnn.cpp:135]   --->   Operation 934 'fadd' 'sum_9_1_2_3' <Predicate = true> <Delay = 6.01> <CoreInst = "FAddSub_fulldsp">   --->   Core 18 'FAddSub_fulldsp' <Latency = 4> <II = 1> <Delay = 6.01> <FuncUnit> <Opcode : 'fadd' 'fsub'> <InPorts = 2> <OutPorts = 1>

State 123 <SV = 122> <Delay = 6.01>
ST_123 : Operation 935 [4/5] (6.01ns)   --->   "%sum_9_1_2_3 = fadd i32 %sum_9_1_2_2, i32 %mul3_1_2_3" [cnn.cpp:135]   --->   Operation 935 'fadd' 'sum_9_1_2_3' <Predicate = true> <Delay = 6.01> <CoreInst = "FAddSub_fulldsp">   --->   Core 18 'FAddSub_fulldsp' <Latency = 4> <II = 1> <Delay = 6.01> <FuncUnit> <Opcode : 'fadd' 'fsub'> <InPorts = 2> <OutPorts = 1>

State 124 <SV = 123> <Delay = 6.01>
ST_124 : Operation 936 [3/5] (6.01ns)   --->   "%sum_9_1_2_3 = fadd i32 %sum_9_1_2_2, i32 %mul3_1_2_3" [cnn.cpp:135]   --->   Operation 936 'fadd' 'sum_9_1_2_3' <Predicate = true> <Delay = 6.01> <CoreInst = "FAddSub_fulldsp">   --->   Core 18 'FAddSub_fulldsp' <Latency = 4> <II = 1> <Delay = 6.01> <FuncUnit> <Opcode : 'fadd' 'fsub'> <InPorts = 2> <OutPorts = 1>

State 125 <SV = 124> <Delay = 6.01>
ST_125 : Operation 937 [2/5] (6.01ns)   --->   "%sum_9_1_2_3 = fadd i32 %sum_9_1_2_2, i32 %mul3_1_2_3" [cnn.cpp:135]   --->   Operation 937 'fadd' 'sum_9_1_2_3' <Predicate = true> <Delay = 6.01> <CoreInst = "FAddSub_fulldsp">   --->   Core 18 'FAddSub_fulldsp' <Latency = 4> <II = 1> <Delay = 6.01> <FuncUnit> <Opcode : 'fadd' 'fsub'> <InPorts = 2> <OutPorts = 1>

State 126 <SV = 125> <Delay = 6.01>
ST_126 : Operation 938 [1/5] (6.01ns)   --->   "%sum_9_1_2_3 = fadd i32 %sum_9_1_2_2, i32 %mul3_1_2_3" [cnn.cpp:135]   --->   Operation 938 'fadd' 'sum_9_1_2_3' <Predicate = true> <Delay = 6.01> <CoreInst = "FAddSub_fulldsp">   --->   Core 18 'FAddSub_fulldsp' <Latency = 4> <II = 1> <Delay = 6.01> <FuncUnit> <Opcode : 'fadd' 'fsub'> <InPorts = 2> <OutPorts = 1>

State 127 <SV = 126> <Delay = 6.01>
ST_127 : Operation 939 [5/5] (6.01ns)   --->   "%sum_9_2 = fadd i32 %sum_9_1_2_3, i32 %mul3_2" [cnn.cpp:135]   --->   Operation 939 'fadd' 'sum_9_2' <Predicate = true> <Delay = 6.01> <CoreInst = "FAddSub_fulldsp">   --->   Core 18 'FAddSub_fulldsp' <Latency = 4> <II = 1> <Delay = 6.01> <FuncUnit> <Opcode : 'fadd' 'fsub'> <InPorts = 2> <OutPorts = 1>

State 128 <SV = 127> <Delay = 6.01>
ST_128 : Operation 940 [4/5] (6.01ns)   --->   "%sum_9_2 = fadd i32 %sum_9_1_2_3, i32 %mul3_2" [cnn.cpp:135]   --->   Operation 940 'fadd' 'sum_9_2' <Predicate = true> <Delay = 6.01> <CoreInst = "FAddSub_fulldsp">   --->   Core 18 'FAddSub_fulldsp' <Latency = 4> <II = 1> <Delay = 6.01> <FuncUnit> <Opcode : 'fadd' 'fsub'> <InPorts = 2> <OutPorts = 1>

State 129 <SV = 128> <Delay = 6.01>
ST_129 : Operation 941 [3/5] (6.01ns)   --->   "%sum_9_2 = fadd i32 %sum_9_1_2_3, i32 %mul3_2" [cnn.cpp:135]   --->   Operation 941 'fadd' 'sum_9_2' <Predicate = true> <Delay = 6.01> <CoreInst = "FAddSub_fulldsp">   --->   Core 18 'FAddSub_fulldsp' <Latency = 4> <II = 1> <Delay = 6.01> <FuncUnit> <Opcode : 'fadd' 'fsub'> <InPorts = 2> <OutPorts = 1>

State 130 <SV = 129> <Delay = 6.01>
ST_130 : Operation 942 [2/5] (6.01ns)   --->   "%sum_9_2 = fadd i32 %sum_9_1_2_3, i32 %mul3_2" [cnn.cpp:135]   --->   Operation 942 'fadd' 'sum_9_2' <Predicate = true> <Delay = 6.01> <CoreInst = "FAddSub_fulldsp">   --->   Core 18 'FAddSub_fulldsp' <Latency = 4> <II = 1> <Delay = 6.01> <FuncUnit> <Opcode : 'fadd' 'fsub'> <InPorts = 2> <OutPorts = 1>

State 131 <SV = 130> <Delay = 6.01>
ST_131 : Operation 943 [1/5] (6.01ns)   --->   "%sum_9_2 = fadd i32 %sum_9_1_2_3, i32 %mul3_2" [cnn.cpp:135]   --->   Operation 943 'fadd' 'sum_9_2' <Predicate = true> <Delay = 6.01> <CoreInst = "FAddSub_fulldsp">   --->   Core 18 'FAddSub_fulldsp' <Latency = 4> <II = 1> <Delay = 6.01> <FuncUnit> <Opcode : 'fadd' 'fsub'> <InPorts = 2> <OutPorts = 1>

State 132 <SV = 131> <Delay = 6.01>
ST_132 : Operation 944 [5/5] (6.01ns)   --->   "%sum_9_2_0_1 = fadd i32 %sum_9_2, i32 %mul3_2_0_1" [cnn.cpp:135]   --->   Operation 944 'fadd' 'sum_9_2_0_1' <Predicate = true> <Delay = 6.01> <CoreInst = "FAddSub_fulldsp">   --->   Core 18 'FAddSub_fulldsp' <Latency = 4> <II = 1> <Delay = 6.01> <FuncUnit> <Opcode : 'fadd' 'fsub'> <InPorts = 2> <OutPorts = 1>

State 133 <SV = 132> <Delay = 6.01>
ST_133 : Operation 945 [4/5] (6.01ns)   --->   "%sum_9_2_0_1 = fadd i32 %sum_9_2, i32 %mul3_2_0_1" [cnn.cpp:135]   --->   Operation 945 'fadd' 'sum_9_2_0_1' <Predicate = true> <Delay = 6.01> <CoreInst = "FAddSub_fulldsp">   --->   Core 18 'FAddSub_fulldsp' <Latency = 4> <II = 1> <Delay = 6.01> <FuncUnit> <Opcode : 'fadd' 'fsub'> <InPorts = 2> <OutPorts = 1>

State 134 <SV = 133> <Delay = 6.01>
ST_134 : Operation 946 [3/5] (6.01ns)   --->   "%sum_9_2_0_1 = fadd i32 %sum_9_2, i32 %mul3_2_0_1" [cnn.cpp:135]   --->   Operation 946 'fadd' 'sum_9_2_0_1' <Predicate = true> <Delay = 6.01> <CoreInst = "FAddSub_fulldsp">   --->   Core 18 'FAddSub_fulldsp' <Latency = 4> <II = 1> <Delay = 6.01> <FuncUnit> <Opcode : 'fadd' 'fsub'> <InPorts = 2> <OutPorts = 1>

State 135 <SV = 134> <Delay = 6.01>
ST_135 : Operation 947 [2/5] (6.01ns)   --->   "%sum_9_2_0_1 = fadd i32 %sum_9_2, i32 %mul3_2_0_1" [cnn.cpp:135]   --->   Operation 947 'fadd' 'sum_9_2_0_1' <Predicate = true> <Delay = 6.01> <CoreInst = "FAddSub_fulldsp">   --->   Core 18 'FAddSub_fulldsp' <Latency = 4> <II = 1> <Delay = 6.01> <FuncUnit> <Opcode : 'fadd' 'fsub'> <InPorts = 2> <OutPorts = 1>

State 136 <SV = 135> <Delay = 6.01>
ST_136 : Operation 948 [1/5] (6.01ns)   --->   "%sum_9_2_0_1 = fadd i32 %sum_9_2, i32 %mul3_2_0_1" [cnn.cpp:135]   --->   Operation 948 'fadd' 'sum_9_2_0_1' <Predicate = true> <Delay = 6.01> <CoreInst = "FAddSub_fulldsp">   --->   Core 18 'FAddSub_fulldsp' <Latency = 4> <II = 1> <Delay = 6.01> <FuncUnit> <Opcode : 'fadd' 'fsub'> <InPorts = 2> <OutPorts = 1>

State 137 <SV = 136> <Delay = 6.01>
ST_137 : Operation 949 [5/5] (6.01ns)   --->   "%sum_9_2_0_2 = fadd i32 %sum_9_2_0_1, i32 %mul3_2_0_2" [cnn.cpp:135]   --->   Operation 949 'fadd' 'sum_9_2_0_2' <Predicate = true> <Delay = 6.01> <CoreInst = "FAddSub_fulldsp">   --->   Core 18 'FAddSub_fulldsp' <Latency = 4> <II = 1> <Delay = 6.01> <FuncUnit> <Opcode : 'fadd' 'fsub'> <InPorts = 2> <OutPorts = 1>

State 138 <SV = 137> <Delay = 6.01>
ST_138 : Operation 950 [4/5] (6.01ns)   --->   "%sum_9_2_0_2 = fadd i32 %sum_9_2_0_1, i32 %mul3_2_0_2" [cnn.cpp:135]   --->   Operation 950 'fadd' 'sum_9_2_0_2' <Predicate = true> <Delay = 6.01> <CoreInst = "FAddSub_fulldsp">   --->   Core 18 'FAddSub_fulldsp' <Latency = 4> <II = 1> <Delay = 6.01> <FuncUnit> <Opcode : 'fadd' 'fsub'> <InPorts = 2> <OutPorts = 1>

State 139 <SV = 138> <Delay = 6.01>
ST_139 : Operation 951 [3/5] (6.01ns)   --->   "%sum_9_2_0_2 = fadd i32 %sum_9_2_0_1, i32 %mul3_2_0_2" [cnn.cpp:135]   --->   Operation 951 'fadd' 'sum_9_2_0_2' <Predicate = true> <Delay = 6.01> <CoreInst = "FAddSub_fulldsp">   --->   Core 18 'FAddSub_fulldsp' <Latency = 4> <II = 1> <Delay = 6.01> <FuncUnit> <Opcode : 'fadd' 'fsub'> <InPorts = 2> <OutPorts = 1>

State 140 <SV = 139> <Delay = 6.01>
ST_140 : Operation 952 [2/5] (6.01ns)   --->   "%sum_9_2_0_2 = fadd i32 %sum_9_2_0_1, i32 %mul3_2_0_2" [cnn.cpp:135]   --->   Operation 952 'fadd' 'sum_9_2_0_2' <Predicate = true> <Delay = 6.01> <CoreInst = "FAddSub_fulldsp">   --->   Core 18 'FAddSub_fulldsp' <Latency = 4> <II = 1> <Delay = 6.01> <FuncUnit> <Opcode : 'fadd' 'fsub'> <InPorts = 2> <OutPorts = 1>

State 141 <SV = 140> <Delay = 6.01>
ST_141 : Operation 953 [1/5] (6.01ns)   --->   "%sum_9_2_0_2 = fadd i32 %sum_9_2_0_1, i32 %mul3_2_0_2" [cnn.cpp:135]   --->   Operation 953 'fadd' 'sum_9_2_0_2' <Predicate = true> <Delay = 6.01> <CoreInst = "FAddSub_fulldsp">   --->   Core 18 'FAddSub_fulldsp' <Latency = 4> <II = 1> <Delay = 6.01> <FuncUnit> <Opcode : 'fadd' 'fsub'> <InPorts = 2> <OutPorts = 1>

State 142 <SV = 141> <Delay = 6.01>
ST_142 : Operation 954 [5/5] (6.01ns)   --->   "%sum_9_2_0_3 = fadd i32 %sum_9_2_0_2, i32 %mul3_2_0_3" [cnn.cpp:135]   --->   Operation 954 'fadd' 'sum_9_2_0_3' <Predicate = true> <Delay = 6.01> <CoreInst = "FAddSub_fulldsp">   --->   Core 18 'FAddSub_fulldsp' <Latency = 4> <II = 1> <Delay = 6.01> <FuncUnit> <Opcode : 'fadd' 'fsub'> <InPorts = 2> <OutPorts = 1>

State 143 <SV = 142> <Delay = 6.01>
ST_143 : Operation 955 [4/5] (6.01ns)   --->   "%sum_9_2_0_3 = fadd i32 %sum_9_2_0_2, i32 %mul3_2_0_3" [cnn.cpp:135]   --->   Operation 955 'fadd' 'sum_9_2_0_3' <Predicate = true> <Delay = 6.01> <CoreInst = "FAddSub_fulldsp">   --->   Core 18 'FAddSub_fulldsp' <Latency = 4> <II = 1> <Delay = 6.01> <FuncUnit> <Opcode : 'fadd' 'fsub'> <InPorts = 2> <OutPorts = 1>

State 144 <SV = 143> <Delay = 6.01>
ST_144 : Operation 956 [3/5] (6.01ns)   --->   "%sum_9_2_0_3 = fadd i32 %sum_9_2_0_2, i32 %mul3_2_0_3" [cnn.cpp:135]   --->   Operation 956 'fadd' 'sum_9_2_0_3' <Predicate = true> <Delay = 6.01> <CoreInst = "FAddSub_fulldsp">   --->   Core 18 'FAddSub_fulldsp' <Latency = 4> <II = 1> <Delay = 6.01> <FuncUnit> <Opcode : 'fadd' 'fsub'> <InPorts = 2> <OutPorts = 1>

State 145 <SV = 144> <Delay = 6.01>
ST_145 : Operation 957 [2/5] (6.01ns)   --->   "%sum_9_2_0_3 = fadd i32 %sum_9_2_0_2, i32 %mul3_2_0_3" [cnn.cpp:135]   --->   Operation 957 'fadd' 'sum_9_2_0_3' <Predicate = true> <Delay = 6.01> <CoreInst = "FAddSub_fulldsp">   --->   Core 18 'FAddSub_fulldsp' <Latency = 4> <II = 1> <Delay = 6.01> <FuncUnit> <Opcode : 'fadd' 'fsub'> <InPorts = 2> <OutPorts = 1>

State 146 <SV = 145> <Delay = 6.01>
ST_146 : Operation 958 [1/5] (6.01ns)   --->   "%sum_9_2_0_3 = fadd i32 %sum_9_2_0_2, i32 %mul3_2_0_3" [cnn.cpp:135]   --->   Operation 958 'fadd' 'sum_9_2_0_3' <Predicate = true> <Delay = 6.01> <CoreInst = "FAddSub_fulldsp">   --->   Core 18 'FAddSub_fulldsp' <Latency = 4> <II = 1> <Delay = 6.01> <FuncUnit> <Opcode : 'fadd' 'fsub'> <InPorts = 2> <OutPorts = 1>

State 147 <SV = 146> <Delay = 6.01>
ST_147 : Operation 959 [5/5] (6.01ns)   --->   "%sum_9_2_1 = fadd i32 %sum_9_2_0_3, i32 %mul3_2_1" [cnn.cpp:135]   --->   Operation 959 'fadd' 'sum_9_2_1' <Predicate = true> <Delay = 6.01> <CoreInst = "FAddSub_fulldsp">   --->   Core 18 'FAddSub_fulldsp' <Latency = 4> <II = 1> <Delay = 6.01> <FuncUnit> <Opcode : 'fadd' 'fsub'> <InPorts = 2> <OutPorts = 1>

State 148 <SV = 147> <Delay = 6.01>
ST_148 : Operation 960 [4/5] (6.01ns)   --->   "%sum_9_2_1 = fadd i32 %sum_9_2_0_3, i32 %mul3_2_1" [cnn.cpp:135]   --->   Operation 960 'fadd' 'sum_9_2_1' <Predicate = true> <Delay = 6.01> <CoreInst = "FAddSub_fulldsp">   --->   Core 18 'FAddSub_fulldsp' <Latency = 4> <II = 1> <Delay = 6.01> <FuncUnit> <Opcode : 'fadd' 'fsub'> <InPorts = 2> <OutPorts = 1>

State 149 <SV = 148> <Delay = 6.01>
ST_149 : Operation 961 [3/5] (6.01ns)   --->   "%sum_9_2_1 = fadd i32 %sum_9_2_0_3, i32 %mul3_2_1" [cnn.cpp:135]   --->   Operation 961 'fadd' 'sum_9_2_1' <Predicate = true> <Delay = 6.01> <CoreInst = "FAddSub_fulldsp">   --->   Core 18 'FAddSub_fulldsp' <Latency = 4> <II = 1> <Delay = 6.01> <FuncUnit> <Opcode : 'fadd' 'fsub'> <InPorts = 2> <OutPorts = 1>

State 150 <SV = 149> <Delay = 6.01>
ST_150 : Operation 962 [2/5] (6.01ns)   --->   "%sum_9_2_1 = fadd i32 %sum_9_2_0_3, i32 %mul3_2_1" [cnn.cpp:135]   --->   Operation 962 'fadd' 'sum_9_2_1' <Predicate = true> <Delay = 6.01> <CoreInst = "FAddSub_fulldsp">   --->   Core 18 'FAddSub_fulldsp' <Latency = 4> <II = 1> <Delay = 6.01> <FuncUnit> <Opcode : 'fadd' 'fsub'> <InPorts = 2> <OutPorts = 1>

State 151 <SV = 150> <Delay = 6.01>
ST_151 : Operation 963 [1/5] (6.01ns)   --->   "%sum_9_2_1 = fadd i32 %sum_9_2_0_3, i32 %mul3_2_1" [cnn.cpp:135]   --->   Operation 963 'fadd' 'sum_9_2_1' <Predicate = true> <Delay = 6.01> <CoreInst = "FAddSub_fulldsp">   --->   Core 18 'FAddSub_fulldsp' <Latency = 4> <II = 1> <Delay = 6.01> <FuncUnit> <Opcode : 'fadd' 'fsub'> <InPorts = 2> <OutPorts = 1>

State 152 <SV = 151> <Delay = 6.01>
ST_152 : Operation 964 [5/5] (6.01ns)   --->   "%sum_9_2_1_1 = fadd i32 %sum_9_2_1, i32 %mul3_2_1_1" [cnn.cpp:135]   --->   Operation 964 'fadd' 'sum_9_2_1_1' <Predicate = true> <Delay = 6.01> <CoreInst = "FAddSub_fulldsp">   --->   Core 18 'FAddSub_fulldsp' <Latency = 4> <II = 1> <Delay = 6.01> <FuncUnit> <Opcode : 'fadd' 'fsub'> <InPorts = 2> <OutPorts = 1>

State 153 <SV = 152> <Delay = 6.01>
ST_153 : Operation 965 [4/5] (6.01ns)   --->   "%sum_9_2_1_1 = fadd i32 %sum_9_2_1, i32 %mul3_2_1_1" [cnn.cpp:135]   --->   Operation 965 'fadd' 'sum_9_2_1_1' <Predicate = true> <Delay = 6.01> <CoreInst = "FAddSub_fulldsp">   --->   Core 18 'FAddSub_fulldsp' <Latency = 4> <II = 1> <Delay = 6.01> <FuncUnit> <Opcode : 'fadd' 'fsub'> <InPorts = 2> <OutPorts = 1>

State 154 <SV = 153> <Delay = 6.01>
ST_154 : Operation 966 [3/5] (6.01ns)   --->   "%sum_9_2_1_1 = fadd i32 %sum_9_2_1, i32 %mul3_2_1_1" [cnn.cpp:135]   --->   Operation 966 'fadd' 'sum_9_2_1_1' <Predicate = true> <Delay = 6.01> <CoreInst = "FAddSub_fulldsp">   --->   Core 18 'FAddSub_fulldsp' <Latency = 4> <II = 1> <Delay = 6.01> <FuncUnit> <Opcode : 'fadd' 'fsub'> <InPorts = 2> <OutPorts = 1>

State 155 <SV = 154> <Delay = 6.01>
ST_155 : Operation 967 [2/5] (6.01ns)   --->   "%sum_9_2_1_1 = fadd i32 %sum_9_2_1, i32 %mul3_2_1_1" [cnn.cpp:135]   --->   Operation 967 'fadd' 'sum_9_2_1_1' <Predicate = true> <Delay = 6.01> <CoreInst = "FAddSub_fulldsp">   --->   Core 18 'FAddSub_fulldsp' <Latency = 4> <II = 1> <Delay = 6.01> <FuncUnit> <Opcode : 'fadd' 'fsub'> <InPorts = 2> <OutPorts = 1>

State 156 <SV = 155> <Delay = 6.01>
ST_156 : Operation 968 [1/5] (6.01ns)   --->   "%sum_9_2_1_1 = fadd i32 %sum_9_2_1, i32 %mul3_2_1_1" [cnn.cpp:135]   --->   Operation 968 'fadd' 'sum_9_2_1_1' <Predicate = true> <Delay = 6.01> <CoreInst = "FAddSub_fulldsp">   --->   Core 18 'FAddSub_fulldsp' <Latency = 4> <II = 1> <Delay = 6.01> <FuncUnit> <Opcode : 'fadd' 'fsub'> <InPorts = 2> <OutPorts = 1>

State 157 <SV = 156> <Delay = 6.01>
ST_157 : Operation 969 [5/5] (6.01ns)   --->   "%sum_9_2_1_2 = fadd i32 %sum_9_2_1_1, i32 %mul3_2_1_2" [cnn.cpp:135]   --->   Operation 969 'fadd' 'sum_9_2_1_2' <Predicate = true> <Delay = 6.01> <CoreInst = "FAddSub_fulldsp">   --->   Core 18 'FAddSub_fulldsp' <Latency = 4> <II = 1> <Delay = 6.01> <FuncUnit> <Opcode : 'fadd' 'fsub'> <InPorts = 2> <OutPorts = 1>

State 158 <SV = 157> <Delay = 6.01>
ST_158 : Operation 970 [4/5] (6.01ns)   --->   "%sum_9_2_1_2 = fadd i32 %sum_9_2_1_1, i32 %mul3_2_1_2" [cnn.cpp:135]   --->   Operation 970 'fadd' 'sum_9_2_1_2' <Predicate = true> <Delay = 6.01> <CoreInst = "FAddSub_fulldsp">   --->   Core 18 'FAddSub_fulldsp' <Latency = 4> <II = 1> <Delay = 6.01> <FuncUnit> <Opcode : 'fadd' 'fsub'> <InPorts = 2> <OutPorts = 1>

State 159 <SV = 158> <Delay = 6.01>
ST_159 : Operation 971 [3/5] (6.01ns)   --->   "%sum_9_2_1_2 = fadd i32 %sum_9_2_1_1, i32 %mul3_2_1_2" [cnn.cpp:135]   --->   Operation 971 'fadd' 'sum_9_2_1_2' <Predicate = true> <Delay = 6.01> <CoreInst = "FAddSub_fulldsp">   --->   Core 18 'FAddSub_fulldsp' <Latency = 4> <II = 1> <Delay = 6.01> <FuncUnit> <Opcode : 'fadd' 'fsub'> <InPorts = 2> <OutPorts = 1>

State 160 <SV = 159> <Delay = 6.01>
ST_160 : Operation 972 [2/5] (6.01ns)   --->   "%sum_9_2_1_2 = fadd i32 %sum_9_2_1_1, i32 %mul3_2_1_2" [cnn.cpp:135]   --->   Operation 972 'fadd' 'sum_9_2_1_2' <Predicate = true> <Delay = 6.01> <CoreInst = "FAddSub_fulldsp">   --->   Core 18 'FAddSub_fulldsp' <Latency = 4> <II = 1> <Delay = 6.01> <FuncUnit> <Opcode : 'fadd' 'fsub'> <InPorts = 2> <OutPorts = 1>

State 161 <SV = 160> <Delay = 6.01>
ST_161 : Operation 973 [1/5] (6.01ns)   --->   "%sum_9_2_1_2 = fadd i32 %sum_9_2_1_1, i32 %mul3_2_1_2" [cnn.cpp:135]   --->   Operation 973 'fadd' 'sum_9_2_1_2' <Predicate = true> <Delay = 6.01> <CoreInst = "FAddSub_fulldsp">   --->   Core 18 'FAddSub_fulldsp' <Latency = 4> <II = 1> <Delay = 6.01> <FuncUnit> <Opcode : 'fadd' 'fsub'> <InPorts = 2> <OutPorts = 1>

State 162 <SV = 161> <Delay = 6.01>
ST_162 : Operation 974 [5/5] (6.01ns)   --->   "%sum_9_2_1_3 = fadd i32 %sum_9_2_1_2, i32 %mul3_2_1_3" [cnn.cpp:135]   --->   Operation 974 'fadd' 'sum_9_2_1_3' <Predicate = true> <Delay = 6.01> <CoreInst = "FAddSub_fulldsp">   --->   Core 18 'FAddSub_fulldsp' <Latency = 4> <II = 1> <Delay = 6.01> <FuncUnit> <Opcode : 'fadd' 'fsub'> <InPorts = 2> <OutPorts = 1>

State 163 <SV = 162> <Delay = 6.01>
ST_163 : Operation 975 [4/5] (6.01ns)   --->   "%sum_9_2_1_3 = fadd i32 %sum_9_2_1_2, i32 %mul3_2_1_3" [cnn.cpp:135]   --->   Operation 975 'fadd' 'sum_9_2_1_3' <Predicate = true> <Delay = 6.01> <CoreInst = "FAddSub_fulldsp">   --->   Core 18 'FAddSub_fulldsp' <Latency = 4> <II = 1> <Delay = 6.01> <FuncUnit> <Opcode : 'fadd' 'fsub'> <InPorts = 2> <OutPorts = 1>

State 164 <SV = 163> <Delay = 6.01>
ST_164 : Operation 976 [3/5] (6.01ns)   --->   "%sum_9_2_1_3 = fadd i32 %sum_9_2_1_2, i32 %mul3_2_1_3" [cnn.cpp:135]   --->   Operation 976 'fadd' 'sum_9_2_1_3' <Predicate = true> <Delay = 6.01> <CoreInst = "FAddSub_fulldsp">   --->   Core 18 'FAddSub_fulldsp' <Latency = 4> <II = 1> <Delay = 6.01> <FuncUnit> <Opcode : 'fadd' 'fsub'> <InPorts = 2> <OutPorts = 1>

State 165 <SV = 164> <Delay = 6.01>
ST_165 : Operation 977 [2/5] (6.01ns)   --->   "%sum_9_2_1_3 = fadd i32 %sum_9_2_1_2, i32 %mul3_2_1_3" [cnn.cpp:135]   --->   Operation 977 'fadd' 'sum_9_2_1_3' <Predicate = true> <Delay = 6.01> <CoreInst = "FAddSub_fulldsp">   --->   Core 18 'FAddSub_fulldsp' <Latency = 4> <II = 1> <Delay = 6.01> <FuncUnit> <Opcode : 'fadd' 'fsub'> <InPorts = 2> <OutPorts = 1>

State 166 <SV = 165> <Delay = 6.01>
ST_166 : Operation 978 [1/5] (6.01ns)   --->   "%sum_9_2_1_3 = fadd i32 %sum_9_2_1_2, i32 %mul3_2_1_3" [cnn.cpp:135]   --->   Operation 978 'fadd' 'sum_9_2_1_3' <Predicate = true> <Delay = 6.01> <CoreInst = "FAddSub_fulldsp">   --->   Core 18 'FAddSub_fulldsp' <Latency = 4> <II = 1> <Delay = 6.01> <FuncUnit> <Opcode : 'fadd' 'fsub'> <InPorts = 2> <OutPorts = 1>

State 167 <SV = 166> <Delay = 6.01>
ST_167 : Operation 979 [5/5] (6.01ns)   --->   "%sum_9_2_2 = fadd i32 %sum_9_2_1_3, i32 %mul3_2_2" [cnn.cpp:135]   --->   Operation 979 'fadd' 'sum_9_2_2' <Predicate = true> <Delay = 6.01> <CoreInst = "FAddSub_fulldsp">   --->   Core 18 'FAddSub_fulldsp' <Latency = 4> <II = 1> <Delay = 6.01> <FuncUnit> <Opcode : 'fadd' 'fsub'> <InPorts = 2> <OutPorts = 1>

State 168 <SV = 167> <Delay = 6.01>
ST_168 : Operation 980 [4/5] (6.01ns)   --->   "%sum_9_2_2 = fadd i32 %sum_9_2_1_3, i32 %mul3_2_2" [cnn.cpp:135]   --->   Operation 980 'fadd' 'sum_9_2_2' <Predicate = true> <Delay = 6.01> <CoreInst = "FAddSub_fulldsp">   --->   Core 18 'FAddSub_fulldsp' <Latency = 4> <II = 1> <Delay = 6.01> <FuncUnit> <Opcode : 'fadd' 'fsub'> <InPorts = 2> <OutPorts = 1>

State 169 <SV = 168> <Delay = 6.01>
ST_169 : Operation 981 [3/5] (6.01ns)   --->   "%sum_9_2_2 = fadd i32 %sum_9_2_1_3, i32 %mul3_2_2" [cnn.cpp:135]   --->   Operation 981 'fadd' 'sum_9_2_2' <Predicate = true> <Delay = 6.01> <CoreInst = "FAddSub_fulldsp">   --->   Core 18 'FAddSub_fulldsp' <Latency = 4> <II = 1> <Delay = 6.01> <FuncUnit> <Opcode : 'fadd' 'fsub'> <InPorts = 2> <OutPorts = 1>

State 170 <SV = 169> <Delay = 6.01>
ST_170 : Operation 982 [2/5] (6.01ns)   --->   "%sum_9_2_2 = fadd i32 %sum_9_2_1_3, i32 %mul3_2_2" [cnn.cpp:135]   --->   Operation 982 'fadd' 'sum_9_2_2' <Predicate = true> <Delay = 6.01> <CoreInst = "FAddSub_fulldsp">   --->   Core 18 'FAddSub_fulldsp' <Latency = 4> <II = 1> <Delay = 6.01> <FuncUnit> <Opcode : 'fadd' 'fsub'> <InPorts = 2> <OutPorts = 1>

State 171 <SV = 170> <Delay = 6.01>
ST_171 : Operation 983 [1/5] (6.01ns)   --->   "%sum_9_2_2 = fadd i32 %sum_9_2_1_3, i32 %mul3_2_2" [cnn.cpp:135]   --->   Operation 983 'fadd' 'sum_9_2_2' <Predicate = true> <Delay = 6.01> <CoreInst = "FAddSub_fulldsp">   --->   Core 18 'FAddSub_fulldsp' <Latency = 4> <II = 1> <Delay = 6.01> <FuncUnit> <Opcode : 'fadd' 'fsub'> <InPorts = 2> <OutPorts = 1>

State 172 <SV = 171> <Delay = 6.01>
ST_172 : Operation 984 [5/5] (6.01ns)   --->   "%sum_9_2_2_1 = fadd i32 %sum_9_2_2, i32 %mul3_2_2_1" [cnn.cpp:135]   --->   Operation 984 'fadd' 'sum_9_2_2_1' <Predicate = true> <Delay = 6.01> <CoreInst = "FAddSub_fulldsp">   --->   Core 18 'FAddSub_fulldsp' <Latency = 4> <II = 1> <Delay = 6.01> <FuncUnit> <Opcode : 'fadd' 'fsub'> <InPorts = 2> <OutPorts = 1>

State 173 <SV = 172> <Delay = 6.01>
ST_173 : Operation 985 [4/5] (6.01ns)   --->   "%sum_9_2_2_1 = fadd i32 %sum_9_2_2, i32 %mul3_2_2_1" [cnn.cpp:135]   --->   Operation 985 'fadd' 'sum_9_2_2_1' <Predicate = true> <Delay = 6.01> <CoreInst = "FAddSub_fulldsp">   --->   Core 18 'FAddSub_fulldsp' <Latency = 4> <II = 1> <Delay = 6.01> <FuncUnit> <Opcode : 'fadd' 'fsub'> <InPorts = 2> <OutPorts = 1>

State 174 <SV = 173> <Delay = 6.01>
ST_174 : Operation 986 [3/5] (6.01ns)   --->   "%sum_9_2_2_1 = fadd i32 %sum_9_2_2, i32 %mul3_2_2_1" [cnn.cpp:135]   --->   Operation 986 'fadd' 'sum_9_2_2_1' <Predicate = true> <Delay = 6.01> <CoreInst = "FAddSub_fulldsp">   --->   Core 18 'FAddSub_fulldsp' <Latency = 4> <II = 1> <Delay = 6.01> <FuncUnit> <Opcode : 'fadd' 'fsub'> <InPorts = 2> <OutPorts = 1>

State 175 <SV = 174> <Delay = 6.01>
ST_175 : Operation 987 [2/5] (6.01ns)   --->   "%sum_9_2_2_1 = fadd i32 %sum_9_2_2, i32 %mul3_2_2_1" [cnn.cpp:135]   --->   Operation 987 'fadd' 'sum_9_2_2_1' <Predicate = true> <Delay = 6.01> <CoreInst = "FAddSub_fulldsp">   --->   Core 18 'FAddSub_fulldsp' <Latency = 4> <II = 1> <Delay = 6.01> <FuncUnit> <Opcode : 'fadd' 'fsub'> <InPorts = 2> <OutPorts = 1>

State 176 <SV = 175> <Delay = 6.01>
ST_176 : Operation 988 [1/5] (6.01ns)   --->   "%sum_9_2_2_1 = fadd i32 %sum_9_2_2, i32 %mul3_2_2_1" [cnn.cpp:135]   --->   Operation 988 'fadd' 'sum_9_2_2_1' <Predicate = true> <Delay = 6.01> <CoreInst = "FAddSub_fulldsp">   --->   Core 18 'FAddSub_fulldsp' <Latency = 4> <II = 1> <Delay = 6.01> <FuncUnit> <Opcode : 'fadd' 'fsub'> <InPorts = 2> <OutPorts = 1>

State 177 <SV = 176> <Delay = 6.01>
ST_177 : Operation 989 [5/5] (6.01ns)   --->   "%sum_9_2_2_2 = fadd i32 %sum_9_2_2_1, i32 %mul3_2_2_2" [cnn.cpp:135]   --->   Operation 989 'fadd' 'sum_9_2_2_2' <Predicate = true> <Delay = 6.01> <CoreInst = "FAddSub_fulldsp">   --->   Core 18 'FAddSub_fulldsp' <Latency = 4> <II = 1> <Delay = 6.01> <FuncUnit> <Opcode : 'fadd' 'fsub'> <InPorts = 2> <OutPorts = 1>

State 178 <SV = 177> <Delay = 6.01>
ST_178 : Operation 990 [4/5] (6.01ns)   --->   "%sum_9_2_2_2 = fadd i32 %sum_9_2_2_1, i32 %mul3_2_2_2" [cnn.cpp:135]   --->   Operation 990 'fadd' 'sum_9_2_2_2' <Predicate = true> <Delay = 6.01> <CoreInst = "FAddSub_fulldsp">   --->   Core 18 'FAddSub_fulldsp' <Latency = 4> <II = 1> <Delay = 6.01> <FuncUnit> <Opcode : 'fadd' 'fsub'> <InPorts = 2> <OutPorts = 1>

State 179 <SV = 178> <Delay = 6.01>
ST_179 : Operation 991 [3/5] (6.01ns)   --->   "%sum_9_2_2_2 = fadd i32 %sum_9_2_2_1, i32 %mul3_2_2_2" [cnn.cpp:135]   --->   Operation 991 'fadd' 'sum_9_2_2_2' <Predicate = true> <Delay = 6.01> <CoreInst = "FAddSub_fulldsp">   --->   Core 18 'FAddSub_fulldsp' <Latency = 4> <II = 1> <Delay = 6.01> <FuncUnit> <Opcode : 'fadd' 'fsub'> <InPorts = 2> <OutPorts = 1>

State 180 <SV = 179> <Delay = 6.01>
ST_180 : Operation 992 [2/5] (6.01ns)   --->   "%sum_9_2_2_2 = fadd i32 %sum_9_2_2_1, i32 %mul3_2_2_2" [cnn.cpp:135]   --->   Operation 992 'fadd' 'sum_9_2_2_2' <Predicate = true> <Delay = 6.01> <CoreInst = "FAddSub_fulldsp">   --->   Core 18 'FAddSub_fulldsp' <Latency = 4> <II = 1> <Delay = 6.01> <FuncUnit> <Opcode : 'fadd' 'fsub'> <InPorts = 2> <OutPorts = 1>

State 181 <SV = 180> <Delay = 6.01>
ST_181 : Operation 993 [1/5] (6.01ns)   --->   "%sum_9_2_2_2 = fadd i32 %sum_9_2_2_1, i32 %mul3_2_2_2" [cnn.cpp:135]   --->   Operation 993 'fadd' 'sum_9_2_2_2' <Predicate = true> <Delay = 6.01> <CoreInst = "FAddSub_fulldsp">   --->   Core 18 'FAddSub_fulldsp' <Latency = 4> <II = 1> <Delay = 6.01> <FuncUnit> <Opcode : 'fadd' 'fsub'> <InPorts = 2> <OutPorts = 1>

State 182 <SV = 181> <Delay = 6.01>
ST_182 : Operation 994 [5/5] (6.01ns)   --->   "%sum_9_2_2_3 = fadd i32 %sum_9_2_2_2, i32 %mul3_2_2_3" [cnn.cpp:135]   --->   Operation 994 'fadd' 'sum_9_2_2_3' <Predicate = true> <Delay = 6.01> <CoreInst = "FAddSub_fulldsp">   --->   Core 18 'FAddSub_fulldsp' <Latency = 4> <II = 1> <Delay = 6.01> <FuncUnit> <Opcode : 'fadd' 'fsub'> <InPorts = 2> <OutPorts = 1>

State 183 <SV = 182> <Delay = 6.01>
ST_183 : Operation 995 [4/5] (6.01ns)   --->   "%sum_9_2_2_3 = fadd i32 %sum_9_2_2_2, i32 %mul3_2_2_3" [cnn.cpp:135]   --->   Operation 995 'fadd' 'sum_9_2_2_3' <Predicate = true> <Delay = 6.01> <CoreInst = "FAddSub_fulldsp">   --->   Core 18 'FAddSub_fulldsp' <Latency = 4> <II = 1> <Delay = 6.01> <FuncUnit> <Opcode : 'fadd' 'fsub'> <InPorts = 2> <OutPorts = 1>

State 184 <SV = 183> <Delay = 6.01>
ST_184 : Operation 996 [3/5] (6.01ns)   --->   "%sum_9_2_2_3 = fadd i32 %sum_9_2_2_2, i32 %mul3_2_2_3" [cnn.cpp:135]   --->   Operation 996 'fadd' 'sum_9_2_2_3' <Predicate = true> <Delay = 6.01> <CoreInst = "FAddSub_fulldsp">   --->   Core 18 'FAddSub_fulldsp' <Latency = 4> <II = 1> <Delay = 6.01> <FuncUnit> <Opcode : 'fadd' 'fsub'> <InPorts = 2> <OutPorts = 1>

State 185 <SV = 184> <Delay = 6.01>
ST_185 : Operation 997 [2/5] (6.01ns)   --->   "%sum_9_2_2_3 = fadd i32 %sum_9_2_2_2, i32 %mul3_2_2_3" [cnn.cpp:135]   --->   Operation 997 'fadd' 'sum_9_2_2_3' <Predicate = true> <Delay = 6.01> <CoreInst = "FAddSub_fulldsp">   --->   Core 18 'FAddSub_fulldsp' <Latency = 4> <II = 1> <Delay = 6.01> <FuncUnit> <Opcode : 'fadd' 'fsub'> <InPorts = 2> <OutPorts = 1>
ST_185 : Operation 1019 [1/1] (0.00ns)   --->   "%ret_ln0 = ret"   --->   Operation 1019 'ret' 'ret_ln0' <Predicate = (icmp_ln121)> <Delay = 0.00>

State 186 <SV = 185> <Delay = 6.01>
ST_186 : Operation 998 [1/5] (6.01ns)   --->   "%sum_9_2_2_3 = fadd i32 %sum_9_2_2_2, i32 %mul3_2_2_3" [cnn.cpp:135]   --->   Operation 998 'fadd' 'sum_9_2_2_3' <Predicate = true> <Delay = 6.01> <CoreInst = "FAddSub_fulldsp">   --->   Core 18 'FAddSub_fulldsp' <Latency = 4> <II = 1> <Delay = 6.01> <FuncUnit> <Opcode : 'fadd' 'fsub'> <InPorts = 2> <OutPorts = 1>

State 187 <SV = 186> <Delay = 3.34>
ST_187 : Operation 999 [2/2] (3.34ns)   --->   "%tmp_14 = fcmp_ogt  i32 %sum_9_2_2_3, i32 0" [cnn.cpp:29]   --->   Operation 999 'fcmp' 'tmp_14' <Predicate = true> <Delay = 3.34> <CoreInst = "FCompare">   --->   Core 19 'FCompare' <Latency = 1> <II = 1> <Delay = 3.34> <FuncUnit> <Opcode : 'fcmp'> <InPorts = 2> <OutPorts = 1>

State 188 <SV = 187> <Delay = 5.22>
ST_188 : Operation 1000 [1/1] (0.00ns)   --->   "%specloopname_ln0 = specloopname void @_ssdm_op_SpecLoopName, void @VITIS_LOOP_121_11_VITIS_LOOP_122_12_VITIS_LOOP_123_13_str"   --->   Operation 1000 'specloopname' 'specloopname_ln0' <Predicate = true> <Delay = 0.00>
ST_188 : Operation 1001 [1/1] (0.00ns)   --->   "%empty_33 = speclooptripcount i32 @_ssdm_op_SpecLoopTripCount, i64 6728, i64 6728, i64 6728"   --->   Operation 1001 'speclooptripcount' 'empty_33' <Predicate = true> <Delay = 0.00>
ST_188 : Operation 1002 [1/1] (0.00ns)   --->   "%specpipeline_ln0 = specpipeline void @_ssdm_op_SpecPipeline, i32 4294967295, i32 0, i32 1, i32 0, void @p_str"   --->   Operation 1002 'specpipeline' 'specpipeline_ln0' <Predicate = true> <Delay = 0.00>
ST_188 : Operation 1003 [1/1] (0.00ns)   --->   "%specloopname_ln0 = specloopname void @_ssdm_op_SpecLoopName, void @VITIS_LOOP_122_12_VITIS_LOOP_123_13_str"   --->   Operation 1003 'specloopname' 'specloopname_ln0' <Predicate = true> <Delay = 0.00>
ST_188 : Operation 1004 [1/1] (0.00ns)   --->   "%specpipeline_ln0 = specpipeline void @_ssdm_op_SpecPipeline, i32 4294967295, i32 0, i32 1, i32 0, void @p_str"   --->   Operation 1004 'specpipeline' 'specpipeline_ln0' <Predicate = true> <Delay = 0.00>
ST_188 : Operation 1005 [1/1] (0.00ns)   --->   "%zext_ln139 = zext i13 %add_ln139_1" [cnn.cpp:139]   --->   Operation 1005 'zext' 'zext_ln139' <Predicate = true> <Delay = 0.00>
ST_188 : Operation 1006 [1/1] (0.00ns)   --->   "%layer2_conv_addr = getelementptr i32 %layer2_conv, i64 0, i64 %zext_ln139" [cnn.cpp:139]   --->   Operation 1006 'getelementptr' 'layer2_conv_addr' <Predicate = true> <Delay = 0.00>
ST_188 : Operation 1007 [1/1] (0.00ns)   --->   "%specloopname_ln123 = specloopname void @_ssdm_op_SpecLoopName, void @empty_6" [cnn.cpp:123]   --->   Operation 1007 'specloopname' 'specloopname_ln123' <Predicate = true> <Delay = 0.00>
ST_188 : Operation 1008 [1/1] (0.00ns)   --->   "%bitcast_ln29 = bitcast i32 %sum_9_2_2_3" [cnn.cpp:29]   --->   Operation 1008 'bitcast' 'bitcast_ln29' <Predicate = true> <Delay = 0.00>
ST_188 : Operation 1009 [1/1] (0.00ns)   --->   "%tmp_13 = partselect i8 @_ssdm_op_PartSelect.i8.i32.i32.i32, i32 %bitcast_ln29, i32 23, i32 30" [cnn.cpp:29]   --->   Operation 1009 'partselect' 'tmp_13' <Predicate = true> <Delay = 0.00>
ST_188 : Operation 1010 [1/1] (0.00ns)   --->   "%trunc_ln29 = trunc i32 %bitcast_ln29" [cnn.cpp:29]   --->   Operation 1010 'trunc' 'trunc_ln29' <Predicate = true> <Delay = 0.00>
ST_188 : Operation 1011 [1/1] (0.85ns)   --->   "%icmp_ln29_2 = icmp_ne  i8 %tmp_13, i8 255" [cnn.cpp:29]   --->   Operation 1011 'icmp' 'icmp_ln29_2' <Predicate = true> <Delay = 0.85> <CoreInst = "Cmp">   --->   Core 9 'Cmp' <Latency = 0> <II = 1> <Delay = 0.85> <FuncUnit> <Opcode : 'icmp'> <InPorts = 2> <OutPorts = 1>
ST_188 : Operation 1012 [1/1] (0.97ns)   --->   "%icmp_ln29 = icmp_eq  i23 %trunc_ln29, i23 0" [cnn.cpp:29]   --->   Operation 1012 'icmp' 'icmp_ln29' <Predicate = true> <Delay = 0.97> <CoreInst = "Cmp">   --->   Core 9 'Cmp' <Latency = 0> <II = 1> <Delay = 0.97> <FuncUnit> <Opcode : 'icmp'> <InPorts = 2> <OutPorts = 1>
ST_188 : Operation 1013 [1/1] (0.00ns) (grouped into LUT with out node select_ln29)   --->   "%or_ln29 = or i1 %icmp_ln29, i1 %icmp_ln29_2" [cnn.cpp:29]   --->   Operation 1013 'or' 'or_ln29' <Predicate = true> <Delay = 0.00> <CoreInst = "LogicGate">   --->   Core 74 'LogicGate' <Latency = 0> <II = 1> <Delay = 0.33> <FuncUnit> <Opcode : 'and' 'or' 'xor'> <InPorts = 2> <OutPorts = 1>
ST_188 : Operation 1014 [1/2] (3.34ns)   --->   "%tmp_14 = fcmp_ogt  i32 %sum_9_2_2_3, i32 0" [cnn.cpp:29]   --->   Operation 1014 'fcmp' 'tmp_14' <Predicate = true> <Delay = 3.34> <CoreInst = "FCompare">   --->   Core 19 'FCompare' <Latency = 1> <II = 1> <Delay = 3.34> <FuncUnit> <Opcode : 'fcmp'> <InPorts = 2> <OutPorts = 1>
ST_188 : Operation 1015 [1/1] (0.00ns) (grouped into LUT with out node select_ln29)   --->   "%and_ln29 = and i1 %or_ln29, i1 %tmp_14" [cnn.cpp:29]   --->   Operation 1015 'and' 'and_ln29' <Predicate = true> <Delay = 0.00> <CoreInst = "LogicGate">   --->   Core 74 'LogicGate' <Latency = 0> <II = 1> <Delay = 0.33> <FuncUnit> <Opcode : 'and' 'or' 'xor'> <InPorts = 2> <OutPorts = 1>
ST_188 : Operation 1016 [1/1] (0.52ns) (out node of the LUT)   --->   "%select_ln29 = select i1 %and_ln29, i32 %sum_9_2_2_3, i32 0" [cnn.cpp:29]   --->   Operation 1016 'select' 'select_ln29' <Predicate = true> <Delay = 0.52> <CoreInst = "Sel">   --->   Core 73 'Sel' <Latency = 0> <II = 1> <Delay = 0.52> <FuncUnit> <Opcode : 'select'> <InPorts = 3> <OutPorts = 1>
ST_188 : Operation 1017 [1/1] (1.35ns)   --->   "%store_ln139 = store i32 %select_ln29, i13 %layer2_conv_addr" [cnn.cpp:139]   --->   Operation 1017 'store' 'store_ln139' <Predicate = true> <Delay = 1.35> <CoreInst = "RAM_1WnR">   --->   Core 84 'RAM_1WnR' <Latency = 1> <II = 1> <Delay = 1.35> <Storage> <Opcode : 'load' 'store'> <Ports = 17> <Width = 32> <Depth = 6728> <RAM>
ST_188 : Operation 1018 [1/1] (0.00ns)   --->   "%br_ln123 = br void %VITIS_LOOP_126_14" [cnn.cpp:123]   --->   Operation 1018 'br' 'br_ln123' <Predicate = true> <Delay = 0.00>


============================================================
+ Verbose Summary: Binding
============================================================
STG Binding: 
---------------- STG Properties BEGIN ----------------
- Is combinational: 0
- Is one-state seq: 0
- Is datapath-only: 0
- Is pipelined: 0
- Is top level: 0
Port [ Return ] is wired: 1; IO mode=ap_ctrl_hs:ce=0
Port [ layer1_pool]:  wired=1; compound=1; hidden=0; nouse=0; global=0; static=0; extern=0; dir=0; type=1; pingpong=0; private_global=0; MemPort=[11111111111133333]; IO mode=ap_memory:ce=0
Port [ layer2_conv]:  wired=1; compound=1; hidden=0; nouse=0; global=0; static=0; extern=0; dir=1; type=1; pingpong=0; private_global=0; MemPort=[03333333333333333]; IO mode=ap_memory:ce=0
Port [ conv2_b]:  wired=0; compound=1; hidden=1; nouse=0; global=1; static=1; extern=0; dir=0; type=1; pingpong=0; private_global=1; MemPort=[1]; IO mode=ap_memory:ce=0
Port [ conv2_w]:  wired=0; compound=1; hidden=1; nouse=0; global=1; static=1; extern=0; dir=0; type=1; pingpong=0; private_global=1; MemPort=[111111111111]; IO mode=ap_memory:ce=0
---------------- STG Properties END ------------------

---------------- Datapath Model BEGIN ----------------

<LifeTime>
<method=bitvector/>
c                      (alloca           ) [ 011000000000000000000000000000000000000000000000000000000000000000000000000000000000000000000000000000000000000000000000000000000000000000000000000000000000000000000000000000000000000000000]
r                      (alloca           ) [ 011000000000000000000000000000000000000000000000000000000000000000000000000000000000000000000000000000000000000000000000000000000000000000000000000000000000000000000000000000000000000000000]
indvar_flatten52       (alloca           ) [ 011000000000000000000000000000000000000000000000000000000000000000000000000000000000000000000000000000000000000000000000000000000000000000000000000000000000000000000000000000000000000000000]
f                      (alloca           ) [ 011000000000000000000000000000000000000000000000000000000000000000000000000000000000000000000000000000000000000000000000000000000000000000000000000000000000000000000000000000000000000000000]
indvar_flatten111      (alloca           ) [ 011000000000000000000000000000000000000000000000000000000000000000000000000000000000000000000000000000000000000000000000000000000000000000000000000000000000000000000000000000000000000000000]
store_ln0              (store            ) [ 000000000000000000000000000000000000000000000000000000000000000000000000000000000000000000000000000000000000000000000000000000000000000000000000000000000000000000000000000000000000000000000]
store_ln0              (store            ) [ 000000000000000000000000000000000000000000000000000000000000000000000000000000000000000000000000000000000000000000000000000000000000000000000000000000000000000000000000000000000000000000000]
store_ln0              (store            ) [ 000000000000000000000000000000000000000000000000000000000000000000000000000000000000000000000000000000000000000000000000000000000000000000000000000000000000000000000000000000000000000000000]
store_ln0              (store            ) [ 000000000000000000000000000000000000000000000000000000000000000000000000000000000000000000000000000000000000000000000000000000000000000000000000000000000000000000000000000000000000000000000]
store_ln0              (store            ) [ 000000000000000000000000000000000000000000000000000000000000000000000000000000000000000000000000000000000000000000000000000000000000000000000000000000000000000000000000000000000000000000000]
br_ln0                 (br               ) [ 000000000000000000000000000000000000000000000000000000000000000000000000000000000000000000000000000000000000000000000000000000000000000000000000000000000000000000000000000000000000000000000]
r_2                    (load             ) [ 000000000000000000000000000000000000000000000000000000000000000000000000000000000000000000000000000000000000000000000000000000000000000000000000000000000000000000000000000000000000000000000]
indvar_flatten111_load (load             ) [ 000000000000000000000000000000000000000000000000000000000000000000000000000000000000000000000000000000000000000000000000000000000000000000000000000000000000000000000000000000000000000000000]
empty                  (add              ) [ 000000000000000000000000000000000000000000000000000000000000000000000000000000000000000000000000000000000000000000000000000000000000000000000000000000000000000000000000000000000000000000000]
empty_32               (add              ) [ 000000000000000000000000000000000000000000000000000000000000000000000000000000000000000000000000000000000000000000000000000000000000000000000000000000000000000000000000000000000000000000000]
specpipeline_ln0       (specpipeline     ) [ 000000000000000000000000000000000000000000000000000000000000000000000000000000000000000000000000000000000000000000000000000000000000000000000000000000000000000000000000000000000000000000000]
icmp_ln121             (icmp             ) [ 011111111111111111111111111111111111111111111111111111111111111111111111111111111111111111111111111111111111111111111111111111111111111111111111111111111111111111111111111111111111111111000]
add_ln121_7            (add              ) [ 000000000000000000000000000000000000000000000000000000000000000000000000000000000000000000000000000000000000000000000000000000000000000000000000000000000000000000000000000000000000000000000]
br_ln121               (br               ) [ 000000000000000000000000000000000000000000000000000000000000000000000000000000000000000000000000000000000000000000000000000000000000000000000000000000000000000000000000000000000000000000000]
c_load                 (load             ) [ 000000000000000000000000000000000000000000000000000000000000000000000000000000000000000000000000000000000000000000000000000000000000000000000000000000000000000000000000000000000000000000000]
indvar_flatten52_load  (load             ) [ 000000000000000000000000000000000000000000000000000000000000000000000000000000000000000000000000000000000000000000000000000000000000000000000000000000000000000000000000000000000000000000000]
f_load                 (load             ) [ 010110000000000000000000000000000000000000000000000000000000000000000000000000000000000000000000000000000000000000000000000000000000000000000000000000000000000000000000000000000000000000000]
add_ln121              (add              ) [ 010110000000000000000000000000000000000000000000000000000000000000000000000000000000000000000000000000000000000000000000000000000000000000000000000000000000000000000000000000000000000000000]
icmp_ln122             (icmp             ) [ 010110000000000000000000000000000000000000000000000000000000000000000000000000000000000000000000000000000000000000000000000000000000000000000000000000000000000000000000000000000000000000000]
select_ln121           (select           ) [ 000000000000000000000000000000000000000000000000000000000000000000000000000000000000000000000000000000000000000000000000000000000000000000000000000000000000000000000000000000000000000000000]
select_ln121_1         (select           ) [ 011111000000000000000000000000000000000000000000000000000000000000000000000000000000000000000000000000000000000000000000000000000000000000000000000000000000000000000000000000000000000000000]
zext_ln121             (zext             ) [ 011111000000000000000000000000000000000000000000000000000000000000000000000000000000000000000000000000000000000000000000000000000000000000000000000000000000000000000000000000000000000000000]
conv2_w_addr           (getelementptr    ) [ 000100000000000000000000000000000000000000000000000000000000000000000000000000000000000000000000000000000000000000000000000000000000000000000000000000000000000000000000000000000000000000000]
add_ln133              (add              ) [ 000000000000000000000000000000000000000000000000000000000000000000000000000000000000000000000000000000000000000000000000000000000000000000000000000000000000000000000000000000000000000000000]
xor_ln133              (xor              ) [ 000000000000000000000000000000000000000000000000000000000000000000000000000000000000000000000000000000000000000000000000000000000000000000000000000000000000000000000000000000000000000000000]
select_ln121_2         (select           ) [ 010110000000000000000000000000000000000000000000000000000000000000000000000000000000000000000000000000000000000000000000000000000000000000000000000000000000000000000000000000000000000000000]
zext_ln121_2           (zext             ) [ 000000000000000000000000000000000000000000000000000000000000000000000000000000000000000000000000000000000000000000000000000000000000000000000000000000000000000000000000000000000000000000000]
conv2_w_addr_1         (getelementptr    ) [ 000100000000000000000000000000000000000000000000000000000000000000000000000000000000000000000000000000000000000000000000000000000000000000000000000000000000000000000000000000000000000000000]
or_ln133_mid1          (bitconcatenate   ) [ 000000000000000000000000000000000000000000000000000000000000000000000000000000000000000000000000000000000000000000000000000000000000000000000000000000000000000000000000000000000000000000000]
or_ln                  (bitconcatenate   ) [ 000000000000000000000000000000000000000000000000000000000000000000000000000000000000000000000000000000000000000000000000000000000000000000000000000000000000000000000000000000000000000000000]
select_ln121_3         (select           ) [ 010110000000000000000000000000000000000000000000000000000000000000000000000000000000000000000000000000000000000000000000000000000000000000000000000000000000000000000000000000000000000000000]
zext_ln121_3           (zext             ) [ 000000000000000000000000000000000000000000000000000000000000000000000000000000000000000000000000000000000000000000000000000000000000000000000000000000000000000000000000000000000000000000000]
conv2_w_addr_2         (getelementptr    ) [ 000100000000000000000000000000000000000000000000000000000000000000000000000000000000000000000000000000000000000000000000000000000000000000000000000000000000000000000000000000000000000000000]
sext_ln121             (sext             ) [ 000000000000000000000000000000000000000000000000000000000000000000000000000000000000000000000000000000000000000000000000000000000000000000000000000000000000000000000000000000000000000000000]
zext_ln121_4           (zext             ) [ 000000000000000000000000000000000000000000000000000000000000000000000000000000000000000000000000000000000000000000000000000000000000000000000000000000000000000000000000000000000000000000000]
conv2_w_addr_3         (getelementptr    ) [ 000100000000000000000000000000000000000000000000000000000000000000000000000000000000000000000000000000000000000000000000000000000000000000000000000000000000000000000000000000000000000000000]
or_ln133_1_mid1        (bitconcatenate   ) [ 000000000000000000000000000000000000000000000000000000000000000000000000000000000000000000000000000000000000000000000000000000000000000000000000000000000000000000000000000000000000000000000]
or_ln133_s             (bitconcatenate   ) [ 000000000000000000000000000000000000000000000000000000000000000000000000000000000000000000000000000000000000000000000000000000000000000000000000000000000000000000000000000000000000000000000]
select_ln121_4         (select           ) [ 010110000000000000000000000000000000000000000000000000000000000000000000000000000000000000000000000000000000000000000000000000000000000000000000000000000000000000000000000000000000000000000]
zext_ln121_5           (zext             ) [ 000000000000000000000000000000000000000000000000000000000000000000000000000000000000000000000000000000000000000000000000000000000000000000000000000000000000000000000000000000000000000000000]
conv2_w_addr_4         (getelementptr    ) [ 000100000000000000000000000000000000000000000000000000000000000000000000000000000000000000000000000000000000000000000000000000000000000000000000000000000000000000000000000000000000000000000]
zext_ln121_6           (zext             ) [ 000000000000000000000000000000000000000000000000000000000000000000000000000000000000000000000000000000000000000000000000000000000000000000000000000000000000000000000000000000000000000000000]
add_ln121_8            (add              ) [ 010110000000000000000000000000000000000000000000000000000000000000000000000000000000000000000000000000000000000000000000000000000000000000000000000000000000000000000000000000000000000000000]
zext_ln121_7           (zext             ) [ 000000000000000000000000000000000000000000000000000000000000000000000000000000000000000000000000000000000000000000000000000000000000000000000000000000000000000000000000000000000000000000000]
conv2_w_addr_5         (getelementptr    ) [ 000100000000000000000000000000000000000000000000000000000000000000000000000000000000000000000000000000000000000000000000000000000000000000000000000000000000000000000000000000000000000000000]
sext_ln121_1           (sext             ) [ 000000000000000000000000000000000000000000000000000000000000000000000000000000000000000000000000000000000000000000000000000000000000000000000000000000000000000000000000000000000000000000000]
zext_ln121_8           (zext             ) [ 000000000000000000000000000000000000000000000000000000000000000000000000000000000000000000000000000000000000000000000000000000000000000000000000000000000000000000000000000000000000000000000]
conv2_w_addr_6         (getelementptr    ) [ 000100000000000000000000000000000000000000000000000000000000000000000000000000000000000000000000000000000000000000000000000000000000000000000000000000000000000000000000000000000000000000000]
sext_ln121_2           (sext             ) [ 000000000000000000000000000000000000000000000000000000000000000000000000000000000000000000000000000000000000000000000000000000000000000000000000000000000000000000000000000000000000000000000]
zext_ln121_9           (zext             ) [ 000000000000000000000000000000000000000000000000000000000000000000000000000000000000000000000000000000000000000000000000000000000000000000000000000000000000000000000000000000000000000000000]
conv2_w_addr_7         (getelementptr    ) [ 000100000000000000000000000000000000000000000000000000000000000000000000000000000000000000000000000000000000000000000000000000000000000000000000000000000000000000000000000000000000000000000]
or_ln133_3_mid1        (bitconcatenate   ) [ 000000000000000000000000000000000000000000000000000000000000000000000000000000000000000000000000000000000000000000000000000000000000000000000000000000000000000000000000000000000000000000000]
or_ln133_1             (bitconcatenate   ) [ 000000000000000000000000000000000000000000000000000000000000000000000000000000000000000000000000000000000000000000000000000000000000000000000000000000000000000000000000000000000000000000000]
select_ln121_5         (select           ) [ 010110000000000000000000000000000000000000000000000000000000000000000000000000000000000000000000000000000000000000000000000000000000000000000000000000000000000000000000000000000000000000000]
zext_ln121_10          (zext             ) [ 000000000000000000000000000000000000000000000000000000000000000000000000000000000000000000000000000000000000000000000000000000000000000000000000000000000000000000000000000000000000000000000]
conv2_w_addr_8         (getelementptr    ) [ 000100000000000000000000000000000000000000000000000000000000000000000000000000000000000000000000000000000000000000000000000000000000000000000000000000000000000000000000000000000000000000000]
zext_ln121_11          (zext             ) [ 000000000000000000000000000000000000000000000000000000000000000000000000000000000000000000000000000000000000000000000000000000000000000000000000000000000000000000000000000000000000000000000]
add_ln121_9            (add              ) [ 010110000000000000000000000000000000000000000000000000000000000000000000000000000000000000000000000000000000000000000000000000000000000000000000000000000000000000000000000000000000000000000]
zext_ln121_12          (zext             ) [ 000000000000000000000000000000000000000000000000000000000000000000000000000000000000000000000000000000000000000000000000000000000000000000000000000000000000000000000000000000000000000000000]
conv2_w_addr_9         (getelementptr    ) [ 000100000000000000000000000000000000000000000000000000000000000000000000000000000000000000000000000000000000000000000000000000000000000000000000000000000000000000000000000000000000000000000]
or_ln133_4_mid1        (bitconcatenate   ) [ 000000000000000000000000000000000000000000000000000000000000000000000000000000000000000000000000000000000000000000000000000000000000000000000000000000000000000000000000000000000000000000000]
or_ln133_2             (bitconcatenate   ) [ 000000000000000000000000000000000000000000000000000000000000000000000000000000000000000000000000000000000000000000000000000000000000000000000000000000000000000000000000000000000000000000000]
select_ln121_6         (select           ) [ 010110000000000000000000000000000000000000000000000000000000000000000000000000000000000000000000000000000000000000000000000000000000000000000000000000000000000000000000000000000000000000000]
zext_ln121_13          (zext             ) [ 000000000000000000000000000000000000000000000000000000000000000000000000000000000000000000000000000000000000000000000000000000000000000000000000000000000000000000000000000000000000000000000]
conv2_w_addr_10        (getelementptr    ) [ 000100000000000000000000000000000000000000000000000000000000000000000000000000000000000000000000000000000000000000000000000000000000000000000000000000000000000000000000000000000000000000000]
add_ln121_10           (add              ) [ 010110000000000000000000000000000000000000000000000000000000000000000000000000000000000000000000000000000000000000000000000000000000000000000000000000000000000000000000000000000000000000000]
zext_ln121_14          (zext             ) [ 000000000000000000000000000000000000000000000000000000000000000000000000000000000000000000000000000000000000000000000000000000000000000000000000000000000000000000000000000000000000000000000]
conv2_w_addr_11        (getelementptr    ) [ 000100000000000000000000000000000000000000000000000000000000000000000000000000000000000000000000000000000000000000000000000000000000000000000000000000000000000000000000000000000000000000000]
select_ln121_13        (select           ) [ 000000000000000000000000000000000000000000000000000000000000000000000000000000000000000000000000000000000000000000000000000000000000000000000000000000000000000000000000000000000000000000000]
select_ln121_14        (select           ) [ 000000000000000000000000000000000000000000000000000000000000000000000000000000000000000000000000000000000000000000000000000000000000000000000000000000000000000000000000000000000000000000000]
xor_ln121              (xor              ) [ 000000000000000000000000000000000000000000000000000000000000000000000000000000000000000000000000000000000000000000000000000000000000000000000000000000000000000000000000000000000000000000000]
icmp_ln123             (icmp             ) [ 000000000000000000000000000000000000000000000000000000000000000000000000000000000000000000000000000000000000000000000000000000000000000000000000000000000000000000000000000000000000000000000]
and_ln121              (and              ) [ 000000000000000000000000000000000000000000000000000000000000000000000000000000000000000000000000000000000000000000000000000000000000000000000000000000000000000000000000000000000000000000000]
p_dup45                (add              ) [ 000000000000000000000000000000000000000000000000000000000000000000000000000000000000000000000000000000000000000000000000000000000000000000000000000000000000000000000000000000000000000000000]
or_ln122               (or               ) [ 000000000000000000000000000000000000000000000000000000000000000000000000000000000000000000000000000000000000000000000000000000000000000000000000000000000000000000000000000000000000000000000]
select_ln122           (select           ) [ 010110000000000000000000000000000000000000000000000000000000000000000000000000000000000000000000000000000000000000000000000000000000000000000000000000000000000000000000000000000000000000000]
select_ln122_1         (select           ) [ 000000000000000000000000000000000000000000000000000000000000000000000000000000000000000000000000000000000000000000000000000000000000000000000000000000000000000000000000000000000000000000000]
zext_ln135             (zext             ) [ 010110000000000000000000000000000000000000000000000000000000000000000000000000000000000000000000000000000000000000000000000000000000000000000000000000000000000000000000000000000000000000000]
zext_ln135_1           (zext             ) [ 000000000000000000000000000000000000000000000000000000000000000000000000000000000000000000000000000000000000000000000000000000000000000000000000000000000000000000000000000000000000000000000]
tmp                    (bitconcatenate   ) [ 000000000000000000000000000000000000000000000000000000000000000000000000000000000000000000000000000000000000000000000000000000000000000000000000000000000000000000000000000000000000000000000]
zext_ln135_2           (zext             ) [ 000000000000000000000000000000000000000000000000000000000000000000000000000000000000000000000000000000000000000000000000000000000000000000000000000000000000000000000000000000000000000000000]
sub_ln135              (sub              ) [ 000000000000000000000000000000000000000000000000000000000000000000000000000000000000000000000000000000000000000000000000000000000000000000000000000000000000000000000000000000000000000000000]
p_mid148               (add              ) [ 000000000000000000000000000000000000000000000000000000000000000000000000000000000000000000000000000000000000000000000000000000000000000000000000000000000000000000000000000000000000000000000]
select_ln122_2         (select           ) [ 000100000000000000000000000000000000000000000000000000000000000000000000000000000000000000000000000000000000000000000000000000000000000000000000000000000000000000000000000000000000000000000]
p_mid150               (add              ) [ 000000000000000000000000000000000000000000000000000000000000000000000000000000000000000000000000000000000000000000000000000000000000000000000000000000000000000000000000000000000000000000000]
select_ln122_3         (select           ) [ 010110000000000000000000000000000000000000000000000000000000000000000000000000000000000000000000000000000000000000000000000000000000000000000000000000000000000000000000000000000000000000000]
trunc_ln135            (trunc            ) [ 000000000000000000000000000000000000000000000000000000000000000000000000000000000000000000000000000000000000000000000000000000000000000000000000000000000000000000000000000000000000000000000]
zext_ln135_8           (zext             ) [ 000000000000000000000000000000000000000000000000000000000000000000000000000000000000000000000000000000000000000000000000000000000000000000000000000000000000000000000000000000000000000000000]
add_ln135              (add              ) [ 000000000000000000000000000000000000000000000000000000000000000000000000000000000000000000000000000000000000000000000000000000000000000000000000000000000000000000000000000000000000000000000]
tmp_s                  (bitconcatenate   ) [ 000000000000000000000000000000000000000000000000000000000000000000000000000000000000000000000000000000000000000000000000000000000000000000000000000000000000000000000000000000000000000000000]
zext_ln135_9           (zext             ) [ 000000000000000000000000000000000000000000000000000000000000000000000000000000000000000000000000000000000000000000000000000000000000000000000000000000000000000000000000000000000000000000000]
layer1_pool_addr       (getelementptr    ) [ 000100000000000000000000000000000000000000000000000000000000000000000000000000000000000000000000000000000000000000000000000000000000000000000000000000000000000000000000000000000000000000000]
or_ln135               (or               ) [ 000000000000000000000000000000000000000000000000000000000000000000000000000000000000000000000000000000000000000000000000000000000000000000000000000000000000000000000000000000000000000000000]
zext_ln135_10          (zext             ) [ 000000000000000000000000000000000000000000000000000000000000000000000000000000000000000000000000000000000000000000000000000000000000000000000000000000000000000000000000000000000000000000000]
layer1_pool_addr_1     (getelementptr    ) [ 000100000000000000000000000000000000000000000000000000000000000000000000000000000000000000000000000000000000000000000000000000000000000000000000000000000000000000000000000000000000000000000]
or_ln135_1             (or               ) [ 000000000000000000000000000000000000000000000000000000000000000000000000000000000000000000000000000000000000000000000000000000000000000000000000000000000000000000000000000000000000000000000]
zext_ln135_11          (zext             ) [ 000000000000000000000000000000000000000000000000000000000000000000000000000000000000000000000000000000000000000000000000000000000000000000000000000000000000000000000000000000000000000000000]
layer1_pool_addr_2     (getelementptr    ) [ 000100000000000000000000000000000000000000000000000000000000000000000000000000000000000000000000000000000000000000000000000000000000000000000000000000000000000000000000000000000000000000000]
or_ln135_2             (or               ) [ 000000000000000000000000000000000000000000000000000000000000000000000000000000000000000000000000000000000000000000000000000000000000000000000000000000000000000000000000000000000000000000000]
zext_ln135_12          (zext             ) [ 000000000000000000000000000000000000000000000000000000000000000000000000000000000000000000000000000000000000000000000000000000000000000000000000000000000000000000000000000000000000000000000]
layer1_pool_addr_3     (getelementptr    ) [ 000100000000000000000000000000000000000000000000000000000000000000000000000000000000000000000000000000000000000000000000000000000000000000000000000000000000000000000000000000000000000000000]
empty_34               (add              ) [ 010110000000000000000000000000000000000000000000000000000000000000000000000000000000000000000000000000000000000000000000000000000000000000000000000000000000000000000000000000000000000000000]
trunc_ln135_3          (trunc            ) [ 000000000000000000000000000000000000000000000000000000000000000000000000000000000000000000000000000000000000000000000000000000000000000000000000000000000000000000000000000000000000000000000]
zext_ln135_23          (zext             ) [ 000000000000000000000000000000000000000000000000000000000000000000000000000000000000000000000000000000000000000000000000000000000000000000000000000000000000000000000000000000000000000000000]
add_ln135_3            (add              ) [ 000000000000000000000000000000000000000000000000000000000000000000000000000000000000000000000000000000000000000000000000000000000000000000000000000000000000000000000000000000000000000000000]
tmp_27                 (bitconcatenate   ) [ 000000000000000000000000000000000000000000000000000000000000000000000000000000000000000000000000000000000000000000000000000000000000000000000000000000000000000000000000000000000000000000000]
zext_ln135_24          (zext             ) [ 000000000000000000000000000000000000000000000000000000000000000000000000000000000000000000000000000000000000000000000000000000000000000000000000000000000000000000000000000000000000000000000]
layer1_pool_addr_5     (getelementptr    ) [ 000100000000000000000000000000000000000000000000000000000000000000000000000000000000000000000000000000000000000000000000000000000000000000000000000000000000000000000000000000000000000000000]
or_ln135_9             (or               ) [ 000000000000000000000000000000000000000000000000000000000000000000000000000000000000000000000000000000000000000000000000000000000000000000000000000000000000000000000000000000000000000000000]
zext_ln135_25          (zext             ) [ 000000000000000000000000000000000000000000000000000000000000000000000000000000000000000000000000000000000000000000000000000000000000000000000000000000000000000000000000000000000000000000000]
layer1_pool_addr_6     (getelementptr    ) [ 000100000000000000000000000000000000000000000000000000000000000000000000000000000000000000000000000000000000000000000000000000000000000000000000000000000000000000000000000000000000000000000]
or_ln135_10            (or               ) [ 000000000000000000000000000000000000000000000000000000000000000000000000000000000000000000000000000000000000000000000000000000000000000000000000000000000000000000000000000000000000000000000]
zext_ln135_26          (zext             ) [ 000000000000000000000000000000000000000000000000000000000000000000000000000000000000000000000000000000000000000000000000000000000000000000000000000000000000000000000000000000000000000000000]
layer1_pool_addr_7     (getelementptr    ) [ 000100000000000000000000000000000000000000000000000000000000000000000000000000000000000000000000000000000000000000000000000000000000000000000000000000000000000000000000000000000000000000000]
or_ln135_11            (or               ) [ 000000000000000000000000000000000000000000000000000000000000000000000000000000000000000000000000000000000000000000000000000000000000000000000000000000000000000000000000000000000000000000000]
zext_ln135_27          (zext             ) [ 000000000000000000000000000000000000000000000000000000000000000000000000000000000000000000000000000000000000000000000000000000000000000000000000000000000000000000000000000000000000000000000]
layer1_pool_addr_8     (getelementptr    ) [ 000100000000000000000000000000000000000000000000000000000000000000000000000000000000000000000000000000000000000000000000000000000000000000000000000000000000000000000000000000000000000000000]
empty_35               (add              ) [ 010110000000000000000000000000000000000000000000000000000000000000000000000000000000000000000000000000000000000000000000000000000000000000000000000000000000000000000000000000000000000000000]
trunc_ln135_6          (trunc            ) [ 000000000000000000000000000000000000000000000000000000000000000000000000000000000000000000000000000000000000000000000000000000000000000000000000000000000000000000000000000000000000000000000]
zext_ln135_38          (zext             ) [ 000000000000000000000000000000000000000000000000000000000000000000000000000000000000000000000000000000000000000000000000000000000000000000000000000000000000000000000000000000000000000000000]
add_ln135_6            (add              ) [ 000000000000000000000000000000000000000000000000000000000000000000000000000000000000000000000000000000000000000000000000000000000000000000000000000000000000000000000000000000000000000000000]
tmp_30                 (bitconcatenate   ) [ 000000000000000000000000000000000000000000000000000000000000000000000000000000000000000000000000000000000000000000000000000000000000000000000000000000000000000000000000000000000000000000000]
zext_ln135_39          (zext             ) [ 000000000000000000000000000000000000000000000000000000000000000000000000000000000000000000000000000000000000000000000000000000000000000000000000000000000000000000000000000000000000000000000]
layer1_pool_addr_9     (getelementptr    ) [ 000100000000000000000000000000000000000000000000000000000000000000000000000000000000000000000000000000000000000000000000000000000000000000000000000000000000000000000000000000000000000000000]
or_ln135_18            (or               ) [ 000000000000000000000000000000000000000000000000000000000000000000000000000000000000000000000000000000000000000000000000000000000000000000000000000000000000000000000000000000000000000000000]
zext_ln135_40          (zext             ) [ 000000000000000000000000000000000000000000000000000000000000000000000000000000000000000000000000000000000000000000000000000000000000000000000000000000000000000000000000000000000000000000000]
layer1_pool_addr_10    (getelementptr    ) [ 000100000000000000000000000000000000000000000000000000000000000000000000000000000000000000000000000000000000000000000000000000000000000000000000000000000000000000000000000000000000000000000]
or_ln135_19            (or               ) [ 000000000000000000000000000000000000000000000000000000000000000000000000000000000000000000000000000000000000000000000000000000000000000000000000000000000000000000000000000000000000000000000]
zext_ln135_41          (zext             ) [ 000000000000000000000000000000000000000000000000000000000000000000000000000000000000000000000000000000000000000000000000000000000000000000000000000000000000000000000000000000000000000000000]
layer1_pool_addr_11    (getelementptr    ) [ 000100000000000000000000000000000000000000000000000000000000000000000000000000000000000000000000000000000000000000000000000000000000000000000000000000000000000000000000000000000000000000000]
or_ln135_20            (or               ) [ 000000000000000000000000000000000000000000000000000000000000000000000000000000000000000000000000000000000000000000000000000000000000000000000000000000000000000000000000000000000000000000000]
zext_ln135_42          (zext             ) [ 000000000000000000000000000000000000000000000000000000000000000000000000000000000000000000000000000000000000000000000000000000000000000000000000000000000000000000000000000000000000000000000]
layer1_pool_addr_12    (getelementptr    ) [ 000100000000000000000000000000000000000000000000000000000000000000000000000000000000000000000000000000000000000000000000000000000000000000000000000000000000000000000000000000000000000000000]
add_ln122              (add              ) [ 000000000000000000000000000000000000000000000000000000000000000000000000000000000000000000000000000000000000000000000000000000000000000000000000000000000000000000000000000000000000000000000]
select_ln122_4         (select           ) [ 000000000000000000000000000000000000000000000000000000000000000000000000000000000000000000000000000000000000000000000000000000000000000000000000000000000000000000000000000000000000000000000]
store_ln123            (store            ) [ 000000000000000000000000000000000000000000000000000000000000000000000000000000000000000000000000000000000000000000000000000000000000000000000000000000000000000000000000000000000000000000000]
store_ln123            (store            ) [ 000000000000000000000000000000000000000000000000000000000000000000000000000000000000000000000000000000000000000000000000000000000000000000000000000000000000000000000000000000000000000000000]
store_ln123            (store            ) [ 000000000000000000000000000000000000000000000000000000000000000000000000000000000000000000000000000000000000000000000000000000000000000000000000000000000000000000000000000000000000000000000]
store_ln123            (store            ) [ 000000000000000000000000000000000000000000000000000000000000000000000000000000000000000000000000000000000000000000000000000000000000000000000000000000000000000000000000000000000000000000000]
store_ln123            (store            ) [ 000000000000000000000000000000000000000000000000000000000000000000000000000000000000000000000000000000000000000000000000000000000000000000000000000000000000000000000000000000000000000000000]
conv2_w_load           (load             ) [ 011111100000000000000000000000000000000000000000000000000000000000000000000000000000000000000000000000000000000000000000000000000000000000000000000000000000000000000000000000000000000000000]
conv2_w_load_1         (load             ) [ 011111100000000000000000000000000000000000000000000000000000000000000000000000000000000000000000000000000000000000000000000000000000000000000000000000000000000000000000000000000000000000000]
conv2_w_load_2         (load             ) [ 011111100000000000000000000000000000000000000000000000000000000000000000000000000000000000000000000000000000000000000000000000000000000000000000000000000000000000000000000000000000000000000]
conv2_w_load_3         (load             ) [ 011111100000000000000000000000000000000000000000000000000000000000000000000000000000000000000000000000000000000000000000000000000000000000000000000000000000000000000000000000000000000000000]
conv2_w_load_4         (load             ) [ 011111100000000000000000000000000000000000000000000000000000000000000000000000000000000000000000000000000000000000000000000000000000000000000000000000000000000000000000000000000000000000000]
conv2_w_load_5         (load             ) [ 011111100000000000000000000000000000000000000000000000000000000000000000000000000000000000000000000000000000000000000000000000000000000000000000000000000000000000000000000000000000000000000]
conv2_w_load_6         (load             ) [ 011111100000000000000000000000000000000000000000000000000000000000000000000000000000000000000000000000000000000000000000000000000000000000000000000000000000000000000000000000000000000000000]
conv2_w_load_7         (load             ) [ 011111100000000000000000000000000000000000000000000000000000000000000000000000000000000000000000000000000000000000000000000000000000000000000000000000000000000000000000000000000000000000000]
conv2_w_load_8         (load             ) [ 011111100000000000000000000000000000000000000000000000000000000000000000000000000000000000000000000000000000000000000000000000000000000000000000000000000000000000000000000000000000000000000]
conv2_w_load_9         (load             ) [ 011111100000000000000000000000000000000000000000000000000000000000000000000000000000000000000000000000000000000000000000000000000000000000000000000000000000000000000000000000000000000000000]
conv2_w_load_10        (load             ) [ 011111100000000000000000000000000000000000000000000000000000000000000000000000000000000000000000000000000000000000000000000000000000000000000000000000000000000000000000000000000000000000000]
conv2_w_load_11        (load             ) [ 011111100000000000000000000000000000000000000000000000000000000000000000000000000000000000000000000000000000000000000000000000000000000000000000000000000000000000000000000000000000000000000]
sext_ln121_3           (sext             ) [ 000000000000000000000000000000000000000000000000000000000000000000000000000000000000000000000000000000000000000000000000000000000000000000000000000000000000000000000000000000000000000000000]
zext_ln121_15          (zext             ) [ 000000000000000000000000000000000000000000000000000000000000000000000000000000000000000000000000000000000000000000000000000000000000000000000000000000000000000000000000000000000000000000000]
conv2_w_addr_12        (getelementptr    ) [ 010010000000000000000000000000000000000000000000000000000000000000000000000000000000000000000000000000000000000000000000000000000000000000000000000000000000000000000000000000000000000000000]
sext_ln121_4           (sext             ) [ 000000000000000000000000000000000000000000000000000000000000000000000000000000000000000000000000000000000000000000000000000000000000000000000000000000000000000000000000000000000000000000000]
zext_ln121_16          (zext             ) [ 000000000000000000000000000000000000000000000000000000000000000000000000000000000000000000000000000000000000000000000000000000000000000000000000000000000000000000000000000000000000000000000]
conv2_w_addr_13        (getelementptr    ) [ 010010000000000000000000000000000000000000000000000000000000000000000000000000000000000000000000000000000000000000000000000000000000000000000000000000000000000000000000000000000000000000000]
sext_ln121_5           (sext             ) [ 000000000000000000000000000000000000000000000000000000000000000000000000000000000000000000000000000000000000000000000000000000000000000000000000000000000000000000000000000000000000000000000]
zext_ln121_17          (zext             ) [ 000000000000000000000000000000000000000000000000000000000000000000000000000000000000000000000000000000000000000000000000000000000000000000000000000000000000000000000000000000000000000000000]
conv2_w_addr_14        (getelementptr    ) [ 010010000000000000000000000000000000000000000000000000000000000000000000000000000000000000000000000000000000000000000000000000000000000000000000000000000000000000000000000000000000000000000]
sext_ln121_6           (sext             ) [ 000000000000000000000000000000000000000000000000000000000000000000000000000000000000000000000000000000000000000000000000000000000000000000000000000000000000000000000000000000000000000000000]
zext_ln121_18          (zext             ) [ 000000000000000000000000000000000000000000000000000000000000000000000000000000000000000000000000000000000000000000000000000000000000000000000000000000000000000000000000000000000000000000000]
conv2_w_addr_15        (getelementptr    ) [ 010010000000000000000000000000000000000000000000000000000000000000000000000000000000000000000000000000000000000000000000000000000000000000000000000000000000000000000000000000000000000000000]
or_ln133_7_mid1        (bitconcatenate   ) [ 000000000000000000000000000000000000000000000000000000000000000000000000000000000000000000000000000000000000000000000000000000000000000000000000000000000000000000000000000000000000000000000]
or_ln133_3             (bitconcatenate   ) [ 000000000000000000000000000000000000000000000000000000000000000000000000000000000000000000000000000000000000000000000000000000000000000000000000000000000000000000000000000000000000000000000]
select_ln121_7         (select           ) [ 000000000000000000000000000000000000000000000000000000000000000000000000000000000000000000000000000000000000000000000000000000000000000000000000000000000000000000000000000000000000000000000]
zext_ln121_19          (zext             ) [ 000000000000000000000000000000000000000000000000000000000000000000000000000000000000000000000000000000000000000000000000000000000000000000000000000000000000000000000000000000000000000000000]
conv2_w_addr_16        (getelementptr    ) [ 010010000000000000000000000000000000000000000000000000000000000000000000000000000000000000000000000000000000000000000000000000000000000000000000000000000000000000000000000000000000000000000]
zext_ln121_20          (zext             ) [ 000000000000000000000000000000000000000000000000000000000000000000000000000000000000000000000000000000000000000000000000000000000000000000000000000000000000000000000000000000000000000000000]
add_ln121_1            (add              ) [ 000000000000000000000000000000000000000000000000000000000000000000000000000000000000000000000000000000000000000000000000000000000000000000000000000000000000000000000000000000000000000000000]
zext_ln121_21          (zext             ) [ 000000000000000000000000000000000000000000000000000000000000000000000000000000000000000000000000000000000000000000000000000000000000000000000000000000000000000000000000000000000000000000000]
conv2_w_addr_17        (getelementptr    ) [ 010010000000000000000000000000000000000000000000000000000000000000000000000000000000000000000000000000000000000000000000000000000000000000000000000000000000000000000000000000000000000000000]
or_ln133_8_mid1        (bitconcatenate   ) [ 000000000000000000000000000000000000000000000000000000000000000000000000000000000000000000000000000000000000000000000000000000000000000000000000000000000000000000000000000000000000000000000]
or_ln133_4             (bitconcatenate   ) [ 000000000000000000000000000000000000000000000000000000000000000000000000000000000000000000000000000000000000000000000000000000000000000000000000000000000000000000000000000000000000000000000]
select_ln121_8         (select           ) [ 000000000000000000000000000000000000000000000000000000000000000000000000000000000000000000000000000000000000000000000000000000000000000000000000000000000000000000000000000000000000000000000]
zext_ln121_22          (zext             ) [ 000000000000000000000000000000000000000000000000000000000000000000000000000000000000000000000000000000000000000000000000000000000000000000000000000000000000000000000000000000000000000000000]
conv2_w_addr_18        (getelementptr    ) [ 010010000000000000000000000000000000000000000000000000000000000000000000000000000000000000000000000000000000000000000000000000000000000000000000000000000000000000000000000000000000000000000]
add_ln121_2            (add              ) [ 000000000000000000000000000000000000000000000000000000000000000000000000000000000000000000000000000000000000000000000000000000000000000000000000000000000000000000000000000000000000000000000]
zext_ln121_23          (zext             ) [ 000000000000000000000000000000000000000000000000000000000000000000000000000000000000000000000000000000000000000000000000000000000000000000000000000000000000000000000000000000000000000000000]
conv2_w_addr_19        (getelementptr    ) [ 010010000000000000000000000000000000000000000000000000000000000000000000000000000000000000000000000000000000000000000000000000000000000000000000000000000000000000000000000000000000000000000]
or_ln133_9_mid1        (bitconcatenate   ) [ 000000000000000000000000000000000000000000000000000000000000000000000000000000000000000000000000000000000000000000000000000000000000000000000000000000000000000000000000000000000000000000000]
or_ln133_5             (bitconcatenate   ) [ 000000000000000000000000000000000000000000000000000000000000000000000000000000000000000000000000000000000000000000000000000000000000000000000000000000000000000000000000000000000000000000000]
select_ln121_9         (select           ) [ 000000000000000000000000000000000000000000000000000000000000000000000000000000000000000000000000000000000000000000000000000000000000000000000000000000000000000000000000000000000000000000000]
zext_ln121_24          (zext             ) [ 000000000000000000000000000000000000000000000000000000000000000000000000000000000000000000000000000000000000000000000000000000000000000000000000000000000000000000000000000000000000000000000]
conv2_w_addr_20        (getelementptr    ) [ 010010000000000000000000000000000000000000000000000000000000000000000000000000000000000000000000000000000000000000000000000000000000000000000000000000000000000000000000000000000000000000000]
add_ln121_3            (add              ) [ 000000000000000000000000000000000000000000000000000000000000000000000000000000000000000000000000000000000000000000000000000000000000000000000000000000000000000000000000000000000000000000000]
zext_ln121_25          (zext             ) [ 000000000000000000000000000000000000000000000000000000000000000000000000000000000000000000000000000000000000000000000000000000000000000000000000000000000000000000000000000000000000000000000]
conv2_w_addr_21        (getelementptr    ) [ 010010000000000000000000000000000000000000000000000000000000000000000000000000000000000000000000000000000000000000000000000000000000000000000000000000000000000000000000000000000000000000000]
or_ln133_10_mid1       (bitconcatenate   ) [ 000000000000000000000000000000000000000000000000000000000000000000000000000000000000000000000000000000000000000000000000000000000000000000000000000000000000000000000000000000000000000000000]
or_ln133_6             (bitconcatenate   ) [ 000000000000000000000000000000000000000000000000000000000000000000000000000000000000000000000000000000000000000000000000000000000000000000000000000000000000000000000000000000000000000000000]
select_ln121_10        (select           ) [ 000000000000000000000000000000000000000000000000000000000000000000000000000000000000000000000000000000000000000000000000000000000000000000000000000000000000000000000000000000000000000000000]
zext_ln121_26          (zext             ) [ 000000000000000000000000000000000000000000000000000000000000000000000000000000000000000000000000000000000000000000000000000000000000000000000000000000000000000000000000000000000000000000000]
conv2_w_addr_22        (getelementptr    ) [ 010010000000000000000000000000000000000000000000000000000000000000000000000000000000000000000000000000000000000000000000000000000000000000000000000000000000000000000000000000000000000000000]
add_ln121_4            (add              ) [ 000000000000000000000000000000000000000000000000000000000000000000000000000000000000000000000000000000000000000000000000000000000000000000000000000000000000000000000000000000000000000000000]
zext_ln121_27          (zext             ) [ 000000000000000000000000000000000000000000000000000000000000000000000000000000000000000000000000000000000000000000000000000000000000000000000000000000000000000000000000000000000000000000000]
conv2_w_addr_23        (getelementptr    ) [ 010010000000000000000000000000000000000000000000000000000000000000000000000000000000000000000000000000000000000000000000000000000000000000000000000000000000000000000000000000000000000000000]
zext_ln135_3           (zext             ) [ 000000000000000000000000000000000000000000000000000000000000000000000000000000000000000000000000000000000000000000000000000000000000000000000000000000000000000000000000000000000000000000000]
tmp_2                  (bitconcatenate   ) [ 000000000000000000000000000000000000000000000000000000000000000000000000000000000000000000000000000000000000000000000000000000000000000000000000000000000000000000000000000000000000000000000]
zext_ln135_4           (zext             ) [ 000000000000000000000000000000000000000000000000000000000000000000000000000000000000000000000000000000000000000000000000000000000000000000000000000000000000000000000000000000000000000000000]
sub_ln135_1            (sub              ) [ 000000000000000000000000000000000000000000000000000000000000000000000000000000000000000000000000000000000000000000000000000000000000000000000000000000000000000000000000000000000000000000000]
trunc_ln135_1          (trunc            ) [ 000000000000000000000000000000000000000000000000000000000000000000000000000000000000000000000000000000000000000000000000000000000000000000000000000000000000000000000000000000000000000000000]
zext_ln135_13          (zext             ) [ 000000000000000000000000000000000000000000000000000000000000000000000000000000000000000000000000000000000000000000000000000000000000000000000000000000000000000000000000000000000000000000000]
add_ln135_1            (add              ) [ 000000000000000000000000000000000000000000000000000000000000000000000000000000000000000000000000000000000000000000000000000000000000000000000000000000000000000000000000000000000000000000000]
tmp_24                 (bitconcatenate   ) [ 000000000000000000000000000000000000000000000000000000000000000000000000000000000000000000000000000000000000000000000000000000000000000000000000000000000000000000000000000000000000000000000]
zext_ln135_14          (zext             ) [ 000000000000000000000000000000000000000000000000000000000000000000000000000000000000000000000000000000000000000000000000000000000000000000000000000000000000000000000000000000000000000000000]
layer1_pool_addr_4     (getelementptr    ) [ 010010000000000000000000000000000000000000000000000000000000000000000000000000000000000000000000000000000000000000000000000000000000000000000000000000000000000000000000000000000000000000000]
or_ln135_3             (or               ) [ 000000000000000000000000000000000000000000000000000000000000000000000000000000000000000000000000000000000000000000000000000000000000000000000000000000000000000000000000000000000000000000000]
zext_ln135_15          (zext             ) [ 000000000000000000000000000000000000000000000000000000000000000000000000000000000000000000000000000000000000000000000000000000000000000000000000000000000000000000000000000000000000000000000]
layer1_pool_addr_13    (getelementptr    ) [ 010010000000000000000000000000000000000000000000000000000000000000000000000000000000000000000000000000000000000000000000000000000000000000000000000000000000000000000000000000000000000000000]
or_ln135_4             (or               ) [ 000000000000000000000000000000000000000000000000000000000000000000000000000000000000000000000000000000000000000000000000000000000000000000000000000000000000000000000000000000000000000000000]
zext_ln135_16          (zext             ) [ 000000000000000000000000000000000000000000000000000000000000000000000000000000000000000000000000000000000000000000000000000000000000000000000000000000000000000000000000000000000000000000000]
layer1_pool_addr_14    (getelementptr    ) [ 010010000000000000000000000000000000000000000000000000000000000000000000000000000000000000000000000000000000000000000000000000000000000000000000000000000000000000000000000000000000000000000]
or_ln135_5             (or               ) [ 000000000000000000000000000000000000000000000000000000000000000000000000000000000000000000000000000000000000000000000000000000000000000000000000000000000000000000000000000000000000000000000]
zext_ln135_17          (zext             ) [ 000000000000000000000000000000000000000000000000000000000000000000000000000000000000000000000000000000000000000000000000000000000000000000000000000000000000000000000000000000000000000000000]
layer1_pool_addr_15    (getelementptr    ) [ 010010000000000000000000000000000000000000000000000000000000000000000000000000000000000000000000000000000000000000000000000000000000000000000000000000000000000000000000000000000000000000000]
layer1_pool_load       (load             ) [ 011111100000000000000000000000000000000000000000000000000000000000000000000000000000000000000000000000000000000000000000000000000000000000000000000000000000000000000000000000000000000000000]
layer1_pool_load_1     (load             ) [ 011111100000000000000000000000000000000000000000000000000000000000000000000000000000000000000000000000000000000000000000000000000000000000000000000000000000000000000000000000000000000000000]
layer1_pool_load_2     (load             ) [ 011111100000000000000000000000000000000000000000000000000000000000000000000000000000000000000000000000000000000000000000000000000000000000000000000000000000000000000000000000000000000000000]
layer1_pool_load_3     (load             ) [ 011111100000000000000000000000000000000000000000000000000000000000000000000000000000000000000000000000000000000000000000000000000000000000000000000000000000000000000000000000000000000000000]
trunc_ln135_4          (trunc            ) [ 000000000000000000000000000000000000000000000000000000000000000000000000000000000000000000000000000000000000000000000000000000000000000000000000000000000000000000000000000000000000000000000]
zext_ln135_28          (zext             ) [ 000000000000000000000000000000000000000000000000000000000000000000000000000000000000000000000000000000000000000000000000000000000000000000000000000000000000000000000000000000000000000000000]
add_ln135_4            (add              ) [ 000000000000000000000000000000000000000000000000000000000000000000000000000000000000000000000000000000000000000000000000000000000000000000000000000000000000000000000000000000000000000000000]
tmp_28                 (bitconcatenate   ) [ 000000000000000000000000000000000000000000000000000000000000000000000000000000000000000000000000000000000000000000000000000000000000000000000000000000000000000000000000000000000000000000000]
zext_ln135_29          (zext             ) [ 000000000000000000000000000000000000000000000000000000000000000000000000000000000000000000000000000000000000000000000000000000000000000000000000000000000000000000000000000000000000000000000]
layer1_pool_addr_17    (getelementptr    ) [ 010010000000000000000000000000000000000000000000000000000000000000000000000000000000000000000000000000000000000000000000000000000000000000000000000000000000000000000000000000000000000000000]
or_ln135_12            (or               ) [ 000000000000000000000000000000000000000000000000000000000000000000000000000000000000000000000000000000000000000000000000000000000000000000000000000000000000000000000000000000000000000000000]
zext_ln135_30          (zext             ) [ 000000000000000000000000000000000000000000000000000000000000000000000000000000000000000000000000000000000000000000000000000000000000000000000000000000000000000000000000000000000000000000000]
layer1_pool_addr_18    (getelementptr    ) [ 010010000000000000000000000000000000000000000000000000000000000000000000000000000000000000000000000000000000000000000000000000000000000000000000000000000000000000000000000000000000000000000]
or_ln135_13            (or               ) [ 000000000000000000000000000000000000000000000000000000000000000000000000000000000000000000000000000000000000000000000000000000000000000000000000000000000000000000000000000000000000000000000]
zext_ln135_31          (zext             ) [ 000000000000000000000000000000000000000000000000000000000000000000000000000000000000000000000000000000000000000000000000000000000000000000000000000000000000000000000000000000000000000000000]
layer1_pool_addr_19    (getelementptr    ) [ 010010000000000000000000000000000000000000000000000000000000000000000000000000000000000000000000000000000000000000000000000000000000000000000000000000000000000000000000000000000000000000000]
or_ln135_14            (or               ) [ 000000000000000000000000000000000000000000000000000000000000000000000000000000000000000000000000000000000000000000000000000000000000000000000000000000000000000000000000000000000000000000000]
zext_ln135_32          (zext             ) [ 000000000000000000000000000000000000000000000000000000000000000000000000000000000000000000000000000000000000000000000000000000000000000000000000000000000000000000000000000000000000000000000]
layer1_pool_addr_20    (getelementptr    ) [ 010010000000000000000000000000000000000000000000000000000000000000000000000000000000000000000000000000000000000000000000000000000000000000000000000000000000000000000000000000000000000000000]
layer1_pool_load_4     (load             ) [ 011111100000000000000000000000000000000000000000000000000000000000000000000000000000000000000000000000000000000000000000000000000000000000000000000000000000000000000000000000000000000000000]
layer1_pool_load_5     (load             ) [ 011111100000000000000000000000000000000000000000000000000000000000000000000000000000000000000000000000000000000000000000000000000000000000000000000000000000000000000000000000000000000000000]
layer1_pool_load_6     (load             ) [ 011111100000000000000000000000000000000000000000000000000000000000000000000000000000000000000000000000000000000000000000000000000000000000000000000000000000000000000000000000000000000000000]
layer1_pool_load_7     (load             ) [ 011111100000000000000000000000000000000000000000000000000000000000000000000000000000000000000000000000000000000000000000000000000000000000000000000000000000000000000000000000000000000000000]
trunc_ln135_7          (trunc            ) [ 000000000000000000000000000000000000000000000000000000000000000000000000000000000000000000000000000000000000000000000000000000000000000000000000000000000000000000000000000000000000000000000]
zext_ln135_43          (zext             ) [ 000000000000000000000000000000000000000000000000000000000000000000000000000000000000000000000000000000000000000000000000000000000000000000000000000000000000000000000000000000000000000000000]
add_ln135_7            (add              ) [ 000000000000000000000000000000000000000000000000000000000000000000000000000000000000000000000000000000000000000000000000000000000000000000000000000000000000000000000000000000000000000000000]
tmp_31                 (bitconcatenate   ) [ 000000000000000000000000000000000000000000000000000000000000000000000000000000000000000000000000000000000000000000000000000000000000000000000000000000000000000000000000000000000000000000000]
zext_ln135_44          (zext             ) [ 000000000000000000000000000000000000000000000000000000000000000000000000000000000000000000000000000000000000000000000000000000000000000000000000000000000000000000000000000000000000000000000]
layer1_pool_addr_21    (getelementptr    ) [ 010010000000000000000000000000000000000000000000000000000000000000000000000000000000000000000000000000000000000000000000000000000000000000000000000000000000000000000000000000000000000000000]
or_ln135_21            (or               ) [ 000000000000000000000000000000000000000000000000000000000000000000000000000000000000000000000000000000000000000000000000000000000000000000000000000000000000000000000000000000000000000000000]
zext_ln135_45          (zext             ) [ 000000000000000000000000000000000000000000000000000000000000000000000000000000000000000000000000000000000000000000000000000000000000000000000000000000000000000000000000000000000000000000000]
layer1_pool_addr_22    (getelementptr    ) [ 010010000000000000000000000000000000000000000000000000000000000000000000000000000000000000000000000000000000000000000000000000000000000000000000000000000000000000000000000000000000000000000]
or_ln135_22            (or               ) [ 000000000000000000000000000000000000000000000000000000000000000000000000000000000000000000000000000000000000000000000000000000000000000000000000000000000000000000000000000000000000000000000]
zext_ln135_46          (zext             ) [ 000000000000000000000000000000000000000000000000000000000000000000000000000000000000000000000000000000000000000000000000000000000000000000000000000000000000000000000000000000000000000000000]
layer1_pool_addr_23    (getelementptr    ) [ 010010000000000000000000000000000000000000000000000000000000000000000000000000000000000000000000000000000000000000000000000000000000000000000000000000000000000000000000000000000000000000000]
or_ln135_23            (or               ) [ 000000000000000000000000000000000000000000000000000000000000000000000000000000000000000000000000000000000000000000000000000000000000000000000000000000000000000000000000000000000000000000000]
zext_ln135_47          (zext             ) [ 000000000000000000000000000000000000000000000000000000000000000000000000000000000000000000000000000000000000000000000000000000000000000000000000000000000000000000000000000000000000000000000]
layer1_pool_addr_24    (getelementptr    ) [ 010010000000000000000000000000000000000000000000000000000000000000000000000000000000000000000000000000000000000000000000000000000000000000000000000000000000000000000000000000000000000000000]
layer1_pool_load_8     (load             ) [ 011111100000000000000000000000000000000000000000000000000000000000000000000000000000000000000000000000000000000000000000000000000000000000000000000000000000000000000000000000000000000000000]
layer1_pool_load_9     (load             ) [ 011111100000000000000000000000000000000000000000000000000000000000000000000000000000000000000000000000000000000000000000000000000000000000000000000000000000000000000000000000000000000000000]
layer1_pool_load_10    (load             ) [ 011111100000000000000000000000000000000000000000000000000000000000000000000000000000000000000000000000000000000000000000000000000000000000000000000000000000000000000000000000000000000000000]
layer1_pool_load_11    (load             ) [ 011111100000000000000000000000000000000000000000000000000000000000000000000000000000000000000000000000000000000000000000000000000000000000000000000000000000000000000000000000000000000000000]
conv2_w_load_12        (load             ) [ 011101110000000000000000000000000000000000000000000000000000000000000000000000000000000000000000000000000000000000000000000000000000000000000000000000000000000000000000000000000000000000000]
conv2_w_load_13        (load             ) [ 011101110000000000000000000000000000000000000000000000000000000000000000000000000000000000000000000000000000000000000000000000000000000000000000000000000000000000000000000000000000000000000]
conv2_w_load_14        (load             ) [ 011101110000000000000000000000000000000000000000000000000000000000000000000000000000000000000000000000000000000000000000000000000000000000000000000000000000000000000000000000000000000000000]
conv2_w_load_15        (load             ) [ 011101110000000000000000000000000000000000000000000000000000000000000000000000000000000000000000000000000000000000000000000000000000000000000000000000000000000000000000000000000000000000000]
conv2_w_load_16        (load             ) [ 011101110000000000000000000000000000000000000000000000000000000000000000000000000000000000000000000000000000000000000000000000000000000000000000000000000000000000000000000000000000000000000]
conv2_w_load_17        (load             ) [ 011101110000000000000000000000000000000000000000000000000000000000000000000000000000000000000000000000000000000000000000000000000000000000000000000000000000000000000000000000000000000000000]
conv2_w_load_18        (load             ) [ 011101110000000000000000000000000000000000000000000000000000000000000000000000000000000000000000000000000000000000000000000000000000000000000000000000000000000000000000000000000000000000000]
conv2_w_load_19        (load             ) [ 011101110000000000000000000000000000000000000000000000000000000000000000000000000000000000000000000000000000000000000000000000000000000000000000000000000000000000000000000000000000000000000]
conv2_w_load_20        (load             ) [ 011101110000000000000000000000000000000000000000000000000000000000000000000000000000000000000000000000000000000000000000000000000000000000000000000000000000000000000000000000000000000000000]
conv2_w_load_21        (load             ) [ 011101110000000000000000000000000000000000000000000000000000000000000000000000000000000000000000000000000000000000000000000000000000000000000000000000000000000000000000000000000000000000000]
conv2_w_load_22        (load             ) [ 011101110000000000000000000000000000000000000000000000000000000000000000000000000000000000000000000000000000000000000000000000000000000000000000000000000000000000000000000000000000000000000]
conv2_w_load_23        (load             ) [ 011101110000000000000000000000000000000000000000000000000000000000000000000000000000000000000000000000000000000000000000000000000000000000000000000000000000000000000000000000000000000000000]
sext_ln121_7           (sext             ) [ 000000000000000000000000000000000000000000000000000000000000000000000000000000000000000000000000000000000000000000000000000000000000000000000000000000000000000000000000000000000000000000000]
zext_ln121_28          (zext             ) [ 000000000000000000000000000000000000000000000000000000000000000000000000000000000000000000000000000000000000000000000000000000000000000000000000000000000000000000000000000000000000000000000]
conv2_w_addr_24        (getelementptr    ) [ 001001000000000000000000000000000000000000000000000000000000000000000000000000000000000000000000000000000000000000000000000000000000000000000000000000000000000000000000000000000000000000000]
sext_ln121_8           (sext             ) [ 000000000000000000000000000000000000000000000000000000000000000000000000000000000000000000000000000000000000000000000000000000000000000000000000000000000000000000000000000000000000000000000]
zext_ln121_29          (zext             ) [ 000000000000000000000000000000000000000000000000000000000000000000000000000000000000000000000000000000000000000000000000000000000000000000000000000000000000000000000000000000000000000000000]
conv2_w_addr_25        (getelementptr    ) [ 001001000000000000000000000000000000000000000000000000000000000000000000000000000000000000000000000000000000000000000000000000000000000000000000000000000000000000000000000000000000000000000]
sext_ln121_9           (sext             ) [ 000000000000000000000000000000000000000000000000000000000000000000000000000000000000000000000000000000000000000000000000000000000000000000000000000000000000000000000000000000000000000000000]
zext_ln121_30          (zext             ) [ 000000000000000000000000000000000000000000000000000000000000000000000000000000000000000000000000000000000000000000000000000000000000000000000000000000000000000000000000000000000000000000000]
conv2_w_addr_26        (getelementptr    ) [ 001001000000000000000000000000000000000000000000000000000000000000000000000000000000000000000000000000000000000000000000000000000000000000000000000000000000000000000000000000000000000000000]
sext_ln121_10          (sext             ) [ 000000000000000000000000000000000000000000000000000000000000000000000000000000000000000000000000000000000000000000000000000000000000000000000000000000000000000000000000000000000000000000000]
zext_ln121_31          (zext             ) [ 000000000000000000000000000000000000000000000000000000000000000000000000000000000000000000000000000000000000000000000000000000000000000000000000000000000000000000000000000000000000000000000]
conv2_w_addr_27        (getelementptr    ) [ 001001000000000000000000000000000000000000000000000000000000000000000000000000000000000000000000000000000000000000000000000000000000000000000000000000000000000000000000000000000000000000000]
sext_ln121_11          (sext             ) [ 000000000000000000000000000000000000000000000000000000000000000000000000000000000000000000000000000000000000000000000000000000000000000000000000000000000000000000000000000000000000000000000]
zext_ln121_32          (zext             ) [ 000000000000000000000000000000000000000000000000000000000000000000000000000000000000000000000000000000000000000000000000000000000000000000000000000000000000000000000000000000000000000000000]
conv2_w_addr_28        (getelementptr    ) [ 001001000000000000000000000000000000000000000000000000000000000000000000000000000000000000000000000000000000000000000000000000000000000000000000000000000000000000000000000000000000000000000]
sext_ln121_12          (sext             ) [ 000000000000000000000000000000000000000000000000000000000000000000000000000000000000000000000000000000000000000000000000000000000000000000000000000000000000000000000000000000000000000000000]
zext_ln121_33          (zext             ) [ 000000000000000000000000000000000000000000000000000000000000000000000000000000000000000000000000000000000000000000000000000000000000000000000000000000000000000000000000000000000000000000000]
conv2_w_addr_29        (getelementptr    ) [ 001001000000000000000000000000000000000000000000000000000000000000000000000000000000000000000000000000000000000000000000000000000000000000000000000000000000000000000000000000000000000000000]
sext_ln121_13          (sext             ) [ 000000000000000000000000000000000000000000000000000000000000000000000000000000000000000000000000000000000000000000000000000000000000000000000000000000000000000000000000000000000000000000000]
zext_ln121_34          (zext             ) [ 000000000000000000000000000000000000000000000000000000000000000000000000000000000000000000000000000000000000000000000000000000000000000000000000000000000000000000000000000000000000000000000]
conv2_w_addr_30        (getelementptr    ) [ 001001000000000000000000000000000000000000000000000000000000000000000000000000000000000000000000000000000000000000000000000000000000000000000000000000000000000000000000000000000000000000000]
sext_ln121_14          (sext             ) [ 000000000000000000000000000000000000000000000000000000000000000000000000000000000000000000000000000000000000000000000000000000000000000000000000000000000000000000000000000000000000000000000]
zext_ln121_35          (zext             ) [ 000000000000000000000000000000000000000000000000000000000000000000000000000000000000000000000000000000000000000000000000000000000000000000000000000000000000000000000000000000000000000000000]
conv2_w_addr_31        (getelementptr    ) [ 001001000000000000000000000000000000000000000000000000000000000000000000000000000000000000000000000000000000000000000000000000000000000000000000000000000000000000000000000000000000000000000]
or_ln133_15_mid1       (bitconcatenate   ) [ 000000000000000000000000000000000000000000000000000000000000000000000000000000000000000000000000000000000000000000000000000000000000000000000000000000000000000000000000000000000000000000000]
or_ln133_7             (bitconcatenate   ) [ 000000000000000000000000000000000000000000000000000000000000000000000000000000000000000000000000000000000000000000000000000000000000000000000000000000000000000000000000000000000000000000000]
select_ln121_11        (select           ) [ 000000000000000000000000000000000000000000000000000000000000000000000000000000000000000000000000000000000000000000000000000000000000000000000000000000000000000000000000000000000000000000000]
zext_ln121_36          (zext             ) [ 000000000000000000000000000000000000000000000000000000000000000000000000000000000000000000000000000000000000000000000000000000000000000000000000000000000000000000000000000000000000000000000]
conv2_w_addr_32        (getelementptr    ) [ 001001000000000000000000000000000000000000000000000000000000000000000000000000000000000000000000000000000000000000000000000000000000000000000000000000000000000000000000000000000000000000000]
zext_ln121_37          (zext             ) [ 000000000000000000000000000000000000000000000000000000000000000000000000000000000000000000000000000000000000000000000000000000000000000000000000000000000000000000000000000000000000000000000]
add_ln121_5            (add              ) [ 000000000000000000000000000000000000000000000000000000000000000000000000000000000000000000000000000000000000000000000000000000000000000000000000000000000000000000000000000000000000000000000]
zext_ln121_38          (zext             ) [ 000000000000000000000000000000000000000000000000000000000000000000000000000000000000000000000000000000000000000000000000000000000000000000000000000000000000000000000000000000000000000000000]
conv2_w_addr_33        (getelementptr    ) [ 001001000000000000000000000000000000000000000000000000000000000000000000000000000000000000000000000000000000000000000000000000000000000000000000000000000000000000000000000000000000000000000]
or_ln133_16_mid1       (bitconcatenate   ) [ 000000000000000000000000000000000000000000000000000000000000000000000000000000000000000000000000000000000000000000000000000000000000000000000000000000000000000000000000000000000000000000000]
or_ln133_8             (bitconcatenate   ) [ 000000000000000000000000000000000000000000000000000000000000000000000000000000000000000000000000000000000000000000000000000000000000000000000000000000000000000000000000000000000000000000000]
select_ln121_12        (select           ) [ 000000000000000000000000000000000000000000000000000000000000000000000000000000000000000000000000000000000000000000000000000000000000000000000000000000000000000000000000000000000000000000000]
zext_ln121_39          (zext             ) [ 000000000000000000000000000000000000000000000000000000000000000000000000000000000000000000000000000000000000000000000000000000000000000000000000000000000000000000000000000000000000000000000]
conv2_w_addr_34        (getelementptr    ) [ 001001000000000000000000000000000000000000000000000000000000000000000000000000000000000000000000000000000000000000000000000000000000000000000000000000000000000000000000000000000000000000000]
add_ln121_6            (add              ) [ 000000000000000000000000000000000000000000000000000000000000000000000000000000000000000000000000000000000000000000000000000000000000000000000000000000000000000000000000000000000000000000000]
zext_ln121_40          (zext             ) [ 000000000000000000000000000000000000000000000000000000000000000000000000000000000000000000000000000000000000000000000000000000000000000000000000000000000000000000000000000000000000000000000]
conv2_w_addr_35        (getelementptr    ) [ 001001000000000000000000000000000000000000000000000000000000000000000000000000000000000000000000000000000000000000000000000000000000000000000000000000000000000000000000000000000000000000000]
mul_ln139              (mul              ) [ 001001000000000000000000000000000000000000000000000000000000000000000000000000000000000000000000000000000000000000000000000000000000000000000000000000000000000000000000000000000000000000000]
zext_ln135_5           (zext             ) [ 000000000000000000000000000000000000000000000000000000000000000000000000000000000000000000000000000000000000000000000000000000000000000000000000000000000000000000000000000000000000000000000]
tmp_3                  (bitconcatenate   ) [ 000000000000000000000000000000000000000000000000000000000000000000000000000000000000000000000000000000000000000000000000000000000000000000000000000000000000000000000000000000000000000000000]
zext_ln135_6           (zext             ) [ 000000000000000000000000000000000000000000000000000000000000000000000000000000000000000000000000000000000000000000000000000000000000000000000000000000000000000000000000000000000000000000000]
sub_ln135_2            (sub              ) [ 000000000000000000000000000000000000000000000000000000000000000000000000000000000000000000000000000000000000000000000000000000000000000000000000000000000000000000000000000000000000000000000]
zext_ln135_7           (zext             ) [ 001001000000000000000000000000000000000000000000000000000000000000000000000000000000000000000000000000000000000000000000000000000000000000000000000000000000000000000000000000000000000000000]
trunc_ln135_2          (trunc            ) [ 000000000000000000000000000000000000000000000000000000000000000000000000000000000000000000000000000000000000000000000000000000000000000000000000000000000000000000000000000000000000000000000]
zext_ln135_18          (zext             ) [ 000000000000000000000000000000000000000000000000000000000000000000000000000000000000000000000000000000000000000000000000000000000000000000000000000000000000000000000000000000000000000000000]
add_ln135_2            (add              ) [ 000000000000000000000000000000000000000000000000000000000000000000000000000000000000000000000000000000000000000000000000000000000000000000000000000000000000000000000000000000000000000000000]
tmp_25                 (bitconcatenate   ) [ 000000000000000000000000000000000000000000000000000000000000000000000000000000000000000000000000000000000000000000000000000000000000000000000000000000000000000000000000000000000000000000000]
zext_ln135_19          (zext             ) [ 000000000000000000000000000000000000000000000000000000000000000000000000000000000000000000000000000000000000000000000000000000000000000000000000000000000000000000000000000000000000000000000]
layer1_pool_addr_16    (getelementptr    ) [ 001001000000000000000000000000000000000000000000000000000000000000000000000000000000000000000000000000000000000000000000000000000000000000000000000000000000000000000000000000000000000000000]
or_ln135_6             (or               ) [ 000000000000000000000000000000000000000000000000000000000000000000000000000000000000000000000000000000000000000000000000000000000000000000000000000000000000000000000000000000000000000000000]
zext_ln135_20          (zext             ) [ 000000000000000000000000000000000000000000000000000000000000000000000000000000000000000000000000000000000000000000000000000000000000000000000000000000000000000000000000000000000000000000000]
layer1_pool_addr_25    (getelementptr    ) [ 001001000000000000000000000000000000000000000000000000000000000000000000000000000000000000000000000000000000000000000000000000000000000000000000000000000000000000000000000000000000000000000]
or_ln135_7             (or               ) [ 000000000000000000000000000000000000000000000000000000000000000000000000000000000000000000000000000000000000000000000000000000000000000000000000000000000000000000000000000000000000000000000]
zext_ln135_21          (zext             ) [ 000000000000000000000000000000000000000000000000000000000000000000000000000000000000000000000000000000000000000000000000000000000000000000000000000000000000000000000000000000000000000000000]
layer1_pool_addr_26    (getelementptr    ) [ 001001000000000000000000000000000000000000000000000000000000000000000000000000000000000000000000000000000000000000000000000000000000000000000000000000000000000000000000000000000000000000000]
or_ln135_8             (or               ) [ 000000000000000000000000000000000000000000000000000000000000000000000000000000000000000000000000000000000000000000000000000000000000000000000000000000000000000000000000000000000000000000000]
zext_ln135_22          (zext             ) [ 000000000000000000000000000000000000000000000000000000000000000000000000000000000000000000000000000000000000000000000000000000000000000000000000000000000000000000000000000000000000000000000]
layer1_pool_addr_27    (getelementptr    ) [ 001001000000000000000000000000000000000000000000000000000000000000000000000000000000000000000000000000000000000000000000000000000000000000000000000000000000000000000000000000000000000000000]
trunc_ln135_5          (trunc            ) [ 000000000000000000000000000000000000000000000000000000000000000000000000000000000000000000000000000000000000000000000000000000000000000000000000000000000000000000000000000000000000000000000]
zext_ln135_33          (zext             ) [ 000000000000000000000000000000000000000000000000000000000000000000000000000000000000000000000000000000000000000000000000000000000000000000000000000000000000000000000000000000000000000000000]
add_ln135_5            (add              ) [ 000000000000000000000000000000000000000000000000000000000000000000000000000000000000000000000000000000000000000000000000000000000000000000000000000000000000000000000000000000000000000000000]
tmp_29                 (bitconcatenate   ) [ 000000000000000000000000000000000000000000000000000000000000000000000000000000000000000000000000000000000000000000000000000000000000000000000000000000000000000000000000000000000000000000000]
zext_ln135_34          (zext             ) [ 000000000000000000000000000000000000000000000000000000000000000000000000000000000000000000000000000000000000000000000000000000000000000000000000000000000000000000000000000000000000000000000]
layer1_pool_addr_28    (getelementptr    ) [ 001001000000000000000000000000000000000000000000000000000000000000000000000000000000000000000000000000000000000000000000000000000000000000000000000000000000000000000000000000000000000000000]
or_ln135_15            (or               ) [ 000000000000000000000000000000000000000000000000000000000000000000000000000000000000000000000000000000000000000000000000000000000000000000000000000000000000000000000000000000000000000000000]
zext_ln135_35          (zext             ) [ 000000000000000000000000000000000000000000000000000000000000000000000000000000000000000000000000000000000000000000000000000000000000000000000000000000000000000000000000000000000000000000000]
layer1_pool_addr_29    (getelementptr    ) [ 001001000000000000000000000000000000000000000000000000000000000000000000000000000000000000000000000000000000000000000000000000000000000000000000000000000000000000000000000000000000000000000]
or_ln135_16            (or               ) [ 000000000000000000000000000000000000000000000000000000000000000000000000000000000000000000000000000000000000000000000000000000000000000000000000000000000000000000000000000000000000000000000]
zext_ln135_36          (zext             ) [ 000000000000000000000000000000000000000000000000000000000000000000000000000000000000000000000000000000000000000000000000000000000000000000000000000000000000000000000000000000000000000000000]
layer1_pool_addr_30    (getelementptr    ) [ 001001000000000000000000000000000000000000000000000000000000000000000000000000000000000000000000000000000000000000000000000000000000000000000000000000000000000000000000000000000000000000000]
or_ln135_17            (or               ) [ 000000000000000000000000000000000000000000000000000000000000000000000000000000000000000000000000000000000000000000000000000000000000000000000000000000000000000000000000000000000000000000000]
zext_ln135_37          (zext             ) [ 000000000000000000000000000000000000000000000000000000000000000000000000000000000000000000000000000000000000000000000000000000000000000000000000000000000000000000000000000000000000000000000]
layer1_pool_addr_31    (getelementptr    ) [ 001001000000000000000000000000000000000000000000000000000000000000000000000000000000000000000000000000000000000000000000000000000000000000000000000000000000000000000000000000000000000000000]
trunc_ln135_8          (trunc            ) [ 000000000000000000000000000000000000000000000000000000000000000000000000000000000000000000000000000000000000000000000000000000000000000000000000000000000000000000000000000000000000000000000]
zext_ln135_48          (zext             ) [ 000000000000000000000000000000000000000000000000000000000000000000000000000000000000000000000000000000000000000000000000000000000000000000000000000000000000000000000000000000000000000000000]
add_ln135_8            (add              ) [ 000000000000000000000000000000000000000000000000000000000000000000000000000000000000000000000000000000000000000000000000000000000000000000000000000000000000000000000000000000000000000000000]
tmp_32                 (bitconcatenate   ) [ 000000000000000000000000000000000000000000000000000000000000000000000000000000000000000000000000000000000000000000000000000000000000000000000000000000000000000000000000000000000000000000000]
zext_ln135_49          (zext             ) [ 000000000000000000000000000000000000000000000000000000000000000000000000000000000000000000000000000000000000000000000000000000000000000000000000000000000000000000000000000000000000000000000]
layer1_pool_addr_32    (getelementptr    ) [ 001001000000000000000000000000000000000000000000000000000000000000000000000000000000000000000000000000000000000000000000000000000000000000000000000000000000000000000000000000000000000000000]
or_ln135_24            (or               ) [ 000000000000000000000000000000000000000000000000000000000000000000000000000000000000000000000000000000000000000000000000000000000000000000000000000000000000000000000000000000000000000000000]
zext_ln135_50          (zext             ) [ 000000000000000000000000000000000000000000000000000000000000000000000000000000000000000000000000000000000000000000000000000000000000000000000000000000000000000000000000000000000000000000000]
layer1_pool_addr_33    (getelementptr    ) [ 001001000000000000000000000000000000000000000000000000000000000000000000000000000000000000000000000000000000000000000000000000000000000000000000000000000000000000000000000000000000000000000]
or_ln135_25            (or               ) [ 000000000000000000000000000000000000000000000000000000000000000000000000000000000000000000000000000000000000000000000000000000000000000000000000000000000000000000000000000000000000000000000]
zext_ln135_51          (zext             ) [ 000000000000000000000000000000000000000000000000000000000000000000000000000000000000000000000000000000000000000000000000000000000000000000000000000000000000000000000000000000000000000000000]
layer1_pool_addr_34    (getelementptr    ) [ 001001000000000000000000000000000000000000000000000000000000000000000000000000000000000000000000000000000000000000000000000000000000000000000000000000000000000000000000000000000000000000000]
or_ln135_26            (or               ) [ 000000000000000000000000000000000000000000000000000000000000000000000000000000000000000000000000000000000000000000000000000000000000000000000000000000000000000000000000000000000000000000000]
zext_ln135_52          (zext             ) [ 000000000000000000000000000000000000000000000000000000000000000000000000000000000000000000000000000000000000000000000000000000000000000000000000000000000000000000000000000000000000000000000]
layer1_pool_addr_35    (getelementptr    ) [ 001001000000000000000000000000000000000000000000000000000000000000000000000000000000000000000000000000000000000000000000000000000000000000000000000000000000000000000000000000000000000000000]
layer1_pool_load_12    (load             ) [ 011101110000000000000000000000000000000000000000000000000000000000000000000000000000000000000000000000000000000000000000000000000000000000000000000000000000000000000000000000000000000000000]
layer1_pool_load_13    (load             ) [ 011101110000000000000000000000000000000000000000000000000000000000000000000000000000000000000000000000000000000000000000000000000000000000000000000000000000000000000000000000000000000000000]
layer1_pool_load_14    (load             ) [ 011101110000000000000000000000000000000000000000000000000000000000000000000000000000000000000000000000000000000000000000000000000000000000000000000000000000000000000000000000000000000000000]
layer1_pool_load_15    (load             ) [ 011101110000000000000000000000000000000000000000000000000000000000000000000000000000000000000000000000000000000000000000000000000000000000000000000000000000000000000000000000000000000000000]
layer1_pool_load_16    (load             ) [ 011101110000000000000000000000000000000000000000000000000000000000000000000000000000000000000000000000000000000000000000000000000000000000000000000000000000000000000000000000000000000000000]
layer1_pool_load_17    (load             ) [ 011101110000000000000000000000000000000000000000000000000000000000000000000000000000000000000000000000000000000000000000000000000000000000000000000000000000000000000000000000000000000000000]
layer1_pool_load_18    (load             ) [ 011101110000000000000000000000000000000000000000000000000000000000000000000000000000000000000000000000000000000000000000000000000000000000000000000000000000000000000000000000000000000000000]
layer1_pool_load_19    (load             ) [ 011101110000000000000000000000000000000000000000000000000000000000000000000000000000000000000000000000000000000000000000000000000000000000000000000000000000000000000000000000000000000000000]
layer1_pool_load_20    (load             ) [ 011101110000000000000000000000000000000000000000000000000000000000000000000000000000000000000000000000000000000000000000000000000000000000000000000000000000000000000000000000000000000000000]
layer1_pool_load_21    (load             ) [ 011101110000000000000000000000000000000000000000000000000000000000000000000000000000000000000000000000000000000000000000000000000000000000000000000000000000000000000000000000000000000000000]
layer1_pool_load_22    (load             ) [ 011101110000000000000000000000000000000000000000000000000000000000000000000000000000000000000000000000000000000000000000000000000000000000000000000000000000000000000000000000000000000000000]
layer1_pool_load_23    (load             ) [ 011101110000000000000000000000000000000000000000000000000000000000000000000000000000000000000000000000000000000000000000000000000000000000000000000000000000000000000000000000000000000000000]
zext_ln121_1           (zext             ) [ 000000000000000000000000000000000000000000000000000000000000000000000000000000000000000000000000000000000000000000000000000000000000000000000000000000000000000000000000000000000000000000000]
conv2_b_addr           (getelementptr    ) [ 000100100000000000000000000000000000000000000000000000000000000000000000000000000000000000000000000000000000000000000000000000000000000000000000000000000000000000000000000000000000000000000]
conv2_w_load_24        (load             ) [ 011100111000000000000000000000000000000000000000000000000000000000000000000000000000000000000000000000000000000000000000000000000000000000000000000000000000000000000000000000000000000000000]
conv2_w_load_25        (load             ) [ 011100111000000000000000000000000000000000000000000000000000000000000000000000000000000000000000000000000000000000000000000000000000000000000000000000000000000000000000000000000000000000000]
conv2_w_load_26        (load             ) [ 011100111000000000000000000000000000000000000000000000000000000000000000000000000000000000000000000000000000000000000000000000000000000000000000000000000000000000000000000000000000000000000]
conv2_w_load_27        (load             ) [ 011100111000000000000000000000000000000000000000000000000000000000000000000000000000000000000000000000000000000000000000000000000000000000000000000000000000000000000000000000000000000000000]
conv2_w_load_28        (load             ) [ 011100111000000000000000000000000000000000000000000000000000000000000000000000000000000000000000000000000000000000000000000000000000000000000000000000000000000000000000000000000000000000000]
conv2_w_load_29        (load             ) [ 011100111000000000000000000000000000000000000000000000000000000000000000000000000000000000000000000000000000000000000000000000000000000000000000000000000000000000000000000000000000000000000]
conv2_w_load_30        (load             ) [ 011100111000000000000000000000000000000000000000000000000000000000000000000000000000000000000000000000000000000000000000000000000000000000000000000000000000000000000000000000000000000000000]
conv2_w_load_31        (load             ) [ 011100111000000000000000000000000000000000000000000000000000000000000000000000000000000000000000000000000000000000000000000000000000000000000000000000000000000000000000000000000000000000000]
conv2_w_load_32        (load             ) [ 011100111000000000000000000000000000000000000000000000000000000000000000000000000000000000000000000000000000000000000000000000000000000000000000000000000000000000000000000000000000000000000]
conv2_w_load_33        (load             ) [ 011100111000000000000000000000000000000000000000000000000000000000000000000000000000000000000000000000000000000000000000000000000000000000000000000000000000000000000000000000000000000000000]
conv2_w_load_34        (load             ) [ 011100111000000000000000000000000000000000000000000000000000000000000000000000000000000000000000000000000000000000000000000000000000000000000000000000000000000000000000000000000000000000000]
conv2_w_load_35        (load             ) [ 011100111000000000000000000000000000000000000000000000000000000000000000000000000000000000000000000000000000000000000000000000000000000000000000000000000000000000000000000000000000000000000]
add_ln139              (add              ) [ 000000000000000000000000000000000000000000000000000000000000000000000000000000000000000000000000000000000000000000000000000000000000000000000000000000000000000000000000000000000000000000000]
tmp_26                 (bitconcatenate   ) [ 000000000000000000000000000000000000000000000000000000000000000000000000000000000000000000000000000000000000000000000000000000000000000000000000000000000000000000000000000000000000000000000]
add_ln139_1            (add              ) [ 011100111111111111111111111111111111111111111111111111111111111111111111111111111111111111111111111111111111111111111111111111111111111111111111111111111111111111111111111111111111111111111]
layer1_pool_load_24    (load             ) [ 011100111000000000000000000000000000000000000000000000000000000000000000000000000000000000000000000000000000000000000000000000000000000000000000000000000000000000000000000000000000000000000]
layer1_pool_load_25    (load             ) [ 011100111000000000000000000000000000000000000000000000000000000000000000000000000000000000000000000000000000000000000000000000000000000000000000000000000000000000000000000000000000000000000]
layer1_pool_load_26    (load             ) [ 011100111000000000000000000000000000000000000000000000000000000000000000000000000000000000000000000000000000000000000000000000000000000000000000000000000000000000000000000000000000000000000]
layer1_pool_load_27    (load             ) [ 011100111000000000000000000000000000000000000000000000000000000000000000000000000000000000000000000000000000000000000000000000000000000000000000000000000000000000000000000000000000000000000]
layer1_pool_load_28    (load             ) [ 011100111000000000000000000000000000000000000000000000000000000000000000000000000000000000000000000000000000000000000000000000000000000000000000000000000000000000000000000000000000000000000]
layer1_pool_load_29    (load             ) [ 011100111000000000000000000000000000000000000000000000000000000000000000000000000000000000000000000000000000000000000000000000000000000000000000000000000000000000000000000000000000000000000]
layer1_pool_load_30    (load             ) [ 011100111000000000000000000000000000000000000000000000000000000000000000000000000000000000000000000000000000000000000000000000000000000000000000000000000000000000000000000000000000000000000]
layer1_pool_load_31    (load             ) [ 011100111000000000000000000000000000000000000000000000000000000000000000000000000000000000000000000000000000000000000000000000000000000000000000000000000000000000000000000000000000000000000]
layer1_pool_load_32    (load             ) [ 011100111000000000000000000000000000000000000000000000000000000000000000000000000000000000000000000000000000000000000000000000000000000000000000000000000000000000000000000000000000000000000]
layer1_pool_load_33    (load             ) [ 011100111000000000000000000000000000000000000000000000000000000000000000000000000000000000000000000000000000000000000000000000000000000000000000000000000000000000000000000000000000000000000]
layer1_pool_load_34    (load             ) [ 011100111000000000000000000000000000000000000000000000000000000000000000000000000000000000000000000000000000000000000000000000000000000000000000000000000000000000000000000000000000000000000]
layer1_pool_load_35    (load             ) [ 011100111000000000000000000000000000000000000000000000000000000000000000000000000000000000000000000000000000000000000000000000000000000000000000000000000000000000000000000000000000000000000]
conv2_b_load           (load             ) [ 011100011111000000000000000000000000000000000000000000000000000000000000000000000000000000000000000000000000000000000000000000000000000000000000000000000000000000000000000000000000000000000]
mul3                   (fmul             ) [ 011100011111000000000000000000000000000000000000000000000000000000000000000000000000000000000000000000000000000000000000000000000000000000000000000000000000000000000000000000000000000000000]
mul3_0_0_1             (fmul             ) [ 011100011111111110000000000000000000000000000000000000000000000000000000000000000000000000000000000000000000000000000000000000000000000000000000000000000000000000000000000000000000000000000]
mul3_0_0_2             (fmul             ) [ 011100011111111111111100000000000000000000000000000000000000000000000000000000000000000000000000000000000000000000000000000000000000000000000000000000000000000000000000000000000000000000000]
mul3_0_0_3             (fmul             ) [ 011100011111111111111111111000000000000000000000000000000000000000000000000000000000000000000000000000000000000000000000000000000000000000000000000000000000000000000000000000000000000000000]
mul3_0_1               (fmul             ) [ 011100011111111111111111111111110000000000000000000000000000000000000000000000000000000000000000000000000000000000000000000000000000000000000000000000000000000000000000000000000000000000000]
mul3_0_1_1             (fmul             ) [ 011100011111111111111111111111111111100000000000000000000000000000000000000000000000000000000000000000000000000000000000000000000000000000000000000000000000000000000000000000000000000000000]
mul3_0_1_2             (fmul             ) [ 011100011111111111111111111111111111111111000000000000000000000000000000000000000000000000000000000000000000000000000000000000000000000000000000000000000000000000000000000000000000000000000]
mul3_0_1_3             (fmul             ) [ 011100011111111111111111111111111111111111111110000000000000000000000000000000000000000000000000000000000000000000000000000000000000000000000000000000000000000000000000000000000000000000000]
mul3_0_2               (fmul             ) [ 011100011111111111111111111111111111111111111111111100000000000000000000000000000000000000000000000000000000000000000000000000000000000000000000000000000000000000000000000000000000000000000]
mul3_0_2_1             (fmul             ) [ 011100011111111111111111111111111111111111111111111111111000000000000000000000000000000000000000000000000000000000000000000000000000000000000000000000000000000000000000000000000000000000000]
mul3_0_2_2             (fmul             ) [ 011100011111111111111111111111111111111111111111111111111111110000000000000000000000000000000000000000000000000000000000000000000000000000000000000000000000000000000000000000000000000000000]
mul3_0_2_3             (fmul             ) [ 011100011111111111111111111111111111111111111111111111111111111111100000000000000000000000000000000000000000000000000000000000000000000000000000000000000000000000000000000000000000000000000]
mul3_1                 (fmul             ) [ 011100001111111111111111111111111111111111111111111111111111111111111111000000000000000000000000000000000000000000000000000000000000000000000000000000000000000000000000000000000000000000000]
mul3_1_0_1             (fmul             ) [ 011100001111111111111111111111111111111111111111111111111111111111111111111110000000000000000000000000000000000000000000000000000000000000000000000000000000000000000000000000000000000000000]
mul3_1_0_2             (fmul             ) [ 011100001111111111111111111111111111111111111111111111111111111111111111111111111100000000000000000000000000000000000000000000000000000000000000000000000000000000000000000000000000000000000]
mul3_1_0_3             (fmul             ) [ 011100001111111111111111111111111111111111111111111111111111111111111111111111111111111000000000000000000000000000000000000000000000000000000000000000000000000000000000000000000000000000000]
mul3_1_1               (fmul             ) [ 011100001111111111111111111111111111111111111111111111111111111111111111111111111111111111110000000000000000000000000000000000000000000000000000000000000000000000000000000000000000000000000]
mul3_1_1_1             (fmul             ) [ 011100001111111111111111111111111111111111111111111111111111111111111111111111111111111111111111100000000000000000000000000000000000000000000000000000000000000000000000000000000000000000000]
mul3_1_1_2             (fmul             ) [ 011100001111111111111111111111111111111111111111111111111111111111111111111111111111111111111111111111000000000000000000000000000000000000000000000000000000000000000000000000000000000000000]
mul3_1_1_3             (fmul             ) [ 011100001111111111111111111111111111111111111111111111111111111111111111111111111111111111111111111111111110000000000000000000000000000000000000000000000000000000000000000000000000000000000]
mul3_1_2               (fmul             ) [ 011100001111111111111111111111111111111111111111111111111111111111111111111111111111111111111111111111111111111100000000000000000000000000000000000000000000000000000000000000000000000000000]
mul3_1_2_1             (fmul             ) [ 011100001111111111111111111111111111111111111111111111111111111111111111111111111111111111111111111111111111111111111000000000000000000000000000000000000000000000000000000000000000000000000]
mul3_1_2_2             (fmul             ) [ 011100001111111111111111111111111111111111111111111111111111111111111111111111111111111111111111111111111111111111111111110000000000000000000000000000000000000000000000000000000000000000000]
mul3_1_2_3             (fmul             ) [ 011100001111111111111111111111111111111111111111111111111111111111111111111111111111111111111111111111111111111111111111111111100000000000000000000000000000000000000000000000000000000000000]
mul3_2                 (fmul             ) [ 011100000111111111111111111111111111111111111111111111111111111111111111111111111111111111111111111111111111111111111111111111111111000000000000000000000000000000000000000000000000000000000]
mul3_2_0_1             (fmul             ) [ 011100000111111111111111111111111111111111111111111111111111111111111111111111111111111111111111111111111111111111111111111111111111111110000000000000000000000000000000000000000000000000000]
mul3_2_0_2             (fmul             ) [ 011100000111111111111111111111111111111111111111111111111111111111111111111111111111111111111111111111111111111111111111111111111111111111111100000000000000000000000000000000000000000000000]
mul3_2_0_3             (fmul             ) [ 011100000111111111111111111111111111111111111111111111111111111111111111111111111111111111111111111111111111111111111111111111111111111111111111111000000000000000000000000000000000000000000]
mul3_2_1               (fmul             ) [ 011100000111111111111111111111111111111111111111111111111111111111111111111111111111111111111111111111111111111111111111111111111111111111111111111111110000000000000000000000000000000000000]
mul3_2_1_1             (fmul             ) [ 011100000111111111111111111111111111111111111111111111111111111111111111111111111111111111111111111111111111111111111111111111111111111111111111111111111111100000000000000000000000000000000]
mul3_2_1_2             (fmul             ) [ 011100000111111111111111111111111111111111111111111111111111111111111111111111111111111111111111111111111111111111111111111111111111111111111111111111111111111111000000000000000000000000000]
mul3_2_1_3             (fmul             ) [ 011100000111111111111111111111111111111111111111111111111111111111111111111111111111111111111111111111111111111111111111111111111111111111111111111111111111111111111110000000000000000000000]
mul3_2_2               (fmul             ) [ 011100000111111111111111111111111111111111111111111111111111111111111111111111111111111111111111111111111111111111111111111111111111111111111111111111111111111111111111111100000000000000000]
mul3_2_2_1             (fmul             ) [ 011100000111111111111111111111111111111111111111111111111111111111111111111111111111111111111111111111111111111111111111111111111111111111111111111111111111111111111111111111111000000000000]
mul3_2_2_2             (fmul             ) [ 011100000111111111111111111111111111111111111111111111111111111111111111111111111111111111111111111111111111111111111111111111111111111111111111111111111111111111111111111111111111110000000]
mul3_2_2_3             (fmul             ) [ 011100000111111111111111111111111111111111111111111111111111111111111111111111111111111111111111111111111111111111111111111111111111111111111111111111111111111111111111111111111111111111100]
sum_9                  (fadd             ) [ 011100000000111110000000000000000000000000000000000000000000000000000000000000000000000000000000000000000000000000000000000000000000000000000000000000000000000000000000000000000000000000000]
sum_9_0_0_1            (fadd             ) [ 011100000000000001111100000000000000000000000000000000000000000000000000000000000000000000000000000000000000000000000000000000000000000000000000000000000000000000000000000000000000000000000]
sum_9_0_0_2            (fadd             ) [ 011100000000000000000011111000000000000000000000000000000000000000000000000000000000000000000000000000000000000000000000000000000000000000000000000000000000000000000000000000000000000000000]
sum_9_0_0_3            (fadd             ) [ 011100000000000000000000000111110000000000000000000000000000000000000000000000000000000000000000000000000000000000000000000000000000000000000000000000000000000000000000000000000000000000000]
sum_9_0_1              (fadd             ) [ 011100000000000000000000000000001111100000000000000000000000000000000000000000000000000000000000000000000000000000000000000000000000000000000000000000000000000000000000000000000000000000000]
sum_9_0_1_1            (fadd             ) [ 011100000000000000000000000000000000011111000000000000000000000000000000000000000000000000000000000000000000000000000000000000000000000000000000000000000000000000000000000000000000000000000]
sum_9_0_1_2            (fadd             ) [ 011100000000000000000000000000000000000000111110000000000000000000000000000000000000000000000000000000000000000000000000000000000000000000000000000000000000000000000000000000000000000000000]
sum_9_0_1_3            (fadd             ) [ 011100000000000000000000000000000000000000000001111100000000000000000000000000000000000000000000000000000000000000000000000000000000000000000000000000000000000000000000000000000000000000000]
sum_9_0_2              (fadd             ) [ 011100000000000000000000000000000000000000000000000011111000000000000000000000000000000000000000000000000000000000000000000000000000000000000000000000000000000000000000000000000000000000000]
sum_9_0_2_1            (fadd             ) [ 011100000000000000000000000000000000000000000000000000000111110000000000000000000000000000000000000000000000000000000000000000000000000000000000000000000000000000000000000000000000000000000]
sum_9_0_2_2            (fadd             ) [ 011100000000000000000000000000000000000000000000000000000000001111100000000000000000000000000000000000000000000000000000000000000000000000000000000000000000000000000000000000000000000000000]
sum_9_0_2_3            (fadd             ) [ 011100000000000000000000000000000000000000000000000000000000000000011111000000000000000000000000000000000000000000000000000000000000000000000000000000000000000000000000000000000000000000000]
sum_9_1                (fadd             ) [ 011100000000000000000000000000000000000000000000000000000000000000000000111110000000000000000000000000000000000000000000000000000000000000000000000000000000000000000000000000000000000000000]
sum_9_1_0_1            (fadd             ) [ 011100000000000000000000000000000000000000000000000000000000000000000000000001111100000000000000000000000000000000000000000000000000000000000000000000000000000000000000000000000000000000000]
sum_9_1_0_2            (fadd             ) [ 011100000000000000000000000000000000000000000000000000000000000000000000000000000011111000000000000000000000000000000000000000000000000000000000000000000000000000000000000000000000000000000]
sum_9_1_0_3            (fadd             ) [ 011100000000000000000000000000000000000000000000000000000000000000000000000000000000000111110000000000000000000000000000000000000000000000000000000000000000000000000000000000000000000000000]
sum_9_1_1              (fadd             ) [ 011100000000000000000000000000000000000000000000000000000000000000000000000000000000000000001111100000000000000000000000000000000000000000000000000000000000000000000000000000000000000000000]
sum_9_1_1_1            (fadd             ) [ 011100000000000000000000000000000000000000000000000000000000000000000000000000000000000000000000011111000000000000000000000000000000000000000000000000000000000000000000000000000000000000000]
sum_9_1_1_2            (fadd             ) [ 011100000000000000000000000000000000000000000000000000000000000000000000000000000000000000000000000000111110000000000000000000000000000000000000000000000000000000000000000000000000000000000]
sum_9_1_1_3            (fadd             ) [ 011100000000000000000000000000000000000000000000000000000000000000000000000000000000000000000000000000000001111100000000000000000000000000000000000000000000000000000000000000000000000000000]
sum_9_1_2              (fadd             ) [ 011100000000000000000000000000000000000000000000000000000000000000000000000000000000000000000000000000000000000011111000000000000000000000000000000000000000000000000000000000000000000000000]
sum_9_1_2_1            (fadd             ) [ 011100000000000000000000000000000000000000000000000000000000000000000000000000000000000000000000000000000000000000000111110000000000000000000000000000000000000000000000000000000000000000000]
sum_9_1_2_2            (fadd             ) [ 011100000000000000000000000000000000000000000000000000000000000000000000000000000000000000000000000000000000000000000000001111100000000000000000000000000000000000000000000000000000000000000]
sum_9_1_2_3            (fadd             ) [ 011100000000000000000000000000000000000000000000000000000000000000000000000000000000000000000000000000000000000000000000000000011111000000000000000000000000000000000000000000000000000000000]
sum_9_2                (fadd             ) [ 011100000000000000000000000000000000000000000000000000000000000000000000000000000000000000000000000000000000000000000000000000000000111110000000000000000000000000000000000000000000000000000]
sum_9_2_0_1            (fadd             ) [ 011100000000000000000000000000000000000000000000000000000000000000000000000000000000000000000000000000000000000000000000000000000000000001111100000000000000000000000000000000000000000000000]
sum_9_2_0_2            (fadd             ) [ 011100000000000000000000000000000000000000000000000000000000000000000000000000000000000000000000000000000000000000000000000000000000000000000011111000000000000000000000000000000000000000000]
sum_9_2_0_3            (fadd             ) [ 011100000000000000000000000000000000000000000000000000000000000000000000000000000000000000000000000000000000000000000000000000000000000000000000000111110000000000000000000000000000000000000]
sum_9_2_1              (fadd             ) [ 011100000000000000000000000000000000000000000000000000000000000000000000000000000000000000000000000000000000000000000000000000000000000000000000000000001111100000000000000000000000000000000]
sum_9_2_1_1            (fadd             ) [ 011100000000000000000000000000000000000000000000000000000000000000000000000000000000000000000000000000000000000000000000000000000000000000000000000000000000011111000000000000000000000000000]
sum_9_2_1_2            (fadd             ) [ 011100000000000000000000000000000000000000000000000000000000000000000000000000000000000000000000000000000000000000000000000000000000000000000000000000000000000000111110000000000000000000000]
sum_9_2_1_3            (fadd             ) [ 011100000000000000000000000000000000000000000000000000000000000000000000000000000000000000000000000000000000000000000000000000000000000000000000000000000000000000000001111100000000000000000]
sum_9_2_2              (fadd             ) [ 011100000000000000000000000000000000000000000000000000000000000000000000000000000000000000000000000000000000000000000000000000000000000000000000000000000000000000000000000011111000000000000]
sum_9_2_2_1            (fadd             ) [ 011100000000000000000000000000000000000000000000000000000000000000000000000000000000000000000000000000000000000000000000000000000000000000000000000000000000000000000000000000000111110000000]
sum_9_2_2_2            (fadd             ) [ 011100000000000000000000000000000000000000000000000000000000000000000000000000000000000000000000000000000000000000000000000000000000000000000000000000000000000000000000000000000000001111100]
sum_9_2_2_3            (fadd             ) [ 011000000000000000000000000000000000000000000000000000000000000000000000000000000000000000000000000000000000000000000000000000000000000000000000000000000000000000000000000000000000000000011]
specloopname_ln0       (specloopname     ) [ 000000000000000000000000000000000000000000000000000000000000000000000000000000000000000000000000000000000000000000000000000000000000000000000000000000000000000000000000000000000000000000000]
empty_33               (speclooptripcount) [ 000000000000000000000000000000000000000000000000000000000000000000000000000000000000000000000000000000000000000000000000000000000000000000000000000000000000000000000000000000000000000000000]
specpipeline_ln0       (specpipeline     ) [ 000000000000000000000000000000000000000000000000000000000000000000000000000000000000000000000000000000000000000000000000000000000000000000000000000000000000000000000000000000000000000000000]
specloopname_ln0       (specloopname     ) [ 000000000000000000000000000000000000000000000000000000000000000000000000000000000000000000000000000000000000000000000000000000000000000000000000000000000000000000000000000000000000000000000]
specpipeline_ln0       (specpipeline     ) [ 000000000000000000000000000000000000000000000000000000000000000000000000000000000000000000000000000000000000000000000000000000000000000000000000000000000000000000000000000000000000000000000]
zext_ln139             (zext             ) [ 000000000000000000000000000000000000000000000000000000000000000000000000000000000000000000000000000000000000000000000000000000000000000000000000000000000000000000000000000000000000000000000]
layer2_conv_addr       (getelementptr    ) [ 000000000000000000000000000000000000000000000000000000000000000000000000000000000000000000000000000000000000000000000000000000000000000000000000000000000000000000000000000000000000000000000]
specloopname_ln123     (specloopname     ) [ 000000000000000000000000000000000000000000000000000000000000000000000000000000000000000000000000000000000000000000000000000000000000000000000000000000000000000000000000000000000000000000000]
bitcast_ln29           (bitcast          ) [ 000000000000000000000000000000000000000000000000000000000000000000000000000000000000000000000000000000000000000000000000000000000000000000000000000000000000000000000000000000000000000000000]
tmp_13                 (partselect       ) [ 000000000000000000000000000000000000000000000000000000000000000000000000000000000000000000000000000000000000000000000000000000000000000000000000000000000000000000000000000000000000000000000]
trunc_ln29             (trunc            ) [ 000000000000000000000000000000000000000000000000000000000000000000000000000000000000000000000000000000000000000000000000000000000000000000000000000000000000000000000000000000000000000000000]
icmp_ln29_2            (icmp             ) [ 000000000000000000000000000000000000000000000000000000000000000000000000000000000000000000000000000000000000000000000000000000000000000000000000000000000000000000000000000000000000000000000]
icmp_ln29              (icmp             ) [ 000000000000000000000000000000000000000000000000000000000000000000000000000000000000000000000000000000000000000000000000000000000000000000000000000000000000000000000000000000000000000000000]
or_ln29                (or               ) [ 000000000000000000000000000000000000000000000000000000000000000000000000000000000000000000000000000000000000000000000000000000000000000000000000000000000000000000000000000000000000000000000]
tmp_14                 (fcmp             ) [ 000000000000000000000000000000000000000000000000000000000000000000000000000000000000000000000000000000000000000000000000000000000000000000000000000000000000000000000000000000000000000000000]
and_ln29               (and              ) [ 000000000000000000000000000000000000000000000000000000000000000000000000000000000000000000000000000000000000000000000000000000000000000000000000000000000000000000000000000000000000000000000]
select_ln29            (select           ) [ 000000000000000000000000000000000000000000000000000000000000000000000000000000000000000000000000000000000000000000000000000000000000000000000000000000000000000000000000000000000000000000000]
store_ln139            (store            ) [ 000000000000000000000000000000000000000000000000000000000000000000000000000000000000000000000000000000000000000000000000000000000000000000000000000000000000000000000000000000000000000000000]
br_ln123               (br               ) [ 000000000000000000000000000000000000000000000000000000000000000000000000000000000000000000000000000000000000000000000000000000000000000000000000000000000000000000000000000000000000000000000]
ret_ln0                (ret              ) [ 000000000000000000000000000000000000000000000000000000000000000000000000000000000000000000000000000000000000000000000000000000000000000000000000000000000000000000000000000000000000000000000]
</LifeTime>

<model>

<comp_list>
<comp id="0" class="1000" name="layer1_pool">
<pin_list>
<pin id="1" dir="1" index="0" bw="1" slack="0"/>
</pin_list>
<bind>
<StgValue><ssdm name="layer1_pool"/><MemPortTyVec>1 1 1 1 1 1 1 1 1 1 1 1 3 3 3 3 3 </MemPortTyVec>
</StgValue>
</bind>
</comp>

<comp id="2" class="1000" name="layer2_conv">
<pin_list>
<pin id="3" dir="1" index="0" bw="1" slack="0"/>
</pin_list>
<bind>
<StgValue><ssdm name="layer2_conv"/><MemPortTyVec>0 3 3 3 3 3 3 3 3 3 3 3 3 3 3 3 3 </MemPortTyVec>
</StgValue>
</bind>
</comp>

<comp id="4" class="1000" name="conv2_b">
<pin_list>
<pin id="5" dir="1" index="0" bw="1" slack="0"/>
</pin_list>
<bind>
<StgValue><ssdm name="conv2_b"/><MemPortTyVec>1 </MemPortTyVec>
</StgValue>
</bind>
</comp>

<comp id="6" class="1000" name="conv2_w">
<pin_list>
<pin id="7" dir="1" index="0" bw="1" slack="0"/>
</pin_list>
<bind>
<StgValue><ssdm name="conv2_w"/><MemPortTyVec>1 1 1 1 1 1 1 1 1 1 1 1 </MemPortTyVec>
</StgValue>
</bind>
</comp>

<comp id="8" class="1001" name="const_8">
<pin_list>
<pin id="9" dir="1" index="0" bw="1" slack="0"/>
</pin_list>
<bind>
<StgValue><ssdm name=""/></StgValue>
</bind>
</comp>

<comp id="10" class="1001" name="const_10">
<pin_list>
<pin id="11" dir="1" index="0" bw="1" slack="0"/>
</pin_list>
<bind>
<StgValue><ssdm name=""/></StgValue>
</bind>
</comp>

<comp id="12" class="1001" name="const_12">
<pin_list>
<pin id="13" dir="1" index="0" bw="1" slack="0"/>
</pin_list>
<bind>
<StgValue><ssdm name=""/></StgValue>
</bind>
</comp>

<comp id="14" class="1001" name="const_14">
<pin_list>
<pin id="15" dir="1" index="0" bw="1" slack="0"/>
</pin_list>
<bind>
<StgValue><ssdm name=""/></StgValue>
</bind>
</comp>

<comp id="16" class="1001" name="const_16">
<pin_list>
<pin id="17" dir="1" index="0" bw="1" slack="0"/>
</pin_list>
<bind>
<StgValue><ssdm name=""/></StgValue>
</bind>
</comp>

<comp id="18" class="1001" name="const_18">
<pin_list>
<pin id="19" dir="1" index="0" bw="1" slack="0"/>
</pin_list>
<bind>
<StgValue><ssdm name=""/></StgValue>
</bind>
</comp>

<comp id="20" class="1001" name="const_20">
<pin_list>
<pin id="21" dir="1" index="0" bw="1" slack="0"/>
</pin_list>
<bind>
<StgValue><ssdm name=""/></StgValue>
</bind>
</comp>

<comp id="22" class="1001" name="const_22">
<pin_list>
<pin id="23" dir="1" index="0" bw="1" slack="2147483647"/>
</pin_list>
<bind>
<StgValue><ssdm name="_ssdm_op_SpecPipeline"/></StgValue>
</bind>
</comp>

<comp id="24" class="1001" name="const_24">
<pin_list>
<pin id="25" dir="1" index="0" bw="1" slack="2147483647"/>
</pin_list>
<bind>
<StgValue><ssdm name=""/></StgValue>
</bind>
</comp>

<comp id="26" class="1001" name="const_26">
<pin_list>
<pin id="27" dir="1" index="0" bw="1" slack="2147483647"/>
</pin_list>
<bind>
<StgValue><ssdm name=""/></StgValue>
</bind>
</comp>

<comp id="28" class="1001" name="const_28">
<pin_list>
<pin id="29" dir="1" index="0" bw="1" slack="2147483647"/>
</pin_list>
<bind>
<StgValue><ssdm name="p_str"/></StgValue>
</bind>
</comp>

<comp id="30" class="1001" name="const_30">
<pin_list>
<pin id="31" dir="1" index="0" bw="1" slack="0"/>
</pin_list>
<bind>
<StgValue><ssdm name=""/></StgValue>
</bind>
</comp>

<comp id="32" class="1001" name="const_32">
<pin_list>
<pin id="33" dir="1" index="0" bw="1" slack="0"/>
</pin_list>
<bind>
<StgValue><ssdm name=""/></StgValue>
</bind>
</comp>

<comp id="34" class="1001" name="const_34">
<pin_list>
<pin id="35" dir="1" index="0" bw="1" slack="0"/>
</pin_list>
<bind>
<StgValue><ssdm name=""/></StgValue>
</bind>
</comp>

<comp id="36" class="1001" name="const_36">
<pin_list>
<pin id="37" dir="1" index="0" bw="1" slack="0"/>
</pin_list>
<bind>
<StgValue><ssdm name=""/></StgValue>
</bind>
</comp>

<comp id="38" class="1001" name="const_38">
<pin_list>
<pin id="39" dir="1" index="0" bw="1" slack="0"/>
</pin_list>
<bind>
<StgValue><ssdm name=""/></StgValue>
</bind>
</comp>

<comp id="40" class="1001" name="const_40">
<pin_list>
<pin id="41" dir="1" index="0" bw="1" slack="0"/>
</pin_list>
<bind>
<StgValue><ssdm name=""/></StgValue>
</bind>
</comp>

<comp id="42" class="1001" name="const_42">
<pin_list>
<pin id="43" dir="1" index="0" bw="1" slack="0"/>
</pin_list>
<bind>
<StgValue><ssdm name=""/></StgValue>
</bind>
</comp>

<comp id="44" class="1001" name="const_44">
<pin_list>
<pin id="45" dir="1" index="0" bw="1" slack="0"/>
</pin_list>
<bind>
<StgValue><ssdm name="_ssdm_op_BitConcatenate.i5.i1.i4"/></StgValue>
</bind>
</comp>

<comp id="46" class="1001" name="const_46">
<pin_list>
<pin id="47" dir="1" index="0" bw="1" slack="0"/>
</pin_list>
<bind>
<StgValue><ssdm name=""/></StgValue>
</bind>
</comp>

<comp id="48" class="1001" name="const_48">
<pin_list>
<pin id="49" dir="1" index="0" bw="1" slack="0"/>
</pin_list>
<bind>
<StgValue><ssdm name="_ssdm_op_BitConcatenate.i6.i2.i4"/></StgValue>
</bind>
</comp>

<comp id="50" class="1001" name="const_50">
<pin_list>
<pin id="51" dir="1" index="0" bw="1" slack="0"/>
</pin_list>
<bind>
<StgValue><ssdm name=""/></StgValue>
</bind>
</comp>

<comp id="52" class="1001" name="const_52">
<pin_list>
<pin id="53" dir="1" index="0" bw="1" slack="0"/>
</pin_list>
<bind>
<StgValue><ssdm name=""/></StgValue>
</bind>
</comp>

<comp id="54" class="1001" name="const_54">
<pin_list>
<pin id="55" dir="1" index="0" bw="1" slack="0"/>
</pin_list>
<bind>
<StgValue><ssdm name="_ssdm_op_BitConcatenate.i7.i3.i4"/></StgValue>
</bind>
</comp>

<comp id="56" class="1001" name="const_56">
<pin_list>
<pin id="57" dir="1" index="0" bw="1" slack="0"/>
</pin_list>
<bind>
<StgValue><ssdm name=""/></StgValue>
</bind>
</comp>

<comp id="58" class="1001" name="const_58">
<pin_list>
<pin id="59" dir="1" index="0" bw="1" slack="0"/>
</pin_list>
<bind>
<StgValue><ssdm name=""/></StgValue>
</bind>
</comp>

<comp id="60" class="1001" name="const_60">
<pin_list>
<pin id="61" dir="1" index="0" bw="1" slack="0"/>
</pin_list>
<bind>
<StgValue><ssdm name=""/></StgValue>
</bind>
</comp>

<comp id="62" class="1001" name="const_62">
<pin_list>
<pin id="63" dir="1" index="0" bw="1" slack="0"/>
</pin_list>
<bind>
<StgValue><ssdm name=""/></StgValue>
</bind>
</comp>

<comp id="64" class="1001" name="const_64">
<pin_list>
<pin id="65" dir="1" index="0" bw="1" slack="0"/>
</pin_list>
<bind>
<StgValue><ssdm name=""/></StgValue>
</bind>
</comp>

<comp id="66" class="1001" name="const_66">
<pin_list>
<pin id="67" dir="1" index="0" bw="1" slack="0"/>
</pin_list>
<bind>
<StgValue><ssdm name="_ssdm_op_BitConcatenate.i10.i5.i5"/></StgValue>
</bind>
</comp>

<comp id="68" class="1001" name="const_68">
<pin_list>
<pin id="69" dir="1" index="0" bw="1" slack="0"/>
</pin_list>
<bind>
<StgValue><ssdm name=""/></StgValue>
</bind>
</comp>

<comp id="70" class="1001" name="const_70">
<pin_list>
<pin id="71" dir="1" index="0" bw="1" slack="0"/>
</pin_list>
<bind>
<StgValue><ssdm name=""/></StgValue>
</bind>
</comp>

<comp id="72" class="1001" name="const_72">
<pin_list>
<pin id="73" dir="1" index="0" bw="1" slack="0"/>
</pin_list>
<bind>
<StgValue><ssdm name="_ssdm_op_BitConcatenate.i12.i10.i2"/></StgValue>
</bind>
</comp>

<comp id="74" class="1001" name="const_74">
<pin_list>
<pin id="75" dir="1" index="0" bw="1" slack="0"/>
</pin_list>
<bind>
<StgValue><ssdm name=""/></StgValue>
</bind>
</comp>

<comp id="76" class="1001" name="const_76">
<pin_list>
<pin id="77" dir="1" index="0" bw="1" slack="0"/>
</pin_list>
<bind>
<StgValue><ssdm name=""/></StgValue>
</bind>
</comp>

<comp id="78" class="1001" name="const_78">
<pin_list>
<pin id="79" dir="1" index="0" bw="1" slack="0"/>
</pin_list>
<bind>
<StgValue><ssdm name=""/></StgValue>
</bind>
</comp>

<comp id="80" class="1001" name="const_80">
<pin_list>
<pin id="81" dir="1" index="0" bw="1" slack="0"/>
</pin_list>
<bind>
<StgValue><ssdm name=""/></StgValue>
</bind>
</comp>

<comp id="82" class="1001" name="const_82">
<pin_list>
<pin id="83" dir="1" index="0" bw="1" slack="0"/>
</pin_list>
<bind>
<StgValue><ssdm name=""/></StgValue>
</bind>
</comp>

<comp id="84" class="1001" name="const_84">
<pin_list>
<pin id="85" dir="1" index="0" bw="1" slack="0"/>
</pin_list>
<bind>
<StgValue><ssdm name="_ssdm_op_BitConcatenate.i8.i4.i4"/></StgValue>
</bind>
</comp>

<comp id="86" class="1001" name="const_86">
<pin_list>
<pin id="87" dir="1" index="0" bw="1" slack="0"/>
</pin_list>
<bind>
<StgValue><ssdm name=""/></StgValue>
</bind>
</comp>

<comp id="88" class="1001" name="const_88">
<pin_list>
<pin id="89" dir="1" index="0" bw="1" slack="0"/>
</pin_list>
<bind>
<StgValue><ssdm name=""/></StgValue>
</bind>
</comp>

<comp id="90" class="1001" name="const_90">
<pin_list>
<pin id="91" dir="1" index="0" bw="1" slack="0"/>
</pin_list>
<bind>
<StgValue><ssdm name=""/></StgValue>
</bind>
</comp>

<comp id="92" class="1001" name="const_92">
<pin_list>
<pin id="93" dir="1" index="0" bw="1" slack="0"/>
</pin_list>
<bind>
<StgValue><ssdm name=""/></StgValue>
</bind>
</comp>

<comp id="94" class="1001" name="const_94">
<pin_list>
<pin id="95" dir="1" index="0" bw="1" slack="0"/>
</pin_list>
<bind>
<StgValue><ssdm name=""/></StgValue>
</bind>
</comp>

<comp id="96" class="1001" name="const_96">
<pin_list>
<pin id="97" dir="1" index="0" bw="1" slack="0"/>
</pin_list>
<bind>
<StgValue><ssdm name=""/></StgValue>
</bind>
</comp>

<comp id="98" class="1001" name="const_98">
<pin_list>
<pin id="99" dir="1" index="0" bw="1" slack="0"/>
</pin_list>
<bind>
<StgValue><ssdm name="_ssdm_op_BitConcatenate.i9.i5.i4"/></StgValue>
</bind>
</comp>

<comp id="100" class="1001" name="const_100">
<pin_list>
<pin id="101" dir="1" index="0" bw="1" slack="0"/>
</pin_list>
<bind>
<StgValue><ssdm name=""/></StgValue>
</bind>
</comp>

<comp id="102" class="1001" name="const_102">
<pin_list>
<pin id="103" dir="1" index="0" bw="1" slack="0"/>
</pin_list>
<bind>
<StgValue><ssdm name=""/></StgValue>
</bind>
</comp>

<comp id="104" class="1001" name="const_104">
<pin_list>
<pin id="105" dir="1" index="0" bw="1" slack="0"/>
</pin_list>
<bind>
<StgValue><ssdm name=""/></StgValue>
</bind>
</comp>

<comp id="106" class="1001" name="const_106">
<pin_list>
<pin id="107" dir="1" index="0" bw="1" slack="0"/>
</pin_list>
<bind>
<StgValue><ssdm name=""/></StgValue>
</bind>
</comp>

<comp id="108" class="1001" name="const_108">
<pin_list>
<pin id="109" dir="1" index="0" bw="1" slack="0"/>
</pin_list>
<bind>
<StgValue><ssdm name="_ssdm_op_BitConcatenate.i13.i10.i3"/></StgValue>
</bind>
</comp>

<comp id="110" class="1001" name="const_110">
<pin_list>
<pin id="111" dir="1" index="0" bw="1" slack="0"/>
</pin_list>
<bind>
<StgValue><ssdm name=""/></StgValue>
</bind>
</comp>

<comp id="112" class="1001" name="const_112">
<pin_list>
<pin id="113" dir="1" index="0" bw="1" slack="0"/>
</pin_list>
<bind>
<StgValue><ssdm name=""/></StgValue>
</bind>
</comp>

<comp id="114" class="1001" name="const_114">
<pin_list>
<pin id="115" dir="1" index="0" bw="1" slack="2147483647"/>
</pin_list>
<bind>
<StgValue><ssdm name="_ssdm_op_SpecLoopName"/></StgValue>
</bind>
</comp>

<comp id="116" class="1001" name="const_116">
<pin_list>
<pin id="117" dir="1" index="0" bw="1" slack="2147483647"/>
</pin_list>
<bind>
<StgValue><ssdm name="VITIS_LOOP_121_11_VITIS_LOOP_122_12_VITIS_LOOP_123_13_str"/></StgValue>
</bind>
</comp>

<comp id="118" class="1001" name="const_118">
<pin_list>
<pin id="119" dir="1" index="0" bw="1" slack="2147483647"/>
</pin_list>
<bind>
<StgValue><ssdm name="_ssdm_op_SpecLoopTripCount"/></StgValue>
</bind>
</comp>

<comp id="120" class="1001" name="const_120">
<pin_list>
<pin id="121" dir="1" index="0" bw="1" slack="2147483647"/>
</pin_list>
<bind>
<StgValue><ssdm name=""/></StgValue>
</bind>
</comp>

<comp id="122" class="1001" name="const_122">
<pin_list>
<pin id="123" dir="1" index="0" bw="1" slack="2147483647"/>
</pin_list>
<bind>
<StgValue><ssdm name="VITIS_LOOP_122_12_VITIS_LOOP_123_13_str"/></StgValue>
</bind>
</comp>

<comp id="124" class="1001" name="const_124">
<pin_list>
<pin id="125" dir="1" index="0" bw="1" slack="2147483647"/>
</pin_list>
<bind>
<StgValue><ssdm name="empty_6"/></StgValue>
</bind>
</comp>

<comp id="126" class="1001" name="const_126">
<pin_list>
<pin id="127" dir="1" index="0" bw="1" slack="0"/>
</pin_list>
<bind>
<StgValue><ssdm name="_ssdm_op_PartSelect.i8.i32.i32.i32"/></StgValue>
</bind>
</comp>

<comp id="128" class="1001" name="const_128">
<pin_list>
<pin id="129" dir="1" index="0" bw="1" slack="0"/>
</pin_list>
<bind>
<StgValue><ssdm name=""/></StgValue>
</bind>
</comp>

<comp id="130" class="1001" name="const_130">
<pin_list>
<pin id="131" dir="1" index="0" bw="1" slack="0"/>
</pin_list>
<bind>
<StgValue><ssdm name=""/></StgValue>
</bind>
</comp>

<comp id="132" class="1001" name="const_132">
<pin_list>
<pin id="133" dir="1" index="0" bw="1" slack="0"/>
</pin_list>
<bind>
<StgValue><ssdm name=""/></StgValue>
</bind>
</comp>

<comp id="134" class="1001" name="const_134">
<pin_list>
<pin id="135" dir="1" index="0" bw="1" slack="0"/>
</pin_list>
<bind>
<StgValue><ssdm name=""/></StgValue>
</bind>
</comp>

<comp id="136" class="1004" name="c_fu_136">
<pin_list>
<pin id="137" dir="0" index="0" bw="1" slack="0"/>
<pin id="138" dir="1" index="1" bw="5" slack="0"/>
</pin_list>
<bind>
<opcode="alloca(26) " fcode="alloca"/>
<opset="c/1 "/>
</bind>
</comp>

<comp id="140" class="1004" name="r_fu_140">
<pin_list>
<pin id="141" dir="0" index="0" bw="1" slack="0"/>
<pin id="142" dir="1" index="1" bw="5" slack="0"/>
</pin_list>
<bind>
<opcode="alloca(26) " fcode="alloca"/>
<opset="r/1 "/>
</bind>
</comp>

<comp id="144" class="1004" name="indvar_flatten52_fu_144">
<pin_list>
<pin id="145" dir="0" index="0" bw="1" slack="0"/>
<pin id="146" dir="1" index="1" bw="10" slack="0"/>
</pin_list>
<bind>
<opcode="alloca(26) " fcode="alloca"/>
<opset="indvar_flatten52/1 "/>
</bind>
</comp>

<comp id="148" class="1004" name="f_fu_148">
<pin_list>
<pin id="149" dir="0" index="0" bw="1" slack="0"/>
<pin id="150" dir="1" index="1" bw="4" slack="0"/>
</pin_list>
<bind>
<opcode="alloca(26) " fcode="alloca"/>
<opset="f/1 "/>
</bind>
</comp>

<comp id="152" class="1004" name="indvar_flatten111_fu_152">
<pin_list>
<pin id="153" dir="0" index="0" bw="1" slack="0"/>
<pin id="154" dir="1" index="1" bw="13" slack="0"/>
</pin_list>
<bind>
<opcode="alloca(26) " fcode="alloca"/>
<opset="indvar_flatten111/1 "/>
</bind>
</comp>

<comp id="156" class="1004" name="conv2_w_addr_gep_fu_156">
<pin_list>
<pin id="157" dir="0" index="0" bw="32" slack="0"/>
<pin id="158" dir="0" index="1" bw="1" slack="0"/>
<pin id="159" dir="0" index="2" bw="4" slack="0"/>
<pin id="160" dir="1" index="3" bw="9" slack="0"/>
</pin_list>
<bind>
<opcode="getelementptr(29) " fcode="getelementptr"/>
<opset="conv2_w_addr/2 "/>
</bind>
</comp>

<comp id="163" class="1004" name="grp_access_fu_163">
<pin_list>
<pin id="164" dir="0" index="0" bw="9" slack="0"/>
<pin id="165" dir="0" index="1" bw="32" slack="2147483647"/>
<pin id="166" dir="0" index="2" bw="0" slack="0"/>
<pin id="168" dir="0" index="4" bw="9" slack="2147483647"/>
<pin id="169" dir="0" index="5" bw="32" slack="0"/>
<pin id="170" dir="0" index="6" bw="0" slack="2147483647"/>
<pin id="172" dir="0" index="8" bw="9" slack="0"/>
<pin id="173" dir="0" index="9" bw="32" slack="2147483647"/>
<pin id="174" dir="0" index="10" bw="0" slack="0"/>
<pin id="176" dir="0" index="12" bw="9" slack="2147483647"/>
<pin id="177" dir="0" index="13" bw="32" slack="0"/>
<pin id="178" dir="0" index="14" bw="0" slack="2147483647"/>
<pin id="180" dir="0" index="16" bw="9" slack="0"/>
<pin id="181" dir="0" index="17" bw="32" slack="2147483647"/>
<pin id="182" dir="0" index="18" bw="0" slack="0"/>
<pin id="184" dir="0" index="20" bw="9" slack="2147483647"/>
<pin id="185" dir="0" index="21" bw="32" slack="0"/>
<pin id="186" dir="0" index="22" bw="0" slack="2147483647"/>
<pin id="188" dir="0" index="24" bw="9" slack="0"/>
<pin id="189" dir="0" index="25" bw="32" slack="2147483647"/>
<pin id="190" dir="0" index="26" bw="0" slack="0"/>
<pin id="192" dir="0" index="28" bw="9" slack="2147483647"/>
<pin id="193" dir="0" index="29" bw="32" slack="0"/>
<pin id="194" dir="0" index="30" bw="0" slack="2147483647"/>
<pin id="196" dir="0" index="32" bw="9" slack="2147483647"/>
<pin id="197" dir="0" index="33" bw="32" slack="2147483647"/>
<pin id="198" dir="0" index="34" bw="0" slack="2147483647"/>
<pin id="200" dir="0" index="36" bw="9" slack="2147483647"/>
<pin id="201" dir="0" index="37" bw="32" slack="2147483647"/>
<pin id="202" dir="0" index="38" bw="0" slack="2147483647"/>
<pin id="204" dir="0" index="40" bw="9" slack="2147483647"/>
<pin id="205" dir="0" index="41" bw="32" slack="2147483647"/>
<pin id="206" dir="0" index="42" bw="0" slack="2147483647"/>
<pin id="208" dir="0" index="44" bw="9" slack="2147483647"/>
<pin id="209" dir="0" index="45" bw="32" slack="2147483647"/>
<pin id="210" dir="0" index="46" bw="0" slack="2147483647"/>
<pin id="167" dir="1" index="3" bw="32" slack="0"/>
<pin id="171" dir="1" index="7" bw="32" slack="0"/>
<pin id="175" dir="1" index="11" bw="32" slack="0"/>
<pin id="179" dir="1" index="15" bw="32" slack="0"/>
<pin id="183" dir="1" index="19" bw="32" slack="0"/>
<pin id="187" dir="1" index="23" bw="32" slack="0"/>
<pin id="191" dir="1" index="27" bw="32" slack="0"/>
<pin id="195" dir="1" index="31" bw="32" slack="0"/>
<pin id="199" dir="1" index="35" bw="32" slack="0"/>
<pin id="203" dir="1" index="39" bw="32" slack="0"/>
<pin id="207" dir="1" index="43" bw="32" slack="0"/>
<pin id="211" dir="1" index="47" bw="32" slack="0"/>
</pin_list>
<bind>
<opcode="load(27) " fcode="load"/>
<opset="conv2_w_load/2 conv2_w_load_1/2 conv2_w_load_2/2 conv2_w_load_3/2 conv2_w_load_4/2 conv2_w_load_5/2 conv2_w_load_6/2 conv2_w_load_7/2 conv2_w_load_8/2 conv2_w_load_9/2 conv2_w_load_10/2 conv2_w_load_11/2 conv2_w_load_12/3 conv2_w_load_13/3 conv2_w_load_14/3 conv2_w_load_15/3 conv2_w_load_16/3 conv2_w_load_17/3 conv2_w_load_18/3 conv2_w_load_19/3 conv2_w_load_20/3 conv2_w_load_21/3 conv2_w_load_22/3 conv2_w_load_23/3 conv2_w_load_24/4 conv2_w_load_25/4 conv2_w_load_26/4 conv2_w_load_27/4 conv2_w_load_28/4 conv2_w_load_29/4 conv2_w_load_30/4 conv2_w_load_31/4 conv2_w_load_32/4 conv2_w_load_33/4 conv2_w_load_34/4 conv2_w_load_35/4 "/>
</bind>
</comp>

<comp id="213" class="1004" name="conv2_w_addr_1_gep_fu_213">
<pin_list>
<pin id="214" dir="0" index="0" bw="32" slack="0"/>
<pin id="215" dir="0" index="1" bw="1" slack="0"/>
<pin id="216" dir="0" index="2" bw="4" slack="0"/>
<pin id="217" dir="1" index="3" bw="9" slack="0"/>
</pin_list>
<bind>
<opcode="getelementptr(29) " fcode="getelementptr"/>
<opset="conv2_w_addr_1/2 "/>
</bind>
</comp>

<comp id="221" class="1004" name="conv2_w_addr_2_gep_fu_221">
<pin_list>
<pin id="222" dir="0" index="0" bw="32" slack="0"/>
<pin id="223" dir="0" index="1" bw="1" slack="0"/>
<pin id="224" dir="0" index="2" bw="5" slack="0"/>
<pin id="225" dir="1" index="3" bw="9" slack="0"/>
</pin_list>
<bind>
<opcode="getelementptr(29) " fcode="getelementptr"/>
<opset="conv2_w_addr_2/2 "/>
</bind>
</comp>

<comp id="229" class="1004" name="conv2_w_addr_3_gep_fu_229">
<pin_list>
<pin id="230" dir="0" index="0" bw="32" slack="0"/>
<pin id="231" dir="0" index="1" bw="1" slack="0"/>
<pin id="232" dir="0" index="2" bw="5" slack="0"/>
<pin id="233" dir="1" index="3" bw="9" slack="0"/>
</pin_list>
<bind>
<opcode="getelementptr(29) " fcode="getelementptr"/>
<opset="conv2_w_addr_3/2 "/>
</bind>
</comp>

<comp id="237" class="1004" name="conv2_w_addr_4_gep_fu_237">
<pin_list>
<pin id="238" dir="0" index="0" bw="32" slack="0"/>
<pin id="239" dir="0" index="1" bw="1" slack="0"/>
<pin id="240" dir="0" index="2" bw="6" slack="0"/>
<pin id="241" dir="1" index="3" bw="9" slack="0"/>
</pin_list>
<bind>
<opcode="getelementptr(29) " fcode="getelementptr"/>
<opset="conv2_w_addr_4/2 "/>
</bind>
</comp>

<comp id="245" class="1004" name="conv2_w_addr_5_gep_fu_245">
<pin_list>
<pin id="246" dir="0" index="0" bw="32" slack="0"/>
<pin id="247" dir="0" index="1" bw="1" slack="0"/>
<pin id="248" dir="0" index="2" bw="6" slack="0"/>
<pin id="249" dir="1" index="3" bw="9" slack="0"/>
</pin_list>
<bind>
<opcode="getelementptr(29) " fcode="getelementptr"/>
<opset="conv2_w_addr_5/2 "/>
</bind>
</comp>

<comp id="253" class="1004" name="conv2_w_addr_6_gep_fu_253">
<pin_list>
<pin id="254" dir="0" index="0" bw="32" slack="0"/>
<pin id="255" dir="0" index="1" bw="1" slack="0"/>
<pin id="256" dir="0" index="2" bw="6" slack="0"/>
<pin id="257" dir="1" index="3" bw="9" slack="0"/>
</pin_list>
<bind>
<opcode="getelementptr(29) " fcode="getelementptr"/>
<opset="conv2_w_addr_6/2 "/>
</bind>
</comp>

<comp id="261" class="1004" name="conv2_w_addr_7_gep_fu_261">
<pin_list>
<pin id="262" dir="0" index="0" bw="32" slack="0"/>
<pin id="263" dir="0" index="1" bw="1" slack="0"/>
<pin id="264" dir="0" index="2" bw="6" slack="0"/>
<pin id="265" dir="1" index="3" bw="9" slack="0"/>
</pin_list>
<bind>
<opcode="getelementptr(29) " fcode="getelementptr"/>
<opset="conv2_w_addr_7/2 "/>
</bind>
</comp>

<comp id="269" class="1004" name="conv2_w_addr_8_gep_fu_269">
<pin_list>
<pin id="270" dir="0" index="0" bw="32" slack="0"/>
<pin id="271" dir="0" index="1" bw="1" slack="0"/>
<pin id="272" dir="0" index="2" bw="7" slack="0"/>
<pin id="273" dir="1" index="3" bw="9" slack="0"/>
</pin_list>
<bind>
<opcode="getelementptr(29) " fcode="getelementptr"/>
<opset="conv2_w_addr_8/2 "/>
</bind>
</comp>

<comp id="277" class="1004" name="conv2_w_addr_9_gep_fu_277">
<pin_list>
<pin id="278" dir="0" index="0" bw="32" slack="0"/>
<pin id="279" dir="0" index="1" bw="1" slack="0"/>
<pin id="280" dir="0" index="2" bw="7" slack="0"/>
<pin id="281" dir="1" index="3" bw="9" slack="0"/>
</pin_list>
<bind>
<opcode="getelementptr(29) " fcode="getelementptr"/>
<opset="conv2_w_addr_9/2 "/>
</bind>
</comp>

<comp id="285" class="1004" name="conv2_w_addr_10_gep_fu_285">
<pin_list>
<pin id="286" dir="0" index="0" bw="32" slack="0"/>
<pin id="287" dir="0" index="1" bw="1" slack="0"/>
<pin id="288" dir="0" index="2" bw="7" slack="0"/>
<pin id="289" dir="1" index="3" bw="9" slack="0"/>
</pin_list>
<bind>
<opcode="getelementptr(29) " fcode="getelementptr"/>
<opset="conv2_w_addr_10/2 "/>
</bind>
</comp>

<comp id="293" class="1004" name="conv2_w_addr_11_gep_fu_293">
<pin_list>
<pin id="294" dir="0" index="0" bw="32" slack="0"/>
<pin id="295" dir="0" index="1" bw="1" slack="0"/>
<pin id="296" dir="0" index="2" bw="7" slack="0"/>
<pin id="297" dir="1" index="3" bw="9" slack="0"/>
</pin_list>
<bind>
<opcode="getelementptr(29) " fcode="getelementptr"/>
<opset="conv2_w_addr_11/2 "/>
</bind>
</comp>

<comp id="301" class="1004" name="layer1_pool_addr_gep_fu_301">
<pin_list>
<pin id="302" dir="0" index="0" bw="32" slack="0"/>
<pin id="303" dir="0" index="1" bw="1" slack="0"/>
<pin id="304" dir="0" index="2" bw="12" slack="0"/>
<pin id="305" dir="1" index="3" bw="12" slack="0"/>
</pin_list>
<bind>
<opcode="getelementptr(29) " fcode="getelementptr"/>
<opset="layer1_pool_addr/2 "/>
</bind>
</comp>

<comp id="308" class="1004" name="layer1_pool_addr_1_gep_fu_308">
<pin_list>
<pin id="309" dir="0" index="0" bw="32" slack="0"/>
<pin id="310" dir="0" index="1" bw="1" slack="0"/>
<pin id="311" dir="0" index="2" bw="12" slack="0"/>
<pin id="312" dir="1" index="3" bw="12" slack="0"/>
</pin_list>
<bind>
<opcode="getelementptr(29) " fcode="getelementptr"/>
<opset="layer1_pool_addr_1/2 "/>
</bind>
</comp>

<comp id="315" class="1004" name="layer1_pool_addr_2_gep_fu_315">
<pin_list>
<pin id="316" dir="0" index="0" bw="32" slack="0"/>
<pin id="317" dir="0" index="1" bw="1" slack="0"/>
<pin id="318" dir="0" index="2" bw="12" slack="0"/>
<pin id="319" dir="1" index="3" bw="12" slack="0"/>
</pin_list>
<bind>
<opcode="getelementptr(29) " fcode="getelementptr"/>
<opset="layer1_pool_addr_2/2 "/>
</bind>
</comp>

<comp id="322" class="1004" name="layer1_pool_addr_3_gep_fu_322">
<pin_list>
<pin id="323" dir="0" index="0" bw="32" slack="0"/>
<pin id="324" dir="0" index="1" bw="1" slack="0"/>
<pin id="325" dir="0" index="2" bw="12" slack="0"/>
<pin id="326" dir="1" index="3" bw="12" slack="0"/>
</pin_list>
<bind>
<opcode="getelementptr(29) " fcode="getelementptr"/>
<opset="layer1_pool_addr_3/2 "/>
</bind>
</comp>

<comp id="329" class="1004" name="grp_access_fu_329">
<pin_list>
<pin id="330" dir="0" index="0" bw="12" slack="0"/>
<pin id="331" dir="0" index="1" bw="32" slack="2147483647"/>
<pin id="332" dir="0" index="2" bw="0" slack="0"/>
<pin id="334" dir="0" index="4" bw="12" slack="2147483647"/>
<pin id="335" dir="0" index="5" bw="32" slack="0"/>
<pin id="336" dir="0" index="6" bw="0" slack="2147483647"/>
<pin id="338" dir="0" index="8" bw="12" slack="0"/>
<pin id="339" dir="0" index="9" bw="32" slack="2147483647"/>
<pin id="340" dir="0" index="10" bw="0" slack="0"/>
<pin id="342" dir="0" index="12" bw="12" slack="2147483647"/>
<pin id="343" dir="0" index="13" bw="32" slack="0"/>
<pin id="344" dir="0" index="14" bw="0" slack="2147483647"/>
<pin id="346" dir="0" index="16" bw="12" slack="0"/>
<pin id="347" dir="0" index="17" bw="32" slack="2147483647"/>
<pin id="348" dir="0" index="18" bw="0" slack="0"/>
<pin id="350" dir="0" index="20" bw="12" slack="2147483647"/>
<pin id="351" dir="0" index="21" bw="32" slack="0"/>
<pin id="352" dir="0" index="22" bw="0" slack="2147483647"/>
<pin id="354" dir="0" index="24" bw="12" slack="0"/>
<pin id="355" dir="0" index="25" bw="32" slack="2147483647"/>
<pin id="356" dir="0" index="26" bw="0" slack="0"/>
<pin id="358" dir="0" index="28" bw="12" slack="2147483647"/>
<pin id="359" dir="0" index="29" bw="32" slack="0"/>
<pin id="360" dir="0" index="30" bw="0" slack="2147483647"/>
<pin id="362" dir="0" index="32" bw="12" slack="2147483647"/>
<pin id="363" dir="0" index="33" bw="32" slack="2147483647"/>
<pin id="364" dir="0" index="34" bw="0" slack="2147483647"/>
<pin id="366" dir="0" index="36" bw="12" slack="2147483647"/>
<pin id="367" dir="0" index="37" bw="32" slack="2147483647"/>
<pin id="368" dir="0" index="38" bw="0" slack="2147483647"/>
<pin id="370" dir="0" index="40" bw="12" slack="2147483647"/>
<pin id="371" dir="0" index="41" bw="32" slack="2147483647"/>
<pin id="372" dir="0" index="42" bw="0" slack="2147483647"/>
<pin id="374" dir="0" index="44" bw="12" slack="2147483647"/>
<pin id="375" dir="0" index="45" bw="32" slack="2147483647"/>
<pin id="376" dir="0" index="46" bw="0" slack="2147483647"/>
<pin id="333" dir="1" index="3" bw="32" slack="0"/>
<pin id="337" dir="1" index="7" bw="32" slack="0"/>
<pin id="341" dir="1" index="11" bw="32" slack="0"/>
<pin id="345" dir="1" index="15" bw="32" slack="0"/>
<pin id="349" dir="1" index="19" bw="32" slack="0"/>
<pin id="353" dir="1" index="23" bw="32" slack="0"/>
<pin id="357" dir="1" index="27" bw="32" slack="0"/>
<pin id="361" dir="1" index="31" bw="32" slack="0"/>
<pin id="365" dir="1" index="35" bw="32" slack="0"/>
<pin id="369" dir="1" index="39" bw="32" slack="0"/>
<pin id="373" dir="1" index="43" bw="32" slack="0"/>
<pin id="377" dir="1" index="47" bw="32" slack="0"/>
</pin_list>
<bind>
<opcode="load(27) " fcode="load"/>
<opset="layer1_pool_load/2 layer1_pool_load_1/2 layer1_pool_load_2/2 layer1_pool_load_3/2 layer1_pool_load_4/2 layer1_pool_load_5/2 layer1_pool_load_6/2 layer1_pool_load_7/2 layer1_pool_load_8/2 layer1_pool_load_9/2 layer1_pool_load_10/2 layer1_pool_load_11/2 layer1_pool_load_12/3 layer1_pool_load_13/3 layer1_pool_load_14/3 layer1_pool_load_15/3 layer1_pool_load_16/3 layer1_pool_load_17/3 layer1_pool_load_18/3 layer1_pool_load_19/3 layer1_pool_load_20/3 layer1_pool_load_21/3 layer1_pool_load_22/3 layer1_pool_load_23/3 layer1_pool_load_24/4 layer1_pool_load_25/4 layer1_pool_load_26/4 layer1_pool_load_27/4 layer1_pool_load_28/4 layer1_pool_load_29/4 layer1_pool_load_30/4 layer1_pool_load_31/4 layer1_pool_load_32/4 layer1_pool_load_33/4 layer1_pool_load_34/4 layer1_pool_load_35/4 "/>
</bind>
</comp>

<comp id="382" class="1004" name="layer1_pool_addr_5_gep_fu_382">
<pin_list>
<pin id="383" dir="0" index="0" bw="32" slack="0"/>
<pin id="384" dir="0" index="1" bw="1" slack="0"/>
<pin id="385" dir="0" index="2" bw="12" slack="0"/>
<pin id="386" dir="1" index="3" bw="12" slack="0"/>
</pin_list>
<bind>
<opcode="getelementptr(29) " fcode="getelementptr"/>
<opset="layer1_pool_addr_5/2 "/>
</bind>
</comp>

<comp id="389" class="1004" name="layer1_pool_addr_6_gep_fu_389">
<pin_list>
<pin id="390" dir="0" index="0" bw="32" slack="0"/>
<pin id="391" dir="0" index="1" bw="1" slack="0"/>
<pin id="392" dir="0" index="2" bw="12" slack="0"/>
<pin id="393" dir="1" index="3" bw="12" slack="0"/>
</pin_list>
<bind>
<opcode="getelementptr(29) " fcode="getelementptr"/>
<opset="layer1_pool_addr_6/2 "/>
</bind>
</comp>

<comp id="396" class="1004" name="layer1_pool_addr_7_gep_fu_396">
<pin_list>
<pin id="397" dir="0" index="0" bw="32" slack="0"/>
<pin id="398" dir="0" index="1" bw="1" slack="0"/>
<pin id="399" dir="0" index="2" bw="12" slack="0"/>
<pin id="400" dir="1" index="3" bw="12" slack="0"/>
</pin_list>
<bind>
<opcode="getelementptr(29) " fcode="getelementptr"/>
<opset="layer1_pool_addr_7/2 "/>
</bind>
</comp>

<comp id="403" class="1004" name="layer1_pool_addr_8_gep_fu_403">
<pin_list>
<pin id="404" dir="0" index="0" bw="32" slack="0"/>
<pin id="405" dir="0" index="1" bw="1" slack="0"/>
<pin id="406" dir="0" index="2" bw="12" slack="0"/>
<pin id="407" dir="1" index="3" bw="12" slack="0"/>
</pin_list>
<bind>
<opcode="getelementptr(29) " fcode="getelementptr"/>
<opset="layer1_pool_addr_8/2 "/>
</bind>
</comp>

<comp id="414" class="1004" name="layer1_pool_addr_9_gep_fu_414">
<pin_list>
<pin id="415" dir="0" index="0" bw="32" slack="0"/>
<pin id="416" dir="0" index="1" bw="1" slack="0"/>
<pin id="417" dir="0" index="2" bw="12" slack="0"/>
<pin id="418" dir="1" index="3" bw="12" slack="0"/>
</pin_list>
<bind>
<opcode="getelementptr(29) " fcode="getelementptr"/>
<opset="layer1_pool_addr_9/2 "/>
</bind>
</comp>

<comp id="421" class="1004" name="layer1_pool_addr_10_gep_fu_421">
<pin_list>
<pin id="422" dir="0" index="0" bw="32" slack="0"/>
<pin id="423" dir="0" index="1" bw="1" slack="0"/>
<pin id="424" dir="0" index="2" bw="12" slack="0"/>
<pin id="425" dir="1" index="3" bw="12" slack="0"/>
</pin_list>
<bind>
<opcode="getelementptr(29) " fcode="getelementptr"/>
<opset="layer1_pool_addr_10/2 "/>
</bind>
</comp>

<comp id="428" class="1004" name="layer1_pool_addr_11_gep_fu_428">
<pin_list>
<pin id="429" dir="0" index="0" bw="32" slack="0"/>
<pin id="430" dir="0" index="1" bw="1" slack="0"/>
<pin id="431" dir="0" index="2" bw="12" slack="0"/>
<pin id="432" dir="1" index="3" bw="12" slack="0"/>
</pin_list>
<bind>
<opcode="getelementptr(29) " fcode="getelementptr"/>
<opset="layer1_pool_addr_11/2 "/>
</bind>
</comp>

<comp id="435" class="1004" name="layer1_pool_addr_12_gep_fu_435">
<pin_list>
<pin id="436" dir="0" index="0" bw="32" slack="0"/>
<pin id="437" dir="0" index="1" bw="1" slack="0"/>
<pin id="438" dir="0" index="2" bw="12" slack="0"/>
<pin id="439" dir="1" index="3" bw="12" slack="0"/>
</pin_list>
<bind>
<opcode="getelementptr(29) " fcode="getelementptr"/>
<opset="layer1_pool_addr_12/2 "/>
</bind>
</comp>

<comp id="446" class="1004" name="conv2_w_addr_12_gep_fu_446">
<pin_list>
<pin id="447" dir="0" index="0" bw="32" slack="0"/>
<pin id="448" dir="0" index="1" bw="1" slack="0"/>
<pin id="449" dir="0" index="2" bw="7" slack="0"/>
<pin id="450" dir="1" index="3" bw="9" slack="0"/>
</pin_list>
<bind>
<opcode="getelementptr(29) " fcode="getelementptr"/>
<opset="conv2_w_addr_12/3 "/>
</bind>
</comp>

<comp id="454" class="1004" name="conv2_w_addr_13_gep_fu_454">
<pin_list>
<pin id="455" dir="0" index="0" bw="32" slack="0"/>
<pin id="456" dir="0" index="1" bw="1" slack="0"/>
<pin id="457" dir="0" index="2" bw="7" slack="0"/>
<pin id="458" dir="1" index="3" bw="9" slack="0"/>
</pin_list>
<bind>
<opcode="getelementptr(29) " fcode="getelementptr"/>
<opset="conv2_w_addr_13/3 "/>
</bind>
</comp>

<comp id="462" class="1004" name="conv2_w_addr_14_gep_fu_462">
<pin_list>
<pin id="463" dir="0" index="0" bw="32" slack="0"/>
<pin id="464" dir="0" index="1" bw="1" slack="0"/>
<pin id="465" dir="0" index="2" bw="7" slack="0"/>
<pin id="466" dir="1" index="3" bw="9" slack="0"/>
</pin_list>
<bind>
<opcode="getelementptr(29) " fcode="getelementptr"/>
<opset="conv2_w_addr_14/3 "/>
</bind>
</comp>

<comp id="470" class="1004" name="conv2_w_addr_15_gep_fu_470">
<pin_list>
<pin id="471" dir="0" index="0" bw="32" slack="0"/>
<pin id="472" dir="0" index="1" bw="1" slack="0"/>
<pin id="473" dir="0" index="2" bw="7" slack="0"/>
<pin id="474" dir="1" index="3" bw="9" slack="0"/>
</pin_list>
<bind>
<opcode="getelementptr(29) " fcode="getelementptr"/>
<opset="conv2_w_addr_15/3 "/>
</bind>
</comp>

<comp id="478" class="1004" name="conv2_w_addr_16_gep_fu_478">
<pin_list>
<pin id="479" dir="0" index="0" bw="32" slack="0"/>
<pin id="480" dir="0" index="1" bw="1" slack="0"/>
<pin id="481" dir="0" index="2" bw="8" slack="0"/>
<pin id="482" dir="1" index="3" bw="9" slack="0"/>
</pin_list>
<bind>
<opcode="getelementptr(29) " fcode="getelementptr"/>
<opset="conv2_w_addr_16/3 "/>
</bind>
</comp>

<comp id="486" class="1004" name="conv2_w_addr_17_gep_fu_486">
<pin_list>
<pin id="487" dir="0" index="0" bw="32" slack="0"/>
<pin id="488" dir="0" index="1" bw="1" slack="0"/>
<pin id="489" dir="0" index="2" bw="8" slack="0"/>
<pin id="490" dir="1" index="3" bw="9" slack="0"/>
</pin_list>
<bind>
<opcode="getelementptr(29) " fcode="getelementptr"/>
<opset="conv2_w_addr_17/3 "/>
</bind>
</comp>

<comp id="494" class="1004" name="conv2_w_addr_18_gep_fu_494">
<pin_list>
<pin id="495" dir="0" index="0" bw="32" slack="0"/>
<pin id="496" dir="0" index="1" bw="1" slack="0"/>
<pin id="497" dir="0" index="2" bw="8" slack="0"/>
<pin id="498" dir="1" index="3" bw="9" slack="0"/>
</pin_list>
<bind>
<opcode="getelementptr(29) " fcode="getelementptr"/>
<opset="conv2_w_addr_18/3 "/>
</bind>
</comp>

<comp id="502" class="1004" name="conv2_w_addr_19_gep_fu_502">
<pin_list>
<pin id="503" dir="0" index="0" bw="32" slack="0"/>
<pin id="504" dir="0" index="1" bw="1" slack="0"/>
<pin id="505" dir="0" index="2" bw="8" slack="0"/>
<pin id="506" dir="1" index="3" bw="9" slack="0"/>
</pin_list>
<bind>
<opcode="getelementptr(29) " fcode="getelementptr"/>
<opset="conv2_w_addr_19/3 "/>
</bind>
</comp>

<comp id="510" class="1004" name="conv2_w_addr_20_gep_fu_510">
<pin_list>
<pin id="511" dir="0" index="0" bw="32" slack="0"/>
<pin id="512" dir="0" index="1" bw="1" slack="0"/>
<pin id="513" dir="0" index="2" bw="8" slack="0"/>
<pin id="514" dir="1" index="3" bw="9" slack="0"/>
</pin_list>
<bind>
<opcode="getelementptr(29) " fcode="getelementptr"/>
<opset="conv2_w_addr_20/3 "/>
</bind>
</comp>

<comp id="518" class="1004" name="conv2_w_addr_21_gep_fu_518">
<pin_list>
<pin id="519" dir="0" index="0" bw="32" slack="0"/>
<pin id="520" dir="0" index="1" bw="1" slack="0"/>
<pin id="521" dir="0" index="2" bw="8" slack="0"/>
<pin id="522" dir="1" index="3" bw="9" slack="0"/>
</pin_list>
<bind>
<opcode="getelementptr(29) " fcode="getelementptr"/>
<opset="conv2_w_addr_21/3 "/>
</bind>
</comp>

<comp id="526" class="1004" name="conv2_w_addr_22_gep_fu_526">
<pin_list>
<pin id="527" dir="0" index="0" bw="32" slack="0"/>
<pin id="528" dir="0" index="1" bw="1" slack="0"/>
<pin id="529" dir="0" index="2" bw="8" slack="0"/>
<pin id="530" dir="1" index="3" bw="9" slack="0"/>
</pin_list>
<bind>
<opcode="getelementptr(29) " fcode="getelementptr"/>
<opset="conv2_w_addr_22/3 "/>
</bind>
</comp>

<comp id="534" class="1004" name="conv2_w_addr_23_gep_fu_534">
<pin_list>
<pin id="535" dir="0" index="0" bw="32" slack="0"/>
<pin id="536" dir="0" index="1" bw="1" slack="0"/>
<pin id="537" dir="0" index="2" bw="8" slack="0"/>
<pin id="538" dir="1" index="3" bw="9" slack="0"/>
</pin_list>
<bind>
<opcode="getelementptr(29) " fcode="getelementptr"/>
<opset="conv2_w_addr_23/3 "/>
</bind>
</comp>

<comp id="542" class="1004" name="layer1_pool_addr_4_gep_fu_542">
<pin_list>
<pin id="543" dir="0" index="0" bw="32" slack="0"/>
<pin id="544" dir="0" index="1" bw="1" slack="0"/>
<pin id="545" dir="0" index="2" bw="12" slack="0"/>
<pin id="546" dir="1" index="3" bw="12" slack="0"/>
</pin_list>
<bind>
<opcode="getelementptr(29) " fcode="getelementptr"/>
<opset="layer1_pool_addr_4/3 "/>
</bind>
</comp>

<comp id="549" class="1004" name="layer1_pool_addr_13_gep_fu_549">
<pin_list>
<pin id="550" dir="0" index="0" bw="32" slack="0"/>
<pin id="551" dir="0" index="1" bw="1" slack="0"/>
<pin id="552" dir="0" index="2" bw="12" slack="0"/>
<pin id="553" dir="1" index="3" bw="12" slack="0"/>
</pin_list>
<bind>
<opcode="getelementptr(29) " fcode="getelementptr"/>
<opset="layer1_pool_addr_13/3 "/>
</bind>
</comp>

<comp id="556" class="1004" name="layer1_pool_addr_14_gep_fu_556">
<pin_list>
<pin id="557" dir="0" index="0" bw="32" slack="0"/>
<pin id="558" dir="0" index="1" bw="1" slack="0"/>
<pin id="559" dir="0" index="2" bw="12" slack="0"/>
<pin id="560" dir="1" index="3" bw="12" slack="0"/>
</pin_list>
<bind>
<opcode="getelementptr(29) " fcode="getelementptr"/>
<opset="layer1_pool_addr_14/3 "/>
</bind>
</comp>

<comp id="563" class="1004" name="layer1_pool_addr_15_gep_fu_563">
<pin_list>
<pin id="564" dir="0" index="0" bw="32" slack="0"/>
<pin id="565" dir="0" index="1" bw="1" slack="0"/>
<pin id="566" dir="0" index="2" bw="12" slack="0"/>
<pin id="567" dir="1" index="3" bw="12" slack="0"/>
</pin_list>
<bind>
<opcode="getelementptr(29) " fcode="getelementptr"/>
<opset="layer1_pool_addr_15/3 "/>
</bind>
</comp>

<comp id="570" class="1004" name="layer1_pool_addr_17_gep_fu_570">
<pin_list>
<pin id="571" dir="0" index="0" bw="32" slack="0"/>
<pin id="572" dir="0" index="1" bw="1" slack="0"/>
<pin id="573" dir="0" index="2" bw="12" slack="0"/>
<pin id="574" dir="1" index="3" bw="12" slack="0"/>
</pin_list>
<bind>
<opcode="getelementptr(29) " fcode="getelementptr"/>
<opset="layer1_pool_addr_17/3 "/>
</bind>
</comp>

<comp id="577" class="1004" name="layer1_pool_addr_18_gep_fu_577">
<pin_list>
<pin id="578" dir="0" index="0" bw="32" slack="0"/>
<pin id="579" dir="0" index="1" bw="1" slack="0"/>
<pin id="580" dir="0" index="2" bw="12" slack="0"/>
<pin id="581" dir="1" index="3" bw="12" slack="0"/>
</pin_list>
<bind>
<opcode="getelementptr(29) " fcode="getelementptr"/>
<opset="layer1_pool_addr_18/3 "/>
</bind>
</comp>

<comp id="584" class="1004" name="layer1_pool_addr_19_gep_fu_584">
<pin_list>
<pin id="585" dir="0" index="0" bw="32" slack="0"/>
<pin id="586" dir="0" index="1" bw="1" slack="0"/>
<pin id="587" dir="0" index="2" bw="12" slack="0"/>
<pin id="588" dir="1" index="3" bw="12" slack="0"/>
</pin_list>
<bind>
<opcode="getelementptr(29) " fcode="getelementptr"/>
<opset="layer1_pool_addr_19/3 "/>
</bind>
</comp>

<comp id="591" class="1004" name="layer1_pool_addr_20_gep_fu_591">
<pin_list>
<pin id="592" dir="0" index="0" bw="32" slack="0"/>
<pin id="593" dir="0" index="1" bw="1" slack="0"/>
<pin id="594" dir="0" index="2" bw="12" slack="0"/>
<pin id="595" dir="1" index="3" bw="12" slack="0"/>
</pin_list>
<bind>
<opcode="getelementptr(29) " fcode="getelementptr"/>
<opset="layer1_pool_addr_20/3 "/>
</bind>
</comp>

<comp id="598" class="1004" name="layer1_pool_addr_21_gep_fu_598">
<pin_list>
<pin id="599" dir="0" index="0" bw="32" slack="0"/>
<pin id="600" dir="0" index="1" bw="1" slack="0"/>
<pin id="601" dir="0" index="2" bw="12" slack="0"/>
<pin id="602" dir="1" index="3" bw="12" slack="0"/>
</pin_list>
<bind>
<opcode="getelementptr(29) " fcode="getelementptr"/>
<opset="layer1_pool_addr_21/3 "/>
</bind>
</comp>

<comp id="605" class="1004" name="layer1_pool_addr_22_gep_fu_605">
<pin_list>
<pin id="606" dir="0" index="0" bw="32" slack="0"/>
<pin id="607" dir="0" index="1" bw="1" slack="0"/>
<pin id="608" dir="0" index="2" bw="12" slack="0"/>
<pin id="609" dir="1" index="3" bw="12" slack="0"/>
</pin_list>
<bind>
<opcode="getelementptr(29) " fcode="getelementptr"/>
<opset="layer1_pool_addr_22/3 "/>
</bind>
</comp>

<comp id="612" class="1004" name="layer1_pool_addr_23_gep_fu_612">
<pin_list>
<pin id="613" dir="0" index="0" bw="32" slack="0"/>
<pin id="614" dir="0" index="1" bw="1" slack="0"/>
<pin id="615" dir="0" index="2" bw="12" slack="0"/>
<pin id="616" dir="1" index="3" bw="12" slack="0"/>
</pin_list>
<bind>
<opcode="getelementptr(29) " fcode="getelementptr"/>
<opset="layer1_pool_addr_23/3 "/>
</bind>
</comp>

<comp id="619" class="1004" name="layer1_pool_addr_24_gep_fu_619">
<pin_list>
<pin id="620" dir="0" index="0" bw="32" slack="0"/>
<pin id="621" dir="0" index="1" bw="1" slack="0"/>
<pin id="622" dir="0" index="2" bw="12" slack="0"/>
<pin id="623" dir="1" index="3" bw="12" slack="0"/>
</pin_list>
<bind>
<opcode="getelementptr(29) " fcode="getelementptr"/>
<opset="layer1_pool_addr_24/3 "/>
</bind>
</comp>

<comp id="638" class="1004" name="conv2_w_addr_24_gep_fu_638">
<pin_list>
<pin id="639" dir="0" index="0" bw="32" slack="0"/>
<pin id="640" dir="0" index="1" bw="1" slack="0"/>
<pin id="641" dir="0" index="2" bw="8" slack="0"/>
<pin id="642" dir="1" index="3" bw="9" slack="0"/>
</pin_list>
<bind>
<opcode="getelementptr(29) " fcode="getelementptr"/>
<opset="conv2_w_addr_24/4 "/>
</bind>
</comp>

<comp id="646" class="1004" name="conv2_w_addr_25_gep_fu_646">
<pin_list>
<pin id="647" dir="0" index="0" bw="32" slack="0"/>
<pin id="648" dir="0" index="1" bw="1" slack="0"/>
<pin id="649" dir="0" index="2" bw="8" slack="0"/>
<pin id="650" dir="1" index="3" bw="9" slack="0"/>
</pin_list>
<bind>
<opcode="getelementptr(29) " fcode="getelementptr"/>
<opset="conv2_w_addr_25/4 "/>
</bind>
</comp>

<comp id="654" class="1004" name="conv2_w_addr_26_gep_fu_654">
<pin_list>
<pin id="655" dir="0" index="0" bw="32" slack="0"/>
<pin id="656" dir="0" index="1" bw="1" slack="0"/>
<pin id="657" dir="0" index="2" bw="8" slack="0"/>
<pin id="658" dir="1" index="3" bw="9" slack="0"/>
</pin_list>
<bind>
<opcode="getelementptr(29) " fcode="getelementptr"/>
<opset="conv2_w_addr_26/4 "/>
</bind>
</comp>

<comp id="662" class="1004" name="conv2_w_addr_27_gep_fu_662">
<pin_list>
<pin id="663" dir="0" index="0" bw="32" slack="0"/>
<pin id="664" dir="0" index="1" bw="1" slack="0"/>
<pin id="665" dir="0" index="2" bw="8" slack="0"/>
<pin id="666" dir="1" index="3" bw="9" slack="0"/>
</pin_list>
<bind>
<opcode="getelementptr(29) " fcode="getelementptr"/>
<opset="conv2_w_addr_27/4 "/>
</bind>
</comp>

<comp id="670" class="1004" name="conv2_w_addr_28_gep_fu_670">
<pin_list>
<pin id="671" dir="0" index="0" bw="32" slack="0"/>
<pin id="672" dir="0" index="1" bw="1" slack="0"/>
<pin id="673" dir="0" index="2" bw="8" slack="0"/>
<pin id="674" dir="1" index="3" bw="9" slack="0"/>
</pin_list>
<bind>
<opcode="getelementptr(29) " fcode="getelementptr"/>
<opset="conv2_w_addr_28/4 "/>
</bind>
</comp>

<comp id="678" class="1004" name="conv2_w_addr_29_gep_fu_678">
<pin_list>
<pin id="679" dir="0" index="0" bw="32" slack="0"/>
<pin id="680" dir="0" index="1" bw="1" slack="0"/>
<pin id="681" dir="0" index="2" bw="8" slack="0"/>
<pin id="682" dir="1" index="3" bw="9" slack="0"/>
</pin_list>
<bind>
<opcode="getelementptr(29) " fcode="getelementptr"/>
<opset="conv2_w_addr_29/4 "/>
</bind>
</comp>

<comp id="686" class="1004" name="conv2_w_addr_30_gep_fu_686">
<pin_list>
<pin id="687" dir="0" index="0" bw="32" slack="0"/>
<pin id="688" dir="0" index="1" bw="1" slack="0"/>
<pin id="689" dir="0" index="2" bw="8" slack="0"/>
<pin id="690" dir="1" index="3" bw="9" slack="0"/>
</pin_list>
<bind>
<opcode="getelementptr(29) " fcode="getelementptr"/>
<opset="conv2_w_addr_30/4 "/>
</bind>
</comp>

<comp id="694" class="1004" name="conv2_w_addr_31_gep_fu_694">
<pin_list>
<pin id="695" dir="0" index="0" bw="32" slack="0"/>
<pin id="696" dir="0" index="1" bw="1" slack="0"/>
<pin id="697" dir="0" index="2" bw="8" slack="0"/>
<pin id="698" dir="1" index="3" bw="9" slack="0"/>
</pin_list>
<bind>
<opcode="getelementptr(29) " fcode="getelementptr"/>
<opset="conv2_w_addr_31/4 "/>
</bind>
</comp>

<comp id="702" class="1004" name="conv2_w_addr_32_gep_fu_702">
<pin_list>
<pin id="703" dir="0" index="0" bw="32" slack="0"/>
<pin id="704" dir="0" index="1" bw="1" slack="0"/>
<pin id="705" dir="0" index="2" bw="9" slack="0"/>
<pin id="706" dir="1" index="3" bw="9" slack="0"/>
</pin_list>
<bind>
<opcode="getelementptr(29) " fcode="getelementptr"/>
<opset="conv2_w_addr_32/4 "/>
</bind>
</comp>

<comp id="710" class="1004" name="conv2_w_addr_33_gep_fu_710">
<pin_list>
<pin id="711" dir="0" index="0" bw="32" slack="0"/>
<pin id="712" dir="0" index="1" bw="1" slack="0"/>
<pin id="713" dir="0" index="2" bw="9" slack="0"/>
<pin id="714" dir="1" index="3" bw="9" slack="0"/>
</pin_list>
<bind>
<opcode="getelementptr(29) " fcode="getelementptr"/>
<opset="conv2_w_addr_33/4 "/>
</bind>
</comp>

<comp id="718" class="1004" name="conv2_w_addr_34_gep_fu_718">
<pin_list>
<pin id="719" dir="0" index="0" bw="32" slack="0"/>
<pin id="720" dir="0" index="1" bw="1" slack="0"/>
<pin id="721" dir="0" index="2" bw="9" slack="0"/>
<pin id="722" dir="1" index="3" bw="9" slack="0"/>
</pin_list>
<bind>
<opcode="getelementptr(29) " fcode="getelementptr"/>
<opset="conv2_w_addr_34/4 "/>
</bind>
</comp>

<comp id="726" class="1004" name="conv2_w_addr_35_gep_fu_726">
<pin_list>
<pin id="727" dir="0" index="0" bw="32" slack="0"/>
<pin id="728" dir="0" index="1" bw="1" slack="0"/>
<pin id="729" dir="0" index="2" bw="9" slack="0"/>
<pin id="730" dir="1" index="3" bw="9" slack="0"/>
</pin_list>
<bind>
<opcode="getelementptr(29) " fcode="getelementptr"/>
<opset="conv2_w_addr_35/4 "/>
</bind>
</comp>

<comp id="734" class="1004" name="layer1_pool_addr_16_gep_fu_734">
<pin_list>
<pin id="735" dir="0" index="0" bw="32" slack="0"/>
<pin id="736" dir="0" index="1" bw="1" slack="0"/>
<pin id="737" dir="0" index="2" bw="12" slack="0"/>
<pin id="738" dir="1" index="3" bw="12" slack="0"/>
</pin_list>
<bind>
<opcode="getelementptr(29) " fcode="getelementptr"/>
<opset="layer1_pool_addr_16/4 "/>
</bind>
</comp>

<comp id="741" class="1004" name="layer1_pool_addr_25_gep_fu_741">
<pin_list>
<pin id="742" dir="0" index="0" bw="32" slack="0"/>
<pin id="743" dir="0" index="1" bw="1" slack="0"/>
<pin id="744" dir="0" index="2" bw="12" slack="0"/>
<pin id="745" dir="1" index="3" bw="12" slack="0"/>
</pin_list>
<bind>
<opcode="getelementptr(29) " fcode="getelementptr"/>
<opset="layer1_pool_addr_25/4 "/>
</bind>
</comp>

<comp id="748" class="1004" name="layer1_pool_addr_26_gep_fu_748">
<pin_list>
<pin id="749" dir="0" index="0" bw="32" slack="0"/>
<pin id="750" dir="0" index="1" bw="1" slack="0"/>
<pin id="751" dir="0" index="2" bw="12" slack="0"/>
<pin id="752" dir="1" index="3" bw="12" slack="0"/>
</pin_list>
<bind>
<opcode="getelementptr(29) " fcode="getelementptr"/>
<opset="layer1_pool_addr_26/4 "/>
</bind>
</comp>

<comp id="755" class="1004" name="layer1_pool_addr_27_gep_fu_755">
<pin_list>
<pin id="756" dir="0" index="0" bw="32" slack="0"/>
<pin id="757" dir="0" index="1" bw="1" slack="0"/>
<pin id="758" dir="0" index="2" bw="12" slack="0"/>
<pin id="759" dir="1" index="3" bw="12" slack="0"/>
</pin_list>
<bind>
<opcode="getelementptr(29) " fcode="getelementptr"/>
<opset="layer1_pool_addr_27/4 "/>
</bind>
</comp>

<comp id="762" class="1004" name="layer1_pool_addr_28_gep_fu_762">
<pin_list>
<pin id="763" dir="0" index="0" bw="32" slack="0"/>
<pin id="764" dir="0" index="1" bw="1" slack="0"/>
<pin id="765" dir="0" index="2" bw="12" slack="0"/>
<pin id="766" dir="1" index="3" bw="12" slack="0"/>
</pin_list>
<bind>
<opcode="getelementptr(29) " fcode="getelementptr"/>
<opset="layer1_pool_addr_28/4 "/>
</bind>
</comp>

<comp id="769" class="1004" name="layer1_pool_addr_29_gep_fu_769">
<pin_list>
<pin id="770" dir="0" index="0" bw="32" slack="0"/>
<pin id="771" dir="0" index="1" bw="1" slack="0"/>
<pin id="772" dir="0" index="2" bw="12" slack="0"/>
<pin id="773" dir="1" index="3" bw="12" slack="0"/>
</pin_list>
<bind>
<opcode="getelementptr(29) " fcode="getelementptr"/>
<opset="layer1_pool_addr_29/4 "/>
</bind>
</comp>

<comp id="776" class="1004" name="layer1_pool_addr_30_gep_fu_776">
<pin_list>
<pin id="777" dir="0" index="0" bw="32" slack="0"/>
<pin id="778" dir="0" index="1" bw="1" slack="0"/>
<pin id="779" dir="0" index="2" bw="12" slack="0"/>
<pin id="780" dir="1" index="3" bw="12" slack="0"/>
</pin_list>
<bind>
<opcode="getelementptr(29) " fcode="getelementptr"/>
<opset="layer1_pool_addr_30/4 "/>
</bind>
</comp>

<comp id="783" class="1004" name="layer1_pool_addr_31_gep_fu_783">
<pin_list>
<pin id="784" dir="0" index="0" bw="32" slack="0"/>
<pin id="785" dir="0" index="1" bw="1" slack="0"/>
<pin id="786" dir="0" index="2" bw="12" slack="0"/>
<pin id="787" dir="1" index="3" bw="12" slack="0"/>
</pin_list>
<bind>
<opcode="getelementptr(29) " fcode="getelementptr"/>
<opset="layer1_pool_addr_31/4 "/>
</bind>
</comp>

<comp id="790" class="1004" name="layer1_pool_addr_32_gep_fu_790">
<pin_list>
<pin id="791" dir="0" index="0" bw="32" slack="0"/>
<pin id="792" dir="0" index="1" bw="1" slack="0"/>
<pin id="793" dir="0" index="2" bw="12" slack="0"/>
<pin id="794" dir="1" index="3" bw="12" slack="0"/>
</pin_list>
<bind>
<opcode="getelementptr(29) " fcode="getelementptr"/>
<opset="layer1_pool_addr_32/4 "/>
</bind>
</comp>

<comp id="797" class="1004" name="layer1_pool_addr_33_gep_fu_797">
<pin_list>
<pin id="798" dir="0" index="0" bw="32" slack="0"/>
<pin id="799" dir="0" index="1" bw="1" slack="0"/>
<pin id="800" dir="0" index="2" bw="12" slack="0"/>
<pin id="801" dir="1" index="3" bw="12" slack="0"/>
</pin_list>
<bind>
<opcode="getelementptr(29) " fcode="getelementptr"/>
<opset="layer1_pool_addr_33/4 "/>
</bind>
</comp>

<comp id="804" class="1004" name="layer1_pool_addr_34_gep_fu_804">
<pin_list>
<pin id="805" dir="0" index="0" bw="32" slack="0"/>
<pin id="806" dir="0" index="1" bw="1" slack="0"/>
<pin id="807" dir="0" index="2" bw="12" slack="0"/>
<pin id="808" dir="1" index="3" bw="12" slack="0"/>
</pin_list>
<bind>
<opcode="getelementptr(29) " fcode="getelementptr"/>
<opset="layer1_pool_addr_34/4 "/>
</bind>
</comp>

<comp id="811" class="1004" name="layer1_pool_addr_35_gep_fu_811">
<pin_list>
<pin id="812" dir="0" index="0" bw="32" slack="0"/>
<pin id="813" dir="0" index="1" bw="1" slack="0"/>
<pin id="814" dir="0" index="2" bw="12" slack="0"/>
<pin id="815" dir="1" index="3" bw="12" slack="0"/>
</pin_list>
<bind>
<opcode="getelementptr(29) " fcode="getelementptr"/>
<opset="layer1_pool_addr_35/4 "/>
</bind>
</comp>

<comp id="830" class="1004" name="conv2_b_addr_gep_fu_830">
<pin_list>
<pin id="831" dir="0" index="0" bw="32" slack="0"/>
<pin id="832" dir="0" index="1" bw="1" slack="0"/>
<pin id="833" dir="0" index="2" bw="4" slack="3"/>
<pin id="834" dir="1" index="3" bw="3" slack="0"/>
</pin_list>
<bind>
<opcode="getelementptr(29) " fcode="getelementptr"/>
<opset="conv2_b_addr/5 "/>
</bind>
</comp>

<comp id="837" class="1004" name="grp_access_fu_837">
<pin_list>
<pin id="838" dir="0" index="0" bw="3" slack="0"/>
<pin id="839" dir="0" index="1" bw="32" slack="2147483647"/>
<pin id="840" dir="0" index="2" bw="0" slack="2147483647"/>
<pin id="841" dir="1" index="3" bw="32" slack="1"/>
</pin_list>
<bind>
<opcode="load(27) " fcode="load"/>
<opset="conv2_b_load/5 "/>
</bind>
</comp>

<comp id="843" class="1004" name="layer2_conv_addr_gep_fu_843">
<pin_list>
<pin id="844" dir="0" index="0" bw="32" slack="0"/>
<pin id="845" dir="0" index="1" bw="1" slack="0"/>
<pin id="846" dir="0" index="2" bw="13" slack="0"/>
<pin id="847" dir="1" index="3" bw="13" slack="0"/>
</pin_list>
<bind>
<opcode="getelementptr(29) " fcode="getelementptr"/>
<opset="layer2_conv_addr/188 "/>
</bind>
</comp>

<comp id="850" class="1004" name="store_ln139_access_fu_850">
<pin_list>
<pin id="851" dir="0" index="0" bw="13" slack="0"/>
<pin id="852" dir="0" index="1" bw="32" slack="0"/>
<pin id="853" dir="0" index="2" bw="0" slack="2147483647"/>
<pin id="854" dir="1" index="3" bw="32" slack="2147483647"/>
</pin_list>
<bind>
<opcode="store(28) " fcode="store"/>
<opset="store_ln139/188 "/>
</bind>
</comp>

<comp id="856" class="1004" name="grp_fu_856">
<pin_list>
<pin id="857" dir="0" index="0" bw="32" slack="1"/>
<pin id="858" dir="0" index="1" bw="32" slack="1"/>
<pin id="859" dir="1" index="2" bw="32" slack="1"/>
</pin_list>
<bind>
<opcode="fadd(9) " fcode="fadd"/>
<opset="sum_9/7 sum_9_0_0_1/12 sum_9_0_0_2/17 "/>
</bind>
</comp>

<comp id="860" class="1004" name="grp_fu_860">
<pin_list>
<pin id="861" dir="0" index="0" bw="32" slack="1"/>
<pin id="862" dir="0" index="1" bw="32" slack="16"/>
<pin id="863" dir="1" index="2" bw="32" slack="1"/>
</pin_list>
<bind>
<opcode="fadd(9) " fcode="fadd"/>
<opset="sum_9_0_0_3/22 sum_9_0_1/27 sum_9_0_1_1/32 "/>
</bind>
</comp>

<comp id="864" class="1004" name="grp_fu_864">
<pin_list>
<pin id="865" dir="0" index="0" bw="32" slack="1"/>
<pin id="866" dir="0" index="1" bw="32" slack="31"/>
<pin id="867" dir="1" index="2" bw="32" slack="1"/>
</pin_list>
<bind>
<opcode="fadd(9) " fcode="fadd"/>
<opset="sum_9_0_1_2/37 sum_9_0_1_3/42 sum_9_0_2/47 "/>
</bind>
</comp>

<comp id="868" class="1004" name="grp_fu_868">
<pin_list>
<pin id="869" dir="0" index="0" bw="32" slack="1"/>
<pin id="870" dir="0" index="1" bw="32" slack="46"/>
<pin id="871" dir="1" index="2" bw="32" slack="1"/>
</pin_list>
<bind>
<opcode="fadd(9) " fcode="fadd"/>
<opset="sum_9_0_2_1/52 sum_9_0_2_2/57 sum_9_0_2_3/62 "/>
</bind>
</comp>

<comp id="872" class="1004" name="grp_fu_872">
<pin_list>
<pin id="873" dir="0" index="0" bw="32" slack="1"/>
<pin id="874" dir="0" index="1" bw="32" slack="60"/>
<pin id="875" dir="1" index="2" bw="32" slack="1"/>
</pin_list>
<bind>
<opcode="fadd(9) " fcode="fadd"/>
<opset="sum_9_1/67 sum_9_1_0_1/72 sum_9_1_0_2/77 "/>
</bind>
</comp>

<comp id="876" class="1004" name="grp_fu_876">
<pin_list>
<pin id="877" dir="0" index="0" bw="32" slack="1"/>
<pin id="878" dir="0" index="1" bw="32" slack="75"/>
<pin id="879" dir="1" index="2" bw="32" slack="1"/>
</pin_list>
<bind>
<opcode="fadd(9) " fcode="fadd"/>
<opset="sum_9_1_0_3/82 sum_9_1_1/87 sum_9_1_1_1/92 "/>
</bind>
</comp>

<comp id="880" class="1004" name="grp_fu_880">
<pin_list>
<pin id="881" dir="0" index="0" bw="32" slack="1"/>
<pin id="882" dir="0" index="1" bw="32" slack="90"/>
<pin id="883" dir="1" index="2" bw="32" slack="1"/>
</pin_list>
<bind>
<opcode="fadd(9) " fcode="fadd"/>
<opset="sum_9_1_1_2/97 sum_9_1_1_3/102 sum_9_1_2/107 "/>
</bind>
</comp>

<comp id="884" class="1004" name="grp_fu_884">
<pin_list>
<pin id="885" dir="0" index="0" bw="32" slack="1"/>
<pin id="886" dir="0" index="1" bw="32" slack="105"/>
<pin id="887" dir="1" index="2" bw="32" slack="1"/>
</pin_list>
<bind>
<opcode="fadd(9) " fcode="fadd"/>
<opset="sum_9_1_2_1/112 sum_9_1_2_2/117 sum_9_1_2_3/122 "/>
</bind>
</comp>

<comp id="888" class="1004" name="grp_fu_888">
<pin_list>
<pin id="889" dir="0" index="0" bw="32" slack="1"/>
<pin id="890" dir="0" index="1" bw="32" slack="119"/>
<pin id="891" dir="1" index="2" bw="32" slack="1"/>
</pin_list>
<bind>
<opcode="fadd(9) " fcode="fadd"/>
<opset="sum_9_2/127 sum_9_2_0_1/132 sum_9_2_0_2/137 "/>
</bind>
</comp>

<comp id="892" class="1004" name="grp_fu_892">
<pin_list>
<pin id="893" dir="0" index="0" bw="32" slack="1"/>
<pin id="894" dir="0" index="1" bw="32" slack="134"/>
<pin id="895" dir="1" index="2" bw="32" slack="1"/>
</pin_list>
<bind>
<opcode="fadd(9) " fcode="fadd"/>
<opset="sum_9_2_0_3/142 sum_9_2_1/147 sum_9_2_1_1/152 "/>
</bind>
</comp>

<comp id="896" class="1004" name="grp_fu_896">
<pin_list>
<pin id="897" dir="0" index="0" bw="32" slack="1"/>
<pin id="898" dir="0" index="1" bw="32" slack="149"/>
<pin id="899" dir="1" index="2" bw="32" slack="1"/>
</pin_list>
<bind>
<opcode="fadd(9) " fcode="fadd"/>
<opset="sum_9_2_1_2/157 sum_9_2_1_3/162 sum_9_2_2/167 "/>
</bind>
</comp>

<comp id="900" class="1004" name="grp_fu_900">
<pin_list>
<pin id="901" dir="0" index="0" bw="32" slack="1"/>
<pin id="902" dir="0" index="1" bw="32" slack="164"/>
<pin id="903" dir="1" index="2" bw="32" slack="1"/>
</pin_list>
<bind>
<opcode="fadd(9) " fcode="fadd"/>
<opset="sum_9_2_2_1/172 sum_9_2_2_2/177 sum_9_2_2_3/182 "/>
</bind>
</comp>

<comp id="904" class="1004" name="grp_fu_904">
<pin_list>
<pin id="905" dir="0" index="0" bw="32" slack="0"/>
<pin id="906" dir="0" index="1" bw="32" slack="0"/>
<pin id="907" dir="1" index="2" bw="32" slack="1"/>
</pin_list>
<bind>
<opcode="fmul(13) " fcode="fmul"/>
<opset="mul3/3 mul3_1/4 mul3_2/5 "/>
</bind>
</comp>

<comp id="910" class="1004" name="grp_fu_910">
<pin_list>
<pin id="911" dir="0" index="0" bw="32" slack="0"/>
<pin id="912" dir="0" index="1" bw="32" slack="0"/>
<pin id="913" dir="1" index="2" bw="32" slack="6"/>
</pin_list>
<bind>
<opcode="fmul(13) " fcode="fmul"/>
<opset="mul3_0_0_1/3 mul3_1_0_1/4 mul3_2_0_1/5 "/>
</bind>
</comp>

<comp id="916" class="1004" name="grp_fu_916">
<pin_list>
<pin id="917" dir="0" index="0" bw="32" slack="0"/>
<pin id="918" dir="0" index="1" bw="32" slack="0"/>
<pin id="919" dir="1" index="2" bw="32" slack="11"/>
</pin_list>
<bind>
<opcode="fmul(13) " fcode="fmul"/>
<opset="mul3_0_0_2/3 mul3_1_0_2/4 mul3_2_0_2/5 "/>
</bind>
</comp>

<comp id="922" class="1004" name="grp_fu_922">
<pin_list>
<pin id="923" dir="0" index="0" bw="32" slack="0"/>
<pin id="924" dir="0" index="1" bw="32" slack="0"/>
<pin id="925" dir="1" index="2" bw="32" slack="16"/>
</pin_list>
<bind>
<opcode="fmul(13) " fcode="fmul"/>
<opset="mul3_0_0_3/3 mul3_1_0_3/4 mul3_2_0_3/5 "/>
</bind>
</comp>

<comp id="928" class="1004" name="grp_fu_928">
<pin_list>
<pin id="929" dir="0" index="0" bw="32" slack="0"/>
<pin id="930" dir="0" index="1" bw="32" slack="0"/>
<pin id="931" dir="1" index="2" bw="32" slack="21"/>
</pin_list>
<bind>
<opcode="fmul(13) " fcode="fmul"/>
<opset="mul3_0_1/3 mul3_1_1/4 mul3_2_1/5 "/>
</bind>
</comp>

<comp id="934" class="1004" name="grp_fu_934">
<pin_list>
<pin id="935" dir="0" index="0" bw="32" slack="0"/>
<pin id="936" dir="0" index="1" bw="32" slack="0"/>
<pin id="937" dir="1" index="2" bw="32" slack="26"/>
</pin_list>
<bind>
<opcode="fmul(13) " fcode="fmul"/>
<opset="mul3_0_1_1/3 mul3_1_1_1/4 mul3_2_1_1/5 "/>
</bind>
</comp>

<comp id="940" class="1004" name="grp_fu_940">
<pin_list>
<pin id="941" dir="0" index="0" bw="32" slack="0"/>
<pin id="942" dir="0" index="1" bw="32" slack="0"/>
<pin id="943" dir="1" index="2" bw="32" slack="31"/>
</pin_list>
<bind>
<opcode="fmul(13) " fcode="fmul"/>
<opset="mul3_0_1_2/3 mul3_1_1_2/4 mul3_2_1_2/5 "/>
</bind>
</comp>

<comp id="946" class="1004" name="grp_fu_946">
<pin_list>
<pin id="947" dir="0" index="0" bw="32" slack="0"/>
<pin id="948" dir="0" index="1" bw="32" slack="0"/>
<pin id="949" dir="1" index="2" bw="32" slack="36"/>
</pin_list>
<bind>
<opcode="fmul(13) " fcode="fmul"/>
<opset="mul3_0_1_3/3 mul3_1_1_3/4 mul3_2_1_3/5 "/>
</bind>
</comp>

<comp id="952" class="1004" name="grp_fu_952">
<pin_list>
<pin id="953" dir="0" index="0" bw="32" slack="0"/>
<pin id="954" dir="0" index="1" bw="32" slack="0"/>
<pin id="955" dir="1" index="2" bw="32" slack="41"/>
</pin_list>
<bind>
<opcode="fmul(13) " fcode="fmul"/>
<opset="mul3_0_2/3 mul3_1_2/4 mul3_2_2/5 "/>
</bind>
</comp>

<comp id="958" class="1004" name="grp_fu_958">
<pin_list>
<pin id="959" dir="0" index="0" bw="32" slack="0"/>
<pin id="960" dir="0" index="1" bw="32" slack="0"/>
<pin id="961" dir="1" index="2" bw="32" slack="46"/>
</pin_list>
<bind>
<opcode="fmul(13) " fcode="fmul"/>
<opset="mul3_0_2_1/3 mul3_1_2_1/4 mul3_2_2_1/5 "/>
</bind>
</comp>

<comp id="964" class="1004" name="grp_fu_964">
<pin_list>
<pin id="965" dir="0" index="0" bw="32" slack="0"/>
<pin id="966" dir="0" index="1" bw="32" slack="0"/>
<pin id="967" dir="1" index="2" bw="32" slack="51"/>
</pin_list>
<bind>
<opcode="fmul(13) " fcode="fmul"/>
<opset="mul3_0_2_2/3 mul3_1_2_2/4 mul3_2_2_2/5 "/>
</bind>
</comp>

<comp id="970" class="1004" name="grp_fu_970">
<pin_list>
<pin id="971" dir="0" index="0" bw="32" slack="0"/>
<pin id="972" dir="0" index="1" bw="32" slack="0"/>
<pin id="973" dir="1" index="2" bw="32" slack="56"/>
</pin_list>
<bind>
<opcode="fmul(13) " fcode="fmul"/>
<opset="mul3_0_2_3/3 mul3_1_2_3/4 mul3_2_2_3/5 "/>
</bind>
</comp>

<comp id="976" class="1004" name="grp_fu_976">
<pin_list>
<pin id="977" dir="0" index="0" bw="32" slack="1"/>
<pin id="978" dir="0" index="1" bw="32" slack="0"/>
<pin id="979" dir="1" index="2" bw="1" slack="0"/>
</pin_list>
<bind>
<opcode="fcmp(46) " fcode="fcmp"/>
<opset="tmp_14/187 "/>
</bind>
</comp>

<comp id="981" class="1004" name="store_ln0_store_fu_981">
<pin_list>
<pin id="982" dir="0" index="0" bw="1" slack="0"/>
<pin id="983" dir="0" index="1" bw="13" slack="0"/>
<pin id="984" dir="1" index="2" bw="0" slack="2147483647"/>
</pin_list>
<bind>
<opcode="store(28) " fcode="store"/>
<opset="store_ln0/1 "/>
</bind>
</comp>

<comp id="986" class="1004" name="store_ln0_store_fu_986">
<pin_list>
<pin id="987" dir="0" index="0" bw="1" slack="0"/>
<pin id="988" dir="0" index="1" bw="4" slack="0"/>
<pin id="989" dir="1" index="2" bw="0" slack="2147483647"/>
</pin_list>
<bind>
<opcode="store(28) " fcode="store"/>
<opset="store_ln0/1 "/>
</bind>
</comp>

<comp id="991" class="1004" name="store_ln0_store_fu_991">
<pin_list>
<pin id="992" dir="0" index="0" bw="1" slack="0"/>
<pin id="993" dir="0" index="1" bw="10" slack="0"/>
<pin id="994" dir="1" index="2" bw="0" slack="2147483647"/>
</pin_list>
<bind>
<opcode="store(28) " fcode="store"/>
<opset="store_ln0/1 "/>
</bind>
</comp>

<comp id="996" class="1004" name="store_ln0_store_fu_996">
<pin_list>
<pin id="997" dir="0" index="0" bw="1" slack="0"/>
<pin id="998" dir="0" index="1" bw="5" slack="0"/>
<pin id="999" dir="1" index="2" bw="0" slack="2147483647"/>
</pin_list>
<bind>
<opcode="store(28) " fcode="store"/>
<opset="store_ln0/1 "/>
</bind>
</comp>

<comp id="1001" class="1004" name="store_ln0_store_fu_1001">
<pin_list>
<pin id="1002" dir="0" index="0" bw="1" slack="0"/>
<pin id="1003" dir="0" index="1" bw="5" slack="0"/>
<pin id="1004" dir="1" index="2" bw="0" slack="2147483647"/>
</pin_list>
<bind>
<opcode="store(28) " fcode="store"/>
<opset="store_ln0/1 "/>
</bind>
</comp>

<comp id="1006" class="1004" name="r_2_load_fu_1006">
<pin_list>
<pin id="1007" dir="0" index="0" bw="5" slack="1"/>
<pin id="1008" dir="1" index="1" bw="5" slack="0"/>
</pin_list>
<bind>
<opcode="load(27) " fcode="load"/>
<opset="r_2/2 "/>
</bind>
</comp>

<comp id="1009" class="1004" name="indvar_flatten111_load_load_fu_1009">
<pin_list>
<pin id="1010" dir="0" index="0" bw="13" slack="1"/>
<pin id="1011" dir="1" index="1" bw="13" slack="0"/>
</pin_list>
<bind>
<opcode="load(27) " fcode="load"/>
<opset="indvar_flatten111_load/2 "/>
</bind>
</comp>

<comp id="1012" class="1004" name="empty_fu_1012">
<pin_list>
<pin id="1013" dir="0" index="0" bw="5" slack="0"/>
<pin id="1014" dir="0" index="1" bw="1" slack="0"/>
<pin id="1015" dir="1" index="2" bw="5" slack="0"/>
</pin_list>
<bind>
<opcode="add(8) " fcode="add"/>
<opset="empty/2 "/>
</bind>
</comp>

<comp id="1018" class="1004" name="empty_32_fu_1018">
<pin_list>
<pin id="1019" dir="0" index="0" bw="5" slack="0"/>
<pin id="1020" dir="0" index="1" bw="3" slack="0"/>
<pin id="1021" dir="1" index="2" bw="5" slack="0"/>
</pin_list>
<bind>
<opcode="add(8) " fcode="add"/>
<opset="empty_32/2 "/>
</bind>
</comp>

<comp id="1024" class="1004" name="icmp_ln121_fu_1024">
<pin_list>
<pin id="1025" dir="0" index="0" bw="13" slack="0"/>
<pin id="1026" dir="0" index="1" bw="12" slack="0"/>
<pin id="1027" dir="1" index="2" bw="1" slack="1"/>
</pin_list>
<bind>
<opcode="icmp(45) " fcode="icmp"/>
<opset="icmp_ln121/2 "/>
</bind>
</comp>

<comp id="1030" class="1004" name="add_ln121_7_fu_1030">
<pin_list>
<pin id="1031" dir="0" index="0" bw="13" slack="0"/>
<pin id="1032" dir="0" index="1" bw="1" slack="0"/>
<pin id="1033" dir="1" index="2" bw="13" slack="0"/>
</pin_list>
<bind>
<opcode="add(8) " fcode="add"/>
<opset="add_ln121_7/2 "/>
</bind>
</comp>

<comp id="1036" class="1004" name="c_load_load_fu_1036">
<pin_list>
<pin id="1037" dir="0" index="0" bw="5" slack="1"/>
<pin id="1038" dir="1" index="1" bw="5" slack="0"/>
</pin_list>
<bind>
<opcode="load(27) " fcode="load"/>
<opset="c_load/2 "/>
</bind>
</comp>

<comp id="1039" class="1004" name="indvar_flatten52_load_load_fu_1039">
<pin_list>
<pin id="1040" dir="0" index="0" bw="10" slack="1"/>
<pin id="1041" dir="1" index="1" bw="10" slack="0"/>
</pin_list>
<bind>
<opcode="load(27) " fcode="load"/>
<opset="indvar_flatten52_load/2 "/>
</bind>
</comp>

<comp id="1042" class="1004" name="f_load_load_fu_1042">
<pin_list>
<pin id="1043" dir="0" index="0" bw="4" slack="1"/>
<pin id="1044" dir="1" index="1" bw="4" slack="0"/>
</pin_list>
<bind>
<opcode="load(27) " fcode="load"/>
<opset="f_load/2 "/>
</bind>
</comp>

<comp id="1045" class="1004" name="add_ln121_fu_1045">
<pin_list>
<pin id="1046" dir="0" index="0" bw="4" slack="0"/>
<pin id="1047" dir="0" index="1" bw="1" slack="0"/>
<pin id="1048" dir="1" index="2" bw="4" slack="0"/>
</pin_list>
<bind>
<opcode="add(8) " fcode="add"/>
<opset="add_ln121/2 "/>
</bind>
</comp>

<comp id="1051" class="1004" name="icmp_ln122_fu_1051">
<pin_list>
<pin id="1052" dir="0" index="0" bw="10" slack="0"/>
<pin id="1053" dir="0" index="1" bw="9" slack="0"/>
<pin id="1054" dir="1" index="2" bw="1" slack="0"/>
</pin_list>
<bind>
<opcode="icmp(45) " fcode="icmp"/>
<opset="icmp_ln122/2 "/>
</bind>
</comp>

<comp id="1057" class="1004" name="select_ln121_fu_1057">
<pin_list>
<pin id="1058" dir="0" index="0" bw="1" slack="0"/>
<pin id="1059" dir="0" index="1" bw="1" slack="0"/>
<pin id="1060" dir="0" index="2" bw="5" slack="0"/>
<pin id="1061" dir="1" index="3" bw="5" slack="0"/>
</pin_list>
<bind>
<opcode="select(49) " fcode="select"/>
<opset="select_ln121/2 "/>
</bind>
</comp>

<comp id="1065" class="1004" name="select_ln121_1_fu_1065">
<pin_list>
<pin id="1066" dir="0" index="0" bw="1" slack="0"/>
<pin id="1067" dir="0" index="1" bw="4" slack="0"/>
<pin id="1068" dir="0" index="2" bw="4" slack="0"/>
<pin id="1069" dir="1" index="3" bw="4" slack="0"/>
</pin_list>
<bind>
<opcode="select(49) " fcode="select"/>
<opset="select_ln121_1/2 "/>
</bind>
</comp>

<comp id="1073" class="1004" name="zext_ln121_fu_1073">
<pin_list>
<pin id="1074" dir="0" index="0" bw="4" slack="0"/>
<pin id="1075" dir="1" index="1" bw="64" slack="0"/>
</pin_list>
<bind>
<opcode="zext(34) " fcode="zext"/>
<opset="zext_ln121/2 "/>
</bind>
</comp>

<comp id="1078" class="1004" name="add_ln133_fu_1078">
<pin_list>
<pin id="1079" dir="0" index="0" bw="4" slack="0"/>
<pin id="1080" dir="0" index="1" bw="4" slack="0"/>
<pin id="1081" dir="1" index="2" bw="4" slack="0"/>
</pin_list>
<bind>
<opcode="add(8) " fcode="add"/>
<opset="add_ln133/2 "/>
</bind>
</comp>

<comp id="1084" class="1004" name="xor_ln133_fu_1084">
<pin_list>
<pin id="1085" dir="0" index="0" bw="4" slack="0"/>
<pin id="1086" dir="0" index="1" bw="4" slack="0"/>
<pin id="1087" dir="1" index="2" bw="4" slack="0"/>
</pin_list>
<bind>
<opcode="xor(25) " fcode="xor"/>
<opset="xor_ln133/2 "/>
</bind>
</comp>

<comp id="1090" class="1004" name="select_ln121_2_fu_1090">
<pin_list>
<pin id="1091" dir="0" index="0" bw="1" slack="0"/>
<pin id="1092" dir="0" index="1" bw="4" slack="0"/>
<pin id="1093" dir="0" index="2" bw="4" slack="0"/>
<pin id="1094" dir="1" index="3" bw="4" slack="0"/>
</pin_list>
<bind>
<opcode="select(49) " fcode="select"/>
<opset="select_ln121_2/2 "/>
</bind>
</comp>

<comp id="1098" class="1004" name="zext_ln121_2_fu_1098">
<pin_list>
<pin id="1099" dir="0" index="0" bw="4" slack="0"/>
<pin id="1100" dir="1" index="1" bw="64" slack="0"/>
</pin_list>
<bind>
<opcode="zext(34) " fcode="zext"/>
<opset="zext_ln121_2/2 "/>
</bind>
</comp>

<comp id="1103" class="1004" name="or_ln133_mid1_fu_1103">
<pin_list>
<pin id="1104" dir="0" index="0" bw="5" slack="0"/>
<pin id="1105" dir="0" index="1" bw="1" slack="0"/>
<pin id="1106" dir="0" index="2" bw="4" slack="0"/>
<pin id="1107" dir="1" index="3" bw="5" slack="0"/>
</pin_list>
<bind>
<opcode="bitconcatenate(1004) " fcode="bitconcatenate"/>
<opset="or_ln133_mid1/2 "/>
</bind>
</comp>

<comp id="1111" class="1004" name="or_ln_fu_1111">
<pin_list>
<pin id="1112" dir="0" index="0" bw="5" slack="0"/>
<pin id="1113" dir="0" index="1" bw="1" slack="0"/>
<pin id="1114" dir="0" index="2" bw="4" slack="0"/>
<pin id="1115" dir="1" index="3" bw="5" slack="0"/>
</pin_list>
<bind>
<opcode="bitconcatenate(1004) " fcode="bitconcatenate"/>
<opset="or_ln/2 "/>
</bind>
</comp>

<comp id="1119" class="1004" name="select_ln121_3_fu_1119">
<pin_list>
<pin id="1120" dir="0" index="0" bw="1" slack="0"/>
<pin id="1121" dir="0" index="1" bw="5" slack="0"/>
<pin id="1122" dir="0" index="2" bw="5" slack="0"/>
<pin id="1123" dir="1" index="3" bw="5" slack="0"/>
</pin_list>
<bind>
<opcode="select(49) " fcode="select"/>
<opset="select_ln121_3/2 "/>
</bind>
</comp>

<comp id="1127" class="1004" name="zext_ln121_3_fu_1127">
<pin_list>
<pin id="1128" dir="0" index="0" bw="5" slack="0"/>
<pin id="1129" dir="1" index="1" bw="64" slack="0"/>
</pin_list>
<bind>
<opcode="zext(34) " fcode="zext"/>
<opset="zext_ln121_3/2 "/>
</bind>
</comp>

<comp id="1132" class="1004" name="sext_ln121_fu_1132">
<pin_list>
<pin id="1133" dir="0" index="0" bw="4" slack="0"/>
<pin id="1134" dir="1" index="1" bw="5" slack="0"/>
</pin_list>
<bind>
<opcode="sext(35) " fcode="sext"/>
<opset="sext_ln121/2 "/>
</bind>
</comp>

<comp id="1136" class="1004" name="zext_ln121_4_fu_1136">
<pin_list>
<pin id="1137" dir="0" index="0" bw="4" slack="0"/>
<pin id="1138" dir="1" index="1" bw="64" slack="0"/>
</pin_list>
<bind>
<opcode="zext(34) " fcode="zext"/>
<opset="zext_ln121_4/2 "/>
</bind>
</comp>

<comp id="1141" class="1004" name="or_ln133_1_mid1_fu_1141">
<pin_list>
<pin id="1142" dir="0" index="0" bw="6" slack="0"/>
<pin id="1143" dir="0" index="1" bw="2" slack="0"/>
<pin id="1144" dir="0" index="2" bw="4" slack="0"/>
<pin id="1145" dir="1" index="3" bw="6" slack="0"/>
</pin_list>
<bind>
<opcode="bitconcatenate(1004) " fcode="bitconcatenate"/>
<opset="or_ln133_1_mid1/2 "/>
</bind>
</comp>

<comp id="1149" class="1004" name="or_ln133_s_fu_1149">
<pin_list>
<pin id="1150" dir="0" index="0" bw="6" slack="0"/>
<pin id="1151" dir="0" index="1" bw="2" slack="0"/>
<pin id="1152" dir="0" index="2" bw="4" slack="0"/>
<pin id="1153" dir="1" index="3" bw="6" slack="0"/>
</pin_list>
<bind>
<opcode="bitconcatenate(1004) " fcode="bitconcatenate"/>
<opset="or_ln133_s/2 "/>
</bind>
</comp>

<comp id="1157" class="1004" name="select_ln121_4_fu_1157">
<pin_list>
<pin id="1158" dir="0" index="0" bw="1" slack="0"/>
<pin id="1159" dir="0" index="1" bw="6" slack="0"/>
<pin id="1160" dir="0" index="2" bw="6" slack="0"/>
<pin id="1161" dir="1" index="3" bw="6" slack="0"/>
</pin_list>
<bind>
<opcode="select(49) " fcode="select"/>
<opset="select_ln121_4/2 "/>
</bind>
</comp>

<comp id="1165" class="1004" name="zext_ln121_5_fu_1165">
<pin_list>
<pin id="1166" dir="0" index="0" bw="6" slack="0"/>
<pin id="1167" dir="1" index="1" bw="64" slack="0"/>
</pin_list>
<bind>
<opcode="zext(34) " fcode="zext"/>
<opset="zext_ln121_5/2 "/>
</bind>
</comp>

<comp id="1170" class="1004" name="zext_ln121_6_fu_1170">
<pin_list>
<pin id="1171" dir="0" index="0" bw="4" slack="0"/>
<pin id="1172" dir="1" index="1" bw="6" slack="0"/>
</pin_list>
<bind>
<opcode="zext(34) " fcode="zext"/>
<opset="zext_ln121_6/2 "/>
</bind>
</comp>

<comp id="1174" class="1004" name="add_ln121_8_fu_1174">
<pin_list>
<pin id="1175" dir="0" index="0" bw="4" slack="0"/>
<pin id="1176" dir="0" index="1" bw="6" slack="0"/>
<pin id="1177" dir="1" index="2" bw="6" slack="0"/>
</pin_list>
<bind>
<opcode="add(8) " fcode="add"/>
<opset="add_ln121_8/2 "/>
</bind>
</comp>

<comp id="1180" class="1004" name="zext_ln121_7_fu_1180">
<pin_list>
<pin id="1181" dir="0" index="0" bw="6" slack="0"/>
<pin id="1182" dir="1" index="1" bw="64" slack="0"/>
</pin_list>
<bind>
<opcode="zext(34) " fcode="zext"/>
<opset="zext_ln121_7/2 "/>
</bind>
</comp>

<comp id="1185" class="1004" name="sext_ln121_1_fu_1185">
<pin_list>
<pin id="1186" dir="0" index="0" bw="5" slack="0"/>
<pin id="1187" dir="1" index="1" bw="6" slack="0"/>
</pin_list>
<bind>
<opcode="sext(35) " fcode="sext"/>
<opset="sext_ln121_1/2 "/>
</bind>
</comp>

<comp id="1189" class="1004" name="zext_ln121_8_fu_1189">
<pin_list>
<pin id="1190" dir="0" index="0" bw="5" slack="0"/>
<pin id="1191" dir="1" index="1" bw="64" slack="0"/>
</pin_list>
<bind>
<opcode="zext(34) " fcode="zext"/>
<opset="zext_ln121_8/2 "/>
</bind>
</comp>

<comp id="1194" class="1004" name="sext_ln121_2_fu_1194">
<pin_list>
<pin id="1195" dir="0" index="0" bw="4" slack="0"/>
<pin id="1196" dir="1" index="1" bw="6" slack="0"/>
</pin_list>
<bind>
<opcode="sext(35) " fcode="sext"/>
<opset="sext_ln121_2/2 "/>
</bind>
</comp>

<comp id="1198" class="1004" name="zext_ln121_9_fu_1198">
<pin_list>
<pin id="1199" dir="0" index="0" bw="4" slack="0"/>
<pin id="1200" dir="1" index="1" bw="64" slack="0"/>
</pin_list>
<bind>
<opcode="zext(34) " fcode="zext"/>
<opset="zext_ln121_9/2 "/>
</bind>
</comp>

<comp id="1203" class="1004" name="or_ln133_3_mid1_fu_1203">
<pin_list>
<pin id="1204" dir="0" index="0" bw="7" slack="0"/>
<pin id="1205" dir="0" index="1" bw="3" slack="0"/>
<pin id="1206" dir="0" index="2" bw="4" slack="0"/>
<pin id="1207" dir="1" index="3" bw="7" slack="0"/>
</pin_list>
<bind>
<opcode="bitconcatenate(1004) " fcode="bitconcatenate"/>
<opset="or_ln133_3_mid1/2 "/>
</bind>
</comp>

<comp id="1211" class="1004" name="or_ln133_1_fu_1211">
<pin_list>
<pin id="1212" dir="0" index="0" bw="7" slack="0"/>
<pin id="1213" dir="0" index="1" bw="3" slack="0"/>
<pin id="1214" dir="0" index="2" bw="4" slack="0"/>
<pin id="1215" dir="1" index="3" bw="7" slack="0"/>
</pin_list>
<bind>
<opcode="bitconcatenate(1004) " fcode="bitconcatenate"/>
<opset="or_ln133_1/2 "/>
</bind>
</comp>

<comp id="1219" class="1004" name="select_ln121_5_fu_1219">
<pin_list>
<pin id="1220" dir="0" index="0" bw="1" slack="0"/>
<pin id="1221" dir="0" index="1" bw="7" slack="0"/>
<pin id="1222" dir="0" index="2" bw="7" slack="0"/>
<pin id="1223" dir="1" index="3" bw="7" slack="0"/>
</pin_list>
<bind>
<opcode="select(49) " fcode="select"/>
<opset="select_ln121_5/2 "/>
</bind>
</comp>

<comp id="1227" class="1004" name="zext_ln121_10_fu_1227">
<pin_list>
<pin id="1228" dir="0" index="0" bw="7" slack="0"/>
<pin id="1229" dir="1" index="1" bw="64" slack="0"/>
</pin_list>
<bind>
<opcode="zext(34) " fcode="zext"/>
<opset="zext_ln121_10/2 "/>
</bind>
</comp>

<comp id="1232" class="1004" name="zext_ln121_11_fu_1232">
<pin_list>
<pin id="1233" dir="0" index="0" bw="4" slack="0"/>
<pin id="1234" dir="1" index="1" bw="7" slack="0"/>
</pin_list>
<bind>
<opcode="zext(34) " fcode="zext"/>
<opset="zext_ln121_11/2 "/>
</bind>
</comp>

<comp id="1236" class="1004" name="add_ln121_9_fu_1236">
<pin_list>
<pin id="1237" dir="0" index="0" bw="4" slack="0"/>
<pin id="1238" dir="0" index="1" bw="7" slack="0"/>
<pin id="1239" dir="1" index="2" bw="7" slack="0"/>
</pin_list>
<bind>
<opcode="add(8) " fcode="add"/>
<opset="add_ln121_9/2 "/>
</bind>
</comp>

<comp id="1242" class="1004" name="zext_ln121_12_fu_1242">
<pin_list>
<pin id="1243" dir="0" index="0" bw="7" slack="0"/>
<pin id="1244" dir="1" index="1" bw="64" slack="0"/>
</pin_list>
<bind>
<opcode="zext(34) " fcode="zext"/>
<opset="zext_ln121_12/2 "/>
</bind>
</comp>

<comp id="1247" class="1004" name="or_ln133_4_mid1_fu_1247">
<pin_list>
<pin id="1248" dir="0" index="0" bw="7" slack="0"/>
<pin id="1249" dir="0" index="1" bw="3" slack="0"/>
<pin id="1250" dir="0" index="2" bw="4" slack="0"/>
<pin id="1251" dir="1" index="3" bw="7" slack="0"/>
</pin_list>
<bind>
<opcode="bitconcatenate(1004) " fcode="bitconcatenate"/>
<opset="or_ln133_4_mid1/2 "/>
</bind>
</comp>

<comp id="1255" class="1004" name="or_ln133_2_fu_1255">
<pin_list>
<pin id="1256" dir="0" index="0" bw="7" slack="0"/>
<pin id="1257" dir="0" index="1" bw="3" slack="0"/>
<pin id="1258" dir="0" index="2" bw="4" slack="0"/>
<pin id="1259" dir="1" index="3" bw="7" slack="0"/>
</pin_list>
<bind>
<opcode="bitconcatenate(1004) " fcode="bitconcatenate"/>
<opset="or_ln133_2/2 "/>
</bind>
</comp>

<comp id="1263" class="1004" name="select_ln121_6_fu_1263">
<pin_list>
<pin id="1264" dir="0" index="0" bw="1" slack="0"/>
<pin id="1265" dir="0" index="1" bw="7" slack="0"/>
<pin id="1266" dir="0" index="2" bw="7" slack="0"/>
<pin id="1267" dir="1" index="3" bw="7" slack="0"/>
</pin_list>
<bind>
<opcode="select(49) " fcode="select"/>
<opset="select_ln121_6/2 "/>
</bind>
</comp>

<comp id="1271" class="1004" name="zext_ln121_13_fu_1271">
<pin_list>
<pin id="1272" dir="0" index="0" bw="7" slack="0"/>
<pin id="1273" dir="1" index="1" bw="64" slack="0"/>
</pin_list>
<bind>
<opcode="zext(34) " fcode="zext"/>
<opset="zext_ln121_13/2 "/>
</bind>
</comp>

<comp id="1276" class="1004" name="add_ln121_10_fu_1276">
<pin_list>
<pin id="1277" dir="0" index="0" bw="4" slack="0"/>
<pin id="1278" dir="0" index="1" bw="7" slack="0"/>
<pin id="1279" dir="1" index="2" bw="7" slack="0"/>
</pin_list>
<bind>
<opcode="add(8) " fcode="add"/>
<opset="add_ln121_10/2 "/>
</bind>
</comp>

<comp id="1282" class="1004" name="zext_ln121_14_fu_1282">
<pin_list>
<pin id="1283" dir="0" index="0" bw="7" slack="0"/>
<pin id="1284" dir="1" index="1" bw="64" slack="0"/>
</pin_list>
<bind>
<opcode="zext(34) " fcode="zext"/>
<opset="zext_ln121_14/2 "/>
</bind>
</comp>

<comp id="1287" class="1004" name="select_ln121_13_fu_1287">
<pin_list>
<pin id="1288" dir="0" index="0" bw="1" slack="0"/>
<pin id="1289" dir="0" index="1" bw="1" slack="0"/>
<pin id="1290" dir="0" index="2" bw="5" slack="0"/>
<pin id="1291" dir="1" index="3" bw="5" slack="0"/>
</pin_list>
<bind>
<opcode="select(49) " fcode="select"/>
<opset="select_ln121_13/2 "/>
</bind>
</comp>

<comp id="1295" class="1004" name="select_ln121_14_fu_1295">
<pin_list>
<pin id="1296" dir="0" index="0" bw="1" slack="0"/>
<pin id="1297" dir="0" index="1" bw="3" slack="0"/>
<pin id="1298" dir="0" index="2" bw="5" slack="0"/>
<pin id="1299" dir="1" index="3" bw="5" slack="0"/>
</pin_list>
<bind>
<opcode="select(49) " fcode="select"/>
<opset="select_ln121_14/2 "/>
</bind>
</comp>

<comp id="1303" class="1004" name="xor_ln121_fu_1303">
<pin_list>
<pin id="1304" dir="0" index="0" bw="1" slack="0"/>
<pin id="1305" dir="0" index="1" bw="1" slack="0"/>
<pin id="1306" dir="1" index="2" bw="1" slack="0"/>
</pin_list>
<bind>
<opcode="xor(25) " fcode="xor"/>
<opset="xor_ln121/2 "/>
</bind>
</comp>

<comp id="1309" class="1004" name="icmp_ln123_fu_1309">
<pin_list>
<pin id="1310" dir="0" index="0" bw="5" slack="0"/>
<pin id="1311" dir="0" index="1" bw="3" slack="0"/>
<pin id="1312" dir="1" index="2" bw="1" slack="0"/>
</pin_list>
<bind>
<opcode="icmp(45) " fcode="icmp"/>
<opset="icmp_ln123/2 "/>
</bind>
</comp>

<comp id="1315" class="1004" name="and_ln121_fu_1315">
<pin_list>
<pin id="1316" dir="0" index="0" bw="1" slack="0"/>
<pin id="1317" dir="0" index="1" bw="1" slack="0"/>
<pin id="1318" dir="1" index="2" bw="1" slack="0"/>
</pin_list>
<bind>
<opcode="and(23) " fcode="and"/>
<opset="and_ln121/2 "/>
</bind>
</comp>

<comp id="1321" class="1004" name="p_dup45_fu_1321">
<pin_list>
<pin id="1322" dir="0" index="0" bw="5" slack="0"/>
<pin id="1323" dir="0" index="1" bw="1" slack="0"/>
<pin id="1324" dir="1" index="2" bw="5" slack="0"/>
</pin_list>
<bind>
<opcode="add(8) " fcode="add"/>
<opset="p_dup45/2 "/>
</bind>
</comp>

<comp id="1327" class="1004" name="or_ln122_fu_1327">
<pin_list>
<pin id="1328" dir="0" index="0" bw="1" slack="0"/>
<pin id="1329" dir="0" index="1" bw="1" slack="0"/>
<pin id="1330" dir="1" index="2" bw="1" slack="0"/>
</pin_list>
<bind>
<opcode="or(24) " fcode="or"/>
<opset="or_ln122/2 "/>
</bind>
</comp>

<comp id="1333" class="1004" name="select_ln122_fu_1333">
<pin_list>
<pin id="1334" dir="0" index="0" bw="1" slack="0"/>
<pin id="1335" dir="0" index="1" bw="1" slack="0"/>
<pin id="1336" dir="0" index="2" bw="5" slack="0"/>
<pin id="1337" dir="1" index="3" bw="5" slack="0"/>
</pin_list>
<bind>
<opcode="select(49) " fcode="select"/>
<opset="select_ln122/2 "/>
</bind>
</comp>

<comp id="1341" class="1004" name="select_ln122_1_fu_1341">
<pin_list>
<pin id="1342" dir="0" index="0" bw="1" slack="0"/>
<pin id="1343" dir="0" index="1" bw="5" slack="0"/>
<pin id="1344" dir="0" index="2" bw="5" slack="0"/>
<pin id="1345" dir="1" index="3" bw="5" slack="0"/>
</pin_list>
<bind>
<opcode="select(49) " fcode="select"/>
<opset="select_ln122_1/2 "/>
</bind>
</comp>

<comp id="1349" class="1004" name="zext_ln135_fu_1349">
<pin_list>
<pin id="1350" dir="0" index="0" bw="5" slack="0"/>
<pin id="1351" dir="1" index="1" bw="10" slack="0"/>
</pin_list>
<bind>
<opcode="zext(34) " fcode="zext"/>
<opset="zext_ln135/2 "/>
</bind>
</comp>

<comp id="1353" class="1004" name="zext_ln135_1_fu_1353">
<pin_list>
<pin id="1354" dir="0" index="0" bw="5" slack="0"/>
<pin id="1355" dir="1" index="1" bw="62" slack="0"/>
</pin_list>
<bind>
<opcode="zext(34) " fcode="zext"/>
<opset="zext_ln135_1/2 "/>
</bind>
</comp>

<comp id="1357" class="1004" name="tmp_fu_1357">
<pin_list>
<pin id="1358" dir="0" index="0" bw="10" slack="0"/>
<pin id="1359" dir="0" index="1" bw="5" slack="0"/>
<pin id="1360" dir="0" index="2" bw="1" slack="0"/>
<pin id="1361" dir="1" index="3" bw="10" slack="0"/>
</pin_list>
<bind>
<opcode="bitconcatenate(1004) " fcode="bitconcatenate"/>
<opset="tmp/2 "/>
</bind>
</comp>

<comp id="1365" class="1004" name="zext_ln135_2_fu_1365">
<pin_list>
<pin id="1366" dir="0" index="0" bw="10" slack="0"/>
<pin id="1367" dir="1" index="1" bw="62" slack="0"/>
</pin_list>
<bind>
<opcode="zext(34) " fcode="zext"/>
<opset="zext_ln135_2/2 "/>
</bind>
</comp>

<comp id="1369" class="1004" name="sub_ln135_fu_1369">
<pin_list>
<pin id="1370" dir="0" index="0" bw="10" slack="0"/>
<pin id="1371" dir="0" index="1" bw="5" slack="0"/>
<pin id="1372" dir="1" index="2" bw="62" slack="0"/>
</pin_list>
<bind>
<opcode="sub(10) " fcode="sub"/>
<opset="sub_ln135/2 "/>
</bind>
</comp>

<comp id="1375" class="1004" name="p_mid148_fu_1375">
<pin_list>
<pin id="1376" dir="0" index="0" bw="5" slack="0"/>
<pin id="1377" dir="0" index="1" bw="3" slack="0"/>
<pin id="1378" dir="1" index="2" bw="5" slack="0"/>
</pin_list>
<bind>
<opcode="add(8) " fcode="add"/>
<opset="p_mid148/2 "/>
</bind>
</comp>

<comp id="1381" class="1004" name="select_ln122_2_fu_1381">
<pin_list>
<pin id="1382" dir="0" index="0" bw="1" slack="0"/>
<pin id="1383" dir="0" index="1" bw="5" slack="0"/>
<pin id="1384" dir="0" index="2" bw="5" slack="0"/>
<pin id="1385" dir="1" index="3" bw="5" slack="1"/>
</pin_list>
<bind>
<opcode="select(49) " fcode="select"/>
<opset="select_ln122_2/2 "/>
</bind>
</comp>

<comp id="1389" class="1004" name="p_mid150_fu_1389">
<pin_list>
<pin id="1390" dir="0" index="0" bw="5" slack="0"/>
<pin id="1391" dir="0" index="1" bw="3" slack="0"/>
<pin id="1392" dir="1" index="2" bw="5" slack="0"/>
</pin_list>
<bind>
<opcode="add(8) " fcode="add"/>
<opset="p_mid150/2 "/>
</bind>
</comp>

<comp id="1395" class="1004" name="select_ln122_3_fu_1395">
<pin_list>
<pin id="1396" dir="0" index="0" bw="1" slack="0"/>
<pin id="1397" dir="0" index="1" bw="5" slack="0"/>
<pin id="1398" dir="0" index="2" bw="5" slack="0"/>
<pin id="1399" dir="1" index="3" bw="5" slack="2"/>
</pin_list>
<bind>
<opcode="select(49) " fcode="select"/>
<opset="select_ln122_3/2 "/>
</bind>
</comp>

<comp id="1403" class="1004" name="trunc_ln135_fu_1403">
<pin_list>
<pin id="1404" dir="0" index="0" bw="11" slack="0"/>
<pin id="1405" dir="1" index="1" bw="10" slack="0"/>
</pin_list>
<bind>
<opcode="trunc(33) " fcode="trunc"/>
<opset="trunc_ln135/2 "/>
</bind>
</comp>

<comp id="1407" class="1004" name="zext_ln135_8_fu_1407">
<pin_list>
<pin id="1408" dir="0" index="0" bw="5" slack="0"/>
<pin id="1409" dir="1" index="1" bw="10" slack="0"/>
</pin_list>
<bind>
<opcode="zext(34) " fcode="zext"/>
<opset="zext_ln135_8/2 "/>
</bind>
</comp>

<comp id="1411" class="1004" name="add_ln135_fu_1411">
<pin_list>
<pin id="1412" dir="0" index="0" bw="10" slack="0"/>
<pin id="1413" dir="0" index="1" bw="5" slack="0"/>
<pin id="1414" dir="1" index="2" bw="10" slack="0"/>
</pin_list>
<bind>
<opcode="add(8) " fcode="add"/>
<opset="add_ln135/2 "/>
</bind>
</comp>

<comp id="1417" class="1004" name="tmp_s_fu_1417">
<pin_list>
<pin id="1418" dir="0" index="0" bw="12" slack="0"/>
<pin id="1419" dir="0" index="1" bw="10" slack="0"/>
<pin id="1420" dir="0" index="2" bw="1" slack="0"/>
<pin id="1421" dir="1" index="3" bw="12" slack="0"/>
</pin_list>
<bind>
<opcode="bitconcatenate(1004) " fcode="bitconcatenate"/>
<opset="tmp_s/2 "/>
</bind>
</comp>

<comp id="1425" class="1004" name="zext_ln135_9_fu_1425">
<pin_list>
<pin id="1426" dir="0" index="0" bw="12" slack="0"/>
<pin id="1427" dir="1" index="1" bw="64" slack="0"/>
</pin_list>
<bind>
<opcode="zext(34) " fcode="zext"/>
<opset="zext_ln135_9/2 "/>
</bind>
</comp>

<comp id="1430" class="1004" name="or_ln135_fu_1430">
<pin_list>
<pin id="1431" dir="0" index="0" bw="12" slack="0"/>
<pin id="1432" dir="0" index="1" bw="1" slack="0"/>
<pin id="1433" dir="1" index="2" bw="12" slack="0"/>
</pin_list>
<bind>
<opcode="or(24) " fcode="or"/>
<opset="or_ln135/2 "/>
</bind>
</comp>

<comp id="1436" class="1004" name="zext_ln135_10_fu_1436">
<pin_list>
<pin id="1437" dir="0" index="0" bw="12" slack="0"/>
<pin id="1438" dir="1" index="1" bw="64" slack="0"/>
</pin_list>
<bind>
<opcode="zext(34) " fcode="zext"/>
<opset="zext_ln135_10/2 "/>
</bind>
</comp>

<comp id="1441" class="1004" name="or_ln135_1_fu_1441">
<pin_list>
<pin id="1442" dir="0" index="0" bw="12" slack="0"/>
<pin id="1443" dir="0" index="1" bw="3" slack="0"/>
<pin id="1444" dir="1" index="2" bw="12" slack="0"/>
</pin_list>
<bind>
<opcode="or(24) " fcode="or"/>
<opset="or_ln135_1/2 "/>
</bind>
</comp>

<comp id="1447" class="1004" name="zext_ln135_11_fu_1447">
<pin_list>
<pin id="1448" dir="0" index="0" bw="12" slack="0"/>
<pin id="1449" dir="1" index="1" bw="64" slack="0"/>
</pin_list>
<bind>
<opcode="zext(34) " fcode="zext"/>
<opset="zext_ln135_11/2 "/>
</bind>
</comp>

<comp id="1452" class="1004" name="or_ln135_2_fu_1452">
<pin_list>
<pin id="1453" dir="0" index="0" bw="12" slack="0"/>
<pin id="1454" dir="0" index="1" bw="3" slack="0"/>
<pin id="1455" dir="1" index="2" bw="12" slack="0"/>
</pin_list>
<bind>
<opcode="or(24) " fcode="or"/>
<opset="or_ln135_2/2 "/>
</bind>
</comp>

<comp id="1458" class="1004" name="zext_ln135_12_fu_1458">
<pin_list>
<pin id="1459" dir="0" index="0" bw="12" slack="0"/>
<pin id="1460" dir="1" index="1" bw="64" slack="0"/>
</pin_list>
<bind>
<opcode="zext(34) " fcode="zext"/>
<opset="zext_ln135_12/2 "/>
</bind>
</comp>

<comp id="1463" class="1004" name="empty_34_fu_1463">
<pin_list>
<pin id="1464" dir="0" index="0" bw="5" slack="0"/>
<pin id="1465" dir="0" index="1" bw="1" slack="0"/>
<pin id="1466" dir="1" index="2" bw="5" slack="0"/>
</pin_list>
<bind>
<opcode="add(8) " fcode="add"/>
<opset="empty_34/2 "/>
</bind>
</comp>

<comp id="1469" class="1004" name="trunc_ln135_3_fu_1469">
<pin_list>
<pin id="1470" dir="0" index="0" bw="11" slack="0"/>
<pin id="1471" dir="1" index="1" bw="10" slack="0"/>
</pin_list>
<bind>
<opcode="trunc(33) " fcode="trunc"/>
<opset="trunc_ln135_3/2 "/>
</bind>
</comp>

<comp id="1473" class="1004" name="zext_ln135_23_fu_1473">
<pin_list>
<pin id="1474" dir="0" index="0" bw="5" slack="0"/>
<pin id="1475" dir="1" index="1" bw="10" slack="0"/>
</pin_list>
<bind>
<opcode="zext(34) " fcode="zext"/>
<opset="zext_ln135_23/2 "/>
</bind>
</comp>

<comp id="1477" class="1004" name="add_ln135_3_fu_1477">
<pin_list>
<pin id="1478" dir="0" index="0" bw="10" slack="0"/>
<pin id="1479" dir="0" index="1" bw="5" slack="0"/>
<pin id="1480" dir="1" index="2" bw="10" slack="0"/>
</pin_list>
<bind>
<opcode="add(8) " fcode="add"/>
<opset="add_ln135_3/2 "/>
</bind>
</comp>

<comp id="1483" class="1004" name="tmp_27_fu_1483">
<pin_list>
<pin id="1484" dir="0" index="0" bw="12" slack="0"/>
<pin id="1485" dir="0" index="1" bw="10" slack="0"/>
<pin id="1486" dir="0" index="2" bw="1" slack="0"/>
<pin id="1487" dir="1" index="3" bw="12" slack="0"/>
</pin_list>
<bind>
<opcode="bitconcatenate(1004) " fcode="bitconcatenate"/>
<opset="tmp_27/2 "/>
</bind>
</comp>

<comp id="1491" class="1004" name="zext_ln135_24_fu_1491">
<pin_list>
<pin id="1492" dir="0" index="0" bw="12" slack="0"/>
<pin id="1493" dir="1" index="1" bw="64" slack="0"/>
</pin_list>
<bind>
<opcode="zext(34) " fcode="zext"/>
<opset="zext_ln135_24/2 "/>
</bind>
</comp>

<comp id="1496" class="1004" name="or_ln135_9_fu_1496">
<pin_list>
<pin id="1497" dir="0" index="0" bw="12" slack="0"/>
<pin id="1498" dir="0" index="1" bw="1" slack="0"/>
<pin id="1499" dir="1" index="2" bw="12" slack="0"/>
</pin_list>
<bind>
<opcode="or(24) " fcode="or"/>
<opset="or_ln135_9/2 "/>
</bind>
</comp>

<comp id="1502" class="1004" name="zext_ln135_25_fu_1502">
<pin_list>
<pin id="1503" dir="0" index="0" bw="12" slack="0"/>
<pin id="1504" dir="1" index="1" bw="64" slack="0"/>
</pin_list>
<bind>
<opcode="zext(34) " fcode="zext"/>
<opset="zext_ln135_25/2 "/>
</bind>
</comp>

<comp id="1507" class="1004" name="or_ln135_10_fu_1507">
<pin_list>
<pin id="1508" dir="0" index="0" bw="12" slack="0"/>
<pin id="1509" dir="0" index="1" bw="3" slack="0"/>
<pin id="1510" dir="1" index="2" bw="12" slack="0"/>
</pin_list>
<bind>
<opcode="or(24) " fcode="or"/>
<opset="or_ln135_10/2 "/>
</bind>
</comp>

<comp id="1513" class="1004" name="zext_ln135_26_fu_1513">
<pin_list>
<pin id="1514" dir="0" index="0" bw="12" slack="0"/>
<pin id="1515" dir="1" index="1" bw="64" slack="0"/>
</pin_list>
<bind>
<opcode="zext(34) " fcode="zext"/>
<opset="zext_ln135_26/2 "/>
</bind>
</comp>

<comp id="1518" class="1004" name="or_ln135_11_fu_1518">
<pin_list>
<pin id="1519" dir="0" index="0" bw="12" slack="0"/>
<pin id="1520" dir="0" index="1" bw="3" slack="0"/>
<pin id="1521" dir="1" index="2" bw="12" slack="0"/>
</pin_list>
<bind>
<opcode="or(24) " fcode="or"/>
<opset="or_ln135_11/2 "/>
</bind>
</comp>

<comp id="1524" class="1004" name="zext_ln135_27_fu_1524">
<pin_list>
<pin id="1525" dir="0" index="0" bw="12" slack="0"/>
<pin id="1526" dir="1" index="1" bw="64" slack="0"/>
</pin_list>
<bind>
<opcode="zext(34) " fcode="zext"/>
<opset="zext_ln135_27/2 "/>
</bind>
</comp>

<comp id="1529" class="1004" name="empty_35_fu_1529">
<pin_list>
<pin id="1530" dir="0" index="0" bw="5" slack="0"/>
<pin id="1531" dir="0" index="1" bw="3" slack="0"/>
<pin id="1532" dir="1" index="2" bw="5" slack="0"/>
</pin_list>
<bind>
<opcode="add(8) " fcode="add"/>
<opset="empty_35/2 "/>
</bind>
</comp>

<comp id="1535" class="1004" name="trunc_ln135_6_fu_1535">
<pin_list>
<pin id="1536" dir="0" index="0" bw="11" slack="0"/>
<pin id="1537" dir="1" index="1" bw="10" slack="0"/>
</pin_list>
<bind>
<opcode="trunc(33) " fcode="trunc"/>
<opset="trunc_ln135_6/2 "/>
</bind>
</comp>

<comp id="1539" class="1004" name="zext_ln135_38_fu_1539">
<pin_list>
<pin id="1540" dir="0" index="0" bw="5" slack="0"/>
<pin id="1541" dir="1" index="1" bw="10" slack="0"/>
</pin_list>
<bind>
<opcode="zext(34) " fcode="zext"/>
<opset="zext_ln135_38/2 "/>
</bind>
</comp>

<comp id="1543" class="1004" name="add_ln135_6_fu_1543">
<pin_list>
<pin id="1544" dir="0" index="0" bw="10" slack="0"/>
<pin id="1545" dir="0" index="1" bw="5" slack="0"/>
<pin id="1546" dir="1" index="2" bw="10" slack="0"/>
</pin_list>
<bind>
<opcode="add(8) " fcode="add"/>
<opset="add_ln135_6/2 "/>
</bind>
</comp>

<comp id="1549" class="1004" name="tmp_30_fu_1549">
<pin_list>
<pin id="1550" dir="0" index="0" bw="12" slack="0"/>
<pin id="1551" dir="0" index="1" bw="10" slack="0"/>
<pin id="1552" dir="0" index="2" bw="1" slack="0"/>
<pin id="1553" dir="1" index="3" bw="12" slack="0"/>
</pin_list>
<bind>
<opcode="bitconcatenate(1004) " fcode="bitconcatenate"/>
<opset="tmp_30/2 "/>
</bind>
</comp>

<comp id="1557" class="1004" name="zext_ln135_39_fu_1557">
<pin_list>
<pin id="1558" dir="0" index="0" bw="12" slack="0"/>
<pin id="1559" dir="1" index="1" bw="64" slack="0"/>
</pin_list>
<bind>
<opcode="zext(34) " fcode="zext"/>
<opset="zext_ln135_39/2 "/>
</bind>
</comp>

<comp id="1562" class="1004" name="or_ln135_18_fu_1562">
<pin_list>
<pin id="1563" dir="0" index="0" bw="12" slack="0"/>
<pin id="1564" dir="0" index="1" bw="1" slack="0"/>
<pin id="1565" dir="1" index="2" bw="12" slack="0"/>
</pin_list>
<bind>
<opcode="or(24) " fcode="or"/>
<opset="or_ln135_18/2 "/>
</bind>
</comp>

<comp id="1568" class="1004" name="zext_ln135_40_fu_1568">
<pin_list>
<pin id="1569" dir="0" index="0" bw="12" slack="0"/>
<pin id="1570" dir="1" index="1" bw="64" slack="0"/>
</pin_list>
<bind>
<opcode="zext(34) " fcode="zext"/>
<opset="zext_ln135_40/2 "/>
</bind>
</comp>

<comp id="1573" class="1004" name="or_ln135_19_fu_1573">
<pin_list>
<pin id="1574" dir="0" index="0" bw="12" slack="0"/>
<pin id="1575" dir="0" index="1" bw="3" slack="0"/>
<pin id="1576" dir="1" index="2" bw="12" slack="0"/>
</pin_list>
<bind>
<opcode="or(24) " fcode="or"/>
<opset="or_ln135_19/2 "/>
</bind>
</comp>

<comp id="1579" class="1004" name="zext_ln135_41_fu_1579">
<pin_list>
<pin id="1580" dir="0" index="0" bw="12" slack="0"/>
<pin id="1581" dir="1" index="1" bw="64" slack="0"/>
</pin_list>
<bind>
<opcode="zext(34) " fcode="zext"/>
<opset="zext_ln135_41/2 "/>
</bind>
</comp>

<comp id="1584" class="1004" name="or_ln135_20_fu_1584">
<pin_list>
<pin id="1585" dir="0" index="0" bw="12" slack="0"/>
<pin id="1586" dir="0" index="1" bw="3" slack="0"/>
<pin id="1587" dir="1" index="2" bw="12" slack="0"/>
</pin_list>
<bind>
<opcode="or(24) " fcode="or"/>
<opset="or_ln135_20/2 "/>
</bind>
</comp>

<comp id="1590" class="1004" name="zext_ln135_42_fu_1590">
<pin_list>
<pin id="1591" dir="0" index="0" bw="12" slack="0"/>
<pin id="1592" dir="1" index="1" bw="64" slack="0"/>
</pin_list>
<bind>
<opcode="zext(34) " fcode="zext"/>
<opset="zext_ln135_42/2 "/>
</bind>
</comp>

<comp id="1595" class="1004" name="add_ln122_fu_1595">
<pin_list>
<pin id="1596" dir="0" index="0" bw="10" slack="0"/>
<pin id="1597" dir="0" index="1" bw="1" slack="0"/>
<pin id="1598" dir="1" index="2" bw="10" slack="0"/>
</pin_list>
<bind>
<opcode="add(8) " fcode="add"/>
<opset="add_ln122/2 "/>
</bind>
</comp>

<comp id="1601" class="1004" name="select_ln122_4_fu_1601">
<pin_list>
<pin id="1602" dir="0" index="0" bw="1" slack="0"/>
<pin id="1603" dir="0" index="1" bw="1" slack="0"/>
<pin id="1604" dir="0" index="2" bw="10" slack="0"/>
<pin id="1605" dir="1" index="3" bw="10" slack="0"/>
</pin_list>
<bind>
<opcode="select(49) " fcode="select"/>
<opset="select_ln122_4/2 "/>
</bind>
</comp>

<comp id="1609" class="1004" name="store_ln123_store_fu_1609">
<pin_list>
<pin id="1610" dir="0" index="0" bw="13" slack="0"/>
<pin id="1611" dir="0" index="1" bw="13" slack="1"/>
<pin id="1612" dir="1" index="2" bw="0" slack="2147483647"/>
</pin_list>
<bind>
<opcode="store(28) " fcode="store"/>
<opset="store_ln123/2 "/>
</bind>
</comp>

<comp id="1614" class="1004" name="store_ln123_store_fu_1614">
<pin_list>
<pin id="1615" dir="0" index="0" bw="4" slack="0"/>
<pin id="1616" dir="0" index="1" bw="4" slack="1"/>
<pin id="1617" dir="1" index="2" bw="0" slack="2147483647"/>
</pin_list>
<bind>
<opcode="store(28) " fcode="store"/>
<opset="store_ln123/2 "/>
</bind>
</comp>

<comp id="1619" class="1004" name="store_ln123_store_fu_1619">
<pin_list>
<pin id="1620" dir="0" index="0" bw="10" slack="0"/>
<pin id="1621" dir="0" index="1" bw="10" slack="1"/>
<pin id="1622" dir="1" index="2" bw="0" slack="2147483647"/>
</pin_list>
<bind>
<opcode="store(28) " fcode="store"/>
<opset="store_ln123/2 "/>
</bind>
</comp>

<comp id="1624" class="1004" name="store_ln123_store_fu_1624">
<pin_list>
<pin id="1625" dir="0" index="0" bw="5" slack="0"/>
<pin id="1626" dir="0" index="1" bw="5" slack="1"/>
<pin id="1627" dir="1" index="2" bw="0" slack="2147483647"/>
</pin_list>
<bind>
<opcode="store(28) " fcode="store"/>
<opset="store_ln123/2 "/>
</bind>
</comp>

<comp id="1629" class="1004" name="store_ln123_store_fu_1629">
<pin_list>
<pin id="1630" dir="0" index="0" bw="5" slack="0"/>
<pin id="1631" dir="0" index="1" bw="5" slack="1"/>
<pin id="1632" dir="1" index="2" bw="0" slack="2147483647"/>
</pin_list>
<bind>
<opcode="store(28) " fcode="store"/>
<opset="store_ln123/2 "/>
</bind>
</comp>

<comp id="1634" class="1004" name="sext_ln121_3_fu_1634">
<pin_list>
<pin id="1635" dir="0" index="0" bw="6" slack="1"/>
<pin id="1636" dir="1" index="1" bw="7" slack="0"/>
</pin_list>
<bind>
<opcode="sext(35) " fcode="sext"/>
<opset="sext_ln121_3/3 "/>
</bind>
</comp>

<comp id="1637" class="1004" name="zext_ln121_15_fu_1637">
<pin_list>
<pin id="1638" dir="0" index="0" bw="6" slack="0"/>
<pin id="1639" dir="1" index="1" bw="64" slack="0"/>
</pin_list>
<bind>
<opcode="zext(34) " fcode="zext"/>
<opset="zext_ln121_15/3 "/>
</bind>
</comp>

<comp id="1642" class="1004" name="sext_ln121_4_fu_1642">
<pin_list>
<pin id="1643" dir="0" index="0" bw="6" slack="1"/>
<pin id="1644" dir="1" index="1" bw="7" slack="0"/>
</pin_list>
<bind>
<opcode="sext(35) " fcode="sext"/>
<opset="sext_ln121_4/3 "/>
</bind>
</comp>

<comp id="1645" class="1004" name="zext_ln121_16_fu_1645">
<pin_list>
<pin id="1646" dir="0" index="0" bw="6" slack="0"/>
<pin id="1647" dir="1" index="1" bw="64" slack="0"/>
</pin_list>
<bind>
<opcode="zext(34) " fcode="zext"/>
<opset="zext_ln121_16/3 "/>
</bind>
</comp>

<comp id="1650" class="1004" name="sext_ln121_5_fu_1650">
<pin_list>
<pin id="1651" dir="0" index="0" bw="5" slack="1"/>
<pin id="1652" dir="1" index="1" bw="7" slack="0"/>
</pin_list>
<bind>
<opcode="sext(35) " fcode="sext"/>
<opset="sext_ln121_5/3 "/>
</bind>
</comp>

<comp id="1653" class="1004" name="zext_ln121_17_fu_1653">
<pin_list>
<pin id="1654" dir="0" index="0" bw="5" slack="0"/>
<pin id="1655" dir="1" index="1" bw="64" slack="0"/>
</pin_list>
<bind>
<opcode="zext(34) " fcode="zext"/>
<opset="zext_ln121_17/3 "/>
</bind>
</comp>

<comp id="1658" class="1004" name="sext_ln121_6_fu_1658">
<pin_list>
<pin id="1659" dir="0" index="0" bw="4" slack="1"/>
<pin id="1660" dir="1" index="1" bw="7" slack="0"/>
</pin_list>
<bind>
<opcode="sext(35) " fcode="sext"/>
<opset="sext_ln121_6/3 "/>
</bind>
</comp>

<comp id="1661" class="1004" name="zext_ln121_18_fu_1661">
<pin_list>
<pin id="1662" dir="0" index="0" bw="4" slack="0"/>
<pin id="1663" dir="1" index="1" bw="64" slack="0"/>
</pin_list>
<bind>
<opcode="zext(34) " fcode="zext"/>
<opset="zext_ln121_18/3 "/>
</bind>
</comp>

<comp id="1666" class="1004" name="or_ln133_7_mid1_fu_1666">
<pin_list>
<pin id="1667" dir="0" index="0" bw="8" slack="0"/>
<pin id="1668" dir="0" index="1" bw="4" slack="0"/>
<pin id="1669" dir="0" index="2" bw="4" slack="1"/>
<pin id="1670" dir="1" index="3" bw="8" slack="0"/>
</pin_list>
<bind>
<opcode="bitconcatenate(1004) " fcode="bitconcatenate"/>
<opset="or_ln133_7_mid1/3 "/>
</bind>
</comp>

<comp id="1673" class="1004" name="or_ln133_3_fu_1673">
<pin_list>
<pin id="1674" dir="0" index="0" bw="8" slack="0"/>
<pin id="1675" dir="0" index="1" bw="4" slack="0"/>
<pin id="1676" dir="0" index="2" bw="4" slack="1"/>
<pin id="1677" dir="1" index="3" bw="8" slack="0"/>
</pin_list>
<bind>
<opcode="bitconcatenate(1004) " fcode="bitconcatenate"/>
<opset="or_ln133_3/3 "/>
</bind>
</comp>

<comp id="1680" class="1004" name="select_ln121_7_fu_1680">
<pin_list>
<pin id="1681" dir="0" index="0" bw="1" slack="1"/>
<pin id="1682" dir="0" index="1" bw="8" slack="0"/>
<pin id="1683" dir="0" index="2" bw="8" slack="0"/>
<pin id="1684" dir="1" index="3" bw="8" slack="0"/>
</pin_list>
<bind>
<opcode="select(49) " fcode="select"/>
<opset="select_ln121_7/3 "/>
</bind>
</comp>

<comp id="1687" class="1004" name="zext_ln121_19_fu_1687">
<pin_list>
<pin id="1688" dir="0" index="0" bw="8" slack="0"/>
<pin id="1689" dir="1" index="1" bw="64" slack="0"/>
</pin_list>
<bind>
<opcode="zext(34) " fcode="zext"/>
<opset="zext_ln121_19/3 "/>
</bind>
</comp>

<comp id="1692" class="1004" name="zext_ln121_20_fu_1692">
<pin_list>
<pin id="1693" dir="0" index="0" bw="4" slack="1"/>
<pin id="1694" dir="1" index="1" bw="8" slack="0"/>
</pin_list>
<bind>
<opcode="zext(34) " fcode="zext"/>
<opset="zext_ln121_20/3 "/>
</bind>
</comp>

<comp id="1695" class="1004" name="add_ln121_1_fu_1695">
<pin_list>
<pin id="1696" dir="0" index="0" bw="4" slack="0"/>
<pin id="1697" dir="0" index="1" bw="8" slack="0"/>
<pin id="1698" dir="1" index="2" bw="8" slack="0"/>
</pin_list>
<bind>
<opcode="add(8) " fcode="add"/>
<opset="add_ln121_1/3 "/>
</bind>
</comp>

<comp id="1701" class="1004" name="zext_ln121_21_fu_1701">
<pin_list>
<pin id="1702" dir="0" index="0" bw="8" slack="0"/>
<pin id="1703" dir="1" index="1" bw="64" slack="0"/>
</pin_list>
<bind>
<opcode="zext(34) " fcode="zext"/>
<opset="zext_ln121_21/3 "/>
</bind>
</comp>

<comp id="1706" class="1004" name="or_ln133_8_mid1_fu_1706">
<pin_list>
<pin id="1707" dir="0" index="0" bw="8" slack="0"/>
<pin id="1708" dir="0" index="1" bw="4" slack="0"/>
<pin id="1709" dir="0" index="2" bw="4" slack="1"/>
<pin id="1710" dir="1" index="3" bw="8" slack="0"/>
</pin_list>
<bind>
<opcode="bitconcatenate(1004) " fcode="bitconcatenate"/>
<opset="or_ln133_8_mid1/3 "/>
</bind>
</comp>

<comp id="1713" class="1004" name="or_ln133_4_fu_1713">
<pin_list>
<pin id="1714" dir="0" index="0" bw="8" slack="0"/>
<pin id="1715" dir="0" index="1" bw="4" slack="0"/>
<pin id="1716" dir="0" index="2" bw="4" slack="1"/>
<pin id="1717" dir="1" index="3" bw="8" slack="0"/>
</pin_list>
<bind>
<opcode="bitconcatenate(1004) " fcode="bitconcatenate"/>
<opset="or_ln133_4/3 "/>
</bind>
</comp>

<comp id="1720" class="1004" name="select_ln121_8_fu_1720">
<pin_list>
<pin id="1721" dir="0" index="0" bw="1" slack="1"/>
<pin id="1722" dir="0" index="1" bw="8" slack="0"/>
<pin id="1723" dir="0" index="2" bw="8" slack="0"/>
<pin id="1724" dir="1" index="3" bw="8" slack="0"/>
</pin_list>
<bind>
<opcode="select(49) " fcode="select"/>
<opset="select_ln121_8/3 "/>
</bind>
</comp>

<comp id="1727" class="1004" name="zext_ln121_22_fu_1727">
<pin_list>
<pin id="1728" dir="0" index="0" bw="8" slack="0"/>
<pin id="1729" dir="1" index="1" bw="64" slack="0"/>
</pin_list>
<bind>
<opcode="zext(34) " fcode="zext"/>
<opset="zext_ln121_22/3 "/>
</bind>
</comp>

<comp id="1732" class="1004" name="add_ln121_2_fu_1732">
<pin_list>
<pin id="1733" dir="0" index="0" bw="4" slack="0"/>
<pin id="1734" dir="0" index="1" bw="8" slack="0"/>
<pin id="1735" dir="1" index="2" bw="8" slack="0"/>
</pin_list>
<bind>
<opcode="add(8) " fcode="add"/>
<opset="add_ln121_2/3 "/>
</bind>
</comp>

<comp id="1738" class="1004" name="zext_ln121_23_fu_1738">
<pin_list>
<pin id="1739" dir="0" index="0" bw="8" slack="0"/>
<pin id="1740" dir="1" index="1" bw="64" slack="0"/>
</pin_list>
<bind>
<opcode="zext(34) " fcode="zext"/>
<opset="zext_ln121_23/3 "/>
</bind>
</comp>

<comp id="1743" class="1004" name="or_ln133_9_mid1_fu_1743">
<pin_list>
<pin id="1744" dir="0" index="0" bw="8" slack="0"/>
<pin id="1745" dir="0" index="1" bw="4" slack="0"/>
<pin id="1746" dir="0" index="2" bw="4" slack="1"/>
<pin id="1747" dir="1" index="3" bw="8" slack="0"/>
</pin_list>
<bind>
<opcode="bitconcatenate(1004) " fcode="bitconcatenate"/>
<opset="or_ln133_9_mid1/3 "/>
</bind>
</comp>

<comp id="1750" class="1004" name="or_ln133_5_fu_1750">
<pin_list>
<pin id="1751" dir="0" index="0" bw="8" slack="0"/>
<pin id="1752" dir="0" index="1" bw="4" slack="0"/>
<pin id="1753" dir="0" index="2" bw="4" slack="1"/>
<pin id="1754" dir="1" index="3" bw="8" slack="0"/>
</pin_list>
<bind>
<opcode="bitconcatenate(1004) " fcode="bitconcatenate"/>
<opset="or_ln133_5/3 "/>
</bind>
</comp>

<comp id="1757" class="1004" name="select_ln121_9_fu_1757">
<pin_list>
<pin id="1758" dir="0" index="0" bw="1" slack="1"/>
<pin id="1759" dir="0" index="1" bw="8" slack="0"/>
<pin id="1760" dir="0" index="2" bw="8" slack="0"/>
<pin id="1761" dir="1" index="3" bw="8" slack="0"/>
</pin_list>
<bind>
<opcode="select(49) " fcode="select"/>
<opset="select_ln121_9/3 "/>
</bind>
</comp>

<comp id="1764" class="1004" name="zext_ln121_24_fu_1764">
<pin_list>
<pin id="1765" dir="0" index="0" bw="8" slack="0"/>
<pin id="1766" dir="1" index="1" bw="64" slack="0"/>
</pin_list>
<bind>
<opcode="zext(34) " fcode="zext"/>
<opset="zext_ln121_24/3 "/>
</bind>
</comp>

<comp id="1769" class="1004" name="add_ln121_3_fu_1769">
<pin_list>
<pin id="1770" dir="0" index="0" bw="4" slack="0"/>
<pin id="1771" dir="0" index="1" bw="8" slack="0"/>
<pin id="1772" dir="1" index="2" bw="8" slack="0"/>
</pin_list>
<bind>
<opcode="add(8) " fcode="add"/>
<opset="add_ln121_3/3 "/>
</bind>
</comp>

<comp id="1775" class="1004" name="zext_ln121_25_fu_1775">
<pin_list>
<pin id="1776" dir="0" index="0" bw="8" slack="0"/>
<pin id="1777" dir="1" index="1" bw="64" slack="0"/>
</pin_list>
<bind>
<opcode="zext(34) " fcode="zext"/>
<opset="zext_ln121_25/3 "/>
</bind>
</comp>

<comp id="1780" class="1004" name="or_ln133_10_mid1_fu_1780">
<pin_list>
<pin id="1781" dir="0" index="0" bw="8" slack="0"/>
<pin id="1782" dir="0" index="1" bw="4" slack="0"/>
<pin id="1783" dir="0" index="2" bw="4" slack="1"/>
<pin id="1784" dir="1" index="3" bw="8" slack="0"/>
</pin_list>
<bind>
<opcode="bitconcatenate(1004) " fcode="bitconcatenate"/>
<opset="or_ln133_10_mid1/3 "/>
</bind>
</comp>

<comp id="1787" class="1004" name="or_ln133_6_fu_1787">
<pin_list>
<pin id="1788" dir="0" index="0" bw="8" slack="0"/>
<pin id="1789" dir="0" index="1" bw="4" slack="0"/>
<pin id="1790" dir="0" index="2" bw="4" slack="1"/>
<pin id="1791" dir="1" index="3" bw="8" slack="0"/>
</pin_list>
<bind>
<opcode="bitconcatenate(1004) " fcode="bitconcatenate"/>
<opset="or_ln133_6/3 "/>
</bind>
</comp>

<comp id="1794" class="1004" name="select_ln121_10_fu_1794">
<pin_list>
<pin id="1795" dir="0" index="0" bw="1" slack="1"/>
<pin id="1796" dir="0" index="1" bw="8" slack="0"/>
<pin id="1797" dir="0" index="2" bw="8" slack="0"/>
<pin id="1798" dir="1" index="3" bw="8" slack="0"/>
</pin_list>
<bind>
<opcode="select(49) " fcode="select"/>
<opset="select_ln121_10/3 "/>
</bind>
</comp>

<comp id="1801" class="1004" name="zext_ln121_26_fu_1801">
<pin_list>
<pin id="1802" dir="0" index="0" bw="8" slack="0"/>
<pin id="1803" dir="1" index="1" bw="64" slack="0"/>
</pin_list>
<bind>
<opcode="zext(34) " fcode="zext"/>
<opset="zext_ln121_26/3 "/>
</bind>
</comp>

<comp id="1806" class="1004" name="add_ln121_4_fu_1806">
<pin_list>
<pin id="1807" dir="0" index="0" bw="4" slack="0"/>
<pin id="1808" dir="0" index="1" bw="8" slack="0"/>
<pin id="1809" dir="1" index="2" bw="8" slack="0"/>
</pin_list>
<bind>
<opcode="add(8) " fcode="add"/>
<opset="add_ln121_4/3 "/>
</bind>
</comp>

<comp id="1812" class="1004" name="zext_ln121_27_fu_1812">
<pin_list>
<pin id="1813" dir="0" index="0" bw="8" slack="0"/>
<pin id="1814" dir="1" index="1" bw="64" slack="0"/>
</pin_list>
<bind>
<opcode="zext(34) " fcode="zext"/>
<opset="zext_ln121_27/3 "/>
</bind>
</comp>

<comp id="1817" class="1004" name="zext_ln135_3_fu_1817">
<pin_list>
<pin id="1818" dir="0" index="0" bw="5" slack="1"/>
<pin id="1819" dir="1" index="1" bw="62" slack="0"/>
</pin_list>
<bind>
<opcode="zext(34) " fcode="zext"/>
<opset="zext_ln135_3/3 "/>
</bind>
</comp>

<comp id="1820" class="1004" name="tmp_2_fu_1820">
<pin_list>
<pin id="1821" dir="0" index="0" bw="10" slack="0"/>
<pin id="1822" dir="0" index="1" bw="5" slack="1"/>
<pin id="1823" dir="0" index="2" bw="1" slack="0"/>
<pin id="1824" dir="1" index="3" bw="10" slack="0"/>
</pin_list>
<bind>
<opcode="bitconcatenate(1004) " fcode="bitconcatenate"/>
<opset="tmp_2/3 "/>
</bind>
</comp>

<comp id="1827" class="1004" name="zext_ln135_4_fu_1827">
<pin_list>
<pin id="1828" dir="0" index="0" bw="10" slack="0"/>
<pin id="1829" dir="1" index="1" bw="62" slack="0"/>
</pin_list>
<bind>
<opcode="zext(34) " fcode="zext"/>
<opset="zext_ln135_4/3 "/>
</bind>
</comp>

<comp id="1831" class="1004" name="sub_ln135_1_fu_1831">
<pin_list>
<pin id="1832" dir="0" index="0" bw="10" slack="0"/>
<pin id="1833" dir="0" index="1" bw="5" slack="0"/>
<pin id="1834" dir="1" index="2" bw="62" slack="0"/>
</pin_list>
<bind>
<opcode="sub(10) " fcode="sub"/>
<opset="sub_ln135_1/3 "/>
</bind>
</comp>

<comp id="1837" class="1004" name="trunc_ln135_1_fu_1837">
<pin_list>
<pin id="1838" dir="0" index="0" bw="11" slack="0"/>
<pin id="1839" dir="1" index="1" bw="10" slack="0"/>
</pin_list>
<bind>
<opcode="trunc(33) " fcode="trunc"/>
<opset="trunc_ln135_1/3 "/>
</bind>
</comp>

<comp id="1841" class="1004" name="zext_ln135_13_fu_1841">
<pin_list>
<pin id="1842" dir="0" index="0" bw="5" slack="1"/>
<pin id="1843" dir="1" index="1" bw="10" slack="0"/>
</pin_list>
<bind>
<opcode="zext(34) " fcode="zext"/>
<opset="zext_ln135_13/3 "/>
</bind>
</comp>

<comp id="1844" class="1004" name="add_ln135_1_fu_1844">
<pin_list>
<pin id="1845" dir="0" index="0" bw="10" slack="0"/>
<pin id="1846" dir="0" index="1" bw="5" slack="0"/>
<pin id="1847" dir="1" index="2" bw="10" slack="0"/>
</pin_list>
<bind>
<opcode="add(8) " fcode="add"/>
<opset="add_ln135_1/3 "/>
</bind>
</comp>

<comp id="1850" class="1004" name="tmp_24_fu_1850">
<pin_list>
<pin id="1851" dir="0" index="0" bw="12" slack="0"/>
<pin id="1852" dir="0" index="1" bw="10" slack="0"/>
<pin id="1853" dir="0" index="2" bw="1" slack="0"/>
<pin id="1854" dir="1" index="3" bw="12" slack="0"/>
</pin_list>
<bind>
<opcode="bitconcatenate(1004) " fcode="bitconcatenate"/>
<opset="tmp_24/3 "/>
</bind>
</comp>

<comp id="1858" class="1004" name="zext_ln135_14_fu_1858">
<pin_list>
<pin id="1859" dir="0" index="0" bw="12" slack="0"/>
<pin id="1860" dir="1" index="1" bw="64" slack="0"/>
</pin_list>
<bind>
<opcode="zext(34) " fcode="zext"/>
<opset="zext_ln135_14/3 "/>
</bind>
</comp>

<comp id="1863" class="1004" name="or_ln135_3_fu_1863">
<pin_list>
<pin id="1864" dir="0" index="0" bw="12" slack="0"/>
<pin id="1865" dir="0" index="1" bw="1" slack="0"/>
<pin id="1866" dir="1" index="2" bw="12" slack="0"/>
</pin_list>
<bind>
<opcode="or(24) " fcode="or"/>
<opset="or_ln135_3/3 "/>
</bind>
</comp>

<comp id="1869" class="1004" name="zext_ln135_15_fu_1869">
<pin_list>
<pin id="1870" dir="0" index="0" bw="12" slack="0"/>
<pin id="1871" dir="1" index="1" bw="64" slack="0"/>
</pin_list>
<bind>
<opcode="zext(34) " fcode="zext"/>
<opset="zext_ln135_15/3 "/>
</bind>
</comp>

<comp id="1874" class="1004" name="or_ln135_4_fu_1874">
<pin_list>
<pin id="1875" dir="0" index="0" bw="12" slack="0"/>
<pin id="1876" dir="0" index="1" bw="3" slack="0"/>
<pin id="1877" dir="1" index="2" bw="12" slack="0"/>
</pin_list>
<bind>
<opcode="or(24) " fcode="or"/>
<opset="or_ln135_4/3 "/>
</bind>
</comp>

<comp id="1880" class="1004" name="zext_ln135_16_fu_1880">
<pin_list>
<pin id="1881" dir="0" index="0" bw="12" slack="0"/>
<pin id="1882" dir="1" index="1" bw="64" slack="0"/>
</pin_list>
<bind>
<opcode="zext(34) " fcode="zext"/>
<opset="zext_ln135_16/3 "/>
</bind>
</comp>

<comp id="1885" class="1004" name="or_ln135_5_fu_1885">
<pin_list>
<pin id="1886" dir="0" index="0" bw="12" slack="0"/>
<pin id="1887" dir="0" index="1" bw="3" slack="0"/>
<pin id="1888" dir="1" index="2" bw="12" slack="0"/>
</pin_list>
<bind>
<opcode="or(24) " fcode="or"/>
<opset="or_ln135_5/3 "/>
</bind>
</comp>

<comp id="1891" class="1004" name="zext_ln135_17_fu_1891">
<pin_list>
<pin id="1892" dir="0" index="0" bw="12" slack="0"/>
<pin id="1893" dir="1" index="1" bw="64" slack="0"/>
</pin_list>
<bind>
<opcode="zext(34) " fcode="zext"/>
<opset="zext_ln135_17/3 "/>
</bind>
</comp>

<comp id="1896" class="1004" name="trunc_ln135_4_fu_1896">
<pin_list>
<pin id="1897" dir="0" index="0" bw="11" slack="0"/>
<pin id="1898" dir="1" index="1" bw="10" slack="0"/>
</pin_list>
<bind>
<opcode="trunc(33) " fcode="trunc"/>
<opset="trunc_ln135_4/3 "/>
</bind>
</comp>

<comp id="1900" class="1004" name="zext_ln135_28_fu_1900">
<pin_list>
<pin id="1901" dir="0" index="0" bw="5" slack="1"/>
<pin id="1902" dir="1" index="1" bw="10" slack="0"/>
</pin_list>
<bind>
<opcode="zext(34) " fcode="zext"/>
<opset="zext_ln135_28/3 "/>
</bind>
</comp>

<comp id="1903" class="1004" name="add_ln135_4_fu_1903">
<pin_list>
<pin id="1904" dir="0" index="0" bw="10" slack="0"/>
<pin id="1905" dir="0" index="1" bw="5" slack="0"/>
<pin id="1906" dir="1" index="2" bw="10" slack="0"/>
</pin_list>
<bind>
<opcode="add(8) " fcode="add"/>
<opset="add_ln135_4/3 "/>
</bind>
</comp>

<comp id="1909" class="1004" name="tmp_28_fu_1909">
<pin_list>
<pin id="1910" dir="0" index="0" bw="12" slack="0"/>
<pin id="1911" dir="0" index="1" bw="10" slack="0"/>
<pin id="1912" dir="0" index="2" bw="1" slack="0"/>
<pin id="1913" dir="1" index="3" bw="12" slack="0"/>
</pin_list>
<bind>
<opcode="bitconcatenate(1004) " fcode="bitconcatenate"/>
<opset="tmp_28/3 "/>
</bind>
</comp>

<comp id="1917" class="1004" name="zext_ln135_29_fu_1917">
<pin_list>
<pin id="1918" dir="0" index="0" bw="12" slack="0"/>
<pin id="1919" dir="1" index="1" bw="64" slack="0"/>
</pin_list>
<bind>
<opcode="zext(34) " fcode="zext"/>
<opset="zext_ln135_29/3 "/>
</bind>
</comp>

<comp id="1922" class="1004" name="or_ln135_12_fu_1922">
<pin_list>
<pin id="1923" dir="0" index="0" bw="12" slack="0"/>
<pin id="1924" dir="0" index="1" bw="1" slack="0"/>
<pin id="1925" dir="1" index="2" bw="12" slack="0"/>
</pin_list>
<bind>
<opcode="or(24) " fcode="or"/>
<opset="or_ln135_12/3 "/>
</bind>
</comp>

<comp id="1928" class="1004" name="zext_ln135_30_fu_1928">
<pin_list>
<pin id="1929" dir="0" index="0" bw="12" slack="0"/>
<pin id="1930" dir="1" index="1" bw="64" slack="0"/>
</pin_list>
<bind>
<opcode="zext(34) " fcode="zext"/>
<opset="zext_ln135_30/3 "/>
</bind>
</comp>

<comp id="1933" class="1004" name="or_ln135_13_fu_1933">
<pin_list>
<pin id="1934" dir="0" index="0" bw="12" slack="0"/>
<pin id="1935" dir="0" index="1" bw="3" slack="0"/>
<pin id="1936" dir="1" index="2" bw="12" slack="0"/>
</pin_list>
<bind>
<opcode="or(24) " fcode="or"/>
<opset="or_ln135_13/3 "/>
</bind>
</comp>

<comp id="1939" class="1004" name="zext_ln135_31_fu_1939">
<pin_list>
<pin id="1940" dir="0" index="0" bw="12" slack="0"/>
<pin id="1941" dir="1" index="1" bw="64" slack="0"/>
</pin_list>
<bind>
<opcode="zext(34) " fcode="zext"/>
<opset="zext_ln135_31/3 "/>
</bind>
</comp>

<comp id="1944" class="1004" name="or_ln135_14_fu_1944">
<pin_list>
<pin id="1945" dir="0" index="0" bw="12" slack="0"/>
<pin id="1946" dir="0" index="1" bw="3" slack="0"/>
<pin id="1947" dir="1" index="2" bw="12" slack="0"/>
</pin_list>
<bind>
<opcode="or(24) " fcode="or"/>
<opset="or_ln135_14/3 "/>
</bind>
</comp>

<comp id="1950" class="1004" name="zext_ln135_32_fu_1950">
<pin_list>
<pin id="1951" dir="0" index="0" bw="12" slack="0"/>
<pin id="1952" dir="1" index="1" bw="64" slack="0"/>
</pin_list>
<bind>
<opcode="zext(34) " fcode="zext"/>
<opset="zext_ln135_32/3 "/>
</bind>
</comp>

<comp id="1955" class="1004" name="trunc_ln135_7_fu_1955">
<pin_list>
<pin id="1956" dir="0" index="0" bw="11" slack="0"/>
<pin id="1957" dir="1" index="1" bw="10" slack="0"/>
</pin_list>
<bind>
<opcode="trunc(33) " fcode="trunc"/>
<opset="trunc_ln135_7/3 "/>
</bind>
</comp>

<comp id="1959" class="1004" name="zext_ln135_43_fu_1959">
<pin_list>
<pin id="1960" dir="0" index="0" bw="5" slack="1"/>
<pin id="1961" dir="1" index="1" bw="10" slack="0"/>
</pin_list>
<bind>
<opcode="zext(34) " fcode="zext"/>
<opset="zext_ln135_43/3 "/>
</bind>
</comp>

<comp id="1962" class="1004" name="add_ln135_7_fu_1962">
<pin_list>
<pin id="1963" dir="0" index="0" bw="10" slack="0"/>
<pin id="1964" dir="0" index="1" bw="5" slack="0"/>
<pin id="1965" dir="1" index="2" bw="10" slack="0"/>
</pin_list>
<bind>
<opcode="add(8) " fcode="add"/>
<opset="add_ln135_7/3 "/>
</bind>
</comp>

<comp id="1968" class="1004" name="tmp_31_fu_1968">
<pin_list>
<pin id="1969" dir="0" index="0" bw="12" slack="0"/>
<pin id="1970" dir="0" index="1" bw="10" slack="0"/>
<pin id="1971" dir="0" index="2" bw="1" slack="0"/>
<pin id="1972" dir="1" index="3" bw="12" slack="0"/>
</pin_list>
<bind>
<opcode="bitconcatenate(1004) " fcode="bitconcatenate"/>
<opset="tmp_31/3 "/>
</bind>
</comp>

<comp id="1976" class="1004" name="zext_ln135_44_fu_1976">
<pin_list>
<pin id="1977" dir="0" index="0" bw="12" slack="0"/>
<pin id="1978" dir="1" index="1" bw="64" slack="0"/>
</pin_list>
<bind>
<opcode="zext(34) " fcode="zext"/>
<opset="zext_ln135_44/3 "/>
</bind>
</comp>

<comp id="1981" class="1004" name="or_ln135_21_fu_1981">
<pin_list>
<pin id="1982" dir="0" index="0" bw="12" slack="0"/>
<pin id="1983" dir="0" index="1" bw="1" slack="0"/>
<pin id="1984" dir="1" index="2" bw="12" slack="0"/>
</pin_list>
<bind>
<opcode="or(24) " fcode="or"/>
<opset="or_ln135_21/3 "/>
</bind>
</comp>

<comp id="1987" class="1004" name="zext_ln135_45_fu_1987">
<pin_list>
<pin id="1988" dir="0" index="0" bw="12" slack="0"/>
<pin id="1989" dir="1" index="1" bw="64" slack="0"/>
</pin_list>
<bind>
<opcode="zext(34) " fcode="zext"/>
<opset="zext_ln135_45/3 "/>
</bind>
</comp>

<comp id="1992" class="1004" name="or_ln135_22_fu_1992">
<pin_list>
<pin id="1993" dir="0" index="0" bw="12" slack="0"/>
<pin id="1994" dir="0" index="1" bw="3" slack="0"/>
<pin id="1995" dir="1" index="2" bw="12" slack="0"/>
</pin_list>
<bind>
<opcode="or(24) " fcode="or"/>
<opset="or_ln135_22/3 "/>
</bind>
</comp>

<comp id="1998" class="1004" name="zext_ln135_46_fu_1998">
<pin_list>
<pin id="1999" dir="0" index="0" bw="12" slack="0"/>
<pin id="2000" dir="1" index="1" bw="64" slack="0"/>
</pin_list>
<bind>
<opcode="zext(34) " fcode="zext"/>
<opset="zext_ln135_46/3 "/>
</bind>
</comp>

<comp id="2003" class="1004" name="or_ln135_23_fu_2003">
<pin_list>
<pin id="2004" dir="0" index="0" bw="12" slack="0"/>
<pin id="2005" dir="0" index="1" bw="3" slack="0"/>
<pin id="2006" dir="1" index="2" bw="12" slack="0"/>
</pin_list>
<bind>
<opcode="or(24) " fcode="or"/>
<opset="or_ln135_23/3 "/>
</bind>
</comp>

<comp id="2009" class="1004" name="zext_ln135_47_fu_2009">
<pin_list>
<pin id="2010" dir="0" index="0" bw="12" slack="0"/>
<pin id="2011" dir="1" index="1" bw="64" slack="0"/>
</pin_list>
<bind>
<opcode="zext(34) " fcode="zext"/>
<opset="zext_ln135_47/3 "/>
</bind>
</comp>

<comp id="2014" class="1004" name="sext_ln121_7_fu_2014">
<pin_list>
<pin id="2015" dir="0" index="0" bw="7" slack="2"/>
<pin id="2016" dir="1" index="1" bw="8" slack="0"/>
</pin_list>
<bind>
<opcode="sext(35) " fcode="sext"/>
<opset="sext_ln121_7/4 "/>
</bind>
</comp>

<comp id="2017" class="1004" name="zext_ln121_28_fu_2017">
<pin_list>
<pin id="2018" dir="0" index="0" bw="7" slack="0"/>
<pin id="2019" dir="1" index="1" bw="64" slack="0"/>
</pin_list>
<bind>
<opcode="zext(34) " fcode="zext"/>
<opset="zext_ln121_28/4 "/>
</bind>
</comp>

<comp id="2022" class="1004" name="sext_ln121_8_fu_2022">
<pin_list>
<pin id="2023" dir="0" index="0" bw="7" slack="2"/>
<pin id="2024" dir="1" index="1" bw="8" slack="0"/>
</pin_list>
<bind>
<opcode="sext(35) " fcode="sext"/>
<opset="sext_ln121_8/4 "/>
</bind>
</comp>

<comp id="2025" class="1004" name="zext_ln121_29_fu_2025">
<pin_list>
<pin id="2026" dir="0" index="0" bw="7" slack="0"/>
<pin id="2027" dir="1" index="1" bw="64" slack="0"/>
</pin_list>
<bind>
<opcode="zext(34) " fcode="zext"/>
<opset="zext_ln121_29/4 "/>
</bind>
</comp>

<comp id="2030" class="1004" name="sext_ln121_9_fu_2030">
<pin_list>
<pin id="2031" dir="0" index="0" bw="7" slack="2"/>
<pin id="2032" dir="1" index="1" bw="8" slack="0"/>
</pin_list>
<bind>
<opcode="sext(35) " fcode="sext"/>
<opset="sext_ln121_9/4 "/>
</bind>
</comp>

<comp id="2033" class="1004" name="zext_ln121_30_fu_2033">
<pin_list>
<pin id="2034" dir="0" index="0" bw="7" slack="0"/>
<pin id="2035" dir="1" index="1" bw="64" slack="0"/>
</pin_list>
<bind>
<opcode="zext(34) " fcode="zext"/>
<opset="zext_ln121_30/4 "/>
</bind>
</comp>

<comp id="2038" class="1004" name="sext_ln121_10_fu_2038">
<pin_list>
<pin id="2039" dir="0" index="0" bw="7" slack="2"/>
<pin id="2040" dir="1" index="1" bw="8" slack="0"/>
</pin_list>
<bind>
<opcode="sext(35) " fcode="sext"/>
<opset="sext_ln121_10/4 "/>
</bind>
</comp>

<comp id="2041" class="1004" name="zext_ln121_31_fu_2041">
<pin_list>
<pin id="2042" dir="0" index="0" bw="7" slack="0"/>
<pin id="2043" dir="1" index="1" bw="64" slack="0"/>
</pin_list>
<bind>
<opcode="zext(34) " fcode="zext"/>
<opset="zext_ln121_31/4 "/>
</bind>
</comp>

<comp id="2046" class="1004" name="sext_ln121_11_fu_2046">
<pin_list>
<pin id="2047" dir="0" index="0" bw="6" slack="2"/>
<pin id="2048" dir="1" index="1" bw="8" slack="0"/>
</pin_list>
<bind>
<opcode="sext(35) " fcode="sext"/>
<opset="sext_ln121_11/4 "/>
</bind>
</comp>

<comp id="2049" class="1004" name="zext_ln121_32_fu_2049">
<pin_list>
<pin id="2050" dir="0" index="0" bw="6" slack="0"/>
<pin id="2051" dir="1" index="1" bw="64" slack="0"/>
</pin_list>
<bind>
<opcode="zext(34) " fcode="zext"/>
<opset="zext_ln121_32/4 "/>
</bind>
</comp>

<comp id="2054" class="1004" name="sext_ln121_12_fu_2054">
<pin_list>
<pin id="2055" dir="0" index="0" bw="6" slack="2"/>
<pin id="2056" dir="1" index="1" bw="8" slack="0"/>
</pin_list>
<bind>
<opcode="sext(35) " fcode="sext"/>
<opset="sext_ln121_12/4 "/>
</bind>
</comp>

<comp id="2057" class="1004" name="zext_ln121_33_fu_2057">
<pin_list>
<pin id="2058" dir="0" index="0" bw="6" slack="0"/>
<pin id="2059" dir="1" index="1" bw="64" slack="0"/>
</pin_list>
<bind>
<opcode="zext(34) " fcode="zext"/>
<opset="zext_ln121_33/4 "/>
</bind>
</comp>

<comp id="2062" class="1004" name="sext_ln121_13_fu_2062">
<pin_list>
<pin id="2063" dir="0" index="0" bw="5" slack="2"/>
<pin id="2064" dir="1" index="1" bw="8" slack="0"/>
</pin_list>
<bind>
<opcode="sext(35) " fcode="sext"/>
<opset="sext_ln121_13/4 "/>
</bind>
</comp>

<comp id="2065" class="1004" name="zext_ln121_34_fu_2065">
<pin_list>
<pin id="2066" dir="0" index="0" bw="5" slack="0"/>
<pin id="2067" dir="1" index="1" bw="64" slack="0"/>
</pin_list>
<bind>
<opcode="zext(34) " fcode="zext"/>
<opset="zext_ln121_34/4 "/>
</bind>
</comp>

<comp id="2070" class="1004" name="sext_ln121_14_fu_2070">
<pin_list>
<pin id="2071" dir="0" index="0" bw="4" slack="2"/>
<pin id="2072" dir="1" index="1" bw="8" slack="0"/>
</pin_list>
<bind>
<opcode="sext(35) " fcode="sext"/>
<opset="sext_ln121_14/4 "/>
</bind>
</comp>

<comp id="2073" class="1004" name="zext_ln121_35_fu_2073">
<pin_list>
<pin id="2074" dir="0" index="0" bw="4" slack="0"/>
<pin id="2075" dir="1" index="1" bw="64" slack="0"/>
</pin_list>
<bind>
<opcode="zext(34) " fcode="zext"/>
<opset="zext_ln121_35/4 "/>
</bind>
</comp>

<comp id="2078" class="1004" name="or_ln133_15_mid1_fu_2078">
<pin_list>
<pin id="2079" dir="0" index="0" bw="9" slack="0"/>
<pin id="2080" dir="0" index="1" bw="5" slack="0"/>
<pin id="2081" dir="0" index="2" bw="4" slack="2"/>
<pin id="2082" dir="1" index="3" bw="9" slack="0"/>
</pin_list>
<bind>
<opcode="bitconcatenate(1004) " fcode="bitconcatenate"/>
<opset="or_ln133_15_mid1/4 "/>
</bind>
</comp>

<comp id="2085" class="1004" name="or_ln133_7_fu_2085">
<pin_list>
<pin id="2086" dir="0" index="0" bw="9" slack="0"/>
<pin id="2087" dir="0" index="1" bw="5" slack="0"/>
<pin id="2088" dir="0" index="2" bw="4" slack="2"/>
<pin id="2089" dir="1" index="3" bw="9" slack="0"/>
</pin_list>
<bind>
<opcode="bitconcatenate(1004) " fcode="bitconcatenate"/>
<opset="or_ln133_7/4 "/>
</bind>
</comp>

<comp id="2092" class="1004" name="select_ln121_11_fu_2092">
<pin_list>
<pin id="2093" dir="0" index="0" bw="1" slack="2"/>
<pin id="2094" dir="0" index="1" bw="9" slack="0"/>
<pin id="2095" dir="0" index="2" bw="9" slack="0"/>
<pin id="2096" dir="1" index="3" bw="9" slack="0"/>
</pin_list>
<bind>
<opcode="select(49) " fcode="select"/>
<opset="select_ln121_11/4 "/>
</bind>
</comp>

<comp id="2099" class="1004" name="zext_ln121_36_fu_2099">
<pin_list>
<pin id="2100" dir="0" index="0" bw="9" slack="0"/>
<pin id="2101" dir="1" index="1" bw="64" slack="0"/>
</pin_list>
<bind>
<opcode="zext(34) " fcode="zext"/>
<opset="zext_ln121_36/4 "/>
</bind>
</comp>

<comp id="2104" class="1004" name="zext_ln121_37_fu_2104">
<pin_list>
<pin id="2105" dir="0" index="0" bw="4" slack="2"/>
<pin id="2106" dir="1" index="1" bw="9" slack="0"/>
</pin_list>
<bind>
<opcode="zext(34) " fcode="zext"/>
<opset="zext_ln121_37/4 "/>
</bind>
</comp>

<comp id="2107" class="1004" name="add_ln121_5_fu_2107">
<pin_list>
<pin id="2108" dir="0" index="0" bw="4" slack="0"/>
<pin id="2109" dir="0" index="1" bw="9" slack="0"/>
<pin id="2110" dir="1" index="2" bw="9" slack="0"/>
</pin_list>
<bind>
<opcode="add(8) " fcode="add"/>
<opset="add_ln121_5/4 "/>
</bind>
</comp>

<comp id="2113" class="1004" name="zext_ln121_38_fu_2113">
<pin_list>
<pin id="2114" dir="0" index="0" bw="9" slack="0"/>
<pin id="2115" dir="1" index="1" bw="64" slack="0"/>
</pin_list>
<bind>
<opcode="zext(34) " fcode="zext"/>
<opset="zext_ln121_38/4 "/>
</bind>
</comp>

<comp id="2118" class="1004" name="or_ln133_16_mid1_fu_2118">
<pin_list>
<pin id="2119" dir="0" index="0" bw="9" slack="0"/>
<pin id="2120" dir="0" index="1" bw="5" slack="0"/>
<pin id="2121" dir="0" index="2" bw="4" slack="2"/>
<pin id="2122" dir="1" index="3" bw="9" slack="0"/>
</pin_list>
<bind>
<opcode="bitconcatenate(1004) " fcode="bitconcatenate"/>
<opset="or_ln133_16_mid1/4 "/>
</bind>
</comp>

<comp id="2125" class="1004" name="or_ln133_8_fu_2125">
<pin_list>
<pin id="2126" dir="0" index="0" bw="9" slack="0"/>
<pin id="2127" dir="0" index="1" bw="5" slack="0"/>
<pin id="2128" dir="0" index="2" bw="4" slack="2"/>
<pin id="2129" dir="1" index="3" bw="9" slack="0"/>
</pin_list>
<bind>
<opcode="bitconcatenate(1004) " fcode="bitconcatenate"/>
<opset="or_ln133_8/4 "/>
</bind>
</comp>

<comp id="2132" class="1004" name="select_ln121_12_fu_2132">
<pin_list>
<pin id="2133" dir="0" index="0" bw="1" slack="2"/>
<pin id="2134" dir="0" index="1" bw="9" slack="0"/>
<pin id="2135" dir="0" index="2" bw="9" slack="0"/>
<pin id="2136" dir="1" index="3" bw="9" slack="0"/>
</pin_list>
<bind>
<opcode="select(49) " fcode="select"/>
<opset="select_ln121_12/4 "/>
</bind>
</comp>

<comp id="2139" class="1004" name="zext_ln121_39_fu_2139">
<pin_list>
<pin id="2140" dir="0" index="0" bw="9" slack="0"/>
<pin id="2141" dir="1" index="1" bw="64" slack="0"/>
</pin_list>
<bind>
<opcode="zext(34) " fcode="zext"/>
<opset="zext_ln121_39/4 "/>
</bind>
</comp>

<comp id="2144" class="1004" name="add_ln121_6_fu_2144">
<pin_list>
<pin id="2145" dir="0" index="0" bw="4" slack="0"/>
<pin id="2146" dir="0" index="1" bw="9" slack="0"/>
<pin id="2147" dir="1" index="2" bw="9" slack="0"/>
</pin_list>
<bind>
<opcode="add(8) " fcode="add"/>
<opset="add_ln121_6/4 "/>
</bind>
</comp>

<comp id="2150" class="1004" name="zext_ln121_40_fu_2150">
<pin_list>
<pin id="2151" dir="0" index="0" bw="9" slack="0"/>
<pin id="2152" dir="1" index="1" bw="64" slack="0"/>
</pin_list>
<bind>
<opcode="zext(34) " fcode="zext"/>
<opset="zext_ln121_40/4 "/>
</bind>
</comp>

<comp id="2155" class="1004" name="zext_ln135_5_fu_2155">
<pin_list>
<pin id="2156" dir="0" index="0" bw="5" slack="2"/>
<pin id="2157" dir="1" index="1" bw="62" slack="0"/>
</pin_list>
<bind>
<opcode="zext(34) " fcode="zext"/>
<opset="zext_ln135_5/4 "/>
</bind>
</comp>

<comp id="2158" class="1004" name="tmp_3_fu_2158">
<pin_list>
<pin id="2159" dir="0" index="0" bw="10" slack="0"/>
<pin id="2160" dir="0" index="1" bw="5" slack="2"/>
<pin id="2161" dir="0" index="2" bw="1" slack="0"/>
<pin id="2162" dir="1" index="3" bw="10" slack="0"/>
</pin_list>
<bind>
<opcode="bitconcatenate(1004) " fcode="bitconcatenate"/>
<opset="tmp_3/4 "/>
</bind>
</comp>

<comp id="2165" class="1004" name="zext_ln135_6_fu_2165">
<pin_list>
<pin id="2166" dir="0" index="0" bw="10" slack="0"/>
<pin id="2167" dir="1" index="1" bw="62" slack="0"/>
</pin_list>
<bind>
<opcode="zext(34) " fcode="zext"/>
<opset="zext_ln135_6/4 "/>
</bind>
</comp>

<comp id="2169" class="1004" name="sub_ln135_2_fu_2169">
<pin_list>
<pin id="2170" dir="0" index="0" bw="10" slack="0"/>
<pin id="2171" dir="0" index="1" bw="5" slack="0"/>
<pin id="2172" dir="1" index="2" bw="62" slack="0"/>
</pin_list>
<bind>
<opcode="sub(10) " fcode="sub"/>
<opset="sub_ln135_2/4 "/>
</bind>
</comp>

<comp id="2175" class="1004" name="zext_ln135_7_fu_2175">
<pin_list>
<pin id="2176" dir="0" index="0" bw="5" slack="2"/>
<pin id="2177" dir="1" index="1" bw="10" slack="0"/>
</pin_list>
<bind>
<opcode="zext(34) " fcode="zext"/>
<opset="zext_ln135_7/4 "/>
</bind>
</comp>

<comp id="2178" class="1004" name="trunc_ln135_2_fu_2178">
<pin_list>
<pin id="2179" dir="0" index="0" bw="11" slack="0"/>
<pin id="2180" dir="1" index="1" bw="10" slack="0"/>
</pin_list>
<bind>
<opcode="trunc(33) " fcode="trunc"/>
<opset="trunc_ln135_2/4 "/>
</bind>
</comp>

<comp id="2182" class="1004" name="zext_ln135_18_fu_2182">
<pin_list>
<pin id="2183" dir="0" index="0" bw="5" slack="2"/>
<pin id="2184" dir="1" index="1" bw="10" slack="0"/>
</pin_list>
<bind>
<opcode="zext(34) " fcode="zext"/>
<opset="zext_ln135_18/4 "/>
</bind>
</comp>

<comp id="2185" class="1004" name="add_ln135_2_fu_2185">
<pin_list>
<pin id="2186" dir="0" index="0" bw="10" slack="0"/>
<pin id="2187" dir="0" index="1" bw="5" slack="0"/>
<pin id="2188" dir="1" index="2" bw="10" slack="0"/>
</pin_list>
<bind>
<opcode="add(8) " fcode="add"/>
<opset="add_ln135_2/4 "/>
</bind>
</comp>

<comp id="2191" class="1004" name="tmp_25_fu_2191">
<pin_list>
<pin id="2192" dir="0" index="0" bw="12" slack="0"/>
<pin id="2193" dir="0" index="1" bw="10" slack="0"/>
<pin id="2194" dir="0" index="2" bw="1" slack="0"/>
<pin id="2195" dir="1" index="3" bw="12" slack="0"/>
</pin_list>
<bind>
<opcode="bitconcatenate(1004) " fcode="bitconcatenate"/>
<opset="tmp_25/4 "/>
</bind>
</comp>

<comp id="2199" class="1004" name="zext_ln135_19_fu_2199">
<pin_list>
<pin id="2200" dir="0" index="0" bw="12" slack="0"/>
<pin id="2201" dir="1" index="1" bw="64" slack="0"/>
</pin_list>
<bind>
<opcode="zext(34) " fcode="zext"/>
<opset="zext_ln135_19/4 "/>
</bind>
</comp>

<comp id="2204" class="1004" name="or_ln135_6_fu_2204">
<pin_list>
<pin id="2205" dir="0" index="0" bw="12" slack="0"/>
<pin id="2206" dir="0" index="1" bw="1" slack="0"/>
<pin id="2207" dir="1" index="2" bw="12" slack="0"/>
</pin_list>
<bind>
<opcode="or(24) " fcode="or"/>
<opset="or_ln135_6/4 "/>
</bind>
</comp>

<comp id="2210" class="1004" name="zext_ln135_20_fu_2210">
<pin_list>
<pin id="2211" dir="0" index="0" bw="12" slack="0"/>
<pin id="2212" dir="1" index="1" bw="64" slack="0"/>
</pin_list>
<bind>
<opcode="zext(34) " fcode="zext"/>
<opset="zext_ln135_20/4 "/>
</bind>
</comp>

<comp id="2215" class="1004" name="or_ln135_7_fu_2215">
<pin_list>
<pin id="2216" dir="0" index="0" bw="12" slack="0"/>
<pin id="2217" dir="0" index="1" bw="3" slack="0"/>
<pin id="2218" dir="1" index="2" bw="12" slack="0"/>
</pin_list>
<bind>
<opcode="or(24) " fcode="or"/>
<opset="or_ln135_7/4 "/>
</bind>
</comp>

<comp id="2221" class="1004" name="zext_ln135_21_fu_2221">
<pin_list>
<pin id="2222" dir="0" index="0" bw="12" slack="0"/>
<pin id="2223" dir="1" index="1" bw="64" slack="0"/>
</pin_list>
<bind>
<opcode="zext(34) " fcode="zext"/>
<opset="zext_ln135_21/4 "/>
</bind>
</comp>

<comp id="2226" class="1004" name="or_ln135_8_fu_2226">
<pin_list>
<pin id="2227" dir="0" index="0" bw="12" slack="0"/>
<pin id="2228" dir="0" index="1" bw="3" slack="0"/>
<pin id="2229" dir="1" index="2" bw="12" slack="0"/>
</pin_list>
<bind>
<opcode="or(24) " fcode="or"/>
<opset="or_ln135_8/4 "/>
</bind>
</comp>

<comp id="2232" class="1004" name="zext_ln135_22_fu_2232">
<pin_list>
<pin id="2233" dir="0" index="0" bw="12" slack="0"/>
<pin id="2234" dir="1" index="1" bw="64" slack="0"/>
</pin_list>
<bind>
<opcode="zext(34) " fcode="zext"/>
<opset="zext_ln135_22/4 "/>
</bind>
</comp>

<comp id="2237" class="1004" name="trunc_ln135_5_fu_2237">
<pin_list>
<pin id="2238" dir="0" index="0" bw="11" slack="0"/>
<pin id="2239" dir="1" index="1" bw="10" slack="0"/>
</pin_list>
<bind>
<opcode="trunc(33) " fcode="trunc"/>
<opset="trunc_ln135_5/4 "/>
</bind>
</comp>

<comp id="2241" class="1004" name="zext_ln135_33_fu_2241">
<pin_list>
<pin id="2242" dir="0" index="0" bw="5" slack="2"/>
<pin id="2243" dir="1" index="1" bw="10" slack="0"/>
</pin_list>
<bind>
<opcode="zext(34) " fcode="zext"/>
<opset="zext_ln135_33/4 "/>
</bind>
</comp>

<comp id="2244" class="1004" name="add_ln135_5_fu_2244">
<pin_list>
<pin id="2245" dir="0" index="0" bw="10" slack="0"/>
<pin id="2246" dir="0" index="1" bw="5" slack="0"/>
<pin id="2247" dir="1" index="2" bw="10" slack="0"/>
</pin_list>
<bind>
<opcode="add(8) " fcode="add"/>
<opset="add_ln135_5/4 "/>
</bind>
</comp>

<comp id="2250" class="1004" name="tmp_29_fu_2250">
<pin_list>
<pin id="2251" dir="0" index="0" bw="12" slack="0"/>
<pin id="2252" dir="0" index="1" bw="10" slack="0"/>
<pin id="2253" dir="0" index="2" bw="1" slack="0"/>
<pin id="2254" dir="1" index="3" bw="12" slack="0"/>
</pin_list>
<bind>
<opcode="bitconcatenate(1004) " fcode="bitconcatenate"/>
<opset="tmp_29/4 "/>
</bind>
</comp>

<comp id="2258" class="1004" name="zext_ln135_34_fu_2258">
<pin_list>
<pin id="2259" dir="0" index="0" bw="12" slack="0"/>
<pin id="2260" dir="1" index="1" bw="64" slack="0"/>
</pin_list>
<bind>
<opcode="zext(34) " fcode="zext"/>
<opset="zext_ln135_34/4 "/>
</bind>
</comp>

<comp id="2263" class="1004" name="or_ln135_15_fu_2263">
<pin_list>
<pin id="2264" dir="0" index="0" bw="12" slack="0"/>
<pin id="2265" dir="0" index="1" bw="1" slack="0"/>
<pin id="2266" dir="1" index="2" bw="12" slack="0"/>
</pin_list>
<bind>
<opcode="or(24) " fcode="or"/>
<opset="or_ln135_15/4 "/>
</bind>
</comp>

<comp id="2269" class="1004" name="zext_ln135_35_fu_2269">
<pin_list>
<pin id="2270" dir="0" index="0" bw="12" slack="0"/>
<pin id="2271" dir="1" index="1" bw="64" slack="0"/>
</pin_list>
<bind>
<opcode="zext(34) " fcode="zext"/>
<opset="zext_ln135_35/4 "/>
</bind>
</comp>

<comp id="2274" class="1004" name="or_ln135_16_fu_2274">
<pin_list>
<pin id="2275" dir="0" index="0" bw="12" slack="0"/>
<pin id="2276" dir="0" index="1" bw="3" slack="0"/>
<pin id="2277" dir="1" index="2" bw="12" slack="0"/>
</pin_list>
<bind>
<opcode="or(24) " fcode="or"/>
<opset="or_ln135_16/4 "/>
</bind>
</comp>

<comp id="2280" class="1004" name="zext_ln135_36_fu_2280">
<pin_list>
<pin id="2281" dir="0" index="0" bw="12" slack="0"/>
<pin id="2282" dir="1" index="1" bw="64" slack="0"/>
</pin_list>
<bind>
<opcode="zext(34) " fcode="zext"/>
<opset="zext_ln135_36/4 "/>
</bind>
</comp>

<comp id="2285" class="1004" name="or_ln135_17_fu_2285">
<pin_list>
<pin id="2286" dir="0" index="0" bw="12" slack="0"/>
<pin id="2287" dir="0" index="1" bw="3" slack="0"/>
<pin id="2288" dir="1" index="2" bw="12" slack="0"/>
</pin_list>
<bind>
<opcode="or(24) " fcode="or"/>
<opset="or_ln135_17/4 "/>
</bind>
</comp>

<comp id="2291" class="1004" name="zext_ln135_37_fu_2291">
<pin_list>
<pin id="2292" dir="0" index="0" bw="12" slack="0"/>
<pin id="2293" dir="1" index="1" bw="64" slack="0"/>
</pin_list>
<bind>
<opcode="zext(34) " fcode="zext"/>
<opset="zext_ln135_37/4 "/>
</bind>
</comp>

<comp id="2296" class="1004" name="trunc_ln135_8_fu_2296">
<pin_list>
<pin id="2297" dir="0" index="0" bw="11" slack="0"/>
<pin id="2298" dir="1" index="1" bw="10" slack="0"/>
</pin_list>
<bind>
<opcode="trunc(33) " fcode="trunc"/>
<opset="trunc_ln135_8/4 "/>
</bind>
</comp>

<comp id="2300" class="1004" name="zext_ln135_48_fu_2300">
<pin_list>
<pin id="2301" dir="0" index="0" bw="5" slack="2"/>
<pin id="2302" dir="1" index="1" bw="10" slack="0"/>
</pin_list>
<bind>
<opcode="zext(34) " fcode="zext"/>
<opset="zext_ln135_48/4 "/>
</bind>
</comp>

<comp id="2303" class="1004" name="add_ln135_8_fu_2303">
<pin_list>
<pin id="2304" dir="0" index="0" bw="10" slack="0"/>
<pin id="2305" dir="0" index="1" bw="5" slack="0"/>
<pin id="2306" dir="1" index="2" bw="10" slack="0"/>
</pin_list>
<bind>
<opcode="add(8) " fcode="add"/>
<opset="add_ln135_8/4 "/>
</bind>
</comp>

<comp id="2309" class="1004" name="tmp_32_fu_2309">
<pin_list>
<pin id="2310" dir="0" index="0" bw="12" slack="0"/>
<pin id="2311" dir="0" index="1" bw="10" slack="0"/>
<pin id="2312" dir="0" index="2" bw="1" slack="0"/>
<pin id="2313" dir="1" index="3" bw="12" slack="0"/>
</pin_list>
<bind>
<opcode="bitconcatenate(1004) " fcode="bitconcatenate"/>
<opset="tmp_32/4 "/>
</bind>
</comp>

<comp id="2317" class="1004" name="zext_ln135_49_fu_2317">
<pin_list>
<pin id="2318" dir="0" index="0" bw="12" slack="0"/>
<pin id="2319" dir="1" index="1" bw="64" slack="0"/>
</pin_list>
<bind>
<opcode="zext(34) " fcode="zext"/>
<opset="zext_ln135_49/4 "/>
</bind>
</comp>

<comp id="2322" class="1004" name="or_ln135_24_fu_2322">
<pin_list>
<pin id="2323" dir="0" index="0" bw="12" slack="0"/>
<pin id="2324" dir="0" index="1" bw="1" slack="0"/>
<pin id="2325" dir="1" index="2" bw="12" slack="0"/>
</pin_list>
<bind>
<opcode="or(24) " fcode="or"/>
<opset="or_ln135_24/4 "/>
</bind>
</comp>

<comp id="2328" class="1004" name="zext_ln135_50_fu_2328">
<pin_list>
<pin id="2329" dir="0" index="0" bw="12" slack="0"/>
<pin id="2330" dir="1" index="1" bw="64" slack="0"/>
</pin_list>
<bind>
<opcode="zext(34) " fcode="zext"/>
<opset="zext_ln135_50/4 "/>
</bind>
</comp>

<comp id="2333" class="1004" name="or_ln135_25_fu_2333">
<pin_list>
<pin id="2334" dir="0" index="0" bw="12" slack="0"/>
<pin id="2335" dir="0" index="1" bw="3" slack="0"/>
<pin id="2336" dir="1" index="2" bw="12" slack="0"/>
</pin_list>
<bind>
<opcode="or(24) " fcode="or"/>
<opset="or_ln135_25/4 "/>
</bind>
</comp>

<comp id="2339" class="1004" name="zext_ln135_51_fu_2339">
<pin_list>
<pin id="2340" dir="0" index="0" bw="12" slack="0"/>
<pin id="2341" dir="1" index="1" bw="64" slack="0"/>
</pin_list>
<bind>
<opcode="zext(34) " fcode="zext"/>
<opset="zext_ln135_51/4 "/>
</bind>
</comp>

<comp id="2344" class="1004" name="or_ln135_26_fu_2344">
<pin_list>
<pin id="2345" dir="0" index="0" bw="12" slack="0"/>
<pin id="2346" dir="0" index="1" bw="3" slack="0"/>
<pin id="2347" dir="1" index="2" bw="12" slack="0"/>
</pin_list>
<bind>
<opcode="or(24) " fcode="or"/>
<opset="or_ln135_26/4 "/>
</bind>
</comp>

<comp id="2350" class="1004" name="zext_ln135_52_fu_2350">
<pin_list>
<pin id="2351" dir="0" index="0" bw="12" slack="0"/>
<pin id="2352" dir="1" index="1" bw="64" slack="0"/>
</pin_list>
<bind>
<opcode="zext(34) " fcode="zext"/>
<opset="zext_ln135_52/4 "/>
</bind>
</comp>

<comp id="2355" class="1004" name="zext_ln121_1_fu_2355">
<pin_list>
<pin id="2356" dir="0" index="0" bw="4" slack="3"/>
<pin id="2357" dir="1" index="1" bw="13" slack="0"/>
</pin_list>
<bind>
<opcode="zext(34) " fcode="zext"/>
<opset="zext_ln121_1/5 "/>
</bind>
</comp>

<comp id="2358" class="1004" name="tmp_26_fu_2358">
<pin_list>
<pin id="2359" dir="0" index="0" bw="13" slack="0"/>
<pin id="2360" dir="0" index="1" bw="10" slack="0"/>
<pin id="2361" dir="0" index="2" bw="1" slack="0"/>
<pin id="2362" dir="1" index="3" bw="13" slack="0"/>
</pin_list>
<bind>
<opcode="bitconcatenate(1004) " fcode="bitconcatenate"/>
<opset="tmp_26/5 "/>
</bind>
</comp>

<comp id="2365" class="1004" name="add_ln139_1_fu_2365">
<pin_list>
<pin id="2366" dir="0" index="0" bw="13" slack="0"/>
<pin id="2367" dir="0" index="1" bw="4" slack="0"/>
<pin id="2368" dir="1" index="2" bw="13" slack="183"/>
</pin_list>
<bind>
<opcode="add(8) " fcode="add"/>
<opset="add_ln139_1/5 "/>
</bind>
</comp>

<comp id="2371" class="1004" name="zext_ln139_fu_2371">
<pin_list>
<pin id="2372" dir="0" index="0" bw="13" slack="183"/>
<pin id="2373" dir="1" index="1" bw="64" slack="0"/>
</pin_list>
<bind>
<opcode="zext(34) " fcode="zext"/>
<opset="zext_ln139/188 "/>
</bind>
</comp>

<comp id="2375" class="1004" name="bitcast_ln29_fu_2375">
<pin_list>
<pin id="2376" dir="0" index="0" bw="32" slack="2"/>
<pin id="2377" dir="1" index="1" bw="32" slack="0"/>
</pin_list>
<bind>
<opcode="bitcast(44) " fcode="bitcast"/>
<opset="bitcast_ln29/188 "/>
</bind>
</comp>

<comp id="2378" class="1004" name="tmp_13_fu_2378">
<pin_list>
<pin id="2379" dir="0" index="0" bw="8" slack="0"/>
<pin id="2380" dir="0" index="1" bw="32" slack="0"/>
<pin id="2381" dir="0" index="2" bw="6" slack="0"/>
<pin id="2382" dir="0" index="3" bw="6" slack="0"/>
<pin id="2383" dir="1" index="4" bw="8" slack="0"/>
</pin_list>
<bind>
<opcode="partselect(1002) " fcode="partselect"/>
<opset="tmp_13/188 "/>
</bind>
</comp>

<comp id="2388" class="1004" name="trunc_ln29_fu_2388">
<pin_list>
<pin id="2389" dir="0" index="0" bw="32" slack="0"/>
<pin id="2390" dir="1" index="1" bw="23" slack="0"/>
</pin_list>
<bind>
<opcode="trunc(33) " fcode="trunc"/>
<opset="trunc_ln29/188 "/>
</bind>
</comp>

<comp id="2392" class="1004" name="icmp_ln29_2_fu_2392">
<pin_list>
<pin id="2393" dir="0" index="0" bw="8" slack="0"/>
<pin id="2394" dir="0" index="1" bw="1" slack="0"/>
<pin id="2395" dir="1" index="2" bw="1" slack="0"/>
</pin_list>
<bind>
<opcode="icmp(45) " fcode="icmp"/>
<opset="icmp_ln29_2/188 "/>
</bind>
</comp>

<comp id="2398" class="1004" name="icmp_ln29_fu_2398">
<pin_list>
<pin id="2399" dir="0" index="0" bw="23" slack="0"/>
<pin id="2400" dir="0" index="1" bw="1" slack="0"/>
<pin id="2401" dir="1" index="2" bw="1" slack="0"/>
</pin_list>
<bind>
<opcode="icmp(45) " fcode="icmp"/>
<opset="icmp_ln29/188 "/>
</bind>
</comp>

<comp id="2404" class="1004" name="or_ln29_fu_2404">
<pin_list>
<pin id="2405" dir="0" index="0" bw="1" slack="0"/>
<pin id="2406" dir="0" index="1" bw="1" slack="0"/>
<pin id="2407" dir="1" index="2" bw="1" slack="0"/>
</pin_list>
<bind>
<opcode="or(24) " fcode="or"/>
<opset="or_ln29/188 "/>
</bind>
</comp>

<comp id="2410" class="1004" name="and_ln29_fu_2410">
<pin_list>
<pin id="2411" dir="0" index="0" bw="1" slack="0"/>
<pin id="2412" dir="0" index="1" bw="1" slack="0"/>
<pin id="2413" dir="1" index="2" bw="1" slack="0"/>
</pin_list>
<bind>
<opcode="and(23) " fcode="and"/>
<opset="and_ln29/188 "/>
</bind>
</comp>

<comp id="2416" class="1004" name="select_ln29_fu_2416">
<pin_list>
<pin id="2417" dir="0" index="0" bw="1" slack="0"/>
<pin id="2418" dir="0" index="1" bw="32" slack="2"/>
<pin id="2419" dir="0" index="2" bw="32" slack="0"/>
<pin id="2420" dir="1" index="3" bw="32" slack="0"/>
</pin_list>
<bind>
<opcode="select(49) " fcode="select"/>
<opset="select_ln29/188 "/>
</bind>
</comp>

<comp id="2424" class="1007" name="grp_fu_2424">
<pin_list>
<pin id="2425" dir="0" index="0" bw="5" slack="0"/>
<pin id="2426" dir="0" index="1" bw="5" slack="0"/>
<pin id="2427" dir="0" index="2" bw="5" slack="0"/>
<pin id="2428" dir="1" index="3" bw="10" slack="0"/>
</pin_list>
<bind>
<opcode="muladd(1172) " fcode="muladd"/>
<opset="mul_ln139/2 add_ln139/4 "/>
</bind>
</comp>

<comp id="2433" class="1005" name="c_reg_2433">
<pin_list>
<pin id="2434" dir="0" index="0" bw="5" slack="0"/>
<pin id="2435" dir="1" index="1" bw="5" slack="0"/>
</pin_list>
<bind>
<opset="c "/>
</bind>
</comp>

<comp id="2440" class="1005" name="r_reg_2440">
<pin_list>
<pin id="2441" dir="0" index="0" bw="5" slack="0"/>
<pin id="2442" dir="1" index="1" bw="5" slack="0"/>
</pin_list>
<bind>
<opset="r "/>
</bind>
</comp>

<comp id="2447" class="1005" name="indvar_flatten52_reg_2447">
<pin_list>
<pin id="2448" dir="0" index="0" bw="10" slack="0"/>
<pin id="2449" dir="1" index="1" bw="10" slack="0"/>
</pin_list>
<bind>
<opset="indvar_flatten52 "/>
</bind>
</comp>

<comp id="2454" class="1005" name="f_reg_2454">
<pin_list>
<pin id="2455" dir="0" index="0" bw="4" slack="0"/>
<pin id="2456" dir="1" index="1" bw="4" slack="0"/>
</pin_list>
<bind>
<opset="f "/>
</bind>
</comp>

<comp id="2461" class="1005" name="indvar_flatten111_reg_2461">
<pin_list>
<pin id="2462" dir="0" index="0" bw="13" slack="0"/>
<pin id="2463" dir="1" index="1" bw="13" slack="0"/>
</pin_list>
<bind>
<opset="indvar_flatten111 "/>
</bind>
</comp>

<comp id="2468" class="1005" name="icmp_ln121_reg_2468">
<pin_list>
<pin id="2469" dir="0" index="0" bw="1" slack="1"/>
<pin id="2470" dir="1" index="1" bw="1" slack="2147483647"/>
</pin_list>
<bind>
<opset="icmp_ln121 "/>
</bind>
</comp>

<comp id="2472" class="1005" name="f_load_reg_2472">
<pin_list>
<pin id="2473" dir="0" index="0" bw="4" slack="1"/>
<pin id="2474" dir="1" index="1" bw="4" slack="1"/>
</pin_list>
<bind>
<opset="f_load "/>
</bind>
</comp>

<comp id="2482" class="1005" name="add_ln121_reg_2482">
<pin_list>
<pin id="2483" dir="0" index="0" bw="4" slack="1"/>
<pin id="2484" dir="1" index="1" bw="4" slack="1"/>
</pin_list>
<bind>
<opset="add_ln121 "/>
</bind>
</comp>

<comp id="2492" class="1005" name="icmp_ln122_reg_2492">
<pin_list>
<pin id="2493" dir="0" index="0" bw="1" slack="1"/>
<pin id="2494" dir="1" index="1" bw="1" slack="1"/>
</pin_list>
<bind>
<opset="icmp_ln122 "/>
</bind>
</comp>

<comp id="2502" class="1005" name="select_ln121_1_reg_2502">
<pin_list>
<pin id="2503" dir="0" index="0" bw="4" slack="1"/>
<pin id="2504" dir="1" index="1" bw="4" slack="1"/>
</pin_list>
<bind>
<opset="select_ln121_1 "/>
</bind>
</comp>

<comp id="2509" class="1005" name="zext_ln121_reg_2509">
<pin_list>
<pin id="2510" dir="0" index="0" bw="64" slack="3"/>
<pin id="2511" dir="1" index="1" bw="64" slack="3"/>
</pin_list>
<bind>
<opset="zext_ln121 "/>
</bind>
</comp>

<comp id="2514" class="1005" name="conv2_w_addr_reg_2514">
<pin_list>
<pin id="2515" dir="0" index="0" bw="9" slack="1"/>
<pin id="2516" dir="1" index="1" bw="9" slack="1"/>
</pin_list>
<bind>
<opset="conv2_w_addr "/>
</bind>
</comp>

<comp id="2519" class="1005" name="select_ln121_2_reg_2519">
<pin_list>
<pin id="2520" dir="0" index="0" bw="4" slack="1"/>
<pin id="2521" dir="1" index="1" bw="4" slack="1"/>
</pin_list>
<bind>
<opset="select_ln121_2 "/>
</bind>
</comp>

<comp id="2525" class="1005" name="conv2_w_addr_1_reg_2525">
<pin_list>
<pin id="2526" dir="0" index="0" bw="9" slack="1"/>
<pin id="2527" dir="1" index="1" bw="9" slack="1"/>
</pin_list>
<bind>
<opset="conv2_w_addr_1 "/>
</bind>
</comp>

<comp id="2530" class="1005" name="select_ln121_3_reg_2530">
<pin_list>
<pin id="2531" dir="0" index="0" bw="5" slack="1"/>
<pin id="2532" dir="1" index="1" bw="5" slack="1"/>
</pin_list>
<bind>
<opset="select_ln121_3 "/>
</bind>
</comp>

<comp id="2536" class="1005" name="conv2_w_addr_2_reg_2536">
<pin_list>
<pin id="2537" dir="0" index="0" bw="9" slack="1"/>
<pin id="2538" dir="1" index="1" bw="9" slack="1"/>
</pin_list>
<bind>
<opset="conv2_w_addr_2 "/>
</bind>
</comp>

<comp id="2541" class="1005" name="conv2_w_addr_3_reg_2541">
<pin_list>
<pin id="2542" dir="0" index="0" bw="9" slack="1"/>
<pin id="2543" dir="1" index="1" bw="9" slack="1"/>
</pin_list>
<bind>
<opset="conv2_w_addr_3 "/>
</bind>
</comp>

<comp id="2546" class="1005" name="select_ln121_4_reg_2546">
<pin_list>
<pin id="2547" dir="0" index="0" bw="6" slack="1"/>
<pin id="2548" dir="1" index="1" bw="6" slack="1"/>
</pin_list>
<bind>
<opset="select_ln121_4 "/>
</bind>
</comp>

<comp id="2552" class="1005" name="conv2_w_addr_4_reg_2552">
<pin_list>
<pin id="2553" dir="0" index="0" bw="9" slack="1"/>
<pin id="2554" dir="1" index="1" bw="9" slack="1"/>
</pin_list>
<bind>
<opset="conv2_w_addr_4 "/>
</bind>
</comp>

<comp id="2557" class="1005" name="add_ln121_8_reg_2557">
<pin_list>
<pin id="2558" dir="0" index="0" bw="6" slack="1"/>
<pin id="2559" dir="1" index="1" bw="6" slack="1"/>
</pin_list>
<bind>
<opset="add_ln121_8 "/>
</bind>
</comp>

<comp id="2563" class="1005" name="conv2_w_addr_5_reg_2563">
<pin_list>
<pin id="2564" dir="0" index="0" bw="9" slack="1"/>
<pin id="2565" dir="1" index="1" bw="9" slack="1"/>
</pin_list>
<bind>
<opset="conv2_w_addr_5 "/>
</bind>
</comp>

<comp id="2568" class="1005" name="conv2_w_addr_6_reg_2568">
<pin_list>
<pin id="2569" dir="0" index="0" bw="9" slack="1"/>
<pin id="2570" dir="1" index="1" bw="9" slack="1"/>
</pin_list>
<bind>
<opset="conv2_w_addr_6 "/>
</bind>
</comp>

<comp id="2573" class="1005" name="conv2_w_addr_7_reg_2573">
<pin_list>
<pin id="2574" dir="0" index="0" bw="9" slack="1"/>
<pin id="2575" dir="1" index="1" bw="9" slack="1"/>
</pin_list>
<bind>
<opset="conv2_w_addr_7 "/>
</bind>
</comp>

<comp id="2578" class="1005" name="select_ln121_5_reg_2578">
<pin_list>
<pin id="2579" dir="0" index="0" bw="7" slack="2"/>
<pin id="2580" dir="1" index="1" bw="7" slack="2"/>
</pin_list>
<bind>
<opset="select_ln121_5 "/>
</bind>
</comp>

<comp id="2583" class="1005" name="conv2_w_addr_8_reg_2583">
<pin_list>
<pin id="2584" dir="0" index="0" bw="9" slack="1"/>
<pin id="2585" dir="1" index="1" bw="9" slack="1"/>
</pin_list>
<bind>
<opset="conv2_w_addr_8 "/>
</bind>
</comp>

<comp id="2588" class="1005" name="add_ln121_9_reg_2588">
<pin_list>
<pin id="2589" dir="0" index="0" bw="7" slack="2"/>
<pin id="2590" dir="1" index="1" bw="7" slack="2"/>
</pin_list>
<bind>
<opset="add_ln121_9 "/>
</bind>
</comp>

<comp id="2593" class="1005" name="conv2_w_addr_9_reg_2593">
<pin_list>
<pin id="2594" dir="0" index="0" bw="9" slack="1"/>
<pin id="2595" dir="1" index="1" bw="9" slack="1"/>
</pin_list>
<bind>
<opset="conv2_w_addr_9 "/>
</bind>
</comp>

<comp id="2598" class="1005" name="select_ln121_6_reg_2598">
<pin_list>
<pin id="2599" dir="0" index="0" bw="7" slack="2"/>
<pin id="2600" dir="1" index="1" bw="7" slack="2"/>
</pin_list>
<bind>
<opset="select_ln121_6 "/>
</bind>
</comp>

<comp id="2603" class="1005" name="conv2_w_addr_10_reg_2603">
<pin_list>
<pin id="2604" dir="0" index="0" bw="9" slack="1"/>
<pin id="2605" dir="1" index="1" bw="9" slack="1"/>
</pin_list>
<bind>
<opset="conv2_w_addr_10 "/>
</bind>
</comp>

<comp id="2608" class="1005" name="add_ln121_10_reg_2608">
<pin_list>
<pin id="2609" dir="0" index="0" bw="7" slack="2"/>
<pin id="2610" dir="1" index="1" bw="7" slack="2"/>
</pin_list>
<bind>
<opset="add_ln121_10 "/>
</bind>
</comp>

<comp id="2613" class="1005" name="conv2_w_addr_11_reg_2613">
<pin_list>
<pin id="2614" dir="0" index="0" bw="9" slack="1"/>
<pin id="2615" dir="1" index="1" bw="9" slack="1"/>
</pin_list>
<bind>
<opset="conv2_w_addr_11 "/>
</bind>
</comp>

<comp id="2618" class="1005" name="select_ln122_reg_2618">
<pin_list>
<pin id="2619" dir="0" index="0" bw="5" slack="1"/>
<pin id="2620" dir="1" index="1" bw="5" slack="1"/>
</pin_list>
<bind>
<opset="select_ln122 "/>
</bind>
</comp>

<comp id="2625" class="1005" name="zext_ln135_reg_2625">
<pin_list>
<pin id="2626" dir="0" index="0" bw="10" slack="1"/>
<pin id="2627" dir="1" index="1" bw="10" slack="1"/>
</pin_list>
<bind>
<opset="zext_ln135 "/>
</bind>
</comp>

<comp id="2630" class="1005" name="select_ln122_2_reg_2630">
<pin_list>
<pin id="2631" dir="0" index="0" bw="5" slack="1"/>
<pin id="2632" dir="1" index="1" bw="5" slack="1"/>
</pin_list>
<bind>
<opset="select_ln122_2 "/>
</bind>
</comp>

<comp id="2636" class="1005" name="select_ln122_3_reg_2636">
<pin_list>
<pin id="2637" dir="0" index="0" bw="5" slack="2"/>
<pin id="2638" dir="1" index="1" bw="5" slack="2"/>
</pin_list>
<bind>
<opset="select_ln122_3 "/>
</bind>
</comp>

<comp id="2642" class="1005" name="layer1_pool_addr_reg_2642">
<pin_list>
<pin id="2643" dir="0" index="0" bw="12" slack="1"/>
<pin id="2644" dir="1" index="1" bw="12" slack="1"/>
</pin_list>
<bind>
<opset="layer1_pool_addr "/>
</bind>
</comp>

<comp id="2647" class="1005" name="layer1_pool_addr_1_reg_2647">
<pin_list>
<pin id="2648" dir="0" index="0" bw="12" slack="1"/>
<pin id="2649" dir="1" index="1" bw="12" slack="1"/>
</pin_list>
<bind>
<opset="layer1_pool_addr_1 "/>
</bind>
</comp>

<comp id="2652" class="1005" name="layer1_pool_addr_2_reg_2652">
<pin_list>
<pin id="2653" dir="0" index="0" bw="12" slack="1"/>
<pin id="2654" dir="1" index="1" bw="12" slack="1"/>
</pin_list>
<bind>
<opset="layer1_pool_addr_2 "/>
</bind>
</comp>

<comp id="2657" class="1005" name="layer1_pool_addr_3_reg_2657">
<pin_list>
<pin id="2658" dir="0" index="0" bw="12" slack="1"/>
<pin id="2659" dir="1" index="1" bw="12" slack="1"/>
</pin_list>
<bind>
<opset="layer1_pool_addr_3 "/>
</bind>
</comp>

<comp id="2662" class="1005" name="empty_34_reg_2662">
<pin_list>
<pin id="2663" dir="0" index="0" bw="5" slack="1"/>
<pin id="2664" dir="1" index="1" bw="5" slack="1"/>
</pin_list>
<bind>
<opset="empty_34 "/>
</bind>
</comp>

<comp id="2668" class="1005" name="layer1_pool_addr_5_reg_2668">
<pin_list>
<pin id="2669" dir="0" index="0" bw="12" slack="1"/>
<pin id="2670" dir="1" index="1" bw="12" slack="1"/>
</pin_list>
<bind>
<opset="layer1_pool_addr_5 "/>
</bind>
</comp>

<comp id="2673" class="1005" name="layer1_pool_addr_6_reg_2673">
<pin_list>
<pin id="2674" dir="0" index="0" bw="12" slack="1"/>
<pin id="2675" dir="1" index="1" bw="12" slack="1"/>
</pin_list>
<bind>
<opset="layer1_pool_addr_6 "/>
</bind>
</comp>

<comp id="2678" class="1005" name="layer1_pool_addr_7_reg_2678">
<pin_list>
<pin id="2679" dir="0" index="0" bw="12" slack="1"/>
<pin id="2680" dir="1" index="1" bw="12" slack="1"/>
</pin_list>
<bind>
<opset="layer1_pool_addr_7 "/>
</bind>
</comp>

<comp id="2683" class="1005" name="layer1_pool_addr_8_reg_2683">
<pin_list>
<pin id="2684" dir="0" index="0" bw="12" slack="1"/>
<pin id="2685" dir="1" index="1" bw="12" slack="1"/>
</pin_list>
<bind>
<opset="layer1_pool_addr_8 "/>
</bind>
</comp>

<comp id="2688" class="1005" name="empty_35_reg_2688">
<pin_list>
<pin id="2689" dir="0" index="0" bw="5" slack="1"/>
<pin id="2690" dir="1" index="1" bw="5" slack="1"/>
</pin_list>
<bind>
<opset="empty_35 "/>
</bind>
</comp>

<comp id="2694" class="1005" name="layer1_pool_addr_9_reg_2694">
<pin_list>
<pin id="2695" dir="0" index="0" bw="12" slack="1"/>
<pin id="2696" dir="1" index="1" bw="12" slack="1"/>
</pin_list>
<bind>
<opset="layer1_pool_addr_9 "/>
</bind>
</comp>

<comp id="2699" class="1005" name="layer1_pool_addr_10_reg_2699">
<pin_list>
<pin id="2700" dir="0" index="0" bw="12" slack="1"/>
<pin id="2701" dir="1" index="1" bw="12" slack="1"/>
</pin_list>
<bind>
<opset="layer1_pool_addr_10 "/>
</bind>
</comp>

<comp id="2704" class="1005" name="layer1_pool_addr_11_reg_2704">
<pin_list>
<pin id="2705" dir="0" index="0" bw="12" slack="1"/>
<pin id="2706" dir="1" index="1" bw="12" slack="1"/>
</pin_list>
<bind>
<opset="layer1_pool_addr_11 "/>
</bind>
</comp>

<comp id="2709" class="1005" name="layer1_pool_addr_12_reg_2709">
<pin_list>
<pin id="2710" dir="0" index="0" bw="12" slack="1"/>
<pin id="2711" dir="1" index="1" bw="12" slack="1"/>
</pin_list>
<bind>
<opset="layer1_pool_addr_12 "/>
</bind>
</comp>

<comp id="2714" class="1005" name="conv2_w_load_reg_2714">
<pin_list>
<pin id="2715" dir="0" index="0" bw="32" slack="1"/>
<pin id="2716" dir="1" index="1" bw="32" slack="1"/>
</pin_list>
<bind>
<opset="conv2_w_load "/>
</bind>
</comp>

<comp id="2719" class="1005" name="conv2_w_load_1_reg_2719">
<pin_list>
<pin id="2720" dir="0" index="0" bw="32" slack="1"/>
<pin id="2721" dir="1" index="1" bw="32" slack="1"/>
</pin_list>
<bind>
<opset="conv2_w_load_1 "/>
</bind>
</comp>

<comp id="2724" class="1005" name="conv2_w_load_2_reg_2724">
<pin_list>
<pin id="2725" dir="0" index="0" bw="32" slack="1"/>
<pin id="2726" dir="1" index="1" bw="32" slack="1"/>
</pin_list>
<bind>
<opset="conv2_w_load_2 "/>
</bind>
</comp>

<comp id="2729" class="1005" name="conv2_w_load_3_reg_2729">
<pin_list>
<pin id="2730" dir="0" index="0" bw="32" slack="1"/>
<pin id="2731" dir="1" index="1" bw="32" slack="1"/>
</pin_list>
<bind>
<opset="conv2_w_load_3 "/>
</bind>
</comp>

<comp id="2734" class="1005" name="conv2_w_load_4_reg_2734">
<pin_list>
<pin id="2735" dir="0" index="0" bw="32" slack="1"/>
<pin id="2736" dir="1" index="1" bw="32" slack="1"/>
</pin_list>
<bind>
<opset="conv2_w_load_4 "/>
</bind>
</comp>

<comp id="2739" class="1005" name="conv2_w_load_5_reg_2739">
<pin_list>
<pin id="2740" dir="0" index="0" bw="32" slack="1"/>
<pin id="2741" dir="1" index="1" bw="32" slack="1"/>
</pin_list>
<bind>
<opset="conv2_w_load_5 "/>
</bind>
</comp>

<comp id="2744" class="1005" name="conv2_w_load_6_reg_2744">
<pin_list>
<pin id="2745" dir="0" index="0" bw="32" slack="1"/>
<pin id="2746" dir="1" index="1" bw="32" slack="1"/>
</pin_list>
<bind>
<opset="conv2_w_load_6 "/>
</bind>
</comp>

<comp id="2749" class="1005" name="conv2_w_load_7_reg_2749">
<pin_list>
<pin id="2750" dir="0" index="0" bw="32" slack="1"/>
<pin id="2751" dir="1" index="1" bw="32" slack="1"/>
</pin_list>
<bind>
<opset="conv2_w_load_7 "/>
</bind>
</comp>

<comp id="2754" class="1005" name="conv2_w_load_8_reg_2754">
<pin_list>
<pin id="2755" dir="0" index="0" bw="32" slack="1"/>
<pin id="2756" dir="1" index="1" bw="32" slack="1"/>
</pin_list>
<bind>
<opset="conv2_w_load_8 "/>
</bind>
</comp>

<comp id="2759" class="1005" name="conv2_w_load_9_reg_2759">
<pin_list>
<pin id="2760" dir="0" index="0" bw="32" slack="1"/>
<pin id="2761" dir="1" index="1" bw="32" slack="1"/>
</pin_list>
<bind>
<opset="conv2_w_load_9 "/>
</bind>
</comp>

<comp id="2764" class="1005" name="conv2_w_load_10_reg_2764">
<pin_list>
<pin id="2765" dir="0" index="0" bw="32" slack="1"/>
<pin id="2766" dir="1" index="1" bw="32" slack="1"/>
</pin_list>
<bind>
<opset="conv2_w_load_10 "/>
</bind>
</comp>

<comp id="2769" class="1005" name="conv2_w_load_11_reg_2769">
<pin_list>
<pin id="2770" dir="0" index="0" bw="32" slack="1"/>
<pin id="2771" dir="1" index="1" bw="32" slack="1"/>
</pin_list>
<bind>
<opset="conv2_w_load_11 "/>
</bind>
</comp>

<comp id="2774" class="1005" name="conv2_w_addr_12_reg_2774">
<pin_list>
<pin id="2775" dir="0" index="0" bw="9" slack="1"/>
<pin id="2776" dir="1" index="1" bw="9" slack="1"/>
</pin_list>
<bind>
<opset="conv2_w_addr_12 "/>
</bind>
</comp>

<comp id="2779" class="1005" name="conv2_w_addr_13_reg_2779">
<pin_list>
<pin id="2780" dir="0" index="0" bw="9" slack="1"/>
<pin id="2781" dir="1" index="1" bw="9" slack="1"/>
</pin_list>
<bind>
<opset="conv2_w_addr_13 "/>
</bind>
</comp>

<comp id="2784" class="1005" name="conv2_w_addr_14_reg_2784">
<pin_list>
<pin id="2785" dir="0" index="0" bw="9" slack="1"/>
<pin id="2786" dir="1" index="1" bw="9" slack="1"/>
</pin_list>
<bind>
<opset="conv2_w_addr_14 "/>
</bind>
</comp>

<comp id="2789" class="1005" name="conv2_w_addr_15_reg_2789">
<pin_list>
<pin id="2790" dir="0" index="0" bw="9" slack="1"/>
<pin id="2791" dir="1" index="1" bw="9" slack="1"/>
</pin_list>
<bind>
<opset="conv2_w_addr_15 "/>
</bind>
</comp>

<comp id="2794" class="1005" name="conv2_w_addr_16_reg_2794">
<pin_list>
<pin id="2795" dir="0" index="0" bw="9" slack="1"/>
<pin id="2796" dir="1" index="1" bw="9" slack="1"/>
</pin_list>
<bind>
<opset="conv2_w_addr_16 "/>
</bind>
</comp>

<comp id="2799" class="1005" name="conv2_w_addr_17_reg_2799">
<pin_list>
<pin id="2800" dir="0" index="0" bw="9" slack="1"/>
<pin id="2801" dir="1" index="1" bw="9" slack="1"/>
</pin_list>
<bind>
<opset="conv2_w_addr_17 "/>
</bind>
</comp>

<comp id="2804" class="1005" name="conv2_w_addr_18_reg_2804">
<pin_list>
<pin id="2805" dir="0" index="0" bw="9" slack="1"/>
<pin id="2806" dir="1" index="1" bw="9" slack="1"/>
</pin_list>
<bind>
<opset="conv2_w_addr_18 "/>
</bind>
</comp>

<comp id="2809" class="1005" name="conv2_w_addr_19_reg_2809">
<pin_list>
<pin id="2810" dir="0" index="0" bw="9" slack="1"/>
<pin id="2811" dir="1" index="1" bw="9" slack="1"/>
</pin_list>
<bind>
<opset="conv2_w_addr_19 "/>
</bind>
</comp>

<comp id="2814" class="1005" name="conv2_w_addr_20_reg_2814">
<pin_list>
<pin id="2815" dir="0" index="0" bw="9" slack="1"/>
<pin id="2816" dir="1" index="1" bw="9" slack="1"/>
</pin_list>
<bind>
<opset="conv2_w_addr_20 "/>
</bind>
</comp>

<comp id="2819" class="1005" name="conv2_w_addr_21_reg_2819">
<pin_list>
<pin id="2820" dir="0" index="0" bw="9" slack="1"/>
<pin id="2821" dir="1" index="1" bw="9" slack="1"/>
</pin_list>
<bind>
<opset="conv2_w_addr_21 "/>
</bind>
</comp>

<comp id="2824" class="1005" name="conv2_w_addr_22_reg_2824">
<pin_list>
<pin id="2825" dir="0" index="0" bw="9" slack="1"/>
<pin id="2826" dir="1" index="1" bw="9" slack="1"/>
</pin_list>
<bind>
<opset="conv2_w_addr_22 "/>
</bind>
</comp>

<comp id="2829" class="1005" name="conv2_w_addr_23_reg_2829">
<pin_list>
<pin id="2830" dir="0" index="0" bw="9" slack="1"/>
<pin id="2831" dir="1" index="1" bw="9" slack="1"/>
</pin_list>
<bind>
<opset="conv2_w_addr_23 "/>
</bind>
</comp>

<comp id="2834" class="1005" name="layer1_pool_addr_4_reg_2834">
<pin_list>
<pin id="2835" dir="0" index="0" bw="12" slack="1"/>
<pin id="2836" dir="1" index="1" bw="12" slack="1"/>
</pin_list>
<bind>
<opset="layer1_pool_addr_4 "/>
</bind>
</comp>

<comp id="2839" class="1005" name="layer1_pool_addr_13_reg_2839">
<pin_list>
<pin id="2840" dir="0" index="0" bw="12" slack="1"/>
<pin id="2841" dir="1" index="1" bw="12" slack="1"/>
</pin_list>
<bind>
<opset="layer1_pool_addr_13 "/>
</bind>
</comp>

<comp id="2844" class="1005" name="layer1_pool_addr_14_reg_2844">
<pin_list>
<pin id="2845" dir="0" index="0" bw="12" slack="1"/>
<pin id="2846" dir="1" index="1" bw="12" slack="1"/>
</pin_list>
<bind>
<opset="layer1_pool_addr_14 "/>
</bind>
</comp>

<comp id="2849" class="1005" name="layer1_pool_addr_15_reg_2849">
<pin_list>
<pin id="2850" dir="0" index="0" bw="12" slack="1"/>
<pin id="2851" dir="1" index="1" bw="12" slack="1"/>
</pin_list>
<bind>
<opset="layer1_pool_addr_15 "/>
</bind>
</comp>

<comp id="2854" class="1005" name="layer1_pool_load_reg_2854">
<pin_list>
<pin id="2855" dir="0" index="0" bw="32" slack="1"/>
<pin id="2856" dir="1" index="1" bw="32" slack="1"/>
</pin_list>
<bind>
<opset="layer1_pool_load "/>
</bind>
</comp>

<comp id="2859" class="1005" name="layer1_pool_load_1_reg_2859">
<pin_list>
<pin id="2860" dir="0" index="0" bw="32" slack="1"/>
<pin id="2861" dir="1" index="1" bw="32" slack="1"/>
</pin_list>
<bind>
<opset="layer1_pool_load_1 "/>
</bind>
</comp>

<comp id="2864" class="1005" name="layer1_pool_load_2_reg_2864">
<pin_list>
<pin id="2865" dir="0" index="0" bw="32" slack="1"/>
<pin id="2866" dir="1" index="1" bw="32" slack="1"/>
</pin_list>
<bind>
<opset="layer1_pool_load_2 "/>
</bind>
</comp>

<comp id="2869" class="1005" name="layer1_pool_load_3_reg_2869">
<pin_list>
<pin id="2870" dir="0" index="0" bw="32" slack="1"/>
<pin id="2871" dir="1" index="1" bw="32" slack="1"/>
</pin_list>
<bind>
<opset="layer1_pool_load_3 "/>
</bind>
</comp>

<comp id="2874" class="1005" name="layer1_pool_addr_17_reg_2874">
<pin_list>
<pin id="2875" dir="0" index="0" bw="12" slack="1"/>
<pin id="2876" dir="1" index="1" bw="12" slack="1"/>
</pin_list>
<bind>
<opset="layer1_pool_addr_17 "/>
</bind>
</comp>

<comp id="2879" class="1005" name="layer1_pool_addr_18_reg_2879">
<pin_list>
<pin id="2880" dir="0" index="0" bw="12" slack="1"/>
<pin id="2881" dir="1" index="1" bw="12" slack="1"/>
</pin_list>
<bind>
<opset="layer1_pool_addr_18 "/>
</bind>
</comp>

<comp id="2884" class="1005" name="layer1_pool_addr_19_reg_2884">
<pin_list>
<pin id="2885" dir="0" index="0" bw="12" slack="1"/>
<pin id="2886" dir="1" index="1" bw="12" slack="1"/>
</pin_list>
<bind>
<opset="layer1_pool_addr_19 "/>
</bind>
</comp>

<comp id="2889" class="1005" name="layer1_pool_addr_20_reg_2889">
<pin_list>
<pin id="2890" dir="0" index="0" bw="12" slack="1"/>
<pin id="2891" dir="1" index="1" bw="12" slack="1"/>
</pin_list>
<bind>
<opset="layer1_pool_addr_20 "/>
</bind>
</comp>

<comp id="2894" class="1005" name="layer1_pool_load_4_reg_2894">
<pin_list>
<pin id="2895" dir="0" index="0" bw="32" slack="1"/>
<pin id="2896" dir="1" index="1" bw="32" slack="1"/>
</pin_list>
<bind>
<opset="layer1_pool_load_4 "/>
</bind>
</comp>

<comp id="2899" class="1005" name="layer1_pool_load_5_reg_2899">
<pin_list>
<pin id="2900" dir="0" index="0" bw="32" slack="1"/>
<pin id="2901" dir="1" index="1" bw="32" slack="1"/>
</pin_list>
<bind>
<opset="layer1_pool_load_5 "/>
</bind>
</comp>

<comp id="2904" class="1005" name="layer1_pool_load_6_reg_2904">
<pin_list>
<pin id="2905" dir="0" index="0" bw="32" slack="1"/>
<pin id="2906" dir="1" index="1" bw="32" slack="1"/>
</pin_list>
<bind>
<opset="layer1_pool_load_6 "/>
</bind>
</comp>

<comp id="2909" class="1005" name="layer1_pool_load_7_reg_2909">
<pin_list>
<pin id="2910" dir="0" index="0" bw="32" slack="1"/>
<pin id="2911" dir="1" index="1" bw="32" slack="1"/>
</pin_list>
<bind>
<opset="layer1_pool_load_7 "/>
</bind>
</comp>

<comp id="2914" class="1005" name="layer1_pool_addr_21_reg_2914">
<pin_list>
<pin id="2915" dir="0" index="0" bw="12" slack="1"/>
<pin id="2916" dir="1" index="1" bw="12" slack="1"/>
</pin_list>
<bind>
<opset="layer1_pool_addr_21 "/>
</bind>
</comp>

<comp id="2919" class="1005" name="layer1_pool_addr_22_reg_2919">
<pin_list>
<pin id="2920" dir="0" index="0" bw="12" slack="1"/>
<pin id="2921" dir="1" index="1" bw="12" slack="1"/>
</pin_list>
<bind>
<opset="layer1_pool_addr_22 "/>
</bind>
</comp>

<comp id="2924" class="1005" name="layer1_pool_addr_23_reg_2924">
<pin_list>
<pin id="2925" dir="0" index="0" bw="12" slack="1"/>
<pin id="2926" dir="1" index="1" bw="12" slack="1"/>
</pin_list>
<bind>
<opset="layer1_pool_addr_23 "/>
</bind>
</comp>

<comp id="2929" class="1005" name="layer1_pool_addr_24_reg_2929">
<pin_list>
<pin id="2930" dir="0" index="0" bw="12" slack="1"/>
<pin id="2931" dir="1" index="1" bw="12" slack="1"/>
</pin_list>
<bind>
<opset="layer1_pool_addr_24 "/>
</bind>
</comp>

<comp id="2934" class="1005" name="layer1_pool_load_8_reg_2934">
<pin_list>
<pin id="2935" dir="0" index="0" bw="32" slack="1"/>
<pin id="2936" dir="1" index="1" bw="32" slack="1"/>
</pin_list>
<bind>
<opset="layer1_pool_load_8 "/>
</bind>
</comp>

<comp id="2939" class="1005" name="layer1_pool_load_9_reg_2939">
<pin_list>
<pin id="2940" dir="0" index="0" bw="32" slack="1"/>
<pin id="2941" dir="1" index="1" bw="32" slack="1"/>
</pin_list>
<bind>
<opset="layer1_pool_load_9 "/>
</bind>
</comp>

<comp id="2944" class="1005" name="layer1_pool_load_10_reg_2944">
<pin_list>
<pin id="2945" dir="0" index="0" bw="32" slack="1"/>
<pin id="2946" dir="1" index="1" bw="32" slack="1"/>
</pin_list>
<bind>
<opset="layer1_pool_load_10 "/>
</bind>
</comp>

<comp id="2949" class="1005" name="layer1_pool_load_11_reg_2949">
<pin_list>
<pin id="2950" dir="0" index="0" bw="32" slack="1"/>
<pin id="2951" dir="1" index="1" bw="32" slack="1"/>
</pin_list>
<bind>
<opset="layer1_pool_load_11 "/>
</bind>
</comp>

<comp id="2954" class="1005" name="conv2_w_load_12_reg_2954">
<pin_list>
<pin id="2955" dir="0" index="0" bw="32" slack="1"/>
<pin id="2956" dir="1" index="1" bw="32" slack="1"/>
</pin_list>
<bind>
<opset="conv2_w_load_12 "/>
</bind>
</comp>

<comp id="2959" class="1005" name="conv2_w_load_13_reg_2959">
<pin_list>
<pin id="2960" dir="0" index="0" bw="32" slack="1"/>
<pin id="2961" dir="1" index="1" bw="32" slack="1"/>
</pin_list>
<bind>
<opset="conv2_w_load_13 "/>
</bind>
</comp>

<comp id="2964" class="1005" name="conv2_w_load_14_reg_2964">
<pin_list>
<pin id="2965" dir="0" index="0" bw="32" slack="1"/>
<pin id="2966" dir="1" index="1" bw="32" slack="1"/>
</pin_list>
<bind>
<opset="conv2_w_load_14 "/>
</bind>
</comp>

<comp id="2969" class="1005" name="conv2_w_load_15_reg_2969">
<pin_list>
<pin id="2970" dir="0" index="0" bw="32" slack="1"/>
<pin id="2971" dir="1" index="1" bw="32" slack="1"/>
</pin_list>
<bind>
<opset="conv2_w_load_15 "/>
</bind>
</comp>

<comp id="2974" class="1005" name="conv2_w_load_16_reg_2974">
<pin_list>
<pin id="2975" dir="0" index="0" bw="32" slack="1"/>
<pin id="2976" dir="1" index="1" bw="32" slack="1"/>
</pin_list>
<bind>
<opset="conv2_w_load_16 "/>
</bind>
</comp>

<comp id="2979" class="1005" name="conv2_w_load_17_reg_2979">
<pin_list>
<pin id="2980" dir="0" index="0" bw="32" slack="1"/>
<pin id="2981" dir="1" index="1" bw="32" slack="1"/>
</pin_list>
<bind>
<opset="conv2_w_load_17 "/>
</bind>
</comp>

<comp id="2984" class="1005" name="conv2_w_load_18_reg_2984">
<pin_list>
<pin id="2985" dir="0" index="0" bw="32" slack="1"/>
<pin id="2986" dir="1" index="1" bw="32" slack="1"/>
</pin_list>
<bind>
<opset="conv2_w_load_18 "/>
</bind>
</comp>

<comp id="2989" class="1005" name="conv2_w_load_19_reg_2989">
<pin_list>
<pin id="2990" dir="0" index="0" bw="32" slack="1"/>
<pin id="2991" dir="1" index="1" bw="32" slack="1"/>
</pin_list>
<bind>
<opset="conv2_w_load_19 "/>
</bind>
</comp>

<comp id="2994" class="1005" name="conv2_w_load_20_reg_2994">
<pin_list>
<pin id="2995" dir="0" index="0" bw="32" slack="1"/>
<pin id="2996" dir="1" index="1" bw="32" slack="1"/>
</pin_list>
<bind>
<opset="conv2_w_load_20 "/>
</bind>
</comp>

<comp id="2999" class="1005" name="conv2_w_load_21_reg_2999">
<pin_list>
<pin id="3000" dir="0" index="0" bw="32" slack="1"/>
<pin id="3001" dir="1" index="1" bw="32" slack="1"/>
</pin_list>
<bind>
<opset="conv2_w_load_21 "/>
</bind>
</comp>

<comp id="3004" class="1005" name="conv2_w_load_22_reg_3004">
<pin_list>
<pin id="3005" dir="0" index="0" bw="32" slack="1"/>
<pin id="3006" dir="1" index="1" bw="32" slack="1"/>
</pin_list>
<bind>
<opset="conv2_w_load_22 "/>
</bind>
</comp>

<comp id="3009" class="1005" name="conv2_w_load_23_reg_3009">
<pin_list>
<pin id="3010" dir="0" index="0" bw="32" slack="1"/>
<pin id="3011" dir="1" index="1" bw="32" slack="1"/>
</pin_list>
<bind>
<opset="conv2_w_load_23 "/>
</bind>
</comp>

<comp id="3014" class="1005" name="conv2_w_addr_24_reg_3014">
<pin_list>
<pin id="3015" dir="0" index="0" bw="9" slack="1"/>
<pin id="3016" dir="1" index="1" bw="9" slack="1"/>
</pin_list>
<bind>
<opset="conv2_w_addr_24 "/>
</bind>
</comp>

<comp id="3019" class="1005" name="conv2_w_addr_25_reg_3019">
<pin_list>
<pin id="3020" dir="0" index="0" bw="9" slack="1"/>
<pin id="3021" dir="1" index="1" bw="9" slack="1"/>
</pin_list>
<bind>
<opset="conv2_w_addr_25 "/>
</bind>
</comp>

<comp id="3024" class="1005" name="conv2_w_addr_26_reg_3024">
<pin_list>
<pin id="3025" dir="0" index="0" bw="9" slack="1"/>
<pin id="3026" dir="1" index="1" bw="9" slack="1"/>
</pin_list>
<bind>
<opset="conv2_w_addr_26 "/>
</bind>
</comp>

<comp id="3029" class="1005" name="conv2_w_addr_27_reg_3029">
<pin_list>
<pin id="3030" dir="0" index="0" bw="9" slack="1"/>
<pin id="3031" dir="1" index="1" bw="9" slack="1"/>
</pin_list>
<bind>
<opset="conv2_w_addr_27 "/>
</bind>
</comp>

<comp id="3034" class="1005" name="conv2_w_addr_28_reg_3034">
<pin_list>
<pin id="3035" dir="0" index="0" bw="9" slack="1"/>
<pin id="3036" dir="1" index="1" bw="9" slack="1"/>
</pin_list>
<bind>
<opset="conv2_w_addr_28 "/>
</bind>
</comp>

<comp id="3039" class="1005" name="conv2_w_addr_29_reg_3039">
<pin_list>
<pin id="3040" dir="0" index="0" bw="9" slack="1"/>
<pin id="3041" dir="1" index="1" bw="9" slack="1"/>
</pin_list>
<bind>
<opset="conv2_w_addr_29 "/>
</bind>
</comp>

<comp id="3044" class="1005" name="conv2_w_addr_30_reg_3044">
<pin_list>
<pin id="3045" dir="0" index="0" bw="9" slack="1"/>
<pin id="3046" dir="1" index="1" bw="9" slack="1"/>
</pin_list>
<bind>
<opset="conv2_w_addr_30 "/>
</bind>
</comp>

<comp id="3049" class="1005" name="conv2_w_addr_31_reg_3049">
<pin_list>
<pin id="3050" dir="0" index="0" bw="9" slack="1"/>
<pin id="3051" dir="1" index="1" bw="9" slack="1"/>
</pin_list>
<bind>
<opset="conv2_w_addr_31 "/>
</bind>
</comp>

<comp id="3054" class="1005" name="conv2_w_addr_32_reg_3054">
<pin_list>
<pin id="3055" dir="0" index="0" bw="9" slack="1"/>
<pin id="3056" dir="1" index="1" bw="9" slack="1"/>
</pin_list>
<bind>
<opset="conv2_w_addr_32 "/>
</bind>
</comp>

<comp id="3059" class="1005" name="conv2_w_addr_33_reg_3059">
<pin_list>
<pin id="3060" dir="0" index="0" bw="9" slack="1"/>
<pin id="3061" dir="1" index="1" bw="9" slack="1"/>
</pin_list>
<bind>
<opset="conv2_w_addr_33 "/>
</bind>
</comp>

<comp id="3064" class="1005" name="conv2_w_addr_34_reg_3064">
<pin_list>
<pin id="3065" dir="0" index="0" bw="9" slack="1"/>
<pin id="3066" dir="1" index="1" bw="9" slack="1"/>
</pin_list>
<bind>
<opset="conv2_w_addr_34 "/>
</bind>
</comp>

<comp id="3069" class="1005" name="conv2_w_addr_35_reg_3069">
<pin_list>
<pin id="3070" dir="0" index="0" bw="9" slack="1"/>
<pin id="3071" dir="1" index="1" bw="9" slack="1"/>
</pin_list>
<bind>
<opset="conv2_w_addr_35 "/>
</bind>
</comp>

<comp id="3074" class="1005" name="zext_ln135_7_reg_3074">
<pin_list>
<pin id="3075" dir="0" index="0" bw="10" slack="1"/>
<pin id="3076" dir="1" index="1" bw="10" slack="1"/>
</pin_list>
<bind>
<opset="zext_ln135_7 "/>
</bind>
</comp>

<comp id="3079" class="1005" name="layer1_pool_addr_16_reg_3079">
<pin_list>
<pin id="3080" dir="0" index="0" bw="12" slack="1"/>
<pin id="3081" dir="1" index="1" bw="12" slack="1"/>
</pin_list>
<bind>
<opset="layer1_pool_addr_16 "/>
</bind>
</comp>

<comp id="3084" class="1005" name="layer1_pool_addr_25_reg_3084">
<pin_list>
<pin id="3085" dir="0" index="0" bw="12" slack="1"/>
<pin id="3086" dir="1" index="1" bw="12" slack="1"/>
</pin_list>
<bind>
<opset="layer1_pool_addr_25 "/>
</bind>
</comp>

<comp id="3089" class="1005" name="layer1_pool_addr_26_reg_3089">
<pin_list>
<pin id="3090" dir="0" index="0" bw="12" slack="1"/>
<pin id="3091" dir="1" index="1" bw="12" slack="1"/>
</pin_list>
<bind>
<opset="layer1_pool_addr_26 "/>
</bind>
</comp>

<comp id="3094" class="1005" name="layer1_pool_addr_27_reg_3094">
<pin_list>
<pin id="3095" dir="0" index="0" bw="12" slack="1"/>
<pin id="3096" dir="1" index="1" bw="12" slack="1"/>
</pin_list>
<bind>
<opset="layer1_pool_addr_27 "/>
</bind>
</comp>

<comp id="3099" class="1005" name="layer1_pool_addr_28_reg_3099">
<pin_list>
<pin id="3100" dir="0" index="0" bw="12" slack="1"/>
<pin id="3101" dir="1" index="1" bw="12" slack="1"/>
</pin_list>
<bind>
<opset="layer1_pool_addr_28 "/>
</bind>
</comp>

<comp id="3104" class="1005" name="layer1_pool_addr_29_reg_3104">
<pin_list>
<pin id="3105" dir="0" index="0" bw="12" slack="1"/>
<pin id="3106" dir="1" index="1" bw="12" slack="1"/>
</pin_list>
<bind>
<opset="layer1_pool_addr_29 "/>
</bind>
</comp>

<comp id="3109" class="1005" name="layer1_pool_addr_30_reg_3109">
<pin_list>
<pin id="3110" dir="0" index="0" bw="12" slack="1"/>
<pin id="3111" dir="1" index="1" bw="12" slack="1"/>
</pin_list>
<bind>
<opset="layer1_pool_addr_30 "/>
</bind>
</comp>

<comp id="3114" class="1005" name="layer1_pool_addr_31_reg_3114">
<pin_list>
<pin id="3115" dir="0" index="0" bw="12" slack="1"/>
<pin id="3116" dir="1" index="1" bw="12" slack="1"/>
</pin_list>
<bind>
<opset="layer1_pool_addr_31 "/>
</bind>
</comp>

<comp id="3119" class="1005" name="layer1_pool_addr_32_reg_3119">
<pin_list>
<pin id="3120" dir="0" index="0" bw="12" slack="1"/>
<pin id="3121" dir="1" index="1" bw="12" slack="1"/>
</pin_list>
<bind>
<opset="layer1_pool_addr_32 "/>
</bind>
</comp>

<comp id="3124" class="1005" name="layer1_pool_addr_33_reg_3124">
<pin_list>
<pin id="3125" dir="0" index="0" bw="12" slack="1"/>
<pin id="3126" dir="1" index="1" bw="12" slack="1"/>
</pin_list>
<bind>
<opset="layer1_pool_addr_33 "/>
</bind>
</comp>

<comp id="3129" class="1005" name="layer1_pool_addr_34_reg_3129">
<pin_list>
<pin id="3130" dir="0" index="0" bw="12" slack="1"/>
<pin id="3131" dir="1" index="1" bw="12" slack="1"/>
</pin_list>
<bind>
<opset="layer1_pool_addr_34 "/>
</bind>
</comp>

<comp id="3134" class="1005" name="layer1_pool_addr_35_reg_3134">
<pin_list>
<pin id="3135" dir="0" index="0" bw="12" slack="1"/>
<pin id="3136" dir="1" index="1" bw="12" slack="1"/>
</pin_list>
<bind>
<opset="layer1_pool_addr_35 "/>
</bind>
</comp>

<comp id="3139" class="1005" name="layer1_pool_load_12_reg_3139">
<pin_list>
<pin id="3140" dir="0" index="0" bw="32" slack="1"/>
<pin id="3141" dir="1" index="1" bw="32" slack="1"/>
</pin_list>
<bind>
<opset="layer1_pool_load_12 "/>
</bind>
</comp>

<comp id="3144" class="1005" name="layer1_pool_load_13_reg_3144">
<pin_list>
<pin id="3145" dir="0" index="0" bw="32" slack="1"/>
<pin id="3146" dir="1" index="1" bw="32" slack="1"/>
</pin_list>
<bind>
<opset="layer1_pool_load_13 "/>
</bind>
</comp>

<comp id="3149" class="1005" name="layer1_pool_load_14_reg_3149">
<pin_list>
<pin id="3150" dir="0" index="0" bw="32" slack="1"/>
<pin id="3151" dir="1" index="1" bw="32" slack="1"/>
</pin_list>
<bind>
<opset="layer1_pool_load_14 "/>
</bind>
</comp>

<comp id="3154" class="1005" name="layer1_pool_load_15_reg_3154">
<pin_list>
<pin id="3155" dir="0" index="0" bw="32" slack="1"/>
<pin id="3156" dir="1" index="1" bw="32" slack="1"/>
</pin_list>
<bind>
<opset="layer1_pool_load_15 "/>
</bind>
</comp>

<comp id="3159" class="1005" name="layer1_pool_load_16_reg_3159">
<pin_list>
<pin id="3160" dir="0" index="0" bw="32" slack="1"/>
<pin id="3161" dir="1" index="1" bw="32" slack="1"/>
</pin_list>
<bind>
<opset="layer1_pool_load_16 "/>
</bind>
</comp>

<comp id="3164" class="1005" name="layer1_pool_load_17_reg_3164">
<pin_list>
<pin id="3165" dir="0" index="0" bw="32" slack="1"/>
<pin id="3166" dir="1" index="1" bw="32" slack="1"/>
</pin_list>
<bind>
<opset="layer1_pool_load_17 "/>
</bind>
</comp>

<comp id="3169" class="1005" name="layer1_pool_load_18_reg_3169">
<pin_list>
<pin id="3170" dir="0" index="0" bw="32" slack="1"/>
<pin id="3171" dir="1" index="1" bw="32" slack="1"/>
</pin_list>
<bind>
<opset="layer1_pool_load_18 "/>
</bind>
</comp>

<comp id="3174" class="1005" name="layer1_pool_load_19_reg_3174">
<pin_list>
<pin id="3175" dir="0" index="0" bw="32" slack="1"/>
<pin id="3176" dir="1" index="1" bw="32" slack="1"/>
</pin_list>
<bind>
<opset="layer1_pool_load_19 "/>
</bind>
</comp>

<comp id="3179" class="1005" name="layer1_pool_load_20_reg_3179">
<pin_list>
<pin id="3180" dir="0" index="0" bw="32" slack="1"/>
<pin id="3181" dir="1" index="1" bw="32" slack="1"/>
</pin_list>
<bind>
<opset="layer1_pool_load_20 "/>
</bind>
</comp>

<comp id="3184" class="1005" name="layer1_pool_load_21_reg_3184">
<pin_list>
<pin id="3185" dir="0" index="0" bw="32" slack="1"/>
<pin id="3186" dir="1" index="1" bw="32" slack="1"/>
</pin_list>
<bind>
<opset="layer1_pool_load_21 "/>
</bind>
</comp>

<comp id="3189" class="1005" name="layer1_pool_load_22_reg_3189">
<pin_list>
<pin id="3190" dir="0" index="0" bw="32" slack="1"/>
<pin id="3191" dir="1" index="1" bw="32" slack="1"/>
</pin_list>
<bind>
<opset="layer1_pool_load_22 "/>
</bind>
</comp>

<comp id="3194" class="1005" name="layer1_pool_load_23_reg_3194">
<pin_list>
<pin id="3195" dir="0" index="0" bw="32" slack="1"/>
<pin id="3196" dir="1" index="1" bw="32" slack="1"/>
</pin_list>
<bind>
<opset="layer1_pool_load_23 "/>
</bind>
</comp>

<comp id="3199" class="1005" name="conv2_b_addr_reg_3199">
<pin_list>
<pin id="3200" dir="0" index="0" bw="3" slack="1"/>
<pin id="3201" dir="1" index="1" bw="3" slack="1"/>
</pin_list>
<bind>
<opset="conv2_b_addr "/>
</bind>
</comp>

<comp id="3204" class="1005" name="conv2_w_load_24_reg_3204">
<pin_list>
<pin id="3205" dir="0" index="0" bw="32" slack="1"/>
<pin id="3206" dir="1" index="1" bw="32" slack="1"/>
</pin_list>
<bind>
<opset="conv2_w_load_24 "/>
</bind>
</comp>

<comp id="3209" class="1005" name="conv2_w_load_25_reg_3209">
<pin_list>
<pin id="3210" dir="0" index="0" bw="32" slack="1"/>
<pin id="3211" dir="1" index="1" bw="32" slack="1"/>
</pin_list>
<bind>
<opset="conv2_w_load_25 "/>
</bind>
</comp>

<comp id="3214" class="1005" name="conv2_w_load_26_reg_3214">
<pin_list>
<pin id="3215" dir="0" index="0" bw="32" slack="1"/>
<pin id="3216" dir="1" index="1" bw="32" slack="1"/>
</pin_list>
<bind>
<opset="conv2_w_load_26 "/>
</bind>
</comp>

<comp id="3219" class="1005" name="conv2_w_load_27_reg_3219">
<pin_list>
<pin id="3220" dir="0" index="0" bw="32" slack="1"/>
<pin id="3221" dir="1" index="1" bw="32" slack="1"/>
</pin_list>
<bind>
<opset="conv2_w_load_27 "/>
</bind>
</comp>

<comp id="3224" class="1005" name="conv2_w_load_28_reg_3224">
<pin_list>
<pin id="3225" dir="0" index="0" bw="32" slack="1"/>
<pin id="3226" dir="1" index="1" bw="32" slack="1"/>
</pin_list>
<bind>
<opset="conv2_w_load_28 "/>
</bind>
</comp>

<comp id="3229" class="1005" name="conv2_w_load_29_reg_3229">
<pin_list>
<pin id="3230" dir="0" index="0" bw="32" slack="1"/>
<pin id="3231" dir="1" index="1" bw="32" slack="1"/>
</pin_list>
<bind>
<opset="conv2_w_load_29 "/>
</bind>
</comp>

<comp id="3234" class="1005" name="conv2_w_load_30_reg_3234">
<pin_list>
<pin id="3235" dir="0" index="0" bw="32" slack="1"/>
<pin id="3236" dir="1" index="1" bw="32" slack="1"/>
</pin_list>
<bind>
<opset="conv2_w_load_30 "/>
</bind>
</comp>

<comp id="3239" class="1005" name="conv2_w_load_31_reg_3239">
<pin_list>
<pin id="3240" dir="0" index="0" bw="32" slack="1"/>
<pin id="3241" dir="1" index="1" bw="32" slack="1"/>
</pin_list>
<bind>
<opset="conv2_w_load_31 "/>
</bind>
</comp>

<comp id="3244" class="1005" name="conv2_w_load_32_reg_3244">
<pin_list>
<pin id="3245" dir="0" index="0" bw="32" slack="1"/>
<pin id="3246" dir="1" index="1" bw="32" slack="1"/>
</pin_list>
<bind>
<opset="conv2_w_load_32 "/>
</bind>
</comp>

<comp id="3249" class="1005" name="conv2_w_load_33_reg_3249">
<pin_list>
<pin id="3250" dir="0" index="0" bw="32" slack="1"/>
<pin id="3251" dir="1" index="1" bw="32" slack="1"/>
</pin_list>
<bind>
<opset="conv2_w_load_33 "/>
</bind>
</comp>

<comp id="3254" class="1005" name="conv2_w_load_34_reg_3254">
<pin_list>
<pin id="3255" dir="0" index="0" bw="32" slack="1"/>
<pin id="3256" dir="1" index="1" bw="32" slack="1"/>
</pin_list>
<bind>
<opset="conv2_w_load_34 "/>
</bind>
</comp>

<comp id="3259" class="1005" name="conv2_w_load_35_reg_3259">
<pin_list>
<pin id="3260" dir="0" index="0" bw="32" slack="1"/>
<pin id="3261" dir="1" index="1" bw="32" slack="1"/>
</pin_list>
<bind>
<opset="conv2_w_load_35 "/>
</bind>
</comp>

<comp id="3264" class="1005" name="add_ln139_1_reg_3264">
<pin_list>
<pin id="3265" dir="0" index="0" bw="13" slack="183"/>
<pin id="3266" dir="1" index="1" bw="13" slack="183"/>
</pin_list>
<bind>
<opset="add_ln139_1 "/>
</bind>
</comp>

<comp id="3269" class="1005" name="layer1_pool_load_24_reg_3269">
<pin_list>
<pin id="3270" dir="0" index="0" bw="32" slack="1"/>
<pin id="3271" dir="1" index="1" bw="32" slack="1"/>
</pin_list>
<bind>
<opset="layer1_pool_load_24 "/>
</bind>
</comp>

<comp id="3274" class="1005" name="layer1_pool_load_25_reg_3274">
<pin_list>
<pin id="3275" dir="0" index="0" bw="32" slack="1"/>
<pin id="3276" dir="1" index="1" bw="32" slack="1"/>
</pin_list>
<bind>
<opset="layer1_pool_load_25 "/>
</bind>
</comp>

<comp id="3279" class="1005" name="layer1_pool_load_26_reg_3279">
<pin_list>
<pin id="3280" dir="0" index="0" bw="32" slack="1"/>
<pin id="3281" dir="1" index="1" bw="32" slack="1"/>
</pin_list>
<bind>
<opset="layer1_pool_load_26 "/>
</bind>
</comp>

<comp id="3284" class="1005" name="layer1_pool_load_27_reg_3284">
<pin_list>
<pin id="3285" dir="0" index="0" bw="32" slack="1"/>
<pin id="3286" dir="1" index="1" bw="32" slack="1"/>
</pin_list>
<bind>
<opset="layer1_pool_load_27 "/>
</bind>
</comp>

<comp id="3289" class="1005" name="layer1_pool_load_28_reg_3289">
<pin_list>
<pin id="3290" dir="0" index="0" bw="32" slack="1"/>
<pin id="3291" dir="1" index="1" bw="32" slack="1"/>
</pin_list>
<bind>
<opset="layer1_pool_load_28 "/>
</bind>
</comp>

<comp id="3294" class="1005" name="layer1_pool_load_29_reg_3294">
<pin_list>
<pin id="3295" dir="0" index="0" bw="32" slack="1"/>
<pin id="3296" dir="1" index="1" bw="32" slack="1"/>
</pin_list>
<bind>
<opset="layer1_pool_load_29 "/>
</bind>
</comp>

<comp id="3299" class="1005" name="layer1_pool_load_30_reg_3299">
<pin_list>
<pin id="3300" dir="0" index="0" bw="32" slack="1"/>
<pin id="3301" dir="1" index="1" bw="32" slack="1"/>
</pin_list>
<bind>
<opset="layer1_pool_load_30 "/>
</bind>
</comp>

<comp id="3304" class="1005" name="layer1_pool_load_31_reg_3304">
<pin_list>
<pin id="3305" dir="0" index="0" bw="32" slack="1"/>
<pin id="3306" dir="1" index="1" bw="32" slack="1"/>
</pin_list>
<bind>
<opset="layer1_pool_load_31 "/>
</bind>
</comp>

<comp id="3309" class="1005" name="layer1_pool_load_32_reg_3309">
<pin_list>
<pin id="3310" dir="0" index="0" bw="32" slack="1"/>
<pin id="3311" dir="1" index="1" bw="32" slack="1"/>
</pin_list>
<bind>
<opset="layer1_pool_load_32 "/>
</bind>
</comp>

<comp id="3314" class="1005" name="layer1_pool_load_33_reg_3314">
<pin_list>
<pin id="3315" dir="0" index="0" bw="32" slack="1"/>
<pin id="3316" dir="1" index="1" bw="32" slack="1"/>
</pin_list>
<bind>
<opset="layer1_pool_load_33 "/>
</bind>
</comp>

<comp id="3319" class="1005" name="layer1_pool_load_34_reg_3319">
<pin_list>
<pin id="3320" dir="0" index="0" bw="32" slack="1"/>
<pin id="3321" dir="1" index="1" bw="32" slack="1"/>
</pin_list>
<bind>
<opset="layer1_pool_load_34 "/>
</bind>
</comp>

<comp id="3324" class="1005" name="layer1_pool_load_35_reg_3324">
<pin_list>
<pin id="3325" dir="0" index="0" bw="32" slack="1"/>
<pin id="3326" dir="1" index="1" bw="32" slack="1"/>
</pin_list>
<bind>
<opset="layer1_pool_load_35 "/>
</bind>
</comp>

<comp id="3329" class="1005" name="conv2_b_load_reg_3329">
<pin_list>
<pin id="3330" dir="0" index="0" bw="32" slack="1"/>
<pin id="3331" dir="1" index="1" bw="32" slack="1"/>
</pin_list>
<bind>
<opset="conv2_b_load "/>
</bind>
</comp>

<comp id="3334" class="1005" name="mul3_reg_3334">
<pin_list>
<pin id="3335" dir="0" index="0" bw="32" slack="1"/>
<pin id="3336" dir="1" index="1" bw="32" slack="1"/>
</pin_list>
<bind>
<opset="mul3 "/>
</bind>
</comp>

<comp id="3339" class="1005" name="mul3_0_0_1_reg_3339">
<pin_list>
<pin id="3340" dir="0" index="0" bw="32" slack="6"/>
<pin id="3341" dir="1" index="1" bw="32" slack="6"/>
</pin_list>
<bind>
<opset="mul3_0_0_1 "/>
</bind>
</comp>

<comp id="3344" class="1005" name="mul3_0_0_2_reg_3344">
<pin_list>
<pin id="3345" dir="0" index="0" bw="32" slack="11"/>
<pin id="3346" dir="1" index="1" bw="32" slack="11"/>
</pin_list>
<bind>
<opset="mul3_0_0_2 "/>
</bind>
</comp>

<comp id="3349" class="1005" name="mul3_0_0_3_reg_3349">
<pin_list>
<pin id="3350" dir="0" index="0" bw="32" slack="16"/>
<pin id="3351" dir="1" index="1" bw="32" slack="16"/>
</pin_list>
<bind>
<opset="mul3_0_0_3 "/>
</bind>
</comp>

<comp id="3354" class="1005" name="mul3_0_1_reg_3354">
<pin_list>
<pin id="3355" dir="0" index="0" bw="32" slack="21"/>
<pin id="3356" dir="1" index="1" bw="32" slack="21"/>
</pin_list>
<bind>
<opset="mul3_0_1 "/>
</bind>
</comp>

<comp id="3359" class="1005" name="mul3_0_1_1_reg_3359">
<pin_list>
<pin id="3360" dir="0" index="0" bw="32" slack="26"/>
<pin id="3361" dir="1" index="1" bw="32" slack="26"/>
</pin_list>
<bind>
<opset="mul3_0_1_1 "/>
</bind>
</comp>

<comp id="3364" class="1005" name="mul3_0_1_2_reg_3364">
<pin_list>
<pin id="3365" dir="0" index="0" bw="32" slack="31"/>
<pin id="3366" dir="1" index="1" bw="32" slack="31"/>
</pin_list>
<bind>
<opset="mul3_0_1_2 "/>
</bind>
</comp>

<comp id="3369" class="1005" name="mul3_0_1_3_reg_3369">
<pin_list>
<pin id="3370" dir="0" index="0" bw="32" slack="36"/>
<pin id="3371" dir="1" index="1" bw="32" slack="36"/>
</pin_list>
<bind>
<opset="mul3_0_1_3 "/>
</bind>
</comp>

<comp id="3374" class="1005" name="mul3_0_2_reg_3374">
<pin_list>
<pin id="3375" dir="0" index="0" bw="32" slack="41"/>
<pin id="3376" dir="1" index="1" bw="32" slack="41"/>
</pin_list>
<bind>
<opset="mul3_0_2 "/>
</bind>
</comp>

<comp id="3379" class="1005" name="mul3_0_2_1_reg_3379">
<pin_list>
<pin id="3380" dir="0" index="0" bw="32" slack="46"/>
<pin id="3381" dir="1" index="1" bw="32" slack="46"/>
</pin_list>
<bind>
<opset="mul3_0_2_1 "/>
</bind>
</comp>

<comp id="3384" class="1005" name="mul3_0_2_2_reg_3384">
<pin_list>
<pin id="3385" dir="0" index="0" bw="32" slack="51"/>
<pin id="3386" dir="1" index="1" bw="32" slack="51"/>
</pin_list>
<bind>
<opset="mul3_0_2_2 "/>
</bind>
</comp>

<comp id="3389" class="1005" name="mul3_0_2_3_reg_3389">
<pin_list>
<pin id="3390" dir="0" index="0" bw="32" slack="56"/>
<pin id="3391" dir="1" index="1" bw="32" slack="56"/>
</pin_list>
<bind>
<opset="mul3_0_2_3 "/>
</bind>
</comp>

<comp id="3394" class="1005" name="mul3_1_reg_3394">
<pin_list>
<pin id="3395" dir="0" index="0" bw="32" slack="60"/>
<pin id="3396" dir="1" index="1" bw="32" slack="60"/>
</pin_list>
<bind>
<opset="mul3_1 "/>
</bind>
</comp>

<comp id="3399" class="1005" name="mul3_1_0_1_reg_3399">
<pin_list>
<pin id="3400" dir="0" index="0" bw="32" slack="65"/>
<pin id="3401" dir="1" index="1" bw="32" slack="65"/>
</pin_list>
<bind>
<opset="mul3_1_0_1 "/>
</bind>
</comp>

<comp id="3404" class="1005" name="mul3_1_0_2_reg_3404">
<pin_list>
<pin id="3405" dir="0" index="0" bw="32" slack="70"/>
<pin id="3406" dir="1" index="1" bw="32" slack="70"/>
</pin_list>
<bind>
<opset="mul3_1_0_2 "/>
</bind>
</comp>

<comp id="3409" class="1005" name="mul3_1_0_3_reg_3409">
<pin_list>
<pin id="3410" dir="0" index="0" bw="32" slack="75"/>
<pin id="3411" dir="1" index="1" bw="32" slack="75"/>
</pin_list>
<bind>
<opset="mul3_1_0_3 "/>
</bind>
</comp>

<comp id="3414" class="1005" name="mul3_1_1_reg_3414">
<pin_list>
<pin id="3415" dir="0" index="0" bw="32" slack="80"/>
<pin id="3416" dir="1" index="1" bw="32" slack="80"/>
</pin_list>
<bind>
<opset="mul3_1_1 "/>
</bind>
</comp>

<comp id="3419" class="1005" name="mul3_1_1_1_reg_3419">
<pin_list>
<pin id="3420" dir="0" index="0" bw="32" slack="85"/>
<pin id="3421" dir="1" index="1" bw="32" slack="85"/>
</pin_list>
<bind>
<opset="mul3_1_1_1 "/>
</bind>
</comp>

<comp id="3424" class="1005" name="mul3_1_1_2_reg_3424">
<pin_list>
<pin id="3425" dir="0" index="0" bw="32" slack="90"/>
<pin id="3426" dir="1" index="1" bw="32" slack="90"/>
</pin_list>
<bind>
<opset="mul3_1_1_2 "/>
</bind>
</comp>

<comp id="3429" class="1005" name="mul3_1_1_3_reg_3429">
<pin_list>
<pin id="3430" dir="0" index="0" bw="32" slack="95"/>
<pin id="3431" dir="1" index="1" bw="32" slack="95"/>
</pin_list>
<bind>
<opset="mul3_1_1_3 "/>
</bind>
</comp>

<comp id="3434" class="1005" name="mul3_1_2_reg_3434">
<pin_list>
<pin id="3435" dir="0" index="0" bw="32" slack="100"/>
<pin id="3436" dir="1" index="1" bw="32" slack="100"/>
</pin_list>
<bind>
<opset="mul3_1_2 "/>
</bind>
</comp>

<comp id="3439" class="1005" name="mul3_1_2_1_reg_3439">
<pin_list>
<pin id="3440" dir="0" index="0" bw="32" slack="105"/>
<pin id="3441" dir="1" index="1" bw="32" slack="105"/>
</pin_list>
<bind>
<opset="mul3_1_2_1 "/>
</bind>
</comp>

<comp id="3444" class="1005" name="mul3_1_2_2_reg_3444">
<pin_list>
<pin id="3445" dir="0" index="0" bw="32" slack="110"/>
<pin id="3446" dir="1" index="1" bw="32" slack="110"/>
</pin_list>
<bind>
<opset="mul3_1_2_2 "/>
</bind>
</comp>

<comp id="3449" class="1005" name="mul3_1_2_3_reg_3449">
<pin_list>
<pin id="3450" dir="0" index="0" bw="32" slack="115"/>
<pin id="3451" dir="1" index="1" bw="32" slack="115"/>
</pin_list>
<bind>
<opset="mul3_1_2_3 "/>
</bind>
</comp>

<comp id="3454" class="1005" name="mul3_2_reg_3454">
<pin_list>
<pin id="3455" dir="0" index="0" bw="32" slack="119"/>
<pin id="3456" dir="1" index="1" bw="32" slack="119"/>
</pin_list>
<bind>
<opset="mul3_2 "/>
</bind>
</comp>

<comp id="3459" class="1005" name="mul3_2_0_1_reg_3459">
<pin_list>
<pin id="3460" dir="0" index="0" bw="32" slack="124"/>
<pin id="3461" dir="1" index="1" bw="32" slack="124"/>
</pin_list>
<bind>
<opset="mul3_2_0_1 "/>
</bind>
</comp>

<comp id="3464" class="1005" name="mul3_2_0_2_reg_3464">
<pin_list>
<pin id="3465" dir="0" index="0" bw="32" slack="129"/>
<pin id="3466" dir="1" index="1" bw="32" slack="129"/>
</pin_list>
<bind>
<opset="mul3_2_0_2 "/>
</bind>
</comp>

<comp id="3469" class="1005" name="mul3_2_0_3_reg_3469">
<pin_list>
<pin id="3470" dir="0" index="0" bw="32" slack="134"/>
<pin id="3471" dir="1" index="1" bw="32" slack="134"/>
</pin_list>
<bind>
<opset="mul3_2_0_3 "/>
</bind>
</comp>

<comp id="3474" class="1005" name="mul3_2_1_reg_3474">
<pin_list>
<pin id="3475" dir="0" index="0" bw="32" slack="139"/>
<pin id="3476" dir="1" index="1" bw="32" slack="139"/>
</pin_list>
<bind>
<opset="mul3_2_1 "/>
</bind>
</comp>

<comp id="3479" class="1005" name="mul3_2_1_1_reg_3479">
<pin_list>
<pin id="3480" dir="0" index="0" bw="32" slack="144"/>
<pin id="3481" dir="1" index="1" bw="32" slack="144"/>
</pin_list>
<bind>
<opset="mul3_2_1_1 "/>
</bind>
</comp>

<comp id="3484" class="1005" name="mul3_2_1_2_reg_3484">
<pin_list>
<pin id="3485" dir="0" index="0" bw="32" slack="149"/>
<pin id="3486" dir="1" index="1" bw="32" slack="149"/>
</pin_list>
<bind>
<opset="mul3_2_1_2 "/>
</bind>
</comp>

<comp id="3489" class="1005" name="mul3_2_1_3_reg_3489">
<pin_list>
<pin id="3490" dir="0" index="0" bw="32" slack="154"/>
<pin id="3491" dir="1" index="1" bw="32" slack="154"/>
</pin_list>
<bind>
<opset="mul3_2_1_3 "/>
</bind>
</comp>

<comp id="3494" class="1005" name="mul3_2_2_reg_3494">
<pin_list>
<pin id="3495" dir="0" index="0" bw="32" slack="159"/>
<pin id="3496" dir="1" index="1" bw="32" slack="159"/>
</pin_list>
<bind>
<opset="mul3_2_2 "/>
</bind>
</comp>

<comp id="3499" class="1005" name="mul3_2_2_1_reg_3499">
<pin_list>
<pin id="3500" dir="0" index="0" bw="32" slack="164"/>
<pin id="3501" dir="1" index="1" bw="32" slack="164"/>
</pin_list>
<bind>
<opset="mul3_2_2_1 "/>
</bind>
</comp>

<comp id="3504" class="1005" name="mul3_2_2_2_reg_3504">
<pin_list>
<pin id="3505" dir="0" index="0" bw="32" slack="169"/>
<pin id="3506" dir="1" index="1" bw="32" slack="169"/>
</pin_list>
<bind>
<opset="mul3_2_2_2 "/>
</bind>
</comp>

<comp id="3509" class="1005" name="mul3_2_2_3_reg_3509">
<pin_list>
<pin id="3510" dir="0" index="0" bw="32" slack="174"/>
<pin id="3511" dir="1" index="1" bw="32" slack="174"/>
</pin_list>
<bind>
<opset="mul3_2_2_3 "/>
</bind>
</comp>

<comp id="3514" class="1005" name="sum_9_reg_3514">
<pin_list>
<pin id="3515" dir="0" index="0" bw="32" slack="1"/>
<pin id="3516" dir="1" index="1" bw="32" slack="1"/>
</pin_list>
<bind>
<opset="sum_9 "/>
</bind>
</comp>

<comp id="3519" class="1005" name="sum_9_0_0_1_reg_3519">
<pin_list>
<pin id="3520" dir="0" index="0" bw="32" slack="1"/>
<pin id="3521" dir="1" index="1" bw="32" slack="1"/>
</pin_list>
<bind>
<opset="sum_9_0_0_1 "/>
</bind>
</comp>

<comp id="3524" class="1005" name="sum_9_0_0_2_reg_3524">
<pin_list>
<pin id="3525" dir="0" index="0" bw="32" slack="1"/>
<pin id="3526" dir="1" index="1" bw="32" slack="1"/>
</pin_list>
<bind>
<opset="sum_9_0_0_2 "/>
</bind>
</comp>

<comp id="3529" class="1005" name="sum_9_0_0_3_reg_3529">
<pin_list>
<pin id="3530" dir="0" index="0" bw="32" slack="1"/>
<pin id="3531" dir="1" index="1" bw="32" slack="1"/>
</pin_list>
<bind>
<opset="sum_9_0_0_3 "/>
</bind>
</comp>

<comp id="3534" class="1005" name="sum_9_0_1_reg_3534">
<pin_list>
<pin id="3535" dir="0" index="0" bw="32" slack="1"/>
<pin id="3536" dir="1" index="1" bw="32" slack="1"/>
</pin_list>
<bind>
<opset="sum_9_0_1 "/>
</bind>
</comp>

<comp id="3539" class="1005" name="sum_9_0_1_1_reg_3539">
<pin_list>
<pin id="3540" dir="0" index="0" bw="32" slack="1"/>
<pin id="3541" dir="1" index="1" bw="32" slack="1"/>
</pin_list>
<bind>
<opset="sum_9_0_1_1 "/>
</bind>
</comp>

<comp id="3544" class="1005" name="sum_9_0_1_2_reg_3544">
<pin_list>
<pin id="3545" dir="0" index="0" bw="32" slack="1"/>
<pin id="3546" dir="1" index="1" bw="32" slack="1"/>
</pin_list>
<bind>
<opset="sum_9_0_1_2 "/>
</bind>
</comp>

<comp id="3549" class="1005" name="sum_9_0_1_3_reg_3549">
<pin_list>
<pin id="3550" dir="0" index="0" bw="32" slack="1"/>
<pin id="3551" dir="1" index="1" bw="32" slack="1"/>
</pin_list>
<bind>
<opset="sum_9_0_1_3 "/>
</bind>
</comp>

<comp id="3554" class="1005" name="sum_9_0_2_reg_3554">
<pin_list>
<pin id="3555" dir="0" index="0" bw="32" slack="1"/>
<pin id="3556" dir="1" index="1" bw="32" slack="1"/>
</pin_list>
<bind>
<opset="sum_9_0_2 "/>
</bind>
</comp>

<comp id="3559" class="1005" name="sum_9_0_2_1_reg_3559">
<pin_list>
<pin id="3560" dir="0" index="0" bw="32" slack="1"/>
<pin id="3561" dir="1" index="1" bw="32" slack="1"/>
</pin_list>
<bind>
<opset="sum_9_0_2_1 "/>
</bind>
</comp>

<comp id="3564" class="1005" name="sum_9_0_2_2_reg_3564">
<pin_list>
<pin id="3565" dir="0" index="0" bw="32" slack="1"/>
<pin id="3566" dir="1" index="1" bw="32" slack="1"/>
</pin_list>
<bind>
<opset="sum_9_0_2_2 "/>
</bind>
</comp>

<comp id="3569" class="1005" name="sum_9_0_2_3_reg_3569">
<pin_list>
<pin id="3570" dir="0" index="0" bw="32" slack="1"/>
<pin id="3571" dir="1" index="1" bw="32" slack="1"/>
</pin_list>
<bind>
<opset="sum_9_0_2_3 "/>
</bind>
</comp>

<comp id="3574" class="1005" name="sum_9_1_reg_3574">
<pin_list>
<pin id="3575" dir="0" index="0" bw="32" slack="1"/>
<pin id="3576" dir="1" index="1" bw="32" slack="1"/>
</pin_list>
<bind>
<opset="sum_9_1 "/>
</bind>
</comp>

<comp id="3579" class="1005" name="sum_9_1_0_1_reg_3579">
<pin_list>
<pin id="3580" dir="0" index="0" bw="32" slack="1"/>
<pin id="3581" dir="1" index="1" bw="32" slack="1"/>
</pin_list>
<bind>
<opset="sum_9_1_0_1 "/>
</bind>
</comp>

<comp id="3584" class="1005" name="sum_9_1_0_2_reg_3584">
<pin_list>
<pin id="3585" dir="0" index="0" bw="32" slack="1"/>
<pin id="3586" dir="1" index="1" bw="32" slack="1"/>
</pin_list>
<bind>
<opset="sum_9_1_0_2 "/>
</bind>
</comp>

<comp id="3589" class="1005" name="sum_9_1_0_3_reg_3589">
<pin_list>
<pin id="3590" dir="0" index="0" bw="32" slack="1"/>
<pin id="3591" dir="1" index="1" bw="32" slack="1"/>
</pin_list>
<bind>
<opset="sum_9_1_0_3 "/>
</bind>
</comp>

<comp id="3594" class="1005" name="sum_9_1_1_reg_3594">
<pin_list>
<pin id="3595" dir="0" index="0" bw="32" slack="1"/>
<pin id="3596" dir="1" index="1" bw="32" slack="1"/>
</pin_list>
<bind>
<opset="sum_9_1_1 "/>
</bind>
</comp>

<comp id="3599" class="1005" name="sum_9_1_1_1_reg_3599">
<pin_list>
<pin id="3600" dir="0" index="0" bw="32" slack="1"/>
<pin id="3601" dir="1" index="1" bw="32" slack="1"/>
</pin_list>
<bind>
<opset="sum_9_1_1_1 "/>
</bind>
</comp>

<comp id="3604" class="1005" name="sum_9_1_1_2_reg_3604">
<pin_list>
<pin id="3605" dir="0" index="0" bw="32" slack="1"/>
<pin id="3606" dir="1" index="1" bw="32" slack="1"/>
</pin_list>
<bind>
<opset="sum_9_1_1_2 "/>
</bind>
</comp>

<comp id="3609" class="1005" name="sum_9_1_1_3_reg_3609">
<pin_list>
<pin id="3610" dir="0" index="0" bw="32" slack="1"/>
<pin id="3611" dir="1" index="1" bw="32" slack="1"/>
</pin_list>
<bind>
<opset="sum_9_1_1_3 "/>
</bind>
</comp>

<comp id="3614" class="1005" name="sum_9_1_2_reg_3614">
<pin_list>
<pin id="3615" dir="0" index="0" bw="32" slack="1"/>
<pin id="3616" dir="1" index="1" bw="32" slack="1"/>
</pin_list>
<bind>
<opset="sum_9_1_2 "/>
</bind>
</comp>

<comp id="3619" class="1005" name="sum_9_1_2_1_reg_3619">
<pin_list>
<pin id="3620" dir="0" index="0" bw="32" slack="1"/>
<pin id="3621" dir="1" index="1" bw="32" slack="1"/>
</pin_list>
<bind>
<opset="sum_9_1_2_1 "/>
</bind>
</comp>

<comp id="3624" class="1005" name="sum_9_1_2_2_reg_3624">
<pin_list>
<pin id="3625" dir="0" index="0" bw="32" slack="1"/>
<pin id="3626" dir="1" index="1" bw="32" slack="1"/>
</pin_list>
<bind>
<opset="sum_9_1_2_2 "/>
</bind>
</comp>

<comp id="3629" class="1005" name="sum_9_1_2_3_reg_3629">
<pin_list>
<pin id="3630" dir="0" index="0" bw="32" slack="1"/>
<pin id="3631" dir="1" index="1" bw="32" slack="1"/>
</pin_list>
<bind>
<opset="sum_9_1_2_3 "/>
</bind>
</comp>

<comp id="3634" class="1005" name="sum_9_2_reg_3634">
<pin_list>
<pin id="3635" dir="0" index="0" bw="32" slack="1"/>
<pin id="3636" dir="1" index="1" bw="32" slack="1"/>
</pin_list>
<bind>
<opset="sum_9_2 "/>
</bind>
</comp>

<comp id="3639" class="1005" name="sum_9_2_0_1_reg_3639">
<pin_list>
<pin id="3640" dir="0" index="0" bw="32" slack="1"/>
<pin id="3641" dir="1" index="1" bw="32" slack="1"/>
</pin_list>
<bind>
<opset="sum_9_2_0_1 "/>
</bind>
</comp>

<comp id="3644" class="1005" name="sum_9_2_0_2_reg_3644">
<pin_list>
<pin id="3645" dir="0" index="0" bw="32" slack="1"/>
<pin id="3646" dir="1" index="1" bw="32" slack="1"/>
</pin_list>
<bind>
<opset="sum_9_2_0_2 "/>
</bind>
</comp>

<comp id="3649" class="1005" name="sum_9_2_0_3_reg_3649">
<pin_list>
<pin id="3650" dir="0" index="0" bw="32" slack="1"/>
<pin id="3651" dir="1" index="1" bw="32" slack="1"/>
</pin_list>
<bind>
<opset="sum_9_2_0_3 "/>
</bind>
</comp>

<comp id="3654" class="1005" name="sum_9_2_1_reg_3654">
<pin_list>
<pin id="3655" dir="0" index="0" bw="32" slack="1"/>
<pin id="3656" dir="1" index="1" bw="32" slack="1"/>
</pin_list>
<bind>
<opset="sum_9_2_1 "/>
</bind>
</comp>

<comp id="3659" class="1005" name="sum_9_2_1_1_reg_3659">
<pin_list>
<pin id="3660" dir="0" index="0" bw="32" slack="1"/>
<pin id="3661" dir="1" index="1" bw="32" slack="1"/>
</pin_list>
<bind>
<opset="sum_9_2_1_1 "/>
</bind>
</comp>

<comp id="3664" class="1005" name="sum_9_2_1_2_reg_3664">
<pin_list>
<pin id="3665" dir="0" index="0" bw="32" slack="1"/>
<pin id="3666" dir="1" index="1" bw="32" slack="1"/>
</pin_list>
<bind>
<opset="sum_9_2_1_2 "/>
</bind>
</comp>

<comp id="3669" class="1005" name="sum_9_2_1_3_reg_3669">
<pin_list>
<pin id="3670" dir="0" index="0" bw="32" slack="1"/>
<pin id="3671" dir="1" index="1" bw="32" slack="1"/>
</pin_list>
<bind>
<opset="sum_9_2_1_3 "/>
</bind>
</comp>

<comp id="3674" class="1005" name="sum_9_2_2_reg_3674">
<pin_list>
<pin id="3675" dir="0" index="0" bw="32" slack="1"/>
<pin id="3676" dir="1" index="1" bw="32" slack="1"/>
</pin_list>
<bind>
<opset="sum_9_2_2 "/>
</bind>
</comp>

<comp id="3679" class="1005" name="sum_9_2_2_1_reg_3679">
<pin_list>
<pin id="3680" dir="0" index="0" bw="32" slack="1"/>
<pin id="3681" dir="1" index="1" bw="32" slack="1"/>
</pin_list>
<bind>
<opset="sum_9_2_2_1 "/>
</bind>
</comp>

<comp id="3684" class="1005" name="sum_9_2_2_2_reg_3684">
<pin_list>
<pin id="3685" dir="0" index="0" bw="32" slack="1"/>
<pin id="3686" dir="1" index="1" bw="32" slack="1"/>
</pin_list>
<bind>
<opset="sum_9_2_2_2 "/>
</bind>
</comp>

<comp id="3689" class="1005" name="sum_9_2_2_3_reg_3689">
<pin_list>
<pin id="3690" dir="0" index="0" bw="32" slack="1"/>
<pin id="3691" dir="1" index="1" bw="32" slack="1"/>
</pin_list>
<bind>
<opset="sum_9_2_2_3 "/>
</bind>
</comp>

</comp_list>

<net_list>
<net id="139"><net_src comp="8" pin="0"/><net_sink comp="136" pin=0"/></net>

<net id="143"><net_src comp="8" pin="0"/><net_sink comp="140" pin=0"/></net>

<net id="147"><net_src comp="8" pin="0"/><net_sink comp="144" pin=0"/></net>

<net id="151"><net_src comp="8" pin="0"/><net_sink comp="148" pin=0"/></net>

<net id="155"><net_src comp="8" pin="0"/><net_sink comp="152" pin=0"/></net>

<net id="161"><net_src comp="6" pin="0"/><net_sink comp="156" pin=0"/></net>

<net id="162"><net_src comp="38" pin="0"/><net_sink comp="156" pin=1"/></net>

<net id="212"><net_src comp="156" pin="3"/><net_sink comp="163" pin=29"/></net>

<net id="218"><net_src comp="6" pin="0"/><net_sink comp="213" pin=0"/></net>

<net id="219"><net_src comp="38" pin="0"/><net_sink comp="213" pin=1"/></net>

<net id="220"><net_src comp="213" pin="3"/><net_sink comp="163" pin=26"/></net>

<net id="226"><net_src comp="6" pin="0"/><net_sink comp="221" pin=0"/></net>

<net id="227"><net_src comp="38" pin="0"/><net_sink comp="221" pin=1"/></net>

<net id="228"><net_src comp="221" pin="3"/><net_sink comp="163" pin=24"/></net>

<net id="234"><net_src comp="6" pin="0"/><net_sink comp="229" pin=0"/></net>

<net id="235"><net_src comp="38" pin="0"/><net_sink comp="229" pin=1"/></net>

<net id="236"><net_src comp="229" pin="3"/><net_sink comp="163" pin=21"/></net>

<net id="242"><net_src comp="6" pin="0"/><net_sink comp="237" pin=0"/></net>

<net id="243"><net_src comp="38" pin="0"/><net_sink comp="237" pin=1"/></net>

<net id="244"><net_src comp="237" pin="3"/><net_sink comp="163" pin=18"/></net>

<net id="250"><net_src comp="6" pin="0"/><net_sink comp="245" pin=0"/></net>

<net id="251"><net_src comp="38" pin="0"/><net_sink comp="245" pin=1"/></net>

<net id="252"><net_src comp="245" pin="3"/><net_sink comp="163" pin=16"/></net>

<net id="258"><net_src comp="6" pin="0"/><net_sink comp="253" pin=0"/></net>

<net id="259"><net_src comp="38" pin="0"/><net_sink comp="253" pin=1"/></net>

<net id="260"><net_src comp="253" pin="3"/><net_sink comp="163" pin=13"/></net>

<net id="266"><net_src comp="6" pin="0"/><net_sink comp="261" pin=0"/></net>

<net id="267"><net_src comp="38" pin="0"/><net_sink comp="261" pin=1"/></net>

<net id="268"><net_src comp="261" pin="3"/><net_sink comp="163" pin=10"/></net>

<net id="274"><net_src comp="6" pin="0"/><net_sink comp="269" pin=0"/></net>

<net id="275"><net_src comp="38" pin="0"/><net_sink comp="269" pin=1"/></net>

<net id="276"><net_src comp="269" pin="3"/><net_sink comp="163" pin=8"/></net>

<net id="282"><net_src comp="6" pin="0"/><net_sink comp="277" pin=0"/></net>

<net id="283"><net_src comp="38" pin="0"/><net_sink comp="277" pin=1"/></net>

<net id="284"><net_src comp="277" pin="3"/><net_sink comp="163" pin=5"/></net>

<net id="290"><net_src comp="6" pin="0"/><net_sink comp="285" pin=0"/></net>

<net id="291"><net_src comp="38" pin="0"/><net_sink comp="285" pin=1"/></net>

<net id="292"><net_src comp="285" pin="3"/><net_sink comp="163" pin=2"/></net>

<net id="298"><net_src comp="6" pin="0"/><net_sink comp="293" pin=0"/></net>

<net id="299"><net_src comp="38" pin="0"/><net_sink comp="293" pin=1"/></net>

<net id="300"><net_src comp="293" pin="3"/><net_sink comp="163" pin=0"/></net>

<net id="306"><net_src comp="0" pin="0"/><net_sink comp="301" pin=0"/></net>

<net id="307"><net_src comp="38" pin="0"/><net_sink comp="301" pin=1"/></net>

<net id="313"><net_src comp="0" pin="0"/><net_sink comp="308" pin=0"/></net>

<net id="314"><net_src comp="38" pin="0"/><net_sink comp="308" pin=1"/></net>

<net id="320"><net_src comp="0" pin="0"/><net_sink comp="315" pin=0"/></net>

<net id="321"><net_src comp="38" pin="0"/><net_sink comp="315" pin=1"/></net>

<net id="327"><net_src comp="0" pin="0"/><net_sink comp="322" pin=0"/></net>

<net id="328"><net_src comp="38" pin="0"/><net_sink comp="322" pin=1"/></net>

<net id="378"><net_src comp="301" pin="3"/><net_sink comp="329" pin=29"/></net>

<net id="379"><net_src comp="308" pin="3"/><net_sink comp="329" pin=26"/></net>

<net id="380"><net_src comp="315" pin="3"/><net_sink comp="329" pin=24"/></net>

<net id="381"><net_src comp="322" pin="3"/><net_sink comp="329" pin=21"/></net>

<net id="387"><net_src comp="0" pin="0"/><net_sink comp="382" pin=0"/></net>

<net id="388"><net_src comp="38" pin="0"/><net_sink comp="382" pin=1"/></net>

<net id="394"><net_src comp="0" pin="0"/><net_sink comp="389" pin=0"/></net>

<net id="395"><net_src comp="38" pin="0"/><net_sink comp="389" pin=1"/></net>

<net id="401"><net_src comp="0" pin="0"/><net_sink comp="396" pin=0"/></net>

<net id="402"><net_src comp="38" pin="0"/><net_sink comp="396" pin=1"/></net>

<net id="408"><net_src comp="0" pin="0"/><net_sink comp="403" pin=0"/></net>

<net id="409"><net_src comp="38" pin="0"/><net_sink comp="403" pin=1"/></net>

<net id="410"><net_src comp="382" pin="3"/><net_sink comp="329" pin=18"/></net>

<net id="411"><net_src comp="389" pin="3"/><net_sink comp="329" pin=16"/></net>

<net id="412"><net_src comp="396" pin="3"/><net_sink comp="329" pin=13"/></net>

<net id="413"><net_src comp="403" pin="3"/><net_sink comp="329" pin=10"/></net>

<net id="419"><net_src comp="0" pin="0"/><net_sink comp="414" pin=0"/></net>

<net id="420"><net_src comp="38" pin="0"/><net_sink comp="414" pin=1"/></net>

<net id="426"><net_src comp="0" pin="0"/><net_sink comp="421" pin=0"/></net>

<net id="427"><net_src comp="38" pin="0"/><net_sink comp="421" pin=1"/></net>

<net id="433"><net_src comp="0" pin="0"/><net_sink comp="428" pin=0"/></net>

<net id="434"><net_src comp="38" pin="0"/><net_sink comp="428" pin=1"/></net>

<net id="440"><net_src comp="0" pin="0"/><net_sink comp="435" pin=0"/></net>

<net id="441"><net_src comp="38" pin="0"/><net_sink comp="435" pin=1"/></net>

<net id="442"><net_src comp="414" pin="3"/><net_sink comp="329" pin=8"/></net>

<net id="443"><net_src comp="421" pin="3"/><net_sink comp="329" pin=5"/></net>

<net id="444"><net_src comp="428" pin="3"/><net_sink comp="329" pin=2"/></net>

<net id="445"><net_src comp="435" pin="3"/><net_sink comp="329" pin=0"/></net>

<net id="451"><net_src comp="6" pin="0"/><net_sink comp="446" pin=0"/></net>

<net id="452"><net_src comp="38" pin="0"/><net_sink comp="446" pin=1"/></net>

<net id="453"><net_src comp="446" pin="3"/><net_sink comp="163" pin=29"/></net>

<net id="459"><net_src comp="6" pin="0"/><net_sink comp="454" pin=0"/></net>

<net id="460"><net_src comp="38" pin="0"/><net_sink comp="454" pin=1"/></net>

<net id="461"><net_src comp="454" pin="3"/><net_sink comp="163" pin=26"/></net>

<net id="467"><net_src comp="6" pin="0"/><net_sink comp="462" pin=0"/></net>

<net id="468"><net_src comp="38" pin="0"/><net_sink comp="462" pin=1"/></net>

<net id="469"><net_src comp="462" pin="3"/><net_sink comp="163" pin=24"/></net>

<net id="475"><net_src comp="6" pin="0"/><net_sink comp="470" pin=0"/></net>

<net id="476"><net_src comp="38" pin="0"/><net_sink comp="470" pin=1"/></net>

<net id="477"><net_src comp="470" pin="3"/><net_sink comp="163" pin=21"/></net>

<net id="483"><net_src comp="6" pin="0"/><net_sink comp="478" pin=0"/></net>

<net id="484"><net_src comp="38" pin="0"/><net_sink comp="478" pin=1"/></net>

<net id="485"><net_src comp="478" pin="3"/><net_sink comp="163" pin=18"/></net>

<net id="491"><net_src comp="6" pin="0"/><net_sink comp="486" pin=0"/></net>

<net id="492"><net_src comp="38" pin="0"/><net_sink comp="486" pin=1"/></net>

<net id="493"><net_src comp="486" pin="3"/><net_sink comp="163" pin=16"/></net>

<net id="499"><net_src comp="6" pin="0"/><net_sink comp="494" pin=0"/></net>

<net id="500"><net_src comp="38" pin="0"/><net_sink comp="494" pin=1"/></net>

<net id="501"><net_src comp="494" pin="3"/><net_sink comp="163" pin=13"/></net>

<net id="507"><net_src comp="6" pin="0"/><net_sink comp="502" pin=0"/></net>

<net id="508"><net_src comp="38" pin="0"/><net_sink comp="502" pin=1"/></net>

<net id="509"><net_src comp="502" pin="3"/><net_sink comp="163" pin=10"/></net>

<net id="515"><net_src comp="6" pin="0"/><net_sink comp="510" pin=0"/></net>

<net id="516"><net_src comp="38" pin="0"/><net_sink comp="510" pin=1"/></net>

<net id="517"><net_src comp="510" pin="3"/><net_sink comp="163" pin=8"/></net>

<net id="523"><net_src comp="6" pin="0"/><net_sink comp="518" pin=0"/></net>

<net id="524"><net_src comp="38" pin="0"/><net_sink comp="518" pin=1"/></net>

<net id="525"><net_src comp="518" pin="3"/><net_sink comp="163" pin=5"/></net>

<net id="531"><net_src comp="6" pin="0"/><net_sink comp="526" pin=0"/></net>

<net id="532"><net_src comp="38" pin="0"/><net_sink comp="526" pin=1"/></net>

<net id="533"><net_src comp="526" pin="3"/><net_sink comp="163" pin=2"/></net>

<net id="539"><net_src comp="6" pin="0"/><net_sink comp="534" pin=0"/></net>

<net id="540"><net_src comp="38" pin="0"/><net_sink comp="534" pin=1"/></net>

<net id="541"><net_src comp="534" pin="3"/><net_sink comp="163" pin=0"/></net>

<net id="547"><net_src comp="0" pin="0"/><net_sink comp="542" pin=0"/></net>

<net id="548"><net_src comp="38" pin="0"/><net_sink comp="542" pin=1"/></net>

<net id="554"><net_src comp="0" pin="0"/><net_sink comp="549" pin=0"/></net>

<net id="555"><net_src comp="38" pin="0"/><net_sink comp="549" pin=1"/></net>

<net id="561"><net_src comp="0" pin="0"/><net_sink comp="556" pin=0"/></net>

<net id="562"><net_src comp="38" pin="0"/><net_sink comp="556" pin=1"/></net>

<net id="568"><net_src comp="0" pin="0"/><net_sink comp="563" pin=0"/></net>

<net id="569"><net_src comp="38" pin="0"/><net_sink comp="563" pin=1"/></net>

<net id="575"><net_src comp="0" pin="0"/><net_sink comp="570" pin=0"/></net>

<net id="576"><net_src comp="38" pin="0"/><net_sink comp="570" pin=1"/></net>

<net id="582"><net_src comp="0" pin="0"/><net_sink comp="577" pin=0"/></net>

<net id="583"><net_src comp="38" pin="0"/><net_sink comp="577" pin=1"/></net>

<net id="589"><net_src comp="0" pin="0"/><net_sink comp="584" pin=0"/></net>

<net id="590"><net_src comp="38" pin="0"/><net_sink comp="584" pin=1"/></net>

<net id="596"><net_src comp="0" pin="0"/><net_sink comp="591" pin=0"/></net>

<net id="597"><net_src comp="38" pin="0"/><net_sink comp="591" pin=1"/></net>

<net id="603"><net_src comp="0" pin="0"/><net_sink comp="598" pin=0"/></net>

<net id="604"><net_src comp="38" pin="0"/><net_sink comp="598" pin=1"/></net>

<net id="610"><net_src comp="0" pin="0"/><net_sink comp="605" pin=0"/></net>

<net id="611"><net_src comp="38" pin="0"/><net_sink comp="605" pin=1"/></net>

<net id="617"><net_src comp="0" pin="0"/><net_sink comp="612" pin=0"/></net>

<net id="618"><net_src comp="38" pin="0"/><net_sink comp="612" pin=1"/></net>

<net id="624"><net_src comp="0" pin="0"/><net_sink comp="619" pin=0"/></net>

<net id="625"><net_src comp="38" pin="0"/><net_sink comp="619" pin=1"/></net>

<net id="626"><net_src comp="542" pin="3"/><net_sink comp="329" pin=29"/></net>

<net id="627"><net_src comp="549" pin="3"/><net_sink comp="329" pin=26"/></net>

<net id="628"><net_src comp="556" pin="3"/><net_sink comp="329" pin=24"/></net>

<net id="629"><net_src comp="563" pin="3"/><net_sink comp="329" pin=21"/></net>

<net id="630"><net_src comp="570" pin="3"/><net_sink comp="329" pin=18"/></net>

<net id="631"><net_src comp="577" pin="3"/><net_sink comp="329" pin=16"/></net>

<net id="632"><net_src comp="584" pin="3"/><net_sink comp="329" pin=13"/></net>

<net id="633"><net_src comp="591" pin="3"/><net_sink comp="329" pin=10"/></net>

<net id="634"><net_src comp="598" pin="3"/><net_sink comp="329" pin=8"/></net>

<net id="635"><net_src comp="605" pin="3"/><net_sink comp="329" pin=5"/></net>

<net id="636"><net_src comp="612" pin="3"/><net_sink comp="329" pin=2"/></net>

<net id="637"><net_src comp="619" pin="3"/><net_sink comp="329" pin=0"/></net>

<net id="643"><net_src comp="6" pin="0"/><net_sink comp="638" pin=0"/></net>

<net id="644"><net_src comp="38" pin="0"/><net_sink comp="638" pin=1"/></net>

<net id="645"><net_src comp="638" pin="3"/><net_sink comp="163" pin=29"/></net>

<net id="651"><net_src comp="6" pin="0"/><net_sink comp="646" pin=0"/></net>

<net id="652"><net_src comp="38" pin="0"/><net_sink comp="646" pin=1"/></net>

<net id="653"><net_src comp="646" pin="3"/><net_sink comp="163" pin=26"/></net>

<net id="659"><net_src comp="6" pin="0"/><net_sink comp="654" pin=0"/></net>

<net id="660"><net_src comp="38" pin="0"/><net_sink comp="654" pin=1"/></net>

<net id="661"><net_src comp="654" pin="3"/><net_sink comp="163" pin=24"/></net>

<net id="667"><net_src comp="6" pin="0"/><net_sink comp="662" pin=0"/></net>

<net id="668"><net_src comp="38" pin="0"/><net_sink comp="662" pin=1"/></net>

<net id="669"><net_src comp="662" pin="3"/><net_sink comp="163" pin=21"/></net>

<net id="675"><net_src comp="6" pin="0"/><net_sink comp="670" pin=0"/></net>

<net id="676"><net_src comp="38" pin="0"/><net_sink comp="670" pin=1"/></net>

<net id="677"><net_src comp="670" pin="3"/><net_sink comp="163" pin=18"/></net>

<net id="683"><net_src comp="6" pin="0"/><net_sink comp="678" pin=0"/></net>

<net id="684"><net_src comp="38" pin="0"/><net_sink comp="678" pin=1"/></net>

<net id="685"><net_src comp="678" pin="3"/><net_sink comp="163" pin=16"/></net>

<net id="691"><net_src comp="6" pin="0"/><net_sink comp="686" pin=0"/></net>

<net id="692"><net_src comp="38" pin="0"/><net_sink comp="686" pin=1"/></net>

<net id="693"><net_src comp="686" pin="3"/><net_sink comp="163" pin=13"/></net>

<net id="699"><net_src comp="6" pin="0"/><net_sink comp="694" pin=0"/></net>

<net id="700"><net_src comp="38" pin="0"/><net_sink comp="694" pin=1"/></net>

<net id="701"><net_src comp="694" pin="3"/><net_sink comp="163" pin=10"/></net>

<net id="707"><net_src comp="6" pin="0"/><net_sink comp="702" pin=0"/></net>

<net id="708"><net_src comp="38" pin="0"/><net_sink comp="702" pin=1"/></net>

<net id="709"><net_src comp="702" pin="3"/><net_sink comp="163" pin=8"/></net>

<net id="715"><net_src comp="6" pin="0"/><net_sink comp="710" pin=0"/></net>

<net id="716"><net_src comp="38" pin="0"/><net_sink comp="710" pin=1"/></net>

<net id="717"><net_src comp="710" pin="3"/><net_sink comp="163" pin=5"/></net>

<net id="723"><net_src comp="6" pin="0"/><net_sink comp="718" pin=0"/></net>

<net id="724"><net_src comp="38" pin="0"/><net_sink comp="718" pin=1"/></net>

<net id="725"><net_src comp="718" pin="3"/><net_sink comp="163" pin=2"/></net>

<net id="731"><net_src comp="6" pin="0"/><net_sink comp="726" pin=0"/></net>

<net id="732"><net_src comp="38" pin="0"/><net_sink comp="726" pin=1"/></net>

<net id="733"><net_src comp="726" pin="3"/><net_sink comp="163" pin=0"/></net>

<net id="739"><net_src comp="0" pin="0"/><net_sink comp="734" pin=0"/></net>

<net id="740"><net_src comp="38" pin="0"/><net_sink comp="734" pin=1"/></net>

<net id="746"><net_src comp="0" pin="0"/><net_sink comp="741" pin=0"/></net>

<net id="747"><net_src comp="38" pin="0"/><net_sink comp="741" pin=1"/></net>

<net id="753"><net_src comp="0" pin="0"/><net_sink comp="748" pin=0"/></net>

<net id="754"><net_src comp="38" pin="0"/><net_sink comp="748" pin=1"/></net>

<net id="760"><net_src comp="0" pin="0"/><net_sink comp="755" pin=0"/></net>

<net id="761"><net_src comp="38" pin="0"/><net_sink comp="755" pin=1"/></net>

<net id="767"><net_src comp="0" pin="0"/><net_sink comp="762" pin=0"/></net>

<net id="768"><net_src comp="38" pin="0"/><net_sink comp="762" pin=1"/></net>

<net id="774"><net_src comp="0" pin="0"/><net_sink comp="769" pin=0"/></net>

<net id="775"><net_src comp="38" pin="0"/><net_sink comp="769" pin=1"/></net>

<net id="781"><net_src comp="0" pin="0"/><net_sink comp="776" pin=0"/></net>

<net id="782"><net_src comp="38" pin="0"/><net_sink comp="776" pin=1"/></net>

<net id="788"><net_src comp="0" pin="0"/><net_sink comp="783" pin=0"/></net>

<net id="789"><net_src comp="38" pin="0"/><net_sink comp="783" pin=1"/></net>

<net id="795"><net_src comp="0" pin="0"/><net_sink comp="790" pin=0"/></net>

<net id="796"><net_src comp="38" pin="0"/><net_sink comp="790" pin=1"/></net>

<net id="802"><net_src comp="0" pin="0"/><net_sink comp="797" pin=0"/></net>

<net id="803"><net_src comp="38" pin="0"/><net_sink comp="797" pin=1"/></net>

<net id="809"><net_src comp="0" pin="0"/><net_sink comp="804" pin=0"/></net>

<net id="810"><net_src comp="38" pin="0"/><net_sink comp="804" pin=1"/></net>

<net id="816"><net_src comp="0" pin="0"/><net_sink comp="811" pin=0"/></net>

<net id="817"><net_src comp="38" pin="0"/><net_sink comp="811" pin=1"/></net>

<net id="818"><net_src comp="734" pin="3"/><net_sink comp="329" pin=29"/></net>

<net id="819"><net_src comp="741" pin="3"/><net_sink comp="329" pin=26"/></net>

<net id="820"><net_src comp="748" pin="3"/><net_sink comp="329" pin=24"/></net>

<net id="821"><net_src comp="755" pin="3"/><net_sink comp="329" pin=21"/></net>

<net id="822"><net_src comp="762" pin="3"/><net_sink comp="329" pin=18"/></net>

<net id="823"><net_src comp="769" pin="3"/><net_sink comp="329" pin=16"/></net>

<net id="824"><net_src comp="776" pin="3"/><net_sink comp="329" pin=13"/></net>

<net id="825"><net_src comp="783" pin="3"/><net_sink comp="329" pin=10"/></net>

<net id="826"><net_src comp="790" pin="3"/><net_sink comp="329" pin=8"/></net>

<net id="827"><net_src comp="797" pin="3"/><net_sink comp="329" pin=5"/></net>

<net id="828"><net_src comp="804" pin="3"/><net_sink comp="329" pin=2"/></net>

<net id="829"><net_src comp="811" pin="3"/><net_sink comp="329" pin=0"/></net>

<net id="835"><net_src comp="4" pin="0"/><net_sink comp="830" pin=0"/></net>

<net id="836"><net_src comp="38" pin="0"/><net_sink comp="830" pin=1"/></net>

<net id="842"><net_src comp="830" pin="3"/><net_sink comp="837" pin=0"/></net>

<net id="848"><net_src comp="2" pin="0"/><net_sink comp="843" pin=0"/></net>

<net id="849"><net_src comp="38" pin="0"/><net_sink comp="843" pin=1"/></net>

<net id="855"><net_src comp="843" pin="3"/><net_sink comp="850" pin=0"/></net>

<net id="908"><net_src comp="329" pin="47"/><net_sink comp="904" pin=0"/></net>

<net id="909"><net_src comp="163" pin="47"/><net_sink comp="904" pin=1"/></net>

<net id="914"><net_src comp="329" pin="43"/><net_sink comp="910" pin=0"/></net>

<net id="915"><net_src comp="163" pin="43"/><net_sink comp="910" pin=1"/></net>

<net id="920"><net_src comp="329" pin="39"/><net_sink comp="916" pin=0"/></net>

<net id="921"><net_src comp="163" pin="39"/><net_sink comp="916" pin=1"/></net>

<net id="926"><net_src comp="329" pin="35"/><net_sink comp="922" pin=0"/></net>

<net id="927"><net_src comp="163" pin="35"/><net_sink comp="922" pin=1"/></net>

<net id="932"><net_src comp="329" pin="31"/><net_sink comp="928" pin=0"/></net>

<net id="933"><net_src comp="163" pin="31"/><net_sink comp="928" pin=1"/></net>

<net id="938"><net_src comp="329" pin="27"/><net_sink comp="934" pin=0"/></net>

<net id="939"><net_src comp="163" pin="27"/><net_sink comp="934" pin=1"/></net>

<net id="944"><net_src comp="329" pin="23"/><net_sink comp="940" pin=0"/></net>

<net id="945"><net_src comp="163" pin="23"/><net_sink comp="940" pin=1"/></net>

<net id="950"><net_src comp="329" pin="19"/><net_sink comp="946" pin=0"/></net>

<net id="951"><net_src comp="163" pin="19"/><net_sink comp="946" pin=1"/></net>

<net id="956"><net_src comp="329" pin="15"/><net_sink comp="952" pin=0"/></net>

<net id="957"><net_src comp="163" pin="15"/><net_sink comp="952" pin=1"/></net>

<net id="962"><net_src comp="329" pin="11"/><net_sink comp="958" pin=0"/></net>

<net id="963"><net_src comp="163" pin="11"/><net_sink comp="958" pin=1"/></net>

<net id="968"><net_src comp="329" pin="7"/><net_sink comp="964" pin=0"/></net>

<net id="969"><net_src comp="163" pin="7"/><net_sink comp="964" pin=1"/></net>

<net id="974"><net_src comp="329" pin="3"/><net_sink comp="970" pin=0"/></net>

<net id="975"><net_src comp="163" pin="3"/><net_sink comp="970" pin=1"/></net>

<net id="980"><net_src comp="112" pin="0"/><net_sink comp="976" pin=1"/></net>

<net id="985"><net_src comp="10" pin="0"/><net_sink comp="981" pin=0"/></net>

<net id="990"><net_src comp="12" pin="0"/><net_sink comp="986" pin=0"/></net>

<net id="995"><net_src comp="14" pin="0"/><net_sink comp="991" pin=0"/></net>

<net id="1000"><net_src comp="16" pin="0"/><net_sink comp="996" pin=0"/></net>

<net id="1005"><net_src comp="16" pin="0"/><net_sink comp="1001" pin=0"/></net>

<net id="1016"><net_src comp="1006" pin="1"/><net_sink comp="1012" pin=0"/></net>

<net id="1017"><net_src comp="18" pin="0"/><net_sink comp="1012" pin=1"/></net>

<net id="1022"><net_src comp="1006" pin="1"/><net_sink comp="1018" pin=0"/></net>

<net id="1023"><net_src comp="20" pin="0"/><net_sink comp="1018" pin=1"/></net>

<net id="1028"><net_src comp="1009" pin="1"/><net_sink comp="1024" pin=0"/></net>

<net id="1029"><net_src comp="30" pin="0"/><net_sink comp="1024" pin=1"/></net>

<net id="1034"><net_src comp="1009" pin="1"/><net_sink comp="1030" pin=0"/></net>

<net id="1035"><net_src comp="32" pin="0"/><net_sink comp="1030" pin=1"/></net>

<net id="1049"><net_src comp="1042" pin="1"/><net_sink comp="1045" pin=0"/></net>

<net id="1050"><net_src comp="34" pin="0"/><net_sink comp="1045" pin=1"/></net>

<net id="1055"><net_src comp="1039" pin="1"/><net_sink comp="1051" pin=0"/></net>

<net id="1056"><net_src comp="36" pin="0"/><net_sink comp="1051" pin=1"/></net>

<net id="1062"><net_src comp="1051" pin="2"/><net_sink comp="1057" pin=0"/></net>

<net id="1063"><net_src comp="16" pin="0"/><net_sink comp="1057" pin=1"/></net>

<net id="1064"><net_src comp="1006" pin="1"/><net_sink comp="1057" pin=2"/></net>

<net id="1070"><net_src comp="1051" pin="2"/><net_sink comp="1065" pin=0"/></net>

<net id="1071"><net_src comp="1045" pin="2"/><net_sink comp="1065" pin=1"/></net>

<net id="1072"><net_src comp="1042" pin="1"/><net_sink comp="1065" pin=2"/></net>

<net id="1076"><net_src comp="1065" pin="3"/><net_sink comp="1073" pin=0"/></net>

<net id="1077"><net_src comp="1073" pin="1"/><net_sink comp="156" pin=2"/></net>

<net id="1082"><net_src comp="1042" pin="1"/><net_sink comp="1078" pin=0"/></net>

<net id="1083"><net_src comp="40" pin="0"/><net_sink comp="1078" pin=1"/></net>

<net id="1088"><net_src comp="1042" pin="1"/><net_sink comp="1084" pin=0"/></net>

<net id="1089"><net_src comp="42" pin="0"/><net_sink comp="1084" pin=1"/></net>

<net id="1095"><net_src comp="1051" pin="2"/><net_sink comp="1090" pin=0"/></net>

<net id="1096"><net_src comp="1078" pin="2"/><net_sink comp="1090" pin=1"/></net>

<net id="1097"><net_src comp="1084" pin="2"/><net_sink comp="1090" pin=2"/></net>

<net id="1101"><net_src comp="1090" pin="3"/><net_sink comp="1098" pin=0"/></net>

<net id="1102"><net_src comp="1098" pin="1"/><net_sink comp="213" pin=2"/></net>

<net id="1108"><net_src comp="44" pin="0"/><net_sink comp="1103" pin=0"/></net>

<net id="1109"><net_src comp="46" pin="0"/><net_sink comp="1103" pin=1"/></net>

<net id="1110"><net_src comp="1045" pin="2"/><net_sink comp="1103" pin=2"/></net>

<net id="1116"><net_src comp="44" pin="0"/><net_sink comp="1111" pin=0"/></net>

<net id="1117"><net_src comp="46" pin="0"/><net_sink comp="1111" pin=1"/></net>

<net id="1118"><net_src comp="1042" pin="1"/><net_sink comp="1111" pin=2"/></net>

<net id="1124"><net_src comp="1051" pin="2"/><net_sink comp="1119" pin=0"/></net>

<net id="1125"><net_src comp="1103" pin="3"/><net_sink comp="1119" pin=1"/></net>

<net id="1126"><net_src comp="1111" pin="3"/><net_sink comp="1119" pin=2"/></net>

<net id="1130"><net_src comp="1119" pin="3"/><net_sink comp="1127" pin=0"/></net>

<net id="1131"><net_src comp="1127" pin="1"/><net_sink comp="221" pin=2"/></net>

<net id="1135"><net_src comp="1090" pin="3"/><net_sink comp="1132" pin=0"/></net>

<net id="1139"><net_src comp="1132" pin="1"/><net_sink comp="1136" pin=0"/></net>

<net id="1140"><net_src comp="1136" pin="1"/><net_sink comp="229" pin=2"/></net>

<net id="1146"><net_src comp="48" pin="0"/><net_sink comp="1141" pin=0"/></net>

<net id="1147"><net_src comp="50" pin="0"/><net_sink comp="1141" pin=1"/></net>

<net id="1148"><net_src comp="1045" pin="2"/><net_sink comp="1141" pin=2"/></net>

<net id="1154"><net_src comp="48" pin="0"/><net_sink comp="1149" pin=0"/></net>

<net id="1155"><net_src comp="50" pin="0"/><net_sink comp="1149" pin=1"/></net>

<net id="1156"><net_src comp="1042" pin="1"/><net_sink comp="1149" pin=2"/></net>

<net id="1162"><net_src comp="1051" pin="2"/><net_sink comp="1157" pin=0"/></net>

<net id="1163"><net_src comp="1141" pin="3"/><net_sink comp="1157" pin=1"/></net>

<net id="1164"><net_src comp="1149" pin="3"/><net_sink comp="1157" pin=2"/></net>

<net id="1168"><net_src comp="1157" pin="3"/><net_sink comp="1165" pin=0"/></net>

<net id="1169"><net_src comp="1165" pin="1"/><net_sink comp="237" pin=2"/></net>

<net id="1173"><net_src comp="1065" pin="3"/><net_sink comp="1170" pin=0"/></net>

<net id="1178"><net_src comp="1170" pin="1"/><net_sink comp="1174" pin=0"/></net>

<net id="1179"><net_src comp="52" pin="0"/><net_sink comp="1174" pin=1"/></net>

<net id="1183"><net_src comp="1174" pin="2"/><net_sink comp="1180" pin=0"/></net>

<net id="1184"><net_src comp="1180" pin="1"/><net_sink comp="245" pin=2"/></net>

<net id="1188"><net_src comp="1119" pin="3"/><net_sink comp="1185" pin=0"/></net>

<net id="1192"><net_src comp="1185" pin="1"/><net_sink comp="1189" pin=0"/></net>

<net id="1193"><net_src comp="1189" pin="1"/><net_sink comp="253" pin=2"/></net>

<net id="1197"><net_src comp="1090" pin="3"/><net_sink comp="1194" pin=0"/></net>

<net id="1201"><net_src comp="1194" pin="1"/><net_sink comp="1198" pin=0"/></net>

<net id="1202"><net_src comp="1198" pin="1"/><net_sink comp="261" pin=2"/></net>

<net id="1208"><net_src comp="54" pin="0"/><net_sink comp="1203" pin=0"/></net>

<net id="1209"><net_src comp="56" pin="0"/><net_sink comp="1203" pin=1"/></net>

<net id="1210"><net_src comp="1045" pin="2"/><net_sink comp="1203" pin=2"/></net>

<net id="1216"><net_src comp="54" pin="0"/><net_sink comp="1211" pin=0"/></net>

<net id="1217"><net_src comp="56" pin="0"/><net_sink comp="1211" pin=1"/></net>

<net id="1218"><net_src comp="1042" pin="1"/><net_sink comp="1211" pin=2"/></net>

<net id="1224"><net_src comp="1051" pin="2"/><net_sink comp="1219" pin=0"/></net>

<net id="1225"><net_src comp="1203" pin="3"/><net_sink comp="1219" pin=1"/></net>

<net id="1226"><net_src comp="1211" pin="3"/><net_sink comp="1219" pin=2"/></net>

<net id="1230"><net_src comp="1219" pin="3"/><net_sink comp="1227" pin=0"/></net>

<net id="1231"><net_src comp="1227" pin="1"/><net_sink comp="269" pin=2"/></net>

<net id="1235"><net_src comp="1065" pin="3"/><net_sink comp="1232" pin=0"/></net>

<net id="1240"><net_src comp="1232" pin="1"/><net_sink comp="1236" pin=0"/></net>

<net id="1241"><net_src comp="58" pin="0"/><net_sink comp="1236" pin=1"/></net>

<net id="1245"><net_src comp="1236" pin="2"/><net_sink comp="1242" pin=0"/></net>

<net id="1246"><net_src comp="1242" pin="1"/><net_sink comp="277" pin=2"/></net>

<net id="1252"><net_src comp="54" pin="0"/><net_sink comp="1247" pin=0"/></net>

<net id="1253"><net_src comp="60" pin="0"/><net_sink comp="1247" pin=1"/></net>

<net id="1254"><net_src comp="1045" pin="2"/><net_sink comp="1247" pin=2"/></net>

<net id="1260"><net_src comp="54" pin="0"/><net_sink comp="1255" pin=0"/></net>

<net id="1261"><net_src comp="60" pin="0"/><net_sink comp="1255" pin=1"/></net>

<net id="1262"><net_src comp="1042" pin="1"/><net_sink comp="1255" pin=2"/></net>

<net id="1268"><net_src comp="1051" pin="2"/><net_sink comp="1263" pin=0"/></net>

<net id="1269"><net_src comp="1247" pin="3"/><net_sink comp="1263" pin=1"/></net>

<net id="1270"><net_src comp="1255" pin="3"/><net_sink comp="1263" pin=2"/></net>

<net id="1274"><net_src comp="1263" pin="3"/><net_sink comp="1271" pin=0"/></net>

<net id="1275"><net_src comp="1271" pin="1"/><net_sink comp="285" pin=2"/></net>

<net id="1280"><net_src comp="1232" pin="1"/><net_sink comp="1276" pin=0"/></net>

<net id="1281"><net_src comp="62" pin="0"/><net_sink comp="1276" pin=1"/></net>

<net id="1285"><net_src comp="1276" pin="2"/><net_sink comp="1282" pin=0"/></net>

<net id="1286"><net_src comp="1282" pin="1"/><net_sink comp="293" pin=2"/></net>

<net id="1292"><net_src comp="1051" pin="2"/><net_sink comp="1287" pin=0"/></net>

<net id="1293"><net_src comp="18" pin="0"/><net_sink comp="1287" pin=1"/></net>

<net id="1294"><net_src comp="1012" pin="2"/><net_sink comp="1287" pin=2"/></net>

<net id="1300"><net_src comp="1051" pin="2"/><net_sink comp="1295" pin=0"/></net>

<net id="1301"><net_src comp="20" pin="0"/><net_sink comp="1295" pin=1"/></net>

<net id="1302"><net_src comp="1018" pin="2"/><net_sink comp="1295" pin=2"/></net>

<net id="1307"><net_src comp="1051" pin="2"/><net_sink comp="1303" pin=0"/></net>

<net id="1308"><net_src comp="46" pin="0"/><net_sink comp="1303" pin=1"/></net>

<net id="1313"><net_src comp="1036" pin="1"/><net_sink comp="1309" pin=0"/></net>

<net id="1314"><net_src comp="64" pin="0"/><net_sink comp="1309" pin=1"/></net>

<net id="1319"><net_src comp="1309" pin="2"/><net_sink comp="1315" pin=0"/></net>

<net id="1320"><net_src comp="1303" pin="2"/><net_sink comp="1315" pin=1"/></net>

<net id="1325"><net_src comp="1057" pin="3"/><net_sink comp="1321" pin=0"/></net>

<net id="1326"><net_src comp="18" pin="0"/><net_sink comp="1321" pin=1"/></net>

<net id="1331"><net_src comp="1315" pin="2"/><net_sink comp="1327" pin=0"/></net>

<net id="1332"><net_src comp="1051" pin="2"/><net_sink comp="1327" pin=1"/></net>

<net id="1338"><net_src comp="1327" pin="2"/><net_sink comp="1333" pin=0"/></net>

<net id="1339"><net_src comp="16" pin="0"/><net_sink comp="1333" pin=1"/></net>

<net id="1340"><net_src comp="1036" pin="1"/><net_sink comp="1333" pin=2"/></net>

<net id="1346"><net_src comp="1315" pin="2"/><net_sink comp="1341" pin=0"/></net>

<net id="1347"><net_src comp="1321" pin="2"/><net_sink comp="1341" pin=1"/></net>

<net id="1348"><net_src comp="1057" pin="3"/><net_sink comp="1341" pin=2"/></net>

<net id="1352"><net_src comp="1341" pin="3"/><net_sink comp="1349" pin=0"/></net>

<net id="1356"><net_src comp="1341" pin="3"/><net_sink comp="1353" pin=0"/></net>

<net id="1362"><net_src comp="66" pin="0"/><net_sink comp="1357" pin=0"/></net>

<net id="1363"><net_src comp="1341" pin="3"/><net_sink comp="1357" pin=1"/></net>

<net id="1364"><net_src comp="16" pin="0"/><net_sink comp="1357" pin=2"/></net>

<net id="1368"><net_src comp="1357" pin="3"/><net_sink comp="1365" pin=0"/></net>

<net id="1373"><net_src comp="1365" pin="1"/><net_sink comp="1369" pin=0"/></net>

<net id="1374"><net_src comp="1353" pin="1"/><net_sink comp="1369" pin=1"/></net>

<net id="1379"><net_src comp="1057" pin="3"/><net_sink comp="1375" pin=0"/></net>

<net id="1380"><net_src comp="20" pin="0"/><net_sink comp="1375" pin=1"/></net>

<net id="1386"><net_src comp="1315" pin="2"/><net_sink comp="1381" pin=0"/></net>

<net id="1387"><net_src comp="1375" pin="2"/><net_sink comp="1381" pin=1"/></net>

<net id="1388"><net_src comp="1287" pin="3"/><net_sink comp="1381" pin=2"/></net>

<net id="1393"><net_src comp="1057" pin="3"/><net_sink comp="1389" pin=0"/></net>

<net id="1394"><net_src comp="70" pin="0"/><net_sink comp="1389" pin=1"/></net>

<net id="1400"><net_src comp="1315" pin="2"/><net_sink comp="1395" pin=0"/></net>

<net id="1401"><net_src comp="1389" pin="2"/><net_sink comp="1395" pin=1"/></net>

<net id="1402"><net_src comp="1295" pin="3"/><net_sink comp="1395" pin=2"/></net>

<net id="1406"><net_src comp="1369" pin="2"/><net_sink comp="1403" pin=0"/></net>

<net id="1410"><net_src comp="1333" pin="3"/><net_sink comp="1407" pin=0"/></net>

<net id="1415"><net_src comp="1403" pin="1"/><net_sink comp="1411" pin=0"/></net>

<net id="1416"><net_src comp="1407" pin="1"/><net_sink comp="1411" pin=1"/></net>

<net id="1422"><net_src comp="72" pin="0"/><net_sink comp="1417" pin=0"/></net>

<net id="1423"><net_src comp="1411" pin="2"/><net_sink comp="1417" pin=1"/></net>

<net id="1424"><net_src comp="74" pin="0"/><net_sink comp="1417" pin=2"/></net>

<net id="1428"><net_src comp="1417" pin="3"/><net_sink comp="1425" pin=0"/></net>

<net id="1429"><net_src comp="1425" pin="1"/><net_sink comp="301" pin=2"/></net>

<net id="1434"><net_src comp="1417" pin="3"/><net_sink comp="1430" pin=0"/></net>

<net id="1435"><net_src comp="76" pin="0"/><net_sink comp="1430" pin=1"/></net>

<net id="1439"><net_src comp="1430" pin="2"/><net_sink comp="1436" pin=0"/></net>

<net id="1440"><net_src comp="1436" pin="1"/><net_sink comp="308" pin=2"/></net>

<net id="1445"><net_src comp="1417" pin="3"/><net_sink comp="1441" pin=0"/></net>

<net id="1446"><net_src comp="78" pin="0"/><net_sink comp="1441" pin=1"/></net>

<net id="1450"><net_src comp="1441" pin="2"/><net_sink comp="1447" pin=0"/></net>

<net id="1451"><net_src comp="1447" pin="1"/><net_sink comp="315" pin=2"/></net>

<net id="1456"><net_src comp="1417" pin="3"/><net_sink comp="1452" pin=0"/></net>

<net id="1457"><net_src comp="80" pin="0"/><net_sink comp="1452" pin=1"/></net>

<net id="1461"><net_src comp="1452" pin="2"/><net_sink comp="1458" pin=0"/></net>

<net id="1462"><net_src comp="1458" pin="1"/><net_sink comp="322" pin=2"/></net>

<net id="1467"><net_src comp="1333" pin="3"/><net_sink comp="1463" pin=0"/></net>

<net id="1468"><net_src comp="18" pin="0"/><net_sink comp="1463" pin=1"/></net>

<net id="1472"><net_src comp="1369" pin="2"/><net_sink comp="1469" pin=0"/></net>

<net id="1476"><net_src comp="1463" pin="2"/><net_sink comp="1473" pin=0"/></net>

<net id="1481"><net_src comp="1469" pin="1"/><net_sink comp="1477" pin=0"/></net>

<net id="1482"><net_src comp="1473" pin="1"/><net_sink comp="1477" pin=1"/></net>

<net id="1488"><net_src comp="72" pin="0"/><net_sink comp="1483" pin=0"/></net>

<net id="1489"><net_src comp="1477" pin="2"/><net_sink comp="1483" pin=1"/></net>

<net id="1490"><net_src comp="74" pin="0"/><net_sink comp="1483" pin=2"/></net>

<net id="1494"><net_src comp="1483" pin="3"/><net_sink comp="1491" pin=0"/></net>

<net id="1495"><net_src comp="1491" pin="1"/><net_sink comp="382" pin=2"/></net>

<net id="1500"><net_src comp="1483" pin="3"/><net_sink comp="1496" pin=0"/></net>

<net id="1501"><net_src comp="76" pin="0"/><net_sink comp="1496" pin=1"/></net>

<net id="1505"><net_src comp="1496" pin="2"/><net_sink comp="1502" pin=0"/></net>

<net id="1506"><net_src comp="1502" pin="1"/><net_sink comp="389" pin=2"/></net>

<net id="1511"><net_src comp="1483" pin="3"/><net_sink comp="1507" pin=0"/></net>

<net id="1512"><net_src comp="78" pin="0"/><net_sink comp="1507" pin=1"/></net>

<net id="1516"><net_src comp="1507" pin="2"/><net_sink comp="1513" pin=0"/></net>

<net id="1517"><net_src comp="1513" pin="1"/><net_sink comp="396" pin=2"/></net>

<net id="1522"><net_src comp="1483" pin="3"/><net_sink comp="1518" pin=0"/></net>

<net id="1523"><net_src comp="80" pin="0"/><net_sink comp="1518" pin=1"/></net>

<net id="1527"><net_src comp="1518" pin="2"/><net_sink comp="1524" pin=0"/></net>

<net id="1528"><net_src comp="1524" pin="1"/><net_sink comp="403" pin=2"/></net>

<net id="1533"><net_src comp="1333" pin="3"/><net_sink comp="1529" pin=0"/></net>

<net id="1534"><net_src comp="20" pin="0"/><net_sink comp="1529" pin=1"/></net>

<net id="1538"><net_src comp="1369" pin="2"/><net_sink comp="1535" pin=0"/></net>

<net id="1542"><net_src comp="1529" pin="2"/><net_sink comp="1539" pin=0"/></net>

<net id="1547"><net_src comp="1535" pin="1"/><net_sink comp="1543" pin=0"/></net>

<net id="1548"><net_src comp="1539" pin="1"/><net_sink comp="1543" pin=1"/></net>

<net id="1554"><net_src comp="72" pin="0"/><net_sink comp="1549" pin=0"/></net>

<net id="1555"><net_src comp="1543" pin="2"/><net_sink comp="1549" pin=1"/></net>

<net id="1556"><net_src comp="74" pin="0"/><net_sink comp="1549" pin=2"/></net>

<net id="1560"><net_src comp="1549" pin="3"/><net_sink comp="1557" pin=0"/></net>

<net id="1561"><net_src comp="1557" pin="1"/><net_sink comp="414" pin=2"/></net>

<net id="1566"><net_src comp="1549" pin="3"/><net_sink comp="1562" pin=0"/></net>

<net id="1567"><net_src comp="76" pin="0"/><net_sink comp="1562" pin=1"/></net>

<net id="1571"><net_src comp="1562" pin="2"/><net_sink comp="1568" pin=0"/></net>

<net id="1572"><net_src comp="1568" pin="1"/><net_sink comp="421" pin=2"/></net>

<net id="1577"><net_src comp="1549" pin="3"/><net_sink comp="1573" pin=0"/></net>

<net id="1578"><net_src comp="78" pin="0"/><net_sink comp="1573" pin=1"/></net>

<net id="1582"><net_src comp="1573" pin="2"/><net_sink comp="1579" pin=0"/></net>

<net id="1583"><net_src comp="1579" pin="1"/><net_sink comp="428" pin=2"/></net>

<net id="1588"><net_src comp="1549" pin="3"/><net_sink comp="1584" pin=0"/></net>

<net id="1589"><net_src comp="80" pin="0"/><net_sink comp="1584" pin=1"/></net>

<net id="1593"><net_src comp="1584" pin="2"/><net_sink comp="1590" pin=0"/></net>

<net id="1594"><net_src comp="1590" pin="1"/><net_sink comp="435" pin=2"/></net>

<net id="1599"><net_src comp="1039" pin="1"/><net_sink comp="1595" pin=0"/></net>

<net id="1600"><net_src comp="82" pin="0"/><net_sink comp="1595" pin=1"/></net>

<net id="1606"><net_src comp="1051" pin="2"/><net_sink comp="1601" pin=0"/></net>

<net id="1607"><net_src comp="82" pin="0"/><net_sink comp="1601" pin=1"/></net>

<net id="1608"><net_src comp="1595" pin="2"/><net_sink comp="1601" pin=2"/></net>

<net id="1613"><net_src comp="1030" pin="2"/><net_sink comp="1609" pin=0"/></net>

<net id="1618"><net_src comp="1065" pin="3"/><net_sink comp="1614" pin=0"/></net>

<net id="1623"><net_src comp="1601" pin="3"/><net_sink comp="1619" pin=0"/></net>

<net id="1628"><net_src comp="1341" pin="3"/><net_sink comp="1624" pin=0"/></net>

<net id="1633"><net_src comp="1463" pin="2"/><net_sink comp="1629" pin=0"/></net>

<net id="1640"><net_src comp="1634" pin="1"/><net_sink comp="1637" pin=0"/></net>

<net id="1641"><net_src comp="1637" pin="1"/><net_sink comp="446" pin=2"/></net>

<net id="1648"><net_src comp="1642" pin="1"/><net_sink comp="1645" pin=0"/></net>

<net id="1649"><net_src comp="1645" pin="1"/><net_sink comp="454" pin=2"/></net>

<net id="1656"><net_src comp="1650" pin="1"/><net_sink comp="1653" pin=0"/></net>

<net id="1657"><net_src comp="1653" pin="1"/><net_sink comp="462" pin=2"/></net>

<net id="1664"><net_src comp="1658" pin="1"/><net_sink comp="1661" pin=0"/></net>

<net id="1665"><net_src comp="1661" pin="1"/><net_sink comp="470" pin=2"/></net>

<net id="1671"><net_src comp="84" pin="0"/><net_sink comp="1666" pin=0"/></net>

<net id="1672"><net_src comp="42" pin="0"/><net_sink comp="1666" pin=1"/></net>

<net id="1678"><net_src comp="84" pin="0"/><net_sink comp="1673" pin=0"/></net>

<net id="1679"><net_src comp="42" pin="0"/><net_sink comp="1673" pin=1"/></net>

<net id="1685"><net_src comp="1666" pin="3"/><net_sink comp="1680" pin=1"/></net>

<net id="1686"><net_src comp="1673" pin="3"/><net_sink comp="1680" pin=2"/></net>

<net id="1690"><net_src comp="1680" pin="3"/><net_sink comp="1687" pin=0"/></net>

<net id="1691"><net_src comp="1687" pin="1"/><net_sink comp="478" pin=2"/></net>

<net id="1699"><net_src comp="1692" pin="1"/><net_sink comp="1695" pin=0"/></net>

<net id="1700"><net_src comp="86" pin="0"/><net_sink comp="1695" pin=1"/></net>

<net id="1704"><net_src comp="1695" pin="2"/><net_sink comp="1701" pin=0"/></net>

<net id="1705"><net_src comp="1701" pin="1"/><net_sink comp="486" pin=2"/></net>

<net id="1711"><net_src comp="84" pin="0"/><net_sink comp="1706" pin=0"/></net>

<net id="1712"><net_src comp="40" pin="0"/><net_sink comp="1706" pin=1"/></net>

<net id="1718"><net_src comp="84" pin="0"/><net_sink comp="1713" pin=0"/></net>

<net id="1719"><net_src comp="40" pin="0"/><net_sink comp="1713" pin=1"/></net>

<net id="1725"><net_src comp="1706" pin="3"/><net_sink comp="1720" pin=1"/></net>

<net id="1726"><net_src comp="1713" pin="3"/><net_sink comp="1720" pin=2"/></net>

<net id="1730"><net_src comp="1720" pin="3"/><net_sink comp="1727" pin=0"/></net>

<net id="1731"><net_src comp="1727" pin="1"/><net_sink comp="494" pin=2"/></net>

<net id="1736"><net_src comp="1692" pin="1"/><net_sink comp="1732" pin=0"/></net>

<net id="1737"><net_src comp="88" pin="0"/><net_sink comp="1732" pin=1"/></net>

<net id="1741"><net_src comp="1732" pin="2"/><net_sink comp="1738" pin=0"/></net>

<net id="1742"><net_src comp="1738" pin="1"/><net_sink comp="502" pin=2"/></net>

<net id="1748"><net_src comp="84" pin="0"/><net_sink comp="1743" pin=0"/></net>

<net id="1749"><net_src comp="90" pin="0"/><net_sink comp="1743" pin=1"/></net>

<net id="1755"><net_src comp="84" pin="0"/><net_sink comp="1750" pin=0"/></net>

<net id="1756"><net_src comp="90" pin="0"/><net_sink comp="1750" pin=1"/></net>

<net id="1762"><net_src comp="1743" pin="3"/><net_sink comp="1757" pin=1"/></net>

<net id="1763"><net_src comp="1750" pin="3"/><net_sink comp="1757" pin=2"/></net>

<net id="1767"><net_src comp="1757" pin="3"/><net_sink comp="1764" pin=0"/></net>

<net id="1768"><net_src comp="1764" pin="1"/><net_sink comp="510" pin=2"/></net>

<net id="1773"><net_src comp="1692" pin="1"/><net_sink comp="1769" pin=0"/></net>

<net id="1774"><net_src comp="92" pin="0"/><net_sink comp="1769" pin=1"/></net>

<net id="1778"><net_src comp="1769" pin="2"/><net_sink comp="1775" pin=0"/></net>

<net id="1779"><net_src comp="1775" pin="1"/><net_sink comp="518" pin=2"/></net>

<net id="1785"><net_src comp="84" pin="0"/><net_sink comp="1780" pin=0"/></net>

<net id="1786"><net_src comp="94" pin="0"/><net_sink comp="1780" pin=1"/></net>

<net id="1792"><net_src comp="84" pin="0"/><net_sink comp="1787" pin=0"/></net>

<net id="1793"><net_src comp="94" pin="0"/><net_sink comp="1787" pin=1"/></net>

<net id="1799"><net_src comp="1780" pin="3"/><net_sink comp="1794" pin=1"/></net>

<net id="1800"><net_src comp="1787" pin="3"/><net_sink comp="1794" pin=2"/></net>

<net id="1804"><net_src comp="1794" pin="3"/><net_sink comp="1801" pin=0"/></net>

<net id="1805"><net_src comp="1801" pin="1"/><net_sink comp="526" pin=2"/></net>

<net id="1810"><net_src comp="1692" pin="1"/><net_sink comp="1806" pin=0"/></net>

<net id="1811"><net_src comp="96" pin="0"/><net_sink comp="1806" pin=1"/></net>

<net id="1815"><net_src comp="1806" pin="2"/><net_sink comp="1812" pin=0"/></net>

<net id="1816"><net_src comp="1812" pin="1"/><net_sink comp="534" pin=2"/></net>

<net id="1825"><net_src comp="66" pin="0"/><net_sink comp="1820" pin=0"/></net>

<net id="1826"><net_src comp="16" pin="0"/><net_sink comp="1820" pin=2"/></net>

<net id="1830"><net_src comp="1820" pin="3"/><net_sink comp="1827" pin=0"/></net>

<net id="1835"><net_src comp="1827" pin="1"/><net_sink comp="1831" pin=0"/></net>

<net id="1836"><net_src comp="1817" pin="1"/><net_sink comp="1831" pin=1"/></net>

<net id="1840"><net_src comp="1831" pin="2"/><net_sink comp="1837" pin=0"/></net>

<net id="1848"><net_src comp="1837" pin="1"/><net_sink comp="1844" pin=0"/></net>

<net id="1849"><net_src comp="1841" pin="1"/><net_sink comp="1844" pin=1"/></net>

<net id="1855"><net_src comp="72" pin="0"/><net_sink comp="1850" pin=0"/></net>

<net id="1856"><net_src comp="1844" pin="2"/><net_sink comp="1850" pin=1"/></net>

<net id="1857"><net_src comp="74" pin="0"/><net_sink comp="1850" pin=2"/></net>

<net id="1861"><net_src comp="1850" pin="3"/><net_sink comp="1858" pin=0"/></net>

<net id="1862"><net_src comp="1858" pin="1"/><net_sink comp="542" pin=2"/></net>

<net id="1867"><net_src comp="1850" pin="3"/><net_sink comp="1863" pin=0"/></net>

<net id="1868"><net_src comp="76" pin="0"/><net_sink comp="1863" pin=1"/></net>

<net id="1872"><net_src comp="1863" pin="2"/><net_sink comp="1869" pin=0"/></net>

<net id="1873"><net_src comp="1869" pin="1"/><net_sink comp="549" pin=2"/></net>

<net id="1878"><net_src comp="1850" pin="3"/><net_sink comp="1874" pin=0"/></net>

<net id="1879"><net_src comp="78" pin="0"/><net_sink comp="1874" pin=1"/></net>

<net id="1883"><net_src comp="1874" pin="2"/><net_sink comp="1880" pin=0"/></net>

<net id="1884"><net_src comp="1880" pin="1"/><net_sink comp="556" pin=2"/></net>

<net id="1889"><net_src comp="1850" pin="3"/><net_sink comp="1885" pin=0"/></net>

<net id="1890"><net_src comp="80" pin="0"/><net_sink comp="1885" pin=1"/></net>

<net id="1894"><net_src comp="1885" pin="2"/><net_sink comp="1891" pin=0"/></net>

<net id="1895"><net_src comp="1891" pin="1"/><net_sink comp="563" pin=2"/></net>

<net id="1899"><net_src comp="1831" pin="2"/><net_sink comp="1896" pin=0"/></net>

<net id="1907"><net_src comp="1896" pin="1"/><net_sink comp="1903" pin=0"/></net>

<net id="1908"><net_src comp="1900" pin="1"/><net_sink comp="1903" pin=1"/></net>

<net id="1914"><net_src comp="72" pin="0"/><net_sink comp="1909" pin=0"/></net>

<net id="1915"><net_src comp="1903" pin="2"/><net_sink comp="1909" pin=1"/></net>

<net id="1916"><net_src comp="74" pin="0"/><net_sink comp="1909" pin=2"/></net>

<net id="1920"><net_src comp="1909" pin="3"/><net_sink comp="1917" pin=0"/></net>

<net id="1921"><net_src comp="1917" pin="1"/><net_sink comp="570" pin=2"/></net>

<net id="1926"><net_src comp="1909" pin="3"/><net_sink comp="1922" pin=0"/></net>

<net id="1927"><net_src comp="76" pin="0"/><net_sink comp="1922" pin=1"/></net>

<net id="1931"><net_src comp="1922" pin="2"/><net_sink comp="1928" pin=0"/></net>

<net id="1932"><net_src comp="1928" pin="1"/><net_sink comp="577" pin=2"/></net>

<net id="1937"><net_src comp="1909" pin="3"/><net_sink comp="1933" pin=0"/></net>

<net id="1938"><net_src comp="78" pin="0"/><net_sink comp="1933" pin=1"/></net>

<net id="1942"><net_src comp="1933" pin="2"/><net_sink comp="1939" pin=0"/></net>

<net id="1943"><net_src comp="1939" pin="1"/><net_sink comp="584" pin=2"/></net>

<net id="1948"><net_src comp="1909" pin="3"/><net_sink comp="1944" pin=0"/></net>

<net id="1949"><net_src comp="80" pin="0"/><net_sink comp="1944" pin=1"/></net>

<net id="1953"><net_src comp="1944" pin="2"/><net_sink comp="1950" pin=0"/></net>

<net id="1954"><net_src comp="1950" pin="1"/><net_sink comp="591" pin=2"/></net>

<net id="1958"><net_src comp="1831" pin="2"/><net_sink comp="1955" pin=0"/></net>

<net id="1966"><net_src comp="1955" pin="1"/><net_sink comp="1962" pin=0"/></net>

<net id="1967"><net_src comp="1959" pin="1"/><net_sink comp="1962" pin=1"/></net>

<net id="1973"><net_src comp="72" pin="0"/><net_sink comp="1968" pin=0"/></net>

<net id="1974"><net_src comp="1962" pin="2"/><net_sink comp="1968" pin=1"/></net>

<net id="1975"><net_src comp="74" pin="0"/><net_sink comp="1968" pin=2"/></net>

<net id="1979"><net_src comp="1968" pin="3"/><net_sink comp="1976" pin=0"/></net>

<net id="1980"><net_src comp="1976" pin="1"/><net_sink comp="598" pin=2"/></net>

<net id="1985"><net_src comp="1968" pin="3"/><net_sink comp="1981" pin=0"/></net>

<net id="1986"><net_src comp="76" pin="0"/><net_sink comp="1981" pin=1"/></net>

<net id="1990"><net_src comp="1981" pin="2"/><net_sink comp="1987" pin=0"/></net>

<net id="1991"><net_src comp="1987" pin="1"/><net_sink comp="605" pin=2"/></net>

<net id="1996"><net_src comp="1968" pin="3"/><net_sink comp="1992" pin=0"/></net>

<net id="1997"><net_src comp="78" pin="0"/><net_sink comp="1992" pin=1"/></net>

<net id="2001"><net_src comp="1992" pin="2"/><net_sink comp="1998" pin=0"/></net>

<net id="2002"><net_src comp="1998" pin="1"/><net_sink comp="612" pin=2"/></net>

<net id="2007"><net_src comp="1968" pin="3"/><net_sink comp="2003" pin=0"/></net>

<net id="2008"><net_src comp="80" pin="0"/><net_sink comp="2003" pin=1"/></net>

<net id="2012"><net_src comp="2003" pin="2"/><net_sink comp="2009" pin=0"/></net>

<net id="2013"><net_src comp="2009" pin="1"/><net_sink comp="619" pin=2"/></net>

<net id="2020"><net_src comp="2014" pin="1"/><net_sink comp="2017" pin=0"/></net>

<net id="2021"><net_src comp="2017" pin="1"/><net_sink comp="638" pin=2"/></net>

<net id="2028"><net_src comp="2022" pin="1"/><net_sink comp="2025" pin=0"/></net>

<net id="2029"><net_src comp="2025" pin="1"/><net_sink comp="646" pin=2"/></net>

<net id="2036"><net_src comp="2030" pin="1"/><net_sink comp="2033" pin=0"/></net>

<net id="2037"><net_src comp="2033" pin="1"/><net_sink comp="654" pin=2"/></net>

<net id="2044"><net_src comp="2038" pin="1"/><net_sink comp="2041" pin=0"/></net>

<net id="2045"><net_src comp="2041" pin="1"/><net_sink comp="662" pin=2"/></net>

<net id="2052"><net_src comp="2046" pin="1"/><net_sink comp="2049" pin=0"/></net>

<net id="2053"><net_src comp="2049" pin="1"/><net_sink comp="670" pin=2"/></net>

<net id="2060"><net_src comp="2054" pin="1"/><net_sink comp="2057" pin=0"/></net>

<net id="2061"><net_src comp="2057" pin="1"/><net_sink comp="678" pin=2"/></net>

<net id="2068"><net_src comp="2062" pin="1"/><net_sink comp="2065" pin=0"/></net>

<net id="2069"><net_src comp="2065" pin="1"/><net_sink comp="686" pin=2"/></net>

<net id="2076"><net_src comp="2070" pin="1"/><net_sink comp="2073" pin=0"/></net>

<net id="2077"><net_src comp="2073" pin="1"/><net_sink comp="694" pin=2"/></net>

<net id="2083"><net_src comp="98" pin="0"/><net_sink comp="2078" pin=0"/></net>

<net id="2084"><net_src comp="100" pin="0"/><net_sink comp="2078" pin=1"/></net>

<net id="2090"><net_src comp="98" pin="0"/><net_sink comp="2085" pin=0"/></net>

<net id="2091"><net_src comp="100" pin="0"/><net_sink comp="2085" pin=1"/></net>

<net id="2097"><net_src comp="2078" pin="3"/><net_sink comp="2092" pin=1"/></net>

<net id="2098"><net_src comp="2085" pin="3"/><net_sink comp="2092" pin=2"/></net>

<net id="2102"><net_src comp="2092" pin="3"/><net_sink comp="2099" pin=0"/></net>

<net id="2103"><net_src comp="2099" pin="1"/><net_sink comp="702" pin=2"/></net>

<net id="2111"><net_src comp="2104" pin="1"/><net_sink comp="2107" pin=0"/></net>

<net id="2112"><net_src comp="102" pin="0"/><net_sink comp="2107" pin=1"/></net>

<net id="2116"><net_src comp="2107" pin="2"/><net_sink comp="2113" pin=0"/></net>

<net id="2117"><net_src comp="2113" pin="1"/><net_sink comp="710" pin=2"/></net>

<net id="2123"><net_src comp="98" pin="0"/><net_sink comp="2118" pin=0"/></net>

<net id="2124"><net_src comp="104" pin="0"/><net_sink comp="2118" pin=1"/></net>

<net id="2130"><net_src comp="98" pin="0"/><net_sink comp="2125" pin=0"/></net>

<net id="2131"><net_src comp="104" pin="0"/><net_sink comp="2125" pin=1"/></net>

<net id="2137"><net_src comp="2118" pin="3"/><net_sink comp="2132" pin=1"/></net>

<net id="2138"><net_src comp="2125" pin="3"/><net_sink comp="2132" pin=2"/></net>

<net id="2142"><net_src comp="2132" pin="3"/><net_sink comp="2139" pin=0"/></net>

<net id="2143"><net_src comp="2139" pin="1"/><net_sink comp="718" pin=2"/></net>

<net id="2148"><net_src comp="2104" pin="1"/><net_sink comp="2144" pin=0"/></net>

<net id="2149"><net_src comp="106" pin="0"/><net_sink comp="2144" pin=1"/></net>

<net id="2153"><net_src comp="2144" pin="2"/><net_sink comp="2150" pin=0"/></net>

<net id="2154"><net_src comp="2150" pin="1"/><net_sink comp="726" pin=2"/></net>

<net id="2163"><net_src comp="66" pin="0"/><net_sink comp="2158" pin=0"/></net>

<net id="2164"><net_src comp="16" pin="0"/><net_sink comp="2158" pin=2"/></net>

<net id="2168"><net_src comp="2158" pin="3"/><net_sink comp="2165" pin=0"/></net>

<net id="2173"><net_src comp="2165" pin="1"/><net_sink comp="2169" pin=0"/></net>

<net id="2174"><net_src comp="2155" pin="1"/><net_sink comp="2169" pin=1"/></net>

<net id="2181"><net_src comp="2169" pin="2"/><net_sink comp="2178" pin=0"/></net>

<net id="2189"><net_src comp="2178" pin="1"/><net_sink comp="2185" pin=0"/></net>

<net id="2190"><net_src comp="2182" pin="1"/><net_sink comp="2185" pin=1"/></net>

<net id="2196"><net_src comp="72" pin="0"/><net_sink comp="2191" pin=0"/></net>

<net id="2197"><net_src comp="2185" pin="2"/><net_sink comp="2191" pin=1"/></net>

<net id="2198"><net_src comp="74" pin="0"/><net_sink comp="2191" pin=2"/></net>

<net id="2202"><net_src comp="2191" pin="3"/><net_sink comp="2199" pin=0"/></net>

<net id="2203"><net_src comp="2199" pin="1"/><net_sink comp="734" pin=2"/></net>

<net id="2208"><net_src comp="2191" pin="3"/><net_sink comp="2204" pin=0"/></net>

<net id="2209"><net_src comp="76" pin="0"/><net_sink comp="2204" pin=1"/></net>

<net id="2213"><net_src comp="2204" pin="2"/><net_sink comp="2210" pin=0"/></net>

<net id="2214"><net_src comp="2210" pin="1"/><net_sink comp="741" pin=2"/></net>

<net id="2219"><net_src comp="2191" pin="3"/><net_sink comp="2215" pin=0"/></net>

<net id="2220"><net_src comp="78" pin="0"/><net_sink comp="2215" pin=1"/></net>

<net id="2224"><net_src comp="2215" pin="2"/><net_sink comp="2221" pin=0"/></net>

<net id="2225"><net_src comp="2221" pin="1"/><net_sink comp="748" pin=2"/></net>

<net id="2230"><net_src comp="2191" pin="3"/><net_sink comp="2226" pin=0"/></net>

<net id="2231"><net_src comp="80" pin="0"/><net_sink comp="2226" pin=1"/></net>

<net id="2235"><net_src comp="2226" pin="2"/><net_sink comp="2232" pin=0"/></net>

<net id="2236"><net_src comp="2232" pin="1"/><net_sink comp="755" pin=2"/></net>

<net id="2240"><net_src comp="2169" pin="2"/><net_sink comp="2237" pin=0"/></net>

<net id="2248"><net_src comp="2237" pin="1"/><net_sink comp="2244" pin=0"/></net>

<net id="2249"><net_src comp="2241" pin="1"/><net_sink comp="2244" pin=1"/></net>

<net id="2255"><net_src comp="72" pin="0"/><net_sink comp="2250" pin=0"/></net>

<net id="2256"><net_src comp="2244" pin="2"/><net_sink comp="2250" pin=1"/></net>

<net id="2257"><net_src comp="74" pin="0"/><net_sink comp="2250" pin=2"/></net>

<net id="2261"><net_src comp="2250" pin="3"/><net_sink comp="2258" pin=0"/></net>

<net id="2262"><net_src comp="2258" pin="1"/><net_sink comp="762" pin=2"/></net>

<net id="2267"><net_src comp="2250" pin="3"/><net_sink comp="2263" pin=0"/></net>

<net id="2268"><net_src comp="76" pin="0"/><net_sink comp="2263" pin=1"/></net>

<net id="2272"><net_src comp="2263" pin="2"/><net_sink comp="2269" pin=0"/></net>

<net id="2273"><net_src comp="2269" pin="1"/><net_sink comp="769" pin=2"/></net>

<net id="2278"><net_src comp="2250" pin="3"/><net_sink comp="2274" pin=0"/></net>

<net id="2279"><net_src comp="78" pin="0"/><net_sink comp="2274" pin=1"/></net>

<net id="2283"><net_src comp="2274" pin="2"/><net_sink comp="2280" pin=0"/></net>

<net id="2284"><net_src comp="2280" pin="1"/><net_sink comp="776" pin=2"/></net>

<net id="2289"><net_src comp="2250" pin="3"/><net_sink comp="2285" pin=0"/></net>

<net id="2290"><net_src comp="80" pin="0"/><net_sink comp="2285" pin=1"/></net>

<net id="2294"><net_src comp="2285" pin="2"/><net_sink comp="2291" pin=0"/></net>

<net id="2295"><net_src comp="2291" pin="1"/><net_sink comp="783" pin=2"/></net>

<net id="2299"><net_src comp="2169" pin="2"/><net_sink comp="2296" pin=0"/></net>

<net id="2307"><net_src comp="2296" pin="1"/><net_sink comp="2303" pin=0"/></net>

<net id="2308"><net_src comp="2300" pin="1"/><net_sink comp="2303" pin=1"/></net>

<net id="2314"><net_src comp="72" pin="0"/><net_sink comp="2309" pin=0"/></net>

<net id="2315"><net_src comp="2303" pin="2"/><net_sink comp="2309" pin=1"/></net>

<net id="2316"><net_src comp="74" pin="0"/><net_sink comp="2309" pin=2"/></net>

<net id="2320"><net_src comp="2309" pin="3"/><net_sink comp="2317" pin=0"/></net>

<net id="2321"><net_src comp="2317" pin="1"/><net_sink comp="790" pin=2"/></net>

<net id="2326"><net_src comp="2309" pin="3"/><net_sink comp="2322" pin=0"/></net>

<net id="2327"><net_src comp="76" pin="0"/><net_sink comp="2322" pin=1"/></net>

<net id="2331"><net_src comp="2322" pin="2"/><net_sink comp="2328" pin=0"/></net>

<net id="2332"><net_src comp="2328" pin="1"/><net_sink comp="797" pin=2"/></net>

<net id="2337"><net_src comp="2309" pin="3"/><net_sink comp="2333" pin=0"/></net>

<net id="2338"><net_src comp="78" pin="0"/><net_sink comp="2333" pin=1"/></net>

<net id="2342"><net_src comp="2333" pin="2"/><net_sink comp="2339" pin=0"/></net>

<net id="2343"><net_src comp="2339" pin="1"/><net_sink comp="804" pin=2"/></net>

<net id="2348"><net_src comp="2309" pin="3"/><net_sink comp="2344" pin=0"/></net>

<net id="2349"><net_src comp="80" pin="0"/><net_sink comp="2344" pin=1"/></net>

<net id="2353"><net_src comp="2344" pin="2"/><net_sink comp="2350" pin=0"/></net>

<net id="2354"><net_src comp="2350" pin="1"/><net_sink comp="811" pin=2"/></net>

<net id="2363"><net_src comp="108" pin="0"/><net_sink comp="2358" pin=0"/></net>

<net id="2364"><net_src comp="110" pin="0"/><net_sink comp="2358" pin=2"/></net>

<net id="2369"><net_src comp="2358" pin="3"/><net_sink comp="2365" pin=0"/></net>

<net id="2370"><net_src comp="2355" pin="1"/><net_sink comp="2365" pin=1"/></net>

<net id="2374"><net_src comp="2371" pin="1"/><net_sink comp="843" pin=2"/></net>

<net id="2384"><net_src comp="126" pin="0"/><net_sink comp="2378" pin=0"/></net>

<net id="2385"><net_src comp="2375" pin="1"/><net_sink comp="2378" pin=1"/></net>

<net id="2386"><net_src comp="128" pin="0"/><net_sink comp="2378" pin=2"/></net>

<net id="2387"><net_src comp="130" pin="0"/><net_sink comp="2378" pin=3"/></net>

<net id="2391"><net_src comp="2375" pin="1"/><net_sink comp="2388" pin=0"/></net>

<net id="2396"><net_src comp="2378" pin="4"/><net_sink comp="2392" pin=0"/></net>

<net id="2397"><net_src comp="132" pin="0"/><net_sink comp="2392" pin=1"/></net>

<net id="2402"><net_src comp="2388" pin="1"/><net_sink comp="2398" pin=0"/></net>

<net id="2403"><net_src comp="134" pin="0"/><net_sink comp="2398" pin=1"/></net>

<net id="2408"><net_src comp="2398" pin="2"/><net_sink comp="2404" pin=0"/></net>

<net id="2409"><net_src comp="2392" pin="2"/><net_sink comp="2404" pin=1"/></net>

<net id="2414"><net_src comp="2404" pin="2"/><net_sink comp="2410" pin=0"/></net>

<net id="2415"><net_src comp="976" pin="2"/><net_sink comp="2410" pin=1"/></net>

<net id="2421"><net_src comp="2410" pin="2"/><net_sink comp="2416" pin=0"/></net>

<net id="2422"><net_src comp="112" pin="0"/><net_sink comp="2416" pin=2"/></net>

<net id="2423"><net_src comp="2416" pin="3"/><net_sink comp="850" pin=1"/></net>

<net id="2429"><net_src comp="1349" pin="1"/><net_sink comp="2424" pin=0"/></net>

<net id="2430"><net_src comp="68" pin="0"/><net_sink comp="2424" pin=1"/></net>

<net id="2431"><net_src comp="2175" pin="1"/><net_sink comp="2424" pin=2"/></net>

<net id="2432"><net_src comp="2424" pin="3"/><net_sink comp="2358" pin=1"/></net>

<net id="2436"><net_src comp="136" pin="1"/><net_sink comp="2433" pin=0"/></net>

<net id="2437"><net_src comp="2433" pin="1"/><net_sink comp="1001" pin=1"/></net>

<net id="2438"><net_src comp="2433" pin="1"/><net_sink comp="1036" pin=0"/></net>

<net id="2439"><net_src comp="2433" pin="1"/><net_sink comp="1629" pin=1"/></net>

<net id="2443"><net_src comp="140" pin="1"/><net_sink comp="2440" pin=0"/></net>

<net id="2444"><net_src comp="2440" pin="1"/><net_sink comp="996" pin=1"/></net>

<net id="2445"><net_src comp="2440" pin="1"/><net_sink comp="1006" pin=0"/></net>

<net id="2446"><net_src comp="2440" pin="1"/><net_sink comp="1624" pin=1"/></net>

<net id="2450"><net_src comp="144" pin="1"/><net_sink comp="2447" pin=0"/></net>

<net id="2451"><net_src comp="2447" pin="1"/><net_sink comp="991" pin=1"/></net>

<net id="2452"><net_src comp="2447" pin="1"/><net_sink comp="1039" pin=0"/></net>

<net id="2453"><net_src comp="2447" pin="1"/><net_sink comp="1619" pin=1"/></net>

<net id="2457"><net_src comp="148" pin="1"/><net_sink comp="2454" pin=0"/></net>

<net id="2458"><net_src comp="2454" pin="1"/><net_sink comp="986" pin=1"/></net>

<net id="2459"><net_src comp="2454" pin="1"/><net_sink comp="1042" pin=0"/></net>

<net id="2460"><net_src comp="2454" pin="1"/><net_sink comp="1614" pin=1"/></net>

<net id="2464"><net_src comp="152" pin="1"/><net_sink comp="2461" pin=0"/></net>

<net id="2465"><net_src comp="2461" pin="1"/><net_sink comp="981" pin=1"/></net>

<net id="2466"><net_src comp="2461" pin="1"/><net_sink comp="1009" pin=0"/></net>

<net id="2467"><net_src comp="2461" pin="1"/><net_sink comp="1609" pin=1"/></net>

<net id="2471"><net_src comp="1024" pin="2"/><net_sink comp="2468" pin=0"/></net>

<net id="2475"><net_src comp="1042" pin="1"/><net_sink comp="2472" pin=0"/></net>

<net id="2476"><net_src comp="2472" pin="1"/><net_sink comp="1673" pin=2"/></net>

<net id="2477"><net_src comp="2472" pin="1"/><net_sink comp="1713" pin=2"/></net>

<net id="2478"><net_src comp="2472" pin="1"/><net_sink comp="1750" pin=2"/></net>

<net id="2479"><net_src comp="2472" pin="1"/><net_sink comp="1787" pin=2"/></net>

<net id="2480"><net_src comp="2472" pin="1"/><net_sink comp="2085" pin=2"/></net>

<net id="2481"><net_src comp="2472" pin="1"/><net_sink comp="2125" pin=2"/></net>

<net id="2485"><net_src comp="1045" pin="2"/><net_sink comp="2482" pin=0"/></net>

<net id="2486"><net_src comp="2482" pin="1"/><net_sink comp="1666" pin=2"/></net>

<net id="2487"><net_src comp="2482" pin="1"/><net_sink comp="1706" pin=2"/></net>

<net id="2488"><net_src comp="2482" pin="1"/><net_sink comp="1743" pin=2"/></net>

<net id="2489"><net_src comp="2482" pin="1"/><net_sink comp="1780" pin=2"/></net>

<net id="2490"><net_src comp="2482" pin="1"/><net_sink comp="2078" pin=2"/></net>

<net id="2491"><net_src comp="2482" pin="1"/><net_sink comp="2118" pin=2"/></net>

<net id="2495"><net_src comp="1051" pin="2"/><net_sink comp="2492" pin=0"/></net>

<net id="2496"><net_src comp="2492" pin="1"/><net_sink comp="1680" pin=0"/></net>

<net id="2497"><net_src comp="2492" pin="1"/><net_sink comp="1720" pin=0"/></net>

<net id="2498"><net_src comp="2492" pin="1"/><net_sink comp="1757" pin=0"/></net>

<net id="2499"><net_src comp="2492" pin="1"/><net_sink comp="1794" pin=0"/></net>

<net id="2500"><net_src comp="2492" pin="1"/><net_sink comp="2092" pin=0"/></net>

<net id="2501"><net_src comp="2492" pin="1"/><net_sink comp="2132" pin=0"/></net>

<net id="2505"><net_src comp="1065" pin="3"/><net_sink comp="2502" pin=0"/></net>

<net id="2506"><net_src comp="2502" pin="1"/><net_sink comp="1692" pin=0"/></net>

<net id="2507"><net_src comp="2502" pin="1"/><net_sink comp="2104" pin=0"/></net>

<net id="2508"><net_src comp="2502" pin="1"/><net_sink comp="2355" pin=0"/></net>

<net id="2512"><net_src comp="1073" pin="1"/><net_sink comp="2509" pin=0"/></net>

<net id="2513"><net_src comp="2509" pin="1"/><net_sink comp="830" pin=2"/></net>

<net id="2517"><net_src comp="156" pin="3"/><net_sink comp="2514" pin=0"/></net>

<net id="2518"><net_src comp="2514" pin="1"/><net_sink comp="163" pin=29"/></net>

<net id="2522"><net_src comp="1090" pin="3"/><net_sink comp="2519" pin=0"/></net>

<net id="2523"><net_src comp="2519" pin="1"/><net_sink comp="1658" pin=0"/></net>

<net id="2524"><net_src comp="2519" pin="1"/><net_sink comp="2070" pin=0"/></net>

<net id="2528"><net_src comp="213" pin="3"/><net_sink comp="2525" pin=0"/></net>

<net id="2529"><net_src comp="2525" pin="1"/><net_sink comp="163" pin=26"/></net>

<net id="2533"><net_src comp="1119" pin="3"/><net_sink comp="2530" pin=0"/></net>

<net id="2534"><net_src comp="2530" pin="1"/><net_sink comp="1650" pin=0"/></net>

<net id="2535"><net_src comp="2530" pin="1"/><net_sink comp="2062" pin=0"/></net>

<net id="2539"><net_src comp="221" pin="3"/><net_sink comp="2536" pin=0"/></net>

<net id="2540"><net_src comp="2536" pin="1"/><net_sink comp="163" pin=24"/></net>

<net id="2544"><net_src comp="229" pin="3"/><net_sink comp="2541" pin=0"/></net>

<net id="2545"><net_src comp="2541" pin="1"/><net_sink comp="163" pin=21"/></net>

<net id="2549"><net_src comp="1157" pin="3"/><net_sink comp="2546" pin=0"/></net>

<net id="2550"><net_src comp="2546" pin="1"/><net_sink comp="1634" pin=0"/></net>

<net id="2551"><net_src comp="2546" pin="1"/><net_sink comp="2046" pin=0"/></net>

<net id="2555"><net_src comp="237" pin="3"/><net_sink comp="2552" pin=0"/></net>

<net id="2556"><net_src comp="2552" pin="1"/><net_sink comp="163" pin=18"/></net>

<net id="2560"><net_src comp="1174" pin="2"/><net_sink comp="2557" pin=0"/></net>

<net id="2561"><net_src comp="2557" pin="1"/><net_sink comp="1642" pin=0"/></net>

<net id="2562"><net_src comp="2557" pin="1"/><net_sink comp="2054" pin=0"/></net>

<net id="2566"><net_src comp="245" pin="3"/><net_sink comp="2563" pin=0"/></net>

<net id="2567"><net_src comp="2563" pin="1"/><net_sink comp="163" pin=16"/></net>

<net id="2571"><net_src comp="253" pin="3"/><net_sink comp="2568" pin=0"/></net>

<net id="2572"><net_src comp="2568" pin="1"/><net_sink comp="163" pin=13"/></net>

<net id="2576"><net_src comp="261" pin="3"/><net_sink comp="2573" pin=0"/></net>

<net id="2577"><net_src comp="2573" pin="1"/><net_sink comp="163" pin=10"/></net>

<net id="2581"><net_src comp="1219" pin="3"/><net_sink comp="2578" pin=0"/></net>

<net id="2582"><net_src comp="2578" pin="1"/><net_sink comp="2014" pin=0"/></net>

<net id="2586"><net_src comp="269" pin="3"/><net_sink comp="2583" pin=0"/></net>

<net id="2587"><net_src comp="2583" pin="1"/><net_sink comp="163" pin=8"/></net>

<net id="2591"><net_src comp="1236" pin="2"/><net_sink comp="2588" pin=0"/></net>

<net id="2592"><net_src comp="2588" pin="1"/><net_sink comp="2022" pin=0"/></net>

<net id="2596"><net_src comp="277" pin="3"/><net_sink comp="2593" pin=0"/></net>

<net id="2597"><net_src comp="2593" pin="1"/><net_sink comp="163" pin=5"/></net>

<net id="2601"><net_src comp="1263" pin="3"/><net_sink comp="2598" pin=0"/></net>

<net id="2602"><net_src comp="2598" pin="1"/><net_sink comp="2030" pin=0"/></net>

<net id="2606"><net_src comp="285" pin="3"/><net_sink comp="2603" pin=0"/></net>

<net id="2607"><net_src comp="2603" pin="1"/><net_sink comp="163" pin=2"/></net>

<net id="2611"><net_src comp="1276" pin="2"/><net_sink comp="2608" pin=0"/></net>

<net id="2612"><net_src comp="2608" pin="1"/><net_sink comp="2038" pin=0"/></net>

<net id="2616"><net_src comp="293" pin="3"/><net_sink comp="2613" pin=0"/></net>

<net id="2617"><net_src comp="2613" pin="1"/><net_sink comp="163" pin=0"/></net>

<net id="2621"><net_src comp="1333" pin="3"/><net_sink comp="2618" pin=0"/></net>

<net id="2622"><net_src comp="2618" pin="1"/><net_sink comp="1841" pin=0"/></net>

<net id="2623"><net_src comp="2618" pin="1"/><net_sink comp="2175" pin=0"/></net>

<net id="2624"><net_src comp="2618" pin="1"/><net_sink comp="2182" pin=0"/></net>

<net id="2628"><net_src comp="1349" pin="1"/><net_sink comp="2625" pin=0"/></net>

<net id="2629"><net_src comp="2625" pin="1"/><net_sink comp="2424" pin=0"/></net>

<net id="2633"><net_src comp="1381" pin="3"/><net_sink comp="2630" pin=0"/></net>

<net id="2634"><net_src comp="2630" pin="1"/><net_sink comp="1817" pin=0"/></net>

<net id="2635"><net_src comp="2630" pin="1"/><net_sink comp="1820" pin=1"/></net>

<net id="2639"><net_src comp="1395" pin="3"/><net_sink comp="2636" pin=0"/></net>

<net id="2640"><net_src comp="2636" pin="1"/><net_sink comp="2155" pin=0"/></net>

<net id="2641"><net_src comp="2636" pin="1"/><net_sink comp="2158" pin=1"/></net>

<net id="2645"><net_src comp="301" pin="3"/><net_sink comp="2642" pin=0"/></net>

<net id="2646"><net_src comp="2642" pin="1"/><net_sink comp="329" pin=29"/></net>

<net id="2650"><net_src comp="308" pin="3"/><net_sink comp="2647" pin=0"/></net>

<net id="2651"><net_src comp="2647" pin="1"/><net_sink comp="329" pin=26"/></net>

<net id="2655"><net_src comp="315" pin="3"/><net_sink comp="2652" pin=0"/></net>

<net id="2656"><net_src comp="2652" pin="1"/><net_sink comp="329" pin=24"/></net>

<net id="2660"><net_src comp="322" pin="3"/><net_sink comp="2657" pin=0"/></net>

<net id="2661"><net_src comp="2657" pin="1"/><net_sink comp="329" pin=21"/></net>

<net id="2665"><net_src comp="1463" pin="2"/><net_sink comp="2662" pin=0"/></net>

<net id="2666"><net_src comp="2662" pin="1"/><net_sink comp="1900" pin=0"/></net>

<net id="2667"><net_src comp="2662" pin="1"/><net_sink comp="2241" pin=0"/></net>

<net id="2671"><net_src comp="382" pin="3"/><net_sink comp="2668" pin=0"/></net>

<net id="2672"><net_src comp="2668" pin="1"/><net_sink comp="329" pin=18"/></net>

<net id="2676"><net_src comp="389" pin="3"/><net_sink comp="2673" pin=0"/></net>

<net id="2677"><net_src comp="2673" pin="1"/><net_sink comp="329" pin=16"/></net>

<net id="2681"><net_src comp="396" pin="3"/><net_sink comp="2678" pin=0"/></net>

<net id="2682"><net_src comp="2678" pin="1"/><net_sink comp="329" pin=13"/></net>

<net id="2686"><net_src comp="403" pin="3"/><net_sink comp="2683" pin=0"/></net>

<net id="2687"><net_src comp="2683" pin="1"/><net_sink comp="329" pin=10"/></net>

<net id="2691"><net_src comp="1529" pin="2"/><net_sink comp="2688" pin=0"/></net>

<net id="2692"><net_src comp="2688" pin="1"/><net_sink comp="1959" pin=0"/></net>

<net id="2693"><net_src comp="2688" pin="1"/><net_sink comp="2300" pin=0"/></net>

<net id="2697"><net_src comp="414" pin="3"/><net_sink comp="2694" pin=0"/></net>

<net id="2698"><net_src comp="2694" pin="1"/><net_sink comp="329" pin=8"/></net>

<net id="2702"><net_src comp="421" pin="3"/><net_sink comp="2699" pin=0"/></net>

<net id="2703"><net_src comp="2699" pin="1"/><net_sink comp="329" pin=5"/></net>

<net id="2707"><net_src comp="428" pin="3"/><net_sink comp="2704" pin=0"/></net>

<net id="2708"><net_src comp="2704" pin="1"/><net_sink comp="329" pin=2"/></net>

<net id="2712"><net_src comp="435" pin="3"/><net_sink comp="2709" pin=0"/></net>

<net id="2713"><net_src comp="2709" pin="1"/><net_sink comp="329" pin=0"/></net>

<net id="2717"><net_src comp="163" pin="47"/><net_sink comp="2714" pin=0"/></net>

<net id="2718"><net_src comp="2714" pin="1"/><net_sink comp="904" pin=1"/></net>

<net id="2722"><net_src comp="163" pin="43"/><net_sink comp="2719" pin=0"/></net>

<net id="2723"><net_src comp="2719" pin="1"/><net_sink comp="910" pin=1"/></net>

<net id="2727"><net_src comp="163" pin="39"/><net_sink comp="2724" pin=0"/></net>

<net id="2728"><net_src comp="2724" pin="1"/><net_sink comp="916" pin=1"/></net>

<net id="2732"><net_src comp="163" pin="35"/><net_sink comp="2729" pin=0"/></net>

<net id="2733"><net_src comp="2729" pin="1"/><net_sink comp="922" pin=1"/></net>

<net id="2737"><net_src comp="163" pin="31"/><net_sink comp="2734" pin=0"/></net>

<net id="2738"><net_src comp="2734" pin="1"/><net_sink comp="928" pin=1"/></net>

<net id="2742"><net_src comp="163" pin="27"/><net_sink comp="2739" pin=0"/></net>

<net id="2743"><net_src comp="2739" pin="1"/><net_sink comp="934" pin=1"/></net>

<net id="2747"><net_src comp="163" pin="23"/><net_sink comp="2744" pin=0"/></net>

<net id="2748"><net_src comp="2744" pin="1"/><net_sink comp="940" pin=1"/></net>

<net id="2752"><net_src comp="163" pin="19"/><net_sink comp="2749" pin=0"/></net>

<net id="2753"><net_src comp="2749" pin="1"/><net_sink comp="946" pin=1"/></net>

<net id="2757"><net_src comp="163" pin="15"/><net_sink comp="2754" pin=0"/></net>

<net id="2758"><net_src comp="2754" pin="1"/><net_sink comp="952" pin=1"/></net>

<net id="2762"><net_src comp="163" pin="11"/><net_sink comp="2759" pin=0"/></net>

<net id="2763"><net_src comp="2759" pin="1"/><net_sink comp="958" pin=1"/></net>

<net id="2767"><net_src comp="163" pin="7"/><net_sink comp="2764" pin=0"/></net>

<net id="2768"><net_src comp="2764" pin="1"/><net_sink comp="964" pin=1"/></net>

<net id="2772"><net_src comp="163" pin="3"/><net_sink comp="2769" pin=0"/></net>

<net id="2773"><net_src comp="2769" pin="1"/><net_sink comp="970" pin=1"/></net>

<net id="2777"><net_src comp="446" pin="3"/><net_sink comp="2774" pin=0"/></net>

<net id="2778"><net_src comp="2774" pin="1"/><net_sink comp="163" pin=29"/></net>

<net id="2782"><net_src comp="454" pin="3"/><net_sink comp="2779" pin=0"/></net>

<net id="2783"><net_src comp="2779" pin="1"/><net_sink comp="163" pin=26"/></net>

<net id="2787"><net_src comp="462" pin="3"/><net_sink comp="2784" pin=0"/></net>

<net id="2788"><net_src comp="2784" pin="1"/><net_sink comp="163" pin=24"/></net>

<net id="2792"><net_src comp="470" pin="3"/><net_sink comp="2789" pin=0"/></net>

<net id="2793"><net_src comp="2789" pin="1"/><net_sink comp="163" pin=21"/></net>

<net id="2797"><net_src comp="478" pin="3"/><net_sink comp="2794" pin=0"/></net>

<net id="2798"><net_src comp="2794" pin="1"/><net_sink comp="163" pin=18"/></net>

<net id="2802"><net_src comp="486" pin="3"/><net_sink comp="2799" pin=0"/></net>

<net id="2803"><net_src comp="2799" pin="1"/><net_sink comp="163" pin=16"/></net>

<net id="2807"><net_src comp="494" pin="3"/><net_sink comp="2804" pin=0"/></net>

<net id="2808"><net_src comp="2804" pin="1"/><net_sink comp="163" pin=13"/></net>

<net id="2812"><net_src comp="502" pin="3"/><net_sink comp="2809" pin=0"/></net>

<net id="2813"><net_src comp="2809" pin="1"/><net_sink comp="163" pin=10"/></net>

<net id="2817"><net_src comp="510" pin="3"/><net_sink comp="2814" pin=0"/></net>

<net id="2818"><net_src comp="2814" pin="1"/><net_sink comp="163" pin=8"/></net>

<net id="2822"><net_src comp="518" pin="3"/><net_sink comp="2819" pin=0"/></net>

<net id="2823"><net_src comp="2819" pin="1"/><net_sink comp="163" pin=5"/></net>

<net id="2827"><net_src comp="526" pin="3"/><net_sink comp="2824" pin=0"/></net>

<net id="2828"><net_src comp="2824" pin="1"/><net_sink comp="163" pin=2"/></net>

<net id="2832"><net_src comp="534" pin="3"/><net_sink comp="2829" pin=0"/></net>

<net id="2833"><net_src comp="2829" pin="1"/><net_sink comp="163" pin=0"/></net>

<net id="2837"><net_src comp="542" pin="3"/><net_sink comp="2834" pin=0"/></net>

<net id="2838"><net_src comp="2834" pin="1"/><net_sink comp="329" pin=29"/></net>

<net id="2842"><net_src comp="549" pin="3"/><net_sink comp="2839" pin=0"/></net>

<net id="2843"><net_src comp="2839" pin="1"/><net_sink comp="329" pin=26"/></net>

<net id="2847"><net_src comp="556" pin="3"/><net_sink comp="2844" pin=0"/></net>

<net id="2848"><net_src comp="2844" pin="1"/><net_sink comp="329" pin=24"/></net>

<net id="2852"><net_src comp="563" pin="3"/><net_sink comp="2849" pin=0"/></net>

<net id="2853"><net_src comp="2849" pin="1"/><net_sink comp="329" pin=21"/></net>

<net id="2857"><net_src comp="329" pin="47"/><net_sink comp="2854" pin=0"/></net>

<net id="2858"><net_src comp="2854" pin="1"/><net_sink comp="904" pin=0"/></net>

<net id="2862"><net_src comp="329" pin="43"/><net_sink comp="2859" pin=0"/></net>

<net id="2863"><net_src comp="2859" pin="1"/><net_sink comp="910" pin=0"/></net>

<net id="2867"><net_src comp="329" pin="39"/><net_sink comp="2864" pin=0"/></net>

<net id="2868"><net_src comp="2864" pin="1"/><net_sink comp="916" pin=0"/></net>

<net id="2872"><net_src comp="329" pin="35"/><net_sink comp="2869" pin=0"/></net>

<net id="2873"><net_src comp="2869" pin="1"/><net_sink comp="922" pin=0"/></net>

<net id="2877"><net_src comp="570" pin="3"/><net_sink comp="2874" pin=0"/></net>

<net id="2878"><net_src comp="2874" pin="1"/><net_sink comp="329" pin=18"/></net>

<net id="2882"><net_src comp="577" pin="3"/><net_sink comp="2879" pin=0"/></net>

<net id="2883"><net_src comp="2879" pin="1"/><net_sink comp="329" pin=16"/></net>

<net id="2887"><net_src comp="584" pin="3"/><net_sink comp="2884" pin=0"/></net>

<net id="2888"><net_src comp="2884" pin="1"/><net_sink comp="329" pin=13"/></net>

<net id="2892"><net_src comp="591" pin="3"/><net_sink comp="2889" pin=0"/></net>

<net id="2893"><net_src comp="2889" pin="1"/><net_sink comp="329" pin=10"/></net>

<net id="2897"><net_src comp="329" pin="31"/><net_sink comp="2894" pin=0"/></net>

<net id="2898"><net_src comp="2894" pin="1"/><net_sink comp="928" pin=0"/></net>

<net id="2902"><net_src comp="329" pin="27"/><net_sink comp="2899" pin=0"/></net>

<net id="2903"><net_src comp="2899" pin="1"/><net_sink comp="934" pin=0"/></net>

<net id="2907"><net_src comp="329" pin="23"/><net_sink comp="2904" pin=0"/></net>

<net id="2908"><net_src comp="2904" pin="1"/><net_sink comp="940" pin=0"/></net>

<net id="2912"><net_src comp="329" pin="19"/><net_sink comp="2909" pin=0"/></net>

<net id="2913"><net_src comp="2909" pin="1"/><net_sink comp="946" pin=0"/></net>

<net id="2917"><net_src comp="598" pin="3"/><net_sink comp="2914" pin=0"/></net>

<net id="2918"><net_src comp="2914" pin="1"/><net_sink comp="329" pin=8"/></net>

<net id="2922"><net_src comp="605" pin="3"/><net_sink comp="2919" pin=0"/></net>

<net id="2923"><net_src comp="2919" pin="1"/><net_sink comp="329" pin=5"/></net>

<net id="2927"><net_src comp="612" pin="3"/><net_sink comp="2924" pin=0"/></net>

<net id="2928"><net_src comp="2924" pin="1"/><net_sink comp="329" pin=2"/></net>

<net id="2932"><net_src comp="619" pin="3"/><net_sink comp="2929" pin=0"/></net>

<net id="2933"><net_src comp="2929" pin="1"/><net_sink comp="329" pin=0"/></net>

<net id="2937"><net_src comp="329" pin="15"/><net_sink comp="2934" pin=0"/></net>

<net id="2938"><net_src comp="2934" pin="1"/><net_sink comp="952" pin=0"/></net>

<net id="2942"><net_src comp="329" pin="11"/><net_sink comp="2939" pin=0"/></net>

<net id="2943"><net_src comp="2939" pin="1"/><net_sink comp="958" pin=0"/></net>

<net id="2947"><net_src comp="329" pin="7"/><net_sink comp="2944" pin=0"/></net>

<net id="2948"><net_src comp="2944" pin="1"/><net_sink comp="964" pin=0"/></net>

<net id="2952"><net_src comp="329" pin="3"/><net_sink comp="2949" pin=0"/></net>

<net id="2953"><net_src comp="2949" pin="1"/><net_sink comp="970" pin=0"/></net>

<net id="2957"><net_src comp="163" pin="47"/><net_sink comp="2954" pin=0"/></net>

<net id="2958"><net_src comp="2954" pin="1"/><net_sink comp="904" pin=1"/></net>

<net id="2962"><net_src comp="163" pin="43"/><net_sink comp="2959" pin=0"/></net>

<net id="2963"><net_src comp="2959" pin="1"/><net_sink comp="910" pin=1"/></net>

<net id="2967"><net_src comp="163" pin="39"/><net_sink comp="2964" pin=0"/></net>

<net id="2968"><net_src comp="2964" pin="1"/><net_sink comp="916" pin=1"/></net>

<net id="2972"><net_src comp="163" pin="35"/><net_sink comp="2969" pin=0"/></net>

<net id="2973"><net_src comp="2969" pin="1"/><net_sink comp="922" pin=1"/></net>

<net id="2977"><net_src comp="163" pin="31"/><net_sink comp="2974" pin=0"/></net>

<net id="2978"><net_src comp="2974" pin="1"/><net_sink comp="928" pin=1"/></net>

<net id="2982"><net_src comp="163" pin="27"/><net_sink comp="2979" pin=0"/></net>

<net id="2983"><net_src comp="2979" pin="1"/><net_sink comp="934" pin=1"/></net>

<net id="2987"><net_src comp="163" pin="23"/><net_sink comp="2984" pin=0"/></net>

<net id="2988"><net_src comp="2984" pin="1"/><net_sink comp="940" pin=1"/></net>

<net id="2992"><net_src comp="163" pin="19"/><net_sink comp="2989" pin=0"/></net>

<net id="2993"><net_src comp="2989" pin="1"/><net_sink comp="946" pin=1"/></net>

<net id="2997"><net_src comp="163" pin="15"/><net_sink comp="2994" pin=0"/></net>

<net id="2998"><net_src comp="2994" pin="1"/><net_sink comp="952" pin=1"/></net>

<net id="3002"><net_src comp="163" pin="11"/><net_sink comp="2999" pin=0"/></net>

<net id="3003"><net_src comp="2999" pin="1"/><net_sink comp="958" pin=1"/></net>

<net id="3007"><net_src comp="163" pin="7"/><net_sink comp="3004" pin=0"/></net>

<net id="3008"><net_src comp="3004" pin="1"/><net_sink comp="964" pin=1"/></net>

<net id="3012"><net_src comp="163" pin="3"/><net_sink comp="3009" pin=0"/></net>

<net id="3013"><net_src comp="3009" pin="1"/><net_sink comp="970" pin=1"/></net>

<net id="3017"><net_src comp="638" pin="3"/><net_sink comp="3014" pin=0"/></net>

<net id="3018"><net_src comp="3014" pin="1"/><net_sink comp="163" pin=29"/></net>

<net id="3022"><net_src comp="646" pin="3"/><net_sink comp="3019" pin=0"/></net>

<net id="3023"><net_src comp="3019" pin="1"/><net_sink comp="163" pin=26"/></net>

<net id="3027"><net_src comp="654" pin="3"/><net_sink comp="3024" pin=0"/></net>

<net id="3028"><net_src comp="3024" pin="1"/><net_sink comp="163" pin=24"/></net>

<net id="3032"><net_src comp="662" pin="3"/><net_sink comp="3029" pin=0"/></net>

<net id="3033"><net_src comp="3029" pin="1"/><net_sink comp="163" pin=21"/></net>

<net id="3037"><net_src comp="670" pin="3"/><net_sink comp="3034" pin=0"/></net>

<net id="3038"><net_src comp="3034" pin="1"/><net_sink comp="163" pin=18"/></net>

<net id="3042"><net_src comp="678" pin="3"/><net_sink comp="3039" pin=0"/></net>

<net id="3043"><net_src comp="3039" pin="1"/><net_sink comp="163" pin=16"/></net>

<net id="3047"><net_src comp="686" pin="3"/><net_sink comp="3044" pin=0"/></net>

<net id="3048"><net_src comp="3044" pin="1"/><net_sink comp="163" pin=13"/></net>

<net id="3052"><net_src comp="694" pin="3"/><net_sink comp="3049" pin=0"/></net>

<net id="3053"><net_src comp="3049" pin="1"/><net_sink comp="163" pin=10"/></net>

<net id="3057"><net_src comp="702" pin="3"/><net_sink comp="3054" pin=0"/></net>

<net id="3058"><net_src comp="3054" pin="1"/><net_sink comp="163" pin=8"/></net>

<net id="3062"><net_src comp="710" pin="3"/><net_sink comp="3059" pin=0"/></net>

<net id="3063"><net_src comp="3059" pin="1"/><net_sink comp="163" pin=5"/></net>

<net id="3067"><net_src comp="718" pin="3"/><net_sink comp="3064" pin=0"/></net>

<net id="3068"><net_src comp="3064" pin="1"/><net_sink comp="163" pin=2"/></net>

<net id="3072"><net_src comp="726" pin="3"/><net_sink comp="3069" pin=0"/></net>

<net id="3073"><net_src comp="3069" pin="1"/><net_sink comp="163" pin=0"/></net>

<net id="3077"><net_src comp="2175" pin="1"/><net_sink comp="3074" pin=0"/></net>

<net id="3078"><net_src comp="3074" pin="1"/><net_sink comp="2424" pin=1"/></net>

<net id="3082"><net_src comp="734" pin="3"/><net_sink comp="3079" pin=0"/></net>

<net id="3083"><net_src comp="3079" pin="1"/><net_sink comp="329" pin=29"/></net>

<net id="3087"><net_src comp="741" pin="3"/><net_sink comp="3084" pin=0"/></net>

<net id="3088"><net_src comp="3084" pin="1"/><net_sink comp="329" pin=26"/></net>

<net id="3092"><net_src comp="748" pin="3"/><net_sink comp="3089" pin=0"/></net>

<net id="3093"><net_src comp="3089" pin="1"/><net_sink comp="329" pin=24"/></net>

<net id="3097"><net_src comp="755" pin="3"/><net_sink comp="3094" pin=0"/></net>

<net id="3098"><net_src comp="3094" pin="1"/><net_sink comp="329" pin=21"/></net>

<net id="3102"><net_src comp="762" pin="3"/><net_sink comp="3099" pin=0"/></net>

<net id="3103"><net_src comp="3099" pin="1"/><net_sink comp="329" pin=18"/></net>

<net id="3107"><net_src comp="769" pin="3"/><net_sink comp="3104" pin=0"/></net>

<net id="3108"><net_src comp="3104" pin="1"/><net_sink comp="329" pin=16"/></net>

<net id="3112"><net_src comp="776" pin="3"/><net_sink comp="3109" pin=0"/></net>

<net id="3113"><net_src comp="3109" pin="1"/><net_sink comp="329" pin=13"/></net>

<net id="3117"><net_src comp="783" pin="3"/><net_sink comp="3114" pin=0"/></net>

<net id="3118"><net_src comp="3114" pin="1"/><net_sink comp="329" pin=10"/></net>

<net id="3122"><net_src comp="790" pin="3"/><net_sink comp="3119" pin=0"/></net>

<net id="3123"><net_src comp="3119" pin="1"/><net_sink comp="329" pin=8"/></net>

<net id="3127"><net_src comp="797" pin="3"/><net_sink comp="3124" pin=0"/></net>

<net id="3128"><net_src comp="3124" pin="1"/><net_sink comp="329" pin=5"/></net>

<net id="3132"><net_src comp="804" pin="3"/><net_sink comp="3129" pin=0"/></net>

<net id="3133"><net_src comp="3129" pin="1"/><net_sink comp="329" pin=2"/></net>

<net id="3137"><net_src comp="811" pin="3"/><net_sink comp="3134" pin=0"/></net>

<net id="3138"><net_src comp="3134" pin="1"/><net_sink comp="329" pin=0"/></net>

<net id="3142"><net_src comp="329" pin="47"/><net_sink comp="3139" pin=0"/></net>

<net id="3143"><net_src comp="3139" pin="1"/><net_sink comp="904" pin=0"/></net>

<net id="3147"><net_src comp="329" pin="43"/><net_sink comp="3144" pin=0"/></net>

<net id="3148"><net_src comp="3144" pin="1"/><net_sink comp="910" pin=0"/></net>

<net id="3152"><net_src comp="329" pin="39"/><net_sink comp="3149" pin=0"/></net>

<net id="3153"><net_src comp="3149" pin="1"/><net_sink comp="916" pin=0"/></net>

<net id="3157"><net_src comp="329" pin="35"/><net_sink comp="3154" pin=0"/></net>

<net id="3158"><net_src comp="3154" pin="1"/><net_sink comp="922" pin=0"/></net>

<net id="3162"><net_src comp="329" pin="31"/><net_sink comp="3159" pin=0"/></net>

<net id="3163"><net_src comp="3159" pin="1"/><net_sink comp="928" pin=0"/></net>

<net id="3167"><net_src comp="329" pin="27"/><net_sink comp="3164" pin=0"/></net>

<net id="3168"><net_src comp="3164" pin="1"/><net_sink comp="934" pin=0"/></net>

<net id="3172"><net_src comp="329" pin="23"/><net_sink comp="3169" pin=0"/></net>

<net id="3173"><net_src comp="3169" pin="1"/><net_sink comp="940" pin=0"/></net>

<net id="3177"><net_src comp="329" pin="19"/><net_sink comp="3174" pin=0"/></net>

<net id="3178"><net_src comp="3174" pin="1"/><net_sink comp="946" pin=0"/></net>

<net id="3182"><net_src comp="329" pin="15"/><net_sink comp="3179" pin=0"/></net>

<net id="3183"><net_src comp="3179" pin="1"/><net_sink comp="952" pin=0"/></net>

<net id="3187"><net_src comp="329" pin="11"/><net_sink comp="3184" pin=0"/></net>

<net id="3188"><net_src comp="3184" pin="1"/><net_sink comp="958" pin=0"/></net>

<net id="3192"><net_src comp="329" pin="7"/><net_sink comp="3189" pin=0"/></net>

<net id="3193"><net_src comp="3189" pin="1"/><net_sink comp="964" pin=0"/></net>

<net id="3197"><net_src comp="329" pin="3"/><net_sink comp="3194" pin=0"/></net>

<net id="3198"><net_src comp="3194" pin="1"/><net_sink comp="970" pin=0"/></net>

<net id="3202"><net_src comp="830" pin="3"/><net_sink comp="3199" pin=0"/></net>

<net id="3203"><net_src comp="3199" pin="1"/><net_sink comp="837" pin=0"/></net>

<net id="3207"><net_src comp="163" pin="47"/><net_sink comp="3204" pin=0"/></net>

<net id="3208"><net_src comp="3204" pin="1"/><net_sink comp="904" pin=1"/></net>

<net id="3212"><net_src comp="163" pin="43"/><net_sink comp="3209" pin=0"/></net>

<net id="3213"><net_src comp="3209" pin="1"/><net_sink comp="910" pin=1"/></net>

<net id="3217"><net_src comp="163" pin="39"/><net_sink comp="3214" pin=0"/></net>

<net id="3218"><net_src comp="3214" pin="1"/><net_sink comp="916" pin=1"/></net>

<net id="3222"><net_src comp="163" pin="35"/><net_sink comp="3219" pin=0"/></net>

<net id="3223"><net_src comp="3219" pin="1"/><net_sink comp="922" pin=1"/></net>

<net id="3227"><net_src comp="163" pin="31"/><net_sink comp="3224" pin=0"/></net>

<net id="3228"><net_src comp="3224" pin="1"/><net_sink comp="928" pin=1"/></net>

<net id="3232"><net_src comp="163" pin="27"/><net_sink comp="3229" pin=0"/></net>

<net id="3233"><net_src comp="3229" pin="1"/><net_sink comp="934" pin=1"/></net>

<net id="3237"><net_src comp="163" pin="23"/><net_sink comp="3234" pin=0"/></net>

<net id="3238"><net_src comp="3234" pin="1"/><net_sink comp="940" pin=1"/></net>

<net id="3242"><net_src comp="163" pin="19"/><net_sink comp="3239" pin=0"/></net>

<net id="3243"><net_src comp="3239" pin="1"/><net_sink comp="946" pin=1"/></net>

<net id="3247"><net_src comp="163" pin="15"/><net_sink comp="3244" pin=0"/></net>

<net id="3248"><net_src comp="3244" pin="1"/><net_sink comp="952" pin=1"/></net>

<net id="3252"><net_src comp="163" pin="11"/><net_sink comp="3249" pin=0"/></net>

<net id="3253"><net_src comp="3249" pin="1"/><net_sink comp="958" pin=1"/></net>

<net id="3257"><net_src comp="163" pin="7"/><net_sink comp="3254" pin=0"/></net>

<net id="3258"><net_src comp="3254" pin="1"/><net_sink comp="964" pin=1"/></net>

<net id="3262"><net_src comp="163" pin="3"/><net_sink comp="3259" pin=0"/></net>

<net id="3263"><net_src comp="3259" pin="1"/><net_sink comp="970" pin=1"/></net>

<net id="3267"><net_src comp="2365" pin="2"/><net_sink comp="3264" pin=0"/></net>

<net id="3268"><net_src comp="3264" pin="1"/><net_sink comp="2371" pin=0"/></net>

<net id="3272"><net_src comp="329" pin="47"/><net_sink comp="3269" pin=0"/></net>

<net id="3273"><net_src comp="3269" pin="1"/><net_sink comp="904" pin=0"/></net>

<net id="3277"><net_src comp="329" pin="43"/><net_sink comp="3274" pin=0"/></net>

<net id="3278"><net_src comp="3274" pin="1"/><net_sink comp="910" pin=0"/></net>

<net id="3282"><net_src comp="329" pin="39"/><net_sink comp="3279" pin=0"/></net>

<net id="3283"><net_src comp="3279" pin="1"/><net_sink comp="916" pin=0"/></net>

<net id="3287"><net_src comp="329" pin="35"/><net_sink comp="3284" pin=0"/></net>

<net id="3288"><net_src comp="3284" pin="1"/><net_sink comp="922" pin=0"/></net>

<net id="3292"><net_src comp="329" pin="31"/><net_sink comp="3289" pin=0"/></net>

<net id="3293"><net_src comp="3289" pin="1"/><net_sink comp="928" pin=0"/></net>

<net id="3297"><net_src comp="329" pin="27"/><net_sink comp="3294" pin=0"/></net>

<net id="3298"><net_src comp="3294" pin="1"/><net_sink comp="934" pin=0"/></net>

<net id="3302"><net_src comp="329" pin="23"/><net_sink comp="3299" pin=0"/></net>

<net id="3303"><net_src comp="3299" pin="1"/><net_sink comp="940" pin=0"/></net>

<net id="3307"><net_src comp="329" pin="19"/><net_sink comp="3304" pin=0"/></net>

<net id="3308"><net_src comp="3304" pin="1"/><net_sink comp="946" pin=0"/></net>

<net id="3312"><net_src comp="329" pin="15"/><net_sink comp="3309" pin=0"/></net>

<net id="3313"><net_src comp="3309" pin="1"/><net_sink comp="952" pin=0"/></net>

<net id="3317"><net_src comp="329" pin="11"/><net_sink comp="3314" pin=0"/></net>

<net id="3318"><net_src comp="3314" pin="1"/><net_sink comp="958" pin=0"/></net>

<net id="3322"><net_src comp="329" pin="7"/><net_sink comp="3319" pin=0"/></net>

<net id="3323"><net_src comp="3319" pin="1"/><net_sink comp="964" pin=0"/></net>

<net id="3327"><net_src comp="329" pin="3"/><net_sink comp="3324" pin=0"/></net>

<net id="3328"><net_src comp="3324" pin="1"/><net_sink comp="970" pin=0"/></net>

<net id="3332"><net_src comp="837" pin="3"/><net_sink comp="3329" pin=0"/></net>

<net id="3333"><net_src comp="3329" pin="1"/><net_sink comp="856" pin=0"/></net>

<net id="3337"><net_src comp="904" pin="2"/><net_sink comp="3334" pin=0"/></net>

<net id="3338"><net_src comp="3334" pin="1"/><net_sink comp="856" pin=1"/></net>

<net id="3342"><net_src comp="910" pin="2"/><net_sink comp="3339" pin=0"/></net>

<net id="3343"><net_src comp="3339" pin="1"/><net_sink comp="856" pin=1"/></net>

<net id="3347"><net_src comp="916" pin="2"/><net_sink comp="3344" pin=0"/></net>

<net id="3348"><net_src comp="3344" pin="1"/><net_sink comp="856" pin=1"/></net>

<net id="3352"><net_src comp="922" pin="2"/><net_sink comp="3349" pin=0"/></net>

<net id="3353"><net_src comp="3349" pin="1"/><net_sink comp="860" pin=1"/></net>

<net id="3357"><net_src comp="928" pin="2"/><net_sink comp="3354" pin=0"/></net>

<net id="3358"><net_src comp="3354" pin="1"/><net_sink comp="860" pin=1"/></net>

<net id="3362"><net_src comp="934" pin="2"/><net_sink comp="3359" pin=0"/></net>

<net id="3363"><net_src comp="3359" pin="1"/><net_sink comp="860" pin=1"/></net>

<net id="3367"><net_src comp="940" pin="2"/><net_sink comp="3364" pin=0"/></net>

<net id="3368"><net_src comp="3364" pin="1"/><net_sink comp="864" pin=1"/></net>

<net id="3372"><net_src comp="946" pin="2"/><net_sink comp="3369" pin=0"/></net>

<net id="3373"><net_src comp="3369" pin="1"/><net_sink comp="864" pin=1"/></net>

<net id="3377"><net_src comp="952" pin="2"/><net_sink comp="3374" pin=0"/></net>

<net id="3378"><net_src comp="3374" pin="1"/><net_sink comp="864" pin=1"/></net>

<net id="3382"><net_src comp="958" pin="2"/><net_sink comp="3379" pin=0"/></net>

<net id="3383"><net_src comp="3379" pin="1"/><net_sink comp="868" pin=1"/></net>

<net id="3387"><net_src comp="964" pin="2"/><net_sink comp="3384" pin=0"/></net>

<net id="3388"><net_src comp="3384" pin="1"/><net_sink comp="868" pin=1"/></net>

<net id="3392"><net_src comp="970" pin="2"/><net_sink comp="3389" pin=0"/></net>

<net id="3393"><net_src comp="3389" pin="1"/><net_sink comp="868" pin=1"/></net>

<net id="3397"><net_src comp="904" pin="2"/><net_sink comp="3394" pin=0"/></net>

<net id="3398"><net_src comp="3394" pin="1"/><net_sink comp="872" pin=1"/></net>

<net id="3402"><net_src comp="910" pin="2"/><net_sink comp="3399" pin=0"/></net>

<net id="3403"><net_src comp="3399" pin="1"/><net_sink comp="872" pin=1"/></net>

<net id="3407"><net_src comp="916" pin="2"/><net_sink comp="3404" pin=0"/></net>

<net id="3408"><net_src comp="3404" pin="1"/><net_sink comp="872" pin=1"/></net>

<net id="3412"><net_src comp="922" pin="2"/><net_sink comp="3409" pin=0"/></net>

<net id="3413"><net_src comp="3409" pin="1"/><net_sink comp="876" pin=1"/></net>

<net id="3417"><net_src comp="928" pin="2"/><net_sink comp="3414" pin=0"/></net>

<net id="3418"><net_src comp="3414" pin="1"/><net_sink comp="876" pin=1"/></net>

<net id="3422"><net_src comp="934" pin="2"/><net_sink comp="3419" pin=0"/></net>

<net id="3423"><net_src comp="3419" pin="1"/><net_sink comp="876" pin=1"/></net>

<net id="3427"><net_src comp="940" pin="2"/><net_sink comp="3424" pin=0"/></net>

<net id="3428"><net_src comp="3424" pin="1"/><net_sink comp="880" pin=1"/></net>

<net id="3432"><net_src comp="946" pin="2"/><net_sink comp="3429" pin=0"/></net>

<net id="3433"><net_src comp="3429" pin="1"/><net_sink comp="880" pin=1"/></net>

<net id="3437"><net_src comp="952" pin="2"/><net_sink comp="3434" pin=0"/></net>

<net id="3438"><net_src comp="3434" pin="1"/><net_sink comp="880" pin=1"/></net>

<net id="3442"><net_src comp="958" pin="2"/><net_sink comp="3439" pin=0"/></net>

<net id="3443"><net_src comp="3439" pin="1"/><net_sink comp="884" pin=1"/></net>

<net id="3447"><net_src comp="964" pin="2"/><net_sink comp="3444" pin=0"/></net>

<net id="3448"><net_src comp="3444" pin="1"/><net_sink comp="884" pin=1"/></net>

<net id="3452"><net_src comp="970" pin="2"/><net_sink comp="3449" pin=0"/></net>

<net id="3453"><net_src comp="3449" pin="1"/><net_sink comp="884" pin=1"/></net>

<net id="3457"><net_src comp="904" pin="2"/><net_sink comp="3454" pin=0"/></net>

<net id="3458"><net_src comp="3454" pin="1"/><net_sink comp="888" pin=1"/></net>

<net id="3462"><net_src comp="910" pin="2"/><net_sink comp="3459" pin=0"/></net>

<net id="3463"><net_src comp="3459" pin="1"/><net_sink comp="888" pin=1"/></net>

<net id="3467"><net_src comp="916" pin="2"/><net_sink comp="3464" pin=0"/></net>

<net id="3468"><net_src comp="3464" pin="1"/><net_sink comp="888" pin=1"/></net>

<net id="3472"><net_src comp="922" pin="2"/><net_sink comp="3469" pin=0"/></net>

<net id="3473"><net_src comp="3469" pin="1"/><net_sink comp="892" pin=1"/></net>

<net id="3477"><net_src comp="928" pin="2"/><net_sink comp="3474" pin=0"/></net>

<net id="3478"><net_src comp="3474" pin="1"/><net_sink comp="892" pin=1"/></net>

<net id="3482"><net_src comp="934" pin="2"/><net_sink comp="3479" pin=0"/></net>

<net id="3483"><net_src comp="3479" pin="1"/><net_sink comp="892" pin=1"/></net>

<net id="3487"><net_src comp="940" pin="2"/><net_sink comp="3484" pin=0"/></net>

<net id="3488"><net_src comp="3484" pin="1"/><net_sink comp="896" pin=1"/></net>

<net id="3492"><net_src comp="946" pin="2"/><net_sink comp="3489" pin=0"/></net>

<net id="3493"><net_src comp="3489" pin="1"/><net_sink comp="896" pin=1"/></net>

<net id="3497"><net_src comp="952" pin="2"/><net_sink comp="3494" pin=0"/></net>

<net id="3498"><net_src comp="3494" pin="1"/><net_sink comp="896" pin=1"/></net>

<net id="3502"><net_src comp="958" pin="2"/><net_sink comp="3499" pin=0"/></net>

<net id="3503"><net_src comp="3499" pin="1"/><net_sink comp="900" pin=1"/></net>

<net id="3507"><net_src comp="964" pin="2"/><net_sink comp="3504" pin=0"/></net>

<net id="3508"><net_src comp="3504" pin="1"/><net_sink comp="900" pin=1"/></net>

<net id="3512"><net_src comp="970" pin="2"/><net_sink comp="3509" pin=0"/></net>

<net id="3513"><net_src comp="3509" pin="1"/><net_sink comp="900" pin=1"/></net>

<net id="3517"><net_src comp="856" pin="2"/><net_sink comp="3514" pin=0"/></net>

<net id="3518"><net_src comp="3514" pin="1"/><net_sink comp="856" pin=0"/></net>

<net id="3522"><net_src comp="856" pin="2"/><net_sink comp="3519" pin=0"/></net>

<net id="3523"><net_src comp="3519" pin="1"/><net_sink comp="856" pin=0"/></net>

<net id="3527"><net_src comp="856" pin="2"/><net_sink comp="3524" pin=0"/></net>

<net id="3528"><net_src comp="3524" pin="1"/><net_sink comp="860" pin=0"/></net>

<net id="3532"><net_src comp="860" pin="2"/><net_sink comp="3529" pin=0"/></net>

<net id="3533"><net_src comp="3529" pin="1"/><net_sink comp="860" pin=0"/></net>

<net id="3537"><net_src comp="860" pin="2"/><net_sink comp="3534" pin=0"/></net>

<net id="3538"><net_src comp="3534" pin="1"/><net_sink comp="860" pin=0"/></net>

<net id="3542"><net_src comp="860" pin="2"/><net_sink comp="3539" pin=0"/></net>

<net id="3543"><net_src comp="3539" pin="1"/><net_sink comp="864" pin=0"/></net>

<net id="3547"><net_src comp="864" pin="2"/><net_sink comp="3544" pin=0"/></net>

<net id="3548"><net_src comp="3544" pin="1"/><net_sink comp="864" pin=0"/></net>

<net id="3552"><net_src comp="864" pin="2"/><net_sink comp="3549" pin=0"/></net>

<net id="3553"><net_src comp="3549" pin="1"/><net_sink comp="864" pin=0"/></net>

<net id="3557"><net_src comp="864" pin="2"/><net_sink comp="3554" pin=0"/></net>

<net id="3558"><net_src comp="3554" pin="1"/><net_sink comp="868" pin=0"/></net>

<net id="3562"><net_src comp="868" pin="2"/><net_sink comp="3559" pin=0"/></net>

<net id="3563"><net_src comp="3559" pin="1"/><net_sink comp="868" pin=0"/></net>

<net id="3567"><net_src comp="868" pin="2"/><net_sink comp="3564" pin=0"/></net>

<net id="3568"><net_src comp="3564" pin="1"/><net_sink comp="868" pin=0"/></net>

<net id="3572"><net_src comp="868" pin="2"/><net_sink comp="3569" pin=0"/></net>

<net id="3573"><net_src comp="3569" pin="1"/><net_sink comp="872" pin=0"/></net>

<net id="3577"><net_src comp="872" pin="2"/><net_sink comp="3574" pin=0"/></net>

<net id="3578"><net_src comp="3574" pin="1"/><net_sink comp="872" pin=0"/></net>

<net id="3582"><net_src comp="872" pin="2"/><net_sink comp="3579" pin=0"/></net>

<net id="3583"><net_src comp="3579" pin="1"/><net_sink comp="872" pin=0"/></net>

<net id="3587"><net_src comp="872" pin="2"/><net_sink comp="3584" pin=0"/></net>

<net id="3588"><net_src comp="3584" pin="1"/><net_sink comp="876" pin=0"/></net>

<net id="3592"><net_src comp="876" pin="2"/><net_sink comp="3589" pin=0"/></net>

<net id="3593"><net_src comp="3589" pin="1"/><net_sink comp="876" pin=0"/></net>

<net id="3597"><net_src comp="876" pin="2"/><net_sink comp="3594" pin=0"/></net>

<net id="3598"><net_src comp="3594" pin="1"/><net_sink comp="876" pin=0"/></net>

<net id="3602"><net_src comp="876" pin="2"/><net_sink comp="3599" pin=0"/></net>

<net id="3603"><net_src comp="3599" pin="1"/><net_sink comp="880" pin=0"/></net>

<net id="3607"><net_src comp="880" pin="2"/><net_sink comp="3604" pin=0"/></net>

<net id="3608"><net_src comp="3604" pin="1"/><net_sink comp="880" pin=0"/></net>

<net id="3612"><net_src comp="880" pin="2"/><net_sink comp="3609" pin=0"/></net>

<net id="3613"><net_src comp="3609" pin="1"/><net_sink comp="880" pin=0"/></net>

<net id="3617"><net_src comp="880" pin="2"/><net_sink comp="3614" pin=0"/></net>

<net id="3618"><net_src comp="3614" pin="1"/><net_sink comp="884" pin=0"/></net>

<net id="3622"><net_src comp="884" pin="2"/><net_sink comp="3619" pin=0"/></net>

<net id="3623"><net_src comp="3619" pin="1"/><net_sink comp="884" pin=0"/></net>

<net id="3627"><net_src comp="884" pin="2"/><net_sink comp="3624" pin=0"/></net>

<net id="3628"><net_src comp="3624" pin="1"/><net_sink comp="884" pin=0"/></net>

<net id="3632"><net_src comp="884" pin="2"/><net_sink comp="3629" pin=0"/></net>

<net id="3633"><net_src comp="3629" pin="1"/><net_sink comp="888" pin=0"/></net>

<net id="3637"><net_src comp="888" pin="2"/><net_sink comp="3634" pin=0"/></net>

<net id="3638"><net_src comp="3634" pin="1"/><net_sink comp="888" pin=0"/></net>

<net id="3642"><net_src comp="888" pin="2"/><net_sink comp="3639" pin=0"/></net>

<net id="3643"><net_src comp="3639" pin="1"/><net_sink comp="888" pin=0"/></net>

<net id="3647"><net_src comp="888" pin="2"/><net_sink comp="3644" pin=0"/></net>

<net id="3648"><net_src comp="3644" pin="1"/><net_sink comp="892" pin=0"/></net>

<net id="3652"><net_src comp="892" pin="2"/><net_sink comp="3649" pin=0"/></net>

<net id="3653"><net_src comp="3649" pin="1"/><net_sink comp="892" pin=0"/></net>

<net id="3657"><net_src comp="892" pin="2"/><net_sink comp="3654" pin=0"/></net>

<net id="3658"><net_src comp="3654" pin="1"/><net_sink comp="892" pin=0"/></net>

<net id="3662"><net_src comp="892" pin="2"/><net_sink comp="3659" pin=0"/></net>

<net id="3663"><net_src comp="3659" pin="1"/><net_sink comp="896" pin=0"/></net>

<net id="3667"><net_src comp="896" pin="2"/><net_sink comp="3664" pin=0"/></net>

<net id="3668"><net_src comp="3664" pin="1"/><net_sink comp="896" pin=0"/></net>

<net id="3672"><net_src comp="896" pin="2"/><net_sink comp="3669" pin=0"/></net>

<net id="3673"><net_src comp="3669" pin="1"/><net_sink comp="896" pin=0"/></net>

<net id="3677"><net_src comp="896" pin="2"/><net_sink comp="3674" pin=0"/></net>

<net id="3678"><net_src comp="3674" pin="1"/><net_sink comp="900" pin=0"/></net>

<net id="3682"><net_src comp="900" pin="2"/><net_sink comp="3679" pin=0"/></net>

<net id="3683"><net_src comp="3679" pin="1"/><net_sink comp="900" pin=0"/></net>

<net id="3687"><net_src comp="900" pin="2"/><net_sink comp="3684" pin=0"/></net>

<net id="3688"><net_src comp="3684" pin="1"/><net_sink comp="900" pin=0"/></net>

<net id="3692"><net_src comp="900" pin="2"/><net_sink comp="3689" pin=0"/></net>

<net id="3693"><net_src comp="3689" pin="1"/><net_sink comp="976" pin=0"/></net>

<net id="3694"><net_src comp="3689" pin="1"/><net_sink comp="2375" pin=0"/></net>

<net id="3695"><net_src comp="3689" pin="1"/><net_sink comp="2416" pin=1"/></net>

</net_list>

</model> 
---------------- Datapath Model END ------------------

* FSMD analyzer results:
  - Output states:
	Port: layer2_conv | {188 }
 - Input state : 
	Port: cnn_predict_Pipeline_VITIS_LOOP_121_11_VITIS_LOOP_122_12_VITIS_LOOP_123_13 : layer1_pool | {2 3 4 5 }
	Port: cnn_predict_Pipeline_VITIS_LOOP_121_11_VITIS_LOOP_122_12_VITIS_LOOP_123_13 : conv2_b | {5 6 }
	Port: cnn_predict_Pipeline_VITIS_LOOP_121_11_VITIS_LOOP_122_12_VITIS_LOOP_123_13 : conv2_w | {2 3 4 5 }
  - Chain level:
	State 1
		store_ln0 : 1
		store_ln0 : 1
		store_ln0 : 1
		store_ln0 : 1
		store_ln0 : 1
	State 2
		empty : 1
		empty_32 : 1
		icmp_ln121 : 1
		add_ln121_7 : 1
		br_ln121 : 2
		add_ln121 : 1
		icmp_ln122 : 1
		select_ln121 : 2
		select_ln121_1 : 2
		zext_ln121 : 3
		conv2_w_addr : 4
		conv2_w_load : 5
		add_ln133 : 1
		xor_ln133 : 1
		select_ln121_2 : 1
		zext_ln121_2 : 2
		conv2_w_addr_1 : 3
		conv2_w_load_1 : 4
		or_ln133_mid1 : 2
		or_ln : 1
		select_ln121_3 : 3
		zext_ln121_3 : 4
		conv2_w_addr_2 : 5
		conv2_w_load_2 : 6
		sext_ln121 : 2
		zext_ln121_4 : 3
		conv2_w_addr_3 : 4
		conv2_w_load_3 : 5
		or_ln133_1_mid1 : 2
		or_ln133_s : 1
		select_ln121_4 : 3
		zext_ln121_5 : 4
		conv2_w_addr_4 : 5
		conv2_w_load_4 : 6
		zext_ln121_6 : 3
		add_ln121_8 : 4
		zext_ln121_7 : 5
		conv2_w_addr_5 : 6
		conv2_w_load_5 : 7
		sext_ln121_1 : 4
		zext_ln121_8 : 5
		conv2_w_addr_6 : 6
		conv2_w_load_6 : 7
		sext_ln121_2 : 2
		zext_ln121_9 : 3
		conv2_w_addr_7 : 4
		conv2_w_load_7 : 5
		or_ln133_3_mid1 : 2
		or_ln133_1 : 1
		select_ln121_5 : 3
		zext_ln121_10 : 4
		conv2_w_addr_8 : 5
		conv2_w_load_8 : 6
		zext_ln121_11 : 3
		add_ln121_9 : 4
		zext_ln121_12 : 5
		conv2_w_addr_9 : 6
		conv2_w_load_9 : 7
		or_ln133_4_mid1 : 2
		or_ln133_2 : 1
		select_ln121_6 : 3
		zext_ln121_13 : 4
		conv2_w_addr_10 : 5
		conv2_w_load_10 : 6
		add_ln121_10 : 4
		zext_ln121_14 : 5
		conv2_w_addr_11 : 6
		conv2_w_load_11 : 7
		select_ln121_13 : 2
		select_ln121_14 : 2
		xor_ln121 : 2
		icmp_ln123 : 1
		and_ln121 : 2
		p_dup45 : 3
		or_ln122 : 2
		select_ln122 : 2
		select_ln122_1 : 2
		zext_ln135 : 3
		zext_ln135_1 : 3
		tmp : 3
		zext_ln135_2 : 4
		sub_ln135 : 5
		mul_ln139 : 4
		p_mid148 : 3
		select_ln122_2 : 2
		p_mid150 : 3
		select_ln122_3 : 2
		trunc_ln135 : 6
		zext_ln135_8 : 3
		add_ln135 : 7
		tmp_s : 8
		zext_ln135_9 : 9
		layer1_pool_addr : 10
		or_ln135 : 9
		zext_ln135_10 : 9
		layer1_pool_addr_1 : 10
		or_ln135_1 : 9
		zext_ln135_11 : 9
		layer1_pool_addr_2 : 10
		or_ln135_2 : 9
		zext_ln135_12 : 9
		layer1_pool_addr_3 : 10
		layer1_pool_load : 11
		layer1_pool_load_1 : 11
		layer1_pool_load_2 : 11
		layer1_pool_load_3 : 11
		empty_34 : 3
		trunc_ln135_3 : 6
		zext_ln135_23 : 4
		add_ln135_3 : 7
		tmp_27 : 8
		zext_ln135_24 : 9
		layer1_pool_addr_5 : 10
		or_ln135_9 : 9
		zext_ln135_25 : 9
		layer1_pool_addr_6 : 10
		or_ln135_10 : 9
		zext_ln135_26 : 9
		layer1_pool_addr_7 : 10
		or_ln135_11 : 9
		zext_ln135_27 : 9
		layer1_pool_addr_8 : 10
		layer1_pool_load_4 : 11
		layer1_pool_load_5 : 11
		layer1_pool_load_6 : 11
		layer1_pool_load_7 : 11
		empty_35 : 3
		trunc_ln135_6 : 6
		zext_ln135_38 : 4
		add_ln135_6 : 7
		tmp_30 : 8
		zext_ln135_39 : 9
		layer1_pool_addr_9 : 10
		or_ln135_18 : 9
		zext_ln135_40 : 9
		layer1_pool_addr_10 : 10
		or_ln135_19 : 9
		zext_ln135_41 : 9
		layer1_pool_addr_11 : 10
		or_ln135_20 : 9
		zext_ln135_42 : 9
		layer1_pool_addr_12 : 10
		layer1_pool_load_8 : 11
		layer1_pool_load_9 : 11
		layer1_pool_load_10 : 11
		layer1_pool_load_11 : 11
		add_ln122 : 1
		select_ln122_4 : 2
		store_ln123 : 2
		store_ln123 : 3
		store_ln123 : 3
		store_ln123 : 3
		store_ln123 : 4
	State 3
		zext_ln121_15 : 1
		conv2_w_addr_12 : 2
		conv2_w_load_12 : 3
		zext_ln121_16 : 1
		conv2_w_addr_13 : 2
		conv2_w_load_13 : 3
		zext_ln121_17 : 1
		conv2_w_addr_14 : 2
		conv2_w_load_14 : 3
		zext_ln121_18 : 1
		conv2_w_addr_15 : 2
		conv2_w_load_15 : 3
		select_ln121_7 : 1
		zext_ln121_19 : 2
		conv2_w_addr_16 : 3
		conv2_w_load_16 : 4
		add_ln121_1 : 1
		zext_ln121_21 : 2
		conv2_w_addr_17 : 3
		conv2_w_load_17 : 4
		select_ln121_8 : 1
		zext_ln121_22 : 2
		conv2_w_addr_18 : 3
		conv2_w_load_18 : 4
		add_ln121_2 : 1
		zext_ln121_23 : 2
		conv2_w_addr_19 : 3
		conv2_w_load_19 : 4
		select_ln121_9 : 1
		zext_ln121_24 : 2
		conv2_w_addr_20 : 3
		conv2_w_load_20 : 4
		add_ln121_3 : 1
		zext_ln121_25 : 2
		conv2_w_addr_21 : 3
		conv2_w_load_21 : 4
		select_ln121_10 : 1
		zext_ln121_26 : 2
		conv2_w_addr_22 : 3
		conv2_w_load_22 : 4
		add_ln121_4 : 1
		zext_ln121_27 : 2
		conv2_w_addr_23 : 3
		conv2_w_load_23 : 4
		zext_ln135_4 : 1
		sub_ln135_1 : 2
		trunc_ln135_1 : 3
		add_ln135_1 : 4
		tmp_24 : 5
		zext_ln135_14 : 6
		layer1_pool_addr_4 : 7
		or_ln135_3 : 6
		zext_ln135_15 : 6
		layer1_pool_addr_13 : 7
		or_ln135_4 : 6
		zext_ln135_16 : 6
		layer1_pool_addr_14 : 7
		or_ln135_5 : 6
		zext_ln135_17 : 6
		layer1_pool_addr_15 : 7
		mul3 : 1
		mul3_0_0_1 : 1
		mul3_0_0_2 : 1
		mul3_0_0_3 : 1
		trunc_ln135_4 : 3
		add_ln135_4 : 4
		tmp_28 : 5
		zext_ln135_29 : 6
		layer1_pool_addr_17 : 7
		or_ln135_12 : 6
		zext_ln135_30 : 6
		layer1_pool_addr_18 : 7
		or_ln135_13 : 6
		zext_ln135_31 : 6
		layer1_pool_addr_19 : 7
		or_ln135_14 : 6
		zext_ln135_32 : 6
		layer1_pool_addr_20 : 7
		mul3_0_1 : 1
		mul3_0_1_1 : 1
		mul3_0_1_2 : 1
		mul3_0_1_3 : 1
		trunc_ln135_7 : 3
		add_ln135_7 : 4
		tmp_31 : 5
		zext_ln135_44 : 6
		layer1_pool_addr_21 : 7
		or_ln135_21 : 6
		zext_ln135_45 : 6
		layer1_pool_addr_22 : 7
		or_ln135_22 : 6
		zext_ln135_46 : 6
		layer1_pool_addr_23 : 7
		or_ln135_23 : 6
		zext_ln135_47 : 6
		layer1_pool_addr_24 : 7
		mul3_0_2 : 1
		mul3_0_2_1 : 1
		mul3_0_2_2 : 1
		mul3_0_2_3 : 1
		layer1_pool_load_12 : 8
		layer1_pool_load_13 : 8
		layer1_pool_load_14 : 8
		layer1_pool_load_15 : 8
		layer1_pool_load_16 : 8
		layer1_pool_load_17 : 8
		layer1_pool_load_18 : 8
		layer1_pool_load_19 : 8
		layer1_pool_load_20 : 8
		layer1_pool_load_21 : 8
		layer1_pool_load_22 : 8
		layer1_pool_load_23 : 8
	State 4
		zext_ln121_28 : 1
		conv2_w_addr_24 : 2
		conv2_w_load_24 : 3
		zext_ln121_29 : 1
		conv2_w_addr_25 : 2
		conv2_w_load_25 : 3
		zext_ln121_30 : 1
		conv2_w_addr_26 : 2
		conv2_w_load_26 : 3
		zext_ln121_31 : 1
		conv2_w_addr_27 : 2
		conv2_w_load_27 : 3
		zext_ln121_32 : 1
		conv2_w_addr_28 : 2
		conv2_w_load_28 : 3
		zext_ln121_33 : 1
		conv2_w_addr_29 : 2
		conv2_w_load_29 : 3
		zext_ln121_34 : 1
		conv2_w_addr_30 : 2
		conv2_w_load_30 : 3
		zext_ln121_35 : 1
		conv2_w_addr_31 : 2
		conv2_w_load_31 : 3
		select_ln121_11 : 1
		zext_ln121_36 : 2
		conv2_w_addr_32 : 3
		conv2_w_load_32 : 4
		add_ln121_5 : 1
		zext_ln121_38 : 2
		conv2_w_addr_33 : 3
		conv2_w_load_33 : 4
		select_ln121_12 : 1
		zext_ln121_39 : 2
		conv2_w_addr_34 : 3
		conv2_w_load_34 : 4
		add_ln121_6 : 1
		zext_ln121_40 : 2
		conv2_w_addr_35 : 3
		conv2_w_load_35 : 4
		zext_ln135_6 : 1
		sub_ln135_2 : 2
		trunc_ln135_2 : 3
		add_ln135_2 : 4
		tmp_25 : 5
		zext_ln135_19 : 6
		layer1_pool_addr_16 : 7
		or_ln135_6 : 6
		zext_ln135_20 : 6
		layer1_pool_addr_25 : 7
		or_ln135_7 : 6
		zext_ln135_21 : 6
		layer1_pool_addr_26 : 7
		or_ln135_8 : 6
		zext_ln135_22 : 6
		layer1_pool_addr_27 : 7
		add_ln139 : 1
		trunc_ln135_5 : 3
		add_ln135_5 : 4
		tmp_29 : 5
		zext_ln135_34 : 6
		layer1_pool_addr_28 : 7
		or_ln135_15 : 6
		zext_ln135_35 : 6
		layer1_pool_addr_29 : 7
		or_ln135_16 : 6
		zext_ln135_36 : 6
		layer1_pool_addr_30 : 7
		or_ln135_17 : 6
		zext_ln135_37 : 6
		layer1_pool_addr_31 : 7
		trunc_ln135_8 : 3
		add_ln135_8 : 4
		tmp_32 : 5
		zext_ln135_49 : 6
		layer1_pool_addr_32 : 7
		or_ln135_24 : 6
		zext_ln135_50 : 6
		layer1_pool_addr_33 : 7
		or_ln135_25 : 6
		zext_ln135_51 : 6
		layer1_pool_addr_34 : 7
		or_ln135_26 : 6
		zext_ln135_52 : 6
		layer1_pool_addr_35 : 7
		mul3_1 : 1
		mul3_1_0_1 : 1
		mul3_1_0_2 : 1
		mul3_1_0_3 : 1
		mul3_1_1 : 1
		mul3_1_1_1 : 1
		mul3_1_1_2 : 1
		mul3_1_1_3 : 1
		mul3_1_2 : 1
		mul3_1_2_1 : 1
		mul3_1_2_2 : 1
		mul3_1_2_3 : 1
		layer1_pool_load_24 : 8
		layer1_pool_load_25 : 8
		layer1_pool_load_26 : 8
		layer1_pool_load_27 : 8
		layer1_pool_load_28 : 8
		layer1_pool_load_29 : 8
		layer1_pool_load_30 : 8
		layer1_pool_load_31 : 8
		layer1_pool_load_32 : 8
		layer1_pool_load_33 : 8
		layer1_pool_load_34 : 8
		layer1_pool_load_35 : 8
	State 5
		conv2_b_load : 1
		tmp_26 : 1
		add_ln139_1 : 2
		mul3_2 : 1
		mul3_2_0_1 : 1
		mul3_2_0_2 : 1
		mul3_2_0_3 : 1
		mul3_2_1 : 1
		mul3_2_1_1 : 1
		mul3_2_1_2 : 1
		mul3_2_1_3 : 1
		mul3_2_2 : 1
		mul3_2_2_1 : 1
		mul3_2_2_2 : 1
		mul3_2_2_3 : 1
	State 6
	State 7
	State 8
	State 9
	State 10
	State 11
	State 12
	State 13
	State 14
	State 15
	State 16
	State 17
	State 18
	State 19
	State 20
	State 21
	State 22
	State 23
	State 24
	State 25
	State 26
	State 27
	State 28
	State 29
	State 30
	State 31
	State 32
	State 33
	State 34
	State 35
	State 36
	State 37
	State 38
	State 39
	State 40
	State 41
	State 42
	State 43
	State 44
	State 45
	State 46
	State 47
	State 48
	State 49
	State 50
	State 51
	State 52
	State 53
	State 54
	State 55
	State 56
	State 57
	State 58
	State 59
	State 60
	State 61
	State 62
	State 63
	State 64
	State 65
	State 66
	State 67
	State 68
	State 69
	State 70
	State 71
	State 72
	State 73
	State 74
	State 75
	State 76
	State 77
	State 78
	State 79
	State 80
	State 81
	State 82
	State 83
	State 84
	State 85
	State 86
	State 87
	State 88
	State 89
	State 90
	State 91
	State 92
	State 93
	State 94
	State 95
	State 96
	State 97
	State 98
	State 99
	State 100
	State 101
	State 102
	State 103
	State 104
	State 105
	State 106
	State 107
	State 108
	State 109
	State 110
	State 111
	State 112
	State 113
	State 114
	State 115
	State 116
	State 117
	State 118
	State 119
	State 120
	State 121
	State 122
	State 123
	State 124
	State 125
	State 126
	State 127
	State 128
	State 129
	State 130
	State 131
	State 132
	State 133
	State 134
	State 135
	State 136
	State 137
	State 138
	State 139
	State 140
	State 141
	State 142
	State 143
	State 144
	State 145
	State 146
	State 147
	State 148
	State 149
	State 150
	State 151
	State 152
	State 153
	State 154
	State 155
	State 156
	State 157
	State 158
	State 159
	State 160
	State 161
	State 162
	State 163
	State 164
	State 165
	State 166
	State 167
	State 168
	State 169
	State 170
	State 171
	State 172
	State 173
	State 174
	State 175
	State 176
	State 177
	State 178
	State 179
	State 180
	State 181
	State 182
	State 183
	State 184
	State 185
	State 186
	State 187
	State 188
		layer2_conv_addr : 1
		tmp_13 : 1
		trunc_ln29 : 1
		icmp_ln29_2 : 2
		icmp_ln29 : 2
		or_ln29 : 3
		and_ln29 : 3
		select_ln29 : 3
		store_ln139 : 4


============================================================
+ Verbose Summary: Datapath Resource usage 
============================================================

* Functional unit list:
|----------|--------------------------|---------|---------|---------|
| Operation|      Functional Unit     |   DSP   |    FF   |   LUT   |
|----------|--------------------------|---------|---------|---------|
|          |        grp_fu_856        |    2    |   205   |   206   |
|          |        grp_fu_860        |    2    |   205   |   206   |
|          |        grp_fu_864        |    2    |   205   |   206   |
|          |        grp_fu_868        |    2    |   205   |   206   |
|          |        grp_fu_872        |    2    |   205   |   206   |
|   fadd   |        grp_fu_876        |    2    |   205   |   206   |
|          |        grp_fu_880        |    2    |   205   |   206   |
|          |        grp_fu_884        |    2    |   205   |   206   |
|          |        grp_fu_888        |    2    |   205   |   206   |
|          |        grp_fu_892        |    2    |   205   |   206   |
|          |        grp_fu_896        |    2    |   205   |   206   |
|          |        grp_fu_900        |    2    |   205   |   206   |
|----------|--------------------------|---------|---------|---------|
|          |        grp_fu_904        |    3    |   143   |   140   |
|          |        grp_fu_910        |    3    |   143   |   140   |
|          |        grp_fu_916        |    3    |   143   |   140   |
|          |        grp_fu_922        |    3    |   143   |   140   |
|          |        grp_fu_928        |    3    |   143   |   140   |
|   fmul   |        grp_fu_934        |    3    |   143   |   140   |
|          |        grp_fu_940        |    3    |   143   |   140   |
|          |        grp_fu_946        |    3    |   143   |   140   |
|          |        grp_fu_952        |    3    |   143   |   140   |
|          |        grp_fu_958        |    3    |   143   |   140   |
|          |        grp_fu_964        |    3    |   143   |   140   |
|          |        grp_fu_970        |    3    |   143   |   140   |
|----------|--------------------------|---------|---------|---------|
|          |       empty_fu_1012      |    0    |    0    |    12   |
|          |     empty_32_fu_1018     |    0    |    0    |    12   |
|          |    add_ln121_7_fu_1030   |    0    |    0    |    20   |
|          |     add_ln121_fu_1045    |    0    |    0    |    12   |
|          |     add_ln133_fu_1078    |    0    |    0    |    12   |
|          |    add_ln121_8_fu_1174   |    0    |    0    |    13   |
|          |    add_ln121_9_fu_1236   |    0    |    0    |    14   |
|          |   add_ln121_10_fu_1276   |    0    |    0    |    14   |
|          |      p_dup45_fu_1321     |    0    |    0    |    12   |
|          |     p_mid148_fu_1375     |    0    |    0    |    12   |
|          |     p_mid150_fu_1389     |    0    |    0    |    12   |
|          |     add_ln135_fu_1411    |    0    |    0    |    17   |
|          |     empty_34_fu_1463     |    0    |    0    |    12   |
|          |    add_ln135_3_fu_1477   |    0    |    0    |    17   |
|    add   |     empty_35_fu_1529     |    0    |    0    |    12   |
|          |    add_ln135_6_fu_1543   |    0    |    0    |    17   |
|          |     add_ln122_fu_1595    |    0    |    0    |    17   |
|          |    add_ln121_1_fu_1695   |    0    |    0    |    15   |
|          |    add_ln121_2_fu_1732   |    0    |    0    |    15   |
|          |    add_ln121_3_fu_1769   |    0    |    0    |    15   |
|          |    add_ln121_4_fu_1806   |    0    |    0    |    15   |
|          |    add_ln135_1_fu_1844   |    0    |    0    |    17   |
|          |    add_ln135_4_fu_1903   |    0    |    0    |    17   |
|          |    add_ln135_7_fu_1962   |    0    |    0    |    17   |
|          |    add_ln121_5_fu_2107   |    0    |    0    |    16   |
|          |    add_ln121_6_fu_2144   |    0    |    0    |    16   |
|          |    add_ln135_2_fu_2185   |    0    |    0    |    17   |
|          |    add_ln135_5_fu_2244   |    0    |    0    |    17   |
|          |    add_ln135_8_fu_2303   |    0    |    0    |    17   |
|          |    add_ln139_1_fu_2365   |    0    |    0    |    20   |
|----------|--------------------------|---------|---------|---------|
|          |   select_ln121_fu_1057   |    0    |    0    |    5    |
|          |  select_ln121_1_fu_1065  |    0    |    0    |    4    |
|          |  select_ln121_2_fu_1090  |    0    |    0    |    4    |
|          |  select_ln121_3_fu_1119  |    0    |    0    |    5    |
|          |  select_ln121_4_fu_1157  |    0    |    0    |    6    |
|          |  select_ln121_5_fu_1219  |    0    |    0    |    7    |
|          |  select_ln121_6_fu_1263  |    0    |    0    |    7    |
|          |  select_ln121_13_fu_1287 |    0    |    0    |    5    |
|          |  select_ln121_14_fu_1295 |    0    |    0    |    5    |
|          |   select_ln122_fu_1333   |    0    |    0    |    5    |
|  select  |  select_ln122_1_fu_1341  |    0    |    0    |    5    |
|          |  select_ln122_2_fu_1381  |    0    |    0    |    5    |
|          |  select_ln122_3_fu_1395  |    0    |    0    |    5    |
|          |  select_ln122_4_fu_1601  |    0    |    0    |    9    |
|          |  select_ln121_7_fu_1680  |    0    |    0    |    8    |
|          |  select_ln121_8_fu_1720  |    0    |    0    |    8    |
|          |  select_ln121_9_fu_1757  |    0    |    0    |    8    |
|          |  select_ln121_10_fu_1794 |    0    |    0    |    8    |
|          |  select_ln121_11_fu_2092 |    0    |    0    |    8    |
|          |  select_ln121_12_fu_2132 |    0    |    0    |    8    |
|          |    select_ln29_fu_2416   |    0    |    0    |    32   |
|----------|--------------------------|---------|---------|---------|
|          |    icmp_ln121_fu_1024    |    0    |    0    |    12   |
|          |    icmp_ln122_fu_1051    |    0    |    0    |    11   |
|   icmp   |    icmp_ln123_fu_1309    |    0    |    0    |    9    |
|          |    icmp_ln29_2_fu_2392   |    0    |    0    |    11   |
|          |     icmp_ln29_fu_2398    |    0    |    0    |    16   |
|----------|--------------------------|---------|---------|---------|
|          |     sub_ln135_fu_1369    |    0    |    0    |    17   |
|    sub   |    sub_ln135_1_fu_1831   |    0    |    0    |    17   |
|          |    sub_ln135_2_fu_2169   |    0    |    0    |    17   |
|----------|--------------------------|---------|---------|---------|
|    xor   |     xor_ln133_fu_1084    |    0    |    0    |    4    |
|          |     xor_ln121_fu_1303    |    0    |    0    |    2    |
|----------|--------------------------|---------|---------|---------|
|    and   |     and_ln121_fu_1315    |    0    |    0    |    2    |
|          |     and_ln29_fu_2410     |    0    |    0    |    2    |
|----------|--------------------------|---------|---------|---------|
|          |     or_ln122_fu_1327     |    0    |    0    |    2    |
|          |     or_ln135_fu_1430     |    0    |    0    |    0    |
|          |    or_ln135_1_fu_1441    |    0    |    0    |    0    |
|          |    or_ln135_2_fu_1452    |    0    |    0    |    0    |
|          |    or_ln135_9_fu_1496    |    0    |    0    |    0    |
|          |    or_ln135_10_fu_1507   |    0    |    0    |    0    |
|          |    or_ln135_11_fu_1518   |    0    |    0    |    0    |
|          |    or_ln135_18_fu_1562   |    0    |    0    |    0    |
|          |    or_ln135_19_fu_1573   |    0    |    0    |    0    |
|          |    or_ln135_20_fu_1584   |    0    |    0    |    0    |
|          |    or_ln135_3_fu_1863    |    0    |    0    |    0    |
|          |    or_ln135_4_fu_1874    |    0    |    0    |    0    |
|          |    or_ln135_5_fu_1885    |    0    |    0    |    0    |
|          |    or_ln135_12_fu_1922   |    0    |    0    |    0    |
|    or    |    or_ln135_13_fu_1933   |    0    |    0    |    0    |
|          |    or_ln135_14_fu_1944   |    0    |    0    |    0    |
|          |    or_ln135_21_fu_1981   |    0    |    0    |    0    |
|          |    or_ln135_22_fu_1992   |    0    |    0    |    0    |
|          |    or_ln135_23_fu_2003   |    0    |    0    |    0    |
|          |    or_ln135_6_fu_2204    |    0    |    0    |    0    |
|          |    or_ln135_7_fu_2215    |    0    |    0    |    0    |
|          |    or_ln135_8_fu_2226    |    0    |    0    |    0    |
|          |    or_ln135_15_fu_2263   |    0    |    0    |    0    |
|          |    or_ln135_16_fu_2274   |    0    |    0    |    0    |
|          |    or_ln135_17_fu_2285   |    0    |    0    |    0    |
|          |    or_ln135_24_fu_2322   |    0    |    0    |    0    |
|          |    or_ln135_25_fu_2333   |    0    |    0    |    0    |
|          |    or_ln135_26_fu_2344   |    0    |    0    |    0    |
|          |      or_ln29_fu_2404     |    0    |    0    |    2    |
|----------|--------------------------|---------|---------|---------|
|  muladd  |        grp_fu_2424       |    1    |    0    |    0    |
|----------|--------------------------|---------|---------|---------|
|   fcmp   |        grp_fu_976        |    0    |    0    |    0    |
|----------|--------------------------|---------|---------|---------|
|          |    zext_ln121_fu_1073    |    0    |    0    |    0    |
|          |   zext_ln121_2_fu_1098   |    0    |    0    |    0    |
|          |   zext_ln121_3_fu_1127   |    0    |    0    |    0    |
|          |   zext_ln121_4_fu_1136   |    0    |    0    |    0    |
|          |   zext_ln121_5_fu_1165   |    0    |    0    |    0    |
|          |   zext_ln121_6_fu_1170   |    0    |    0    |    0    |
|          |   zext_ln121_7_fu_1180   |    0    |    0    |    0    |
|          |   zext_ln121_8_fu_1189   |    0    |    0    |    0    |
|          |   zext_ln121_9_fu_1198   |    0    |    0    |    0    |
|          |   zext_ln121_10_fu_1227  |    0    |    0    |    0    |
|          |   zext_ln121_11_fu_1232  |    0    |    0    |    0    |
|          |   zext_ln121_12_fu_1242  |    0    |    0    |    0    |
|          |   zext_ln121_13_fu_1271  |    0    |    0    |    0    |
|          |   zext_ln121_14_fu_1282  |    0    |    0    |    0    |
|          |    zext_ln135_fu_1349    |    0    |    0    |    0    |
|          |   zext_ln135_1_fu_1353   |    0    |    0    |    0    |
|          |   zext_ln135_2_fu_1365   |    0    |    0    |    0    |
|          |   zext_ln135_8_fu_1407   |    0    |    0    |    0    |
|          |   zext_ln135_9_fu_1425   |    0    |    0    |    0    |
|          |   zext_ln135_10_fu_1436  |    0    |    0    |    0    |
|          |   zext_ln135_11_fu_1447  |    0    |    0    |    0    |
|          |   zext_ln135_12_fu_1458  |    0    |    0    |    0    |
|          |   zext_ln135_23_fu_1473  |    0    |    0    |    0    |
|          |   zext_ln135_24_fu_1491  |    0    |    0    |    0    |
|          |   zext_ln135_25_fu_1502  |    0    |    0    |    0    |
|          |   zext_ln135_26_fu_1513  |    0    |    0    |    0    |
|          |   zext_ln135_27_fu_1524  |    0    |    0    |    0    |
|          |   zext_ln135_38_fu_1539  |    0    |    0    |    0    |
|          |   zext_ln135_39_fu_1557  |    0    |    0    |    0    |
|          |   zext_ln135_40_fu_1568  |    0    |    0    |    0    |
|          |   zext_ln135_41_fu_1579  |    0    |    0    |    0    |
|          |   zext_ln135_42_fu_1590  |    0    |    0    |    0    |
|          |   zext_ln121_15_fu_1637  |    0    |    0    |    0    |
|          |   zext_ln121_16_fu_1645  |    0    |    0    |    0    |
|          |   zext_ln121_17_fu_1653  |    0    |    0    |    0    |
|          |   zext_ln121_18_fu_1661  |    0    |    0    |    0    |
|          |   zext_ln121_19_fu_1687  |    0    |    0    |    0    |
|          |   zext_ln121_20_fu_1692  |    0    |    0    |    0    |
|          |   zext_ln121_21_fu_1701  |    0    |    0    |    0    |
|          |   zext_ln121_22_fu_1727  |    0    |    0    |    0    |
|          |   zext_ln121_23_fu_1738  |    0    |    0    |    0    |
|          |   zext_ln121_24_fu_1764  |    0    |    0    |    0    |
|          |   zext_ln121_25_fu_1775  |    0    |    0    |    0    |
|          |   zext_ln121_26_fu_1801  |    0    |    0    |    0    |
|          |   zext_ln121_27_fu_1812  |    0    |    0    |    0    |
|          |   zext_ln135_3_fu_1817   |    0    |    0    |    0    |
|          |   zext_ln135_4_fu_1827   |    0    |    0    |    0    |
|   zext   |   zext_ln135_13_fu_1841  |    0    |    0    |    0    |
|          |   zext_ln135_14_fu_1858  |    0    |    0    |    0    |
|          |   zext_ln135_15_fu_1869  |    0    |    0    |    0    |
|          |   zext_ln135_16_fu_1880  |    0    |    0    |    0    |
|          |   zext_ln135_17_fu_1891  |    0    |    0    |    0    |
|          |   zext_ln135_28_fu_1900  |    0    |    0    |    0    |
|          |   zext_ln135_29_fu_1917  |    0    |    0    |    0    |
|          |   zext_ln135_30_fu_1928  |    0    |    0    |    0    |
|          |   zext_ln135_31_fu_1939  |    0    |    0    |    0    |
|          |   zext_ln135_32_fu_1950  |    0    |    0    |    0    |
|          |   zext_ln135_43_fu_1959  |    0    |    0    |    0    |
|          |   zext_ln135_44_fu_1976  |    0    |    0    |    0    |
|          |   zext_ln135_45_fu_1987  |    0    |    0    |    0    |
|          |   zext_ln135_46_fu_1998  |    0    |    0    |    0    |
|          |   zext_ln135_47_fu_2009  |    0    |    0    |    0    |
|          |   zext_ln121_28_fu_2017  |    0    |    0    |    0    |
|          |   zext_ln121_29_fu_2025  |    0    |    0    |    0    |
|          |   zext_ln121_30_fu_2033  |    0    |    0    |    0    |
|          |   zext_ln121_31_fu_2041  |    0    |    0    |    0    |
|          |   zext_ln121_32_fu_2049  |    0    |    0    |    0    |
|          |   zext_ln121_33_fu_2057  |    0    |    0    |    0    |
|          |   zext_ln121_34_fu_2065  |    0    |    0    |    0    |
|          |   zext_ln121_35_fu_2073  |    0    |    0    |    0    |
|          |   zext_ln121_36_fu_2099  |    0    |    0    |    0    |
|          |   zext_ln121_37_fu_2104  |    0    |    0    |    0    |
|          |   zext_ln121_38_fu_2113  |    0    |    0    |    0    |
|          |   zext_ln121_39_fu_2139  |    0    |    0    |    0    |
|          |   zext_ln121_40_fu_2150  |    0    |    0    |    0    |
|          |   zext_ln135_5_fu_2155   |    0    |    0    |    0    |
|          |   zext_ln135_6_fu_2165   |    0    |    0    |    0    |
|          |   zext_ln135_7_fu_2175   |    0    |    0    |    0    |
|          |   zext_ln135_18_fu_2182  |    0    |    0    |    0    |
|          |   zext_ln135_19_fu_2199  |    0    |    0    |    0    |
|          |   zext_ln135_20_fu_2210  |    0    |    0    |    0    |
|          |   zext_ln135_21_fu_2221  |    0    |    0    |    0    |
|          |   zext_ln135_22_fu_2232  |    0    |    0    |    0    |
|          |   zext_ln135_33_fu_2241  |    0    |    0    |    0    |
|          |   zext_ln135_34_fu_2258  |    0    |    0    |    0    |
|          |   zext_ln135_35_fu_2269  |    0    |    0    |    0    |
|          |   zext_ln135_36_fu_2280  |    0    |    0    |    0    |
|          |   zext_ln135_37_fu_2291  |    0    |    0    |    0    |
|          |   zext_ln135_48_fu_2300  |    0    |    0    |    0    |
|          |   zext_ln135_49_fu_2317  |    0    |    0    |    0    |
|          |   zext_ln135_50_fu_2328  |    0    |    0    |    0    |
|          |   zext_ln135_51_fu_2339  |    0    |    0    |    0    |
|          |   zext_ln135_52_fu_2350  |    0    |    0    |    0    |
|          |   zext_ln121_1_fu_2355   |    0    |    0    |    0    |
|          |    zext_ln139_fu_2371    |    0    |    0    |    0    |
|----------|--------------------------|---------|---------|---------|
|          |   or_ln133_mid1_fu_1103  |    0    |    0    |    0    |
|          |       or_ln_fu_1111      |    0    |    0    |    0    |
|          |  or_ln133_1_mid1_fu_1141 |    0    |    0    |    0    |
|          |    or_ln133_s_fu_1149    |    0    |    0    |    0    |
|          |  or_ln133_3_mid1_fu_1203 |    0    |    0    |    0    |
|          |    or_ln133_1_fu_1211    |    0    |    0    |    0    |
|          |  or_ln133_4_mid1_fu_1247 |    0    |    0    |    0    |
|          |    or_ln133_2_fu_1255    |    0    |    0    |    0    |
|          |        tmp_fu_1357       |    0    |    0    |    0    |
|          |       tmp_s_fu_1417      |    0    |    0    |    0    |
|          |      tmp_27_fu_1483      |    0    |    0    |    0    |
|          |      tmp_30_fu_1549      |    0    |    0    |    0    |
|          |  or_ln133_7_mid1_fu_1666 |    0    |    0    |    0    |
|          |    or_ln133_3_fu_1673    |    0    |    0    |    0    |
|          |  or_ln133_8_mid1_fu_1706 |    0    |    0    |    0    |
|          |    or_ln133_4_fu_1713    |    0    |    0    |    0    |
|bitconcatenate|  or_ln133_9_mid1_fu_1743 |    0    |    0    |    0    |
|          |    or_ln133_5_fu_1750    |    0    |    0    |    0    |
|          | or_ln133_10_mid1_fu_1780 |    0    |    0    |    0    |
|          |    or_ln133_6_fu_1787    |    0    |    0    |    0    |
|          |       tmp_2_fu_1820      |    0    |    0    |    0    |
|          |      tmp_24_fu_1850      |    0    |    0    |    0    |
|          |      tmp_28_fu_1909      |    0    |    0    |    0    |
|          |      tmp_31_fu_1968      |    0    |    0    |    0    |
|          | or_ln133_15_mid1_fu_2078 |    0    |    0    |    0    |
|          |    or_ln133_7_fu_2085    |    0    |    0    |    0    |
|          | or_ln133_16_mid1_fu_2118 |    0    |    0    |    0    |
|          |    or_ln133_8_fu_2125    |    0    |    0    |    0    |
|          |       tmp_3_fu_2158      |    0    |    0    |    0    |
|          |      tmp_25_fu_2191      |    0    |    0    |    0    |
|          |      tmp_29_fu_2250      |    0    |    0    |    0    |
|          |      tmp_32_fu_2309      |    0    |    0    |    0    |
|          |      tmp_26_fu_2358      |    0    |    0    |    0    |
|----------|--------------------------|---------|---------|---------|
|          |    sext_ln121_fu_1132    |    0    |    0    |    0    |
|          |   sext_ln121_1_fu_1185   |    0    |    0    |    0    |
|          |   sext_ln121_2_fu_1194   |    0    |    0    |    0    |
|          |   sext_ln121_3_fu_1634   |    0    |    0    |    0    |
|          |   sext_ln121_4_fu_1642   |    0    |    0    |    0    |
|          |   sext_ln121_5_fu_1650   |    0    |    0    |    0    |
|          |   sext_ln121_6_fu_1658   |    0    |    0    |    0    |
|   sext   |   sext_ln121_7_fu_2014   |    0    |    0    |    0    |
|          |   sext_ln121_8_fu_2022   |    0    |    0    |    0    |
|          |   sext_ln121_9_fu_2030   |    0    |    0    |    0    |
|          |   sext_ln121_10_fu_2038  |    0    |    0    |    0    |
|          |   sext_ln121_11_fu_2046  |    0    |    0    |    0    |
|          |   sext_ln121_12_fu_2054  |    0    |    0    |    0    |
|          |   sext_ln121_13_fu_2062  |    0    |    0    |    0    |
|          |   sext_ln121_14_fu_2070  |    0    |    0    |    0    |
|----------|--------------------------|---------|---------|---------|
|          |    trunc_ln135_fu_1403   |    0    |    0    |    0    |
|          |   trunc_ln135_3_fu_1469  |    0    |    0    |    0    |
|          |   trunc_ln135_6_fu_1535  |    0    |    0    |    0    |
|          |   trunc_ln135_1_fu_1837  |    0    |    0    |    0    |
|   trunc  |   trunc_ln135_4_fu_1896  |    0    |    0    |    0    |
|          |   trunc_ln135_7_fu_1955  |    0    |    0    |    0    |
|          |   trunc_ln135_2_fu_2178  |    0    |    0    |    0    |
|          |   trunc_ln135_5_fu_2237  |    0    |    0    |    0    |
|          |   trunc_ln135_8_fu_2296  |    0    |    0    |    0    |
|          |    trunc_ln29_fu_2388    |    0    |    0    |    0    |
|----------|--------------------------|---------|---------|---------|
|partselect|      tmp_13_fu_2378      |    0    |    0    |    0    |
|----------|--------------------------|---------|---------|---------|
|   Total  |                          |    61   |   4176  |   4884  |
|----------|--------------------------|---------|---------|---------|

Memories:
N/A

* Register list:
+----------------------------+--------+
|                            |   FF   |
+----------------------------+--------+
|    add_ln121_10_reg_2608   |    7   |
|    add_ln121_8_reg_2557    |    6   |
|    add_ln121_9_reg_2588    |    7   |
|     add_ln121_reg_2482     |    4   |
|    add_ln139_1_reg_3264    |   13   |
|         c_reg_2433         |    5   |
|    conv2_b_addr_reg_3199   |    3   |
|    conv2_b_load_reg_3329   |   32   |
|  conv2_w_addr_10_reg_2603  |    9   |
|  conv2_w_addr_11_reg_2613  |    9   |
|  conv2_w_addr_12_reg_2774  |    9   |
|  conv2_w_addr_13_reg_2779  |    9   |
|  conv2_w_addr_14_reg_2784  |    9   |
|  conv2_w_addr_15_reg_2789  |    9   |
|  conv2_w_addr_16_reg_2794  |    9   |
|  conv2_w_addr_17_reg_2799  |    9   |
|  conv2_w_addr_18_reg_2804  |    9   |
|  conv2_w_addr_19_reg_2809  |    9   |
|   conv2_w_addr_1_reg_2525  |    9   |
|  conv2_w_addr_20_reg_2814  |    9   |
|  conv2_w_addr_21_reg_2819  |    9   |
|  conv2_w_addr_22_reg_2824  |    9   |
|  conv2_w_addr_23_reg_2829  |    9   |
|  conv2_w_addr_24_reg_3014  |    9   |
|  conv2_w_addr_25_reg_3019  |    9   |
|  conv2_w_addr_26_reg_3024  |    9   |
|  conv2_w_addr_27_reg_3029  |    9   |
|  conv2_w_addr_28_reg_3034  |    9   |
|  conv2_w_addr_29_reg_3039  |    9   |
|   conv2_w_addr_2_reg_2536  |    9   |
|  conv2_w_addr_30_reg_3044  |    9   |
|  conv2_w_addr_31_reg_3049  |    9   |
|  conv2_w_addr_32_reg_3054  |    9   |
|  conv2_w_addr_33_reg_3059  |    9   |
|  conv2_w_addr_34_reg_3064  |    9   |
|  conv2_w_addr_35_reg_3069  |    9   |
|   conv2_w_addr_3_reg_2541  |    9   |
|   conv2_w_addr_4_reg_2552  |    9   |
|   conv2_w_addr_5_reg_2563  |    9   |
|   conv2_w_addr_6_reg_2568  |    9   |
|   conv2_w_addr_7_reg_2573  |    9   |
|   conv2_w_addr_8_reg_2583  |    9   |
|   conv2_w_addr_9_reg_2593  |    9   |
|    conv2_w_addr_reg_2514   |    9   |
|  conv2_w_load_10_reg_2764  |   32   |
|  conv2_w_load_11_reg_2769  |   32   |
|  conv2_w_load_12_reg_2954  |   32   |
|  conv2_w_load_13_reg_2959  |   32   |
|  conv2_w_load_14_reg_2964  |   32   |
|  conv2_w_load_15_reg_2969  |   32   |
|  conv2_w_load_16_reg_2974  |   32   |
|  conv2_w_load_17_reg_2979  |   32   |
|  conv2_w_load_18_reg_2984  |   32   |
|  conv2_w_load_19_reg_2989  |   32   |
|   conv2_w_load_1_reg_2719  |   32   |
|  conv2_w_load_20_reg_2994  |   32   |
|  conv2_w_load_21_reg_2999  |   32   |
|  conv2_w_load_22_reg_3004  |   32   |
|  conv2_w_load_23_reg_3009  |   32   |
|  conv2_w_load_24_reg_3204  |   32   |
|  conv2_w_load_25_reg_3209  |   32   |
|  conv2_w_load_26_reg_3214  |   32   |
|  conv2_w_load_27_reg_3219  |   32   |
|  conv2_w_load_28_reg_3224  |   32   |
|  conv2_w_load_29_reg_3229  |   32   |
|   conv2_w_load_2_reg_2724  |   32   |
|  conv2_w_load_30_reg_3234  |   32   |
|  conv2_w_load_31_reg_3239  |   32   |
|  conv2_w_load_32_reg_3244  |   32   |
|  conv2_w_load_33_reg_3249  |   32   |
|  conv2_w_load_34_reg_3254  |   32   |
|  conv2_w_load_35_reg_3259  |   32   |
|   conv2_w_load_3_reg_2729  |   32   |
|   conv2_w_load_4_reg_2734  |   32   |
|   conv2_w_load_5_reg_2739  |   32   |
|   conv2_w_load_6_reg_2744  |   32   |
|   conv2_w_load_7_reg_2749  |   32   |
|   conv2_w_load_8_reg_2754  |   32   |
|   conv2_w_load_9_reg_2759  |   32   |
|    conv2_w_load_reg_2714   |   32   |
|      empty_34_reg_2662     |    5   |
|      empty_35_reg_2688     |    5   |
|       f_load_reg_2472      |    4   |
|         f_reg_2454         |    4   |
|     icmp_ln121_reg_2468    |    1   |
|     icmp_ln122_reg_2492    |    1   |
| indvar_flatten111_reg_2461 |   13   |
|  indvar_flatten52_reg_2447 |   10   |
|layer1_pool_addr_10_reg_2699|   12   |
|layer1_pool_addr_11_reg_2704|   12   |
|layer1_pool_addr_12_reg_2709|   12   |
|layer1_pool_addr_13_reg_2839|   12   |
|layer1_pool_addr_14_reg_2844|   12   |
|layer1_pool_addr_15_reg_2849|   12   |
|layer1_pool_addr_16_reg_3079|   12   |
|layer1_pool_addr_17_reg_2874|   12   |
|layer1_pool_addr_18_reg_2879|   12   |
|layer1_pool_addr_19_reg_2884|   12   |
| layer1_pool_addr_1_reg_2647|   12   |
|layer1_pool_addr_20_reg_2889|   12   |
|layer1_pool_addr_21_reg_2914|   12   |
|layer1_pool_addr_22_reg_2919|   12   |
|layer1_pool_addr_23_reg_2924|   12   |
|layer1_pool_addr_24_reg_2929|   12   |
|layer1_pool_addr_25_reg_3084|   12   |
|layer1_pool_addr_26_reg_3089|   12   |
|layer1_pool_addr_27_reg_3094|   12   |
|layer1_pool_addr_28_reg_3099|   12   |
|layer1_pool_addr_29_reg_3104|   12   |
| layer1_pool_addr_2_reg_2652|   12   |
|layer1_pool_addr_30_reg_3109|   12   |
|layer1_pool_addr_31_reg_3114|   12   |
|layer1_pool_addr_32_reg_3119|   12   |
|layer1_pool_addr_33_reg_3124|   12   |
|layer1_pool_addr_34_reg_3129|   12   |
|layer1_pool_addr_35_reg_3134|   12   |
| layer1_pool_addr_3_reg_2657|   12   |
| layer1_pool_addr_4_reg_2834|   12   |
| layer1_pool_addr_5_reg_2668|   12   |
| layer1_pool_addr_6_reg_2673|   12   |
| layer1_pool_addr_7_reg_2678|   12   |
| layer1_pool_addr_8_reg_2683|   12   |
| layer1_pool_addr_9_reg_2694|   12   |
|  layer1_pool_addr_reg_2642 |   12   |
|layer1_pool_load_10_reg_2944|   32   |
|layer1_pool_load_11_reg_2949|   32   |
|layer1_pool_load_12_reg_3139|   32   |
|layer1_pool_load_13_reg_3144|   32   |
|layer1_pool_load_14_reg_3149|   32   |
|layer1_pool_load_15_reg_3154|   32   |
|layer1_pool_load_16_reg_3159|   32   |
|layer1_pool_load_17_reg_3164|   32   |
|layer1_pool_load_18_reg_3169|   32   |
|layer1_pool_load_19_reg_3174|   32   |
| layer1_pool_load_1_reg_2859|   32   |
|layer1_pool_load_20_reg_3179|   32   |
|layer1_pool_load_21_reg_3184|   32   |
|layer1_pool_load_22_reg_3189|   32   |
|layer1_pool_load_23_reg_3194|   32   |
|layer1_pool_load_24_reg_3269|   32   |
|layer1_pool_load_25_reg_3274|   32   |
|layer1_pool_load_26_reg_3279|   32   |
|layer1_pool_load_27_reg_3284|   32   |
|layer1_pool_load_28_reg_3289|   32   |
|layer1_pool_load_29_reg_3294|   32   |
| layer1_pool_load_2_reg_2864|   32   |
|layer1_pool_load_30_reg_3299|   32   |
|layer1_pool_load_31_reg_3304|   32   |
|layer1_pool_load_32_reg_3309|   32   |
|layer1_pool_load_33_reg_3314|   32   |
|layer1_pool_load_34_reg_3319|   32   |
|layer1_pool_load_35_reg_3324|   32   |
| layer1_pool_load_3_reg_2869|   32   |
| layer1_pool_load_4_reg_2894|   32   |
| layer1_pool_load_5_reg_2899|   32   |
| layer1_pool_load_6_reg_2904|   32   |
| layer1_pool_load_7_reg_2909|   32   |
| layer1_pool_load_8_reg_2934|   32   |
| layer1_pool_load_9_reg_2939|   32   |
|  layer1_pool_load_reg_2854 |   32   |
|     mul3_0_0_1_reg_3339    |   32   |
|     mul3_0_0_2_reg_3344    |   32   |
|     mul3_0_0_3_reg_3349    |   32   |
|     mul3_0_1_1_reg_3359    |   32   |
|     mul3_0_1_2_reg_3364    |   32   |
|     mul3_0_1_3_reg_3369    |   32   |
|      mul3_0_1_reg_3354     |   32   |
|     mul3_0_2_1_reg_3379    |   32   |
|     mul3_0_2_2_reg_3384    |   32   |
|     mul3_0_2_3_reg_3389    |   32   |
|      mul3_0_2_reg_3374     |   32   |
|     mul3_1_0_1_reg_3399    |   32   |
|     mul3_1_0_2_reg_3404    |   32   |
|     mul3_1_0_3_reg_3409    |   32   |
|     mul3_1_1_1_reg_3419    |   32   |
|     mul3_1_1_2_reg_3424    |   32   |
|     mul3_1_1_3_reg_3429    |   32   |
|      mul3_1_1_reg_3414     |   32   |
|     mul3_1_2_1_reg_3439    |   32   |
|     mul3_1_2_2_reg_3444    |   32   |
|     mul3_1_2_3_reg_3449    |   32   |
|      mul3_1_2_reg_3434     |   32   |
|       mul3_1_reg_3394      |   32   |
|     mul3_2_0_1_reg_3459    |   32   |
|     mul3_2_0_2_reg_3464    |   32   |
|     mul3_2_0_3_reg_3469    |   32   |
|     mul3_2_1_1_reg_3479    |   32   |
|     mul3_2_1_2_reg_3484    |   32   |
|     mul3_2_1_3_reg_3489    |   32   |
|      mul3_2_1_reg_3474     |   32   |
|     mul3_2_2_1_reg_3499    |   32   |
|     mul3_2_2_2_reg_3504    |   32   |
|     mul3_2_2_3_reg_3509    |   32   |
|      mul3_2_2_reg_3494     |   32   |
|       mul3_2_reg_3454      |   32   |
|        mul3_reg_3334       |   32   |
|         r_reg_2440         |    5   |
|   select_ln121_1_reg_2502  |    4   |
|   select_ln121_2_reg_2519  |    4   |
|   select_ln121_3_reg_2530  |    5   |
|   select_ln121_4_reg_2546  |    6   |
|   select_ln121_5_reg_2578  |    7   |
|   select_ln121_6_reg_2598  |    7   |
|   select_ln122_2_reg_2630  |    5   |
|   select_ln122_3_reg_2636  |    5   |
|    select_ln122_reg_2618   |    5   |
|    sum_9_0_0_1_reg_3519    |   32   |
|    sum_9_0_0_2_reg_3524    |   32   |
|    sum_9_0_0_3_reg_3529    |   32   |
|    sum_9_0_1_1_reg_3539    |   32   |
|    sum_9_0_1_2_reg_3544    |   32   |
|    sum_9_0_1_3_reg_3549    |   32   |
|     sum_9_0_1_reg_3534     |   32   |
|    sum_9_0_2_1_reg_3559    |   32   |
|    sum_9_0_2_2_reg_3564    |   32   |
|    sum_9_0_2_3_reg_3569    |   32   |
|     sum_9_0_2_reg_3554     |   32   |
|    sum_9_1_0_1_reg_3579    |   32   |
|    sum_9_1_0_2_reg_3584    |   32   |
|    sum_9_1_0_3_reg_3589    |   32   |
|    sum_9_1_1_1_reg_3599    |   32   |
|    sum_9_1_1_2_reg_3604    |   32   |
|    sum_9_1_1_3_reg_3609    |   32   |
|     sum_9_1_1_reg_3594     |   32   |
|    sum_9_1_2_1_reg_3619    |   32   |
|    sum_9_1_2_2_reg_3624    |   32   |
|    sum_9_1_2_3_reg_3629    |   32   |
|     sum_9_1_2_reg_3614     |   32   |
|      sum_9_1_reg_3574      |   32   |
|    sum_9_2_0_1_reg_3639    |   32   |
|    sum_9_2_0_2_reg_3644    |   32   |
|    sum_9_2_0_3_reg_3649    |   32   |
|    sum_9_2_1_1_reg_3659    |   32   |
|    sum_9_2_1_2_reg_3664    |   32   |
|    sum_9_2_1_3_reg_3669    |   32   |
|     sum_9_2_1_reg_3654     |   32   |
|    sum_9_2_2_1_reg_3679    |   32   |
|    sum_9_2_2_2_reg_3684    |   32   |
|    sum_9_2_2_3_reg_3689    |   32   |
|     sum_9_2_2_reg_3674     |   32   |
|      sum_9_2_reg_3634      |   32   |
|       sum_9_reg_3514       |   32   |
|     zext_ln121_reg_2509    |   64   |
|    zext_ln135_7_reg_3074   |   10   |
|     zext_ln135_reg_2625    |   10   |
+----------------------------+--------+
|            Total           |  5621  |
+----------------------------+--------+

* Multiplexer (MUX) list: 
|-------------------|------|------|------|--------||---------||---------|
|        Comp       |  Pin | Size |  BW  | S x BW ||  Delay  ||   LUT   |
|-------------------|------|------|------|--------||---------||---------|
| grp_access_fu_163 |  p0  |   6  |   9  |   54   ||    31   |
| grp_access_fu_163 |  p2  |   6  |   0  |    0   ||    31   |
| grp_access_fu_163 |  p5  |   6  |  32  |   192  ||    31   |
| grp_access_fu_163 |  p8  |   6  |   9  |   54   ||    31   |
| grp_access_fu_163 |  p10 |   6  |   0  |    0   ||    31   |
| grp_access_fu_163 |  p13 |   6  |  32  |   192  ||    31   |
| grp_access_fu_163 |  p16 |   6  |   9  |   54   ||    31   |
| grp_access_fu_163 |  p18 |   6  |   0  |    0   ||    31   |
| grp_access_fu_163 |  p21 |   6  |  32  |   192  ||    31   |
| grp_access_fu_163 |  p24 |   6  |   9  |   54   ||    31   |
| grp_access_fu_163 |  p26 |   6  |   0  |    0   ||    31   |
| grp_access_fu_163 |  p29 |   6  |  32  |   192  ||    31   |
| grp_access_fu_329 |  p0  |   6  |  12  |   72   ||    31   |
| grp_access_fu_329 |  p2  |   6  |   0  |    0   ||    31   |
| grp_access_fu_329 |  p5  |   6  |  32  |   192  ||    31   |
| grp_access_fu_329 |  p8  |   6  |  12  |   72   ||    31   |
| grp_access_fu_329 |  p10 |   6  |   0  |    0   ||    31   |
| grp_access_fu_329 |  p13 |   6  |  32  |   192  ||    31   |
| grp_access_fu_329 |  p16 |   6  |  12  |   72   ||    31   |
| grp_access_fu_329 |  p18 |   6  |   0  |    0   ||    31   |
| grp_access_fu_329 |  p21 |   6  |  32  |   192  ||    31   |
| grp_access_fu_329 |  p24 |   6  |  12  |   72   ||    31   |
| grp_access_fu_329 |  p26 |   6  |   0  |    0   ||    31   |
| grp_access_fu_329 |  p29 |   6  |  32  |   192  ||    31   |
| grp_access_fu_837 |  p0  |   2  |   3  |    6   ||    9    |
|     grp_fu_856    |  p0  |   3  |  32  |   96   ||    14   |
|     grp_fu_856    |  p1  |   3  |  32  |   96   ||    14   |
|     grp_fu_860    |  p0  |   3  |  32  |   96   ||    14   |
|     grp_fu_860    |  p1  |   3  |  32  |   96   ||    14   |
|     grp_fu_864    |  p0  |   3  |  32  |   96   ||    14   |
|     grp_fu_864    |  p1  |   3  |  32  |   96   ||    14   |
|     grp_fu_868    |  p0  |   3  |  32  |   96   ||    14   |
|     grp_fu_868    |  p1  |   3  |  32  |   96   ||    14   |
|     grp_fu_872    |  p0  |   3  |  32  |   96   ||    14   |
|     grp_fu_872    |  p1  |   3  |  32  |   96   ||    14   |
|     grp_fu_876    |  p0  |   3  |  32  |   96   ||    14   |
|     grp_fu_876    |  p1  |   3  |  32  |   96   ||    14   |
|     grp_fu_880    |  p0  |   3  |  32  |   96   ||    14   |
|     grp_fu_880    |  p1  |   3  |  32  |   96   ||    14   |
|     grp_fu_884    |  p0  |   3  |  32  |   96   ||    14   |
|     grp_fu_884    |  p1  |   3  |  32  |   96   ||    14   |
|     grp_fu_888    |  p0  |   3  |  32  |   96   ||    14   |
|     grp_fu_888    |  p1  |   3  |  32  |   96   ||    14   |
|     grp_fu_892    |  p0  |   3  |  32  |   96   ||    14   |
|     grp_fu_892    |  p1  |   3  |  32  |   96   ||    14   |
|     grp_fu_896    |  p0  |   3  |  32  |   96   ||    14   |
|     grp_fu_896    |  p1  |   3  |  32  |   96   ||    14   |
|     grp_fu_900    |  p0  |   3  |  32  |   96   ||    14   |
|     grp_fu_900    |  p1  |   3  |  32  |   96   ||    14   |
|     grp_fu_904    |  p0  |   4  |  32  |   128  ||    20   |
|     grp_fu_904    |  p1  |   4  |  32  |   128  ||    20   |
|     grp_fu_910    |  p0  |   4  |  32  |   128  ||    20   |
|     grp_fu_910    |  p1  |   4  |  32  |   128  ||    20   |
|     grp_fu_916    |  p0  |   4  |  32  |   128  ||    20   |
|     grp_fu_916    |  p1  |   4  |  32  |   128  ||    20   |
|     grp_fu_922    |  p0  |   4  |  32  |   128  ||    20   |
|     grp_fu_922    |  p1  |   4  |  32  |   128  ||    20   |
|     grp_fu_928    |  p0  |   4  |  32  |   128  ||    20   |
|     grp_fu_928    |  p1  |   4  |  32  |   128  ||    20   |
|     grp_fu_934    |  p0  |   4  |  32  |   128  ||    20   |
|     grp_fu_934    |  p1  |   4  |  32  |   128  ||    20   |
|     grp_fu_940    |  p0  |   4  |  32  |   128  ||    20   |
|     grp_fu_940    |  p1  |   4  |  32  |   128  ||    20   |
|     grp_fu_946    |  p0  |   4  |  32  |   128  ||    20   |
|     grp_fu_946    |  p1  |   4  |  32  |   128  ||    20   |
|     grp_fu_952    |  p0  |   4  |  32  |   128  ||    20   |
|     grp_fu_952    |  p1  |   4  |  32  |   128  ||    20   |
|     grp_fu_958    |  p0  |   4  |  32  |   128  ||    20   |
|     grp_fu_958    |  p1  |   4  |  32  |   128  ||    20   |
|     grp_fu_964    |  p0  |   4  |  32  |   128  ||    20   |
|     grp_fu_964    |  p1  |   4  |  32  |   128  ||    20   |
|     grp_fu_970    |  p0  |   4  |  32  |   128  ||    20   |
|     grp_fu_970    |  p1  |   4  |  32  |   128  ||    20   |
|    grp_fu_2424    |  p0  |   2  |   5  |   10   ||    9    |
|    grp_fu_2424    |  p1  |   2  |   5  |   10   ||    9    |
|-------------------|------|------|------|--------||---------||---------|
|       Total       |      |      |      |  7442  ||  46.419 ||   1587  |
|-------------------|------|------|------|--------||---------||---------|



* Summary:
+-----------+--------+--------+--------+--------+
|           |   DSP  |  Delay |   FF   |   LUT  |
+-----------+--------+--------+--------+--------+
|  Function |   61   |    -   |  4176  |  4884  |
|   Memory  |    -   |    -   |    -   |    -   |
|Multiplexer|    -   |   46   |    -   |  1587  |
|  Register |    -   |    -   |  5621  |    -   |
+-----------+--------+--------+--------+--------+
|   Total   |   61   |   46   |  9797  |  6471  |
+-----------+--------+--------+--------+--------+
