

================================================================
== Vitis HLS Report for 'cnn_predict_Pipeline_VITIS_LOOP_38_1'
================================================================
* Date:           Tue Nov 25 13:54:33 2025

* Version:        2022.2 (Build 3670227 on Oct 13 2022)
* Project:        cnn_hls
* Solution:       solution1 (Vivado IP Flow Target)
* Product family: zynquplus
* Target device:  xczu3eg-sbva484-1-i


================================================================
== Performance Estimates
================================================================
+ Timing: 
    * Summary: 
    +--------+----------+----------+------------+
    |  Clock |  Target  | Estimated| Uncertainty|
    +--------+----------+----------+------------+
    |ap_clk  |  10.00 ns|  7.300 ns|     2.70 ns|
    +--------+----------+----------+------------+

+ Latency: 
    * Summary: 
    +---------+---------+-----------+-----------+------+------+---------+
    |  Latency (cycles) |   Latency (absolute)  |   Interval  | Pipeline|
    |   min   |   max   |    min    |    max    |  min |  max |   Type  |
    +---------+---------+-----------+-----------+------+------+---------+
    |     4099|     4099|  40.990 us|  40.990 us|  4099|  4099|       no|
    +---------+---------+-----------+-----------+------+------+---------+

    + Detail: 
        * Instance: 
        N/A

        * Loop: 
        +-------------------+---------+---------+----------+-----------+-----------+------+----------+
        |                   |  Latency (cycles) | Iteration|  Initiation Interval  | Trip |          |
        |     Loop Name     |   min   |   max   |  Latency |  achieved |   target  | Count| Pipelined|
        +-------------------+---------+---------+----------+-----------+-----------+------+----------+
        |- VITIS_LOOP_38_1  |     4097|     4097|        18|         16|          1|   256|       yes|
        +-------------------+---------+---------+----------+-----------+-----------+------+----------+



================================================================
== Utilization Estimates
================================================================
* Summary: 
+-----------------+---------+-----+--------+-------+-----+
|       Name      | BRAM_18K| DSP |   FF   |  LUT  | URAM|
+-----------------+---------+-----+--------+-------+-----+
|DSP              |        -|    -|       -|      -|    -|
|Expression       |        -|    -|       0|    208|    -|
|FIFO             |        -|    -|       -|      -|    -|
|Instance         |        -|    -|       -|      -|    -|
|Memory           |        -|    -|       -|      -|    -|
|Multiplexer      |        -|    -|       -|    306|    -|
|Register         |        -|    -|      90|      -|    -|
+-----------------+---------+-----+--------+-------+-----+
|Total            |        0|    0|      90|    514|    0|
+-----------------+---------+-----+--------+-------+-----+
|Available        |      432|  360|  141120|  70560|    0|
+-----------------+---------+-----+--------+-------+-----+
|Utilization (%)  |        0|    0|      ~0|     ~0|    0|
+-----------------+---------+-----+--------+-------+-----+

+ Detail: 
    * Instance: 
    N/A

    * DSP: 
    N/A

    * Memory: 
    N/A

    * FIFO: 
    N/A

    * Expression: 
    +-----------------------------------+----------+----+---+----+------------+------------+
    |           Variable Name           | Operation| DSP| FF| LUT| Bitwidth P0| Bitwidth P1|
    +-----------------------------------+----------+----+---+----+------------+------------+
    |add_ln38_fu_482_p2                 |         +|   0|  0|  20|          13|           5|
    |ap_block_pp0_stage0_11001          |       and|   0|  0|   2|           1|           1|
    |ap_block_pp0_stage10_11001         |       and|   0|  0|   2|           1|           1|
    |ap_block_state10_pp0_stage9_iter0  |       and|   0|  0|   2|           1|           1|
    |or_ln40_10_fu_437_p2               |        or|   0|  0|  12|          12|           4|
    |or_ln40_11_fu_452_p2               |        or|   0|  0|  12|          12|           4|
    |or_ln40_12_fu_467_p2               |        or|   0|  0|  12|          12|           4|
    |or_ln40_13_fu_492_p2               |        or|   0|  0|  12|          12|           4|
    |or_ln40_14_fu_507_p2               |        or|   0|  0|  12|          12|           4|
    |or_ln40_1_fu_302_p2                |        or|   0|  0|  12|          12|           2|
    |or_ln40_2_fu_317_p2                |        or|   0|  0|  12|          12|           2|
    |or_ln40_3_fu_332_p2                |        or|   0|  0|  12|          12|           3|
    |or_ln40_4_fu_347_p2                |        or|   0|  0|  12|          12|           3|
    |or_ln40_5_fu_362_p2                |        or|   0|  0|  12|          12|           3|
    |or_ln40_6_fu_377_p2                |        or|   0|  0|  12|          12|           3|
    |or_ln40_7_fu_392_p2                |        or|   0|  0|  12|          12|           4|
    |or_ln40_8_fu_407_p2                |        or|   0|  0|  12|          12|           4|
    |or_ln40_9_fu_422_p2                |        or|   0|  0|  12|          12|           4|
    |or_ln40_fu_286_p2                  |        or|   0|  0|  12|          12|           1|
    |ap_enable_pp0                      |       xor|   0|  0|   2|           1|           2|
    +-----------------------------------+----------+----+---+----+------------+------------+
    |Total                              |          |   0|  0| 208|         197|          59|
    +-----------------------------------+----------+----+---+----+------------+------------+

    * Multiplexer: 
    +-----------------------------+----+-----------+-----+-----------+
    |             Name            | LUT| Input Size| Bits| Total Bits|
    +-----------------------------+----+-----------+-----+-----------+
    |ap_NS_fsm                    |  81|         17|    1|         17|
    |ap_done_int                  |   9|          2|    1|          2|
    |ap_enable_reg_pp0_iter0      |   9|          2|    1|          2|
    |ap_enable_reg_pp0_iter0_reg  |   9|          2|    1|          2|
    |ap_enable_reg_pp0_iter1      |   9|          2|    1|          2|
    |ap_sig_allocacmp_i_1         |   9|          2|   13|         26|
    |gmem_blk_n_R                 |   9|          2|    1|          2|
    |i_fu_92                      |   9|          2|   13|         26|
    |img_read_address1            |  81|         17|   12|        204|
    |img_read_d1                  |  81|         17|   32|        544|
    +-----------------------------+----+-----------+-----+-----------+
    |Total                        | 306|         65|   76|        827|
    +-----------------------------+----+-----------+-----+-----------+

    * Register: 
    +-----------------------------+----+----+-----+-----------+
    |             Name            | FF | LUT| Bits| Const Bits|
    +-----------------------------+----+----+-----+-----------+
    |ap_CS_fsm                    |  16|   0|   16|          0|
    |ap_done_reg                  |   1|   0|    1|          0|
    |ap_enable_reg_pp0_iter0_reg  |   1|   0|    1|          0|
    |ap_enable_reg_pp0_iter1      |   1|   0|    1|          0|
    |empty_30_reg_545             |  12|   0|   12|          0|
    |i_1_reg_529                  |  13|   0|   13|          0|
    |i_fu_92                      |  13|   0|   13|          0|
    |reg_244                      |  32|   0|   32|          0|
    |tmp_reg_541                  |   1|   0|    1|          0|
    +-----------------------------+----+----+-----+-----------+
    |Total                        |  90|   0|   90|          0|
    +-----------------------------+----+----+-----+-----------+



================================================================
== Interface
================================================================
* Summary: 
+---------------------+-----+-----+------------+--------------------------------------+--------------+
|      RTL Ports      | Dir | Bits|  Protocol  |             Source Object            |    C Type    |
+---------------------+-----+-----+------------+--------------------------------------+--------------+
|ap_clk               |   in|    1|  ap_ctrl_hs|  cnn_predict_Pipeline_VITIS_LOOP_38_1|  return value|
|ap_rst               |   in|    1|  ap_ctrl_hs|  cnn_predict_Pipeline_VITIS_LOOP_38_1|  return value|
|ap_start             |   in|    1|  ap_ctrl_hs|  cnn_predict_Pipeline_VITIS_LOOP_38_1|  return value|
|ap_done              |  out|    1|  ap_ctrl_hs|  cnn_predict_Pipeline_VITIS_LOOP_38_1|  return value|
|ap_idle              |  out|    1|  ap_ctrl_hs|  cnn_predict_Pipeline_VITIS_LOOP_38_1|  return value|
|ap_ready             |  out|    1|  ap_ctrl_hs|  cnn_predict_Pipeline_VITIS_LOOP_38_1|  return value|
|m_axi_gmem_AWVALID   |  out|    1|       m_axi|                                  gmem|       pointer|
|m_axi_gmem_AWREADY   |   in|    1|       m_axi|                                  gmem|       pointer|
|m_axi_gmem_AWADDR    |  out|   64|       m_axi|                                  gmem|       pointer|
|m_axi_gmem_AWID      |  out|    1|       m_axi|                                  gmem|       pointer|
|m_axi_gmem_AWLEN     |  out|   32|       m_axi|                                  gmem|       pointer|
|m_axi_gmem_AWSIZE    |  out|    3|       m_axi|                                  gmem|       pointer|
|m_axi_gmem_AWBURST   |  out|    2|       m_axi|                                  gmem|       pointer|
|m_axi_gmem_AWLOCK    |  out|    2|       m_axi|                                  gmem|       pointer|
|m_axi_gmem_AWCACHE   |  out|    4|       m_axi|                                  gmem|       pointer|
|m_axi_gmem_AWPROT    |  out|    3|       m_axi|                                  gmem|       pointer|
|m_axi_gmem_AWQOS     |  out|    4|       m_axi|                                  gmem|       pointer|
|m_axi_gmem_AWREGION  |  out|    4|       m_axi|                                  gmem|       pointer|
|m_axi_gmem_AWUSER    |  out|    1|       m_axi|                                  gmem|       pointer|
|m_axi_gmem_WVALID    |  out|    1|       m_axi|                                  gmem|       pointer|
|m_axi_gmem_WREADY    |   in|    1|       m_axi|                                  gmem|       pointer|
|m_axi_gmem_WDATA     |  out|   32|       m_axi|                                  gmem|       pointer|
|m_axi_gmem_WSTRB     |  out|    4|       m_axi|                                  gmem|       pointer|
|m_axi_gmem_WLAST     |  out|    1|       m_axi|                                  gmem|       pointer|
|m_axi_gmem_WID       |  out|    1|       m_axi|                                  gmem|       pointer|
|m_axi_gmem_WUSER     |  out|    1|       m_axi|                                  gmem|       pointer|
|m_axi_gmem_ARVALID   |  out|    1|       m_axi|                                  gmem|       pointer|
|m_axi_gmem_ARREADY   |   in|    1|       m_axi|                                  gmem|       pointer|
|m_axi_gmem_ARADDR    |  out|   64|       m_axi|                                  gmem|       pointer|
|m_axi_gmem_ARID      |  out|    1|       m_axi|                                  gmem|       pointer|
|m_axi_gmem_ARLEN     |  out|   32|       m_axi|                                  gmem|       pointer|
|m_axi_gmem_ARSIZE    |  out|    3|       m_axi|                                  gmem|       pointer|
|m_axi_gmem_ARBURST   |  out|    2|       m_axi|                                  gmem|       pointer|
|m_axi_gmem_ARLOCK    |  out|    2|       m_axi|                                  gmem|       pointer|
|m_axi_gmem_ARCACHE   |  out|    4|       m_axi|                                  gmem|       pointer|
|m_axi_gmem_ARPROT    |  out|    3|       m_axi|                                  gmem|       pointer|
|m_axi_gmem_ARQOS     |  out|    4|       m_axi|                                  gmem|       pointer|
|m_axi_gmem_ARREGION  |  out|    4|       m_axi|                                  gmem|       pointer|
|m_axi_gmem_ARUSER    |  out|    1|       m_axi|                                  gmem|       pointer|
|m_axi_gmem_RVALID    |   in|    1|       m_axi|                                  gmem|       pointer|
|m_axi_gmem_RREADY    |  out|    1|       m_axi|                                  gmem|       pointer|
|m_axi_gmem_RDATA     |   in|   32|       m_axi|                                  gmem|       pointer|
|m_axi_gmem_RLAST     |   in|    1|       m_axi|                                  gmem|       pointer|
|m_axi_gmem_RID       |   in|    1|       m_axi|                                  gmem|       pointer|
|m_axi_gmem_RFIFONUM  |   in|    9|       m_axi|                                  gmem|       pointer|
|m_axi_gmem_RUSER     |   in|    1|       m_axi|                                  gmem|       pointer|
|m_axi_gmem_RRESP     |   in|    2|       m_axi|                                  gmem|       pointer|
|m_axi_gmem_BVALID    |   in|    1|       m_axi|                                  gmem|       pointer|
|m_axi_gmem_BREADY    |  out|    1|       m_axi|                                  gmem|       pointer|
|m_axi_gmem_BRESP     |   in|    2|       m_axi|                                  gmem|       pointer|
|m_axi_gmem_BID       |   in|    1|       m_axi|                                  gmem|       pointer|
|m_axi_gmem_BUSER     |   in|    1|       m_axi|                                  gmem|       pointer|
|sext_ln38            |   in|   62|     ap_none|                             sext_ln38|        scalar|
|img_read_address1    |  out|   12|   ap_memory|                              img_read|         array|
|img_read_ce1         |  out|    1|   ap_memory|                              img_read|         array|
|img_read_we1         |  out|    1|   ap_memory|                              img_read|         array|
|img_read_d1          |  out|   32|   ap_memory|                              img_read|         array|
+---------------------+-----+-----+------------+--------------------------------------+--------------+

============================================================
+ Verbose Summary: Synthesis Manager
============================================================
InlineROM: 1
ExposeGlobal: 0
============================================================
+ Verbose Summary: CDFG Model
============================================================
IsTopModel: 0
ResetActiveHigh: 1
IsCombinational: 2
IsDatapathOnly: 2
HasWiredReturn: 1
HasMFsm: 2
HasVarLatency: 1
IsPipeline: 0
IsRtlPipelined: 0
IsInstanceOverlapped: 0
IsDontTouch: 0
HasImplIP: 0
IsGatedGlobalClock: 0

+ Individual pipeline summary: 
  * Pipeline-0: initiation interval (II) = 16, depth = 18


============================================================
+ Verbose Summary: Schedule
============================================================
* Number of FSM states : 18
* Pipeline : 1
  Pipeline-0 : II = 16, D = 18, States = { 1 2 3 4 5 6 7 8 9 10 11 12 13 14 15 16 17 18 }
* Dataflow Pipeline: 0

* FSM state transitions: 
1 --> 2 
2 --> 3 
3 --> 4 
4 --> 5 
5 --> 6 
6 --> 7 
7 --> 8 
8 --> 9 
9 --> 10 
10 --> 11 
11 --> 12 
12 --> 13 
13 --> 14 
14 --> 15 
15 --> 16 
16 --> 17 
17 --> 18 
18 --> 

* FSM state operations: 

State 1 <SV = 0> <Delay = 0.48>
ST_1 : Operation 21 [1/1] (0.00ns)   --->   "%i = alloca i32 1"   --->   Operation 21 'alloca' 'i' <Predicate = true> <Delay = 0.00>
ST_1 : Operation 22 [1/1] (0.00ns)   --->   "%sext_ln38_read = read i62 @_ssdm_op_Read.ap_auto.i62, i62 %sext_ln38"   --->   Operation 22 'read' 'sext_ln38_read' <Predicate = true> <Delay = 0.00>
ST_1 : Operation 23 [1/1] (0.00ns)   --->   "%sext_ln38_cast = sext i62 %sext_ln38_read"   --->   Operation 23 'sext' 'sext_ln38_cast' <Predicate = true> <Delay = 0.00>
ST_1 : Operation 24 [1/1] (0.00ns)   --->   "%specmemcore_ln0 = specmemcore void @_ssdm_op_SpecMemCore, i32 %img_read, i64 666, i64 22, i64 18446744073709551615"   --->   Operation 24 'specmemcore' 'specmemcore_ln0' <Predicate = true> <Delay = 0.00>
ST_1 : Operation 25 [1/1] (0.00ns)   --->   "%specinterface_ln0 = specinterface void @_ssdm_op_SpecInterface, i32 %gmem, void @empty_14, i32 0, i32 0, void @empty_8, i32 0, i32 4096, void @empty_15, void @empty_11, void @empty_8, i32 16, i32 16, i32 16, i32 16, void @empty_8, void @empty_8, i32 4294967295, i32 0"   --->   Operation 25 'specinterface' 'specinterface_ln0' <Predicate = true> <Delay = 0.00>
ST_1 : Operation 26 [1/1] (0.48ns)   --->   "%store_ln0 = store i13 0, i13 %i"   --->   Operation 26 'store' 'store_ln0' <Predicate = true> <Delay = 0.48>
ST_1 : Operation 27 [1/1] (0.00ns)   --->   "%br_ln0 = br void %for.inc.i"   --->   Operation 27 'br' 'br_ln0' <Predicate = true> <Delay = 0.00>
ST_1 : Operation 28 [1/1] (0.00ns)   --->   "%i_1 = load i13 %i"   --->   Operation 28 'load' 'i_1' <Predicate = true> <Delay = 0.00>
ST_1 : Operation 29 [1/1] (0.00ns)   --->   "%specbitsmap_ln0 = specbitsmap void @_ssdm_op_SpecBitsMap, i32 %gmem"   --->   Operation 29 'specbitsmap' 'specbitsmap_ln0' <Predicate = true> <Delay = 0.00>
ST_1 : Operation 30 [1/1] (0.00ns)   --->   "%gmem_addr = getelementptr i32 %gmem, i64 %sext_ln38_cast" [cnn.cpp:38]   --->   Operation 30 'getelementptr' 'gmem_addr' <Predicate = true> <Delay = 0.00>
ST_1 : Operation 31 [1/1] (0.00ns)   --->   "%specpipeline_ln0 = specpipeline void @_ssdm_op_SpecPipeline, i32 4294967295, i32 0, i32 1, i32 0, void @p_str"   --->   Operation 31 'specpipeline' 'specpipeline_ln0' <Predicate = true> <Delay = 0.00>
ST_1 : Operation 32 [1/1] (0.00ns)   --->   "%tmp = bitselect i1 @_ssdm_op_BitSelect.i1.i13.i32, i13 %i_1, i32 12" [cnn.cpp:38]   --->   Operation 32 'bitselect' 'tmp' <Predicate = true> <Delay = 0.00>
ST_1 : Operation 33 [1/1] (0.00ns)   --->   "%empty = speclooptripcount i32 @_ssdm_op_SpecLoopTripCount, i64 256, i64 256, i64 256"   --->   Operation 33 'speclooptripcount' 'empty' <Predicate = true> <Delay = 0.00>
ST_1 : Operation 34 [1/1] (0.00ns)   --->   "%br_ln38 = br i1 %tmp, void %for.inc.i.split, void %VITIS_LOOP_77_2.preheader.exitStub" [cnn.cpp:38]   --->   Operation 34 'br' 'br_ln38' <Predicate = true> <Delay = 0.00>

State 2 <SV = 1> <Delay = 7.30>
ST_2 : Operation 35 [1/1] (7.30ns)   --->   "%gmem_addr_read = read i32 @_ssdm_op_Read.m_axi.p1i32, i64 %gmem_addr" [cnn.cpp:40]   --->   Operation 35 'read' 'gmem_addr_read' <Predicate = (!tmp)> <Delay = 7.30> <CoreInst = "m_axi">   --->   Core 121 'm_axi' <Latency = 0> <II = 1> <Delay = 1.00> <Adapter> <Opcode : 'read' 'write' 'readreq' 'writereq' 'writeresp'>
ST_2 : Operation 135 [1/1] (0.00ns)   --->   "%ret_ln0 = ret"   --->   Operation 135 'ret' 'ret_ln0' <Predicate = (tmp)> <Delay = 0.00>

State 3 <SV = 2> <Delay = 7.30>
ST_3 : Operation 36 [1/1] (0.00ns)   --->   "%i_cast9 = zext i13 %i_1"   --->   Operation 36 'zext' 'i_cast9' <Predicate = (!tmp)> <Delay = 0.00>
ST_3 : Operation 37 [1/1] (0.00ns)   --->   "%bitcast_ln40 = bitcast i32 %gmem_addr_read" [cnn.cpp:40]   --->   Operation 37 'bitcast' 'bitcast_ln40' <Predicate = (!tmp)> <Delay = 0.00>
ST_3 : Operation 38 [1/1] (7.30ns)   --->   "%gmem_addr_read_1 = read i32 @_ssdm_op_Read.m_axi.p1i32, i64 %gmem_addr" [cnn.cpp:40]   --->   Operation 38 'read' 'gmem_addr_read_1' <Predicate = (!tmp)> <Delay = 7.30> <CoreInst = "m_axi">   --->   Core 121 'm_axi' <Latency = 0> <II = 1> <Delay = 1.00> <Adapter> <Opcode : 'read' 'write' 'readreq' 'writereq' 'writeresp'>
ST_3 : Operation 39 [1/1] (0.00ns)   --->   "%img_read_addr = getelementptr i32 %img_read, i64 0, i64 %i_cast9" [cnn.cpp:40]   --->   Operation 39 'getelementptr' 'img_read_addr' <Predicate = (!tmp)> <Delay = 0.00>
ST_3 : Operation 40 [1/1] (1.35ns)   --->   "%store_ln40 = store i32 %bitcast_ln40, i12 %img_read_addr" [cnn.cpp:40]   --->   Operation 40 'store' 'store_ln40' <Predicate = (!tmp)> <Delay = 1.35> <CoreInst = "RAM_2P_BRAM">   --->   Core 94 'RAM_2P_BRAM' <Latency = 1> <II = 1> <Delay = 1.35> <Storage> <Opcode : 'load' 'store'> <Ports = 2> <Width = 32> <Depth = 4096> <RAM>

State 4 <SV = 3> <Delay = 7.30>
ST_4 : Operation 41 [1/1] (0.00ns)   --->   "%empty_30 = trunc i13 %i_1"   --->   Operation 41 'trunc' 'empty_30' <Predicate = (!tmp)> <Delay = 0.00>
ST_4 : Operation 42 [1/1] (0.00ns)   --->   "%or_ln40 = or i12 %empty_30, i12 1" [cnn.cpp:40]   --->   Operation 42 'or' 'or_ln40' <Predicate = (!tmp)> <Delay = 0.00>
ST_4 : Operation 43 [1/1] (0.00ns)   --->   "%zext_ln40 = zext i12 %or_ln40" [cnn.cpp:40]   --->   Operation 43 'zext' 'zext_ln40' <Predicate = (!tmp)> <Delay = 0.00>
ST_4 : Operation 44 [1/1] (0.00ns)   --->   "%bitcast_ln40_1 = bitcast i32 %gmem_addr_read_1" [cnn.cpp:40]   --->   Operation 44 'bitcast' 'bitcast_ln40_1' <Predicate = (!tmp)> <Delay = 0.00>
ST_4 : Operation 45 [1/1] (7.30ns)   --->   "%gmem_addr_read_2 = read i32 @_ssdm_op_Read.m_axi.p1i32, i64 %gmem_addr" [cnn.cpp:40]   --->   Operation 45 'read' 'gmem_addr_read_2' <Predicate = (!tmp)> <Delay = 7.30> <CoreInst = "m_axi">   --->   Core 121 'm_axi' <Latency = 0> <II = 1> <Delay = 1.00> <Adapter> <Opcode : 'read' 'write' 'readreq' 'writereq' 'writeresp'>
ST_4 : Operation 46 [1/1] (0.00ns)   --->   "%img_read_addr_1 = getelementptr i32 %img_read, i64 0, i64 %zext_ln40" [cnn.cpp:40]   --->   Operation 46 'getelementptr' 'img_read_addr_1' <Predicate = (!tmp)> <Delay = 0.00>
ST_4 : Operation 47 [1/1] (1.35ns)   --->   "%store_ln40 = store i32 %bitcast_ln40_1, i12 %img_read_addr_1" [cnn.cpp:40]   --->   Operation 47 'store' 'store_ln40' <Predicate = (!tmp)> <Delay = 1.35> <CoreInst = "RAM_2P_BRAM">   --->   Core 94 'RAM_2P_BRAM' <Latency = 1> <II = 1> <Delay = 1.35> <Storage> <Opcode : 'load' 'store'> <Ports = 2> <Width = 32> <Depth = 4096> <RAM>

State 5 <SV = 4> <Delay = 7.30>
ST_5 : Operation 48 [1/1] (0.00ns)   --->   "%or_ln40_1 = or i12 %empty_30, i12 2" [cnn.cpp:40]   --->   Operation 48 'or' 'or_ln40_1' <Predicate = (!tmp)> <Delay = 0.00>
ST_5 : Operation 49 [1/1] (0.00ns)   --->   "%zext_ln40_1 = zext i12 %or_ln40_1" [cnn.cpp:40]   --->   Operation 49 'zext' 'zext_ln40_1' <Predicate = (!tmp)> <Delay = 0.00>
ST_5 : Operation 50 [1/1] (0.00ns)   --->   "%bitcast_ln40_2 = bitcast i32 %gmem_addr_read_2" [cnn.cpp:40]   --->   Operation 50 'bitcast' 'bitcast_ln40_2' <Predicate = (!tmp)> <Delay = 0.00>
ST_5 : Operation 51 [1/1] (7.30ns)   --->   "%gmem_addr_read_3 = read i32 @_ssdm_op_Read.m_axi.p1i32, i64 %gmem_addr" [cnn.cpp:40]   --->   Operation 51 'read' 'gmem_addr_read_3' <Predicate = (!tmp)> <Delay = 7.30> <CoreInst = "m_axi">   --->   Core 121 'm_axi' <Latency = 0> <II = 1> <Delay = 1.00> <Adapter> <Opcode : 'read' 'write' 'readreq' 'writereq' 'writeresp'>
ST_5 : Operation 52 [1/1] (0.00ns)   --->   "%img_read_addr_2 = getelementptr i32 %img_read, i64 0, i64 %zext_ln40_1" [cnn.cpp:40]   --->   Operation 52 'getelementptr' 'img_read_addr_2' <Predicate = (!tmp)> <Delay = 0.00>
ST_5 : Operation 53 [1/1] (1.35ns)   --->   "%store_ln40 = store i32 %bitcast_ln40_2, i12 %img_read_addr_2" [cnn.cpp:40]   --->   Operation 53 'store' 'store_ln40' <Predicate = (!tmp)> <Delay = 1.35> <CoreInst = "RAM_2P_BRAM">   --->   Core 94 'RAM_2P_BRAM' <Latency = 1> <II = 1> <Delay = 1.35> <Storage> <Opcode : 'load' 'store'> <Ports = 2> <Width = 32> <Depth = 4096> <RAM>

State 6 <SV = 5> <Delay = 7.30>
ST_6 : Operation 54 [1/1] (0.00ns)   --->   "%or_ln40_2 = or i12 %empty_30, i12 3" [cnn.cpp:40]   --->   Operation 54 'or' 'or_ln40_2' <Predicate = (!tmp)> <Delay = 0.00>
ST_6 : Operation 55 [1/1] (0.00ns)   --->   "%zext_ln40_2 = zext i12 %or_ln40_2" [cnn.cpp:40]   --->   Operation 55 'zext' 'zext_ln40_2' <Predicate = (!tmp)> <Delay = 0.00>
ST_6 : Operation 56 [1/1] (0.00ns)   --->   "%bitcast_ln40_3 = bitcast i32 %gmem_addr_read_3" [cnn.cpp:40]   --->   Operation 56 'bitcast' 'bitcast_ln40_3' <Predicate = (!tmp)> <Delay = 0.00>
ST_6 : Operation 57 [1/1] (7.30ns)   --->   "%gmem_addr_read_4 = read i32 @_ssdm_op_Read.m_axi.p1i32, i64 %gmem_addr" [cnn.cpp:40]   --->   Operation 57 'read' 'gmem_addr_read_4' <Predicate = (!tmp)> <Delay = 7.30> <CoreInst = "m_axi">   --->   Core 121 'm_axi' <Latency = 0> <II = 1> <Delay = 1.00> <Adapter> <Opcode : 'read' 'write' 'readreq' 'writereq' 'writeresp'>
ST_6 : Operation 58 [1/1] (0.00ns)   --->   "%img_read_addr_3 = getelementptr i32 %img_read, i64 0, i64 %zext_ln40_2" [cnn.cpp:40]   --->   Operation 58 'getelementptr' 'img_read_addr_3' <Predicate = (!tmp)> <Delay = 0.00>
ST_6 : Operation 59 [1/1] (1.35ns)   --->   "%store_ln40 = store i32 %bitcast_ln40_3, i12 %img_read_addr_3" [cnn.cpp:40]   --->   Operation 59 'store' 'store_ln40' <Predicate = (!tmp)> <Delay = 1.35> <CoreInst = "RAM_2P_BRAM">   --->   Core 94 'RAM_2P_BRAM' <Latency = 1> <II = 1> <Delay = 1.35> <Storage> <Opcode : 'load' 'store'> <Ports = 2> <Width = 32> <Depth = 4096> <RAM>

State 7 <SV = 6> <Delay = 7.30>
ST_7 : Operation 60 [1/1] (0.00ns)   --->   "%or_ln40_3 = or i12 %empty_30, i12 4" [cnn.cpp:40]   --->   Operation 60 'or' 'or_ln40_3' <Predicate = (!tmp)> <Delay = 0.00>
ST_7 : Operation 61 [1/1] (0.00ns)   --->   "%zext_ln40_3 = zext i12 %or_ln40_3" [cnn.cpp:40]   --->   Operation 61 'zext' 'zext_ln40_3' <Predicate = (!tmp)> <Delay = 0.00>
ST_7 : Operation 62 [1/1] (0.00ns)   --->   "%bitcast_ln40_4 = bitcast i32 %gmem_addr_read_4" [cnn.cpp:40]   --->   Operation 62 'bitcast' 'bitcast_ln40_4' <Predicate = (!tmp)> <Delay = 0.00>
ST_7 : Operation 63 [1/1] (7.30ns)   --->   "%gmem_addr_read_5 = read i32 @_ssdm_op_Read.m_axi.p1i32, i64 %gmem_addr" [cnn.cpp:40]   --->   Operation 63 'read' 'gmem_addr_read_5' <Predicate = (!tmp)> <Delay = 7.30> <CoreInst = "m_axi">   --->   Core 121 'm_axi' <Latency = 0> <II = 1> <Delay = 1.00> <Adapter> <Opcode : 'read' 'write' 'readreq' 'writereq' 'writeresp'>
ST_7 : Operation 64 [1/1] (0.00ns)   --->   "%img_read_addr_4 = getelementptr i32 %img_read, i64 0, i64 %zext_ln40_3" [cnn.cpp:40]   --->   Operation 64 'getelementptr' 'img_read_addr_4' <Predicate = (!tmp)> <Delay = 0.00>
ST_7 : Operation 65 [1/1] (1.35ns)   --->   "%store_ln40 = store i32 %bitcast_ln40_4, i12 %img_read_addr_4" [cnn.cpp:40]   --->   Operation 65 'store' 'store_ln40' <Predicate = (!tmp)> <Delay = 1.35> <CoreInst = "RAM_2P_BRAM">   --->   Core 94 'RAM_2P_BRAM' <Latency = 1> <II = 1> <Delay = 1.35> <Storage> <Opcode : 'load' 'store'> <Ports = 2> <Width = 32> <Depth = 4096> <RAM>

State 8 <SV = 7> <Delay = 7.30>
ST_8 : Operation 66 [1/1] (0.00ns)   --->   "%or_ln40_4 = or i12 %empty_30, i12 5" [cnn.cpp:40]   --->   Operation 66 'or' 'or_ln40_4' <Predicate = (!tmp)> <Delay = 0.00>
ST_8 : Operation 67 [1/1] (0.00ns)   --->   "%zext_ln40_4 = zext i12 %or_ln40_4" [cnn.cpp:40]   --->   Operation 67 'zext' 'zext_ln40_4' <Predicate = (!tmp)> <Delay = 0.00>
ST_8 : Operation 68 [1/1] (0.00ns)   --->   "%bitcast_ln40_5 = bitcast i32 %gmem_addr_read_5" [cnn.cpp:40]   --->   Operation 68 'bitcast' 'bitcast_ln40_5' <Predicate = (!tmp)> <Delay = 0.00>
ST_8 : Operation 69 [1/1] (7.30ns)   --->   "%gmem_addr_read_6 = read i32 @_ssdm_op_Read.m_axi.p1i32, i64 %gmem_addr" [cnn.cpp:40]   --->   Operation 69 'read' 'gmem_addr_read_6' <Predicate = (!tmp)> <Delay = 7.30> <CoreInst = "m_axi">   --->   Core 121 'm_axi' <Latency = 0> <II = 1> <Delay = 1.00> <Adapter> <Opcode : 'read' 'write' 'readreq' 'writereq' 'writeresp'>
ST_8 : Operation 70 [1/1] (0.00ns)   --->   "%img_read_addr_5 = getelementptr i32 %img_read, i64 0, i64 %zext_ln40_4" [cnn.cpp:40]   --->   Operation 70 'getelementptr' 'img_read_addr_5' <Predicate = (!tmp)> <Delay = 0.00>
ST_8 : Operation 71 [1/1] (1.35ns)   --->   "%store_ln40 = store i32 %bitcast_ln40_5, i12 %img_read_addr_5" [cnn.cpp:40]   --->   Operation 71 'store' 'store_ln40' <Predicate = (!tmp)> <Delay = 1.35> <CoreInst = "RAM_2P_BRAM">   --->   Core 94 'RAM_2P_BRAM' <Latency = 1> <II = 1> <Delay = 1.35> <Storage> <Opcode : 'load' 'store'> <Ports = 2> <Width = 32> <Depth = 4096> <RAM>

State 9 <SV = 8> <Delay = 7.30>
ST_9 : Operation 72 [1/1] (0.00ns)   --->   "%or_ln40_5 = or i12 %empty_30, i12 6" [cnn.cpp:40]   --->   Operation 72 'or' 'or_ln40_5' <Predicate = (!tmp)> <Delay = 0.00>
ST_9 : Operation 73 [1/1] (0.00ns)   --->   "%zext_ln40_5 = zext i12 %or_ln40_5" [cnn.cpp:40]   --->   Operation 73 'zext' 'zext_ln40_5' <Predicate = (!tmp)> <Delay = 0.00>
ST_9 : Operation 74 [1/1] (0.00ns)   --->   "%bitcast_ln40_6 = bitcast i32 %gmem_addr_read_6" [cnn.cpp:40]   --->   Operation 74 'bitcast' 'bitcast_ln40_6' <Predicate = (!tmp)> <Delay = 0.00>
ST_9 : Operation 75 [1/1] (7.30ns)   --->   "%gmem_addr_read_7 = read i32 @_ssdm_op_Read.m_axi.p1i32, i64 %gmem_addr" [cnn.cpp:40]   --->   Operation 75 'read' 'gmem_addr_read_7' <Predicate = (!tmp)> <Delay = 7.30> <CoreInst = "m_axi">   --->   Core 121 'm_axi' <Latency = 0> <II = 1> <Delay = 1.00> <Adapter> <Opcode : 'read' 'write' 'readreq' 'writereq' 'writeresp'>
ST_9 : Operation 76 [1/1] (0.00ns)   --->   "%img_read_addr_6 = getelementptr i32 %img_read, i64 0, i64 %zext_ln40_5" [cnn.cpp:40]   --->   Operation 76 'getelementptr' 'img_read_addr_6' <Predicate = (!tmp)> <Delay = 0.00>
ST_9 : Operation 77 [1/1] (1.35ns)   --->   "%store_ln40 = store i32 %bitcast_ln40_6, i12 %img_read_addr_6" [cnn.cpp:40]   --->   Operation 77 'store' 'store_ln40' <Predicate = (!tmp)> <Delay = 1.35> <CoreInst = "RAM_2P_BRAM">   --->   Core 94 'RAM_2P_BRAM' <Latency = 1> <II = 1> <Delay = 1.35> <Storage> <Opcode : 'load' 'store'> <Ports = 2> <Width = 32> <Depth = 4096> <RAM>

State 10 <SV = 9> <Delay = 7.30>
ST_10 : Operation 78 [1/1] (0.00ns)   --->   "%or_ln40_6 = or i12 %empty_30, i12 7" [cnn.cpp:40]   --->   Operation 78 'or' 'or_ln40_6' <Predicate = (!tmp)> <Delay = 0.00>
ST_10 : Operation 79 [1/1] (0.00ns)   --->   "%zext_ln40_6 = zext i12 %or_ln40_6" [cnn.cpp:40]   --->   Operation 79 'zext' 'zext_ln40_6' <Predicate = (!tmp)> <Delay = 0.00>
ST_10 : Operation 80 [1/1] (0.00ns)   --->   "%bitcast_ln40_7 = bitcast i32 %gmem_addr_read_7" [cnn.cpp:40]   --->   Operation 80 'bitcast' 'bitcast_ln40_7' <Predicate = (!tmp)> <Delay = 0.00>
ST_10 : Operation 81 [1/1] (7.30ns)   --->   "%gmem_addr_read_8 = read i32 @_ssdm_op_Read.m_axi.p1i32, i64 %gmem_addr" [cnn.cpp:40]   --->   Operation 81 'read' 'gmem_addr_read_8' <Predicate = (!tmp)> <Delay = 7.30> <CoreInst = "m_axi">   --->   Core 121 'm_axi' <Latency = 0> <II = 1> <Delay = 1.00> <Adapter> <Opcode : 'read' 'write' 'readreq' 'writereq' 'writeresp'>
ST_10 : Operation 82 [1/1] (0.00ns)   --->   "%img_read_addr_7 = getelementptr i32 %img_read, i64 0, i64 %zext_ln40_6" [cnn.cpp:40]   --->   Operation 82 'getelementptr' 'img_read_addr_7' <Predicate = (!tmp)> <Delay = 0.00>
ST_10 : Operation 83 [1/1] (1.35ns)   --->   "%store_ln40 = store i32 %bitcast_ln40_7, i12 %img_read_addr_7" [cnn.cpp:40]   --->   Operation 83 'store' 'store_ln40' <Predicate = (!tmp)> <Delay = 1.35> <CoreInst = "RAM_2P_BRAM">   --->   Core 94 'RAM_2P_BRAM' <Latency = 1> <II = 1> <Delay = 1.35> <Storage> <Opcode : 'load' 'store'> <Ports = 2> <Width = 32> <Depth = 4096> <RAM>

State 11 <SV = 10> <Delay = 7.30>
ST_11 : Operation 84 [1/1] (0.00ns)   --->   "%or_ln40_7 = or i12 %empty_30, i12 8" [cnn.cpp:40]   --->   Operation 84 'or' 'or_ln40_7' <Predicate = (!tmp)> <Delay = 0.00>
ST_11 : Operation 85 [1/1] (0.00ns)   --->   "%zext_ln40_7 = zext i12 %or_ln40_7" [cnn.cpp:40]   --->   Operation 85 'zext' 'zext_ln40_7' <Predicate = (!tmp)> <Delay = 0.00>
ST_11 : Operation 86 [1/1] (0.00ns)   --->   "%bitcast_ln40_8 = bitcast i32 %gmem_addr_read_8" [cnn.cpp:40]   --->   Operation 86 'bitcast' 'bitcast_ln40_8' <Predicate = (!tmp)> <Delay = 0.00>
ST_11 : Operation 87 [1/1] (7.30ns)   --->   "%gmem_addr_read_9 = read i32 @_ssdm_op_Read.m_axi.p1i32, i64 %gmem_addr" [cnn.cpp:40]   --->   Operation 87 'read' 'gmem_addr_read_9' <Predicate = (!tmp)> <Delay = 7.30> <CoreInst = "m_axi">   --->   Core 121 'm_axi' <Latency = 0> <II = 1> <Delay = 1.00> <Adapter> <Opcode : 'read' 'write' 'readreq' 'writereq' 'writeresp'>
ST_11 : Operation 88 [1/1] (0.00ns)   --->   "%img_read_addr_8 = getelementptr i32 %img_read, i64 0, i64 %zext_ln40_7" [cnn.cpp:40]   --->   Operation 88 'getelementptr' 'img_read_addr_8' <Predicate = (!tmp)> <Delay = 0.00>
ST_11 : Operation 89 [1/1] (1.35ns)   --->   "%store_ln40 = store i32 %bitcast_ln40_8, i12 %img_read_addr_8" [cnn.cpp:40]   --->   Operation 89 'store' 'store_ln40' <Predicate = (!tmp)> <Delay = 1.35> <CoreInst = "RAM_2P_BRAM">   --->   Core 94 'RAM_2P_BRAM' <Latency = 1> <II = 1> <Delay = 1.35> <Storage> <Opcode : 'load' 'store'> <Ports = 2> <Width = 32> <Depth = 4096> <RAM>

State 12 <SV = 11> <Delay = 7.30>
ST_12 : Operation 90 [1/1] (0.00ns)   --->   "%or_ln40_8 = or i12 %empty_30, i12 9" [cnn.cpp:40]   --->   Operation 90 'or' 'or_ln40_8' <Predicate = (!tmp)> <Delay = 0.00>
ST_12 : Operation 91 [1/1] (0.00ns)   --->   "%zext_ln40_8 = zext i12 %or_ln40_8" [cnn.cpp:40]   --->   Operation 91 'zext' 'zext_ln40_8' <Predicate = (!tmp)> <Delay = 0.00>
ST_12 : Operation 92 [1/1] (0.00ns)   --->   "%bitcast_ln40_9 = bitcast i32 %gmem_addr_read_9" [cnn.cpp:40]   --->   Operation 92 'bitcast' 'bitcast_ln40_9' <Predicate = (!tmp)> <Delay = 0.00>
ST_12 : Operation 93 [1/1] (7.30ns)   --->   "%gmem_addr_read_10 = read i32 @_ssdm_op_Read.m_axi.p1i32, i64 %gmem_addr" [cnn.cpp:40]   --->   Operation 93 'read' 'gmem_addr_read_10' <Predicate = (!tmp)> <Delay = 7.30> <CoreInst = "m_axi">   --->   Core 121 'm_axi' <Latency = 0> <II = 1> <Delay = 1.00> <Adapter> <Opcode : 'read' 'write' 'readreq' 'writereq' 'writeresp'>
ST_12 : Operation 94 [1/1] (0.00ns)   --->   "%img_read_addr_9 = getelementptr i32 %img_read, i64 0, i64 %zext_ln40_8" [cnn.cpp:40]   --->   Operation 94 'getelementptr' 'img_read_addr_9' <Predicate = (!tmp)> <Delay = 0.00>
ST_12 : Operation 95 [1/1] (1.35ns)   --->   "%store_ln40 = store i32 %bitcast_ln40_9, i12 %img_read_addr_9" [cnn.cpp:40]   --->   Operation 95 'store' 'store_ln40' <Predicate = (!tmp)> <Delay = 1.35> <CoreInst = "RAM_2P_BRAM">   --->   Core 94 'RAM_2P_BRAM' <Latency = 1> <II = 1> <Delay = 1.35> <Storage> <Opcode : 'load' 'store'> <Ports = 2> <Width = 32> <Depth = 4096> <RAM>

State 13 <SV = 12> <Delay = 7.30>
ST_13 : Operation 96 [1/1] (0.00ns)   --->   "%or_ln40_9 = or i12 %empty_30, i12 10" [cnn.cpp:40]   --->   Operation 96 'or' 'or_ln40_9' <Predicate = (!tmp)> <Delay = 0.00>
ST_13 : Operation 97 [1/1] (0.00ns)   --->   "%zext_ln40_9 = zext i12 %or_ln40_9" [cnn.cpp:40]   --->   Operation 97 'zext' 'zext_ln40_9' <Predicate = (!tmp)> <Delay = 0.00>
ST_13 : Operation 98 [1/1] (0.00ns)   --->   "%bitcast_ln40_10 = bitcast i32 %gmem_addr_read_10" [cnn.cpp:40]   --->   Operation 98 'bitcast' 'bitcast_ln40_10' <Predicate = (!tmp)> <Delay = 0.00>
ST_13 : Operation 99 [1/1] (7.30ns)   --->   "%gmem_addr_read_11 = read i32 @_ssdm_op_Read.m_axi.p1i32, i64 %gmem_addr" [cnn.cpp:40]   --->   Operation 99 'read' 'gmem_addr_read_11' <Predicate = (!tmp)> <Delay = 7.30> <CoreInst = "m_axi">   --->   Core 121 'm_axi' <Latency = 0> <II = 1> <Delay = 1.00> <Adapter> <Opcode : 'read' 'write' 'readreq' 'writereq' 'writeresp'>
ST_13 : Operation 100 [1/1] (0.00ns)   --->   "%img_read_addr_10 = getelementptr i32 %img_read, i64 0, i64 %zext_ln40_9" [cnn.cpp:40]   --->   Operation 100 'getelementptr' 'img_read_addr_10' <Predicate = (!tmp)> <Delay = 0.00>
ST_13 : Operation 101 [1/1] (1.35ns)   --->   "%store_ln40 = store i32 %bitcast_ln40_10, i12 %img_read_addr_10" [cnn.cpp:40]   --->   Operation 101 'store' 'store_ln40' <Predicate = (!tmp)> <Delay = 1.35> <CoreInst = "RAM_2P_BRAM">   --->   Core 94 'RAM_2P_BRAM' <Latency = 1> <II = 1> <Delay = 1.35> <Storage> <Opcode : 'load' 'store'> <Ports = 2> <Width = 32> <Depth = 4096> <RAM>

State 14 <SV = 13> <Delay = 7.30>
ST_14 : Operation 102 [1/1] (0.00ns)   --->   "%or_ln40_10 = or i12 %empty_30, i12 11" [cnn.cpp:40]   --->   Operation 102 'or' 'or_ln40_10' <Predicate = (!tmp)> <Delay = 0.00>
ST_14 : Operation 103 [1/1] (0.00ns)   --->   "%zext_ln40_10 = zext i12 %or_ln40_10" [cnn.cpp:40]   --->   Operation 103 'zext' 'zext_ln40_10' <Predicate = (!tmp)> <Delay = 0.00>
ST_14 : Operation 104 [1/1] (0.00ns)   --->   "%bitcast_ln40_11 = bitcast i32 %gmem_addr_read_11" [cnn.cpp:40]   --->   Operation 104 'bitcast' 'bitcast_ln40_11' <Predicate = (!tmp)> <Delay = 0.00>
ST_14 : Operation 105 [1/1] (7.30ns)   --->   "%gmem_addr_read_12 = read i32 @_ssdm_op_Read.m_axi.p1i32, i64 %gmem_addr" [cnn.cpp:40]   --->   Operation 105 'read' 'gmem_addr_read_12' <Predicate = (!tmp)> <Delay = 7.30> <CoreInst = "m_axi">   --->   Core 121 'm_axi' <Latency = 0> <II = 1> <Delay = 1.00> <Adapter> <Opcode : 'read' 'write' 'readreq' 'writereq' 'writeresp'>
ST_14 : Operation 106 [1/1] (0.00ns)   --->   "%img_read_addr_11 = getelementptr i32 %img_read, i64 0, i64 %zext_ln40_10" [cnn.cpp:40]   --->   Operation 106 'getelementptr' 'img_read_addr_11' <Predicate = (!tmp)> <Delay = 0.00>
ST_14 : Operation 107 [1/1] (1.35ns)   --->   "%store_ln40 = store i32 %bitcast_ln40_11, i12 %img_read_addr_11" [cnn.cpp:40]   --->   Operation 107 'store' 'store_ln40' <Predicate = (!tmp)> <Delay = 1.35> <CoreInst = "RAM_2P_BRAM">   --->   Core 94 'RAM_2P_BRAM' <Latency = 1> <II = 1> <Delay = 1.35> <Storage> <Opcode : 'load' 'store'> <Ports = 2> <Width = 32> <Depth = 4096> <RAM>

State 15 <SV = 14> <Delay = 7.30>
ST_15 : Operation 108 [1/1] (0.00ns)   --->   "%or_ln40_11 = or i12 %empty_30, i12 12" [cnn.cpp:40]   --->   Operation 108 'or' 'or_ln40_11' <Predicate = (!tmp)> <Delay = 0.00>
ST_15 : Operation 109 [1/1] (0.00ns)   --->   "%zext_ln40_11 = zext i12 %or_ln40_11" [cnn.cpp:40]   --->   Operation 109 'zext' 'zext_ln40_11' <Predicate = (!tmp)> <Delay = 0.00>
ST_15 : Operation 110 [1/1] (0.00ns)   --->   "%bitcast_ln40_12 = bitcast i32 %gmem_addr_read_12" [cnn.cpp:40]   --->   Operation 110 'bitcast' 'bitcast_ln40_12' <Predicate = (!tmp)> <Delay = 0.00>
ST_15 : Operation 111 [1/1] (7.30ns)   --->   "%gmem_addr_read_13 = read i32 @_ssdm_op_Read.m_axi.p1i32, i64 %gmem_addr" [cnn.cpp:40]   --->   Operation 111 'read' 'gmem_addr_read_13' <Predicate = (!tmp)> <Delay = 7.30> <CoreInst = "m_axi">   --->   Core 121 'm_axi' <Latency = 0> <II = 1> <Delay = 1.00> <Adapter> <Opcode : 'read' 'write' 'readreq' 'writereq' 'writeresp'>
ST_15 : Operation 112 [1/1] (0.00ns)   --->   "%img_read_addr_12 = getelementptr i32 %img_read, i64 0, i64 %zext_ln40_11" [cnn.cpp:40]   --->   Operation 112 'getelementptr' 'img_read_addr_12' <Predicate = (!tmp)> <Delay = 0.00>
ST_15 : Operation 113 [1/1] (1.35ns)   --->   "%store_ln40 = store i32 %bitcast_ln40_12, i12 %img_read_addr_12" [cnn.cpp:40]   --->   Operation 113 'store' 'store_ln40' <Predicate = (!tmp)> <Delay = 1.35> <CoreInst = "RAM_2P_BRAM">   --->   Core 94 'RAM_2P_BRAM' <Latency = 1> <II = 1> <Delay = 1.35> <Storage> <Opcode : 'load' 'store'> <Ports = 2> <Width = 32> <Depth = 4096> <RAM>

State 16 <SV = 15> <Delay = 7.30>
ST_16 : Operation 114 [1/1] (0.00ns)   --->   "%or_ln40_12 = or i12 %empty_30, i12 13" [cnn.cpp:40]   --->   Operation 114 'or' 'or_ln40_12' <Predicate = (!tmp)> <Delay = 0.00>
ST_16 : Operation 115 [1/1] (0.00ns)   --->   "%zext_ln40_12 = zext i12 %or_ln40_12" [cnn.cpp:40]   --->   Operation 115 'zext' 'zext_ln40_12' <Predicate = (!tmp)> <Delay = 0.00>
ST_16 : Operation 116 [1/1] (0.00ns)   --->   "%bitcast_ln40_13 = bitcast i32 %gmem_addr_read_13" [cnn.cpp:40]   --->   Operation 116 'bitcast' 'bitcast_ln40_13' <Predicate = (!tmp)> <Delay = 0.00>
ST_16 : Operation 117 [1/1] (7.30ns)   --->   "%gmem_addr_read_14 = read i32 @_ssdm_op_Read.m_axi.p1i32, i64 %gmem_addr" [cnn.cpp:40]   --->   Operation 117 'read' 'gmem_addr_read_14' <Predicate = (!tmp)> <Delay = 7.30> <CoreInst = "m_axi">   --->   Core 121 'm_axi' <Latency = 0> <II = 1> <Delay = 1.00> <Adapter> <Opcode : 'read' 'write' 'readreq' 'writereq' 'writeresp'>
ST_16 : Operation 118 [1/1] (0.00ns)   --->   "%img_read_addr_13 = getelementptr i32 %img_read, i64 0, i64 %zext_ln40_12" [cnn.cpp:40]   --->   Operation 118 'getelementptr' 'img_read_addr_13' <Predicate = (!tmp)> <Delay = 0.00>
ST_16 : Operation 119 [1/1] (1.35ns)   --->   "%store_ln40 = store i32 %bitcast_ln40_13, i12 %img_read_addr_13" [cnn.cpp:40]   --->   Operation 119 'store' 'store_ln40' <Predicate = (!tmp)> <Delay = 1.35> <CoreInst = "RAM_2P_BRAM">   --->   Core 94 'RAM_2P_BRAM' <Latency = 1> <II = 1> <Delay = 1.35> <Storage> <Opcode : 'load' 'store'> <Ports = 2> <Width = 32> <Depth = 4096> <RAM>
ST_16 : Operation 120 [1/1] (0.97ns)   --->   "%add_ln38 = add i13 %i_1, i13 16" [cnn.cpp:38]   --->   Operation 120 'add' 'add_ln38' <Predicate = (!tmp)> <Delay = 0.97> <CoreInst = "Adder">   --->   Core 1 'Adder' <Latency = 0> <II = 1> <Delay = 0.97> <FuncUnit> <Opcode : 'add' 'sub'> <InPorts = 2> <OutPorts = 1>
ST_16 : Operation 121 [1/1] (0.48ns)   --->   "%store_ln38 = store i13 %add_ln38, i13 %i" [cnn.cpp:38]   --->   Operation 121 'store' 'store_ln38' <Predicate = (!tmp)> <Delay = 0.48>

State 17 <SV = 16> <Delay = 7.30>
ST_17 : Operation 122 [1/1] (0.00ns)   --->   "%or_ln40_13 = or i12 %empty_30, i12 14" [cnn.cpp:40]   --->   Operation 122 'or' 'or_ln40_13' <Predicate = true> <Delay = 0.00>
ST_17 : Operation 123 [1/1] (0.00ns)   --->   "%zext_ln40_13 = zext i12 %or_ln40_13" [cnn.cpp:40]   --->   Operation 123 'zext' 'zext_ln40_13' <Predicate = true> <Delay = 0.00>
ST_17 : Operation 124 [1/1] (0.00ns)   --->   "%bitcast_ln40_14 = bitcast i32 %gmem_addr_read_14" [cnn.cpp:40]   --->   Operation 124 'bitcast' 'bitcast_ln40_14' <Predicate = true> <Delay = 0.00>
ST_17 : Operation 125 [1/1] (7.30ns)   --->   "%gmem_addr_read_15 = read i32 @_ssdm_op_Read.m_axi.p1i32, i64 %gmem_addr" [cnn.cpp:40]   --->   Operation 125 'read' 'gmem_addr_read_15' <Predicate = true> <Delay = 7.30> <CoreInst = "m_axi">   --->   Core 121 'm_axi' <Latency = 0> <II = 1> <Delay = 1.00> <Adapter> <Opcode : 'read' 'write' 'readreq' 'writereq' 'writeresp'>
ST_17 : Operation 126 [1/1] (0.00ns)   --->   "%img_read_addr_14 = getelementptr i32 %img_read, i64 0, i64 %zext_ln40_13" [cnn.cpp:40]   --->   Operation 126 'getelementptr' 'img_read_addr_14' <Predicate = true> <Delay = 0.00>
ST_17 : Operation 127 [1/1] (1.35ns)   --->   "%store_ln40 = store i32 %bitcast_ln40_14, i12 %img_read_addr_14" [cnn.cpp:40]   --->   Operation 127 'store' 'store_ln40' <Predicate = true> <Delay = 1.35> <CoreInst = "RAM_2P_BRAM">   --->   Core 94 'RAM_2P_BRAM' <Latency = 1> <II = 1> <Delay = 1.35> <Storage> <Opcode : 'load' 'store'> <Ports = 2> <Width = 32> <Depth = 4096> <RAM>

State 18 <SV = 17> <Delay = 1.35>
ST_18 : Operation 128 [1/1] (0.00ns)   --->   "%specloopname_ln38 = specloopname void @_ssdm_op_SpecLoopName, void @empty_0" [cnn.cpp:38]   --->   Operation 128 'specloopname' 'specloopname_ln38' <Predicate = true> <Delay = 0.00>
ST_18 : Operation 129 [1/1] (0.00ns)   --->   "%or_ln40_14 = or i12 %empty_30, i12 15" [cnn.cpp:40]   --->   Operation 129 'or' 'or_ln40_14' <Predicate = true> <Delay = 0.00>
ST_18 : Operation 130 [1/1] (0.00ns)   --->   "%zext_ln40_14 = zext i12 %or_ln40_14" [cnn.cpp:40]   --->   Operation 130 'zext' 'zext_ln40_14' <Predicate = true> <Delay = 0.00>
ST_18 : Operation 131 [1/1] (0.00ns)   --->   "%bitcast_ln40_15 = bitcast i32 %gmem_addr_read_15" [cnn.cpp:40]   --->   Operation 131 'bitcast' 'bitcast_ln40_15' <Predicate = true> <Delay = 0.00>
ST_18 : Operation 132 [1/1] (0.00ns)   --->   "%img_read_addr_15 = getelementptr i32 %img_read, i64 0, i64 %zext_ln40_14" [cnn.cpp:40]   --->   Operation 132 'getelementptr' 'img_read_addr_15' <Predicate = true> <Delay = 0.00>
ST_18 : Operation 133 [1/1] (1.35ns)   --->   "%store_ln40 = store i32 %bitcast_ln40_15, i12 %img_read_addr_15" [cnn.cpp:40]   --->   Operation 133 'store' 'store_ln40' <Predicate = true> <Delay = 1.35> <CoreInst = "RAM_2P_BRAM">   --->   Core 94 'RAM_2P_BRAM' <Latency = 1> <II = 1> <Delay = 1.35> <Storage> <Opcode : 'load' 'store'> <Ports = 2> <Width = 32> <Depth = 4096> <RAM>
ST_18 : Operation 134 [1/1] (0.00ns)   --->   "%br_ln38 = br void %for.inc.i" [cnn.cpp:38]   --->   Operation 134 'br' 'br_ln38' <Predicate = true> <Delay = 0.00>


============================================================
+ Verbose Summary: Binding
============================================================
STG Binding: 
---------------- STG Properties BEGIN ----------------
- Is combinational: 0
- Is one-state seq: 0
- Is datapath-only: 0
- Is pipelined: 0
- Is top level: 0
Port [ Return ] is wired: 1; IO mode=ap_ctrl_hs:ce=0
Port [ gmem]:  wired=1; compound=1; hidden=0; nouse=0; global=0; static=0; extern=0; dir=0; type=4; pingpong=0; private_global=0; IO mode=m_axi:ce=0
Port [ sext_ln38]:  wired=1; compound=0; hidden=0; nouse=0; global=0; static=0; extern=0; dir=0; type=0; pingpong=0; private_global=0; IO mode=ap_none:ce=0
Port [ img_read]:  wired=1; compound=1; hidden=0; nouse=0; global=1; static=0; extern=0; dir=1; type=1; pingpong=0; private_global=0; MemPort=[30]; IO mode=ap_memory:ce=0
---------------- STG Properties END ------------------

---------------- Datapath Model BEGIN ----------------

<LifeTime>
<method=bitvector/>
i                 (alloca           ) [ 0111111111111111100]
sext_ln38_read    (read             ) [ 0000000000000000000]
sext_ln38_cast    (sext             ) [ 0000000000000000000]
specmemcore_ln0   (specmemcore      ) [ 0000000000000000000]
specinterface_ln0 (specinterface    ) [ 0000000000000000000]
store_ln0         (store            ) [ 0000000000000000000]
br_ln0            (br               ) [ 0000000000000000000]
i_1               (load             ) [ 0011111111111111100]
specbitsmap_ln0   (specbitsmap      ) [ 0000000000000000000]
gmem_addr         (getelementptr    ) [ 0111111111111111110]
specpipeline_ln0  (specpipeline     ) [ 0000000000000000000]
tmp               (bitselect        ) [ 0011111111111111100]
empty             (speclooptripcount) [ 0000000000000000000]
br_ln38           (br               ) [ 0000000000000000000]
gmem_addr_read    (read             ) [ 0001000000000000000]
i_cast9           (zext             ) [ 0000000000000000000]
bitcast_ln40      (bitcast          ) [ 0000000000000000000]
gmem_addr_read_1  (read             ) [ 0000100000000000000]
img_read_addr     (getelementptr    ) [ 0000000000000000000]
store_ln40        (store            ) [ 0000000000000000000]
empty_30          (trunc            ) [ 0110011111111111111]
or_ln40           (or               ) [ 0000000000000000000]
zext_ln40         (zext             ) [ 0000000000000000000]
bitcast_ln40_1    (bitcast          ) [ 0000000000000000000]
gmem_addr_read_2  (read             ) [ 0000010000000000000]
img_read_addr_1   (getelementptr    ) [ 0000000000000000000]
store_ln40        (store            ) [ 0000000000000000000]
or_ln40_1         (or               ) [ 0000000000000000000]
zext_ln40_1       (zext             ) [ 0000000000000000000]
bitcast_ln40_2    (bitcast          ) [ 0000000000000000000]
gmem_addr_read_3  (read             ) [ 0000001000000000000]
img_read_addr_2   (getelementptr    ) [ 0000000000000000000]
store_ln40        (store            ) [ 0000000000000000000]
or_ln40_2         (or               ) [ 0000000000000000000]
zext_ln40_2       (zext             ) [ 0000000000000000000]
bitcast_ln40_3    (bitcast          ) [ 0000000000000000000]
gmem_addr_read_4  (read             ) [ 0000000100000000000]
img_read_addr_3   (getelementptr    ) [ 0000000000000000000]
store_ln40        (store            ) [ 0000000000000000000]
or_ln40_3         (or               ) [ 0000000000000000000]
zext_ln40_3       (zext             ) [ 0000000000000000000]
bitcast_ln40_4    (bitcast          ) [ 0000000000000000000]
gmem_addr_read_5  (read             ) [ 0000000010000000000]
img_read_addr_4   (getelementptr    ) [ 0000000000000000000]
store_ln40        (store            ) [ 0000000000000000000]
or_ln40_4         (or               ) [ 0000000000000000000]
zext_ln40_4       (zext             ) [ 0000000000000000000]
bitcast_ln40_5    (bitcast          ) [ 0000000000000000000]
gmem_addr_read_6  (read             ) [ 0000000001000000000]
img_read_addr_5   (getelementptr    ) [ 0000000000000000000]
store_ln40        (store            ) [ 0000000000000000000]
or_ln40_5         (or               ) [ 0000000000000000000]
zext_ln40_5       (zext             ) [ 0000000000000000000]
bitcast_ln40_6    (bitcast          ) [ 0000000000000000000]
gmem_addr_read_7  (read             ) [ 0000000000100000000]
img_read_addr_6   (getelementptr    ) [ 0000000000000000000]
store_ln40        (store            ) [ 0000000000000000000]
or_ln40_6         (or               ) [ 0000000000000000000]
zext_ln40_6       (zext             ) [ 0000000000000000000]
bitcast_ln40_7    (bitcast          ) [ 0000000000000000000]
gmem_addr_read_8  (read             ) [ 0000000000010000000]
img_read_addr_7   (getelementptr    ) [ 0000000000000000000]
store_ln40        (store            ) [ 0000000000000000000]
or_ln40_7         (or               ) [ 0000000000000000000]
zext_ln40_7       (zext             ) [ 0000000000000000000]
bitcast_ln40_8    (bitcast          ) [ 0000000000000000000]
gmem_addr_read_9  (read             ) [ 0000000000001000000]
img_read_addr_8   (getelementptr    ) [ 0000000000000000000]
store_ln40        (store            ) [ 0000000000000000000]
or_ln40_8         (or               ) [ 0000000000000000000]
zext_ln40_8       (zext             ) [ 0000000000000000000]
bitcast_ln40_9    (bitcast          ) [ 0000000000000000000]
gmem_addr_read_10 (read             ) [ 0000000000000100000]
img_read_addr_9   (getelementptr    ) [ 0000000000000000000]
store_ln40        (store            ) [ 0000000000000000000]
or_ln40_9         (or               ) [ 0000000000000000000]
zext_ln40_9       (zext             ) [ 0000000000000000000]
bitcast_ln40_10   (bitcast          ) [ 0000000000000000000]
gmem_addr_read_11 (read             ) [ 0000000000000010000]
img_read_addr_10  (getelementptr    ) [ 0000000000000000000]
store_ln40        (store            ) [ 0000000000000000000]
or_ln40_10        (or               ) [ 0000000000000000000]
zext_ln40_10      (zext             ) [ 0000000000000000000]
bitcast_ln40_11   (bitcast          ) [ 0000000000000000000]
gmem_addr_read_12 (read             ) [ 0000000000000001000]
img_read_addr_11  (getelementptr    ) [ 0000000000000000000]
store_ln40        (store            ) [ 0000000000000000000]
or_ln40_11        (or               ) [ 0000000000000000000]
zext_ln40_11      (zext             ) [ 0000000000000000000]
bitcast_ln40_12   (bitcast          ) [ 0000000000000000000]
gmem_addr_read_13 (read             ) [ 0000000000000000100]
img_read_addr_12  (getelementptr    ) [ 0000000000000000000]
store_ln40        (store            ) [ 0000000000000000000]
or_ln40_12        (or               ) [ 0000000000000000000]
zext_ln40_12      (zext             ) [ 0000000000000000000]
bitcast_ln40_13   (bitcast          ) [ 0000000000000000000]
gmem_addr_read_14 (read             ) [ 0100000000000000010]
img_read_addr_13  (getelementptr    ) [ 0000000000000000000]
store_ln40        (store            ) [ 0000000000000000000]
add_ln38          (add              ) [ 0000000000000000000]
store_ln38        (store            ) [ 0000000000000000000]
or_ln40_13        (or               ) [ 0000000000000000000]
zext_ln40_13      (zext             ) [ 0000000000000000000]
bitcast_ln40_14   (bitcast          ) [ 0000000000000000000]
gmem_addr_read_15 (read             ) [ 0010000000000000001]
img_read_addr_14  (getelementptr    ) [ 0000000000000000000]
store_ln40        (store            ) [ 0000000000000000000]
specloopname_ln38 (specloopname     ) [ 0000000000000000000]
or_ln40_14        (or               ) [ 0000000000000000000]
zext_ln40_14      (zext             ) [ 0000000000000000000]
bitcast_ln40_15   (bitcast          ) [ 0000000000000000000]
img_read_addr_15  (getelementptr    ) [ 0000000000000000000]
store_ln40        (store            ) [ 0000000000000000000]
br_ln38           (br               ) [ 0000000000000000000]
ret_ln0           (ret              ) [ 0000000000000000000]
</LifeTime>

<model>

<comp_list>
<comp id="0" class="1000" name="gmem">
<pin_list>
<pin id="1" dir="1" index="0" bw="1" slack="0"/>
</pin_list>
<bind>
<StgValue><ssdm name="gmem"/></StgValue>
</bind>
</comp>

<comp id="2" class="1000" name="sext_ln38">
<pin_list>
<pin id="3" dir="1" index="0" bw="1" slack="0"/>
</pin_list>
<bind>
<StgValue><ssdm name="sext_ln38"/></StgValue>
</bind>
</comp>

<comp id="4" class="1000" name="img_read">
<pin_list>
<pin id="5" dir="1" index="0" bw="1" slack="0"/>
</pin_list>
<bind>
<StgValue><ssdm name="img_read"/><MemPortTyVec>3 0 </MemPortTyVec>
</StgValue>
</bind>
</comp>

<comp id="6" class="1001" name="const_6">
<pin_list>
<pin id="7" dir="1" index="0" bw="1" slack="0"/>
</pin_list>
<bind>
<StgValue><ssdm name=""/></StgValue>
</bind>
</comp>

<comp id="8" class="1001" name="const_8">
<pin_list>
<pin id="9" dir="1" index="0" bw="1" slack="0"/>
</pin_list>
<bind>
<StgValue><ssdm name="_ssdm_op_Read.ap_auto.i62"/></StgValue>
</bind>
</comp>

<comp id="10" class="1001" name="const_10">
<pin_list>
<pin id="11" dir="1" index="0" bw="1" slack="2147483647"/>
</pin_list>
<bind>
<StgValue><ssdm name="_ssdm_op_SpecMemCore"/></StgValue>
</bind>
</comp>

<comp id="12" class="1001" name="const_12">
<pin_list>
<pin id="13" dir="1" index="0" bw="1" slack="2147483647"/>
</pin_list>
<bind>
<StgValue><ssdm name=""/></StgValue>
</bind>
</comp>

<comp id="14" class="1001" name="const_14">
<pin_list>
<pin id="15" dir="1" index="0" bw="1" slack="2147483647"/>
</pin_list>
<bind>
<StgValue><ssdm name=""/></StgValue>
</bind>
</comp>

<comp id="16" class="1001" name="const_16">
<pin_list>
<pin id="17" dir="1" index="0" bw="1" slack="2147483647"/>
</pin_list>
<bind>
<StgValue><ssdm name=""/></StgValue>
</bind>
</comp>

<comp id="18" class="1001" name="const_18">
<pin_list>
<pin id="19" dir="1" index="0" bw="1" slack="2147483647"/>
</pin_list>
<bind>
<StgValue><ssdm name="_ssdm_op_SpecInterface"/></StgValue>
</bind>
</comp>

<comp id="20" class="1001" name="const_20">
<pin_list>
<pin id="21" dir="1" index="0" bw="1" slack="2147483647"/>
</pin_list>
<bind>
<StgValue><ssdm name="empty_14"/></StgValue>
</bind>
</comp>

<comp id="22" class="1001" name="const_22">
<pin_list>
<pin id="23" dir="1" index="0" bw="1" slack="2147483647"/>
</pin_list>
<bind>
<StgValue><ssdm name=""/></StgValue>
</bind>
</comp>

<comp id="24" class="1001" name="const_24">
<pin_list>
<pin id="25" dir="1" index="0" bw="1" slack="2147483647"/>
</pin_list>
<bind>
<StgValue><ssdm name="empty_8"/></StgValue>
</bind>
</comp>

<comp id="26" class="1001" name="const_26">
<pin_list>
<pin id="27" dir="1" index="0" bw="1" slack="2147483647"/>
</pin_list>
<bind>
<StgValue><ssdm name=""/></StgValue>
</bind>
</comp>

<comp id="28" class="1001" name="const_28">
<pin_list>
<pin id="29" dir="1" index="0" bw="1" slack="2147483647"/>
</pin_list>
<bind>
<StgValue><ssdm name="empty_15"/></StgValue>
</bind>
</comp>

<comp id="30" class="1001" name="const_30">
<pin_list>
<pin id="31" dir="1" index="0" bw="1" slack="2147483647"/>
</pin_list>
<bind>
<StgValue><ssdm name="empty_11"/></StgValue>
</bind>
</comp>

<comp id="32" class="1001" name="const_32">
<pin_list>
<pin id="33" dir="1" index="0" bw="1" slack="2147483647"/>
</pin_list>
<bind>
<StgValue><ssdm name=""/></StgValue>
</bind>
</comp>

<comp id="34" class="1001" name="const_34">
<pin_list>
<pin id="35" dir="1" index="0" bw="1" slack="2147483647"/>
</pin_list>
<bind>
<StgValue><ssdm name=""/></StgValue>
</bind>
</comp>

<comp id="36" class="1001" name="const_36">
<pin_list>
<pin id="37" dir="1" index="0" bw="1" slack="0"/>
</pin_list>
<bind>
<StgValue><ssdm name=""/></StgValue>
</bind>
</comp>

<comp id="38" class="1001" name="const_38">
<pin_list>
<pin id="39" dir="1" index="0" bw="1" slack="2147483647"/>
</pin_list>
<bind>
<StgValue><ssdm name="_ssdm_op_SpecBitsMap"/></StgValue>
</bind>
</comp>

<comp id="40" class="1001" name="const_40">
<pin_list>
<pin id="41" dir="1" index="0" bw="1" slack="2147483647"/>
</pin_list>
<bind>
<StgValue><ssdm name="_ssdm_op_SpecPipeline"/></StgValue>
</bind>
</comp>

<comp id="42" class="1001" name="const_42">
<pin_list>
<pin id="43" dir="1" index="0" bw="1" slack="2147483647"/>
</pin_list>
<bind>
<StgValue><ssdm name="p_str"/></StgValue>
</bind>
</comp>

<comp id="44" class="1001" name="const_44">
<pin_list>
<pin id="45" dir="1" index="0" bw="1" slack="0"/>
</pin_list>
<bind>
<StgValue><ssdm name="_ssdm_op_BitSelect.i1.i13.i32"/></StgValue>
</bind>
</comp>

<comp id="46" class="1001" name="const_46">
<pin_list>
<pin id="47" dir="1" index="0" bw="1" slack="0"/>
</pin_list>
<bind>
<StgValue><ssdm name=""/></StgValue>
</bind>
</comp>

<comp id="48" class="1001" name="const_48">
<pin_list>
<pin id="49" dir="1" index="0" bw="1" slack="2147483647"/>
</pin_list>
<bind>
<StgValue><ssdm name="_ssdm_op_SpecLoopTripCount"/></StgValue>
</bind>
</comp>

<comp id="50" class="1001" name="const_50">
<pin_list>
<pin id="51" dir="1" index="0" bw="1" slack="2147483647"/>
</pin_list>
<bind>
<StgValue><ssdm name=""/></StgValue>
</bind>
</comp>

<comp id="52" class="1001" name="const_52">
<pin_list>
<pin id="53" dir="1" index="0" bw="1" slack="0"/>
</pin_list>
<bind>
<StgValue><ssdm name="_ssdm_op_Read.m_axi.p1i32"/></StgValue>
</bind>
</comp>

<comp id="54" class="1001" name="const_54">
<pin_list>
<pin id="55" dir="1" index="0" bw="1" slack="0"/>
</pin_list>
<bind>
<StgValue><ssdm name=""/></StgValue>
</bind>
</comp>

<comp id="56" class="1001" name="const_56">
<pin_list>
<pin id="57" dir="1" index="0" bw="1" slack="0"/>
</pin_list>
<bind>
<StgValue><ssdm name=""/></StgValue>
</bind>
</comp>

<comp id="58" class="1001" name="const_58">
<pin_list>
<pin id="59" dir="1" index="0" bw="1" slack="0"/>
</pin_list>
<bind>
<StgValue><ssdm name=""/></StgValue>
</bind>
</comp>

<comp id="60" class="1001" name="const_60">
<pin_list>
<pin id="61" dir="1" index="0" bw="1" slack="0"/>
</pin_list>
<bind>
<StgValue><ssdm name=""/></StgValue>
</bind>
</comp>

<comp id="62" class="1001" name="const_62">
<pin_list>
<pin id="63" dir="1" index="0" bw="1" slack="0"/>
</pin_list>
<bind>
<StgValue><ssdm name=""/></StgValue>
</bind>
</comp>

<comp id="64" class="1001" name="const_64">
<pin_list>
<pin id="65" dir="1" index="0" bw="1" slack="0"/>
</pin_list>
<bind>
<StgValue><ssdm name=""/></StgValue>
</bind>
</comp>

<comp id="66" class="1001" name="const_66">
<pin_list>
<pin id="67" dir="1" index="0" bw="1" slack="0"/>
</pin_list>
<bind>
<StgValue><ssdm name=""/></StgValue>
</bind>
</comp>

<comp id="68" class="1001" name="const_68">
<pin_list>
<pin id="69" dir="1" index="0" bw="1" slack="0"/>
</pin_list>
<bind>
<StgValue><ssdm name=""/></StgValue>
</bind>
</comp>

<comp id="70" class="1001" name="const_70">
<pin_list>
<pin id="71" dir="1" index="0" bw="1" slack="0"/>
</pin_list>
<bind>
<StgValue><ssdm name=""/></StgValue>
</bind>
</comp>

<comp id="72" class="1001" name="const_72">
<pin_list>
<pin id="73" dir="1" index="0" bw="1" slack="0"/>
</pin_list>
<bind>
<StgValue><ssdm name=""/></StgValue>
</bind>
</comp>

<comp id="74" class="1001" name="const_74">
<pin_list>
<pin id="75" dir="1" index="0" bw="1" slack="0"/>
</pin_list>
<bind>
<StgValue><ssdm name=""/></StgValue>
</bind>
</comp>

<comp id="76" class="1001" name="const_76">
<pin_list>
<pin id="77" dir="1" index="0" bw="1" slack="0"/>
</pin_list>
<bind>
<StgValue><ssdm name=""/></StgValue>
</bind>
</comp>

<comp id="78" class="1001" name="const_78">
<pin_list>
<pin id="79" dir="1" index="0" bw="1" slack="0"/>
</pin_list>
<bind>
<StgValue><ssdm name=""/></StgValue>
</bind>
</comp>

<comp id="80" class="1001" name="const_80">
<pin_list>
<pin id="81" dir="1" index="0" bw="1" slack="0"/>
</pin_list>
<bind>
<StgValue><ssdm name=""/></StgValue>
</bind>
</comp>

<comp id="82" class="1001" name="const_82">
<pin_list>
<pin id="83" dir="1" index="0" bw="1" slack="0"/>
</pin_list>
<bind>
<StgValue><ssdm name=""/></StgValue>
</bind>
</comp>

<comp id="84" class="1001" name="const_84">
<pin_list>
<pin id="85" dir="1" index="0" bw="1" slack="0"/>
</pin_list>
<bind>
<StgValue><ssdm name=""/></StgValue>
</bind>
</comp>

<comp id="86" class="1001" name="const_86">
<pin_list>
<pin id="87" dir="1" index="0" bw="1" slack="2147483647"/>
</pin_list>
<bind>
<StgValue><ssdm name="_ssdm_op_SpecLoopName"/></StgValue>
</bind>
</comp>

<comp id="88" class="1001" name="const_88">
<pin_list>
<pin id="89" dir="1" index="0" bw="1" slack="2147483647"/>
</pin_list>
<bind>
<StgValue><ssdm name="empty_0"/></StgValue>
</bind>
</comp>

<comp id="90" class="1001" name="const_90">
<pin_list>
<pin id="91" dir="1" index="0" bw="1" slack="0"/>
</pin_list>
<bind>
<StgValue><ssdm name=""/></StgValue>
</bind>
</comp>

<comp id="92" class="1004" name="i_fu_92">
<pin_list>
<pin id="93" dir="0" index="0" bw="1" slack="0"/>
<pin id="94" dir="1" index="1" bw="13" slack="0"/>
</pin_list>
<bind>
<opcode="alloca(26) " fcode="alloca"/>
<opset="i/1 "/>
</bind>
</comp>

<comp id="96" class="1004" name="sext_ln38_read_read_fu_96">
<pin_list>
<pin id="97" dir="0" index="0" bw="62" slack="0"/>
<pin id="98" dir="0" index="1" bw="62" slack="0"/>
<pin id="99" dir="1" index="2" bw="62" slack="0"/>
</pin_list>
<bind>
<opcode="read(1150) " fcode="read"/>
<opset="sext_ln38_read/1 "/>
</bind>
</comp>

<comp id="102" class="1004" name="grp_read_fu_102">
<pin_list>
<pin id="103" dir="0" index="0" bw="32" slack="0"/>
<pin id="104" dir="0" index="1" bw="32" slack="1"/>
<pin id="105" dir="1" index="2" bw="32" slack="1"/>
</pin_list>
<bind>
<opcode="read(1150) " fcode="read"/>
<opset="gmem_addr_read/2 gmem_addr_read_1/3 gmem_addr_read_2/4 gmem_addr_read_3/5 gmem_addr_read_4/6 gmem_addr_read_5/7 gmem_addr_read_6/8 gmem_addr_read_7/9 gmem_addr_read_8/10 gmem_addr_read_9/11 gmem_addr_read_10/12 gmem_addr_read_11/13 gmem_addr_read_12/14 gmem_addr_read_13/15 gmem_addr_read_14/16 gmem_addr_read_15/17 "/>
</bind>
</comp>

<comp id="107" class="1004" name="img_read_addr_gep_fu_107">
<pin_list>
<pin id="108" dir="0" index="0" bw="32" slack="0"/>
<pin id="109" dir="0" index="1" bw="1" slack="0"/>
<pin id="110" dir="0" index="2" bw="13" slack="0"/>
<pin id="111" dir="1" index="3" bw="12" slack="0"/>
</pin_list>
<bind>
<opcode="getelementptr(29) " fcode="getelementptr"/>
<opset="img_read_addr/3 "/>
</bind>
</comp>

<comp id="114" class="1004" name="grp_access_fu_114">
<pin_list>
<pin id="115" dir="0" index="0" bw="12" slack="2147483647"/>
<pin id="116" dir="0" index="1" bw="32" slack="2147483647"/>
<pin id="117" dir="0" index="2" bw="0" slack="0"/>
<pin id="119" dir="0" index="4" bw="12" slack="0"/>
<pin id="120" dir="0" index="5" bw="32" slack="2147483647"/>
<pin id="121" dir="0" index="6" bw="0" slack="2147483647"/>
<pin id="118" dir="1" index="3" bw="32" slack="2147483647"/>
<pin id="122" dir="1" index="7" bw="32" slack="2147483647"/>
</pin_list>
<bind>
<opcode="store(28) " fcode="store"/>
<opset="store_ln40/3 store_ln40/4 store_ln40/5 store_ln40/6 store_ln40/7 store_ln40/8 store_ln40/9 store_ln40/10 store_ln40/11 store_ln40/12 store_ln40/13 store_ln40/14 store_ln40/15 store_ln40/16 store_ln40/17 store_ln40/18 "/>
</bind>
</comp>

<comp id="124" class="1004" name="img_read_addr_1_gep_fu_124">
<pin_list>
<pin id="125" dir="0" index="0" bw="32" slack="0"/>
<pin id="126" dir="0" index="1" bw="1" slack="0"/>
<pin id="127" dir="0" index="2" bw="12" slack="0"/>
<pin id="128" dir="1" index="3" bw="12" slack="0"/>
</pin_list>
<bind>
<opcode="getelementptr(29) " fcode="getelementptr"/>
<opset="img_read_addr_1/4 "/>
</bind>
</comp>

<comp id="132" class="1004" name="img_read_addr_2_gep_fu_132">
<pin_list>
<pin id="133" dir="0" index="0" bw="32" slack="0"/>
<pin id="134" dir="0" index="1" bw="1" slack="0"/>
<pin id="135" dir="0" index="2" bw="12" slack="0"/>
<pin id="136" dir="1" index="3" bw="12" slack="0"/>
</pin_list>
<bind>
<opcode="getelementptr(29) " fcode="getelementptr"/>
<opset="img_read_addr_2/5 "/>
</bind>
</comp>

<comp id="140" class="1004" name="img_read_addr_3_gep_fu_140">
<pin_list>
<pin id="141" dir="0" index="0" bw="32" slack="0"/>
<pin id="142" dir="0" index="1" bw="1" slack="0"/>
<pin id="143" dir="0" index="2" bw="12" slack="0"/>
<pin id="144" dir="1" index="3" bw="12" slack="0"/>
</pin_list>
<bind>
<opcode="getelementptr(29) " fcode="getelementptr"/>
<opset="img_read_addr_3/6 "/>
</bind>
</comp>

<comp id="148" class="1004" name="img_read_addr_4_gep_fu_148">
<pin_list>
<pin id="149" dir="0" index="0" bw="32" slack="0"/>
<pin id="150" dir="0" index="1" bw="1" slack="0"/>
<pin id="151" dir="0" index="2" bw="12" slack="0"/>
<pin id="152" dir="1" index="3" bw="12" slack="0"/>
</pin_list>
<bind>
<opcode="getelementptr(29) " fcode="getelementptr"/>
<opset="img_read_addr_4/7 "/>
</bind>
</comp>

<comp id="156" class="1004" name="img_read_addr_5_gep_fu_156">
<pin_list>
<pin id="157" dir="0" index="0" bw="32" slack="0"/>
<pin id="158" dir="0" index="1" bw="1" slack="0"/>
<pin id="159" dir="0" index="2" bw="12" slack="0"/>
<pin id="160" dir="1" index="3" bw="12" slack="0"/>
</pin_list>
<bind>
<opcode="getelementptr(29) " fcode="getelementptr"/>
<opset="img_read_addr_5/8 "/>
</bind>
</comp>

<comp id="164" class="1004" name="img_read_addr_6_gep_fu_164">
<pin_list>
<pin id="165" dir="0" index="0" bw="32" slack="0"/>
<pin id="166" dir="0" index="1" bw="1" slack="0"/>
<pin id="167" dir="0" index="2" bw="12" slack="0"/>
<pin id="168" dir="1" index="3" bw="12" slack="0"/>
</pin_list>
<bind>
<opcode="getelementptr(29) " fcode="getelementptr"/>
<opset="img_read_addr_6/9 "/>
</bind>
</comp>

<comp id="172" class="1004" name="img_read_addr_7_gep_fu_172">
<pin_list>
<pin id="173" dir="0" index="0" bw="32" slack="0"/>
<pin id="174" dir="0" index="1" bw="1" slack="0"/>
<pin id="175" dir="0" index="2" bw="12" slack="0"/>
<pin id="176" dir="1" index="3" bw="12" slack="0"/>
</pin_list>
<bind>
<opcode="getelementptr(29) " fcode="getelementptr"/>
<opset="img_read_addr_7/10 "/>
</bind>
</comp>

<comp id="180" class="1004" name="img_read_addr_8_gep_fu_180">
<pin_list>
<pin id="181" dir="0" index="0" bw="32" slack="0"/>
<pin id="182" dir="0" index="1" bw="1" slack="0"/>
<pin id="183" dir="0" index="2" bw="12" slack="0"/>
<pin id="184" dir="1" index="3" bw="12" slack="0"/>
</pin_list>
<bind>
<opcode="getelementptr(29) " fcode="getelementptr"/>
<opset="img_read_addr_8/11 "/>
</bind>
</comp>

<comp id="188" class="1004" name="img_read_addr_9_gep_fu_188">
<pin_list>
<pin id="189" dir="0" index="0" bw="32" slack="0"/>
<pin id="190" dir="0" index="1" bw="1" slack="0"/>
<pin id="191" dir="0" index="2" bw="12" slack="0"/>
<pin id="192" dir="1" index="3" bw="12" slack="0"/>
</pin_list>
<bind>
<opcode="getelementptr(29) " fcode="getelementptr"/>
<opset="img_read_addr_9/12 "/>
</bind>
</comp>

<comp id="196" class="1004" name="img_read_addr_10_gep_fu_196">
<pin_list>
<pin id="197" dir="0" index="0" bw="32" slack="0"/>
<pin id="198" dir="0" index="1" bw="1" slack="0"/>
<pin id="199" dir="0" index="2" bw="12" slack="0"/>
<pin id="200" dir="1" index="3" bw="12" slack="0"/>
</pin_list>
<bind>
<opcode="getelementptr(29) " fcode="getelementptr"/>
<opset="img_read_addr_10/13 "/>
</bind>
</comp>

<comp id="204" class="1004" name="img_read_addr_11_gep_fu_204">
<pin_list>
<pin id="205" dir="0" index="0" bw="32" slack="0"/>
<pin id="206" dir="0" index="1" bw="1" slack="0"/>
<pin id="207" dir="0" index="2" bw="12" slack="0"/>
<pin id="208" dir="1" index="3" bw="12" slack="0"/>
</pin_list>
<bind>
<opcode="getelementptr(29) " fcode="getelementptr"/>
<opset="img_read_addr_11/14 "/>
</bind>
</comp>

<comp id="212" class="1004" name="img_read_addr_12_gep_fu_212">
<pin_list>
<pin id="213" dir="0" index="0" bw="32" slack="0"/>
<pin id="214" dir="0" index="1" bw="1" slack="0"/>
<pin id="215" dir="0" index="2" bw="12" slack="0"/>
<pin id="216" dir="1" index="3" bw="12" slack="0"/>
</pin_list>
<bind>
<opcode="getelementptr(29) " fcode="getelementptr"/>
<opset="img_read_addr_12/15 "/>
</bind>
</comp>

<comp id="220" class="1004" name="img_read_addr_13_gep_fu_220">
<pin_list>
<pin id="221" dir="0" index="0" bw="32" slack="0"/>
<pin id="222" dir="0" index="1" bw="1" slack="0"/>
<pin id="223" dir="0" index="2" bw="12" slack="0"/>
<pin id="224" dir="1" index="3" bw="12" slack="0"/>
</pin_list>
<bind>
<opcode="getelementptr(29) " fcode="getelementptr"/>
<opset="img_read_addr_13/16 "/>
</bind>
</comp>

<comp id="228" class="1004" name="img_read_addr_14_gep_fu_228">
<pin_list>
<pin id="229" dir="0" index="0" bw="32" slack="0"/>
<pin id="230" dir="0" index="1" bw="1" slack="0"/>
<pin id="231" dir="0" index="2" bw="12" slack="0"/>
<pin id="232" dir="1" index="3" bw="12" slack="0"/>
</pin_list>
<bind>
<opcode="getelementptr(29) " fcode="getelementptr"/>
<opset="img_read_addr_14/17 "/>
</bind>
</comp>

<comp id="236" class="1004" name="img_read_addr_15_gep_fu_236">
<pin_list>
<pin id="237" dir="0" index="0" bw="32" slack="0"/>
<pin id="238" dir="0" index="1" bw="1" slack="0"/>
<pin id="239" dir="0" index="2" bw="12" slack="0"/>
<pin id="240" dir="1" index="3" bw="12" slack="0"/>
</pin_list>
<bind>
<opcode="getelementptr(29) " fcode="getelementptr"/>
<opset="img_read_addr_15/18 "/>
</bind>
</comp>

<comp id="244" class="1005" name="reg_244">
<pin_list>
<pin id="245" dir="0" index="0" bw="32" slack="1"/>
<pin id="246" dir="1" index="1" bw="32" slack="1"/>
</pin_list>
<bind>
<opset="gmem_addr_read gmem_addr_read_1 gmem_addr_read_2 gmem_addr_read_3 gmem_addr_read_4 gmem_addr_read_5 gmem_addr_read_6 gmem_addr_read_7 gmem_addr_read_8 gmem_addr_read_9 gmem_addr_read_10 gmem_addr_read_11 gmem_addr_read_12 gmem_addr_read_13 gmem_addr_read_14 gmem_addr_read_15 "/>
</bind>
</comp>

<comp id="248" class="1004" name="sext_ln38_cast_fu_248">
<pin_list>
<pin id="249" dir="0" index="0" bw="62" slack="0"/>
<pin id="250" dir="1" index="1" bw="64" slack="0"/>
</pin_list>
<bind>
<opcode="sext(35) " fcode="sext"/>
<opset="sext_ln38_cast/1 "/>
</bind>
</comp>

<comp id="252" class="1004" name="store_ln0_store_fu_252">
<pin_list>
<pin id="253" dir="0" index="0" bw="1" slack="0"/>
<pin id="254" dir="0" index="1" bw="13" slack="0"/>
<pin id="255" dir="1" index="2" bw="0" slack="2147483647"/>
</pin_list>
<bind>
<opcode="store(28) " fcode="store"/>
<opset="store_ln0/1 "/>
</bind>
</comp>

<comp id="257" class="1004" name="i_1_load_fu_257">
<pin_list>
<pin id="258" dir="0" index="0" bw="13" slack="0"/>
<pin id="259" dir="1" index="1" bw="13" slack="0"/>
</pin_list>
<bind>
<opcode="load(27) " fcode="load"/>
<opset="i_1/1 "/>
</bind>
</comp>

<comp id="260" class="1004" name="gmem_addr_fu_260">
<pin_list>
<pin id="261" dir="0" index="0" bw="64" slack="0"/>
<pin id="262" dir="0" index="1" bw="64" slack="0"/>
<pin id="263" dir="1" index="2" bw="64" slack="1"/>
</pin_list>
<bind>
<opcode="getelementptr(29) " fcode="getelementptr"/>
<opset="gmem_addr/1 "/>
</bind>
</comp>

<comp id="266" class="1004" name="tmp_fu_266">
<pin_list>
<pin id="267" dir="0" index="0" bw="1" slack="0"/>
<pin id="268" dir="0" index="1" bw="13" slack="0"/>
<pin id="269" dir="0" index="2" bw="5" slack="0"/>
<pin id="270" dir="1" index="3" bw="1" slack="1"/>
</pin_list>
<bind>
<opcode="bitselect(1000) " fcode="bitselect"/>
<opset="tmp/1 "/>
</bind>
</comp>

<comp id="274" class="1004" name="i_cast9_fu_274">
<pin_list>
<pin id="275" dir="0" index="0" bw="13" slack="2"/>
<pin id="276" dir="1" index="1" bw="64" slack="0"/>
</pin_list>
<bind>
<opcode="zext(34) " fcode="zext"/>
<opset="i_cast9/3 "/>
</bind>
</comp>

<comp id="278" class="1004" name="bitcast_ln40_fu_278">
<pin_list>
<pin id="279" dir="0" index="0" bw="32" slack="1"/>
<pin id="280" dir="1" index="1" bw="32" slack="0"/>
</pin_list>
<bind>
<opcode="bitcast(44) " fcode="bitcast"/>
<opset="bitcast_ln40/3 "/>
</bind>
</comp>

<comp id="283" class="1004" name="empty_30_fu_283">
<pin_list>
<pin id="284" dir="0" index="0" bw="13" slack="3"/>
<pin id="285" dir="1" index="1" bw="12" slack="0"/>
</pin_list>
<bind>
<opcode="trunc(33) " fcode="trunc"/>
<opset="empty_30/4 "/>
</bind>
</comp>

<comp id="286" class="1004" name="or_ln40_fu_286">
<pin_list>
<pin id="287" dir="0" index="0" bw="12" slack="0"/>
<pin id="288" dir="0" index="1" bw="12" slack="0"/>
<pin id="289" dir="1" index="2" bw="12" slack="0"/>
</pin_list>
<bind>
<opcode="or(24) " fcode="or"/>
<opset="or_ln40/4 "/>
</bind>
</comp>

<comp id="292" class="1004" name="zext_ln40_fu_292">
<pin_list>
<pin id="293" dir="0" index="0" bw="12" slack="0"/>
<pin id="294" dir="1" index="1" bw="64" slack="0"/>
</pin_list>
<bind>
<opcode="zext(34) " fcode="zext"/>
<opset="zext_ln40/4 "/>
</bind>
</comp>

<comp id="297" class="1004" name="bitcast_ln40_1_fu_297">
<pin_list>
<pin id="298" dir="0" index="0" bw="32" slack="1"/>
<pin id="299" dir="1" index="1" bw="32" slack="0"/>
</pin_list>
<bind>
<opcode="bitcast(44) " fcode="bitcast"/>
<opset="bitcast_ln40_1/4 "/>
</bind>
</comp>

<comp id="302" class="1004" name="or_ln40_1_fu_302">
<pin_list>
<pin id="303" dir="0" index="0" bw="12" slack="1"/>
<pin id="304" dir="0" index="1" bw="12" slack="0"/>
<pin id="305" dir="1" index="2" bw="12" slack="0"/>
</pin_list>
<bind>
<opcode="or(24) " fcode="or"/>
<opset="or_ln40_1/5 "/>
</bind>
</comp>

<comp id="307" class="1004" name="zext_ln40_1_fu_307">
<pin_list>
<pin id="308" dir="0" index="0" bw="12" slack="0"/>
<pin id="309" dir="1" index="1" bw="64" slack="0"/>
</pin_list>
<bind>
<opcode="zext(34) " fcode="zext"/>
<opset="zext_ln40_1/5 "/>
</bind>
</comp>

<comp id="312" class="1004" name="bitcast_ln40_2_fu_312">
<pin_list>
<pin id="313" dir="0" index="0" bw="32" slack="1"/>
<pin id="314" dir="1" index="1" bw="32" slack="0"/>
</pin_list>
<bind>
<opcode="bitcast(44) " fcode="bitcast"/>
<opset="bitcast_ln40_2/5 "/>
</bind>
</comp>

<comp id="317" class="1004" name="or_ln40_2_fu_317">
<pin_list>
<pin id="318" dir="0" index="0" bw="12" slack="2"/>
<pin id="319" dir="0" index="1" bw="12" slack="0"/>
<pin id="320" dir="1" index="2" bw="12" slack="0"/>
</pin_list>
<bind>
<opcode="or(24) " fcode="or"/>
<opset="or_ln40_2/6 "/>
</bind>
</comp>

<comp id="322" class="1004" name="zext_ln40_2_fu_322">
<pin_list>
<pin id="323" dir="0" index="0" bw="12" slack="0"/>
<pin id="324" dir="1" index="1" bw="64" slack="0"/>
</pin_list>
<bind>
<opcode="zext(34) " fcode="zext"/>
<opset="zext_ln40_2/6 "/>
</bind>
</comp>

<comp id="327" class="1004" name="bitcast_ln40_3_fu_327">
<pin_list>
<pin id="328" dir="0" index="0" bw="32" slack="1"/>
<pin id="329" dir="1" index="1" bw="32" slack="0"/>
</pin_list>
<bind>
<opcode="bitcast(44) " fcode="bitcast"/>
<opset="bitcast_ln40_3/6 "/>
</bind>
</comp>

<comp id="332" class="1004" name="or_ln40_3_fu_332">
<pin_list>
<pin id="333" dir="0" index="0" bw="12" slack="3"/>
<pin id="334" dir="0" index="1" bw="12" slack="0"/>
<pin id="335" dir="1" index="2" bw="12" slack="0"/>
</pin_list>
<bind>
<opcode="or(24) " fcode="or"/>
<opset="or_ln40_3/7 "/>
</bind>
</comp>

<comp id="337" class="1004" name="zext_ln40_3_fu_337">
<pin_list>
<pin id="338" dir="0" index="0" bw="12" slack="0"/>
<pin id="339" dir="1" index="1" bw="64" slack="0"/>
</pin_list>
<bind>
<opcode="zext(34) " fcode="zext"/>
<opset="zext_ln40_3/7 "/>
</bind>
</comp>

<comp id="342" class="1004" name="bitcast_ln40_4_fu_342">
<pin_list>
<pin id="343" dir="0" index="0" bw="32" slack="1"/>
<pin id="344" dir="1" index="1" bw="32" slack="0"/>
</pin_list>
<bind>
<opcode="bitcast(44) " fcode="bitcast"/>
<opset="bitcast_ln40_4/7 "/>
</bind>
</comp>

<comp id="347" class="1004" name="or_ln40_4_fu_347">
<pin_list>
<pin id="348" dir="0" index="0" bw="12" slack="4"/>
<pin id="349" dir="0" index="1" bw="12" slack="0"/>
<pin id="350" dir="1" index="2" bw="12" slack="0"/>
</pin_list>
<bind>
<opcode="or(24) " fcode="or"/>
<opset="or_ln40_4/8 "/>
</bind>
</comp>

<comp id="352" class="1004" name="zext_ln40_4_fu_352">
<pin_list>
<pin id="353" dir="0" index="0" bw="12" slack="0"/>
<pin id="354" dir="1" index="1" bw="64" slack="0"/>
</pin_list>
<bind>
<opcode="zext(34) " fcode="zext"/>
<opset="zext_ln40_4/8 "/>
</bind>
</comp>

<comp id="357" class="1004" name="bitcast_ln40_5_fu_357">
<pin_list>
<pin id="358" dir="0" index="0" bw="32" slack="1"/>
<pin id="359" dir="1" index="1" bw="32" slack="0"/>
</pin_list>
<bind>
<opcode="bitcast(44) " fcode="bitcast"/>
<opset="bitcast_ln40_5/8 "/>
</bind>
</comp>

<comp id="362" class="1004" name="or_ln40_5_fu_362">
<pin_list>
<pin id="363" dir="0" index="0" bw="12" slack="5"/>
<pin id="364" dir="0" index="1" bw="12" slack="0"/>
<pin id="365" dir="1" index="2" bw="12" slack="0"/>
</pin_list>
<bind>
<opcode="or(24) " fcode="or"/>
<opset="or_ln40_5/9 "/>
</bind>
</comp>

<comp id="367" class="1004" name="zext_ln40_5_fu_367">
<pin_list>
<pin id="368" dir="0" index="0" bw="12" slack="0"/>
<pin id="369" dir="1" index="1" bw="64" slack="0"/>
</pin_list>
<bind>
<opcode="zext(34) " fcode="zext"/>
<opset="zext_ln40_5/9 "/>
</bind>
</comp>

<comp id="372" class="1004" name="bitcast_ln40_6_fu_372">
<pin_list>
<pin id="373" dir="0" index="0" bw="32" slack="1"/>
<pin id="374" dir="1" index="1" bw="32" slack="0"/>
</pin_list>
<bind>
<opcode="bitcast(44) " fcode="bitcast"/>
<opset="bitcast_ln40_6/9 "/>
</bind>
</comp>

<comp id="377" class="1004" name="or_ln40_6_fu_377">
<pin_list>
<pin id="378" dir="0" index="0" bw="12" slack="6"/>
<pin id="379" dir="0" index="1" bw="12" slack="0"/>
<pin id="380" dir="1" index="2" bw="12" slack="0"/>
</pin_list>
<bind>
<opcode="or(24) " fcode="or"/>
<opset="or_ln40_6/10 "/>
</bind>
</comp>

<comp id="382" class="1004" name="zext_ln40_6_fu_382">
<pin_list>
<pin id="383" dir="0" index="0" bw="12" slack="0"/>
<pin id="384" dir="1" index="1" bw="64" slack="0"/>
</pin_list>
<bind>
<opcode="zext(34) " fcode="zext"/>
<opset="zext_ln40_6/10 "/>
</bind>
</comp>

<comp id="387" class="1004" name="bitcast_ln40_7_fu_387">
<pin_list>
<pin id="388" dir="0" index="0" bw="32" slack="1"/>
<pin id="389" dir="1" index="1" bw="32" slack="0"/>
</pin_list>
<bind>
<opcode="bitcast(44) " fcode="bitcast"/>
<opset="bitcast_ln40_7/10 "/>
</bind>
</comp>

<comp id="392" class="1004" name="or_ln40_7_fu_392">
<pin_list>
<pin id="393" dir="0" index="0" bw="12" slack="7"/>
<pin id="394" dir="0" index="1" bw="12" slack="0"/>
<pin id="395" dir="1" index="2" bw="12" slack="0"/>
</pin_list>
<bind>
<opcode="or(24) " fcode="or"/>
<opset="or_ln40_7/11 "/>
</bind>
</comp>

<comp id="397" class="1004" name="zext_ln40_7_fu_397">
<pin_list>
<pin id="398" dir="0" index="0" bw="12" slack="0"/>
<pin id="399" dir="1" index="1" bw="64" slack="0"/>
</pin_list>
<bind>
<opcode="zext(34) " fcode="zext"/>
<opset="zext_ln40_7/11 "/>
</bind>
</comp>

<comp id="402" class="1004" name="bitcast_ln40_8_fu_402">
<pin_list>
<pin id="403" dir="0" index="0" bw="32" slack="1"/>
<pin id="404" dir="1" index="1" bw="32" slack="0"/>
</pin_list>
<bind>
<opcode="bitcast(44) " fcode="bitcast"/>
<opset="bitcast_ln40_8/11 "/>
</bind>
</comp>

<comp id="407" class="1004" name="or_ln40_8_fu_407">
<pin_list>
<pin id="408" dir="0" index="0" bw="12" slack="8"/>
<pin id="409" dir="0" index="1" bw="12" slack="0"/>
<pin id="410" dir="1" index="2" bw="12" slack="0"/>
</pin_list>
<bind>
<opcode="or(24) " fcode="or"/>
<opset="or_ln40_8/12 "/>
</bind>
</comp>

<comp id="412" class="1004" name="zext_ln40_8_fu_412">
<pin_list>
<pin id="413" dir="0" index="0" bw="12" slack="0"/>
<pin id="414" dir="1" index="1" bw="64" slack="0"/>
</pin_list>
<bind>
<opcode="zext(34) " fcode="zext"/>
<opset="zext_ln40_8/12 "/>
</bind>
</comp>

<comp id="417" class="1004" name="bitcast_ln40_9_fu_417">
<pin_list>
<pin id="418" dir="0" index="0" bw="32" slack="1"/>
<pin id="419" dir="1" index="1" bw="32" slack="0"/>
</pin_list>
<bind>
<opcode="bitcast(44) " fcode="bitcast"/>
<opset="bitcast_ln40_9/12 "/>
</bind>
</comp>

<comp id="422" class="1004" name="or_ln40_9_fu_422">
<pin_list>
<pin id="423" dir="0" index="0" bw="12" slack="9"/>
<pin id="424" dir="0" index="1" bw="12" slack="0"/>
<pin id="425" dir="1" index="2" bw="12" slack="0"/>
</pin_list>
<bind>
<opcode="or(24) " fcode="or"/>
<opset="or_ln40_9/13 "/>
</bind>
</comp>

<comp id="427" class="1004" name="zext_ln40_9_fu_427">
<pin_list>
<pin id="428" dir="0" index="0" bw="12" slack="0"/>
<pin id="429" dir="1" index="1" bw="64" slack="0"/>
</pin_list>
<bind>
<opcode="zext(34) " fcode="zext"/>
<opset="zext_ln40_9/13 "/>
</bind>
</comp>

<comp id="432" class="1004" name="bitcast_ln40_10_fu_432">
<pin_list>
<pin id="433" dir="0" index="0" bw="32" slack="1"/>
<pin id="434" dir="1" index="1" bw="32" slack="0"/>
</pin_list>
<bind>
<opcode="bitcast(44) " fcode="bitcast"/>
<opset="bitcast_ln40_10/13 "/>
</bind>
</comp>

<comp id="437" class="1004" name="or_ln40_10_fu_437">
<pin_list>
<pin id="438" dir="0" index="0" bw="12" slack="10"/>
<pin id="439" dir="0" index="1" bw="12" slack="0"/>
<pin id="440" dir="1" index="2" bw="12" slack="0"/>
</pin_list>
<bind>
<opcode="or(24) " fcode="or"/>
<opset="or_ln40_10/14 "/>
</bind>
</comp>

<comp id="442" class="1004" name="zext_ln40_10_fu_442">
<pin_list>
<pin id="443" dir="0" index="0" bw="12" slack="0"/>
<pin id="444" dir="1" index="1" bw="64" slack="0"/>
</pin_list>
<bind>
<opcode="zext(34) " fcode="zext"/>
<opset="zext_ln40_10/14 "/>
</bind>
</comp>

<comp id="447" class="1004" name="bitcast_ln40_11_fu_447">
<pin_list>
<pin id="448" dir="0" index="0" bw="32" slack="1"/>
<pin id="449" dir="1" index="1" bw="32" slack="0"/>
</pin_list>
<bind>
<opcode="bitcast(44) " fcode="bitcast"/>
<opset="bitcast_ln40_11/14 "/>
</bind>
</comp>

<comp id="452" class="1004" name="or_ln40_11_fu_452">
<pin_list>
<pin id="453" dir="0" index="0" bw="12" slack="11"/>
<pin id="454" dir="0" index="1" bw="12" slack="0"/>
<pin id="455" dir="1" index="2" bw="12" slack="0"/>
</pin_list>
<bind>
<opcode="or(24) " fcode="or"/>
<opset="or_ln40_11/15 "/>
</bind>
</comp>

<comp id="457" class="1004" name="zext_ln40_11_fu_457">
<pin_list>
<pin id="458" dir="0" index="0" bw="12" slack="0"/>
<pin id="459" dir="1" index="1" bw="64" slack="0"/>
</pin_list>
<bind>
<opcode="zext(34) " fcode="zext"/>
<opset="zext_ln40_11/15 "/>
</bind>
</comp>

<comp id="462" class="1004" name="bitcast_ln40_12_fu_462">
<pin_list>
<pin id="463" dir="0" index="0" bw="32" slack="1"/>
<pin id="464" dir="1" index="1" bw="32" slack="0"/>
</pin_list>
<bind>
<opcode="bitcast(44) " fcode="bitcast"/>
<opset="bitcast_ln40_12/15 "/>
</bind>
</comp>

<comp id="467" class="1004" name="or_ln40_12_fu_467">
<pin_list>
<pin id="468" dir="0" index="0" bw="12" slack="12"/>
<pin id="469" dir="0" index="1" bw="12" slack="0"/>
<pin id="470" dir="1" index="2" bw="12" slack="0"/>
</pin_list>
<bind>
<opcode="or(24) " fcode="or"/>
<opset="or_ln40_12/16 "/>
</bind>
</comp>

<comp id="472" class="1004" name="zext_ln40_12_fu_472">
<pin_list>
<pin id="473" dir="0" index="0" bw="12" slack="0"/>
<pin id="474" dir="1" index="1" bw="64" slack="0"/>
</pin_list>
<bind>
<opcode="zext(34) " fcode="zext"/>
<opset="zext_ln40_12/16 "/>
</bind>
</comp>

<comp id="477" class="1004" name="bitcast_ln40_13_fu_477">
<pin_list>
<pin id="478" dir="0" index="0" bw="32" slack="1"/>
<pin id="479" dir="1" index="1" bw="32" slack="0"/>
</pin_list>
<bind>
<opcode="bitcast(44) " fcode="bitcast"/>
<opset="bitcast_ln40_13/16 "/>
</bind>
</comp>

<comp id="482" class="1004" name="add_ln38_fu_482">
<pin_list>
<pin id="483" dir="0" index="0" bw="13" slack="15"/>
<pin id="484" dir="0" index="1" bw="6" slack="0"/>
<pin id="485" dir="1" index="2" bw="13" slack="0"/>
</pin_list>
<bind>
<opcode="add(8) " fcode="add"/>
<opset="add_ln38/16 "/>
</bind>
</comp>

<comp id="487" class="1004" name="store_ln38_store_fu_487">
<pin_list>
<pin id="488" dir="0" index="0" bw="13" slack="0"/>
<pin id="489" dir="0" index="1" bw="13" slack="15"/>
<pin id="490" dir="1" index="2" bw="0" slack="2147483647"/>
</pin_list>
<bind>
<opcode="store(28) " fcode="store"/>
<opset="store_ln38/16 "/>
</bind>
</comp>

<comp id="492" class="1004" name="or_ln40_13_fu_492">
<pin_list>
<pin id="493" dir="0" index="0" bw="12" slack="13"/>
<pin id="494" dir="0" index="1" bw="12" slack="0"/>
<pin id="495" dir="1" index="2" bw="12" slack="0"/>
</pin_list>
<bind>
<opcode="or(24) " fcode="or"/>
<opset="or_ln40_13/17 "/>
</bind>
</comp>

<comp id="497" class="1004" name="zext_ln40_13_fu_497">
<pin_list>
<pin id="498" dir="0" index="0" bw="12" slack="0"/>
<pin id="499" dir="1" index="1" bw="64" slack="0"/>
</pin_list>
<bind>
<opcode="zext(34) " fcode="zext"/>
<opset="zext_ln40_13/17 "/>
</bind>
</comp>

<comp id="502" class="1004" name="bitcast_ln40_14_fu_502">
<pin_list>
<pin id="503" dir="0" index="0" bw="32" slack="1"/>
<pin id="504" dir="1" index="1" bw="32" slack="0"/>
</pin_list>
<bind>
<opcode="bitcast(44) " fcode="bitcast"/>
<opset="bitcast_ln40_14/17 "/>
</bind>
</comp>

<comp id="507" class="1004" name="or_ln40_14_fu_507">
<pin_list>
<pin id="508" dir="0" index="0" bw="12" slack="14"/>
<pin id="509" dir="0" index="1" bw="12" slack="0"/>
<pin id="510" dir="1" index="2" bw="12" slack="0"/>
</pin_list>
<bind>
<opcode="or(24) " fcode="or"/>
<opset="or_ln40_14/18 "/>
</bind>
</comp>

<comp id="512" class="1004" name="zext_ln40_14_fu_512">
<pin_list>
<pin id="513" dir="0" index="0" bw="12" slack="0"/>
<pin id="514" dir="1" index="1" bw="64" slack="0"/>
</pin_list>
<bind>
<opcode="zext(34) " fcode="zext"/>
<opset="zext_ln40_14/18 "/>
</bind>
</comp>

<comp id="517" class="1004" name="bitcast_ln40_15_fu_517">
<pin_list>
<pin id="518" dir="0" index="0" bw="32" slack="1"/>
<pin id="519" dir="1" index="1" bw="32" slack="0"/>
</pin_list>
<bind>
<opcode="bitcast(44) " fcode="bitcast"/>
<opset="bitcast_ln40_15/18 "/>
</bind>
</comp>

<comp id="522" class="1005" name="i_reg_522">
<pin_list>
<pin id="523" dir="0" index="0" bw="13" slack="0"/>
<pin id="524" dir="1" index="1" bw="13" slack="0"/>
</pin_list>
<bind>
<opset="i "/>
</bind>
</comp>

<comp id="529" class="1005" name="i_1_reg_529">
<pin_list>
<pin id="530" dir="0" index="0" bw="13" slack="2"/>
<pin id="531" dir="1" index="1" bw="13" slack="2"/>
</pin_list>
<bind>
<opset="i_1 "/>
</bind>
</comp>

<comp id="536" class="1005" name="gmem_addr_reg_536">
<pin_list>
<pin id="537" dir="0" index="0" bw="32" slack="1"/>
<pin id="538" dir="1" index="1" bw="32" slack="1"/>
</pin_list>
<bind>
<opset="gmem_addr "/>
</bind>
</comp>

<comp id="541" class="1005" name="tmp_reg_541">
<pin_list>
<pin id="542" dir="0" index="0" bw="1" slack="1"/>
<pin id="543" dir="1" index="1" bw="1" slack="2147483647"/>
</pin_list>
<bind>
<opset="tmp "/>
</bind>
</comp>

<comp id="545" class="1005" name="empty_30_reg_545">
<pin_list>
<pin id="546" dir="0" index="0" bw="12" slack="1"/>
<pin id="547" dir="1" index="1" bw="12" slack="1"/>
</pin_list>
<bind>
<opset="empty_30 "/>
</bind>
</comp>

</comp_list>

<net_list>
<net id="95"><net_src comp="6" pin="0"/><net_sink comp="92" pin=0"/></net>

<net id="100"><net_src comp="8" pin="0"/><net_sink comp="96" pin=0"/></net>

<net id="101"><net_src comp="2" pin="0"/><net_sink comp="96" pin=1"/></net>

<net id="106"><net_src comp="52" pin="0"/><net_sink comp="102" pin=0"/></net>

<net id="112"><net_src comp="4" pin="0"/><net_sink comp="107" pin=0"/></net>

<net id="113"><net_src comp="54" pin="0"/><net_sink comp="107" pin=1"/></net>

<net id="123"><net_src comp="107" pin="3"/><net_sink comp="114" pin=2"/></net>

<net id="129"><net_src comp="4" pin="0"/><net_sink comp="124" pin=0"/></net>

<net id="130"><net_src comp="54" pin="0"/><net_sink comp="124" pin=1"/></net>

<net id="131"><net_src comp="124" pin="3"/><net_sink comp="114" pin=2"/></net>

<net id="137"><net_src comp="4" pin="0"/><net_sink comp="132" pin=0"/></net>

<net id="138"><net_src comp="54" pin="0"/><net_sink comp="132" pin=1"/></net>

<net id="139"><net_src comp="132" pin="3"/><net_sink comp="114" pin=2"/></net>

<net id="145"><net_src comp="4" pin="0"/><net_sink comp="140" pin=0"/></net>

<net id="146"><net_src comp="54" pin="0"/><net_sink comp="140" pin=1"/></net>

<net id="147"><net_src comp="140" pin="3"/><net_sink comp="114" pin=2"/></net>

<net id="153"><net_src comp="4" pin="0"/><net_sink comp="148" pin=0"/></net>

<net id="154"><net_src comp="54" pin="0"/><net_sink comp="148" pin=1"/></net>

<net id="155"><net_src comp="148" pin="3"/><net_sink comp="114" pin=2"/></net>

<net id="161"><net_src comp="4" pin="0"/><net_sink comp="156" pin=0"/></net>

<net id="162"><net_src comp="54" pin="0"/><net_sink comp="156" pin=1"/></net>

<net id="163"><net_src comp="156" pin="3"/><net_sink comp="114" pin=2"/></net>

<net id="169"><net_src comp="4" pin="0"/><net_sink comp="164" pin=0"/></net>

<net id="170"><net_src comp="54" pin="0"/><net_sink comp="164" pin=1"/></net>

<net id="171"><net_src comp="164" pin="3"/><net_sink comp="114" pin=2"/></net>

<net id="177"><net_src comp="4" pin="0"/><net_sink comp="172" pin=0"/></net>

<net id="178"><net_src comp="54" pin="0"/><net_sink comp="172" pin=1"/></net>

<net id="179"><net_src comp="172" pin="3"/><net_sink comp="114" pin=2"/></net>

<net id="185"><net_src comp="4" pin="0"/><net_sink comp="180" pin=0"/></net>

<net id="186"><net_src comp="54" pin="0"/><net_sink comp="180" pin=1"/></net>

<net id="187"><net_src comp="180" pin="3"/><net_sink comp="114" pin=2"/></net>

<net id="193"><net_src comp="4" pin="0"/><net_sink comp="188" pin=0"/></net>

<net id="194"><net_src comp="54" pin="0"/><net_sink comp="188" pin=1"/></net>

<net id="195"><net_src comp="188" pin="3"/><net_sink comp="114" pin=2"/></net>

<net id="201"><net_src comp="4" pin="0"/><net_sink comp="196" pin=0"/></net>

<net id="202"><net_src comp="54" pin="0"/><net_sink comp="196" pin=1"/></net>

<net id="203"><net_src comp="196" pin="3"/><net_sink comp="114" pin=2"/></net>

<net id="209"><net_src comp="4" pin="0"/><net_sink comp="204" pin=0"/></net>

<net id="210"><net_src comp="54" pin="0"/><net_sink comp="204" pin=1"/></net>

<net id="211"><net_src comp="204" pin="3"/><net_sink comp="114" pin=2"/></net>

<net id="217"><net_src comp="4" pin="0"/><net_sink comp="212" pin=0"/></net>

<net id="218"><net_src comp="54" pin="0"/><net_sink comp="212" pin=1"/></net>

<net id="219"><net_src comp="212" pin="3"/><net_sink comp="114" pin=2"/></net>

<net id="225"><net_src comp="4" pin="0"/><net_sink comp="220" pin=0"/></net>

<net id="226"><net_src comp="54" pin="0"/><net_sink comp="220" pin=1"/></net>

<net id="227"><net_src comp="220" pin="3"/><net_sink comp="114" pin=2"/></net>

<net id="233"><net_src comp="4" pin="0"/><net_sink comp="228" pin=0"/></net>

<net id="234"><net_src comp="54" pin="0"/><net_sink comp="228" pin=1"/></net>

<net id="235"><net_src comp="228" pin="3"/><net_sink comp="114" pin=2"/></net>

<net id="241"><net_src comp="4" pin="0"/><net_sink comp="236" pin=0"/></net>

<net id="242"><net_src comp="54" pin="0"/><net_sink comp="236" pin=1"/></net>

<net id="243"><net_src comp="236" pin="3"/><net_sink comp="114" pin=2"/></net>

<net id="247"><net_src comp="102" pin="2"/><net_sink comp="244" pin=0"/></net>

<net id="251"><net_src comp="96" pin="2"/><net_sink comp="248" pin=0"/></net>

<net id="256"><net_src comp="36" pin="0"/><net_sink comp="252" pin=0"/></net>

<net id="264"><net_src comp="0" pin="0"/><net_sink comp="260" pin=0"/></net>

<net id="265"><net_src comp="248" pin="1"/><net_sink comp="260" pin=1"/></net>

<net id="271"><net_src comp="44" pin="0"/><net_sink comp="266" pin=0"/></net>

<net id="272"><net_src comp="257" pin="1"/><net_sink comp="266" pin=1"/></net>

<net id="273"><net_src comp="46" pin="0"/><net_sink comp="266" pin=2"/></net>

<net id="277"><net_src comp="274" pin="1"/><net_sink comp="107" pin=2"/></net>

<net id="281"><net_src comp="244" pin="1"/><net_sink comp="278" pin=0"/></net>

<net id="282"><net_src comp="278" pin="1"/><net_sink comp="114" pin=4"/></net>

<net id="290"><net_src comp="283" pin="1"/><net_sink comp="286" pin=0"/></net>

<net id="291"><net_src comp="56" pin="0"/><net_sink comp="286" pin=1"/></net>

<net id="295"><net_src comp="286" pin="2"/><net_sink comp="292" pin=0"/></net>

<net id="296"><net_src comp="292" pin="1"/><net_sink comp="124" pin=2"/></net>

<net id="300"><net_src comp="244" pin="1"/><net_sink comp="297" pin=0"/></net>

<net id="301"><net_src comp="297" pin="1"/><net_sink comp="114" pin=4"/></net>

<net id="306"><net_src comp="58" pin="0"/><net_sink comp="302" pin=1"/></net>

<net id="310"><net_src comp="302" pin="2"/><net_sink comp="307" pin=0"/></net>

<net id="311"><net_src comp="307" pin="1"/><net_sink comp="132" pin=2"/></net>

<net id="315"><net_src comp="244" pin="1"/><net_sink comp="312" pin=0"/></net>

<net id="316"><net_src comp="312" pin="1"/><net_sink comp="114" pin=4"/></net>

<net id="321"><net_src comp="60" pin="0"/><net_sink comp="317" pin=1"/></net>

<net id="325"><net_src comp="317" pin="2"/><net_sink comp="322" pin=0"/></net>

<net id="326"><net_src comp="322" pin="1"/><net_sink comp="140" pin=2"/></net>

<net id="330"><net_src comp="244" pin="1"/><net_sink comp="327" pin=0"/></net>

<net id="331"><net_src comp="327" pin="1"/><net_sink comp="114" pin=4"/></net>

<net id="336"><net_src comp="62" pin="0"/><net_sink comp="332" pin=1"/></net>

<net id="340"><net_src comp="332" pin="2"/><net_sink comp="337" pin=0"/></net>

<net id="341"><net_src comp="337" pin="1"/><net_sink comp="148" pin=2"/></net>

<net id="345"><net_src comp="244" pin="1"/><net_sink comp="342" pin=0"/></net>

<net id="346"><net_src comp="342" pin="1"/><net_sink comp="114" pin=4"/></net>

<net id="351"><net_src comp="64" pin="0"/><net_sink comp="347" pin=1"/></net>

<net id="355"><net_src comp="347" pin="2"/><net_sink comp="352" pin=0"/></net>

<net id="356"><net_src comp="352" pin="1"/><net_sink comp="156" pin=2"/></net>

<net id="360"><net_src comp="244" pin="1"/><net_sink comp="357" pin=0"/></net>

<net id="361"><net_src comp="357" pin="1"/><net_sink comp="114" pin=4"/></net>

<net id="366"><net_src comp="66" pin="0"/><net_sink comp="362" pin=1"/></net>

<net id="370"><net_src comp="362" pin="2"/><net_sink comp="367" pin=0"/></net>

<net id="371"><net_src comp="367" pin="1"/><net_sink comp="164" pin=2"/></net>

<net id="375"><net_src comp="244" pin="1"/><net_sink comp="372" pin=0"/></net>

<net id="376"><net_src comp="372" pin="1"/><net_sink comp="114" pin=4"/></net>

<net id="381"><net_src comp="68" pin="0"/><net_sink comp="377" pin=1"/></net>

<net id="385"><net_src comp="377" pin="2"/><net_sink comp="382" pin=0"/></net>

<net id="386"><net_src comp="382" pin="1"/><net_sink comp="172" pin=2"/></net>

<net id="390"><net_src comp="244" pin="1"/><net_sink comp="387" pin=0"/></net>

<net id="391"><net_src comp="387" pin="1"/><net_sink comp="114" pin=4"/></net>

<net id="396"><net_src comp="70" pin="0"/><net_sink comp="392" pin=1"/></net>

<net id="400"><net_src comp="392" pin="2"/><net_sink comp="397" pin=0"/></net>

<net id="401"><net_src comp="397" pin="1"/><net_sink comp="180" pin=2"/></net>

<net id="405"><net_src comp="244" pin="1"/><net_sink comp="402" pin=0"/></net>

<net id="406"><net_src comp="402" pin="1"/><net_sink comp="114" pin=4"/></net>

<net id="411"><net_src comp="72" pin="0"/><net_sink comp="407" pin=1"/></net>

<net id="415"><net_src comp="407" pin="2"/><net_sink comp="412" pin=0"/></net>

<net id="416"><net_src comp="412" pin="1"/><net_sink comp="188" pin=2"/></net>

<net id="420"><net_src comp="244" pin="1"/><net_sink comp="417" pin=0"/></net>

<net id="421"><net_src comp="417" pin="1"/><net_sink comp="114" pin=4"/></net>

<net id="426"><net_src comp="74" pin="0"/><net_sink comp="422" pin=1"/></net>

<net id="430"><net_src comp="422" pin="2"/><net_sink comp="427" pin=0"/></net>

<net id="431"><net_src comp="427" pin="1"/><net_sink comp="196" pin=2"/></net>

<net id="435"><net_src comp="244" pin="1"/><net_sink comp="432" pin=0"/></net>

<net id="436"><net_src comp="432" pin="1"/><net_sink comp="114" pin=4"/></net>

<net id="441"><net_src comp="76" pin="0"/><net_sink comp="437" pin=1"/></net>

<net id="445"><net_src comp="437" pin="2"/><net_sink comp="442" pin=0"/></net>

<net id="446"><net_src comp="442" pin="1"/><net_sink comp="204" pin=2"/></net>

<net id="450"><net_src comp="244" pin="1"/><net_sink comp="447" pin=0"/></net>

<net id="451"><net_src comp="447" pin="1"/><net_sink comp="114" pin=4"/></net>

<net id="456"><net_src comp="78" pin="0"/><net_sink comp="452" pin=1"/></net>

<net id="460"><net_src comp="452" pin="2"/><net_sink comp="457" pin=0"/></net>

<net id="461"><net_src comp="457" pin="1"/><net_sink comp="212" pin=2"/></net>

<net id="465"><net_src comp="244" pin="1"/><net_sink comp="462" pin=0"/></net>

<net id="466"><net_src comp="462" pin="1"/><net_sink comp="114" pin=4"/></net>

<net id="471"><net_src comp="80" pin="0"/><net_sink comp="467" pin=1"/></net>

<net id="475"><net_src comp="467" pin="2"/><net_sink comp="472" pin=0"/></net>

<net id="476"><net_src comp="472" pin="1"/><net_sink comp="220" pin=2"/></net>

<net id="480"><net_src comp="244" pin="1"/><net_sink comp="477" pin=0"/></net>

<net id="481"><net_src comp="477" pin="1"/><net_sink comp="114" pin=4"/></net>

<net id="486"><net_src comp="82" pin="0"/><net_sink comp="482" pin=1"/></net>

<net id="491"><net_src comp="482" pin="2"/><net_sink comp="487" pin=0"/></net>

<net id="496"><net_src comp="84" pin="0"/><net_sink comp="492" pin=1"/></net>

<net id="500"><net_src comp="492" pin="2"/><net_sink comp="497" pin=0"/></net>

<net id="501"><net_src comp="497" pin="1"/><net_sink comp="228" pin=2"/></net>

<net id="505"><net_src comp="244" pin="1"/><net_sink comp="502" pin=0"/></net>

<net id="506"><net_src comp="502" pin="1"/><net_sink comp="114" pin=4"/></net>

<net id="511"><net_src comp="90" pin="0"/><net_sink comp="507" pin=1"/></net>

<net id="515"><net_src comp="507" pin="2"/><net_sink comp="512" pin=0"/></net>

<net id="516"><net_src comp="512" pin="1"/><net_sink comp="236" pin=2"/></net>

<net id="520"><net_src comp="244" pin="1"/><net_sink comp="517" pin=0"/></net>

<net id="521"><net_src comp="517" pin="1"/><net_sink comp="114" pin=4"/></net>

<net id="525"><net_src comp="92" pin="1"/><net_sink comp="522" pin=0"/></net>

<net id="526"><net_src comp="522" pin="1"/><net_sink comp="252" pin=1"/></net>

<net id="527"><net_src comp="522" pin="1"/><net_sink comp="257" pin=0"/></net>

<net id="528"><net_src comp="522" pin="1"/><net_sink comp="487" pin=1"/></net>

<net id="532"><net_src comp="257" pin="1"/><net_sink comp="529" pin=0"/></net>

<net id="533"><net_src comp="529" pin="1"/><net_sink comp="274" pin=0"/></net>

<net id="534"><net_src comp="529" pin="1"/><net_sink comp="283" pin=0"/></net>

<net id="535"><net_src comp="529" pin="1"/><net_sink comp="482" pin=0"/></net>

<net id="539"><net_src comp="260" pin="2"/><net_sink comp="536" pin=0"/></net>

<net id="540"><net_src comp="536" pin="1"/><net_sink comp="102" pin=1"/></net>

<net id="544"><net_src comp="266" pin="3"/><net_sink comp="541" pin=0"/></net>

<net id="548"><net_src comp="283" pin="1"/><net_sink comp="545" pin=0"/></net>

<net id="549"><net_src comp="545" pin="1"/><net_sink comp="302" pin=0"/></net>

<net id="550"><net_src comp="545" pin="1"/><net_sink comp="317" pin=0"/></net>

<net id="551"><net_src comp="545" pin="1"/><net_sink comp="332" pin=0"/></net>

<net id="552"><net_src comp="545" pin="1"/><net_sink comp="347" pin=0"/></net>

<net id="553"><net_src comp="545" pin="1"/><net_sink comp="362" pin=0"/></net>

<net id="554"><net_src comp="545" pin="1"/><net_sink comp="377" pin=0"/></net>

<net id="555"><net_src comp="545" pin="1"/><net_sink comp="392" pin=0"/></net>

<net id="556"><net_src comp="545" pin="1"/><net_sink comp="407" pin=0"/></net>

<net id="557"><net_src comp="545" pin="1"/><net_sink comp="422" pin=0"/></net>

<net id="558"><net_src comp="545" pin="1"/><net_sink comp="437" pin=0"/></net>

<net id="559"><net_src comp="545" pin="1"/><net_sink comp="452" pin=0"/></net>

<net id="560"><net_src comp="545" pin="1"/><net_sink comp="467" pin=0"/></net>

<net id="561"><net_src comp="545" pin="1"/><net_sink comp="492" pin=0"/></net>

<net id="562"><net_src comp="545" pin="1"/><net_sink comp="507" pin=0"/></net>

</net_list>

</model> 
---------------- Datapath Model END ------------------

* FSMD analyzer results:
  - Output states:
	Port: gmem | {}
	Port: img_read | {3 4 5 6 7 8 9 10 11 12 13 14 15 16 17 18 }
 - Input state : 
	Port: cnn_predict_Pipeline_VITIS_LOOP_38_1 : gmem | {2 3 4 5 6 7 8 9 10 11 12 13 14 15 16 17 }
	Port: cnn_predict_Pipeline_VITIS_LOOP_38_1 : sext_ln38 | {1 }
	Port: cnn_predict_Pipeline_VITIS_LOOP_38_1 : img_read | {}
  - Chain level:
	State 1
		store_ln0 : 1
		i_1 : 1
		gmem_addr : 1
		tmp : 2
		br_ln38 : 3
	State 2
	State 3
		img_read_addr : 1
		store_ln40 : 2
	State 4
		or_ln40 : 1
		zext_ln40 : 1
		img_read_addr_1 : 2
		store_ln40 : 3
	State 5
		img_read_addr_2 : 1
		store_ln40 : 2
	State 6
		img_read_addr_3 : 1
		store_ln40 : 2
	State 7
		img_read_addr_4 : 1
		store_ln40 : 2
	State 8
		img_read_addr_5 : 1
		store_ln40 : 2
	State 9
		img_read_addr_6 : 1
		store_ln40 : 2
	State 10
		img_read_addr_7 : 1
		store_ln40 : 2
	State 11
		img_read_addr_8 : 1
		store_ln40 : 2
	State 12
		img_read_addr_9 : 1
		store_ln40 : 2
	State 13
		img_read_addr_10 : 1
		store_ln40 : 2
	State 14
		img_read_addr_11 : 1
		store_ln40 : 2
	State 15
		img_read_addr_12 : 1
		store_ln40 : 2
	State 16
		img_read_addr_13 : 1
		store_ln40 : 2
		store_ln38 : 1
	State 17
		img_read_addr_14 : 1
		store_ln40 : 2
	State 18
		img_read_addr_15 : 1
		store_ln40 : 2


============================================================
+ Verbose Summary: Datapath Resource usage 
============================================================

* Functional unit list:
|----------|---------------------------|---------|---------|
| Operation|      Functional Unit      |    FF   |   LUT   |
|----------|---------------------------|---------|---------|
|    add   |      add_ln38_fu_482      |    0    |    20   |
|----------|---------------------------|---------|---------|
|   read   | sext_ln38_read_read_fu_96 |    0    |    0    |
|          |      grp_read_fu_102      |    0    |    0    |
|----------|---------------------------|---------|---------|
|   sext   |   sext_ln38_cast_fu_248   |    0    |    0    |
|----------|---------------------------|---------|---------|
| bitselect|         tmp_fu_266        |    0    |    0    |
|----------|---------------------------|---------|---------|
|          |       i_cast9_fu_274      |    0    |    0    |
|          |      zext_ln40_fu_292     |    0    |    0    |
|          |     zext_ln40_1_fu_307    |    0    |    0    |
|          |     zext_ln40_2_fu_322    |    0    |    0    |
|          |     zext_ln40_3_fu_337    |    0    |    0    |
|          |     zext_ln40_4_fu_352    |    0    |    0    |
|          |     zext_ln40_5_fu_367    |    0    |    0    |
|   zext   |     zext_ln40_6_fu_382    |    0    |    0    |
|          |     zext_ln40_7_fu_397    |    0    |    0    |
|          |     zext_ln40_8_fu_412    |    0    |    0    |
|          |     zext_ln40_9_fu_427    |    0    |    0    |
|          |    zext_ln40_10_fu_442    |    0    |    0    |
|          |    zext_ln40_11_fu_457    |    0    |    0    |
|          |    zext_ln40_12_fu_472    |    0    |    0    |
|          |    zext_ln40_13_fu_497    |    0    |    0    |
|          |    zext_ln40_14_fu_512    |    0    |    0    |
|----------|---------------------------|---------|---------|
|   trunc  |      empty_30_fu_283      |    0    |    0    |
|----------|---------------------------|---------|---------|
|          |       or_ln40_fu_286      |    0    |    0    |
|          |      or_ln40_1_fu_302     |    0    |    0    |
|          |      or_ln40_2_fu_317     |    0    |    0    |
|          |      or_ln40_3_fu_332     |    0    |    0    |
|          |      or_ln40_4_fu_347     |    0    |    0    |
|          |      or_ln40_5_fu_362     |    0    |    0    |
|          |      or_ln40_6_fu_377     |    0    |    0    |
|    or    |      or_ln40_7_fu_392     |    0    |    0    |
|          |      or_ln40_8_fu_407     |    0    |    0    |
|          |      or_ln40_9_fu_422     |    0    |    0    |
|          |     or_ln40_10_fu_437     |    0    |    0    |
|          |     or_ln40_11_fu_452     |    0    |    0    |
|          |     or_ln40_12_fu_467     |    0    |    0    |
|          |     or_ln40_13_fu_492     |    0    |    0    |
|          |     or_ln40_14_fu_507     |    0    |    0    |
|----------|---------------------------|---------|---------|
|   Total  |                           |    0    |    20   |
|----------|---------------------------|---------|---------|

Memories:
N/A

* Register list:
+-----------------+--------+
|                 |   FF   |
+-----------------+--------+
| empty_30_reg_545|   12   |
|gmem_addr_reg_536|   32   |
|   i_1_reg_529   |   13   |
|    i_reg_522    |   13   |
|     reg_244     |   32   |
|   tmp_reg_541   |    1   |
+-----------------+--------+
|      Total      |   103  |
+-----------------+--------+

* Multiplexer (MUX) list: 
|-------------------|------|------|------|--------||---------||---------|
|        Comp       |  Pin | Size |  BW  | S x BW ||  Delay  ||   LUT   |
|-------------------|------|------|------|--------||---------||---------|
| grp_access_fu_114 |  p2  |  16  |   0  |    0   ||    65   |
| grp_access_fu_114 |  p4  |  16  |  12  |   192  ||    65   |
|-------------------|------|------|------|--------||---------||---------|
|       Total       |      |      |      |   192  ||   1.14  ||   130   |
|-------------------|------|------|------|--------||---------||---------|



* Summary:
+-----------+--------+--------+--------+
|           |  Delay |   FF   |   LUT  |
+-----------+--------+--------+--------+
|  Function |    -   |    0   |   20   |
|   Memory  |    -   |    -   |    -   |
|Multiplexer|    1   |    -   |   130  |
|  Register |    -   |   103  |    -   |
+-----------+--------+--------+--------+
|   Total   |    1   |   103  |   150  |
+-----------+--------+--------+--------+
