

================================================================
== Vitis HLS Report for 'cnn_predict_Pipeline_VITIS_LOOP_103_6_VITIS_LOOP_104_7_VITIS_LOOP_105_8'
================================================================
* Date:           Tue Nov 25 13:54:34 2025

* Version:        2022.2 (Build 3670227 on Oct 13 2022)
* Project:        cnn_hls
* Solution:       solution1 (Vivado IP Flow Target)
* Product family: zynquplus
* Target device:  xczu3eg-sbva484-1-i


================================================================
== Performance Estimates
================================================================
+ Timing: 
    * Summary: 
    +--------+----------+----------+------------+
    |  Clock |  Target  | Estimated| Uncertainty|
    +--------+----------+----------+------------+
    |ap_clk  |  10.00 ns|  7.221 ns|     2.70 ns|
    +--------+----------+----------+------------+

+ Latency: 
    * Summary: 
    +---------+---------+-----------+-----------+------+------+---------+
    |  Latency (cycles) |   Latency (absolute)  |   Interval  | Pipeline|
    |   min   |   max   |    min    |    max    |  min |  max |   Type  |
    +---------+---------+-----------+-----------+------+------+---------+
    |     3852|     3852|  38.520 us|  38.520 us|  3852|  3852|       no|
    +---------+---------+-----------+-----------+------+------+---------+

    + Detail: 
        * Instance: 
        N/A

        * Loop: 
        +------------------------------------------------------+---------+---------+----------+-----------+-----------+------+----------+
        |                                                      |  Latency (cycles) | Iteration|  Initiation Interval  | Trip |          |
        |                       Loop Name                      |   min   |   max   |  Latency |  achieved |   target  | Count| Pipelined|
        +------------------------------------------------------+---------+---------+----------+-----------+-----------+------+----------+
        |- VITIS_LOOP_103_6_VITIS_LOOP_104_7_VITIS_LOOP_105_8  |     3850|     3850|         8|          1|          1|  3844|       yes|
        +------------------------------------------------------+---------+---------+----------+-----------+-----------+------+----------+



================================================================
== Utilization Estimates
================================================================
* Summary: 
+-----------------+---------+-----+--------+-------+-----+
|       Name      | BRAM_18K| DSP |   FF   |  LUT  | URAM|
+-----------------+---------+-----+--------+-------+-----+
|DSP              |        -|    -|       -|      -|    -|
|Expression       |        -|    -|       0|    935|    -|
|FIFO             |        -|    -|       -|      -|    -|
|Instance         |        -|    -|       -|      -|    -|
|Memory           |        -|    -|       -|      -|    -|
|Multiplexer      |        -|    -|       -|     72|    -|
|Register         |        -|    -|     575|     96|    -|
+-----------------+---------+-----+--------+-------+-----+
|Total            |        0|    0|     575|   1103|    0|
+-----------------+---------+-----+--------+-------+-----+
|Available        |      432|  360|  141120|  70560|    0|
+-----------------+---------+-----+--------+-------+-----+
|Utilization (%)  |        0|    0|      ~0|      1|    0|
+-----------------+---------+-----+--------+-------+-----+

+ Detail: 
    * Instance: 
    N/A

    * DSP: 
    N/A

    * Memory: 
    N/A

    * FIFO: 
    N/A

    * Expression: 
    +--------------------------+----------+----+---+----+------------+------------+
    |       Variable Name      | Operation| DSP| FF| LUT| Bitwidth P0| Bitwidth P1|
    +--------------------------+----------+----+---+----+------------+------------+
    |add_ln103_1_fu_241_p2     |         +|   0|  0|  19|          12|           1|
    |add_ln103_fu_256_p2       |         +|   0|  0|  10|           3|           1|
    |add_ln104_1_fu_634_p2     |         +|   0|  0|  17|          10|           1|
    |add_ln104_fu_326_p2       |         +|   0|  0|  12|           5|           1|
    |add_ln105_fu_628_p2       |         +|   0|  0|  12|           5|           1|
    |add_ln109_1_fu_527_p2     |         +|   0|  0|  69|          62|          62|
    |add_ln109_2_fu_570_p2     |         +|   0|  0|  19|          12|          12|
    |add_ln109_3_fu_584_p2     |         +|   0|  0|  21|          14|          14|
    |add_ln109_4_fu_603_p2     |         +|   0|  0|  19|          12|          12|
    |add_ln109_5_fu_617_p2     |         +|   0|  0|  21|          14|          14|
    |add_ln109_fu_498_p2       |         +|   0|  0|  69|          62|          62|
    |add_ln113_1_fu_480_p2     |         +|   0|  0|  19|          12|          12|
    |add_ln113_fu_466_p2       |         +|   0|  0|  18|          10|          10|
    |sub_ln109_1_fu_456_p2     |         -|   0|  0|  69|          62|          62|
    |sub_ln109_fu_412_p2       |         -|   0|  0|  69|          62|          62|
    |sub_ln113_fu_366_p2       |         -|   0|  0|  18|          10|          10|
    |and_ln103_fu_320_p2       |       and|   0|  0|   2|           1|           1|
    |and_ln110_1_fu_792_p2     |       and|   0|  0|   2|           1|           1|
    |and_ln110_2_fu_798_p2     |       and|   0|  0|   2|           1|           1|
    |and_ln110_3_fu_880_p2     |       and|   0|  0|   2|           1|           1|
    |and_ln110_4_fu_886_p2     |       and|   0|  0|   2|           1|           1|
    |and_ln110_5_fu_972_p2     |       and|   0|  0|   2|           1|           1|
    |and_ln110_6_fu_978_p2     |       and|   0|  0|   2|           1|           1|
    |and_ln110_fu_708_p2       |       and|   0|  0|   2|           1|           1|
    |icmp_ln103_fu_235_p2      |      icmp|   0|  0|  12|          12|           9|
    |icmp_ln104_fu_262_p2      |      icmp|   0|  0|  11|          10|           7|
    |icmp_ln105_fu_314_p2      |      icmp|   0|  0|   9|           5|           2|
    |icmp_ln110_10_fu_936_p2   |      icmp|   0|  0|  11|           8|           2|
    |icmp_ln110_11_fu_942_p2   |      icmp|   0|  0|  16|          23|           1|
    |icmp_ln110_12_fu_954_p2   |      icmp|   0|  0|  11|           8|           2|
    |icmp_ln110_13_fu_960_p2   |      icmp|   0|  0|  16|          23|           1|
    |icmp_ln110_1_fu_696_p2    |      icmp|   0|  0|  16|          23|           1|
    |icmp_ln110_2_fu_756_p2    |      icmp|   0|  0|  11|           8|           2|
    |icmp_ln110_3_fu_762_p2    |      icmp|   0|  0|  16|          23|           1|
    |icmp_ln110_4_fu_774_p2    |      icmp|   0|  0|  11|           8|           2|
    |icmp_ln110_5_fu_780_p2    |      icmp|   0|  0|  16|          23|           1|
    |icmp_ln110_6_fu_844_p2    |      icmp|   0|  0|  11|           8|           2|
    |icmp_ln110_7_fu_850_p2    |      icmp|   0|  0|  16|          23|           1|
    |icmp_ln110_8_fu_862_p2    |      icmp|   0|  0|  11|           8|           2|
    |icmp_ln110_9_fu_868_p2    |      icmp|   0|  0|  16|          23|           1|
    |icmp_ln110_fu_690_p2      |      icmp|   0|  0|  11|           8|           2|
    |empty_fu_229_p2           |        or|   0|  0|   6|           6|           1|
    |or_ln104_fu_332_p2        |        or|   0|  0|   2|           1|           1|
    |or_ln109_fu_556_p2        |        or|   0|  0|   6|           6|           1|
    |or_ln110_1_fu_768_p2      |        or|   0|  0|   2|           1|           1|
    |or_ln110_2_fu_786_p2      |        or|   0|  0|   2|           1|           1|
    |or_ln110_3_fu_856_p2      |        or|   0|  0|   2|           1|           1|
    |or_ln110_4_fu_874_p2      |        or|   0|  0|   2|           1|           1|
    |or_ln110_5_fu_948_p2      |        or|   0|  0|   2|           1|           1|
    |or_ln110_6_fu_966_p2      |        or|   0|  0|   2|           1|           1|
    |or_ln110_fu_702_p2        |        or|   0|  0|   2|           1|           1|
    |p_mid113_fu_418_p2        |        or|   0|  0|   6|           6|           1|
    |layer1_pool_d0            |    select|   0|  0|  32|           1|          32|
    |select_ln103_1_fu_276_p3  |    select|   0|  0|   3|           1|           3|
    |select_ln103_2_fu_292_p3  |    select|   0|  0|   6|           1|           1|
    |select_ln103_3_fu_300_p3  |    select|   0|  0|   6|           1|           1|
    |select_ln103_fu_268_p3    |    select|   0|  0|   5|           1|           1|
    |select_ln104_1_fu_346_p3  |    select|   0|  0|   5|           1|           5|
    |select_ln104_2_fu_380_p3  |    select|   0|  0|   6|           1|           6|
    |select_ln104_3_fu_424_p3  |    select|   0|  0|   6|           1|           6|
    |select_ln104_4_fu_640_p3  |    select|   0|  0|   9|           1|           1|
    |select_ln104_fu_338_p3    |    select|   0|  0|   5|           1|           1|
    |select_ln110_1_fu_804_p3  |    select|   0|  0|  32|           1|          32|
    |select_ln110_2_fu_892_p3  |    select|   0|  0|  32|           1|          32|
    |select_ln110_fu_714_p3    |    select|   0|  0|  32|           1|          32|
    |ap_enable_pp0             |       xor|   0|  0|   2|           1|           2|
    |xor_ln103_fu_308_p2       |       xor|   0|  0|   2|           1|           2|
    +--------------------------+----------+----+---+----+------------+------------+
    |Total                     |          |   0|  0| 935|         660|         552|
    +--------------------------+----------+----+---+----+------------+------------+

    * Multiplexer: 
    +-------------------------+----+-----------+-----+-----------+
    |           Name          | LUT| Input Size| Bits| Total Bits|
    +-------------------------+----+-----------+-----+-----------+
    |ap_done_int              |   9|          2|    1|          2|
    |ap_enable_reg_pp0_iter1  |   9|          2|    1|          2|
    |ap_enable_reg_pp0_iter2  |   9|          2|    1|          2|
    |c_fu_90                  |   9|          2|    5|         10|
    |f_fu_102                 |   9|          2|    3|          6|
    |indvar_flatten15_fu_98   |   9|          2|   10|         20|
    |indvar_flatten39_fu_106  |   9|          2|   12|         24|
    |r_1_fu_94                |   9|          2|    5|         10|
    +-------------------------+----+-----------+-----+-----------+
    |Total                    |  72|         16|   38|         76|
    +-------------------------+----+-----------+-----+-----------+

    * Register: 
    +-------------------------------------------+----+----+-----+-----------+
    |                    Name                   | FF | LUT| Bits| Const Bits|
    +-------------------------------------------+----+----+-----+-----------+
    |add_ln113_1_reg_1030                       |  12|   0|   12|          0|
    |ap_CS_fsm                                  |   1|   0|    1|          0|
    |ap_done_reg                                |   1|   0|    1|          0|
    |ap_enable_reg_pp0_iter1                    |   1|   0|    1|          0|
    |ap_enable_reg_pp0_iter2                    |   1|   0|    1|          0|
    |ap_enable_reg_pp0_iter3                    |   1|   0|    1|          0|
    |ap_enable_reg_pp0_iter4                    |   1|   0|    1|          0|
    |ap_enable_reg_pp0_iter5                    |   1|   0|    1|          0|
    |ap_enable_reg_pp0_iter6                    |   1|   0|    1|          0|
    |ap_enable_reg_pp0_iter7                    |   1|   0|    1|          0|
    |ap_enable_reg_pp0_iter8                    |   1|   0|    1|          0|
    |ap_loop_exit_ready_pp0_iter2_reg           |   1|   0|    1|          0|
    |ap_loop_exit_ready_pp0_iter3_reg           |   1|   0|    1|          0|
    |ap_loop_exit_ready_pp0_iter4_reg           |   1|   0|    1|          0|
    |ap_loop_exit_ready_pp0_iter5_reg           |   1|   0|    1|          0|
    |ap_loop_exit_ready_pp0_iter6_reg           |   1|   0|    1|          0|
    |ap_loop_exit_ready_pp0_iter7_reg           |   1|   0|    1|          0|
    |c_fu_90                                    |   5|   0|    5|          0|
    |f_fu_102                                   |   3|   0|    3|          0|
    |indvar_flatten15_fu_98                     |  10|   0|   10|          0|
    |indvar_flatten39_fu_106                    |  12|   0|   12|          0|
    |layer1_conv_load_1_reg_1062                |  32|   0|   32|          0|
    |layer1_conv_load_1_reg_1062_pp0_iter3_reg  |  32|   0|   32|          0|
    |layer1_conv_load_2_reg_1069                |  32|   0|   32|          0|
    |layer1_conv_load_3_reg_1076                |  32|   0|   32|          0|
    |layer1_conv_load_reg_1055                  |  32|   0|   32|          0|
    |r_1_fu_94                                  |   5|   0|    5|          0|
    |select_ln110_1_reg_1090                    |  32|   0|   32|          0|
    |select_ln110_1_reg_1090_pp0_iter5_reg      |  32|   0|   32|          0|
    |select_ln110_2_reg_1097                    |  32|   0|   32|          0|
    |select_ln110_2_reg_1097_pp0_iter7_reg      |  32|   0|   32|          0|
    |select_ln110_reg_1083                      |  32|   0|   32|          0|
    |add_ln113_1_reg_1030                       |  64|  32|   12|          0|
    |layer1_conv_load_2_reg_1069                |  64|  32|   32|          0|
    |layer1_conv_load_3_reg_1076                |  64|  32|   32|          0|
    +-------------------------------------------+----+----+-----+-----------+
    |Total                                      | 575|  96|  459|          0|
    +-------------------------------------------+----+----+-----+-----------+



================================================================
== Interface
================================================================
* Summary: 
+----------------------+-----+-----+------------+-------------------------------------------------------------------------+--------------+
|       RTL Ports      | Dir | Bits|  Protocol  |                              Source Object                              |    C Type    |
+----------------------+-----+-----+------------+-------------------------------------------------------------------------+--------------+
|ap_clk                |   in|    1|  ap_ctrl_hs|  cnn_predict_Pipeline_VITIS_LOOP_103_6_VITIS_LOOP_104_7_VITIS_LOOP_105_8|  return value|
|ap_rst                |   in|    1|  ap_ctrl_hs|  cnn_predict_Pipeline_VITIS_LOOP_103_6_VITIS_LOOP_104_7_VITIS_LOOP_105_8|  return value|
|ap_start              |   in|    1|  ap_ctrl_hs|  cnn_predict_Pipeline_VITIS_LOOP_103_6_VITIS_LOOP_104_7_VITIS_LOOP_105_8|  return value|
|ap_done               |  out|    1|  ap_ctrl_hs|  cnn_predict_Pipeline_VITIS_LOOP_103_6_VITIS_LOOP_104_7_VITIS_LOOP_105_8|  return value|
|ap_idle               |  out|    1|  ap_ctrl_hs|  cnn_predict_Pipeline_VITIS_LOOP_103_6_VITIS_LOOP_104_7_VITIS_LOOP_105_8|  return value|
|ap_ready              |  out|    1|  ap_ctrl_hs|  cnn_predict_Pipeline_VITIS_LOOP_103_6_VITIS_LOOP_104_7_VITIS_LOOP_105_8|  return value|
|grp_fu_865_p_din0     |  out|   32|  ap_ctrl_hs|  cnn_predict_Pipeline_VITIS_LOOP_103_6_VITIS_LOOP_104_7_VITIS_LOOP_105_8|  return value|
|grp_fu_865_p_din1     |  out|   32|  ap_ctrl_hs|  cnn_predict_Pipeline_VITIS_LOOP_103_6_VITIS_LOOP_104_7_VITIS_LOOP_105_8|  return value|
|grp_fu_865_p_opcode   |  out|    5|  ap_ctrl_hs|  cnn_predict_Pipeline_VITIS_LOOP_103_6_VITIS_LOOP_104_7_VITIS_LOOP_105_8|  return value|
|grp_fu_865_p_dout0    |   in|    1|  ap_ctrl_hs|  cnn_predict_Pipeline_VITIS_LOOP_103_6_VITIS_LOOP_104_7_VITIS_LOOP_105_8|  return value|
|grp_fu_865_p_ce       |  out|    1|  ap_ctrl_hs|  cnn_predict_Pipeline_VITIS_LOOP_103_6_VITIS_LOOP_104_7_VITIS_LOOP_105_8|  return value|
|grp_fu_869_p_din0     |  out|   32|  ap_ctrl_hs|  cnn_predict_Pipeline_VITIS_LOOP_103_6_VITIS_LOOP_104_7_VITIS_LOOP_105_8|  return value|
|grp_fu_869_p_din1     |  out|   32|  ap_ctrl_hs|  cnn_predict_Pipeline_VITIS_LOOP_103_6_VITIS_LOOP_104_7_VITIS_LOOP_105_8|  return value|
|grp_fu_869_p_opcode   |  out|    5|  ap_ctrl_hs|  cnn_predict_Pipeline_VITIS_LOOP_103_6_VITIS_LOOP_104_7_VITIS_LOOP_105_8|  return value|
|grp_fu_869_p_dout0    |   in|    1|  ap_ctrl_hs|  cnn_predict_Pipeline_VITIS_LOOP_103_6_VITIS_LOOP_104_7_VITIS_LOOP_105_8|  return value|
|grp_fu_869_p_ce       |  out|    1|  ap_ctrl_hs|  cnn_predict_Pipeline_VITIS_LOOP_103_6_VITIS_LOOP_104_7_VITIS_LOOP_105_8|  return value|
|grp_fu_873_p_din0     |  out|   32|  ap_ctrl_hs|  cnn_predict_Pipeline_VITIS_LOOP_103_6_VITIS_LOOP_104_7_VITIS_LOOP_105_8|  return value|
|grp_fu_873_p_din1     |  out|   32|  ap_ctrl_hs|  cnn_predict_Pipeline_VITIS_LOOP_103_6_VITIS_LOOP_104_7_VITIS_LOOP_105_8|  return value|
|grp_fu_873_p_opcode   |  out|    5|  ap_ctrl_hs|  cnn_predict_Pipeline_VITIS_LOOP_103_6_VITIS_LOOP_104_7_VITIS_LOOP_105_8|  return value|
|grp_fu_873_p_dout0    |   in|    1|  ap_ctrl_hs|  cnn_predict_Pipeline_VITIS_LOOP_103_6_VITIS_LOOP_104_7_VITIS_LOOP_105_8|  return value|
|grp_fu_873_p_ce       |  out|    1|  ap_ctrl_hs|  cnn_predict_Pipeline_VITIS_LOOP_103_6_VITIS_LOOP_104_7_VITIS_LOOP_105_8|  return value|
|grp_fu_877_p_din0     |  out|   32|  ap_ctrl_hs|  cnn_predict_Pipeline_VITIS_LOOP_103_6_VITIS_LOOP_104_7_VITIS_LOOP_105_8|  return value|
|grp_fu_877_p_din1     |  out|   32|  ap_ctrl_hs|  cnn_predict_Pipeline_VITIS_LOOP_103_6_VITIS_LOOP_104_7_VITIS_LOOP_105_8|  return value|
|grp_fu_877_p_opcode   |  out|    5|  ap_ctrl_hs|  cnn_predict_Pipeline_VITIS_LOOP_103_6_VITIS_LOOP_104_7_VITIS_LOOP_105_8|  return value|
|grp_fu_877_p_dout0    |   in|    1|  ap_ctrl_hs|  cnn_predict_Pipeline_VITIS_LOOP_103_6_VITIS_LOOP_104_7_VITIS_LOOP_105_8|  return value|
|grp_fu_877_p_ce       |  out|    1|  ap_ctrl_hs|  cnn_predict_Pipeline_VITIS_LOOP_103_6_VITIS_LOOP_104_7_VITIS_LOOP_105_8|  return value|
|layer1_pool_address0  |  out|   12|   ap_memory|                                                              layer1_pool|         array|
|layer1_pool_ce0       |  out|    1|   ap_memory|                                                              layer1_pool|         array|
|layer1_pool_we0       |  out|    1|   ap_memory|                                                              layer1_pool|         array|
|layer1_pool_d0        |  out|   32|   ap_memory|                                                              layer1_pool|         array|
|layer1_conv_address0  |  out|   14|   ap_memory|                                                              layer1_conv|         array|
|layer1_conv_ce0       |  out|    1|   ap_memory|                                                              layer1_conv|         array|
|layer1_conv_q0        |   in|   32|   ap_memory|                                                              layer1_conv|         array|
|layer1_conv_address1  |  out|   14|   ap_memory|                                                              layer1_conv|         array|
|layer1_conv_ce1       |  out|    1|   ap_memory|                                                              layer1_conv|         array|
|layer1_conv_q1        |   in|   32|   ap_memory|                                                              layer1_conv|         array|
|layer1_conv_address2  |  out|   14|   ap_memory|                                                              layer1_conv|         array|
|layer1_conv_ce2       |  out|    1|   ap_memory|                                                              layer1_conv|         array|
|layer1_conv_q2        |   in|   32|   ap_memory|                                                              layer1_conv|         array|
|layer1_conv_address3  |  out|   14|   ap_memory|                                                              layer1_conv|         array|
|layer1_conv_ce3       |  out|    1|   ap_memory|                                                              layer1_conv|         array|
|layer1_conv_q3        |   in|   32|   ap_memory|                                                              layer1_conv|         array|
+----------------------+-----+-----+------------+-------------------------------------------------------------------------+--------------+

============================================================
+ Verbose Summary: Synthesis Manager
============================================================
InlineROM: 1
ExposeGlobal: 0
============================================================
+ Verbose Summary: CDFG Model
============================================================
IsTopModel: 0
ResetActiveHigh: 1
IsCombinational: 2
IsDatapathOnly: 2
HasWiredReturn: 1
HasMFsm: 2
HasVarLatency: 1
IsPipeline: 0
IsRtlPipelined: 0
IsInstanceOverlapped: 0
IsDontTouch: 0
HasImplIP: 0
IsGatedGlobalClock: 0

+ Individual pipeline summary: 
  * Pipeline-0: initiation interval (II) = 1, depth = 9


============================================================
+ Verbose Summary: Schedule
============================================================
* Number of FSM states : 9
* Pipeline : 1
  Pipeline-0 : II = 1, D = 9, States = { 1 2 3 4 5 6 7 8 9 }
* Dataflow Pipeline: 0

* FSM state transitions: 
1 --> 2 
2 --> 3 
3 --> 4 
4 --> 5 
5 --> 6 
6 --> 7 
7 --> 8 
8 --> 9 
9 --> 

* FSM state operations: 

State 1 <SV = 0> <Delay = 0.48>
ST_1 : Operation 11 [1/1] (0.00ns)   --->   "%c = alloca i32 1"   --->   Operation 11 'alloca' 'c' <Predicate = true> <Delay = 0.00>
ST_1 : Operation 12 [1/1] (0.00ns)   --->   "%r_1 = alloca i32 1"   --->   Operation 12 'alloca' 'r_1' <Predicate = true> <Delay = 0.00>
ST_1 : Operation 13 [1/1] (0.00ns)   --->   "%indvar_flatten15 = alloca i32 1"   --->   Operation 13 'alloca' 'indvar_flatten15' <Predicate = true> <Delay = 0.00>
ST_1 : Operation 14 [1/1] (0.00ns)   --->   "%f = alloca i32 1"   --->   Operation 14 'alloca' 'f' <Predicate = true> <Delay = 0.00>
ST_1 : Operation 15 [1/1] (0.00ns)   --->   "%indvar_flatten39 = alloca i32 1"   --->   Operation 15 'alloca' 'indvar_flatten39' <Predicate = true> <Delay = 0.00>
ST_1 : Operation 16 [1/1] (0.48ns)   --->   "%store_ln0 = store i12 0, i12 %indvar_flatten39"   --->   Operation 16 'store' 'store_ln0' <Predicate = true> <Delay = 0.48>
ST_1 : Operation 17 [1/1] (0.48ns)   --->   "%store_ln0 = store i3 0, i3 %f"   --->   Operation 17 'store' 'store_ln0' <Predicate = true> <Delay = 0.48>
ST_1 : Operation 18 [1/1] (0.48ns)   --->   "%store_ln0 = store i10 0, i10 %indvar_flatten15"   --->   Operation 18 'store' 'store_ln0' <Predicate = true> <Delay = 0.48>
ST_1 : Operation 19 [1/1] (0.48ns)   --->   "%store_ln0 = store i5 0, i5 %r_1"   --->   Operation 19 'store' 'store_ln0' <Predicate = true> <Delay = 0.48>
ST_1 : Operation 20 [1/1] (0.48ns)   --->   "%store_ln0 = store i5 0, i5 %c"   --->   Operation 20 'store' 'store_ln0' <Predicate = true> <Delay = 0.48>
ST_1 : Operation 21 [1/1] (0.00ns)   --->   "%br_ln0 = br void %VITIS_LOOP_107_9"   --->   Operation 21 'br' 'br_ln0' <Predicate = true> <Delay = 0.00>

State 2 <SV = 1> <Delay = 6.92>
ST_2 : Operation 22 [1/1] (0.00ns)   --->   "%r = load i5 %r_1"   --->   Operation 22 'load' 'r' <Predicate = true> <Delay = 0.00>
ST_2 : Operation 23 [1/1] (0.00ns)   --->   "%indvar_flatten39_load = load i12 %indvar_flatten39" [cnn.cpp:103]   --->   Operation 23 'load' 'indvar_flatten39_load' <Predicate = true> <Delay = 0.00>
ST_2 : Operation 24 [1/1] (0.00ns)   --->   "%tmp_29 = bitconcatenate i6 @_ssdm_op_BitConcatenate.i6.i5.i1, i5 %r, i1 0"   --->   Operation 24 'bitconcatenate' 'tmp_29' <Predicate = true> <Delay = 0.00>
ST_2 : Operation 25 [1/1] (0.00ns)   --->   "%empty = or i6 %tmp_29, i6 1"   --->   Operation 25 'or' 'empty' <Predicate = true> <Delay = 0.00>
ST_2 : Operation 26 [1/1] (0.00ns)   --->   "%specpipeline_ln0 = specpipeline void @_ssdm_op_SpecPipeline, i32 4294967295, i32 0, i32 1, i32 0, void @p_str"   --->   Operation 26 'specpipeline' 'specpipeline_ln0' <Predicate = true> <Delay = 0.00>
ST_2 : Operation 27 [1/1] (0.86ns)   --->   "%icmp_ln103 = icmp_eq  i12 %indvar_flatten39_load, i12 3844" [cnn.cpp:103]   --->   Operation 27 'icmp' 'icmp_ln103' <Predicate = true> <Delay = 0.86> <CoreInst = "Cmp">   --->   Core 9 'Cmp' <Latency = 0> <II = 1> <Delay = 0.86> <FuncUnit> <Opcode : 'icmp'> <InPorts = 2> <OutPorts = 1>
ST_2 : Operation 28 [1/1] (0.96ns)   --->   "%add_ln103_1 = add i12 %indvar_flatten39_load, i12 1" [cnn.cpp:103]   --->   Operation 28 'add' 'add_ln103_1' <Predicate = true> <Delay = 0.96> <CoreInst = "Adder">   --->   Core 1 'Adder' <Latency = 0> <II = 1> <Delay = 0.96> <FuncUnit> <Opcode : 'add' 'sub'> <InPorts = 2> <OutPorts = 1>
ST_2 : Operation 29 [1/1] (0.00ns)   --->   "%br_ln103 = br i1 %icmp_ln103, void %for.inc102, void %VITIS_LOOP_126_14.preheader.exitStub" [cnn.cpp:103]   --->   Operation 29 'br' 'br_ln103' <Predicate = true> <Delay = 0.00>
ST_2 : Operation 30 [1/1] (0.00ns)   --->   "%c_load = load i5 %c" [cnn.cpp:105]   --->   Operation 30 'load' 'c_load' <Predicate = (!icmp_ln103)> <Delay = 0.00>
ST_2 : Operation 31 [1/1] (0.00ns)   --->   "%indvar_flatten15_load = load i10 %indvar_flatten15" [cnn.cpp:104]   --->   Operation 31 'load' 'indvar_flatten15_load' <Predicate = (!icmp_ln103)> <Delay = 0.00>
ST_2 : Operation 32 [1/1] (0.00ns)   --->   "%f_load = load i3 %f" [cnn.cpp:103]   --->   Operation 32 'load' 'f_load' <Predicate = (!icmp_ln103)> <Delay = 0.00>
ST_2 : Operation 33 [1/1] (0.74ns)   --->   "%add_ln103 = add i3 %f_load, i3 1" [cnn.cpp:103]   --->   Operation 33 'add' 'add_ln103' <Predicate = (!icmp_ln103)> <Delay = 0.74> <CoreInst = "Adder">   --->   Core 1 'Adder' <Latency = 0> <II = 1> <Delay = 0.74> <FuncUnit> <Opcode : 'add' 'sub'> <InPorts = 2> <OutPorts = 1>
ST_2 : Operation 34 [1/1] (0.85ns)   --->   "%icmp_ln104 = icmp_eq  i10 %indvar_flatten15_load, i10 961" [cnn.cpp:104]   --->   Operation 34 'icmp' 'icmp_ln104' <Predicate = (!icmp_ln103)> <Delay = 0.85> <CoreInst = "Cmp">   --->   Core 9 'Cmp' <Latency = 0> <II = 1> <Delay = 0.85> <FuncUnit> <Opcode : 'icmp'> <InPorts = 2> <OutPorts = 1>
ST_2 : Operation 35 [1/1] (0.48ns)   --->   "%select_ln103 = select i1 %icmp_ln104, i5 0, i5 %r" [cnn.cpp:103]   --->   Operation 35 'select' 'select_ln103' <Predicate = (!icmp_ln103)> <Delay = 0.48> <CoreInst = "Sel">   --->   Core 73 'Sel' <Latency = 0> <II = 1> <Delay = 0.48> <FuncUnit> <Opcode : 'select'> <InPorts = 3> <OutPorts = 1>
ST_2 : Operation 36 [1/1] (0.27ns)   --->   "%select_ln103_1 = select i1 %icmp_ln104, i3 %add_ln103, i3 %f_load" [cnn.cpp:103]   --->   Operation 36 'select' 'select_ln103_1' <Predicate = (!icmp_ln103)> <Delay = 0.27> <CoreInst = "Sel">   --->   Core 73 'Sel' <Latency = 0> <II = 1> <Delay = 0.27> <FuncUnit> <Opcode : 'select'> <InPorts = 3> <OutPorts = 1>
ST_2 : Operation 37 [1/1] (0.00ns)   --->   "%zext_ln103 = zext i3 %select_ln103_1" [cnn.cpp:103]   --->   Operation 37 'zext' 'zext_ln103' <Predicate = (!icmp_ln103)> <Delay = 0.00>
ST_2 : Operation 38 [1/1] (0.00ns)   --->   "%zext_ln103_1 = zext i3 %select_ln103_1" [cnn.cpp:103]   --->   Operation 38 'zext' 'zext_ln103_1' <Predicate = (!icmp_ln103)> <Delay = 0.00>
ST_2 : Operation 39 [1/1] (0.00ns) (grouped into LUT with out node select_ln104_2)   --->   "%select_ln103_2 = select i1 %icmp_ln104, i6 0, i6 %tmp_29" [cnn.cpp:103]   --->   Operation 39 'select' 'select_ln103_2' <Predicate = (!icmp_ln103)> <Delay = 0.00> <CoreInst = "Sel">   --->   Core 73 'Sel' <Latency = 0> <II = 1> <Delay = 0.44> <FuncUnit> <Opcode : 'select'> <InPorts = 3> <OutPorts = 1>
ST_2 : Operation 40 [1/1] (0.00ns) (grouped into LUT with out node select_ln104_3)   --->   "%select_ln103_3 = select i1 %icmp_ln104, i6 1, i6 %empty" [cnn.cpp:103]   --->   Operation 40 'select' 'select_ln103_3' <Predicate = (!icmp_ln103)> <Delay = 0.00> <CoreInst = "Sel">   --->   Core 73 'Sel' <Latency = 0> <II = 1> <Delay = 0.44> <FuncUnit> <Opcode : 'select'> <InPorts = 3> <OutPorts = 1>
ST_2 : Operation 41 [1/1] (0.00ns) (grouped into LUT with out node and_ln103)   --->   "%xor_ln103 = xor i1 %icmp_ln104, i1 1" [cnn.cpp:103]   --->   Operation 41 'xor' 'xor_ln103' <Predicate = (!icmp_ln103)> <Delay = 0.00> <CoreInst = "LogicGate">   --->   Core 74 'LogicGate' <Latency = 0> <II = 1> <Delay = 0.33> <FuncUnit> <Opcode : 'and' 'or' 'xor'> <InPorts = 2> <OutPorts = 1>
ST_2 : Operation 42 [1/1] (0.87ns)   --->   "%icmp_ln105 = icmp_eq  i5 %c_load, i5 31" [cnn.cpp:105]   --->   Operation 42 'icmp' 'icmp_ln105' <Predicate = (!icmp_ln103)> <Delay = 0.87> <CoreInst = "Cmp">   --->   Core 9 'Cmp' <Latency = 0> <II = 1> <Delay = 0.87> <FuncUnit> <Opcode : 'icmp'> <InPorts = 2> <OutPorts = 1>
ST_2 : Operation 43 [1/1] (0.33ns) (out node of the LUT)   --->   "%and_ln103 = and i1 %icmp_ln105, i1 %xor_ln103" [cnn.cpp:103]   --->   Operation 43 'and' 'and_ln103' <Predicate = (!icmp_ln103)> <Delay = 0.33> <CoreInst = "LogicGate">   --->   Core 74 'LogicGate' <Latency = 0> <II = 1> <Delay = 0.33> <FuncUnit> <Opcode : 'and' 'or' 'xor'> <InPorts = 2> <OutPorts = 1>
ST_2 : Operation 44 [1/1] (0.87ns)   --->   "%add_ln104 = add i5 %select_ln103, i5 1" [cnn.cpp:104]   --->   Operation 44 'add' 'add_ln104' <Predicate = (!icmp_ln103)> <Delay = 0.87> <CoreInst = "Adder">   --->   Core 1 'Adder' <Latency = 0> <II = 1> <Delay = 0.87> <FuncUnit> <Opcode : 'add' 'sub'> <InPorts = 2> <OutPorts = 1>
ST_2 : Operation 45 [1/1] (0.00ns) (grouped into LUT with out node select_ln104)   --->   "%or_ln104 = or i1 %and_ln103, i1 %icmp_ln104" [cnn.cpp:104]   --->   Operation 45 'or' 'or_ln104' <Predicate = (!icmp_ln103)> <Delay = 0.00> <CoreInst = "LogicGate">   --->   Core 74 'LogicGate' <Latency = 0> <II = 1> <Delay = 0.33> <FuncUnit> <Opcode : 'and' 'or' 'xor'> <InPorts = 2> <OutPorts = 1>
ST_2 : Operation 46 [1/1] (0.48ns) (out node of the LUT)   --->   "%select_ln104 = select i1 %or_ln104, i5 0, i5 %c_load" [cnn.cpp:104]   --->   Operation 46 'select' 'select_ln104' <Predicate = (!icmp_ln103)> <Delay = 0.48> <CoreInst = "Sel">   --->   Core 73 'Sel' <Latency = 0> <II = 1> <Delay = 0.48> <FuncUnit> <Opcode : 'select'> <InPorts = 3> <OutPorts = 1>
ST_2 : Operation 47 [1/1] (0.48ns)   --->   "%select_ln104_1 = select i1 %and_ln103, i5 %add_ln104, i5 %select_ln103" [cnn.cpp:104]   --->   Operation 47 'select' 'select_ln104_1' <Predicate = (!icmp_ln103)> <Delay = 0.48> <CoreInst = "Sel">   --->   Core 73 'Sel' <Latency = 0> <II = 1> <Delay = 0.48> <FuncUnit> <Opcode : 'select'> <InPorts = 3> <OutPorts = 1>
ST_2 : Operation 48 [1/1] (0.00ns)   --->   "%zext_ln113 = zext i5 %select_ln104_1" [cnn.cpp:113]   --->   Operation 48 'zext' 'zext_ln113' <Predicate = (!icmp_ln103)> <Delay = 0.00>
ST_2 : Operation 49 [1/1] (0.00ns)   --->   "%tmp = bitconcatenate i10 @_ssdm_op_BitConcatenate.i10.i5.i5, i5 %select_ln104_1, i5 0" [cnn.cpp:113]   --->   Operation 49 'bitconcatenate' 'tmp' <Predicate = (!icmp_ln103)> <Delay = 0.00>
ST_2 : Operation 50 [1/1] (0.00ns) (grouped into TernaryAdder)   --->   "%sub_ln113 = sub i10 %tmp, i10 %zext_ln113" [cnn.cpp:113]   --->   Operation 50 'sub' 'sub_ln113' <Predicate = (!icmp_ln103)> <Delay = 0.00> <CoreInst = "TAddSub">   --->   Core 10 'TAddSub' <Latency = 0> <II = 1> <Delay = 0.56> <IPBlock> <Opcode : 'add' 'sub'> <InPorts = 3> <OutPorts = 1> <Sync> <CReg>
ST_2 : Operation 51 [1/1] (0.00ns)   --->   "%p_mid = bitconcatenate i6 @_ssdm_op_BitConcatenate.i6.i5.i1, i5 %add_ln104, i1 0" [cnn.cpp:104]   --->   Operation 51 'bitconcatenate' 'p_mid' <Predicate = (!icmp_ln103)> <Delay = 0.00>
ST_2 : Operation 52 [1/1] (0.44ns) (out node of the LUT)   --->   "%select_ln104_2 = select i1 %and_ln103, i6 %p_mid, i6 %select_ln103_2" [cnn.cpp:104]   --->   Operation 52 'select' 'select_ln104_2' <Predicate = (!icmp_ln103)> <Delay = 0.44> <CoreInst = "Sel">   --->   Core 73 'Sel' <Latency = 0> <II = 1> <Delay = 0.44> <FuncUnit> <Opcode : 'select'> <InPorts = 3> <OutPorts = 1>
ST_2 : Operation 53 [1/1] (0.00ns)   --->   "%tmp_13 = bitconcatenate i12 @_ssdm_op_BitConcatenate.i12.i6.i6, i6 %select_ln104_2, i6 0" [cnn.cpp:109]   --->   Operation 53 'bitconcatenate' 'tmp_13' <Predicate = (!icmp_ln103)> <Delay = 0.00>
ST_2 : Operation 54 [1/1] (0.00ns)   --->   "%zext_ln109 = zext i12 %tmp_13" [cnn.cpp:109]   --->   Operation 54 'zext' 'zext_ln109' <Predicate = (!icmp_ln103)> <Delay = 0.00>
ST_2 : Operation 55 [1/1] (0.00ns)   --->   "%tmp_14 = bitconcatenate i7 @_ssdm_op_BitConcatenate.i7.i6.i1, i6 %select_ln104_2, i1 0" [cnn.cpp:109]   --->   Operation 55 'bitconcatenate' 'tmp_14' <Predicate = (!icmp_ln103)> <Delay = 0.00>
ST_2 : Operation 56 [1/1] (0.00ns)   --->   "%zext_ln109_1 = zext i7 %tmp_14" [cnn.cpp:109]   --->   Operation 56 'zext' 'zext_ln109_1' <Predicate = (!icmp_ln103)> <Delay = 0.00>
ST_2 : Operation 57 [1/1] (0.96ns)   --->   "%sub_ln109 = sub i62 %zext_ln109, i62 %zext_ln109_1" [cnn.cpp:109]   --->   Operation 57 'sub' 'sub_ln109' <Predicate = (!icmp_ln103)> <Delay = 0.96> <CoreInst = "Adder">   --->   Core 1 'Adder' <Latency = 0> <II = 1> <Delay = 1.44> <FuncUnit> <Opcode : 'add' 'sub'> <InPorts = 2> <OutPorts = 1>
ST_2 : Operation 58 [1/1] (0.00ns) (grouped into LUT with out node select_ln104_3)   --->   "%p_mid113 = or i6 %p_mid, i6 1" [cnn.cpp:104]   --->   Operation 58 'or' 'p_mid113' <Predicate = (!icmp_ln103)> <Delay = 0.00>
ST_2 : Operation 59 [1/1] (0.44ns) (out node of the LUT)   --->   "%select_ln104_3 = select i1 %and_ln103, i6 %p_mid113, i6 %select_ln103_3" [cnn.cpp:104]   --->   Operation 59 'select' 'select_ln104_3' <Predicate = (!icmp_ln103)> <Delay = 0.44> <CoreInst = "Sel">   --->   Core 73 'Sel' <Latency = 0> <II = 1> <Delay = 0.44> <FuncUnit> <Opcode : 'select'> <InPorts = 3> <OutPorts = 1>
ST_2 : Operation 60 [1/1] (0.00ns)   --->   "%tmp_15 = bitconcatenate i12 @_ssdm_op_BitConcatenate.i12.i6.i6, i6 %select_ln104_3, i6 0" [cnn.cpp:109]   --->   Operation 60 'bitconcatenate' 'tmp_15' <Predicate = (!icmp_ln103)> <Delay = 0.00>
ST_2 : Operation 61 [1/1] (0.00ns)   --->   "%zext_ln109_2 = zext i12 %tmp_15" [cnn.cpp:109]   --->   Operation 61 'zext' 'zext_ln109_2' <Predicate = (!icmp_ln103)> <Delay = 0.00>
ST_2 : Operation 62 [1/1] (0.00ns)   --->   "%tmp_16 = bitconcatenate i7 @_ssdm_op_BitConcatenate.i7.i6.i1, i6 %select_ln104_3, i1 0" [cnn.cpp:109]   --->   Operation 62 'bitconcatenate' 'tmp_16' <Predicate = (!icmp_ln103)> <Delay = 0.00>
ST_2 : Operation 63 [1/1] (0.00ns)   --->   "%zext_ln109_3 = zext i7 %tmp_16" [cnn.cpp:109]   --->   Operation 63 'zext' 'zext_ln109_3' <Predicate = (!icmp_ln103)> <Delay = 0.00>
ST_2 : Operation 64 [1/1] (0.96ns)   --->   "%sub_ln109_1 = sub i62 %zext_ln109_2, i62 %zext_ln109_3" [cnn.cpp:109]   --->   Operation 64 'sub' 'sub_ln109_1' <Predicate = (!icmp_ln103)> <Delay = 0.96> <CoreInst = "Adder">   --->   Core 1 'Adder' <Latency = 0> <II = 1> <Delay = 1.44> <FuncUnit> <Opcode : 'add' 'sub'> <InPorts = 2> <OutPorts = 1>
ST_2 : Operation 65 [1/1] (0.00ns)   --->   "%zext_ln113_1 = zext i5 %select_ln104" [cnn.cpp:113]   --->   Operation 65 'zext' 'zext_ln113_1' <Predicate = (!icmp_ln103)> <Delay = 0.00>
ST_2 : Operation 66 [1/1] (1.12ns) (root node of TernaryAdder)   --->   "%add_ln113 = add i10 %sub_ln113, i10 %zext_ln113_1" [cnn.cpp:113]   --->   Operation 66 'add' 'add_ln113' <Predicate = (!icmp_ln103)> <Delay = 1.12> <CoreInst = "TAddSub">   --->   Core 10 'TAddSub' <Latency = 0> <II = 1> <Delay = 0.56> <IPBlock> <Opcode : 'add' 'sub'> <InPorts = 3> <OutPorts = 1> <Sync> <CReg>
ST_2 : Operation 67 [1/1] (0.00ns)   --->   "%tmp_33 = bitconcatenate i12 @_ssdm_op_BitConcatenate.i12.i10.i2, i10 %add_ln113, i2 0" [cnn.cpp:113]   --->   Operation 67 'bitconcatenate' 'tmp_33' <Predicate = (!icmp_ln103)> <Delay = 0.00>
ST_2 : Operation 68 [1/1] (0.96ns)   --->   "%add_ln113_1 = add i12 %tmp_33, i12 %zext_ln103_1" [cnn.cpp:113]   --->   Operation 68 'add' 'add_ln113_1' <Predicate = (!icmp_ln103)> <Delay = 0.96> <CoreInst = "Adder">   --->   Core 1 'Adder' <Latency = 0> <II = 1> <Delay = 0.96> <FuncUnit> <Opcode : 'add' 'sub'> <InPorts = 2> <OutPorts = 1>
ST_2 : Operation 69 [1/1] (0.00ns)   --->   "%tmp_34 = bitconcatenate i6 @_ssdm_op_BitConcatenate.i6.i5.i1, i5 %select_ln104, i1 0" [cnn.cpp:104]   --->   Operation 69 'bitconcatenate' 'tmp_34' <Predicate = (!icmp_ln103)> <Delay = 0.00>
ST_2 : Operation 70 [1/1] (0.00ns)   --->   "%zext_ln109_4 = zext i6 %tmp_34" [cnn.cpp:109]   --->   Operation 70 'zext' 'zext_ln109_4' <Predicate = (!icmp_ln103)> <Delay = 0.00>
ST_2 : Operation 71 [1/1] (0.97ns)   --->   "%add_ln109 = add i62 %sub_ln109, i62 %zext_ln109_4" [cnn.cpp:109]   --->   Operation 71 'add' 'add_ln109' <Predicate = (!icmp_ln103)> <Delay = 0.97> <CoreInst = "Adder">   --->   Core 1 'Adder' <Latency = 0> <II = 1> <Delay = 1.44> <FuncUnit> <Opcode : 'add' 'sub'> <InPorts = 2> <OutPorts = 1>
ST_2 : Operation 72 [1/1] (0.00ns)   --->   "%tmp_40_cast = partselect i11 @_ssdm_op_PartSelect.i11.i62.i32.i32, i62 %add_ln109, i32 1, i32 11" [cnn.cpp:109]   --->   Operation 72 'partselect' 'tmp_40_cast' <Predicate = (!icmp_ln103)> <Delay = 0.00>
ST_2 : Operation 73 [1/1] (0.00ns)   --->   "%tmp_35 = bitconcatenate i14 @_ssdm_op_BitConcatenate.i14.i11.i3, i11 %tmp_40_cast, i3 %select_ln103_1" [cnn.cpp:109]   --->   Operation 73 'bitconcatenate' 'tmp_35' <Predicate = (!icmp_ln103)> <Delay = 0.00>
ST_2 : Operation 74 [1/1] (0.00ns)   --->   "%zext_ln109_5 = zext i14 %tmp_35" [cnn.cpp:109]   --->   Operation 74 'zext' 'zext_ln109_5' <Predicate = (!icmp_ln103)> <Delay = 0.00>
ST_2 : Operation 75 [1/1] (0.00ns)   --->   "%layer1_conv_addr = getelementptr i32 %layer1_conv, i64 0, i64 %zext_ln109_5" [cnn.cpp:109]   --->   Operation 75 'getelementptr' 'layer1_conv_addr' <Predicate = (!icmp_ln103)> <Delay = 0.00>
ST_2 : Operation 76 [1/1] (0.97ns)   --->   "%add_ln109_1 = add i62 %sub_ln109_1, i62 %zext_ln109_4" [cnn.cpp:109]   --->   Operation 76 'add' 'add_ln109_1' <Predicate = (!icmp_ln103)> <Delay = 0.97> <CoreInst = "Adder">   --->   Core 1 'Adder' <Latency = 0> <II = 1> <Delay = 1.44> <FuncUnit> <Opcode : 'add' 'sub'> <InPorts = 2> <OutPorts = 1>
ST_2 : Operation 77 [1/1] (0.00ns)   --->   "%tmp_44_cast = partselect i11 @_ssdm_op_PartSelect.i11.i62.i32.i32, i62 %add_ln109_1, i32 1, i32 11" [cnn.cpp:109]   --->   Operation 77 'partselect' 'tmp_44_cast' <Predicate = (!icmp_ln103)> <Delay = 0.00>
ST_2 : Operation 78 [1/1] (0.00ns)   --->   "%tmp_36 = bitconcatenate i14 @_ssdm_op_BitConcatenate.i14.i11.i3, i11 %tmp_44_cast, i3 %select_ln103_1" [cnn.cpp:109]   --->   Operation 78 'bitconcatenate' 'tmp_36' <Predicate = (!icmp_ln103)> <Delay = 0.00>
ST_2 : Operation 79 [1/1] (0.00ns)   --->   "%zext_ln109_6 = zext i14 %tmp_36" [cnn.cpp:109]   --->   Operation 79 'zext' 'zext_ln109_6' <Predicate = (!icmp_ln103)> <Delay = 0.00>
ST_2 : Operation 80 [1/1] (0.00ns)   --->   "%layer1_conv_addr_1 = getelementptr i32 %layer1_conv, i64 0, i64 %zext_ln109_6" [cnn.cpp:109]   --->   Operation 80 'getelementptr' 'layer1_conv_addr_1' <Predicate = (!icmp_ln103)> <Delay = 0.00>
ST_2 : Operation 81 [2/2] (1.35ns)   --->   "%layer1_conv_load = load i14 %layer1_conv_addr" [cnn.cpp:109]   --->   Operation 81 'load' 'layer1_conv_load' <Predicate = (!icmp_ln103)> <Delay = 1.35> <CoreInst = "RAM_1WnR">   --->   Core 84 'RAM_1WnR' <Latency = 1> <II = 1> <Delay = 1.35> <Storage> <Opcode : 'load' 'store'> <Ports = 17> <Width = 32> <Depth = 15376> <RAM>
ST_2 : Operation 82 [1/1] (0.00ns)   --->   "%or_ln109 = or i6 %tmp_34, i6 1" [cnn.cpp:109]   --->   Operation 82 'or' 'or_ln109' <Predicate = (!icmp_ln103)> <Delay = 0.00>
ST_2 : Operation 83 [1/1] (0.00ns)   --->   "%trunc_ln109 = trunc i62 %sub_ln109" [cnn.cpp:109]   --->   Operation 83 'trunc' 'trunc_ln109' <Predicate = (!icmp_ln103)> <Delay = 0.00>
ST_2 : Operation 84 [1/1] (0.00ns)   --->   "%zext_ln109_7 = zext i6 %or_ln109" [cnn.cpp:109]   --->   Operation 84 'zext' 'zext_ln109_7' <Predicate = (!icmp_ln103)> <Delay = 0.00>
ST_2 : Operation 85 [1/1] (0.96ns)   --->   "%add_ln109_2 = add i12 %trunc_ln109, i12 %zext_ln109_7" [cnn.cpp:109]   --->   Operation 85 'add' 'add_ln109_2' <Predicate = (!icmp_ln103)> <Delay = 0.96> <CoreInst = "Adder">   --->   Core 1 'Adder' <Latency = 0> <II = 1> <Delay = 0.96> <FuncUnit> <Opcode : 'add' 'sub'> <InPorts = 2> <OutPorts = 1>
ST_2 : Operation 86 [1/1] (0.00ns)   --->   "%tmp_37 = bitconcatenate i14 @_ssdm_op_BitConcatenate.i14.i12.i2, i12 %add_ln109_2, i2 0" [cnn.cpp:109]   --->   Operation 86 'bitconcatenate' 'tmp_37' <Predicate = (!icmp_ln103)> <Delay = 0.00>
ST_2 : Operation 87 [1/1] (0.98ns)   --->   "%add_ln109_3 = add i14 %tmp_37, i14 %zext_ln103" [cnn.cpp:109]   --->   Operation 87 'add' 'add_ln109_3' <Predicate = (!icmp_ln103)> <Delay = 0.98> <CoreInst = "Adder">   --->   Core 1 'Adder' <Latency = 0> <II = 1> <Delay = 0.98> <FuncUnit> <Opcode : 'add' 'sub'> <InPorts = 2> <OutPorts = 1>
ST_2 : Operation 88 [1/1] (0.00ns)   --->   "%zext_ln109_8 = zext i14 %add_ln109_3" [cnn.cpp:109]   --->   Operation 88 'zext' 'zext_ln109_8' <Predicate = (!icmp_ln103)> <Delay = 0.00>
ST_2 : Operation 89 [1/1] (0.00ns)   --->   "%layer1_conv_addr_2 = getelementptr i32 %layer1_conv, i64 0, i64 %zext_ln109_8" [cnn.cpp:109]   --->   Operation 89 'getelementptr' 'layer1_conv_addr_2' <Predicate = (!icmp_ln103)> <Delay = 0.00>
ST_2 : Operation 90 [1/1] (0.00ns)   --->   "%trunc_ln109_1 = trunc i62 %sub_ln109_1" [cnn.cpp:109]   --->   Operation 90 'trunc' 'trunc_ln109_1' <Predicate = (!icmp_ln103)> <Delay = 0.00>
ST_2 : Operation 91 [1/1] (0.00ns)   --->   "%zext_ln109_9 = zext i6 %or_ln109" [cnn.cpp:109]   --->   Operation 91 'zext' 'zext_ln109_9' <Predicate = (!icmp_ln103)> <Delay = 0.00>
ST_2 : Operation 92 [1/1] (0.96ns)   --->   "%add_ln109_4 = add i12 %trunc_ln109_1, i12 %zext_ln109_9" [cnn.cpp:109]   --->   Operation 92 'add' 'add_ln109_4' <Predicate = (!icmp_ln103)> <Delay = 0.96> <CoreInst = "Adder">   --->   Core 1 'Adder' <Latency = 0> <II = 1> <Delay = 0.96> <FuncUnit> <Opcode : 'add' 'sub'> <InPorts = 2> <OutPorts = 1>
ST_2 : Operation 93 [1/1] (0.00ns)   --->   "%tmp_38 = bitconcatenate i14 @_ssdm_op_BitConcatenate.i14.i12.i2, i12 %add_ln109_4, i2 0" [cnn.cpp:109]   --->   Operation 93 'bitconcatenate' 'tmp_38' <Predicate = (!icmp_ln103)> <Delay = 0.00>
ST_2 : Operation 94 [1/1] (0.98ns)   --->   "%add_ln109_5 = add i14 %tmp_38, i14 %zext_ln103" [cnn.cpp:109]   --->   Operation 94 'add' 'add_ln109_5' <Predicate = (!icmp_ln103)> <Delay = 0.98> <CoreInst = "Adder">   --->   Core 1 'Adder' <Latency = 0> <II = 1> <Delay = 0.98> <FuncUnit> <Opcode : 'add' 'sub'> <InPorts = 2> <OutPorts = 1>
ST_2 : Operation 95 [1/1] (0.00ns)   --->   "%zext_ln109_10 = zext i14 %add_ln109_5" [cnn.cpp:109]   --->   Operation 95 'zext' 'zext_ln109_10' <Predicate = (!icmp_ln103)> <Delay = 0.00>
ST_2 : Operation 96 [1/1] (0.00ns)   --->   "%layer1_conv_addr_3 = getelementptr i32 %layer1_conv, i64 0, i64 %zext_ln109_10" [cnn.cpp:109]   --->   Operation 96 'getelementptr' 'layer1_conv_addr_3' <Predicate = (!icmp_ln103)> <Delay = 0.00>
ST_2 : Operation 97 [2/2] (1.35ns)   --->   "%layer1_conv_load_1 = load i14 %layer1_conv_addr_2" [cnn.cpp:109]   --->   Operation 97 'load' 'layer1_conv_load_1' <Predicate = (!icmp_ln103)> <Delay = 1.35> <CoreInst = "RAM_1WnR">   --->   Core 84 'RAM_1WnR' <Latency = 1> <II = 1> <Delay = 1.35> <Storage> <Opcode : 'load' 'store'> <Ports = 17> <Width = 32> <Depth = 15376> <RAM>
ST_2 : Operation 98 [2/2] (1.35ns)   --->   "%layer1_conv_load_2 = load i14 %layer1_conv_addr_1" [cnn.cpp:109]   --->   Operation 98 'load' 'layer1_conv_load_2' <Predicate = (!icmp_ln103)> <Delay = 1.35> <CoreInst = "RAM_1WnR">   --->   Core 84 'RAM_1WnR' <Latency = 1> <II = 1> <Delay = 1.35> <Storage> <Opcode : 'load' 'store'> <Ports = 17> <Width = 32> <Depth = 15376> <RAM>
ST_2 : Operation 99 [2/2] (1.35ns)   --->   "%layer1_conv_load_3 = load i14 %layer1_conv_addr_3" [cnn.cpp:109]   --->   Operation 99 'load' 'layer1_conv_load_3' <Predicate = (!icmp_ln103)> <Delay = 1.35> <CoreInst = "RAM_1WnR">   --->   Core 84 'RAM_1WnR' <Latency = 1> <II = 1> <Delay = 1.35> <Storage> <Opcode : 'load' 'store'> <Ports = 17> <Width = 32> <Depth = 15376> <RAM>
ST_2 : Operation 100 [1/1] (0.87ns)   --->   "%add_ln105 = add i5 %select_ln104, i5 1" [cnn.cpp:105]   --->   Operation 100 'add' 'add_ln105' <Predicate = (!icmp_ln103)> <Delay = 0.87> <CoreInst = "Adder">   --->   Core 1 'Adder' <Latency = 0> <II = 1> <Delay = 0.87> <FuncUnit> <Opcode : 'add' 'sub'> <InPorts = 2> <OutPorts = 1>
ST_2 : Operation 101 [1/1] (0.93ns)   --->   "%add_ln104_1 = add i10 %indvar_flatten15_load, i10 1" [cnn.cpp:104]   --->   Operation 101 'add' 'add_ln104_1' <Predicate = (!icmp_ln103)> <Delay = 0.93> <CoreInst = "Adder">   --->   Core 1 'Adder' <Latency = 0> <II = 1> <Delay = 0.93> <FuncUnit> <Opcode : 'add' 'sub'> <InPorts = 2> <OutPorts = 1>
ST_2 : Operation 102 [1/1] (0.47ns)   --->   "%select_ln104_4 = select i1 %icmp_ln104, i10 1, i10 %add_ln104_1" [cnn.cpp:104]   --->   Operation 102 'select' 'select_ln104_4' <Predicate = (!icmp_ln103)> <Delay = 0.47> <CoreInst = "Sel">   --->   Core 73 'Sel' <Latency = 0> <II = 1> <Delay = 0.47> <FuncUnit> <Opcode : 'select'> <InPorts = 3> <OutPorts = 1>
ST_2 : Operation 103 [1/1] (0.48ns)   --->   "%store_ln105 = store i12 %add_ln103_1, i12 %indvar_flatten39" [cnn.cpp:105]   --->   Operation 103 'store' 'store_ln105' <Predicate = (!icmp_ln103)> <Delay = 0.48>
ST_2 : Operation 104 [1/1] (0.48ns)   --->   "%store_ln105 = store i3 %select_ln103_1, i3 %f" [cnn.cpp:105]   --->   Operation 104 'store' 'store_ln105' <Predicate = (!icmp_ln103)> <Delay = 0.48>
ST_2 : Operation 105 [1/1] (0.48ns)   --->   "%store_ln105 = store i10 %select_ln104_4, i10 %indvar_flatten15" [cnn.cpp:105]   --->   Operation 105 'store' 'store_ln105' <Predicate = (!icmp_ln103)> <Delay = 0.48>
ST_2 : Operation 106 [1/1] (0.48ns)   --->   "%store_ln105 = store i5 %select_ln104_1, i5 %r_1" [cnn.cpp:105]   --->   Operation 106 'store' 'store_ln105' <Predicate = (!icmp_ln103)> <Delay = 0.48>
ST_2 : Operation 107 [1/1] (0.48ns)   --->   "%store_ln105 = store i5 %add_ln105, i5 %c" [cnn.cpp:105]   --->   Operation 107 'store' 'store_ln105' <Predicate = (!icmp_ln103)> <Delay = 0.48>

State 3 <SV = 2> <Delay = 4.70>
ST_3 : Operation 108 [1/2] (1.35ns)   --->   "%layer1_conv_load = load i14 %layer1_conv_addr" [cnn.cpp:109]   --->   Operation 108 'load' 'layer1_conv_load' <Predicate = true> <Delay = 1.35> <CoreInst = "RAM_1WnR">   --->   Core 84 'RAM_1WnR' <Latency = 1> <II = 1> <Delay = 1.35> <Storage> <Opcode : 'load' 'store'> <Ports = 17> <Width = 32> <Depth = 15376> <RAM>
ST_3 : Operation 109 [2/2] (3.34ns)   --->   "%tmp_4 = fcmp_ogt  i32 %layer1_conv_load, i32 -1e+09" [cnn.cpp:110]   --->   Operation 109 'fcmp' 'tmp_4' <Predicate = true> <Delay = 3.34> <CoreInst = "FCompare">   --->   Core 19 'FCompare' <Latency = 1> <II = 1> <Delay = 3.34> <FuncUnit> <Opcode : 'fcmp'> <InPorts = 2> <OutPorts = 1>
ST_3 : Operation 110 [1/2] (1.35ns)   --->   "%layer1_conv_load_1 = load i14 %layer1_conv_addr_2" [cnn.cpp:109]   --->   Operation 110 'load' 'layer1_conv_load_1' <Predicate = true> <Delay = 1.35> <CoreInst = "RAM_1WnR">   --->   Core 84 'RAM_1WnR' <Latency = 1> <II = 1> <Delay = 1.35> <Storage> <Opcode : 'load' 'store'> <Ports = 17> <Width = 32> <Depth = 15376> <RAM>
ST_3 : Operation 111 [1/2] (1.35ns)   --->   "%layer1_conv_load_2 = load i14 %layer1_conv_addr_1" [cnn.cpp:109]   --->   Operation 111 'load' 'layer1_conv_load_2' <Predicate = true> <Delay = 1.35> <CoreInst = "RAM_1WnR">   --->   Core 84 'RAM_1WnR' <Latency = 1> <II = 1> <Delay = 1.35> <Storage> <Opcode : 'load' 'store'> <Ports = 17> <Width = 32> <Depth = 15376> <RAM>
ST_3 : Operation 112 [1/2] (1.35ns)   --->   "%layer1_conv_load_3 = load i14 %layer1_conv_addr_3" [cnn.cpp:109]   --->   Operation 112 'load' 'layer1_conv_load_3' <Predicate = true> <Delay = 1.35> <CoreInst = "RAM_1WnR">   --->   Core 84 'RAM_1WnR' <Latency = 1> <II = 1> <Delay = 1.35> <Storage> <Opcode : 'load' 'store'> <Ports = 17> <Width = 32> <Depth = 15376> <RAM>

State 4 <SV = 3> <Delay = 7.22>
ST_4 : Operation 113 [1/1] (0.00ns)   --->   "%bitcast_ln110 = bitcast i32 %layer1_conv_load" [cnn.cpp:110]   --->   Operation 113 'bitcast' 'bitcast_ln110' <Predicate = true> <Delay = 0.00>
ST_4 : Operation 114 [1/1] (0.00ns)   --->   "%tmp_3 = partselect i8 @_ssdm_op_PartSelect.i8.i32.i32.i32, i32 %bitcast_ln110, i32 23, i32 30" [cnn.cpp:110]   --->   Operation 114 'partselect' 'tmp_3' <Predicate = true> <Delay = 0.00>
ST_4 : Operation 115 [1/1] (0.00ns)   --->   "%trunc_ln110 = trunc i32 %bitcast_ln110" [cnn.cpp:110]   --->   Operation 115 'trunc' 'trunc_ln110' <Predicate = true> <Delay = 0.00>
ST_4 : Operation 116 [1/1] (0.85ns)   --->   "%icmp_ln110 = icmp_ne  i8 %tmp_3, i8 255" [cnn.cpp:110]   --->   Operation 116 'icmp' 'icmp_ln110' <Predicate = true> <Delay = 0.85> <CoreInst = "Cmp">   --->   Core 9 'Cmp' <Latency = 0> <II = 1> <Delay = 0.85> <FuncUnit> <Opcode : 'icmp'> <InPorts = 2> <OutPorts = 1>
ST_4 : Operation 117 [1/1] (0.97ns)   --->   "%icmp_ln110_1 = icmp_eq  i23 %trunc_ln110, i23 0" [cnn.cpp:110]   --->   Operation 117 'icmp' 'icmp_ln110_1' <Predicate = true> <Delay = 0.97> <CoreInst = "Cmp">   --->   Core 9 'Cmp' <Latency = 0> <II = 1> <Delay = 0.97> <FuncUnit> <Opcode : 'icmp'> <InPorts = 2> <OutPorts = 1>
ST_4 : Operation 118 [1/1] (0.00ns) (grouped into LUT with out node select_ln110)   --->   "%or_ln110 = or i1 %icmp_ln110_1, i1 %icmp_ln110" [cnn.cpp:110]   --->   Operation 118 'or' 'or_ln110' <Predicate = true> <Delay = 0.00> <CoreInst = "LogicGate">   --->   Core 74 'LogicGate' <Latency = 0> <II = 1> <Delay = 0.33> <FuncUnit> <Opcode : 'and' 'or' 'xor'> <InPorts = 2> <OutPorts = 1>
ST_4 : Operation 119 [1/2] (3.34ns)   --->   "%tmp_4 = fcmp_ogt  i32 %layer1_conv_load, i32 -1e+09" [cnn.cpp:110]   --->   Operation 119 'fcmp' 'tmp_4' <Predicate = true> <Delay = 3.34> <CoreInst = "FCompare">   --->   Core 19 'FCompare' <Latency = 1> <II = 1> <Delay = 3.34> <FuncUnit> <Opcode : 'fcmp'> <InPorts = 2> <OutPorts = 1>
ST_4 : Operation 120 [1/1] (0.00ns) (grouped into LUT with out node select_ln110)   --->   "%and_ln110 = and i1 %or_ln110, i1 %tmp_4" [cnn.cpp:110]   --->   Operation 120 'and' 'and_ln110' <Predicate = true> <Delay = 0.00> <CoreInst = "LogicGate">   --->   Core 74 'LogicGate' <Latency = 0> <II = 1> <Delay = 0.33> <FuncUnit> <Opcode : 'and' 'or' 'xor'> <InPorts = 2> <OutPorts = 1>
ST_4 : Operation 121 [1/1] (0.52ns) (out node of the LUT)   --->   "%select_ln110 = select i1 %and_ln110, i32 %layer1_conv_load, i32 -1e+09" [cnn.cpp:110]   --->   Operation 121 'select' 'select_ln110' <Predicate = true> <Delay = 0.52> <CoreInst = "Sel">   --->   Core 73 'Sel' <Latency = 0> <II = 1> <Delay = 0.52> <FuncUnit> <Opcode : 'select'> <InPorts = 3> <OutPorts = 1>
ST_4 : Operation 122 [2/2] (3.34ns)   --->   "%tmp_7 = fcmp_ogt  i32 %layer1_conv_load_1, i32 %select_ln110" [cnn.cpp:110]   --->   Operation 122 'fcmp' 'tmp_7' <Predicate = true> <Delay = 3.34> <CoreInst = "FCompare">   --->   Core 19 'FCompare' <Latency = 1> <II = 1> <Delay = 3.34> <FuncUnit> <Opcode : 'fcmp'> <InPorts = 2> <OutPorts = 1>

State 5 <SV = 4> <Delay = 4.20>
ST_5 : Operation 123 [1/1] (0.00ns)   --->   "%bitcast_ln110_1 = bitcast i32 %layer1_conv_load_1" [cnn.cpp:110]   --->   Operation 123 'bitcast' 'bitcast_ln110_1' <Predicate = true> <Delay = 0.00>
ST_5 : Operation 124 [1/1] (0.00ns)   --->   "%tmp_5 = partselect i8 @_ssdm_op_PartSelect.i8.i32.i32.i32, i32 %bitcast_ln110_1, i32 23, i32 30" [cnn.cpp:110]   --->   Operation 124 'partselect' 'tmp_5' <Predicate = true> <Delay = 0.00>
ST_5 : Operation 125 [1/1] (0.00ns)   --->   "%trunc_ln110_1 = trunc i32 %bitcast_ln110_1" [cnn.cpp:110]   --->   Operation 125 'trunc' 'trunc_ln110_1' <Predicate = true> <Delay = 0.00>
ST_5 : Operation 126 [1/1] (0.00ns)   --->   "%bitcast_ln110_2 = bitcast i32 %select_ln110" [cnn.cpp:110]   --->   Operation 126 'bitcast' 'bitcast_ln110_2' <Predicate = true> <Delay = 0.00>
ST_5 : Operation 127 [1/1] (0.00ns)   --->   "%tmp_6 = partselect i8 @_ssdm_op_PartSelect.i8.i32.i32.i32, i32 %bitcast_ln110_2, i32 23, i32 30" [cnn.cpp:110]   --->   Operation 127 'partselect' 'tmp_6' <Predicate = true> <Delay = 0.00>
ST_5 : Operation 128 [1/1] (0.00ns)   --->   "%trunc_ln110_2 = trunc i32 %bitcast_ln110_2" [cnn.cpp:110]   --->   Operation 128 'trunc' 'trunc_ln110_2' <Predicate = true> <Delay = 0.00>
ST_5 : Operation 129 [1/1] (0.85ns)   --->   "%icmp_ln110_2 = icmp_ne  i8 %tmp_5, i8 255" [cnn.cpp:110]   --->   Operation 129 'icmp' 'icmp_ln110_2' <Predicate = true> <Delay = 0.85> <CoreInst = "Cmp">   --->   Core 9 'Cmp' <Latency = 0> <II = 1> <Delay = 0.85> <FuncUnit> <Opcode : 'icmp'> <InPorts = 2> <OutPorts = 1>
ST_5 : Operation 130 [1/1] (0.97ns)   --->   "%icmp_ln110_3 = icmp_eq  i23 %trunc_ln110_1, i23 0" [cnn.cpp:110]   --->   Operation 130 'icmp' 'icmp_ln110_3' <Predicate = true> <Delay = 0.97> <CoreInst = "Cmp">   --->   Core 9 'Cmp' <Latency = 0> <II = 1> <Delay = 0.97> <FuncUnit> <Opcode : 'icmp'> <InPorts = 2> <OutPorts = 1>
ST_5 : Operation 131 [1/1] (0.00ns) (grouped into LUT with out node and_ln110_2)   --->   "%or_ln110_1 = or i1 %icmp_ln110_3, i1 %icmp_ln110_2" [cnn.cpp:110]   --->   Operation 131 'or' 'or_ln110_1' <Predicate = true> <Delay = 0.00> <CoreInst = "LogicGate">   --->   Core 74 'LogicGate' <Latency = 0> <II = 1> <Delay = 0.33> <FuncUnit> <Opcode : 'and' 'or' 'xor'> <InPorts = 2> <OutPorts = 1>
ST_5 : Operation 132 [1/1] (0.85ns)   --->   "%icmp_ln110_4 = icmp_ne  i8 %tmp_6, i8 255" [cnn.cpp:110]   --->   Operation 132 'icmp' 'icmp_ln110_4' <Predicate = true> <Delay = 0.85> <CoreInst = "Cmp">   --->   Core 9 'Cmp' <Latency = 0> <II = 1> <Delay = 0.85> <FuncUnit> <Opcode : 'icmp'> <InPorts = 2> <OutPorts = 1>
ST_5 : Operation 133 [1/1] (0.97ns)   --->   "%icmp_ln110_5 = icmp_eq  i23 %trunc_ln110_2, i23 0" [cnn.cpp:110]   --->   Operation 133 'icmp' 'icmp_ln110_5' <Predicate = true> <Delay = 0.97> <CoreInst = "Cmp">   --->   Core 9 'Cmp' <Latency = 0> <II = 1> <Delay = 0.97> <FuncUnit> <Opcode : 'icmp'> <InPorts = 2> <OutPorts = 1>
ST_5 : Operation 134 [1/1] (0.00ns) (grouped into LUT with out node and_ln110_2)   --->   "%or_ln110_2 = or i1 %icmp_ln110_5, i1 %icmp_ln110_4" [cnn.cpp:110]   --->   Operation 134 'or' 'or_ln110_2' <Predicate = true> <Delay = 0.00> <CoreInst = "LogicGate">   --->   Core 74 'LogicGate' <Latency = 0> <II = 1> <Delay = 0.33> <FuncUnit> <Opcode : 'and' 'or' 'xor'> <InPorts = 2> <OutPorts = 1>
ST_5 : Operation 135 [1/1] (0.00ns) (grouped into LUT with out node and_ln110_2)   --->   "%and_ln110_1 = and i1 %or_ln110_1, i1 %or_ln110_2" [cnn.cpp:110]   --->   Operation 135 'and' 'and_ln110_1' <Predicate = true> <Delay = 0.00> <CoreInst = "LogicGate">   --->   Core 74 'LogicGate' <Latency = 0> <II = 1> <Delay = 0.33> <FuncUnit> <Opcode : 'and' 'or' 'xor'> <InPorts = 2> <OutPorts = 1>
ST_5 : Operation 136 [1/2] (3.34ns)   --->   "%tmp_7 = fcmp_ogt  i32 %layer1_conv_load_1, i32 %select_ln110" [cnn.cpp:110]   --->   Operation 136 'fcmp' 'tmp_7' <Predicate = true> <Delay = 3.34> <CoreInst = "FCompare">   --->   Core 19 'FCompare' <Latency = 1> <II = 1> <Delay = 3.34> <FuncUnit> <Opcode : 'fcmp'> <InPorts = 2> <OutPorts = 1>
ST_5 : Operation 137 [1/1] (0.33ns) (out node of the LUT)   --->   "%and_ln110_2 = and i1 %and_ln110_1, i1 %tmp_7" [cnn.cpp:110]   --->   Operation 137 'and' 'and_ln110_2' <Predicate = true> <Delay = 0.33> <CoreInst = "LogicGate">   --->   Core 74 'LogicGate' <Latency = 0> <II = 1> <Delay = 0.33> <FuncUnit> <Opcode : 'and' 'or' 'xor'> <InPorts = 2> <OutPorts = 1>
ST_5 : Operation 138 [1/1] (0.52ns) (out node of the LUT)   --->   "%select_ln110_1 = select i1 %and_ln110_2, i32 %layer1_conv_load_1, i32 %select_ln110" [cnn.cpp:110]   --->   Operation 138 'select' 'select_ln110_1' <Predicate = true> <Delay = 0.52> <CoreInst = "Sel">   --->   Core 73 'Sel' <Latency = 0> <II = 1> <Delay = 0.52> <FuncUnit> <Opcode : 'select'> <InPorts = 3> <OutPorts = 1>

State 6 <SV = 5> <Delay = 3.34>
ST_6 : Operation 139 [2/2] (3.34ns)   --->   "%tmp_s = fcmp_ogt  i32 %layer1_conv_load_2, i32 %select_ln110_1" [cnn.cpp:110]   --->   Operation 139 'fcmp' 'tmp_s' <Predicate = true> <Delay = 3.34> <CoreInst = "FCompare">   --->   Core 19 'FCompare' <Latency = 1> <II = 1> <Delay = 3.34> <FuncUnit> <Opcode : 'fcmp'> <InPorts = 2> <OutPorts = 1>

State 7 <SV = 6> <Delay = 4.20>
ST_7 : Operation 140 [1/1] (0.00ns)   --->   "%bitcast_ln110_3 = bitcast i32 %layer1_conv_load_2" [cnn.cpp:110]   --->   Operation 140 'bitcast' 'bitcast_ln110_3' <Predicate = true> <Delay = 0.00>
ST_7 : Operation 141 [1/1] (0.00ns)   --->   "%tmp_8 = partselect i8 @_ssdm_op_PartSelect.i8.i32.i32.i32, i32 %bitcast_ln110_3, i32 23, i32 30" [cnn.cpp:110]   --->   Operation 141 'partselect' 'tmp_8' <Predicate = true> <Delay = 0.00>
ST_7 : Operation 142 [1/1] (0.00ns)   --->   "%trunc_ln110_3 = trunc i32 %bitcast_ln110_3" [cnn.cpp:110]   --->   Operation 142 'trunc' 'trunc_ln110_3' <Predicate = true> <Delay = 0.00>
ST_7 : Operation 143 [1/1] (0.00ns)   --->   "%bitcast_ln110_4 = bitcast i32 %select_ln110_1" [cnn.cpp:110]   --->   Operation 143 'bitcast' 'bitcast_ln110_4' <Predicate = true> <Delay = 0.00>
ST_7 : Operation 144 [1/1] (0.00ns)   --->   "%tmp_9 = partselect i8 @_ssdm_op_PartSelect.i8.i32.i32.i32, i32 %bitcast_ln110_4, i32 23, i32 30" [cnn.cpp:110]   --->   Operation 144 'partselect' 'tmp_9' <Predicate = true> <Delay = 0.00>
ST_7 : Operation 145 [1/1] (0.00ns)   --->   "%trunc_ln110_4 = trunc i32 %bitcast_ln110_4" [cnn.cpp:110]   --->   Operation 145 'trunc' 'trunc_ln110_4' <Predicate = true> <Delay = 0.00>
ST_7 : Operation 146 [1/1] (0.85ns)   --->   "%icmp_ln110_6 = icmp_ne  i8 %tmp_8, i8 255" [cnn.cpp:110]   --->   Operation 146 'icmp' 'icmp_ln110_6' <Predicate = true> <Delay = 0.85> <CoreInst = "Cmp">   --->   Core 9 'Cmp' <Latency = 0> <II = 1> <Delay = 0.85> <FuncUnit> <Opcode : 'icmp'> <InPorts = 2> <OutPorts = 1>
ST_7 : Operation 147 [1/1] (0.97ns)   --->   "%icmp_ln110_7 = icmp_eq  i23 %trunc_ln110_3, i23 0" [cnn.cpp:110]   --->   Operation 147 'icmp' 'icmp_ln110_7' <Predicate = true> <Delay = 0.97> <CoreInst = "Cmp">   --->   Core 9 'Cmp' <Latency = 0> <II = 1> <Delay = 0.97> <FuncUnit> <Opcode : 'icmp'> <InPorts = 2> <OutPorts = 1>
ST_7 : Operation 148 [1/1] (0.00ns) (grouped into LUT with out node and_ln110_4)   --->   "%or_ln110_3 = or i1 %icmp_ln110_7, i1 %icmp_ln110_6" [cnn.cpp:110]   --->   Operation 148 'or' 'or_ln110_3' <Predicate = true> <Delay = 0.00> <CoreInst = "LogicGate">   --->   Core 74 'LogicGate' <Latency = 0> <II = 1> <Delay = 0.33> <FuncUnit> <Opcode : 'and' 'or' 'xor'> <InPorts = 2> <OutPorts = 1>
ST_7 : Operation 149 [1/1] (0.85ns)   --->   "%icmp_ln110_8 = icmp_ne  i8 %tmp_9, i8 255" [cnn.cpp:110]   --->   Operation 149 'icmp' 'icmp_ln110_8' <Predicate = true> <Delay = 0.85> <CoreInst = "Cmp">   --->   Core 9 'Cmp' <Latency = 0> <II = 1> <Delay = 0.85> <FuncUnit> <Opcode : 'icmp'> <InPorts = 2> <OutPorts = 1>
ST_7 : Operation 150 [1/1] (0.97ns)   --->   "%icmp_ln110_9 = icmp_eq  i23 %trunc_ln110_4, i23 0" [cnn.cpp:110]   --->   Operation 150 'icmp' 'icmp_ln110_9' <Predicate = true> <Delay = 0.97> <CoreInst = "Cmp">   --->   Core 9 'Cmp' <Latency = 0> <II = 1> <Delay = 0.97> <FuncUnit> <Opcode : 'icmp'> <InPorts = 2> <OutPorts = 1>
ST_7 : Operation 151 [1/1] (0.00ns) (grouped into LUT with out node and_ln110_4)   --->   "%or_ln110_4 = or i1 %icmp_ln110_9, i1 %icmp_ln110_8" [cnn.cpp:110]   --->   Operation 151 'or' 'or_ln110_4' <Predicate = true> <Delay = 0.00> <CoreInst = "LogicGate">   --->   Core 74 'LogicGate' <Latency = 0> <II = 1> <Delay = 0.33> <FuncUnit> <Opcode : 'and' 'or' 'xor'> <InPorts = 2> <OutPorts = 1>
ST_7 : Operation 152 [1/1] (0.00ns) (grouped into LUT with out node and_ln110_4)   --->   "%and_ln110_3 = and i1 %or_ln110_3, i1 %or_ln110_4" [cnn.cpp:110]   --->   Operation 152 'and' 'and_ln110_3' <Predicate = true> <Delay = 0.00> <CoreInst = "LogicGate">   --->   Core 74 'LogicGate' <Latency = 0> <II = 1> <Delay = 0.33> <FuncUnit> <Opcode : 'and' 'or' 'xor'> <InPorts = 2> <OutPorts = 1>
ST_7 : Operation 153 [1/2] (3.34ns)   --->   "%tmp_s = fcmp_ogt  i32 %layer1_conv_load_2, i32 %select_ln110_1" [cnn.cpp:110]   --->   Operation 153 'fcmp' 'tmp_s' <Predicate = true> <Delay = 3.34> <CoreInst = "FCompare">   --->   Core 19 'FCompare' <Latency = 1> <II = 1> <Delay = 3.34> <FuncUnit> <Opcode : 'fcmp'> <InPorts = 2> <OutPorts = 1>
ST_7 : Operation 154 [1/1] (0.33ns) (out node of the LUT)   --->   "%and_ln110_4 = and i1 %and_ln110_3, i1 %tmp_s" [cnn.cpp:110]   --->   Operation 154 'and' 'and_ln110_4' <Predicate = true> <Delay = 0.33> <CoreInst = "LogicGate">   --->   Core 74 'LogicGate' <Latency = 0> <II = 1> <Delay = 0.33> <FuncUnit> <Opcode : 'and' 'or' 'xor'> <InPorts = 2> <OutPorts = 1>
ST_7 : Operation 155 [1/1] (0.52ns) (out node of the LUT)   --->   "%select_ln110_2 = select i1 %and_ln110_4, i32 %layer1_conv_load_2, i32 %select_ln110_1" [cnn.cpp:110]   --->   Operation 155 'select' 'select_ln110_2' <Predicate = true> <Delay = 0.52> <CoreInst = "Sel">   --->   Core 73 'Sel' <Latency = 0> <II = 1> <Delay = 0.52> <FuncUnit> <Opcode : 'select'> <InPorts = 3> <OutPorts = 1>

State 8 <SV = 7> <Delay = 3.34>
ST_8 : Operation 156 [2/2] (3.34ns)   --->   "%tmp_12 = fcmp_ogt  i32 %layer1_conv_load_3, i32 %select_ln110_2" [cnn.cpp:110]   --->   Operation 156 'fcmp' 'tmp_12' <Predicate = true> <Delay = 3.34> <CoreInst = "FCompare">   --->   Core 19 'FCompare' <Latency = 1> <II = 1> <Delay = 3.34> <FuncUnit> <Opcode : 'fcmp'> <InPorts = 2> <OutPorts = 1>
ST_8 : Operation 183 [1/1] (0.00ns)   --->   "%ret_ln0 = ret"   --->   Operation 183 'ret' 'ret_ln0' <Predicate = (icmp_ln103)> <Delay = 0.00>

State 9 <SV = 8> <Delay = 5.55>
ST_9 : Operation 157 [1/1] (0.00ns)   --->   "%specloopname_ln0 = specloopname void @_ssdm_op_SpecLoopName, void @VITIS_LOOP_103_6_VITIS_LOOP_104_7_VITIS_LOOP_105_8_str"   --->   Operation 157 'specloopname' 'specloopname_ln0' <Predicate = true> <Delay = 0.00>
ST_9 : Operation 158 [1/1] (0.00ns)   --->   "%empty_36 = speclooptripcount i32 @_ssdm_op_SpecLoopTripCount, i64 3844, i64 3844, i64 3844"   --->   Operation 158 'speclooptripcount' 'empty_36' <Predicate = true> <Delay = 0.00>
ST_9 : Operation 159 [1/1] (0.00ns)   --->   "%specpipeline_ln0 = specpipeline void @_ssdm_op_SpecPipeline, i32 4294967295, i32 0, i32 1, i32 0, void @p_str"   --->   Operation 159 'specpipeline' 'specpipeline_ln0' <Predicate = true> <Delay = 0.00>
ST_9 : Operation 160 [1/1] (0.00ns)   --->   "%specloopname_ln0 = specloopname void @_ssdm_op_SpecLoopName, void @VITIS_LOOP_104_7_VITIS_LOOP_105_8_str"   --->   Operation 160 'specloopname' 'specloopname_ln0' <Predicate = true> <Delay = 0.00>
ST_9 : Operation 161 [1/1] (0.00ns)   --->   "%specpipeline_ln0 = specpipeline void @_ssdm_op_SpecPipeline, i32 4294967295, i32 0, i32 1, i32 0, void @p_str"   --->   Operation 161 'specpipeline' 'specpipeline_ln0' <Predicate = true> <Delay = 0.00>
ST_9 : Operation 162 [1/1] (0.00ns)   --->   "%zext_ln113_2 = zext i12 %add_ln113_1" [cnn.cpp:113]   --->   Operation 162 'zext' 'zext_ln113_2' <Predicate = true> <Delay = 0.00>
ST_9 : Operation 163 [1/1] (0.00ns)   --->   "%layer1_pool_addr = getelementptr i32 %layer1_pool, i64 0, i64 %zext_ln113_2" [cnn.cpp:113]   --->   Operation 163 'getelementptr' 'layer1_pool_addr' <Predicate = true> <Delay = 0.00>
ST_9 : Operation 164 [1/1] (0.00ns)   --->   "%specloopname_ln106 = specloopname void @_ssdm_op_SpecLoopName, void @empty_17" [cnn.cpp:106]   --->   Operation 164 'specloopname' 'specloopname_ln106' <Predicate = true> <Delay = 0.00>
ST_9 : Operation 165 [1/1] (0.00ns)   --->   "%bitcast_ln110_5 = bitcast i32 %layer1_conv_load_3" [cnn.cpp:110]   --->   Operation 165 'bitcast' 'bitcast_ln110_5' <Predicate = true> <Delay = 0.00>
ST_9 : Operation 166 [1/1] (0.00ns)   --->   "%tmp_10 = partselect i8 @_ssdm_op_PartSelect.i8.i32.i32.i32, i32 %bitcast_ln110_5, i32 23, i32 30" [cnn.cpp:110]   --->   Operation 166 'partselect' 'tmp_10' <Predicate = true> <Delay = 0.00>
ST_9 : Operation 167 [1/1] (0.00ns)   --->   "%trunc_ln110_5 = trunc i32 %bitcast_ln110_5" [cnn.cpp:110]   --->   Operation 167 'trunc' 'trunc_ln110_5' <Predicate = true> <Delay = 0.00>
ST_9 : Operation 168 [1/1] (0.00ns)   --->   "%bitcast_ln110_6 = bitcast i32 %select_ln110_2" [cnn.cpp:110]   --->   Operation 168 'bitcast' 'bitcast_ln110_6' <Predicate = true> <Delay = 0.00>
ST_9 : Operation 169 [1/1] (0.00ns)   --->   "%tmp_11 = partselect i8 @_ssdm_op_PartSelect.i8.i32.i32.i32, i32 %bitcast_ln110_6, i32 23, i32 30" [cnn.cpp:110]   --->   Operation 169 'partselect' 'tmp_11' <Predicate = true> <Delay = 0.00>
ST_9 : Operation 170 [1/1] (0.00ns)   --->   "%trunc_ln110_6 = trunc i32 %bitcast_ln110_6" [cnn.cpp:110]   --->   Operation 170 'trunc' 'trunc_ln110_6' <Predicate = true> <Delay = 0.00>
ST_9 : Operation 171 [1/1] (0.85ns)   --->   "%icmp_ln110_10 = icmp_ne  i8 %tmp_10, i8 255" [cnn.cpp:110]   --->   Operation 171 'icmp' 'icmp_ln110_10' <Predicate = true> <Delay = 0.85> <CoreInst = "Cmp">   --->   Core 9 'Cmp' <Latency = 0> <II = 1> <Delay = 0.85> <FuncUnit> <Opcode : 'icmp'> <InPorts = 2> <OutPorts = 1>
ST_9 : Operation 172 [1/1] (0.97ns)   --->   "%icmp_ln110_11 = icmp_eq  i23 %trunc_ln110_5, i23 0" [cnn.cpp:110]   --->   Operation 172 'icmp' 'icmp_ln110_11' <Predicate = true> <Delay = 0.97> <CoreInst = "Cmp">   --->   Core 9 'Cmp' <Latency = 0> <II = 1> <Delay = 0.97> <FuncUnit> <Opcode : 'icmp'> <InPorts = 2> <OutPorts = 1>
ST_9 : Operation 173 [1/1] (0.00ns) (grouped into LUT with out node and_ln110_6)   --->   "%or_ln110_5 = or i1 %icmp_ln110_11, i1 %icmp_ln110_10" [cnn.cpp:110]   --->   Operation 173 'or' 'or_ln110_5' <Predicate = true> <Delay = 0.00> <CoreInst = "LogicGate">   --->   Core 74 'LogicGate' <Latency = 0> <II = 1> <Delay = 0.33> <FuncUnit> <Opcode : 'and' 'or' 'xor'> <InPorts = 2> <OutPorts = 1>
ST_9 : Operation 174 [1/1] (0.85ns)   --->   "%icmp_ln110_12 = icmp_ne  i8 %tmp_11, i8 255" [cnn.cpp:110]   --->   Operation 174 'icmp' 'icmp_ln110_12' <Predicate = true> <Delay = 0.85> <CoreInst = "Cmp">   --->   Core 9 'Cmp' <Latency = 0> <II = 1> <Delay = 0.85> <FuncUnit> <Opcode : 'icmp'> <InPorts = 2> <OutPorts = 1>
ST_9 : Operation 175 [1/1] (0.97ns)   --->   "%icmp_ln110_13 = icmp_eq  i23 %trunc_ln110_6, i23 0" [cnn.cpp:110]   --->   Operation 175 'icmp' 'icmp_ln110_13' <Predicate = true> <Delay = 0.97> <CoreInst = "Cmp">   --->   Core 9 'Cmp' <Latency = 0> <II = 1> <Delay = 0.97> <FuncUnit> <Opcode : 'icmp'> <InPorts = 2> <OutPorts = 1>
ST_9 : Operation 176 [1/1] (0.00ns) (grouped into LUT with out node and_ln110_6)   --->   "%or_ln110_6 = or i1 %icmp_ln110_13, i1 %icmp_ln110_12" [cnn.cpp:110]   --->   Operation 176 'or' 'or_ln110_6' <Predicate = true> <Delay = 0.00> <CoreInst = "LogicGate">   --->   Core 74 'LogicGate' <Latency = 0> <II = 1> <Delay = 0.33> <FuncUnit> <Opcode : 'and' 'or' 'xor'> <InPorts = 2> <OutPorts = 1>
ST_9 : Operation 177 [1/1] (0.00ns) (grouped into LUT with out node and_ln110_6)   --->   "%and_ln110_5 = and i1 %or_ln110_5, i1 %or_ln110_6" [cnn.cpp:110]   --->   Operation 177 'and' 'and_ln110_5' <Predicate = true> <Delay = 0.00> <CoreInst = "LogicGate">   --->   Core 74 'LogicGate' <Latency = 0> <II = 1> <Delay = 0.33> <FuncUnit> <Opcode : 'and' 'or' 'xor'> <InPorts = 2> <OutPorts = 1>
ST_9 : Operation 178 [1/2] (3.34ns)   --->   "%tmp_12 = fcmp_ogt  i32 %layer1_conv_load_3, i32 %select_ln110_2" [cnn.cpp:110]   --->   Operation 178 'fcmp' 'tmp_12' <Predicate = true> <Delay = 3.34> <CoreInst = "FCompare">   --->   Core 19 'FCompare' <Latency = 1> <II = 1> <Delay = 3.34> <FuncUnit> <Opcode : 'fcmp'> <InPorts = 2> <OutPorts = 1>
ST_9 : Operation 179 [1/1] (0.33ns) (out node of the LUT)   --->   "%and_ln110_6 = and i1 %and_ln110_5, i1 %tmp_12" [cnn.cpp:110]   --->   Operation 179 'and' 'and_ln110_6' <Predicate = true> <Delay = 0.33> <CoreInst = "LogicGate">   --->   Core 74 'LogicGate' <Latency = 0> <II = 1> <Delay = 0.33> <FuncUnit> <Opcode : 'and' 'or' 'xor'> <InPorts = 2> <OutPorts = 1>
ST_9 : Operation 180 [1/1] (0.52ns) (out node of the LUT)   --->   "%select_ln110_3 = select i1 %and_ln110_6, i32 %layer1_conv_load_3, i32 %select_ln110_2" [cnn.cpp:110]   --->   Operation 180 'select' 'select_ln110_3' <Predicate = true> <Delay = 0.52> <CoreInst = "Sel">   --->   Core 73 'Sel' <Latency = 0> <II = 1> <Delay = 0.52> <FuncUnit> <Opcode : 'select'> <InPorts = 3> <OutPorts = 1>
ST_9 : Operation 181 [1/1] (1.35ns)   --->   "%store_ln113 = store i32 %select_ln110_3, i12 %layer1_pool_addr" [cnn.cpp:113]   --->   Operation 181 'store' 'store_ln113' <Predicate = true> <Delay = 1.35> <CoreInst = "RAM_1WnR">   --->   Core 84 'RAM_1WnR' <Latency = 1> <II = 1> <Delay = 1.35> <Storage> <Opcode : 'load' 'store'> <Ports = 17> <Width = 32> <Depth = 3844> <RAM>
ST_9 : Operation 182 [1/1] (0.00ns)   --->   "%br_ln105 = br void %VITIS_LOOP_107_9" [cnn.cpp:105]   --->   Operation 182 'br' 'br_ln105' <Predicate = true> <Delay = 0.00>


============================================================
+ Verbose Summary: Binding
============================================================
STG Binding: 
---------------- STG Properties BEGIN ----------------
- Is combinational: 0
- Is one-state seq: 0
- Is datapath-only: 0
- Is pipelined: 0
- Is top level: 0
Port [ Return ] is wired: 1; IO mode=ap_ctrl_hs:ce=0
Port [ layer1_pool]:  wired=1; compound=1; hidden=0; nouse=0; global=0; static=0; extern=0; dir=1; type=1; pingpong=0; private_global=0; MemPort=[03333333333333333]; IO mode=ap_memory:ce=0
Port [ layer1_conv]:  wired=1; compound=1; hidden=0; nouse=0; global=0; static=0; extern=0; dir=0; type=1; pingpong=0; private_global=0; MemPort=[11113333333333333]; IO mode=ap_memory:ce=0
---------------- STG Properties END ------------------

---------------- Datapath Model BEGIN ----------------

<LifeTime>
<method=bitvector/>
c                     (alloca           ) [ 0110000000]
r_1                   (alloca           ) [ 0110000000]
indvar_flatten15      (alloca           ) [ 0110000000]
f                     (alloca           ) [ 0110000000]
indvar_flatten39      (alloca           ) [ 0110000000]
store_ln0             (store            ) [ 0000000000]
store_ln0             (store            ) [ 0000000000]
store_ln0             (store            ) [ 0000000000]
store_ln0             (store            ) [ 0000000000]
store_ln0             (store            ) [ 0000000000]
br_ln0                (br               ) [ 0000000000]
r                     (load             ) [ 0000000000]
indvar_flatten39_load (load             ) [ 0000000000]
tmp_29                (bitconcatenate   ) [ 0000000000]
empty                 (or               ) [ 0000000000]
specpipeline_ln0      (specpipeline     ) [ 0000000000]
icmp_ln103            (icmp             ) [ 0111111110]
add_ln103_1           (add              ) [ 0000000000]
br_ln103              (br               ) [ 0000000000]
c_load                (load             ) [ 0000000000]
indvar_flatten15_load (load             ) [ 0000000000]
f_load                (load             ) [ 0000000000]
add_ln103             (add              ) [ 0000000000]
icmp_ln104            (icmp             ) [ 0000000000]
select_ln103          (select           ) [ 0000000000]
select_ln103_1        (select           ) [ 0000000000]
zext_ln103            (zext             ) [ 0000000000]
zext_ln103_1          (zext             ) [ 0000000000]
select_ln103_2        (select           ) [ 0000000000]
select_ln103_3        (select           ) [ 0000000000]
xor_ln103             (xor              ) [ 0000000000]
icmp_ln105            (icmp             ) [ 0000000000]
and_ln103             (and              ) [ 0000000000]
add_ln104             (add              ) [ 0000000000]
or_ln104              (or               ) [ 0000000000]
select_ln104          (select           ) [ 0000000000]
select_ln104_1        (select           ) [ 0000000000]
zext_ln113            (zext             ) [ 0000000000]
tmp                   (bitconcatenate   ) [ 0000000000]
sub_ln113             (sub              ) [ 0000000000]
p_mid                 (bitconcatenate   ) [ 0000000000]
select_ln104_2        (select           ) [ 0000000000]
tmp_13                (bitconcatenate   ) [ 0000000000]
zext_ln109            (zext             ) [ 0000000000]
tmp_14                (bitconcatenate   ) [ 0000000000]
zext_ln109_1          (zext             ) [ 0000000000]
sub_ln109             (sub              ) [ 0000000000]
p_mid113              (or               ) [ 0000000000]
select_ln104_3        (select           ) [ 0000000000]
tmp_15                (bitconcatenate   ) [ 0000000000]
zext_ln109_2          (zext             ) [ 0000000000]
tmp_16                (bitconcatenate   ) [ 0000000000]
zext_ln109_3          (zext             ) [ 0000000000]
sub_ln109_1           (sub              ) [ 0000000000]
zext_ln113_1          (zext             ) [ 0000000000]
add_ln113             (add              ) [ 0000000000]
tmp_33                (bitconcatenate   ) [ 0000000000]
add_ln113_1           (add              ) [ 0101111111]
tmp_34                (bitconcatenate   ) [ 0000000000]
zext_ln109_4          (zext             ) [ 0000000000]
add_ln109             (add              ) [ 0000000000]
tmp_40_cast           (partselect       ) [ 0000000000]
tmp_35                (bitconcatenate   ) [ 0000000000]
zext_ln109_5          (zext             ) [ 0000000000]
layer1_conv_addr      (getelementptr    ) [ 0101000000]
add_ln109_1           (add              ) [ 0000000000]
tmp_44_cast           (partselect       ) [ 0000000000]
tmp_36                (bitconcatenate   ) [ 0000000000]
zext_ln109_6          (zext             ) [ 0000000000]
layer1_conv_addr_1    (getelementptr    ) [ 0101000000]
or_ln109              (or               ) [ 0000000000]
trunc_ln109           (trunc            ) [ 0000000000]
zext_ln109_7          (zext             ) [ 0000000000]
add_ln109_2           (add              ) [ 0000000000]
tmp_37                (bitconcatenate   ) [ 0000000000]
add_ln109_3           (add              ) [ 0000000000]
zext_ln109_8          (zext             ) [ 0000000000]
layer1_conv_addr_2    (getelementptr    ) [ 0101000000]
trunc_ln109_1         (trunc            ) [ 0000000000]
zext_ln109_9          (zext             ) [ 0000000000]
add_ln109_4           (add              ) [ 0000000000]
tmp_38                (bitconcatenate   ) [ 0000000000]
add_ln109_5           (add              ) [ 0000000000]
zext_ln109_10         (zext             ) [ 0000000000]
layer1_conv_addr_3    (getelementptr    ) [ 0101000000]
add_ln105             (add              ) [ 0000000000]
add_ln104_1           (add              ) [ 0000000000]
select_ln104_4        (select           ) [ 0000000000]
store_ln105           (store            ) [ 0000000000]
store_ln105           (store            ) [ 0000000000]
store_ln105           (store            ) [ 0000000000]
store_ln105           (store            ) [ 0000000000]
store_ln105           (store            ) [ 0000000000]
layer1_conv_load      (load             ) [ 0100100000]
layer1_conv_load_1    (load             ) [ 0100110000]
layer1_conv_load_2    (load             ) [ 0100111100]
layer1_conv_load_3    (load             ) [ 0100111111]
bitcast_ln110         (bitcast          ) [ 0000000000]
tmp_3                 (partselect       ) [ 0000000000]
trunc_ln110           (trunc            ) [ 0000000000]
icmp_ln110            (icmp             ) [ 0000000000]
icmp_ln110_1          (icmp             ) [ 0000000000]
or_ln110              (or               ) [ 0000000000]
tmp_4                 (fcmp             ) [ 0000000000]
and_ln110             (and              ) [ 0000000000]
select_ln110          (select           ) [ 0100010000]
bitcast_ln110_1       (bitcast          ) [ 0000000000]
tmp_5                 (partselect       ) [ 0000000000]
trunc_ln110_1         (trunc            ) [ 0000000000]
bitcast_ln110_2       (bitcast          ) [ 0000000000]
tmp_6                 (partselect       ) [ 0000000000]
trunc_ln110_2         (trunc            ) [ 0000000000]
icmp_ln110_2          (icmp             ) [ 0000000000]
icmp_ln110_3          (icmp             ) [ 0000000000]
or_ln110_1            (or               ) [ 0000000000]
icmp_ln110_4          (icmp             ) [ 0000000000]
icmp_ln110_5          (icmp             ) [ 0000000000]
or_ln110_2            (or               ) [ 0000000000]
and_ln110_1           (and              ) [ 0000000000]
tmp_7                 (fcmp             ) [ 0000000000]
and_ln110_2           (and              ) [ 0000000000]
select_ln110_1        (select           ) [ 0100001100]
bitcast_ln110_3       (bitcast          ) [ 0000000000]
tmp_8                 (partselect       ) [ 0000000000]
trunc_ln110_3         (trunc            ) [ 0000000000]
bitcast_ln110_4       (bitcast          ) [ 0000000000]
tmp_9                 (partselect       ) [ 0000000000]
trunc_ln110_4         (trunc            ) [ 0000000000]
icmp_ln110_6          (icmp             ) [ 0000000000]
icmp_ln110_7          (icmp             ) [ 0000000000]
or_ln110_3            (or               ) [ 0000000000]
icmp_ln110_8          (icmp             ) [ 0000000000]
icmp_ln110_9          (icmp             ) [ 0000000000]
or_ln110_4            (or               ) [ 0000000000]
and_ln110_3           (and              ) [ 0000000000]
tmp_s                 (fcmp             ) [ 0000000000]
and_ln110_4           (and              ) [ 0000000000]
select_ln110_2        (select           ) [ 0100000011]
specloopname_ln0      (specloopname     ) [ 0000000000]
empty_36              (speclooptripcount) [ 0000000000]
specpipeline_ln0      (specpipeline     ) [ 0000000000]
specloopname_ln0      (specloopname     ) [ 0000000000]
specpipeline_ln0      (specpipeline     ) [ 0000000000]
zext_ln113_2          (zext             ) [ 0000000000]
layer1_pool_addr      (getelementptr    ) [ 0000000000]
specloopname_ln106    (specloopname     ) [ 0000000000]
bitcast_ln110_5       (bitcast          ) [ 0000000000]
tmp_10                (partselect       ) [ 0000000000]
trunc_ln110_5         (trunc            ) [ 0000000000]
bitcast_ln110_6       (bitcast          ) [ 0000000000]
tmp_11                (partselect       ) [ 0000000000]
trunc_ln110_6         (trunc            ) [ 0000000000]
icmp_ln110_10         (icmp             ) [ 0000000000]
icmp_ln110_11         (icmp             ) [ 0000000000]
or_ln110_5            (or               ) [ 0000000000]
icmp_ln110_12         (icmp             ) [ 0000000000]
icmp_ln110_13         (icmp             ) [ 0000000000]
or_ln110_6            (or               ) [ 0000000000]
and_ln110_5           (and              ) [ 0000000000]
tmp_12                (fcmp             ) [ 0000000000]
and_ln110_6           (and              ) [ 0000000000]
select_ln110_3        (select           ) [ 0000000000]
store_ln113           (store            ) [ 0000000000]
br_ln105              (br               ) [ 0000000000]
ret_ln0               (ret              ) [ 0000000000]
</LifeTime>

<model>

<comp_list>
<comp id="0" class="1000" name="layer1_pool">
<pin_list>
<pin id="1" dir="1" index="0" bw="1" slack="0"/>
</pin_list>
<bind>
<StgValue><ssdm name="layer1_pool"/><MemPortTyVec>0 3 3 3 3 3 3 3 3 3 3 3 3 3 3 3 3 </MemPortTyVec>
</StgValue>
</bind>
</comp>

<comp id="2" class="1000" name="layer1_conv">
<pin_list>
<pin id="3" dir="1" index="0" bw="1" slack="0"/>
</pin_list>
<bind>
<StgValue><ssdm name="layer1_conv"/><MemPortTyVec>1 1 1 1 3 3 3 3 3 3 3 3 3 3 3 3 3 </MemPortTyVec>
</StgValue>
</bind>
</comp>

<comp id="4" class="1001" name="const_4">
<pin_list>
<pin id="5" dir="1" index="0" bw="1" slack="0"/>
</pin_list>
<bind>
<StgValue><ssdm name=""/></StgValue>
</bind>
</comp>

<comp id="6" class="1001" name="const_6">
<pin_list>
<pin id="7" dir="1" index="0" bw="1" slack="0"/>
</pin_list>
<bind>
<StgValue><ssdm name=""/></StgValue>
</bind>
</comp>

<comp id="8" class="1001" name="const_8">
<pin_list>
<pin id="9" dir="1" index="0" bw="1" slack="0"/>
</pin_list>
<bind>
<StgValue><ssdm name=""/></StgValue>
</bind>
</comp>

<comp id="10" class="1001" name="const_10">
<pin_list>
<pin id="11" dir="1" index="0" bw="1" slack="0"/>
</pin_list>
<bind>
<StgValue><ssdm name=""/></StgValue>
</bind>
</comp>

<comp id="12" class="1001" name="const_12">
<pin_list>
<pin id="13" dir="1" index="0" bw="1" slack="0"/>
</pin_list>
<bind>
<StgValue><ssdm name=""/></StgValue>
</bind>
</comp>

<comp id="14" class="1001" name="const_14">
<pin_list>
<pin id="15" dir="1" index="0" bw="1" slack="0"/>
</pin_list>
<bind>
<StgValue><ssdm name="_ssdm_op_BitConcatenate.i6.i5.i1"/></StgValue>
</bind>
</comp>

<comp id="16" class="1001" name="const_16">
<pin_list>
<pin id="17" dir="1" index="0" bw="1" slack="0"/>
</pin_list>
<bind>
<StgValue><ssdm name=""/></StgValue>
</bind>
</comp>

<comp id="18" class="1001" name="const_18">
<pin_list>
<pin id="19" dir="1" index="0" bw="1" slack="0"/>
</pin_list>
<bind>
<StgValue><ssdm name=""/></StgValue>
</bind>
</comp>

<comp id="20" class="1001" name="const_20">
<pin_list>
<pin id="21" dir="1" index="0" bw="1" slack="2147483647"/>
</pin_list>
<bind>
<StgValue><ssdm name="_ssdm_op_SpecPipeline"/></StgValue>
</bind>
</comp>

<comp id="22" class="1001" name="const_22">
<pin_list>
<pin id="23" dir="1" index="0" bw="1" slack="2147483647"/>
</pin_list>
<bind>
<StgValue><ssdm name=""/></StgValue>
</bind>
</comp>

<comp id="24" class="1001" name="const_24">
<pin_list>
<pin id="25" dir="1" index="0" bw="1" slack="2147483647"/>
</pin_list>
<bind>
<StgValue><ssdm name=""/></StgValue>
</bind>
</comp>

<comp id="26" class="1001" name="const_26">
<pin_list>
<pin id="27" dir="1" index="0" bw="1" slack="2147483647"/>
</pin_list>
<bind>
<StgValue><ssdm name="p_str"/></StgValue>
</bind>
</comp>

<comp id="28" class="1001" name="const_28">
<pin_list>
<pin id="29" dir="1" index="0" bw="1" slack="0"/>
</pin_list>
<bind>
<StgValue><ssdm name=""/></StgValue>
</bind>
</comp>

<comp id="30" class="1001" name="const_30">
<pin_list>
<pin id="31" dir="1" index="0" bw="1" slack="0"/>
</pin_list>
<bind>
<StgValue><ssdm name=""/></StgValue>
</bind>
</comp>

<comp id="32" class="1001" name="const_32">
<pin_list>
<pin id="33" dir="1" index="0" bw="1" slack="0"/>
</pin_list>
<bind>
<StgValue><ssdm name=""/></StgValue>
</bind>
</comp>

<comp id="34" class="1001" name="const_34">
<pin_list>
<pin id="35" dir="1" index="0" bw="1" slack="0"/>
</pin_list>
<bind>
<StgValue><ssdm name=""/></StgValue>
</bind>
</comp>

<comp id="36" class="1001" name="const_36">
<pin_list>
<pin id="37" dir="1" index="0" bw="1" slack="0"/>
</pin_list>
<bind>
<StgValue><ssdm name=""/></StgValue>
</bind>
</comp>

<comp id="38" class="1001" name="const_38">
<pin_list>
<pin id="39" dir="1" index="0" bw="1" slack="0"/>
</pin_list>
<bind>
<StgValue><ssdm name=""/></StgValue>
</bind>
</comp>

<comp id="40" class="1001" name="const_40">
<pin_list>
<pin id="41" dir="1" index="0" bw="1" slack="0"/>
</pin_list>
<bind>
<StgValue><ssdm name=""/></StgValue>
</bind>
</comp>

<comp id="42" class="1001" name="const_42">
<pin_list>
<pin id="43" dir="1" index="0" bw="1" slack="0"/>
</pin_list>
<bind>
<StgValue><ssdm name=""/></StgValue>
</bind>
</comp>

<comp id="44" class="1001" name="const_44">
<pin_list>
<pin id="45" dir="1" index="0" bw="1" slack="0"/>
</pin_list>
<bind>
<StgValue><ssdm name="_ssdm_op_BitConcatenate.i10.i5.i5"/></StgValue>
</bind>
</comp>

<comp id="46" class="1001" name="const_46">
<pin_list>
<pin id="47" dir="1" index="0" bw="1" slack="0"/>
</pin_list>
<bind>
<StgValue><ssdm name="_ssdm_op_BitConcatenate.i12.i6.i6"/></StgValue>
</bind>
</comp>

<comp id="48" class="1001" name="const_48">
<pin_list>
<pin id="49" dir="1" index="0" bw="1" slack="0"/>
</pin_list>
<bind>
<StgValue><ssdm name="_ssdm_op_BitConcatenate.i7.i6.i1"/></StgValue>
</bind>
</comp>

<comp id="50" class="1001" name="const_50">
<pin_list>
<pin id="51" dir="1" index="0" bw="1" slack="0"/>
</pin_list>
<bind>
<StgValue><ssdm name="_ssdm_op_BitConcatenate.i12.i10.i2"/></StgValue>
</bind>
</comp>

<comp id="52" class="1001" name="const_52">
<pin_list>
<pin id="53" dir="1" index="0" bw="1" slack="0"/>
</pin_list>
<bind>
<StgValue><ssdm name=""/></StgValue>
</bind>
</comp>

<comp id="54" class="1001" name="const_54">
<pin_list>
<pin id="55" dir="1" index="0" bw="1" slack="0"/>
</pin_list>
<bind>
<StgValue><ssdm name="_ssdm_op_PartSelect.i11.i62.i32.i32"/></StgValue>
</bind>
</comp>

<comp id="56" class="1001" name="const_56">
<pin_list>
<pin id="57" dir="1" index="0" bw="1" slack="0"/>
</pin_list>
<bind>
<StgValue><ssdm name=""/></StgValue>
</bind>
</comp>

<comp id="58" class="1001" name="const_58">
<pin_list>
<pin id="59" dir="1" index="0" bw="1" slack="0"/>
</pin_list>
<bind>
<StgValue><ssdm name="_ssdm_op_BitConcatenate.i14.i11.i3"/></StgValue>
</bind>
</comp>

<comp id="60" class="1001" name="const_60">
<pin_list>
<pin id="61" dir="1" index="0" bw="1" slack="0"/>
</pin_list>
<bind>
<StgValue><ssdm name=""/></StgValue>
</bind>
</comp>

<comp id="62" class="1001" name="const_62">
<pin_list>
<pin id="63" dir="1" index="0" bw="1" slack="0"/>
</pin_list>
<bind>
<StgValue><ssdm name="_ssdm_op_BitConcatenate.i14.i12.i2"/></StgValue>
</bind>
</comp>

<comp id="64" class="1001" name="const_64">
<pin_list>
<pin id="65" dir="1" index="0" bw="1" slack="0"/>
</pin_list>
<bind>
<StgValue><ssdm name=""/></StgValue>
</bind>
</comp>

<comp id="66" class="1001" name="const_66">
<pin_list>
<pin id="67" dir="1" index="0" bw="1" slack="0"/>
</pin_list>
<bind>
<StgValue><ssdm name=""/></StgValue>
</bind>
</comp>

<comp id="68" class="1001" name="const_68">
<pin_list>
<pin id="69" dir="1" index="0" bw="1" slack="0"/>
</pin_list>
<bind>
<StgValue><ssdm name="_ssdm_op_PartSelect.i8.i32.i32.i32"/></StgValue>
</bind>
</comp>

<comp id="70" class="1001" name="const_70">
<pin_list>
<pin id="71" dir="1" index="0" bw="1" slack="0"/>
</pin_list>
<bind>
<StgValue><ssdm name=""/></StgValue>
</bind>
</comp>

<comp id="72" class="1001" name="const_72">
<pin_list>
<pin id="73" dir="1" index="0" bw="1" slack="0"/>
</pin_list>
<bind>
<StgValue><ssdm name=""/></StgValue>
</bind>
</comp>

<comp id="74" class="1001" name="const_74">
<pin_list>
<pin id="75" dir="1" index="0" bw="1" slack="0"/>
</pin_list>
<bind>
<StgValue><ssdm name=""/></StgValue>
</bind>
</comp>

<comp id="76" class="1001" name="const_76">
<pin_list>
<pin id="77" dir="1" index="0" bw="1" slack="0"/>
</pin_list>
<bind>
<StgValue><ssdm name=""/></StgValue>
</bind>
</comp>

<comp id="78" class="1001" name="const_78">
<pin_list>
<pin id="79" dir="1" index="0" bw="1" slack="2147483647"/>
</pin_list>
<bind>
<StgValue><ssdm name="_ssdm_op_SpecLoopName"/></StgValue>
</bind>
</comp>

<comp id="80" class="1001" name="const_80">
<pin_list>
<pin id="81" dir="1" index="0" bw="1" slack="2147483647"/>
</pin_list>
<bind>
<StgValue><ssdm name="VITIS_LOOP_103_6_VITIS_LOOP_104_7_VITIS_LOOP_105_8_str"/></StgValue>
</bind>
</comp>

<comp id="82" class="1001" name="const_82">
<pin_list>
<pin id="83" dir="1" index="0" bw="1" slack="2147483647"/>
</pin_list>
<bind>
<StgValue><ssdm name="_ssdm_op_SpecLoopTripCount"/></StgValue>
</bind>
</comp>

<comp id="84" class="1001" name="const_84">
<pin_list>
<pin id="85" dir="1" index="0" bw="1" slack="2147483647"/>
</pin_list>
<bind>
<StgValue><ssdm name=""/></StgValue>
</bind>
</comp>

<comp id="86" class="1001" name="const_86">
<pin_list>
<pin id="87" dir="1" index="0" bw="1" slack="2147483647"/>
</pin_list>
<bind>
<StgValue><ssdm name="VITIS_LOOP_104_7_VITIS_LOOP_105_8_str"/></StgValue>
</bind>
</comp>

<comp id="88" class="1001" name="const_88">
<pin_list>
<pin id="89" dir="1" index="0" bw="1" slack="2147483647"/>
</pin_list>
<bind>
<StgValue><ssdm name="empty_17"/></StgValue>
</bind>
</comp>

<comp id="90" class="1004" name="c_fu_90">
<pin_list>
<pin id="91" dir="0" index="0" bw="1" slack="0"/>
<pin id="92" dir="1" index="1" bw="5" slack="0"/>
</pin_list>
<bind>
<opcode="alloca(26) " fcode="alloca"/>
<opset="c/1 "/>
</bind>
</comp>

<comp id="94" class="1004" name="r_1_fu_94">
<pin_list>
<pin id="95" dir="0" index="0" bw="1" slack="0"/>
<pin id="96" dir="1" index="1" bw="5" slack="0"/>
</pin_list>
<bind>
<opcode="alloca(26) " fcode="alloca"/>
<opset="r_1/1 "/>
</bind>
</comp>

<comp id="98" class="1004" name="indvar_flatten15_fu_98">
<pin_list>
<pin id="99" dir="0" index="0" bw="1" slack="0"/>
<pin id="100" dir="1" index="1" bw="10" slack="0"/>
</pin_list>
<bind>
<opcode="alloca(26) " fcode="alloca"/>
<opset="indvar_flatten15/1 "/>
</bind>
</comp>

<comp id="102" class="1004" name="f_fu_102">
<pin_list>
<pin id="103" dir="0" index="0" bw="1" slack="0"/>
<pin id="104" dir="1" index="1" bw="3" slack="0"/>
</pin_list>
<bind>
<opcode="alloca(26) " fcode="alloca"/>
<opset="f/1 "/>
</bind>
</comp>

<comp id="106" class="1004" name="indvar_flatten39_fu_106">
<pin_list>
<pin id="107" dir="0" index="0" bw="1" slack="0"/>
<pin id="108" dir="1" index="1" bw="12" slack="0"/>
</pin_list>
<bind>
<opcode="alloca(26) " fcode="alloca"/>
<opset="indvar_flatten39/1 "/>
</bind>
</comp>

<comp id="110" class="1004" name="layer1_conv_addr_gep_fu_110">
<pin_list>
<pin id="111" dir="0" index="0" bw="32" slack="0"/>
<pin id="112" dir="0" index="1" bw="1" slack="0"/>
<pin id="113" dir="0" index="2" bw="14" slack="0"/>
<pin id="114" dir="1" index="3" bw="14" slack="0"/>
</pin_list>
<bind>
<opcode="getelementptr(29) " fcode="getelementptr"/>
<opset="layer1_conv_addr/2 "/>
</bind>
</comp>

<comp id="117" class="1004" name="layer1_conv_addr_1_gep_fu_117">
<pin_list>
<pin id="118" dir="0" index="0" bw="32" slack="0"/>
<pin id="119" dir="0" index="1" bw="1" slack="0"/>
<pin id="120" dir="0" index="2" bw="14" slack="0"/>
<pin id="121" dir="1" index="3" bw="14" slack="0"/>
</pin_list>
<bind>
<opcode="getelementptr(29) " fcode="getelementptr"/>
<opset="layer1_conv_addr_1/2 "/>
</bind>
</comp>

<comp id="124" class="1004" name="grp_access_fu_124">
<pin_list>
<pin id="125" dir="0" index="0" bw="14" slack="0"/>
<pin id="126" dir="0" index="1" bw="32" slack="2147483647"/>
<pin id="127" dir="0" index="2" bw="0" slack="0"/>
<pin id="129" dir="0" index="4" bw="14" slack="2147483647"/>
<pin id="130" dir="0" index="5" bw="32" slack="0"/>
<pin id="131" dir="0" index="6" bw="0" slack="2147483647"/>
<pin id="133" dir="0" index="8" bw="14" slack="0"/>
<pin id="134" dir="0" index="9" bw="32" slack="2147483647"/>
<pin id="135" dir="0" index="10" bw="0" slack="2147483647"/>
<pin id="137" dir="0" index="12" bw="14" slack="2147483647"/>
<pin id="138" dir="0" index="13" bw="32" slack="2147483647"/>
<pin id="139" dir="0" index="14" bw="0" slack="2147483647"/>
<pin id="128" dir="1" index="3" bw="32" slack="5"/>
<pin id="132" dir="1" index="7" bw="32" slack="3"/>
<pin id="136" dir="1" index="11" bw="32" slack="1"/>
<pin id="140" dir="1" index="15" bw="32" slack="0"/>
</pin_list>
<bind>
<opcode="load(27) " fcode="load"/>
<opset="layer1_conv_load/2 layer1_conv_load_1/2 layer1_conv_load_2/2 layer1_conv_load_3/2 "/>
</bind>
</comp>

<comp id="142" class="1004" name="layer1_conv_addr_2_gep_fu_142">
<pin_list>
<pin id="143" dir="0" index="0" bw="32" slack="0"/>
<pin id="144" dir="0" index="1" bw="1" slack="0"/>
<pin id="145" dir="0" index="2" bw="14" slack="0"/>
<pin id="146" dir="1" index="3" bw="14" slack="0"/>
</pin_list>
<bind>
<opcode="getelementptr(29) " fcode="getelementptr"/>
<opset="layer1_conv_addr_2/2 "/>
</bind>
</comp>

<comp id="149" class="1004" name="layer1_conv_addr_3_gep_fu_149">
<pin_list>
<pin id="150" dir="0" index="0" bw="32" slack="0"/>
<pin id="151" dir="0" index="1" bw="1" slack="0"/>
<pin id="152" dir="0" index="2" bw="14" slack="0"/>
<pin id="153" dir="1" index="3" bw="14" slack="0"/>
</pin_list>
<bind>
<opcode="getelementptr(29) " fcode="getelementptr"/>
<opset="layer1_conv_addr_3/2 "/>
</bind>
</comp>

<comp id="159" class="1004" name="layer1_pool_addr_gep_fu_159">
<pin_list>
<pin id="160" dir="0" index="0" bw="32" slack="0"/>
<pin id="161" dir="0" index="1" bw="1" slack="0"/>
<pin id="162" dir="0" index="2" bw="12" slack="0"/>
<pin id="163" dir="1" index="3" bw="12" slack="0"/>
</pin_list>
<bind>
<opcode="getelementptr(29) " fcode="getelementptr"/>
<opset="layer1_pool_addr/9 "/>
</bind>
</comp>

<comp id="166" class="1004" name="store_ln113_access_fu_166">
<pin_list>
<pin id="167" dir="0" index="0" bw="12" slack="0"/>
<pin id="168" dir="0" index="1" bw="32" slack="0"/>
<pin id="169" dir="0" index="2" bw="0" slack="2147483647"/>
<pin id="170" dir="1" index="3" bw="32" slack="2147483647"/>
</pin_list>
<bind>
<opcode="store(28) " fcode="store"/>
<opset="store_ln113/9 "/>
</bind>
</comp>

<comp id="172" class="1004" name="grp_fu_172">
<pin_list>
<pin id="173" dir="0" index="0" bw="32" slack="0"/>
<pin id="174" dir="0" index="1" bw="32" slack="0"/>
<pin id="175" dir="1" index="2" bw="1" slack="0"/>
</pin_list>
<bind>
<opcode="fcmp(46) " fcode="fcmp"/>
<opset="tmp_4/3 "/>
</bind>
</comp>

<comp id="178" class="1004" name="grp_fu_178">
<pin_list>
<pin id="179" dir="0" index="0" bw="32" slack="1"/>
<pin id="180" dir="0" index="1" bw="32" slack="0"/>
<pin id="181" dir="1" index="2" bw="1" slack="0"/>
</pin_list>
<bind>
<opcode="fcmp(46) " fcode="fcmp"/>
<opset="tmp_7/4 "/>
</bind>
</comp>

<comp id="182" class="1004" name="grp_fu_182">
<pin_list>
<pin id="183" dir="0" index="0" bw="32" slack="3"/>
<pin id="184" dir="0" index="1" bw="32" slack="1"/>
<pin id="185" dir="1" index="2" bw="1" slack="0"/>
</pin_list>
<bind>
<opcode="fcmp(46) " fcode="fcmp"/>
<opset="tmp_s/6 "/>
</bind>
</comp>

<comp id="186" class="1004" name="grp_fu_186">
<pin_list>
<pin id="187" dir="0" index="0" bw="32" slack="5"/>
<pin id="188" dir="0" index="1" bw="32" slack="1"/>
<pin id="189" dir="1" index="2" bw="1" slack="0"/>
</pin_list>
<bind>
<opcode="fcmp(46) " fcode="fcmp"/>
<opset="tmp_12/8 "/>
</bind>
</comp>

<comp id="190" class="1004" name="store_ln0_store_fu_190">
<pin_list>
<pin id="191" dir="0" index="0" bw="1" slack="0"/>
<pin id="192" dir="0" index="1" bw="12" slack="0"/>
<pin id="193" dir="1" index="2" bw="0" slack="2147483647"/>
</pin_list>
<bind>
<opcode="store(28) " fcode="store"/>
<opset="store_ln0/1 "/>
</bind>
</comp>

<comp id="195" class="1004" name="store_ln0_store_fu_195">
<pin_list>
<pin id="196" dir="0" index="0" bw="1" slack="0"/>
<pin id="197" dir="0" index="1" bw="3" slack="0"/>
<pin id="198" dir="1" index="2" bw="0" slack="2147483647"/>
</pin_list>
<bind>
<opcode="store(28) " fcode="store"/>
<opset="store_ln0/1 "/>
</bind>
</comp>

<comp id="200" class="1004" name="store_ln0_store_fu_200">
<pin_list>
<pin id="201" dir="0" index="0" bw="1" slack="0"/>
<pin id="202" dir="0" index="1" bw="10" slack="0"/>
<pin id="203" dir="1" index="2" bw="0" slack="2147483647"/>
</pin_list>
<bind>
<opcode="store(28) " fcode="store"/>
<opset="store_ln0/1 "/>
</bind>
</comp>

<comp id="205" class="1004" name="store_ln0_store_fu_205">
<pin_list>
<pin id="206" dir="0" index="0" bw="1" slack="0"/>
<pin id="207" dir="0" index="1" bw="5" slack="0"/>
<pin id="208" dir="1" index="2" bw="0" slack="2147483647"/>
</pin_list>
<bind>
<opcode="store(28) " fcode="store"/>
<opset="store_ln0/1 "/>
</bind>
</comp>

<comp id="210" class="1004" name="store_ln0_store_fu_210">
<pin_list>
<pin id="211" dir="0" index="0" bw="1" slack="0"/>
<pin id="212" dir="0" index="1" bw="5" slack="0"/>
<pin id="213" dir="1" index="2" bw="0" slack="2147483647"/>
</pin_list>
<bind>
<opcode="store(28) " fcode="store"/>
<opset="store_ln0/1 "/>
</bind>
</comp>

<comp id="215" class="1004" name="r_load_fu_215">
<pin_list>
<pin id="216" dir="0" index="0" bw="5" slack="1"/>
<pin id="217" dir="1" index="1" bw="5" slack="0"/>
</pin_list>
<bind>
<opcode="load(27) " fcode="load"/>
<opset="r/2 "/>
</bind>
</comp>

<comp id="218" class="1004" name="indvar_flatten39_load_load_fu_218">
<pin_list>
<pin id="219" dir="0" index="0" bw="12" slack="1"/>
<pin id="220" dir="1" index="1" bw="12" slack="0"/>
</pin_list>
<bind>
<opcode="load(27) " fcode="load"/>
<opset="indvar_flatten39_load/2 "/>
</bind>
</comp>

<comp id="221" class="1004" name="tmp_29_fu_221">
<pin_list>
<pin id="222" dir="0" index="0" bw="6" slack="0"/>
<pin id="223" dir="0" index="1" bw="5" slack="0"/>
<pin id="224" dir="0" index="2" bw="1" slack="0"/>
<pin id="225" dir="1" index="3" bw="6" slack="0"/>
</pin_list>
<bind>
<opcode="bitconcatenate(1004) " fcode="bitconcatenate"/>
<opset="tmp_29/2 "/>
</bind>
</comp>

<comp id="229" class="1004" name="empty_fu_229">
<pin_list>
<pin id="230" dir="0" index="0" bw="6" slack="0"/>
<pin id="231" dir="0" index="1" bw="6" slack="0"/>
<pin id="232" dir="1" index="2" bw="6" slack="0"/>
</pin_list>
<bind>
<opcode="or(24) " fcode="or"/>
<opset="empty/2 "/>
</bind>
</comp>

<comp id="235" class="1004" name="icmp_ln103_fu_235">
<pin_list>
<pin id="236" dir="0" index="0" bw="12" slack="0"/>
<pin id="237" dir="0" index="1" bw="12" slack="0"/>
<pin id="238" dir="1" index="2" bw="1" slack="6"/>
</pin_list>
<bind>
<opcode="icmp(45) " fcode="icmp"/>
<opset="icmp_ln103/2 "/>
</bind>
</comp>

<comp id="241" class="1004" name="add_ln103_1_fu_241">
<pin_list>
<pin id="242" dir="0" index="0" bw="12" slack="0"/>
<pin id="243" dir="0" index="1" bw="1" slack="0"/>
<pin id="244" dir="1" index="2" bw="12" slack="0"/>
</pin_list>
<bind>
<opcode="add(8) " fcode="add"/>
<opset="add_ln103_1/2 "/>
</bind>
</comp>

<comp id="247" class="1004" name="c_load_load_fu_247">
<pin_list>
<pin id="248" dir="0" index="0" bw="5" slack="1"/>
<pin id="249" dir="1" index="1" bw="5" slack="0"/>
</pin_list>
<bind>
<opcode="load(27) " fcode="load"/>
<opset="c_load/2 "/>
</bind>
</comp>

<comp id="250" class="1004" name="indvar_flatten15_load_load_fu_250">
<pin_list>
<pin id="251" dir="0" index="0" bw="10" slack="1"/>
<pin id="252" dir="1" index="1" bw="10" slack="0"/>
</pin_list>
<bind>
<opcode="load(27) " fcode="load"/>
<opset="indvar_flatten15_load/2 "/>
</bind>
</comp>

<comp id="253" class="1004" name="f_load_load_fu_253">
<pin_list>
<pin id="254" dir="0" index="0" bw="3" slack="1"/>
<pin id="255" dir="1" index="1" bw="3" slack="0"/>
</pin_list>
<bind>
<opcode="load(27) " fcode="load"/>
<opset="f_load/2 "/>
</bind>
</comp>

<comp id="256" class="1004" name="add_ln103_fu_256">
<pin_list>
<pin id="257" dir="0" index="0" bw="3" slack="0"/>
<pin id="258" dir="0" index="1" bw="1" slack="0"/>
<pin id="259" dir="1" index="2" bw="3" slack="0"/>
</pin_list>
<bind>
<opcode="add(8) " fcode="add"/>
<opset="add_ln103/2 "/>
</bind>
</comp>

<comp id="262" class="1004" name="icmp_ln104_fu_262">
<pin_list>
<pin id="263" dir="0" index="0" bw="10" slack="0"/>
<pin id="264" dir="0" index="1" bw="10" slack="0"/>
<pin id="265" dir="1" index="2" bw="1" slack="0"/>
</pin_list>
<bind>
<opcode="icmp(45) " fcode="icmp"/>
<opset="icmp_ln104/2 "/>
</bind>
</comp>

<comp id="268" class="1004" name="select_ln103_fu_268">
<pin_list>
<pin id="269" dir="0" index="0" bw="1" slack="0"/>
<pin id="270" dir="0" index="1" bw="5" slack="0"/>
<pin id="271" dir="0" index="2" bw="5" slack="0"/>
<pin id="272" dir="1" index="3" bw="5" slack="0"/>
</pin_list>
<bind>
<opcode="select(49) " fcode="select"/>
<opset="select_ln103/2 "/>
</bind>
</comp>

<comp id="276" class="1004" name="select_ln103_1_fu_276">
<pin_list>
<pin id="277" dir="0" index="0" bw="1" slack="0"/>
<pin id="278" dir="0" index="1" bw="3" slack="0"/>
<pin id="279" dir="0" index="2" bw="3" slack="0"/>
<pin id="280" dir="1" index="3" bw="3" slack="0"/>
</pin_list>
<bind>
<opcode="select(49) " fcode="select"/>
<opset="select_ln103_1/2 "/>
</bind>
</comp>

<comp id="284" class="1004" name="zext_ln103_fu_284">
<pin_list>
<pin id="285" dir="0" index="0" bw="3" slack="0"/>
<pin id="286" dir="1" index="1" bw="14" slack="0"/>
</pin_list>
<bind>
<opcode="zext(34) " fcode="zext"/>
<opset="zext_ln103/2 "/>
</bind>
</comp>

<comp id="288" class="1004" name="zext_ln103_1_fu_288">
<pin_list>
<pin id="289" dir="0" index="0" bw="3" slack="0"/>
<pin id="290" dir="1" index="1" bw="12" slack="0"/>
</pin_list>
<bind>
<opcode="zext(34) " fcode="zext"/>
<opset="zext_ln103_1/2 "/>
</bind>
</comp>

<comp id="292" class="1004" name="select_ln103_2_fu_292">
<pin_list>
<pin id="293" dir="0" index="0" bw="1" slack="0"/>
<pin id="294" dir="0" index="1" bw="6" slack="0"/>
<pin id="295" dir="0" index="2" bw="6" slack="0"/>
<pin id="296" dir="1" index="3" bw="6" slack="0"/>
</pin_list>
<bind>
<opcode="select(49) " fcode="select"/>
<opset="select_ln103_2/2 "/>
</bind>
</comp>

<comp id="300" class="1004" name="select_ln103_3_fu_300">
<pin_list>
<pin id="301" dir="0" index="0" bw="1" slack="0"/>
<pin id="302" dir="0" index="1" bw="6" slack="0"/>
<pin id="303" dir="0" index="2" bw="6" slack="0"/>
<pin id="304" dir="1" index="3" bw="6" slack="0"/>
</pin_list>
<bind>
<opcode="select(49) " fcode="select"/>
<opset="select_ln103_3/2 "/>
</bind>
</comp>

<comp id="308" class="1004" name="xor_ln103_fu_308">
<pin_list>
<pin id="309" dir="0" index="0" bw="1" slack="0"/>
<pin id="310" dir="0" index="1" bw="1" slack="0"/>
<pin id="311" dir="1" index="2" bw="1" slack="0"/>
</pin_list>
<bind>
<opcode="xor(25) " fcode="xor"/>
<opset="xor_ln103/2 "/>
</bind>
</comp>

<comp id="314" class="1004" name="icmp_ln105_fu_314">
<pin_list>
<pin id="315" dir="0" index="0" bw="5" slack="0"/>
<pin id="316" dir="0" index="1" bw="5" slack="0"/>
<pin id="317" dir="1" index="2" bw="1" slack="0"/>
</pin_list>
<bind>
<opcode="icmp(45) " fcode="icmp"/>
<opset="icmp_ln105/2 "/>
</bind>
</comp>

<comp id="320" class="1004" name="and_ln103_fu_320">
<pin_list>
<pin id="321" dir="0" index="0" bw="1" slack="0"/>
<pin id="322" dir="0" index="1" bw="1" slack="0"/>
<pin id="323" dir="1" index="2" bw="1" slack="0"/>
</pin_list>
<bind>
<opcode="and(23) " fcode="and"/>
<opset="and_ln103/2 "/>
</bind>
</comp>

<comp id="326" class="1004" name="add_ln104_fu_326">
<pin_list>
<pin id="327" dir="0" index="0" bw="5" slack="0"/>
<pin id="328" dir="0" index="1" bw="1" slack="0"/>
<pin id="329" dir="1" index="2" bw="5" slack="0"/>
</pin_list>
<bind>
<opcode="add(8) " fcode="add"/>
<opset="add_ln104/2 "/>
</bind>
</comp>

<comp id="332" class="1004" name="or_ln104_fu_332">
<pin_list>
<pin id="333" dir="0" index="0" bw="1" slack="0"/>
<pin id="334" dir="0" index="1" bw="1" slack="0"/>
<pin id="335" dir="1" index="2" bw="1" slack="0"/>
</pin_list>
<bind>
<opcode="or(24) " fcode="or"/>
<opset="or_ln104/2 "/>
</bind>
</comp>

<comp id="338" class="1004" name="select_ln104_fu_338">
<pin_list>
<pin id="339" dir="0" index="0" bw="1" slack="0"/>
<pin id="340" dir="0" index="1" bw="5" slack="0"/>
<pin id="341" dir="0" index="2" bw="5" slack="0"/>
<pin id="342" dir="1" index="3" bw="5" slack="0"/>
</pin_list>
<bind>
<opcode="select(49) " fcode="select"/>
<opset="select_ln104/2 "/>
</bind>
</comp>

<comp id="346" class="1004" name="select_ln104_1_fu_346">
<pin_list>
<pin id="347" dir="0" index="0" bw="1" slack="0"/>
<pin id="348" dir="0" index="1" bw="5" slack="0"/>
<pin id="349" dir="0" index="2" bw="5" slack="0"/>
<pin id="350" dir="1" index="3" bw="5" slack="0"/>
</pin_list>
<bind>
<opcode="select(49) " fcode="select"/>
<opset="select_ln104_1/2 "/>
</bind>
</comp>

<comp id="354" class="1004" name="zext_ln113_fu_354">
<pin_list>
<pin id="355" dir="0" index="0" bw="5" slack="0"/>
<pin id="356" dir="1" index="1" bw="10" slack="0"/>
</pin_list>
<bind>
<opcode="zext(34) " fcode="zext"/>
<opset="zext_ln113/2 "/>
</bind>
</comp>

<comp id="358" class="1004" name="tmp_fu_358">
<pin_list>
<pin id="359" dir="0" index="0" bw="10" slack="0"/>
<pin id="360" dir="0" index="1" bw="5" slack="0"/>
<pin id="361" dir="0" index="2" bw="1" slack="0"/>
<pin id="362" dir="1" index="3" bw="10" slack="0"/>
</pin_list>
<bind>
<opcode="bitconcatenate(1004) " fcode="bitconcatenate"/>
<opset="tmp/2 "/>
</bind>
</comp>

<comp id="366" class="1004" name="sub_ln113_fu_366">
<pin_list>
<pin id="367" dir="0" index="0" bw="10" slack="0"/>
<pin id="368" dir="0" index="1" bw="5" slack="0"/>
<pin id="369" dir="1" index="2" bw="10" slack="0"/>
</pin_list>
<bind>
<opcode="sub(10) " fcode="sub"/>
<opset="sub_ln113/2 "/>
</bind>
</comp>

<comp id="372" class="1004" name="p_mid_fu_372">
<pin_list>
<pin id="373" dir="0" index="0" bw="6" slack="0"/>
<pin id="374" dir="0" index="1" bw="5" slack="0"/>
<pin id="375" dir="0" index="2" bw="1" slack="0"/>
<pin id="376" dir="1" index="3" bw="6" slack="0"/>
</pin_list>
<bind>
<opcode="bitconcatenate(1004) " fcode="bitconcatenate"/>
<opset="p_mid/2 "/>
</bind>
</comp>

<comp id="380" class="1004" name="select_ln104_2_fu_380">
<pin_list>
<pin id="381" dir="0" index="0" bw="1" slack="0"/>
<pin id="382" dir="0" index="1" bw="6" slack="0"/>
<pin id="383" dir="0" index="2" bw="6" slack="0"/>
<pin id="384" dir="1" index="3" bw="6" slack="0"/>
</pin_list>
<bind>
<opcode="select(49) " fcode="select"/>
<opset="select_ln104_2/2 "/>
</bind>
</comp>

<comp id="388" class="1004" name="tmp_13_fu_388">
<pin_list>
<pin id="389" dir="0" index="0" bw="12" slack="0"/>
<pin id="390" dir="0" index="1" bw="6" slack="0"/>
<pin id="391" dir="0" index="2" bw="1" slack="0"/>
<pin id="392" dir="1" index="3" bw="12" slack="0"/>
</pin_list>
<bind>
<opcode="bitconcatenate(1004) " fcode="bitconcatenate"/>
<opset="tmp_13/2 "/>
</bind>
</comp>

<comp id="396" class="1004" name="zext_ln109_fu_396">
<pin_list>
<pin id="397" dir="0" index="0" bw="12" slack="0"/>
<pin id="398" dir="1" index="1" bw="62" slack="0"/>
</pin_list>
<bind>
<opcode="zext(34) " fcode="zext"/>
<opset="zext_ln109/2 "/>
</bind>
</comp>

<comp id="400" class="1004" name="tmp_14_fu_400">
<pin_list>
<pin id="401" dir="0" index="0" bw="7" slack="0"/>
<pin id="402" dir="0" index="1" bw="6" slack="0"/>
<pin id="403" dir="0" index="2" bw="1" slack="0"/>
<pin id="404" dir="1" index="3" bw="7" slack="0"/>
</pin_list>
<bind>
<opcode="bitconcatenate(1004) " fcode="bitconcatenate"/>
<opset="tmp_14/2 "/>
</bind>
</comp>

<comp id="408" class="1004" name="zext_ln109_1_fu_408">
<pin_list>
<pin id="409" dir="0" index="0" bw="7" slack="0"/>
<pin id="410" dir="1" index="1" bw="62" slack="0"/>
</pin_list>
<bind>
<opcode="zext(34) " fcode="zext"/>
<opset="zext_ln109_1/2 "/>
</bind>
</comp>

<comp id="412" class="1004" name="sub_ln109_fu_412">
<pin_list>
<pin id="413" dir="0" index="0" bw="12" slack="0"/>
<pin id="414" dir="0" index="1" bw="7" slack="0"/>
<pin id="415" dir="1" index="2" bw="62" slack="0"/>
</pin_list>
<bind>
<opcode="sub(10) " fcode="sub"/>
<opset="sub_ln109/2 "/>
</bind>
</comp>

<comp id="418" class="1004" name="p_mid113_fu_418">
<pin_list>
<pin id="419" dir="0" index="0" bw="6" slack="0"/>
<pin id="420" dir="0" index="1" bw="6" slack="0"/>
<pin id="421" dir="1" index="2" bw="6" slack="0"/>
</pin_list>
<bind>
<opcode="or(24) " fcode="or"/>
<opset="p_mid113/2 "/>
</bind>
</comp>

<comp id="424" class="1004" name="select_ln104_3_fu_424">
<pin_list>
<pin id="425" dir="0" index="0" bw="1" slack="0"/>
<pin id="426" dir="0" index="1" bw="6" slack="0"/>
<pin id="427" dir="0" index="2" bw="6" slack="0"/>
<pin id="428" dir="1" index="3" bw="6" slack="0"/>
</pin_list>
<bind>
<opcode="select(49) " fcode="select"/>
<opset="select_ln104_3/2 "/>
</bind>
</comp>

<comp id="432" class="1004" name="tmp_15_fu_432">
<pin_list>
<pin id="433" dir="0" index="0" bw="12" slack="0"/>
<pin id="434" dir="0" index="1" bw="6" slack="0"/>
<pin id="435" dir="0" index="2" bw="1" slack="0"/>
<pin id="436" dir="1" index="3" bw="12" slack="0"/>
</pin_list>
<bind>
<opcode="bitconcatenate(1004) " fcode="bitconcatenate"/>
<opset="tmp_15/2 "/>
</bind>
</comp>

<comp id="440" class="1004" name="zext_ln109_2_fu_440">
<pin_list>
<pin id="441" dir="0" index="0" bw="12" slack="0"/>
<pin id="442" dir="1" index="1" bw="62" slack="0"/>
</pin_list>
<bind>
<opcode="zext(34) " fcode="zext"/>
<opset="zext_ln109_2/2 "/>
</bind>
</comp>

<comp id="444" class="1004" name="tmp_16_fu_444">
<pin_list>
<pin id="445" dir="0" index="0" bw="7" slack="0"/>
<pin id="446" dir="0" index="1" bw="6" slack="0"/>
<pin id="447" dir="0" index="2" bw="1" slack="0"/>
<pin id="448" dir="1" index="3" bw="7" slack="0"/>
</pin_list>
<bind>
<opcode="bitconcatenate(1004) " fcode="bitconcatenate"/>
<opset="tmp_16/2 "/>
</bind>
</comp>

<comp id="452" class="1004" name="zext_ln109_3_fu_452">
<pin_list>
<pin id="453" dir="0" index="0" bw="7" slack="0"/>
<pin id="454" dir="1" index="1" bw="62" slack="0"/>
</pin_list>
<bind>
<opcode="zext(34) " fcode="zext"/>
<opset="zext_ln109_3/2 "/>
</bind>
</comp>

<comp id="456" class="1004" name="sub_ln109_1_fu_456">
<pin_list>
<pin id="457" dir="0" index="0" bw="12" slack="0"/>
<pin id="458" dir="0" index="1" bw="7" slack="0"/>
<pin id="459" dir="1" index="2" bw="62" slack="0"/>
</pin_list>
<bind>
<opcode="sub(10) " fcode="sub"/>
<opset="sub_ln109_1/2 "/>
</bind>
</comp>

<comp id="462" class="1004" name="zext_ln113_1_fu_462">
<pin_list>
<pin id="463" dir="0" index="0" bw="5" slack="0"/>
<pin id="464" dir="1" index="1" bw="10" slack="0"/>
</pin_list>
<bind>
<opcode="zext(34) " fcode="zext"/>
<opset="zext_ln113_1/2 "/>
</bind>
</comp>

<comp id="466" class="1004" name="add_ln113_fu_466">
<pin_list>
<pin id="467" dir="0" index="0" bw="10" slack="0"/>
<pin id="468" dir="0" index="1" bw="5" slack="0"/>
<pin id="469" dir="1" index="2" bw="10" slack="0"/>
</pin_list>
<bind>
<opcode="add(8) " fcode="add"/>
<opset="add_ln113/2 "/>
</bind>
</comp>

<comp id="472" class="1004" name="tmp_33_fu_472">
<pin_list>
<pin id="473" dir="0" index="0" bw="12" slack="0"/>
<pin id="474" dir="0" index="1" bw="10" slack="0"/>
<pin id="475" dir="0" index="2" bw="1" slack="0"/>
<pin id="476" dir="1" index="3" bw="12" slack="0"/>
</pin_list>
<bind>
<opcode="bitconcatenate(1004) " fcode="bitconcatenate"/>
<opset="tmp_33/2 "/>
</bind>
</comp>

<comp id="480" class="1004" name="add_ln113_1_fu_480">
<pin_list>
<pin id="481" dir="0" index="0" bw="12" slack="0"/>
<pin id="482" dir="0" index="1" bw="3" slack="0"/>
<pin id="483" dir="1" index="2" bw="12" slack="7"/>
</pin_list>
<bind>
<opcode="add(8) " fcode="add"/>
<opset="add_ln113_1/2 "/>
</bind>
</comp>

<comp id="486" class="1004" name="tmp_34_fu_486">
<pin_list>
<pin id="487" dir="0" index="0" bw="6" slack="0"/>
<pin id="488" dir="0" index="1" bw="5" slack="0"/>
<pin id="489" dir="0" index="2" bw="1" slack="0"/>
<pin id="490" dir="1" index="3" bw="6" slack="0"/>
</pin_list>
<bind>
<opcode="bitconcatenate(1004) " fcode="bitconcatenate"/>
<opset="tmp_34/2 "/>
</bind>
</comp>

<comp id="494" class="1004" name="zext_ln109_4_fu_494">
<pin_list>
<pin id="495" dir="0" index="0" bw="6" slack="0"/>
<pin id="496" dir="1" index="1" bw="62" slack="0"/>
</pin_list>
<bind>
<opcode="zext(34) " fcode="zext"/>
<opset="zext_ln109_4/2 "/>
</bind>
</comp>

<comp id="498" class="1004" name="add_ln109_fu_498">
<pin_list>
<pin id="499" dir="0" index="0" bw="13" slack="0"/>
<pin id="500" dir="0" index="1" bw="6" slack="0"/>
<pin id="501" dir="1" index="2" bw="62" slack="0"/>
</pin_list>
<bind>
<opcode="add(8) " fcode="add"/>
<opset="add_ln109/2 "/>
</bind>
</comp>

<comp id="504" class="1004" name="tmp_40_cast_fu_504">
<pin_list>
<pin id="505" dir="0" index="0" bw="11" slack="0"/>
<pin id="506" dir="0" index="1" bw="15" slack="0"/>
<pin id="507" dir="0" index="2" bw="1" slack="0"/>
<pin id="508" dir="0" index="3" bw="5" slack="0"/>
<pin id="509" dir="1" index="4" bw="11" slack="0"/>
</pin_list>
<bind>
<opcode="partselect(1002) " fcode="partselect"/>
<opset="tmp_40_cast/2 "/>
</bind>
</comp>

<comp id="514" class="1004" name="tmp_35_fu_514">
<pin_list>
<pin id="515" dir="0" index="0" bw="14" slack="0"/>
<pin id="516" dir="0" index="1" bw="11" slack="0"/>
<pin id="517" dir="0" index="2" bw="3" slack="0"/>
<pin id="518" dir="1" index="3" bw="14" slack="0"/>
</pin_list>
<bind>
<opcode="bitconcatenate(1004) " fcode="bitconcatenate"/>
<opset="tmp_35/2 "/>
</bind>
</comp>

<comp id="522" class="1004" name="zext_ln109_5_fu_522">
<pin_list>
<pin id="523" dir="0" index="0" bw="14" slack="0"/>
<pin id="524" dir="1" index="1" bw="64" slack="0"/>
</pin_list>
<bind>
<opcode="zext(34) " fcode="zext"/>
<opset="zext_ln109_5/2 "/>
</bind>
</comp>

<comp id="527" class="1004" name="add_ln109_1_fu_527">
<pin_list>
<pin id="528" dir="0" index="0" bw="13" slack="0"/>
<pin id="529" dir="0" index="1" bw="6" slack="0"/>
<pin id="530" dir="1" index="2" bw="62" slack="0"/>
</pin_list>
<bind>
<opcode="add(8) " fcode="add"/>
<opset="add_ln109_1/2 "/>
</bind>
</comp>

<comp id="533" class="1004" name="tmp_44_cast_fu_533">
<pin_list>
<pin id="534" dir="0" index="0" bw="11" slack="0"/>
<pin id="535" dir="0" index="1" bw="15" slack="0"/>
<pin id="536" dir="0" index="2" bw="1" slack="0"/>
<pin id="537" dir="0" index="3" bw="5" slack="0"/>
<pin id="538" dir="1" index="4" bw="11" slack="0"/>
</pin_list>
<bind>
<opcode="partselect(1002) " fcode="partselect"/>
<opset="tmp_44_cast/2 "/>
</bind>
</comp>

<comp id="543" class="1004" name="tmp_36_fu_543">
<pin_list>
<pin id="544" dir="0" index="0" bw="14" slack="0"/>
<pin id="545" dir="0" index="1" bw="11" slack="0"/>
<pin id="546" dir="0" index="2" bw="3" slack="0"/>
<pin id="547" dir="1" index="3" bw="14" slack="0"/>
</pin_list>
<bind>
<opcode="bitconcatenate(1004) " fcode="bitconcatenate"/>
<opset="tmp_36/2 "/>
</bind>
</comp>

<comp id="551" class="1004" name="zext_ln109_6_fu_551">
<pin_list>
<pin id="552" dir="0" index="0" bw="14" slack="0"/>
<pin id="553" dir="1" index="1" bw="64" slack="0"/>
</pin_list>
<bind>
<opcode="zext(34) " fcode="zext"/>
<opset="zext_ln109_6/2 "/>
</bind>
</comp>

<comp id="556" class="1004" name="or_ln109_fu_556">
<pin_list>
<pin id="557" dir="0" index="0" bw="6" slack="0"/>
<pin id="558" dir="0" index="1" bw="6" slack="0"/>
<pin id="559" dir="1" index="2" bw="6" slack="0"/>
</pin_list>
<bind>
<opcode="or(24) " fcode="or"/>
<opset="or_ln109/2 "/>
</bind>
</comp>

<comp id="562" class="1004" name="trunc_ln109_fu_562">
<pin_list>
<pin id="563" dir="0" index="0" bw="13" slack="0"/>
<pin id="564" dir="1" index="1" bw="12" slack="0"/>
</pin_list>
<bind>
<opcode="trunc(33) " fcode="trunc"/>
<opset="trunc_ln109/2 "/>
</bind>
</comp>

<comp id="566" class="1004" name="zext_ln109_7_fu_566">
<pin_list>
<pin id="567" dir="0" index="0" bw="6" slack="0"/>
<pin id="568" dir="1" index="1" bw="12" slack="0"/>
</pin_list>
<bind>
<opcode="zext(34) " fcode="zext"/>
<opset="zext_ln109_7/2 "/>
</bind>
</comp>

<comp id="570" class="1004" name="add_ln109_2_fu_570">
<pin_list>
<pin id="571" dir="0" index="0" bw="12" slack="0"/>
<pin id="572" dir="0" index="1" bw="6" slack="0"/>
<pin id="573" dir="1" index="2" bw="12" slack="0"/>
</pin_list>
<bind>
<opcode="add(8) " fcode="add"/>
<opset="add_ln109_2/2 "/>
</bind>
</comp>

<comp id="576" class="1004" name="tmp_37_fu_576">
<pin_list>
<pin id="577" dir="0" index="0" bw="14" slack="0"/>
<pin id="578" dir="0" index="1" bw="12" slack="0"/>
<pin id="579" dir="0" index="2" bw="1" slack="0"/>
<pin id="580" dir="1" index="3" bw="14" slack="0"/>
</pin_list>
<bind>
<opcode="bitconcatenate(1004) " fcode="bitconcatenate"/>
<opset="tmp_37/2 "/>
</bind>
</comp>

<comp id="584" class="1004" name="add_ln109_3_fu_584">
<pin_list>
<pin id="585" dir="0" index="0" bw="14" slack="0"/>
<pin id="586" dir="0" index="1" bw="3" slack="0"/>
<pin id="587" dir="1" index="2" bw="14" slack="0"/>
</pin_list>
<bind>
<opcode="add(8) " fcode="add"/>
<opset="add_ln109_3/2 "/>
</bind>
</comp>

<comp id="590" class="1004" name="zext_ln109_8_fu_590">
<pin_list>
<pin id="591" dir="0" index="0" bw="14" slack="0"/>
<pin id="592" dir="1" index="1" bw="64" slack="0"/>
</pin_list>
<bind>
<opcode="zext(34) " fcode="zext"/>
<opset="zext_ln109_8/2 "/>
</bind>
</comp>

<comp id="595" class="1004" name="trunc_ln109_1_fu_595">
<pin_list>
<pin id="596" dir="0" index="0" bw="13" slack="0"/>
<pin id="597" dir="1" index="1" bw="12" slack="0"/>
</pin_list>
<bind>
<opcode="trunc(33) " fcode="trunc"/>
<opset="trunc_ln109_1/2 "/>
</bind>
</comp>

<comp id="599" class="1004" name="zext_ln109_9_fu_599">
<pin_list>
<pin id="600" dir="0" index="0" bw="6" slack="0"/>
<pin id="601" dir="1" index="1" bw="12" slack="0"/>
</pin_list>
<bind>
<opcode="zext(34) " fcode="zext"/>
<opset="zext_ln109_9/2 "/>
</bind>
</comp>

<comp id="603" class="1004" name="add_ln109_4_fu_603">
<pin_list>
<pin id="604" dir="0" index="0" bw="12" slack="0"/>
<pin id="605" dir="0" index="1" bw="6" slack="0"/>
<pin id="606" dir="1" index="2" bw="12" slack="0"/>
</pin_list>
<bind>
<opcode="add(8) " fcode="add"/>
<opset="add_ln109_4/2 "/>
</bind>
</comp>

<comp id="609" class="1004" name="tmp_38_fu_609">
<pin_list>
<pin id="610" dir="0" index="0" bw="14" slack="0"/>
<pin id="611" dir="0" index="1" bw="12" slack="0"/>
<pin id="612" dir="0" index="2" bw="1" slack="0"/>
<pin id="613" dir="1" index="3" bw="14" slack="0"/>
</pin_list>
<bind>
<opcode="bitconcatenate(1004) " fcode="bitconcatenate"/>
<opset="tmp_38/2 "/>
</bind>
</comp>

<comp id="617" class="1004" name="add_ln109_5_fu_617">
<pin_list>
<pin id="618" dir="0" index="0" bw="14" slack="0"/>
<pin id="619" dir="0" index="1" bw="3" slack="0"/>
<pin id="620" dir="1" index="2" bw="14" slack="0"/>
</pin_list>
<bind>
<opcode="add(8) " fcode="add"/>
<opset="add_ln109_5/2 "/>
</bind>
</comp>

<comp id="623" class="1004" name="zext_ln109_10_fu_623">
<pin_list>
<pin id="624" dir="0" index="0" bw="14" slack="0"/>
<pin id="625" dir="1" index="1" bw="64" slack="0"/>
</pin_list>
<bind>
<opcode="zext(34) " fcode="zext"/>
<opset="zext_ln109_10/2 "/>
</bind>
</comp>

<comp id="628" class="1004" name="add_ln105_fu_628">
<pin_list>
<pin id="629" dir="0" index="0" bw="5" slack="0"/>
<pin id="630" dir="0" index="1" bw="1" slack="0"/>
<pin id="631" dir="1" index="2" bw="5" slack="0"/>
</pin_list>
<bind>
<opcode="add(8) " fcode="add"/>
<opset="add_ln105/2 "/>
</bind>
</comp>

<comp id="634" class="1004" name="add_ln104_1_fu_634">
<pin_list>
<pin id="635" dir="0" index="0" bw="10" slack="0"/>
<pin id="636" dir="0" index="1" bw="1" slack="0"/>
<pin id="637" dir="1" index="2" bw="10" slack="0"/>
</pin_list>
<bind>
<opcode="add(8) " fcode="add"/>
<opset="add_ln104_1/2 "/>
</bind>
</comp>

<comp id="640" class="1004" name="select_ln104_4_fu_640">
<pin_list>
<pin id="641" dir="0" index="0" bw="1" slack="0"/>
<pin id="642" dir="0" index="1" bw="10" slack="0"/>
<pin id="643" dir="0" index="2" bw="10" slack="0"/>
<pin id="644" dir="1" index="3" bw="10" slack="0"/>
</pin_list>
<bind>
<opcode="select(49) " fcode="select"/>
<opset="select_ln104_4/2 "/>
</bind>
</comp>

<comp id="648" class="1004" name="store_ln105_store_fu_648">
<pin_list>
<pin id="649" dir="0" index="0" bw="12" slack="0"/>
<pin id="650" dir="0" index="1" bw="12" slack="1"/>
<pin id="651" dir="1" index="2" bw="0" slack="2147483647"/>
</pin_list>
<bind>
<opcode="store(28) " fcode="store"/>
<opset="store_ln105/2 "/>
</bind>
</comp>

<comp id="653" class="1004" name="store_ln105_store_fu_653">
<pin_list>
<pin id="654" dir="0" index="0" bw="3" slack="0"/>
<pin id="655" dir="0" index="1" bw="3" slack="1"/>
<pin id="656" dir="1" index="2" bw="0" slack="2147483647"/>
</pin_list>
<bind>
<opcode="store(28) " fcode="store"/>
<opset="store_ln105/2 "/>
</bind>
</comp>

<comp id="658" class="1004" name="store_ln105_store_fu_658">
<pin_list>
<pin id="659" dir="0" index="0" bw="10" slack="0"/>
<pin id="660" dir="0" index="1" bw="10" slack="1"/>
<pin id="661" dir="1" index="2" bw="0" slack="2147483647"/>
</pin_list>
<bind>
<opcode="store(28) " fcode="store"/>
<opset="store_ln105/2 "/>
</bind>
</comp>

<comp id="663" class="1004" name="store_ln105_store_fu_663">
<pin_list>
<pin id="664" dir="0" index="0" bw="5" slack="0"/>
<pin id="665" dir="0" index="1" bw="5" slack="1"/>
<pin id="666" dir="1" index="2" bw="0" slack="2147483647"/>
</pin_list>
<bind>
<opcode="store(28) " fcode="store"/>
<opset="store_ln105/2 "/>
</bind>
</comp>

<comp id="668" class="1004" name="store_ln105_store_fu_668">
<pin_list>
<pin id="669" dir="0" index="0" bw="5" slack="0"/>
<pin id="670" dir="0" index="1" bw="5" slack="1"/>
<pin id="671" dir="1" index="2" bw="0" slack="2147483647"/>
</pin_list>
<bind>
<opcode="store(28) " fcode="store"/>
<opset="store_ln105/2 "/>
</bind>
</comp>

<comp id="673" class="1004" name="bitcast_ln110_fu_673">
<pin_list>
<pin id="674" dir="0" index="0" bw="32" slack="1"/>
<pin id="675" dir="1" index="1" bw="32" slack="0"/>
</pin_list>
<bind>
<opcode="bitcast(44) " fcode="bitcast"/>
<opset="bitcast_ln110/4 "/>
</bind>
</comp>

<comp id="676" class="1004" name="tmp_3_fu_676">
<pin_list>
<pin id="677" dir="0" index="0" bw="8" slack="0"/>
<pin id="678" dir="0" index="1" bw="32" slack="0"/>
<pin id="679" dir="0" index="2" bw="6" slack="0"/>
<pin id="680" dir="0" index="3" bw="6" slack="0"/>
<pin id="681" dir="1" index="4" bw="8" slack="0"/>
</pin_list>
<bind>
<opcode="partselect(1002) " fcode="partselect"/>
<opset="tmp_3/4 "/>
</bind>
</comp>

<comp id="686" class="1004" name="trunc_ln110_fu_686">
<pin_list>
<pin id="687" dir="0" index="0" bw="32" slack="0"/>
<pin id="688" dir="1" index="1" bw="23" slack="0"/>
</pin_list>
<bind>
<opcode="trunc(33) " fcode="trunc"/>
<opset="trunc_ln110/4 "/>
</bind>
</comp>

<comp id="690" class="1004" name="icmp_ln110_fu_690">
<pin_list>
<pin id="691" dir="0" index="0" bw="8" slack="0"/>
<pin id="692" dir="0" index="1" bw="8" slack="0"/>
<pin id="693" dir="1" index="2" bw="1" slack="0"/>
</pin_list>
<bind>
<opcode="icmp(45) " fcode="icmp"/>
<opset="icmp_ln110/4 "/>
</bind>
</comp>

<comp id="696" class="1004" name="icmp_ln110_1_fu_696">
<pin_list>
<pin id="697" dir="0" index="0" bw="23" slack="0"/>
<pin id="698" dir="0" index="1" bw="23" slack="0"/>
<pin id="699" dir="1" index="2" bw="1" slack="0"/>
</pin_list>
<bind>
<opcode="icmp(45) " fcode="icmp"/>
<opset="icmp_ln110_1/4 "/>
</bind>
</comp>

<comp id="702" class="1004" name="or_ln110_fu_702">
<pin_list>
<pin id="703" dir="0" index="0" bw="1" slack="0"/>
<pin id="704" dir="0" index="1" bw="1" slack="0"/>
<pin id="705" dir="1" index="2" bw="1" slack="0"/>
</pin_list>
<bind>
<opcode="or(24) " fcode="or"/>
<opset="or_ln110/4 "/>
</bind>
</comp>

<comp id="708" class="1004" name="and_ln110_fu_708">
<pin_list>
<pin id="709" dir="0" index="0" bw="1" slack="0"/>
<pin id="710" dir="0" index="1" bw="1" slack="0"/>
<pin id="711" dir="1" index="2" bw="1" slack="0"/>
</pin_list>
<bind>
<opcode="and(23) " fcode="and"/>
<opset="and_ln110/4 "/>
</bind>
</comp>

<comp id="714" class="1004" name="select_ln110_fu_714">
<pin_list>
<pin id="715" dir="0" index="0" bw="1" slack="0"/>
<pin id="716" dir="0" index="1" bw="32" slack="1"/>
<pin id="717" dir="0" index="2" bw="32" slack="0"/>
<pin id="718" dir="1" index="3" bw="32" slack="0"/>
</pin_list>
<bind>
<opcode="select(49) " fcode="select"/>
<opset="select_ln110/4 "/>
</bind>
</comp>

<comp id="722" class="1004" name="bitcast_ln110_1_fu_722">
<pin_list>
<pin id="723" dir="0" index="0" bw="32" slack="2"/>
<pin id="724" dir="1" index="1" bw="32" slack="0"/>
</pin_list>
<bind>
<opcode="bitcast(44) " fcode="bitcast"/>
<opset="bitcast_ln110_1/5 "/>
</bind>
</comp>

<comp id="725" class="1004" name="tmp_5_fu_725">
<pin_list>
<pin id="726" dir="0" index="0" bw="8" slack="0"/>
<pin id="727" dir="0" index="1" bw="32" slack="0"/>
<pin id="728" dir="0" index="2" bw="6" slack="0"/>
<pin id="729" dir="0" index="3" bw="6" slack="0"/>
<pin id="730" dir="1" index="4" bw="8" slack="0"/>
</pin_list>
<bind>
<opcode="partselect(1002) " fcode="partselect"/>
<opset="tmp_5/5 "/>
</bind>
</comp>

<comp id="735" class="1004" name="trunc_ln110_1_fu_735">
<pin_list>
<pin id="736" dir="0" index="0" bw="32" slack="0"/>
<pin id="737" dir="1" index="1" bw="23" slack="0"/>
</pin_list>
<bind>
<opcode="trunc(33) " fcode="trunc"/>
<opset="trunc_ln110_1/5 "/>
</bind>
</comp>

<comp id="739" class="1004" name="bitcast_ln110_2_fu_739">
<pin_list>
<pin id="740" dir="0" index="0" bw="32" slack="1"/>
<pin id="741" dir="1" index="1" bw="32" slack="0"/>
</pin_list>
<bind>
<opcode="bitcast(44) " fcode="bitcast"/>
<opset="bitcast_ln110_2/5 "/>
</bind>
</comp>

<comp id="742" class="1004" name="tmp_6_fu_742">
<pin_list>
<pin id="743" dir="0" index="0" bw="8" slack="0"/>
<pin id="744" dir="0" index="1" bw="32" slack="0"/>
<pin id="745" dir="0" index="2" bw="6" slack="0"/>
<pin id="746" dir="0" index="3" bw="6" slack="0"/>
<pin id="747" dir="1" index="4" bw="8" slack="0"/>
</pin_list>
<bind>
<opcode="partselect(1002) " fcode="partselect"/>
<opset="tmp_6/5 "/>
</bind>
</comp>

<comp id="752" class="1004" name="trunc_ln110_2_fu_752">
<pin_list>
<pin id="753" dir="0" index="0" bw="32" slack="0"/>
<pin id="754" dir="1" index="1" bw="23" slack="0"/>
</pin_list>
<bind>
<opcode="trunc(33) " fcode="trunc"/>
<opset="trunc_ln110_2/5 "/>
</bind>
</comp>

<comp id="756" class="1004" name="icmp_ln110_2_fu_756">
<pin_list>
<pin id="757" dir="0" index="0" bw="8" slack="0"/>
<pin id="758" dir="0" index="1" bw="8" slack="0"/>
<pin id="759" dir="1" index="2" bw="1" slack="0"/>
</pin_list>
<bind>
<opcode="icmp(45) " fcode="icmp"/>
<opset="icmp_ln110_2/5 "/>
</bind>
</comp>

<comp id="762" class="1004" name="icmp_ln110_3_fu_762">
<pin_list>
<pin id="763" dir="0" index="0" bw="23" slack="0"/>
<pin id="764" dir="0" index="1" bw="23" slack="0"/>
<pin id="765" dir="1" index="2" bw="1" slack="0"/>
</pin_list>
<bind>
<opcode="icmp(45) " fcode="icmp"/>
<opset="icmp_ln110_3/5 "/>
</bind>
</comp>

<comp id="768" class="1004" name="or_ln110_1_fu_768">
<pin_list>
<pin id="769" dir="0" index="0" bw="1" slack="0"/>
<pin id="770" dir="0" index="1" bw="1" slack="0"/>
<pin id="771" dir="1" index="2" bw="1" slack="0"/>
</pin_list>
<bind>
<opcode="or(24) " fcode="or"/>
<opset="or_ln110_1/5 "/>
</bind>
</comp>

<comp id="774" class="1004" name="icmp_ln110_4_fu_774">
<pin_list>
<pin id="775" dir="0" index="0" bw="8" slack="0"/>
<pin id="776" dir="0" index="1" bw="8" slack="0"/>
<pin id="777" dir="1" index="2" bw="1" slack="0"/>
</pin_list>
<bind>
<opcode="icmp(45) " fcode="icmp"/>
<opset="icmp_ln110_4/5 "/>
</bind>
</comp>

<comp id="780" class="1004" name="icmp_ln110_5_fu_780">
<pin_list>
<pin id="781" dir="0" index="0" bw="23" slack="0"/>
<pin id="782" dir="0" index="1" bw="23" slack="0"/>
<pin id="783" dir="1" index="2" bw="1" slack="0"/>
</pin_list>
<bind>
<opcode="icmp(45) " fcode="icmp"/>
<opset="icmp_ln110_5/5 "/>
</bind>
</comp>

<comp id="786" class="1004" name="or_ln110_2_fu_786">
<pin_list>
<pin id="787" dir="0" index="0" bw="1" slack="0"/>
<pin id="788" dir="0" index="1" bw="1" slack="0"/>
<pin id="789" dir="1" index="2" bw="1" slack="0"/>
</pin_list>
<bind>
<opcode="or(24) " fcode="or"/>
<opset="or_ln110_2/5 "/>
</bind>
</comp>

<comp id="792" class="1004" name="and_ln110_1_fu_792">
<pin_list>
<pin id="793" dir="0" index="0" bw="1" slack="0"/>
<pin id="794" dir="0" index="1" bw="1" slack="0"/>
<pin id="795" dir="1" index="2" bw="1" slack="0"/>
</pin_list>
<bind>
<opcode="and(23) " fcode="and"/>
<opset="and_ln110_1/5 "/>
</bind>
</comp>

<comp id="798" class="1004" name="and_ln110_2_fu_798">
<pin_list>
<pin id="799" dir="0" index="0" bw="1" slack="0"/>
<pin id="800" dir="0" index="1" bw="1" slack="0"/>
<pin id="801" dir="1" index="2" bw="1" slack="0"/>
</pin_list>
<bind>
<opcode="and(23) " fcode="and"/>
<opset="and_ln110_2/5 "/>
</bind>
</comp>

<comp id="804" class="1004" name="select_ln110_1_fu_804">
<pin_list>
<pin id="805" dir="0" index="0" bw="1" slack="0"/>
<pin id="806" dir="0" index="1" bw="32" slack="2"/>
<pin id="807" dir="0" index="2" bw="32" slack="1"/>
<pin id="808" dir="1" index="3" bw="32" slack="1"/>
</pin_list>
<bind>
<opcode="select(49) " fcode="select"/>
<opset="select_ln110_1/5 "/>
</bind>
</comp>

<comp id="810" class="1004" name="bitcast_ln110_3_fu_810">
<pin_list>
<pin id="811" dir="0" index="0" bw="32" slack="4"/>
<pin id="812" dir="1" index="1" bw="32" slack="0"/>
</pin_list>
<bind>
<opcode="bitcast(44) " fcode="bitcast"/>
<opset="bitcast_ln110_3/7 "/>
</bind>
</comp>

<comp id="813" class="1004" name="tmp_8_fu_813">
<pin_list>
<pin id="814" dir="0" index="0" bw="8" slack="0"/>
<pin id="815" dir="0" index="1" bw="32" slack="0"/>
<pin id="816" dir="0" index="2" bw="6" slack="0"/>
<pin id="817" dir="0" index="3" bw="6" slack="0"/>
<pin id="818" dir="1" index="4" bw="8" slack="0"/>
</pin_list>
<bind>
<opcode="partselect(1002) " fcode="partselect"/>
<opset="tmp_8/7 "/>
</bind>
</comp>

<comp id="823" class="1004" name="trunc_ln110_3_fu_823">
<pin_list>
<pin id="824" dir="0" index="0" bw="32" slack="0"/>
<pin id="825" dir="1" index="1" bw="23" slack="0"/>
</pin_list>
<bind>
<opcode="trunc(33) " fcode="trunc"/>
<opset="trunc_ln110_3/7 "/>
</bind>
</comp>

<comp id="827" class="1004" name="bitcast_ln110_4_fu_827">
<pin_list>
<pin id="828" dir="0" index="0" bw="32" slack="2"/>
<pin id="829" dir="1" index="1" bw="32" slack="0"/>
</pin_list>
<bind>
<opcode="bitcast(44) " fcode="bitcast"/>
<opset="bitcast_ln110_4/7 "/>
</bind>
</comp>

<comp id="830" class="1004" name="tmp_9_fu_830">
<pin_list>
<pin id="831" dir="0" index="0" bw="8" slack="0"/>
<pin id="832" dir="0" index="1" bw="32" slack="0"/>
<pin id="833" dir="0" index="2" bw="6" slack="0"/>
<pin id="834" dir="0" index="3" bw="6" slack="0"/>
<pin id="835" dir="1" index="4" bw="8" slack="0"/>
</pin_list>
<bind>
<opcode="partselect(1002) " fcode="partselect"/>
<opset="tmp_9/7 "/>
</bind>
</comp>

<comp id="840" class="1004" name="trunc_ln110_4_fu_840">
<pin_list>
<pin id="841" dir="0" index="0" bw="32" slack="0"/>
<pin id="842" dir="1" index="1" bw="23" slack="0"/>
</pin_list>
<bind>
<opcode="trunc(33) " fcode="trunc"/>
<opset="trunc_ln110_4/7 "/>
</bind>
</comp>

<comp id="844" class="1004" name="icmp_ln110_6_fu_844">
<pin_list>
<pin id="845" dir="0" index="0" bw="8" slack="0"/>
<pin id="846" dir="0" index="1" bw="8" slack="0"/>
<pin id="847" dir="1" index="2" bw="1" slack="0"/>
</pin_list>
<bind>
<opcode="icmp(45) " fcode="icmp"/>
<opset="icmp_ln110_6/7 "/>
</bind>
</comp>

<comp id="850" class="1004" name="icmp_ln110_7_fu_850">
<pin_list>
<pin id="851" dir="0" index="0" bw="23" slack="0"/>
<pin id="852" dir="0" index="1" bw="23" slack="0"/>
<pin id="853" dir="1" index="2" bw="1" slack="0"/>
</pin_list>
<bind>
<opcode="icmp(45) " fcode="icmp"/>
<opset="icmp_ln110_7/7 "/>
</bind>
</comp>

<comp id="856" class="1004" name="or_ln110_3_fu_856">
<pin_list>
<pin id="857" dir="0" index="0" bw="1" slack="0"/>
<pin id="858" dir="0" index="1" bw="1" slack="0"/>
<pin id="859" dir="1" index="2" bw="1" slack="0"/>
</pin_list>
<bind>
<opcode="or(24) " fcode="or"/>
<opset="or_ln110_3/7 "/>
</bind>
</comp>

<comp id="862" class="1004" name="icmp_ln110_8_fu_862">
<pin_list>
<pin id="863" dir="0" index="0" bw="8" slack="0"/>
<pin id="864" dir="0" index="1" bw="8" slack="0"/>
<pin id="865" dir="1" index="2" bw="1" slack="0"/>
</pin_list>
<bind>
<opcode="icmp(45) " fcode="icmp"/>
<opset="icmp_ln110_8/7 "/>
</bind>
</comp>

<comp id="868" class="1004" name="icmp_ln110_9_fu_868">
<pin_list>
<pin id="869" dir="0" index="0" bw="23" slack="0"/>
<pin id="870" dir="0" index="1" bw="23" slack="0"/>
<pin id="871" dir="1" index="2" bw="1" slack="0"/>
</pin_list>
<bind>
<opcode="icmp(45) " fcode="icmp"/>
<opset="icmp_ln110_9/7 "/>
</bind>
</comp>

<comp id="874" class="1004" name="or_ln110_4_fu_874">
<pin_list>
<pin id="875" dir="0" index="0" bw="1" slack="0"/>
<pin id="876" dir="0" index="1" bw="1" slack="0"/>
<pin id="877" dir="1" index="2" bw="1" slack="0"/>
</pin_list>
<bind>
<opcode="or(24) " fcode="or"/>
<opset="or_ln110_4/7 "/>
</bind>
</comp>

<comp id="880" class="1004" name="and_ln110_3_fu_880">
<pin_list>
<pin id="881" dir="0" index="0" bw="1" slack="0"/>
<pin id="882" dir="0" index="1" bw="1" slack="0"/>
<pin id="883" dir="1" index="2" bw="1" slack="0"/>
</pin_list>
<bind>
<opcode="and(23) " fcode="and"/>
<opset="and_ln110_3/7 "/>
</bind>
</comp>

<comp id="886" class="1004" name="and_ln110_4_fu_886">
<pin_list>
<pin id="887" dir="0" index="0" bw="1" slack="0"/>
<pin id="888" dir="0" index="1" bw="1" slack="0"/>
<pin id="889" dir="1" index="2" bw="1" slack="0"/>
</pin_list>
<bind>
<opcode="and(23) " fcode="and"/>
<opset="and_ln110_4/7 "/>
</bind>
</comp>

<comp id="892" class="1004" name="select_ln110_2_fu_892">
<pin_list>
<pin id="893" dir="0" index="0" bw="1" slack="0"/>
<pin id="894" dir="0" index="1" bw="32" slack="4"/>
<pin id="895" dir="0" index="2" bw="32" slack="2"/>
<pin id="896" dir="1" index="3" bw="32" slack="1"/>
</pin_list>
<bind>
<opcode="select(49) " fcode="select"/>
<opset="select_ln110_2/7 "/>
</bind>
</comp>

<comp id="898" class="1004" name="zext_ln113_2_fu_898">
<pin_list>
<pin id="899" dir="0" index="0" bw="12" slack="7"/>
<pin id="900" dir="1" index="1" bw="64" slack="0"/>
</pin_list>
<bind>
<opcode="zext(34) " fcode="zext"/>
<opset="zext_ln113_2/9 "/>
</bind>
</comp>

<comp id="902" class="1004" name="bitcast_ln110_5_fu_902">
<pin_list>
<pin id="903" dir="0" index="0" bw="32" slack="6"/>
<pin id="904" dir="1" index="1" bw="32" slack="0"/>
</pin_list>
<bind>
<opcode="bitcast(44) " fcode="bitcast"/>
<opset="bitcast_ln110_5/9 "/>
</bind>
</comp>

<comp id="905" class="1004" name="tmp_10_fu_905">
<pin_list>
<pin id="906" dir="0" index="0" bw="8" slack="0"/>
<pin id="907" dir="0" index="1" bw="32" slack="0"/>
<pin id="908" dir="0" index="2" bw="6" slack="0"/>
<pin id="909" dir="0" index="3" bw="6" slack="0"/>
<pin id="910" dir="1" index="4" bw="8" slack="0"/>
</pin_list>
<bind>
<opcode="partselect(1002) " fcode="partselect"/>
<opset="tmp_10/9 "/>
</bind>
</comp>

<comp id="915" class="1004" name="trunc_ln110_5_fu_915">
<pin_list>
<pin id="916" dir="0" index="0" bw="32" slack="0"/>
<pin id="917" dir="1" index="1" bw="23" slack="0"/>
</pin_list>
<bind>
<opcode="trunc(33) " fcode="trunc"/>
<opset="trunc_ln110_5/9 "/>
</bind>
</comp>

<comp id="919" class="1004" name="bitcast_ln110_6_fu_919">
<pin_list>
<pin id="920" dir="0" index="0" bw="32" slack="2"/>
<pin id="921" dir="1" index="1" bw="32" slack="0"/>
</pin_list>
<bind>
<opcode="bitcast(44) " fcode="bitcast"/>
<opset="bitcast_ln110_6/9 "/>
</bind>
</comp>

<comp id="922" class="1004" name="tmp_11_fu_922">
<pin_list>
<pin id="923" dir="0" index="0" bw="8" slack="0"/>
<pin id="924" dir="0" index="1" bw="32" slack="0"/>
<pin id="925" dir="0" index="2" bw="6" slack="0"/>
<pin id="926" dir="0" index="3" bw="6" slack="0"/>
<pin id="927" dir="1" index="4" bw="8" slack="0"/>
</pin_list>
<bind>
<opcode="partselect(1002) " fcode="partselect"/>
<opset="tmp_11/9 "/>
</bind>
</comp>

<comp id="932" class="1004" name="trunc_ln110_6_fu_932">
<pin_list>
<pin id="933" dir="0" index="0" bw="32" slack="0"/>
<pin id="934" dir="1" index="1" bw="23" slack="0"/>
</pin_list>
<bind>
<opcode="trunc(33) " fcode="trunc"/>
<opset="trunc_ln110_6/9 "/>
</bind>
</comp>

<comp id="936" class="1004" name="icmp_ln110_10_fu_936">
<pin_list>
<pin id="937" dir="0" index="0" bw="8" slack="0"/>
<pin id="938" dir="0" index="1" bw="8" slack="0"/>
<pin id="939" dir="1" index="2" bw="1" slack="0"/>
</pin_list>
<bind>
<opcode="icmp(45) " fcode="icmp"/>
<opset="icmp_ln110_10/9 "/>
</bind>
</comp>

<comp id="942" class="1004" name="icmp_ln110_11_fu_942">
<pin_list>
<pin id="943" dir="0" index="0" bw="23" slack="0"/>
<pin id="944" dir="0" index="1" bw="23" slack="0"/>
<pin id="945" dir="1" index="2" bw="1" slack="0"/>
</pin_list>
<bind>
<opcode="icmp(45) " fcode="icmp"/>
<opset="icmp_ln110_11/9 "/>
</bind>
</comp>

<comp id="948" class="1004" name="or_ln110_5_fu_948">
<pin_list>
<pin id="949" dir="0" index="0" bw="1" slack="0"/>
<pin id="950" dir="0" index="1" bw="1" slack="0"/>
<pin id="951" dir="1" index="2" bw="1" slack="0"/>
</pin_list>
<bind>
<opcode="or(24) " fcode="or"/>
<opset="or_ln110_5/9 "/>
</bind>
</comp>

<comp id="954" class="1004" name="icmp_ln110_12_fu_954">
<pin_list>
<pin id="955" dir="0" index="0" bw="8" slack="0"/>
<pin id="956" dir="0" index="1" bw="8" slack="0"/>
<pin id="957" dir="1" index="2" bw="1" slack="0"/>
</pin_list>
<bind>
<opcode="icmp(45) " fcode="icmp"/>
<opset="icmp_ln110_12/9 "/>
</bind>
</comp>

<comp id="960" class="1004" name="icmp_ln110_13_fu_960">
<pin_list>
<pin id="961" dir="0" index="0" bw="23" slack="0"/>
<pin id="962" dir="0" index="1" bw="23" slack="0"/>
<pin id="963" dir="1" index="2" bw="1" slack="0"/>
</pin_list>
<bind>
<opcode="icmp(45) " fcode="icmp"/>
<opset="icmp_ln110_13/9 "/>
</bind>
</comp>

<comp id="966" class="1004" name="or_ln110_6_fu_966">
<pin_list>
<pin id="967" dir="0" index="0" bw="1" slack="0"/>
<pin id="968" dir="0" index="1" bw="1" slack="0"/>
<pin id="969" dir="1" index="2" bw="1" slack="0"/>
</pin_list>
<bind>
<opcode="or(24) " fcode="or"/>
<opset="or_ln110_6/9 "/>
</bind>
</comp>

<comp id="972" class="1004" name="and_ln110_5_fu_972">
<pin_list>
<pin id="973" dir="0" index="0" bw="1" slack="0"/>
<pin id="974" dir="0" index="1" bw="1" slack="0"/>
<pin id="975" dir="1" index="2" bw="1" slack="0"/>
</pin_list>
<bind>
<opcode="and(23) " fcode="and"/>
<opset="and_ln110_5/9 "/>
</bind>
</comp>

<comp id="978" class="1004" name="and_ln110_6_fu_978">
<pin_list>
<pin id="979" dir="0" index="0" bw="1" slack="0"/>
<pin id="980" dir="0" index="1" bw="1" slack="0"/>
<pin id="981" dir="1" index="2" bw="1" slack="0"/>
</pin_list>
<bind>
<opcode="and(23) " fcode="and"/>
<opset="and_ln110_6/9 "/>
</bind>
</comp>

<comp id="984" class="1004" name="select_ln110_3_fu_984">
<pin_list>
<pin id="985" dir="0" index="0" bw="1" slack="0"/>
<pin id="986" dir="0" index="1" bw="32" slack="6"/>
<pin id="987" dir="0" index="2" bw="32" slack="2"/>
<pin id="988" dir="1" index="3" bw="32" slack="0"/>
</pin_list>
<bind>
<opcode="select(49) " fcode="select"/>
<opset="select_ln110_3/9 "/>
</bind>
</comp>

<comp id="991" class="1005" name="c_reg_991">
<pin_list>
<pin id="992" dir="0" index="0" bw="5" slack="0"/>
<pin id="993" dir="1" index="1" bw="5" slack="0"/>
</pin_list>
<bind>
<opset="c "/>
</bind>
</comp>

<comp id="998" class="1005" name="r_1_reg_998">
<pin_list>
<pin id="999" dir="0" index="0" bw="5" slack="0"/>
<pin id="1000" dir="1" index="1" bw="5" slack="0"/>
</pin_list>
<bind>
<opset="r_1 "/>
</bind>
</comp>

<comp id="1005" class="1005" name="indvar_flatten15_reg_1005">
<pin_list>
<pin id="1006" dir="0" index="0" bw="10" slack="0"/>
<pin id="1007" dir="1" index="1" bw="10" slack="0"/>
</pin_list>
<bind>
<opset="indvar_flatten15 "/>
</bind>
</comp>

<comp id="1012" class="1005" name="f_reg_1012">
<pin_list>
<pin id="1013" dir="0" index="0" bw="3" slack="0"/>
<pin id="1014" dir="1" index="1" bw="3" slack="0"/>
</pin_list>
<bind>
<opset="f "/>
</bind>
</comp>

<comp id="1019" class="1005" name="indvar_flatten39_reg_1019">
<pin_list>
<pin id="1020" dir="0" index="0" bw="12" slack="0"/>
<pin id="1021" dir="1" index="1" bw="12" slack="0"/>
</pin_list>
<bind>
<opset="indvar_flatten39 "/>
</bind>
</comp>

<comp id="1026" class="1005" name="icmp_ln103_reg_1026">
<pin_list>
<pin id="1027" dir="0" index="0" bw="1" slack="6"/>
<pin id="1028" dir="1" index="1" bw="1" slack="2147483647"/>
</pin_list>
<bind>
<opset="icmp_ln103 "/>
</bind>
</comp>

<comp id="1030" class="1005" name="add_ln113_1_reg_1030">
<pin_list>
<pin id="1031" dir="0" index="0" bw="12" slack="7"/>
<pin id="1032" dir="1" index="1" bw="12" slack="7"/>
</pin_list>
<bind>
<opset="add_ln113_1 "/>
</bind>
</comp>

<comp id="1035" class="1005" name="layer1_conv_addr_reg_1035">
<pin_list>
<pin id="1036" dir="0" index="0" bw="14" slack="1"/>
<pin id="1037" dir="1" index="1" bw="14" slack="1"/>
</pin_list>
<bind>
<opset="layer1_conv_addr "/>
</bind>
</comp>

<comp id="1040" class="1005" name="layer1_conv_addr_1_reg_1040">
<pin_list>
<pin id="1041" dir="0" index="0" bw="14" slack="1"/>
<pin id="1042" dir="1" index="1" bw="14" slack="1"/>
</pin_list>
<bind>
<opset="layer1_conv_addr_1 "/>
</bind>
</comp>

<comp id="1045" class="1005" name="layer1_conv_addr_2_reg_1045">
<pin_list>
<pin id="1046" dir="0" index="0" bw="14" slack="1"/>
<pin id="1047" dir="1" index="1" bw="14" slack="1"/>
</pin_list>
<bind>
<opset="layer1_conv_addr_2 "/>
</bind>
</comp>

<comp id="1050" class="1005" name="layer1_conv_addr_3_reg_1050">
<pin_list>
<pin id="1051" dir="0" index="0" bw="14" slack="1"/>
<pin id="1052" dir="1" index="1" bw="14" slack="1"/>
</pin_list>
<bind>
<opset="layer1_conv_addr_3 "/>
</bind>
</comp>

<comp id="1055" class="1005" name="layer1_conv_load_reg_1055">
<pin_list>
<pin id="1056" dir="0" index="0" bw="32" slack="1"/>
<pin id="1057" dir="1" index="1" bw="32" slack="1"/>
</pin_list>
<bind>
<opset="layer1_conv_load "/>
</bind>
</comp>

<comp id="1062" class="1005" name="layer1_conv_load_1_reg_1062">
<pin_list>
<pin id="1063" dir="0" index="0" bw="32" slack="1"/>
<pin id="1064" dir="1" index="1" bw="32" slack="1"/>
</pin_list>
<bind>
<opset="layer1_conv_load_1 "/>
</bind>
</comp>

<comp id="1069" class="1005" name="layer1_conv_load_2_reg_1069">
<pin_list>
<pin id="1070" dir="0" index="0" bw="32" slack="3"/>
<pin id="1071" dir="1" index="1" bw="32" slack="3"/>
</pin_list>
<bind>
<opset="layer1_conv_load_2 "/>
</bind>
</comp>

<comp id="1076" class="1005" name="layer1_conv_load_3_reg_1076">
<pin_list>
<pin id="1077" dir="0" index="0" bw="32" slack="5"/>
<pin id="1078" dir="1" index="1" bw="32" slack="5"/>
</pin_list>
<bind>
<opset="layer1_conv_load_3 "/>
</bind>
</comp>

<comp id="1083" class="1005" name="select_ln110_reg_1083">
<pin_list>
<pin id="1084" dir="0" index="0" bw="32" slack="1"/>
<pin id="1085" dir="1" index="1" bw="32" slack="1"/>
</pin_list>
<bind>
<opset="select_ln110 "/>
</bind>
</comp>

<comp id="1090" class="1005" name="select_ln110_1_reg_1090">
<pin_list>
<pin id="1091" dir="0" index="0" bw="32" slack="1"/>
<pin id="1092" dir="1" index="1" bw="32" slack="1"/>
</pin_list>
<bind>
<opset="select_ln110_1 "/>
</bind>
</comp>

<comp id="1097" class="1005" name="select_ln110_2_reg_1097">
<pin_list>
<pin id="1098" dir="0" index="0" bw="32" slack="1"/>
<pin id="1099" dir="1" index="1" bw="32" slack="1"/>
</pin_list>
<bind>
<opset="select_ln110_2 "/>
</bind>
</comp>

</comp_list>

<net_list>
<net id="93"><net_src comp="4" pin="0"/><net_sink comp="90" pin=0"/></net>

<net id="97"><net_src comp="4" pin="0"/><net_sink comp="94" pin=0"/></net>

<net id="101"><net_src comp="4" pin="0"/><net_sink comp="98" pin=0"/></net>

<net id="105"><net_src comp="4" pin="0"/><net_sink comp="102" pin=0"/></net>

<net id="109"><net_src comp="4" pin="0"/><net_sink comp="106" pin=0"/></net>

<net id="115"><net_src comp="2" pin="0"/><net_sink comp="110" pin=0"/></net>

<net id="116"><net_src comp="60" pin="0"/><net_sink comp="110" pin=1"/></net>

<net id="122"><net_src comp="2" pin="0"/><net_sink comp="117" pin=0"/></net>

<net id="123"><net_src comp="60" pin="0"/><net_sink comp="117" pin=1"/></net>

<net id="141"><net_src comp="110" pin="3"/><net_sink comp="124" pin=8"/></net>

<net id="147"><net_src comp="2" pin="0"/><net_sink comp="142" pin=0"/></net>

<net id="148"><net_src comp="60" pin="0"/><net_sink comp="142" pin=1"/></net>

<net id="154"><net_src comp="2" pin="0"/><net_sink comp="149" pin=0"/></net>

<net id="155"><net_src comp="60" pin="0"/><net_sink comp="149" pin=1"/></net>

<net id="156"><net_src comp="142" pin="3"/><net_sink comp="124" pin=5"/></net>

<net id="157"><net_src comp="117" pin="3"/><net_sink comp="124" pin=2"/></net>

<net id="158"><net_src comp="149" pin="3"/><net_sink comp="124" pin=0"/></net>

<net id="164"><net_src comp="0" pin="0"/><net_sink comp="159" pin=0"/></net>

<net id="165"><net_src comp="60" pin="0"/><net_sink comp="159" pin=1"/></net>

<net id="171"><net_src comp="159" pin="3"/><net_sink comp="166" pin=0"/></net>

<net id="176"><net_src comp="124" pin="15"/><net_sink comp="172" pin=0"/></net>

<net id="177"><net_src comp="66" pin="0"/><net_sink comp="172" pin=1"/></net>

<net id="194"><net_src comp="6" pin="0"/><net_sink comp="190" pin=0"/></net>

<net id="199"><net_src comp="8" pin="0"/><net_sink comp="195" pin=0"/></net>

<net id="204"><net_src comp="10" pin="0"/><net_sink comp="200" pin=0"/></net>

<net id="209"><net_src comp="12" pin="0"/><net_sink comp="205" pin=0"/></net>

<net id="214"><net_src comp="12" pin="0"/><net_sink comp="210" pin=0"/></net>

<net id="226"><net_src comp="14" pin="0"/><net_sink comp="221" pin=0"/></net>

<net id="227"><net_src comp="215" pin="1"/><net_sink comp="221" pin=1"/></net>

<net id="228"><net_src comp="16" pin="0"/><net_sink comp="221" pin=2"/></net>

<net id="233"><net_src comp="221" pin="3"/><net_sink comp="229" pin=0"/></net>

<net id="234"><net_src comp="18" pin="0"/><net_sink comp="229" pin=1"/></net>

<net id="239"><net_src comp="218" pin="1"/><net_sink comp="235" pin=0"/></net>

<net id="240"><net_src comp="28" pin="0"/><net_sink comp="235" pin=1"/></net>

<net id="245"><net_src comp="218" pin="1"/><net_sink comp="241" pin=0"/></net>

<net id="246"><net_src comp="30" pin="0"/><net_sink comp="241" pin=1"/></net>

<net id="260"><net_src comp="253" pin="1"/><net_sink comp="256" pin=0"/></net>

<net id="261"><net_src comp="32" pin="0"/><net_sink comp="256" pin=1"/></net>

<net id="266"><net_src comp="250" pin="1"/><net_sink comp="262" pin=0"/></net>

<net id="267"><net_src comp="34" pin="0"/><net_sink comp="262" pin=1"/></net>

<net id="273"><net_src comp="262" pin="2"/><net_sink comp="268" pin=0"/></net>

<net id="274"><net_src comp="12" pin="0"/><net_sink comp="268" pin=1"/></net>

<net id="275"><net_src comp="215" pin="1"/><net_sink comp="268" pin=2"/></net>

<net id="281"><net_src comp="262" pin="2"/><net_sink comp="276" pin=0"/></net>

<net id="282"><net_src comp="256" pin="2"/><net_sink comp="276" pin=1"/></net>

<net id="283"><net_src comp="253" pin="1"/><net_sink comp="276" pin=2"/></net>

<net id="287"><net_src comp="276" pin="3"/><net_sink comp="284" pin=0"/></net>

<net id="291"><net_src comp="276" pin="3"/><net_sink comp="288" pin=0"/></net>

<net id="297"><net_src comp="262" pin="2"/><net_sink comp="292" pin=0"/></net>

<net id="298"><net_src comp="36" pin="0"/><net_sink comp="292" pin=1"/></net>

<net id="299"><net_src comp="221" pin="3"/><net_sink comp="292" pin=2"/></net>

<net id="305"><net_src comp="262" pin="2"/><net_sink comp="300" pin=0"/></net>

<net id="306"><net_src comp="18" pin="0"/><net_sink comp="300" pin=1"/></net>

<net id="307"><net_src comp="229" pin="2"/><net_sink comp="300" pin=2"/></net>

<net id="312"><net_src comp="262" pin="2"/><net_sink comp="308" pin=0"/></net>

<net id="313"><net_src comp="38" pin="0"/><net_sink comp="308" pin=1"/></net>

<net id="318"><net_src comp="247" pin="1"/><net_sink comp="314" pin=0"/></net>

<net id="319"><net_src comp="40" pin="0"/><net_sink comp="314" pin=1"/></net>

<net id="324"><net_src comp="314" pin="2"/><net_sink comp="320" pin=0"/></net>

<net id="325"><net_src comp="308" pin="2"/><net_sink comp="320" pin=1"/></net>

<net id="330"><net_src comp="268" pin="3"/><net_sink comp="326" pin=0"/></net>

<net id="331"><net_src comp="42" pin="0"/><net_sink comp="326" pin=1"/></net>

<net id="336"><net_src comp="320" pin="2"/><net_sink comp="332" pin=0"/></net>

<net id="337"><net_src comp="262" pin="2"/><net_sink comp="332" pin=1"/></net>

<net id="343"><net_src comp="332" pin="2"/><net_sink comp="338" pin=0"/></net>

<net id="344"><net_src comp="12" pin="0"/><net_sink comp="338" pin=1"/></net>

<net id="345"><net_src comp="247" pin="1"/><net_sink comp="338" pin=2"/></net>

<net id="351"><net_src comp="320" pin="2"/><net_sink comp="346" pin=0"/></net>

<net id="352"><net_src comp="326" pin="2"/><net_sink comp="346" pin=1"/></net>

<net id="353"><net_src comp="268" pin="3"/><net_sink comp="346" pin=2"/></net>

<net id="357"><net_src comp="346" pin="3"/><net_sink comp="354" pin=0"/></net>

<net id="363"><net_src comp="44" pin="0"/><net_sink comp="358" pin=0"/></net>

<net id="364"><net_src comp="346" pin="3"/><net_sink comp="358" pin=1"/></net>

<net id="365"><net_src comp="12" pin="0"/><net_sink comp="358" pin=2"/></net>

<net id="370"><net_src comp="358" pin="3"/><net_sink comp="366" pin=0"/></net>

<net id="371"><net_src comp="354" pin="1"/><net_sink comp="366" pin=1"/></net>

<net id="377"><net_src comp="14" pin="0"/><net_sink comp="372" pin=0"/></net>

<net id="378"><net_src comp="326" pin="2"/><net_sink comp="372" pin=1"/></net>

<net id="379"><net_src comp="16" pin="0"/><net_sink comp="372" pin=2"/></net>

<net id="385"><net_src comp="320" pin="2"/><net_sink comp="380" pin=0"/></net>

<net id="386"><net_src comp="372" pin="3"/><net_sink comp="380" pin=1"/></net>

<net id="387"><net_src comp="292" pin="3"/><net_sink comp="380" pin=2"/></net>

<net id="393"><net_src comp="46" pin="0"/><net_sink comp="388" pin=0"/></net>

<net id="394"><net_src comp="380" pin="3"/><net_sink comp="388" pin=1"/></net>

<net id="395"><net_src comp="36" pin="0"/><net_sink comp="388" pin=2"/></net>

<net id="399"><net_src comp="388" pin="3"/><net_sink comp="396" pin=0"/></net>

<net id="405"><net_src comp="48" pin="0"/><net_sink comp="400" pin=0"/></net>

<net id="406"><net_src comp="380" pin="3"/><net_sink comp="400" pin=1"/></net>

<net id="407"><net_src comp="16" pin="0"/><net_sink comp="400" pin=2"/></net>

<net id="411"><net_src comp="400" pin="3"/><net_sink comp="408" pin=0"/></net>

<net id="416"><net_src comp="396" pin="1"/><net_sink comp="412" pin=0"/></net>

<net id="417"><net_src comp="408" pin="1"/><net_sink comp="412" pin=1"/></net>

<net id="422"><net_src comp="372" pin="3"/><net_sink comp="418" pin=0"/></net>

<net id="423"><net_src comp="18" pin="0"/><net_sink comp="418" pin=1"/></net>

<net id="429"><net_src comp="320" pin="2"/><net_sink comp="424" pin=0"/></net>

<net id="430"><net_src comp="418" pin="2"/><net_sink comp="424" pin=1"/></net>

<net id="431"><net_src comp="300" pin="3"/><net_sink comp="424" pin=2"/></net>

<net id="437"><net_src comp="46" pin="0"/><net_sink comp="432" pin=0"/></net>

<net id="438"><net_src comp="424" pin="3"/><net_sink comp="432" pin=1"/></net>

<net id="439"><net_src comp="36" pin="0"/><net_sink comp="432" pin=2"/></net>

<net id="443"><net_src comp="432" pin="3"/><net_sink comp="440" pin=0"/></net>

<net id="449"><net_src comp="48" pin="0"/><net_sink comp="444" pin=0"/></net>

<net id="450"><net_src comp="424" pin="3"/><net_sink comp="444" pin=1"/></net>

<net id="451"><net_src comp="16" pin="0"/><net_sink comp="444" pin=2"/></net>

<net id="455"><net_src comp="444" pin="3"/><net_sink comp="452" pin=0"/></net>

<net id="460"><net_src comp="440" pin="1"/><net_sink comp="456" pin=0"/></net>

<net id="461"><net_src comp="452" pin="1"/><net_sink comp="456" pin=1"/></net>

<net id="465"><net_src comp="338" pin="3"/><net_sink comp="462" pin=0"/></net>

<net id="470"><net_src comp="366" pin="2"/><net_sink comp="466" pin=0"/></net>

<net id="471"><net_src comp="462" pin="1"/><net_sink comp="466" pin=1"/></net>

<net id="477"><net_src comp="50" pin="0"/><net_sink comp="472" pin=0"/></net>

<net id="478"><net_src comp="466" pin="2"/><net_sink comp="472" pin=1"/></net>

<net id="479"><net_src comp="52" pin="0"/><net_sink comp="472" pin=2"/></net>

<net id="484"><net_src comp="472" pin="3"/><net_sink comp="480" pin=0"/></net>

<net id="485"><net_src comp="288" pin="1"/><net_sink comp="480" pin=1"/></net>

<net id="491"><net_src comp="14" pin="0"/><net_sink comp="486" pin=0"/></net>

<net id="492"><net_src comp="338" pin="3"/><net_sink comp="486" pin=1"/></net>

<net id="493"><net_src comp="16" pin="0"/><net_sink comp="486" pin=2"/></net>

<net id="497"><net_src comp="486" pin="3"/><net_sink comp="494" pin=0"/></net>

<net id="502"><net_src comp="412" pin="2"/><net_sink comp="498" pin=0"/></net>

<net id="503"><net_src comp="494" pin="1"/><net_sink comp="498" pin=1"/></net>

<net id="510"><net_src comp="54" pin="0"/><net_sink comp="504" pin=0"/></net>

<net id="511"><net_src comp="498" pin="2"/><net_sink comp="504" pin=1"/></net>

<net id="512"><net_src comp="4" pin="0"/><net_sink comp="504" pin=2"/></net>

<net id="513"><net_src comp="56" pin="0"/><net_sink comp="504" pin=3"/></net>

<net id="519"><net_src comp="58" pin="0"/><net_sink comp="514" pin=0"/></net>

<net id="520"><net_src comp="504" pin="4"/><net_sink comp="514" pin=1"/></net>

<net id="521"><net_src comp="276" pin="3"/><net_sink comp="514" pin=2"/></net>

<net id="525"><net_src comp="514" pin="3"/><net_sink comp="522" pin=0"/></net>

<net id="526"><net_src comp="522" pin="1"/><net_sink comp="110" pin=2"/></net>

<net id="531"><net_src comp="456" pin="2"/><net_sink comp="527" pin=0"/></net>

<net id="532"><net_src comp="494" pin="1"/><net_sink comp="527" pin=1"/></net>

<net id="539"><net_src comp="54" pin="0"/><net_sink comp="533" pin=0"/></net>

<net id="540"><net_src comp="527" pin="2"/><net_sink comp="533" pin=1"/></net>

<net id="541"><net_src comp="4" pin="0"/><net_sink comp="533" pin=2"/></net>

<net id="542"><net_src comp="56" pin="0"/><net_sink comp="533" pin=3"/></net>

<net id="548"><net_src comp="58" pin="0"/><net_sink comp="543" pin=0"/></net>

<net id="549"><net_src comp="533" pin="4"/><net_sink comp="543" pin=1"/></net>

<net id="550"><net_src comp="276" pin="3"/><net_sink comp="543" pin=2"/></net>

<net id="554"><net_src comp="543" pin="3"/><net_sink comp="551" pin=0"/></net>

<net id="555"><net_src comp="551" pin="1"/><net_sink comp="117" pin=2"/></net>

<net id="560"><net_src comp="486" pin="3"/><net_sink comp="556" pin=0"/></net>

<net id="561"><net_src comp="18" pin="0"/><net_sink comp="556" pin=1"/></net>

<net id="565"><net_src comp="412" pin="2"/><net_sink comp="562" pin=0"/></net>

<net id="569"><net_src comp="556" pin="2"/><net_sink comp="566" pin=0"/></net>

<net id="574"><net_src comp="562" pin="1"/><net_sink comp="570" pin=0"/></net>

<net id="575"><net_src comp="566" pin="1"/><net_sink comp="570" pin=1"/></net>

<net id="581"><net_src comp="62" pin="0"/><net_sink comp="576" pin=0"/></net>

<net id="582"><net_src comp="570" pin="2"/><net_sink comp="576" pin=1"/></net>

<net id="583"><net_src comp="52" pin="0"/><net_sink comp="576" pin=2"/></net>

<net id="588"><net_src comp="576" pin="3"/><net_sink comp="584" pin=0"/></net>

<net id="589"><net_src comp="284" pin="1"/><net_sink comp="584" pin=1"/></net>

<net id="593"><net_src comp="584" pin="2"/><net_sink comp="590" pin=0"/></net>

<net id="594"><net_src comp="590" pin="1"/><net_sink comp="142" pin=2"/></net>

<net id="598"><net_src comp="456" pin="2"/><net_sink comp="595" pin=0"/></net>

<net id="602"><net_src comp="556" pin="2"/><net_sink comp="599" pin=0"/></net>

<net id="607"><net_src comp="595" pin="1"/><net_sink comp="603" pin=0"/></net>

<net id="608"><net_src comp="599" pin="1"/><net_sink comp="603" pin=1"/></net>

<net id="614"><net_src comp="62" pin="0"/><net_sink comp="609" pin=0"/></net>

<net id="615"><net_src comp="603" pin="2"/><net_sink comp="609" pin=1"/></net>

<net id="616"><net_src comp="52" pin="0"/><net_sink comp="609" pin=2"/></net>

<net id="621"><net_src comp="609" pin="3"/><net_sink comp="617" pin=0"/></net>

<net id="622"><net_src comp="284" pin="1"/><net_sink comp="617" pin=1"/></net>

<net id="626"><net_src comp="617" pin="2"/><net_sink comp="623" pin=0"/></net>

<net id="627"><net_src comp="623" pin="1"/><net_sink comp="149" pin=2"/></net>

<net id="632"><net_src comp="338" pin="3"/><net_sink comp="628" pin=0"/></net>

<net id="633"><net_src comp="42" pin="0"/><net_sink comp="628" pin=1"/></net>

<net id="638"><net_src comp="250" pin="1"/><net_sink comp="634" pin=0"/></net>

<net id="639"><net_src comp="64" pin="0"/><net_sink comp="634" pin=1"/></net>

<net id="645"><net_src comp="262" pin="2"/><net_sink comp="640" pin=0"/></net>

<net id="646"><net_src comp="64" pin="0"/><net_sink comp="640" pin=1"/></net>

<net id="647"><net_src comp="634" pin="2"/><net_sink comp="640" pin=2"/></net>

<net id="652"><net_src comp="241" pin="2"/><net_sink comp="648" pin=0"/></net>

<net id="657"><net_src comp="276" pin="3"/><net_sink comp="653" pin=0"/></net>

<net id="662"><net_src comp="640" pin="3"/><net_sink comp="658" pin=0"/></net>

<net id="667"><net_src comp="346" pin="3"/><net_sink comp="663" pin=0"/></net>

<net id="672"><net_src comp="628" pin="2"/><net_sink comp="668" pin=0"/></net>

<net id="682"><net_src comp="68" pin="0"/><net_sink comp="676" pin=0"/></net>

<net id="683"><net_src comp="673" pin="1"/><net_sink comp="676" pin=1"/></net>

<net id="684"><net_src comp="70" pin="0"/><net_sink comp="676" pin=2"/></net>

<net id="685"><net_src comp="72" pin="0"/><net_sink comp="676" pin=3"/></net>

<net id="689"><net_src comp="673" pin="1"/><net_sink comp="686" pin=0"/></net>

<net id="694"><net_src comp="676" pin="4"/><net_sink comp="690" pin=0"/></net>

<net id="695"><net_src comp="74" pin="0"/><net_sink comp="690" pin=1"/></net>

<net id="700"><net_src comp="686" pin="1"/><net_sink comp="696" pin=0"/></net>

<net id="701"><net_src comp="76" pin="0"/><net_sink comp="696" pin=1"/></net>

<net id="706"><net_src comp="696" pin="2"/><net_sink comp="702" pin=0"/></net>

<net id="707"><net_src comp="690" pin="2"/><net_sink comp="702" pin=1"/></net>

<net id="712"><net_src comp="702" pin="2"/><net_sink comp="708" pin=0"/></net>

<net id="713"><net_src comp="172" pin="2"/><net_sink comp="708" pin=1"/></net>

<net id="719"><net_src comp="708" pin="2"/><net_sink comp="714" pin=0"/></net>

<net id="720"><net_src comp="66" pin="0"/><net_sink comp="714" pin=2"/></net>

<net id="721"><net_src comp="714" pin="3"/><net_sink comp="178" pin=1"/></net>

<net id="731"><net_src comp="68" pin="0"/><net_sink comp="725" pin=0"/></net>

<net id="732"><net_src comp="722" pin="1"/><net_sink comp="725" pin=1"/></net>

<net id="733"><net_src comp="70" pin="0"/><net_sink comp="725" pin=2"/></net>

<net id="734"><net_src comp="72" pin="0"/><net_sink comp="725" pin=3"/></net>

<net id="738"><net_src comp="722" pin="1"/><net_sink comp="735" pin=0"/></net>

<net id="748"><net_src comp="68" pin="0"/><net_sink comp="742" pin=0"/></net>

<net id="749"><net_src comp="739" pin="1"/><net_sink comp="742" pin=1"/></net>

<net id="750"><net_src comp="70" pin="0"/><net_sink comp="742" pin=2"/></net>

<net id="751"><net_src comp="72" pin="0"/><net_sink comp="742" pin=3"/></net>

<net id="755"><net_src comp="739" pin="1"/><net_sink comp="752" pin=0"/></net>

<net id="760"><net_src comp="725" pin="4"/><net_sink comp="756" pin=0"/></net>

<net id="761"><net_src comp="74" pin="0"/><net_sink comp="756" pin=1"/></net>

<net id="766"><net_src comp="735" pin="1"/><net_sink comp="762" pin=0"/></net>

<net id="767"><net_src comp="76" pin="0"/><net_sink comp="762" pin=1"/></net>

<net id="772"><net_src comp="762" pin="2"/><net_sink comp="768" pin=0"/></net>

<net id="773"><net_src comp="756" pin="2"/><net_sink comp="768" pin=1"/></net>

<net id="778"><net_src comp="742" pin="4"/><net_sink comp="774" pin=0"/></net>

<net id="779"><net_src comp="74" pin="0"/><net_sink comp="774" pin=1"/></net>

<net id="784"><net_src comp="752" pin="1"/><net_sink comp="780" pin=0"/></net>

<net id="785"><net_src comp="76" pin="0"/><net_sink comp="780" pin=1"/></net>

<net id="790"><net_src comp="780" pin="2"/><net_sink comp="786" pin=0"/></net>

<net id="791"><net_src comp="774" pin="2"/><net_sink comp="786" pin=1"/></net>

<net id="796"><net_src comp="768" pin="2"/><net_sink comp="792" pin=0"/></net>

<net id="797"><net_src comp="786" pin="2"/><net_sink comp="792" pin=1"/></net>

<net id="802"><net_src comp="792" pin="2"/><net_sink comp="798" pin=0"/></net>

<net id="803"><net_src comp="178" pin="2"/><net_sink comp="798" pin=1"/></net>

<net id="809"><net_src comp="798" pin="2"/><net_sink comp="804" pin=0"/></net>

<net id="819"><net_src comp="68" pin="0"/><net_sink comp="813" pin=0"/></net>

<net id="820"><net_src comp="810" pin="1"/><net_sink comp="813" pin=1"/></net>

<net id="821"><net_src comp="70" pin="0"/><net_sink comp="813" pin=2"/></net>

<net id="822"><net_src comp="72" pin="0"/><net_sink comp="813" pin=3"/></net>

<net id="826"><net_src comp="810" pin="1"/><net_sink comp="823" pin=0"/></net>

<net id="836"><net_src comp="68" pin="0"/><net_sink comp="830" pin=0"/></net>

<net id="837"><net_src comp="827" pin="1"/><net_sink comp="830" pin=1"/></net>

<net id="838"><net_src comp="70" pin="0"/><net_sink comp="830" pin=2"/></net>

<net id="839"><net_src comp="72" pin="0"/><net_sink comp="830" pin=3"/></net>

<net id="843"><net_src comp="827" pin="1"/><net_sink comp="840" pin=0"/></net>

<net id="848"><net_src comp="813" pin="4"/><net_sink comp="844" pin=0"/></net>

<net id="849"><net_src comp="74" pin="0"/><net_sink comp="844" pin=1"/></net>

<net id="854"><net_src comp="823" pin="1"/><net_sink comp="850" pin=0"/></net>

<net id="855"><net_src comp="76" pin="0"/><net_sink comp="850" pin=1"/></net>

<net id="860"><net_src comp="850" pin="2"/><net_sink comp="856" pin=0"/></net>

<net id="861"><net_src comp="844" pin="2"/><net_sink comp="856" pin=1"/></net>

<net id="866"><net_src comp="830" pin="4"/><net_sink comp="862" pin=0"/></net>

<net id="867"><net_src comp="74" pin="0"/><net_sink comp="862" pin=1"/></net>

<net id="872"><net_src comp="840" pin="1"/><net_sink comp="868" pin=0"/></net>

<net id="873"><net_src comp="76" pin="0"/><net_sink comp="868" pin=1"/></net>

<net id="878"><net_src comp="868" pin="2"/><net_sink comp="874" pin=0"/></net>

<net id="879"><net_src comp="862" pin="2"/><net_sink comp="874" pin=1"/></net>

<net id="884"><net_src comp="856" pin="2"/><net_sink comp="880" pin=0"/></net>

<net id="885"><net_src comp="874" pin="2"/><net_sink comp="880" pin=1"/></net>

<net id="890"><net_src comp="880" pin="2"/><net_sink comp="886" pin=0"/></net>

<net id="891"><net_src comp="182" pin="2"/><net_sink comp="886" pin=1"/></net>

<net id="897"><net_src comp="886" pin="2"/><net_sink comp="892" pin=0"/></net>

<net id="901"><net_src comp="898" pin="1"/><net_sink comp="159" pin=2"/></net>

<net id="911"><net_src comp="68" pin="0"/><net_sink comp="905" pin=0"/></net>

<net id="912"><net_src comp="902" pin="1"/><net_sink comp="905" pin=1"/></net>

<net id="913"><net_src comp="70" pin="0"/><net_sink comp="905" pin=2"/></net>

<net id="914"><net_src comp="72" pin="0"/><net_sink comp="905" pin=3"/></net>

<net id="918"><net_src comp="902" pin="1"/><net_sink comp="915" pin=0"/></net>

<net id="928"><net_src comp="68" pin="0"/><net_sink comp="922" pin=0"/></net>

<net id="929"><net_src comp="919" pin="1"/><net_sink comp="922" pin=1"/></net>

<net id="930"><net_src comp="70" pin="0"/><net_sink comp="922" pin=2"/></net>

<net id="931"><net_src comp="72" pin="0"/><net_sink comp="922" pin=3"/></net>

<net id="935"><net_src comp="919" pin="1"/><net_sink comp="932" pin=0"/></net>

<net id="940"><net_src comp="905" pin="4"/><net_sink comp="936" pin=0"/></net>

<net id="941"><net_src comp="74" pin="0"/><net_sink comp="936" pin=1"/></net>

<net id="946"><net_src comp="915" pin="1"/><net_sink comp="942" pin=0"/></net>

<net id="947"><net_src comp="76" pin="0"/><net_sink comp="942" pin=1"/></net>

<net id="952"><net_src comp="942" pin="2"/><net_sink comp="948" pin=0"/></net>

<net id="953"><net_src comp="936" pin="2"/><net_sink comp="948" pin=1"/></net>

<net id="958"><net_src comp="922" pin="4"/><net_sink comp="954" pin=0"/></net>

<net id="959"><net_src comp="74" pin="0"/><net_sink comp="954" pin=1"/></net>

<net id="964"><net_src comp="932" pin="1"/><net_sink comp="960" pin=0"/></net>

<net id="965"><net_src comp="76" pin="0"/><net_sink comp="960" pin=1"/></net>

<net id="970"><net_src comp="960" pin="2"/><net_sink comp="966" pin=0"/></net>

<net id="971"><net_src comp="954" pin="2"/><net_sink comp="966" pin=1"/></net>

<net id="976"><net_src comp="948" pin="2"/><net_sink comp="972" pin=0"/></net>

<net id="977"><net_src comp="966" pin="2"/><net_sink comp="972" pin=1"/></net>

<net id="982"><net_src comp="972" pin="2"/><net_sink comp="978" pin=0"/></net>

<net id="983"><net_src comp="186" pin="2"/><net_sink comp="978" pin=1"/></net>

<net id="989"><net_src comp="978" pin="2"/><net_sink comp="984" pin=0"/></net>

<net id="990"><net_src comp="984" pin="3"/><net_sink comp="166" pin=1"/></net>

<net id="994"><net_src comp="90" pin="1"/><net_sink comp="991" pin=0"/></net>

<net id="995"><net_src comp="991" pin="1"/><net_sink comp="210" pin=1"/></net>

<net id="996"><net_src comp="991" pin="1"/><net_sink comp="247" pin=0"/></net>

<net id="997"><net_src comp="991" pin="1"/><net_sink comp="668" pin=1"/></net>

<net id="1001"><net_src comp="94" pin="1"/><net_sink comp="998" pin=0"/></net>

<net id="1002"><net_src comp="998" pin="1"/><net_sink comp="205" pin=1"/></net>

<net id="1003"><net_src comp="998" pin="1"/><net_sink comp="215" pin=0"/></net>

<net id="1004"><net_src comp="998" pin="1"/><net_sink comp="663" pin=1"/></net>

<net id="1008"><net_src comp="98" pin="1"/><net_sink comp="1005" pin=0"/></net>

<net id="1009"><net_src comp="1005" pin="1"/><net_sink comp="200" pin=1"/></net>

<net id="1010"><net_src comp="1005" pin="1"/><net_sink comp="250" pin=0"/></net>

<net id="1011"><net_src comp="1005" pin="1"/><net_sink comp="658" pin=1"/></net>

<net id="1015"><net_src comp="102" pin="1"/><net_sink comp="1012" pin=0"/></net>

<net id="1016"><net_src comp="1012" pin="1"/><net_sink comp="195" pin=1"/></net>

<net id="1017"><net_src comp="1012" pin="1"/><net_sink comp="253" pin=0"/></net>

<net id="1018"><net_src comp="1012" pin="1"/><net_sink comp="653" pin=1"/></net>

<net id="1022"><net_src comp="106" pin="1"/><net_sink comp="1019" pin=0"/></net>

<net id="1023"><net_src comp="1019" pin="1"/><net_sink comp="190" pin=1"/></net>

<net id="1024"><net_src comp="1019" pin="1"/><net_sink comp="218" pin=0"/></net>

<net id="1025"><net_src comp="1019" pin="1"/><net_sink comp="648" pin=1"/></net>

<net id="1029"><net_src comp="235" pin="2"/><net_sink comp="1026" pin=0"/></net>

<net id="1033"><net_src comp="480" pin="2"/><net_sink comp="1030" pin=0"/></net>

<net id="1034"><net_src comp="1030" pin="1"/><net_sink comp="898" pin=0"/></net>

<net id="1038"><net_src comp="110" pin="3"/><net_sink comp="1035" pin=0"/></net>

<net id="1039"><net_src comp="1035" pin="1"/><net_sink comp="124" pin=8"/></net>

<net id="1043"><net_src comp="117" pin="3"/><net_sink comp="1040" pin=0"/></net>

<net id="1044"><net_src comp="1040" pin="1"/><net_sink comp="124" pin=2"/></net>

<net id="1048"><net_src comp="142" pin="3"/><net_sink comp="1045" pin=0"/></net>

<net id="1049"><net_src comp="1045" pin="1"/><net_sink comp="124" pin=5"/></net>

<net id="1053"><net_src comp="149" pin="3"/><net_sink comp="1050" pin=0"/></net>

<net id="1054"><net_src comp="1050" pin="1"/><net_sink comp="124" pin=0"/></net>

<net id="1058"><net_src comp="124" pin="15"/><net_sink comp="1055" pin=0"/></net>

<net id="1059"><net_src comp="1055" pin="1"/><net_sink comp="673" pin=0"/></net>

<net id="1060"><net_src comp="1055" pin="1"/><net_sink comp="172" pin=0"/></net>

<net id="1061"><net_src comp="1055" pin="1"/><net_sink comp="714" pin=1"/></net>

<net id="1065"><net_src comp="124" pin="11"/><net_sink comp="1062" pin=0"/></net>

<net id="1066"><net_src comp="1062" pin="1"/><net_sink comp="178" pin=0"/></net>

<net id="1067"><net_src comp="1062" pin="1"/><net_sink comp="722" pin=0"/></net>

<net id="1068"><net_src comp="1062" pin="1"/><net_sink comp="804" pin=1"/></net>

<net id="1072"><net_src comp="124" pin="7"/><net_sink comp="1069" pin=0"/></net>

<net id="1073"><net_src comp="1069" pin="1"/><net_sink comp="182" pin=0"/></net>

<net id="1074"><net_src comp="1069" pin="1"/><net_sink comp="810" pin=0"/></net>

<net id="1075"><net_src comp="1069" pin="1"/><net_sink comp="892" pin=1"/></net>

<net id="1079"><net_src comp="124" pin="3"/><net_sink comp="1076" pin=0"/></net>

<net id="1080"><net_src comp="1076" pin="1"/><net_sink comp="186" pin=0"/></net>

<net id="1081"><net_src comp="1076" pin="1"/><net_sink comp="902" pin=0"/></net>

<net id="1082"><net_src comp="1076" pin="1"/><net_sink comp="984" pin=1"/></net>

<net id="1086"><net_src comp="714" pin="3"/><net_sink comp="1083" pin=0"/></net>

<net id="1087"><net_src comp="1083" pin="1"/><net_sink comp="739" pin=0"/></net>

<net id="1088"><net_src comp="1083" pin="1"/><net_sink comp="178" pin=1"/></net>

<net id="1089"><net_src comp="1083" pin="1"/><net_sink comp="804" pin=2"/></net>

<net id="1093"><net_src comp="804" pin="3"/><net_sink comp="1090" pin=0"/></net>

<net id="1094"><net_src comp="1090" pin="1"/><net_sink comp="182" pin=1"/></net>

<net id="1095"><net_src comp="1090" pin="1"/><net_sink comp="827" pin=0"/></net>

<net id="1096"><net_src comp="1090" pin="1"/><net_sink comp="892" pin=2"/></net>

<net id="1100"><net_src comp="892" pin="3"/><net_sink comp="1097" pin=0"/></net>

<net id="1101"><net_src comp="1097" pin="1"/><net_sink comp="186" pin=1"/></net>

<net id="1102"><net_src comp="1097" pin="1"/><net_sink comp="919" pin=0"/></net>

<net id="1103"><net_src comp="1097" pin="1"/><net_sink comp="984" pin=2"/></net>

</net_list>

</model> 
---------------- Datapath Model END ------------------

* FSMD analyzer results:
  - Output states:
	Port: layer1_pool | {9 }
 - Input state : 
	Port: cnn_predict_Pipeline_VITIS_LOOP_103_6_VITIS_LOOP_104_7_VITIS_LOOP_105_8 : layer1_conv | {2 3 }
  - Chain level:
	State 1
		store_ln0 : 1
		store_ln0 : 1
		store_ln0 : 1
		store_ln0 : 1
		store_ln0 : 1
	State 2
		tmp_29 : 1
		empty : 2
		icmp_ln103 : 1
		add_ln103_1 : 1
		br_ln103 : 2
		add_ln103 : 1
		icmp_ln104 : 1
		select_ln103 : 2
		select_ln103_1 : 2
		zext_ln103 : 3
		zext_ln103_1 : 3
		select_ln103_2 : 2
		select_ln103_3 : 2
		xor_ln103 : 2
		icmp_ln105 : 1
		and_ln103 : 2
		add_ln104 : 3
		or_ln104 : 2
		select_ln104 : 2
		select_ln104_1 : 2
		zext_ln113 : 3
		tmp : 3
		sub_ln113 : 4
		p_mid : 4
		select_ln104_2 : 5
		tmp_13 : 6
		zext_ln109 : 7
		tmp_14 : 6
		zext_ln109_1 : 7
		sub_ln109 : 8
		p_mid113 : 5
		select_ln104_3 : 5
		tmp_15 : 6
		zext_ln109_2 : 7
		tmp_16 : 6
		zext_ln109_3 : 7
		sub_ln109_1 : 8
		zext_ln113_1 : 3
		add_ln113 : 5
		tmp_33 : 6
		add_ln113_1 : 7
		tmp_34 : 3
		zext_ln109_4 : 4
		add_ln109 : 9
		tmp_40_cast : 10
		tmp_35 : 11
		zext_ln109_5 : 12
		layer1_conv_addr : 13
		add_ln109_1 : 9
		tmp_44_cast : 10
		tmp_36 : 11
		zext_ln109_6 : 12
		layer1_conv_addr_1 : 13
		layer1_conv_load : 14
		or_ln109 : 4
		trunc_ln109 : 9
		zext_ln109_7 : 4
		add_ln109_2 : 10
		tmp_37 : 11
		add_ln109_3 : 12
		zext_ln109_8 : 13
		layer1_conv_addr_2 : 14
		trunc_ln109_1 : 9
		zext_ln109_9 : 4
		add_ln109_4 : 10
		tmp_38 : 11
		add_ln109_5 : 12
		zext_ln109_10 : 13
		layer1_conv_addr_3 : 14
		layer1_conv_load_1 : 15
		layer1_conv_load_2 : 14
		layer1_conv_load_3 : 15
		add_ln105 : 3
		add_ln104_1 : 1
		select_ln104_4 : 2
		store_ln105 : 2
		store_ln105 : 3
		store_ln105 : 3
		store_ln105 : 3
		store_ln105 : 4
	State 3
		tmp_4 : 1
	State 4
		tmp_3 : 1
		trunc_ln110 : 1
		icmp_ln110 : 2
		icmp_ln110_1 : 2
		or_ln110 : 3
		and_ln110 : 3
		select_ln110 : 3
		tmp_7 : 4
	State 5
		tmp_5 : 1
		trunc_ln110_1 : 1
		tmp_6 : 1
		trunc_ln110_2 : 1
		icmp_ln110_2 : 2
		icmp_ln110_3 : 2
		or_ln110_1 : 3
		icmp_ln110_4 : 2
		icmp_ln110_5 : 2
		or_ln110_2 : 3
		and_ln110_1 : 3
		and_ln110_2 : 3
		select_ln110_1 : 3
	State 6
	State 7
		tmp_8 : 1
		trunc_ln110_3 : 1
		tmp_9 : 1
		trunc_ln110_4 : 1
		icmp_ln110_6 : 2
		icmp_ln110_7 : 2
		or_ln110_3 : 3
		icmp_ln110_8 : 2
		icmp_ln110_9 : 2
		or_ln110_4 : 3
		and_ln110_3 : 3
		and_ln110_4 : 3
		select_ln110_2 : 3
	State 8
	State 9
		layer1_pool_addr : 1
		tmp_10 : 1
		trunc_ln110_5 : 1
		tmp_11 : 1
		trunc_ln110_6 : 1
		icmp_ln110_10 : 2
		icmp_ln110_11 : 2
		or_ln110_5 : 3
		icmp_ln110_12 : 2
		icmp_ln110_13 : 2
		or_ln110_6 : 3
		and_ln110_5 : 3
		and_ln110_6 : 3
		select_ln110_3 : 3
		store_ln113 : 4


============================================================
+ Verbose Summary: Datapath Resource usage 
============================================================

* Functional unit list:
|----------|-----------------------|---------|---------|
| Operation|    Functional Unit    |    FF   |   LUT   |
|----------|-----------------------|---------|---------|
|          |   add_ln103_1_fu_241  |    0    |    19   |
|          |    add_ln103_fu_256   |    0    |    10   |
|          |    add_ln104_fu_326   |    0    |    12   |
|          |    add_ln113_fu_466   |    0    |    18   |
|          |   add_ln113_1_fu_480  |    0    |    19   |
|          |    add_ln109_fu_498   |    0    |    20   |
|    add   |   add_ln109_1_fu_527  |    0    |    20   |
|          |   add_ln109_2_fu_570  |    0    |    19   |
|          |   add_ln109_3_fu_584  |    0    |    21   |
|          |   add_ln109_4_fu_603  |    0    |    19   |
|          |   add_ln109_5_fu_617  |    0    |    21   |
|          |    add_ln105_fu_628   |    0    |    12   |
|          |   add_ln104_1_fu_634  |    0    |    17   |
|----------|-----------------------|---------|---------|
|          |   icmp_ln103_fu_235   |    0    |    12   |
|          |   icmp_ln104_fu_262   |    0    |    11   |
|          |   icmp_ln105_fu_314   |    0    |    9    |
|          |   icmp_ln110_fu_690   |    0    |    11   |
|          |  icmp_ln110_1_fu_696  |    0    |    16   |
|          |  icmp_ln110_2_fu_756  |    0    |    11   |
|          |  icmp_ln110_3_fu_762  |    0    |    16   |
|          |  icmp_ln110_4_fu_774  |    0    |    11   |
|   icmp   |  icmp_ln110_5_fu_780  |    0    |    16   |
|          |  icmp_ln110_6_fu_844  |    0    |    11   |
|          |  icmp_ln110_7_fu_850  |    0    |    16   |
|          |  icmp_ln110_8_fu_862  |    0    |    11   |
|          |  icmp_ln110_9_fu_868  |    0    |    16   |
|          |  icmp_ln110_10_fu_936 |    0    |    11   |
|          |  icmp_ln110_11_fu_942 |    0    |    16   |
|          |  icmp_ln110_12_fu_954 |    0    |    11   |
|          |  icmp_ln110_13_fu_960 |    0    |    16   |
|----------|-----------------------|---------|---------|
|          |  select_ln103_fu_268  |    0    |    5    |
|          | select_ln103_1_fu_276 |    0    |    3    |
|          | select_ln103_2_fu_292 |    0    |    6    |
|          | select_ln103_3_fu_300 |    0    |    6    |
|          |  select_ln104_fu_338  |    0    |    5    |
|          | select_ln104_1_fu_346 |    0    |    5    |
|  select  | select_ln104_2_fu_380 |    0    |    6    |
|          | select_ln104_3_fu_424 |    0    |    6    |
|          | select_ln104_4_fu_640 |    0    |    9    |
|          |  select_ln110_fu_714  |    0    |    32   |
|          | select_ln110_1_fu_804 |    0    |    32   |
|          | select_ln110_2_fu_892 |    0    |    32   |
|          | select_ln110_3_fu_984 |    0    |    32   |
|----------|-----------------------|---------|---------|
|          |    sub_ln113_fu_366   |    0    |    18   |
|    sub   |    sub_ln109_fu_412   |    0    |    19   |
|          |   sub_ln109_1_fu_456  |    0    |    19   |
|----------|-----------------------|---------|---------|
|          |      empty_fu_229     |    0    |    0    |
|          |    or_ln104_fu_332    |    0    |    2    |
|          |    p_mid113_fu_418    |    0    |    0    |
|          |    or_ln109_fu_556    |    0    |    0    |
|          |    or_ln110_fu_702    |    0    |    2    |
|    or    |   or_ln110_1_fu_768   |    0    |    2    |
|          |   or_ln110_2_fu_786   |    0    |    2    |
|          |   or_ln110_3_fu_856   |    0    |    2    |
|          |   or_ln110_4_fu_874   |    0    |    2    |
|          |   or_ln110_5_fu_948   |    0    |    2    |
|          |   or_ln110_6_fu_966   |    0    |    2    |
|----------|-----------------------|---------|---------|
|          |    and_ln103_fu_320   |    0    |    2    |
|          |    and_ln110_fu_708   |    0    |    2    |
|          |   and_ln110_1_fu_792  |    0    |    2    |
|    and   |   and_ln110_2_fu_798  |    0    |    2    |
|          |   and_ln110_3_fu_880  |    0    |    2    |
|          |   and_ln110_4_fu_886  |    0    |    2    |
|          |   and_ln110_5_fu_972  |    0    |    2    |
|          |   and_ln110_6_fu_978  |    0    |    2    |
|----------|-----------------------|---------|---------|
|    xor   |    xor_ln103_fu_308   |    0    |    2    |
|----------|-----------------------|---------|---------|
|          |       grp_fu_172      |    0    |    0    |
|   fcmp   |       grp_fu_178      |    0    |    0    |
|          |       grp_fu_182      |    0    |    0    |
|          |       grp_fu_186      |    0    |    0    |
|----------|-----------------------|---------|---------|
|          |     tmp_29_fu_221     |    0    |    0    |
|          |       tmp_fu_358      |    0    |    0    |
|          |      p_mid_fu_372     |    0    |    0    |
|          |     tmp_13_fu_388     |    0    |    0    |
|          |     tmp_14_fu_400     |    0    |    0    |
|          |     tmp_15_fu_432     |    0    |    0    |
|bitconcatenate|     tmp_16_fu_444     |    0    |    0    |
|          |     tmp_33_fu_472     |    0    |    0    |
|          |     tmp_34_fu_486     |    0    |    0    |
|          |     tmp_35_fu_514     |    0    |    0    |
|          |     tmp_36_fu_543     |    0    |    0    |
|          |     tmp_37_fu_576     |    0    |    0    |
|          |     tmp_38_fu_609     |    0    |    0    |
|----------|-----------------------|---------|---------|
|          |   zext_ln103_fu_284   |    0    |    0    |
|          |  zext_ln103_1_fu_288  |    0    |    0    |
|          |   zext_ln113_fu_354   |    0    |    0    |
|          |   zext_ln109_fu_396   |    0    |    0    |
|          |  zext_ln109_1_fu_408  |    0    |    0    |
|          |  zext_ln109_2_fu_440  |    0    |    0    |
|          |  zext_ln109_3_fu_452  |    0    |    0    |
|   zext   |  zext_ln113_1_fu_462  |    0    |    0    |
|          |  zext_ln109_4_fu_494  |    0    |    0    |
|          |  zext_ln109_5_fu_522  |    0    |    0    |
|          |  zext_ln109_6_fu_551  |    0    |    0    |
|          |  zext_ln109_7_fu_566  |    0    |    0    |
|          |  zext_ln109_8_fu_590  |    0    |    0    |
|          |  zext_ln109_9_fu_599  |    0    |    0    |
|          |  zext_ln109_10_fu_623 |    0    |    0    |
|          |  zext_ln113_2_fu_898  |    0    |    0    |
|----------|-----------------------|---------|---------|
|          |   tmp_40_cast_fu_504  |    0    |    0    |
|          |   tmp_44_cast_fu_533  |    0    |    0    |
|          |      tmp_3_fu_676     |    0    |    0    |
|          |      tmp_5_fu_725     |    0    |    0    |
|partselect|      tmp_6_fu_742     |    0    |    0    |
|          |      tmp_8_fu_813     |    0    |    0    |
|          |      tmp_9_fu_830     |    0    |    0    |
|          |     tmp_10_fu_905     |    0    |    0    |
|          |     tmp_11_fu_922     |    0    |    0    |
|----------|-----------------------|---------|---------|
|          |   trunc_ln109_fu_562  |    0    |    0    |
|          |  trunc_ln109_1_fu_595 |    0    |    0    |
|          |   trunc_ln110_fu_686  |    0    |    0    |
|          |  trunc_ln110_1_fu_735 |    0    |    0    |
|   trunc  |  trunc_ln110_2_fu_752 |    0    |    0    |
|          |  trunc_ln110_3_fu_823 |    0    |    0    |
|          |  trunc_ln110_4_fu_840 |    0    |    0    |
|          |  trunc_ln110_5_fu_915 |    0    |    0    |
|          |  trunc_ln110_6_fu_932 |    0    |    0    |
|----------|-----------------------|---------|---------|
|   Total  |                       |    0    |   717   |
|----------|-----------------------|---------|---------|

Memories:
N/A

* Register list:
+---------------------------+--------+
|                           |   FF   |
+---------------------------+--------+
|    add_ln113_1_reg_1030   |   12   |
|         c_reg_991         |    5   |
|         f_reg_1012        |    3   |
|    icmp_ln103_reg_1026    |    1   |
| indvar_flatten15_reg_1005 |   10   |
| indvar_flatten39_reg_1019 |   12   |
|layer1_conv_addr_1_reg_1040|   14   |
|layer1_conv_addr_2_reg_1045|   14   |
|layer1_conv_addr_3_reg_1050|   14   |
| layer1_conv_addr_reg_1035 |   14   |
|layer1_conv_load_1_reg_1062|   32   |
|layer1_conv_load_2_reg_1069|   32   |
|layer1_conv_load_3_reg_1076|   32   |
| layer1_conv_load_reg_1055 |   32   |
|        r_1_reg_998        |    5   |
|  select_ln110_1_reg_1090  |   32   |
|  select_ln110_2_reg_1097  |   32   |
|   select_ln110_reg_1083   |   32   |
+---------------------------+--------+
|           Total           |   328  |
+---------------------------+--------+

* Multiplexer (MUX) list: 
|-------------------|------|------|------|--------||---------||---------|
|        Comp       |  Pin | Size |  BW  | S x BW ||  Delay  ||   LUT   |
|-------------------|------|------|------|--------||---------||---------|
| grp_access_fu_124 |  p0  |   2  |  14  |   28   ||    9    |
| grp_access_fu_124 |  p2  |   2  |   0  |    0   ||    9    |
| grp_access_fu_124 |  p5  |   2  |  32  |   64   ||    9    |
| grp_access_fu_124 |  p8  |   2  |  14  |   28   ||    9    |
|     grp_fu_172    |  p0  |   2  |  32  |   64   ||    9    |
|     grp_fu_178    |  p1  |   2  |  32  |   64   ||    9    |
|-------------------|------|------|------|--------||---------||---------|
|       Total       |      |      |      |   248  ||  2.934  ||    54   |
|-------------------|------|------|------|--------||---------||---------|



* Summary:
+-----------+--------+--------+--------+
|           |  Delay |   FF   |   LUT  |
+-----------+--------+--------+--------+
|  Function |    -   |    0   |   717  |
|   Memory  |    -   |    -   |    -   |
|Multiplexer|    2   |    -   |   54   |
|  Register |    -   |   328  |    -   |
+-----------+--------+--------+--------+
|   Total   |    2   |   328  |   771  |
+-----------+--------+--------+--------+
