

================================================================
== Vitis HLS Report for 'cnn_predict_Pipeline_VITIS_LOOP_147_17_VITIS_LOOP_148_18_VITIS_LOOP_149_19'
================================================================
* Date:           Tue Nov 25 13:54:35 2025

* Version:        2022.2 (Build 3670227 on Oct 13 2022)
* Project:        cnn_hls
* Solution:       solution1 (Vivado IP Flow Target)
* Product family: zynquplus
* Target device:  xczu3eg-sbva484-1-i


================================================================
== Performance Estimates
================================================================
+ Timing: 
    * Summary: 
    +--------+----------+----------+------------+
    |  Clock |  Target  | Estimated| Uncertainty|
    +--------+----------+----------+------------+
    |ap_clk  |  10.00 ns|  7.221 ns|     2.70 ns|
    +--------+----------+----------+------------+

+ Latency: 
    * Summary: 
    +---------+---------+-----------+-----------+------+------+---------+
    |  Latency (cycles) |   Latency (absolute)  |   Interval  | Pipeline|
    |   min   |   max   |    min    |    max    |  min |  max |   Type  |
    +---------+---------+-----------+-----------+------+------+---------+
    |     1577|     1577|  15.770 us|  15.770 us|  1577|  1577|       no|
    +---------+---------+-----------+-----------+------+------+---------+

    + Detail: 
        * Instance: 
        N/A

        * Loop: 
        +---------------------------------------------------------+---------+---------+----------+-----------+-----------+------+----------+
        |                                                         |  Latency (cycles) | Iteration|  Initiation Interval  | Trip |          |
        |                        Loop Name                        |   min   |   max   |  Latency |  achieved |   target  | Count| Pipelined|
        +---------------------------------------------------------+---------+---------+----------+-----------+-----------+------+----------+
        |- VITIS_LOOP_147_17_VITIS_LOOP_148_18_VITIS_LOOP_149_19  |     1575|     1575|         9|          1|          1|  1568|       yes|
        +---------------------------------------------------------+---------+---------+----------+-----------+-----------+------+----------+



================================================================
== Utilization Estimates
================================================================
* Summary: 
+-----------------+---------+-----+--------+-------+-----+
|       Name      | BRAM_18K| DSP |   FF   |  LUT  | URAM|
+-----------------+---------+-----+--------+-------+-----+
|DSP              |        -|    -|       -|      -|    -|
|Expression       |        -|    -|       0|    716|    -|
|FIFO             |        -|    -|       -|      -|    -|
|Instance         |        -|    0|       0|     46|    -|
|Memory           |        -|    -|       -|      -|    -|
|Multiplexer      |        -|    -|       -|     81|    -|
|Register         |        -|    -|     573|     96|    -|
+-----------------+---------+-----+--------+-------+-----+
|Total            |        0|    0|     573|    939|    0|
+-----------------+---------+-----+--------+-------+-----+
|Available        |      432|  360|  141120|  70560|    0|
+-----------------+---------+-----+--------+-------+-----+
|Utilization (%)  |        0|    0|      ~0|      1|    0|
+-----------------+---------+-----+--------+-------+-----+

+ Detail: 
    * Instance: 
    +------------------------+--------------------+---------+----+---+----+-----+
    |        Instance        |       Module       | BRAM_18K| DSP| FF| LUT| URAM|
    +------------------------+--------------------+---------+----+---+----+-----+
    |mul_5ns_6ns_10_1_1_U63  |mul_5ns_6ns_10_1_1  |        0|   0|  0|  23|    0|
    |mul_5ns_6ns_10_1_1_U64  |mul_5ns_6ns_10_1_1  |        0|   0|  0|  23|    0|
    +------------------------+--------------------+---------+----+---+----+-----+
    |Total                   |                    |        0|   0|  0|  46|    0|
    +------------------------+--------------------+---------+----+---+----+-----+

    * DSP: 
    N/A

    * Memory: 
    N/A

    * FIFO: 
    N/A

    * Expression: 
    +--------------------------+----------+----+---+----+------------+------------+
    |       Variable Name      | Operation| DSP| FF| LUT| Bitwidth P0| Bitwidth P1|
    +--------------------------+----------+----+---+----+------------+------------+
    |add_ln147_1_fu_212_p2     |         +|   0|  0|  18|          11|           1|
    |add_ln147_fu_274_p2       |         +|   0|  0|  12|           4|           1|
    |add_ln148_1_fu_227_p2     |         +|   0|  0|  15|           8|           1|
    |add_ln148_fu_333_p2       |         +|   0|  0|  12|           4|           1|
    |add_ln149_fu_582_p2       |         +|   0|  0|  12|           4|           1|
    |add_ln153_1_fu_486_p2     |         +|   0|  0|  20|          13|          13|
    |add_ln153_2_fu_497_p2     |         +|   0|  0|  17|          10|          10|
    |add_ln153_3_fu_511_p2     |         +|   0|  0|  20|          13|          13|
    |add_ln153_4_fu_532_p2     |         +|   0|  0|  17|          10|          10|
    |add_ln153_5_fu_546_p2     |         +|   0|  0|  20|          13|          13|
    |add_ln153_6_fu_557_p2     |         +|   0|  0|  17|          10|          10|
    |add_ln153_7_fu_571_p2     |         +|   0|  0|  20|          13|          13|
    |add_ln153_fu_472_p2       |         +|   0|  0|  17|          10|          10|
    |add_ln157_1_fu_454_p2     |         +|   0|  0|  18|          11|          11|
    |add_ln157_fu_440_p2       |         +|   0|  0|  19|           8|           8|
    |sub_ln157_fu_380_p2       |         -|   0|  0|  19|           8|           8|
    |and_ln147_fu_327_p2       |       and|   0|  0|   2|           1|           1|
    |and_ln154_1_fu_722_p2     |       and|   0|  0|   2|           1|           1|
    |and_ln154_2_fu_728_p2     |       and|   0|  0|   2|           1|           1|
    |and_ln154_3_fu_810_p2     |       and|   0|  0|   2|           1|           1|
    |and_ln154_4_fu_816_p2     |       and|   0|  0|   2|           1|           1|
    |and_ln154_5_fu_902_p2     |       and|   0|  0|   2|           1|           1|
    |and_ln154_6_fu_908_p2     |       and|   0|  0|   2|           1|           1|
    |and_ln154_fu_638_p2       |       and|   0|  0|   2|           1|           1|
    |icmp_ln147_fu_206_p2      |      icmp|   0|  0|  11|          11|          10|
    |icmp_ln148_fu_221_p2      |      icmp|   0|  0|  11|           8|           7|
    |icmp_ln149_fu_321_p2      |      icmp|   0|  0|   9|           4|           3|
    |icmp_ln154_10_fu_866_p2   |      icmp|   0|  0|  11|           8|           2|
    |icmp_ln154_11_fu_872_p2   |      icmp|   0|  0|  16|          23|           1|
    |icmp_ln154_12_fu_884_p2   |      icmp|   0|  0|  11|           8|           2|
    |icmp_ln154_13_fu_890_p2   |      icmp|   0|  0|  16|          23|           1|
    |icmp_ln154_1_fu_626_p2    |      icmp|   0|  0|  16|          23|           1|
    |icmp_ln154_2_fu_686_p2    |      icmp|   0|  0|  11|           8|           2|
    |icmp_ln154_3_fu_692_p2    |      icmp|   0|  0|  16|          23|           1|
    |icmp_ln154_4_fu_704_p2    |      icmp|   0|  0|  11|           8|           2|
    |icmp_ln154_5_fu_710_p2    |      icmp|   0|  0|  16|          23|           1|
    |icmp_ln154_6_fu_774_p2    |      icmp|   0|  0|  11|           8|           2|
    |icmp_ln154_7_fu_780_p2    |      icmp|   0|  0|  16|          23|           1|
    |icmp_ln154_8_fu_792_p2    |      icmp|   0|  0|  11|           8|           2|
    |icmp_ln154_9_fu_798_p2    |      icmp|   0|  0|  16|          23|           1|
    |icmp_ln154_fu_620_p2      |      icmp|   0|  0|  11|           8|           2|
    |empty_fu_262_p2           |        or|   0|  0|   5|           5|           1|
    |or_ln148_fu_339_p2        |        or|   0|  0|   2|           1|           1|
    |or_ln153_fu_522_p2        |        or|   0|  0|   5|           5|           1|
    |or_ln154_1_fu_698_p2      |        or|   0|  0|   2|           1|           1|
    |or_ln154_2_fu_716_p2      |        or|   0|  0|   2|           1|           1|
    |or_ln154_3_fu_786_p2      |        or|   0|  0|   2|           1|           1|
    |or_ln154_4_fu_804_p2      |        or|   0|  0|   2|           1|           1|
    |or_ln154_5_fu_878_p2      |        or|   0|  0|   2|           1|           1|
    |or_ln154_6_fu_896_p2      |        or|   0|  0|   2|           1|           1|
    |or_ln154_fu_632_p2        |        or|   0|  0|   2|           1|           1|
    |p_mid1122_fu_412_p2       |        or|   0|  0|   5|           5|           1|
    |layer2_pool_d0            |    select|   0|  0|  32|           1|          32|
    |select_ln147_1_fu_287_p3  |    select|   0|  0|   4|           1|           4|
    |select_ln147_2_fu_302_p3  |    select|   0|  0|   5|           1|           1|
    |select_ln147_3_fu_309_p3  |    select|   0|  0|   5|           1|           1|
    |select_ln147_fu_280_p3    |    select|   0|  0|   4|           1|           1|
    |select_ln148_1_fu_352_p3  |    select|   0|  0|   4|           1|           4|
    |select_ln148_2_fu_394_p3  |    select|   0|  0|   5|           1|           5|
    |select_ln148_3_fu_418_p3  |    select|   0|  0|   5|           1|           5|
    |select_ln148_4_fu_233_p3  |    select|   0|  0|   8|           1|           1|
    |select_ln148_fu_344_p3    |    select|   0|  0|   4|           1|           1|
    |select_ln154_1_fu_734_p3  |    select|   0|  0|  32|           1|          32|
    |select_ln154_2_fu_822_p3  |    select|   0|  0|  32|           1|          32|
    |select_ln154_fu_644_p3    |    select|   0|  0|  32|           1|          32|
    |ap_enable_pp0             |       xor|   0|  0|   2|           1|           2|
    |xor_ln147_fu_316_p2       |       xor|   0|  0|   2|           1|           2|
    +--------------------------+----------+----+---+----+------------+------------+
    |Total                     |          |   0|  0| 716|         436|         339|
    +--------------------------+----------+----+---+----+------------+------------+

    * Multiplexer: 
    +-----------------------------------------+----+-----------+-----+-----------+
    |                   Name                  | LUT| Input Size| Bits| Total Bits|
    +-----------------------------------------+----+-----------+-----+-----------+
    |ap_done_int                              |   9|          2|    1|          2|
    |ap_enable_reg_pp0_iter2                  |   9|          2|    1|          2|
    |ap_sig_allocacmp_indvar_flatten124_load  |   9|          2|    8|         16|
    |ap_sig_allocacmp_indvar_flatten148_load  |   9|          2|   11|         22|
    |c_fu_78                                  |   9|          2|    4|          8|
    |f_fu_90                                  |   9|          2|    4|          8|
    |indvar_flatten124_fu_86                  |   9|          2|    8|         16|
    |indvar_flatten148_fu_94                  |   9|          2|   11|         22|
    |r_fu_82                                  |   9|          2|    4|          8|
    +-----------------------------------------+----+-----------+-----+-----------+
    |Total                                    |  81|         18|   52|        104|
    +-----------------------------------------+----+-----------+-----+-----------+

    * Register: 
    +-------------------------------------------+----+----+-----+-----------+
    |                    Name                   | FF | LUT| Bits| Const Bits|
    +-------------------------------------------+----+----+-----+-----------+
    |add_ln157_1_reg_970                        |  11|   0|   11|          0|
    |ap_CS_fsm                                  |   1|   0|    1|          0|
    |ap_done_reg                                |   1|   0|    1|          0|
    |ap_enable_reg_pp0_iter1                    |   1|   0|    1|          0|
    |ap_enable_reg_pp0_iter2                    |   1|   0|    1|          0|
    |ap_enable_reg_pp0_iter3                    |   1|   0|    1|          0|
    |ap_enable_reg_pp0_iter4                    |   1|   0|    1|          0|
    |ap_enable_reg_pp0_iter5                    |   1|   0|    1|          0|
    |ap_enable_reg_pp0_iter6                    |   1|   0|    1|          0|
    |ap_enable_reg_pp0_iter7                    |   1|   0|    1|          0|
    |ap_enable_reg_pp0_iter8                    |   1|   0|    1|          0|
    |ap_loop_exit_ready_pp0_iter1_reg           |   1|   0|    1|          0|
    |ap_loop_exit_ready_pp0_iter2_reg           |   1|   0|    1|          0|
    |ap_loop_exit_ready_pp0_iter3_reg           |   1|   0|    1|          0|
    |ap_loop_exit_ready_pp0_iter4_reg           |   1|   0|    1|          0|
    |ap_loop_exit_ready_pp0_iter5_reg           |   1|   0|    1|          0|
    |ap_loop_exit_ready_pp0_iter6_reg           |   1|   0|    1|          0|
    |ap_loop_exit_ready_pp0_iter7_reg           |   1|   0|    1|          0|
    |c_fu_78                                    |   4|   0|    4|          0|
    |f_fu_90                                    |   4|   0|    4|          0|
    |icmp_ln147_reg_956                         |   1|   0|    1|          0|
    |icmp_ln148_reg_960                         |   1|   0|    1|          0|
    |indvar_flatten124_fu_86                    |   8|   0|    8|          0|
    |indvar_flatten148_fu_94                    |  11|   0|   11|          0|
    |layer2_conv_load_1_reg_1002                |  32|   0|   32|          0|
    |layer2_conv_load_1_reg_1002_pp0_iter3_reg  |  32|   0|   32|          0|
    |layer2_conv_load_2_reg_1009                |  32|   0|   32|          0|
    |layer2_conv_load_3_reg_1016                |  32|   0|   32|          0|
    |layer2_conv_load_reg_995                   |  32|   0|   32|          0|
    |r_fu_82                                    |   4|   0|    4|          0|
    |select_ln154_1_reg_1030                    |  32|   0|   32|          0|
    |select_ln154_1_reg_1030_pp0_iter5_reg      |  32|   0|   32|          0|
    |select_ln154_2_reg_1037                    |  32|   0|   32|          0|
    |select_ln154_2_reg_1037_pp0_iter7_reg      |  32|   0|   32|          0|
    |select_ln154_reg_1023                      |  32|   0|   32|          0|
    |add_ln157_1_reg_970                        |  64|  32|   11|          0|
    |layer2_conv_load_2_reg_1009                |  64|  32|   32|          0|
    |layer2_conv_load_3_reg_1016                |  64|  32|   32|          0|
    +-------------------------------------------+----+----+-----+-----------+
    |Total                                      | 573|  96|  456|          0|
    +-------------------------------------------+----+----+-----+-----------+



================================================================
== Interface
================================================================
* Summary: 
+----------------------+-----+-----+------------+----------------------------------------------------------------------------+--------------+
|       RTL Ports      | Dir | Bits|  Protocol  |                                Source Object                               |    C Type    |
+----------------------+-----+-----+------------+----------------------------------------------------------------------------+--------------+
|ap_clk                |   in|    1|  ap_ctrl_hs|  cnn_predict_Pipeline_VITIS_LOOP_147_17_VITIS_LOOP_148_18_VITIS_LOOP_149_19|  return value|
|ap_rst                |   in|    1|  ap_ctrl_hs|  cnn_predict_Pipeline_VITIS_LOOP_147_17_VITIS_LOOP_148_18_VITIS_LOOP_149_19|  return value|
|ap_start              |   in|    1|  ap_ctrl_hs|  cnn_predict_Pipeline_VITIS_LOOP_147_17_VITIS_LOOP_148_18_VITIS_LOOP_149_19|  return value|
|ap_done               |  out|    1|  ap_ctrl_hs|  cnn_predict_Pipeline_VITIS_LOOP_147_17_VITIS_LOOP_148_18_VITIS_LOOP_149_19|  return value|
|ap_idle               |  out|    1|  ap_ctrl_hs|  cnn_predict_Pipeline_VITIS_LOOP_147_17_VITIS_LOOP_148_18_VITIS_LOOP_149_19|  return value|
|ap_ready              |  out|    1|  ap_ctrl_hs|  cnn_predict_Pipeline_VITIS_LOOP_147_17_VITIS_LOOP_148_18_VITIS_LOOP_149_19|  return value|
|grp_fu_865_p_din0     |  out|   32|  ap_ctrl_hs|  cnn_predict_Pipeline_VITIS_LOOP_147_17_VITIS_LOOP_148_18_VITIS_LOOP_149_19|  return value|
|grp_fu_865_p_din1     |  out|   32|  ap_ctrl_hs|  cnn_predict_Pipeline_VITIS_LOOP_147_17_VITIS_LOOP_148_18_VITIS_LOOP_149_19|  return value|
|grp_fu_865_p_opcode   |  out|    5|  ap_ctrl_hs|  cnn_predict_Pipeline_VITIS_LOOP_147_17_VITIS_LOOP_148_18_VITIS_LOOP_149_19|  return value|
|grp_fu_865_p_dout0    |   in|    1|  ap_ctrl_hs|  cnn_predict_Pipeline_VITIS_LOOP_147_17_VITIS_LOOP_148_18_VITIS_LOOP_149_19|  return value|
|grp_fu_865_p_ce       |  out|    1|  ap_ctrl_hs|  cnn_predict_Pipeline_VITIS_LOOP_147_17_VITIS_LOOP_148_18_VITIS_LOOP_149_19|  return value|
|grp_fu_869_p_din0     |  out|   32|  ap_ctrl_hs|  cnn_predict_Pipeline_VITIS_LOOP_147_17_VITIS_LOOP_148_18_VITIS_LOOP_149_19|  return value|
|grp_fu_869_p_din1     |  out|   32|  ap_ctrl_hs|  cnn_predict_Pipeline_VITIS_LOOP_147_17_VITIS_LOOP_148_18_VITIS_LOOP_149_19|  return value|
|grp_fu_869_p_opcode   |  out|    5|  ap_ctrl_hs|  cnn_predict_Pipeline_VITIS_LOOP_147_17_VITIS_LOOP_148_18_VITIS_LOOP_149_19|  return value|
|grp_fu_869_p_dout0    |   in|    1|  ap_ctrl_hs|  cnn_predict_Pipeline_VITIS_LOOP_147_17_VITIS_LOOP_148_18_VITIS_LOOP_149_19|  return value|
|grp_fu_869_p_ce       |  out|    1|  ap_ctrl_hs|  cnn_predict_Pipeline_VITIS_LOOP_147_17_VITIS_LOOP_148_18_VITIS_LOOP_149_19|  return value|
|grp_fu_873_p_din0     |  out|   32|  ap_ctrl_hs|  cnn_predict_Pipeline_VITIS_LOOP_147_17_VITIS_LOOP_148_18_VITIS_LOOP_149_19|  return value|
|grp_fu_873_p_din1     |  out|   32|  ap_ctrl_hs|  cnn_predict_Pipeline_VITIS_LOOP_147_17_VITIS_LOOP_148_18_VITIS_LOOP_149_19|  return value|
|grp_fu_873_p_opcode   |  out|    5|  ap_ctrl_hs|  cnn_predict_Pipeline_VITIS_LOOP_147_17_VITIS_LOOP_148_18_VITIS_LOOP_149_19|  return value|
|grp_fu_873_p_dout0    |   in|    1|  ap_ctrl_hs|  cnn_predict_Pipeline_VITIS_LOOP_147_17_VITIS_LOOP_148_18_VITIS_LOOP_149_19|  return value|
|grp_fu_873_p_ce       |  out|    1|  ap_ctrl_hs|  cnn_predict_Pipeline_VITIS_LOOP_147_17_VITIS_LOOP_148_18_VITIS_LOOP_149_19|  return value|
|grp_fu_877_p_din0     |  out|   32|  ap_ctrl_hs|  cnn_predict_Pipeline_VITIS_LOOP_147_17_VITIS_LOOP_148_18_VITIS_LOOP_149_19|  return value|
|grp_fu_877_p_din1     |  out|   32|  ap_ctrl_hs|  cnn_predict_Pipeline_VITIS_LOOP_147_17_VITIS_LOOP_148_18_VITIS_LOOP_149_19|  return value|
|grp_fu_877_p_opcode   |  out|    5|  ap_ctrl_hs|  cnn_predict_Pipeline_VITIS_LOOP_147_17_VITIS_LOOP_148_18_VITIS_LOOP_149_19|  return value|
|grp_fu_877_p_dout0    |   in|    1|  ap_ctrl_hs|  cnn_predict_Pipeline_VITIS_LOOP_147_17_VITIS_LOOP_148_18_VITIS_LOOP_149_19|  return value|
|grp_fu_877_p_ce       |  out|    1|  ap_ctrl_hs|  cnn_predict_Pipeline_VITIS_LOOP_147_17_VITIS_LOOP_148_18_VITIS_LOOP_149_19|  return value|
|layer2_pool_address0  |  out|   11|   ap_memory|                                                                 layer2_pool|         array|
|layer2_pool_ce0       |  out|    1|   ap_memory|                                                                 layer2_pool|         array|
|layer2_pool_we0       |  out|    1|   ap_memory|                                                                 layer2_pool|         array|
|layer2_pool_d0        |  out|   32|   ap_memory|                                                                 layer2_pool|         array|
|layer2_conv_address0  |  out|   13|   ap_memory|                                                                 layer2_conv|         array|
|layer2_conv_ce0       |  out|    1|   ap_memory|                                                                 layer2_conv|         array|
|layer2_conv_q0        |   in|   32|   ap_memory|                                                                 layer2_conv|         array|
|layer2_conv_address1  |  out|   13|   ap_memory|                                                                 layer2_conv|         array|
|layer2_conv_ce1       |  out|    1|   ap_memory|                                                                 layer2_conv|         array|
|layer2_conv_q1        |   in|   32|   ap_memory|                                                                 layer2_conv|         array|
|layer2_conv_address2  |  out|   13|   ap_memory|                                                                 layer2_conv|         array|
|layer2_conv_ce2       |  out|    1|   ap_memory|                                                                 layer2_conv|         array|
|layer2_conv_q2        |   in|   32|   ap_memory|                                                                 layer2_conv|         array|
|layer2_conv_address3  |  out|   13|   ap_memory|                                                                 layer2_conv|         array|
|layer2_conv_ce3       |  out|    1|   ap_memory|                                                                 layer2_conv|         array|
|layer2_conv_q3        |   in|   32|   ap_memory|                                                                 layer2_conv|         array|
+----------------------+-----+-----+------------+----------------------------------------------------------------------------+--------------+

============================================================
+ Verbose Summary: Synthesis Manager
============================================================
InlineROM: 1
ExposeGlobal: 0
============================================================
+ Verbose Summary: CDFG Model
============================================================
IsTopModel: 0
ResetActiveHigh: 1
IsCombinational: 2
IsDatapathOnly: 2
HasWiredReturn: 1
HasMFsm: 2
HasVarLatency: 1
IsPipeline: 0
IsRtlPipelined: 0
IsInstanceOverlapped: 0
IsDontTouch: 0
HasImplIP: 0
IsGatedGlobalClock: 0

+ Individual pipeline summary: 
  * Pipeline-0: initiation interval (II) = 1, depth = 9


============================================================
+ Verbose Summary: Schedule
============================================================
* Number of FSM states : 9
* Pipeline : 1
  Pipeline-0 : II = 1, D = 9, States = { 1 2 3 4 5 6 7 8 9 }
* Dataflow Pipeline: 0

* FSM state transitions: 
1 --> 2 
2 --> 3 
3 --> 4 
4 --> 5 
5 --> 6 
6 --> 7 
7 --> 8 
8 --> 9 
9 --> 

* FSM state operations: 

State 1 <SV = 0> <Delay = 1.84>
ST_1 : Operation 12 [1/1] (0.00ns)   --->   "%c = alloca i32 1"   --->   Operation 12 'alloca' 'c' <Predicate = true> <Delay = 0.00>
ST_1 : Operation 13 [1/1] (0.00ns)   --->   "%r = alloca i32 1"   --->   Operation 13 'alloca' 'r' <Predicate = true> <Delay = 0.00>
ST_1 : Operation 14 [1/1] (0.00ns)   --->   "%indvar_flatten124 = alloca i32 1"   --->   Operation 14 'alloca' 'indvar_flatten124' <Predicate = true> <Delay = 0.00>
ST_1 : Operation 15 [1/1] (0.00ns)   --->   "%f = alloca i32 1"   --->   Operation 15 'alloca' 'f' <Predicate = true> <Delay = 0.00>
ST_1 : Operation 16 [1/1] (0.00ns)   --->   "%indvar_flatten148 = alloca i32 1"   --->   Operation 16 'alloca' 'indvar_flatten148' <Predicate = true> <Delay = 0.00>
ST_1 : Operation 17 [1/1] (0.48ns)   --->   "%store_ln0 = store i11 0, i11 %indvar_flatten148"   --->   Operation 17 'store' 'store_ln0' <Predicate = true> <Delay = 0.48>
ST_1 : Operation 18 [1/1] (0.48ns)   --->   "%store_ln0 = store i4 0, i4 %f"   --->   Operation 18 'store' 'store_ln0' <Predicate = true> <Delay = 0.48>
ST_1 : Operation 19 [1/1] (0.48ns)   --->   "%store_ln0 = store i8 0, i8 %indvar_flatten124"   --->   Operation 19 'store' 'store_ln0' <Predicate = true> <Delay = 0.48>
ST_1 : Operation 20 [1/1] (0.48ns)   --->   "%store_ln0 = store i4 0, i4 %r"   --->   Operation 20 'store' 'store_ln0' <Predicate = true> <Delay = 0.48>
ST_1 : Operation 21 [1/1] (0.48ns)   --->   "%store_ln0 = store i4 0, i4 %c"   --->   Operation 21 'store' 'store_ln0' <Predicate = true> <Delay = 0.48>
ST_1 : Operation 22 [1/1] (0.00ns)   --->   "%br_ln0 = br void %VITIS_LOOP_151_20"   --->   Operation 22 'br' 'br_ln0' <Predicate = true> <Delay = 0.00>
ST_1 : Operation 23 [1/1] (0.00ns)   --->   "%indvar_flatten148_load = load i11 %indvar_flatten148" [cnn.cpp:147]   --->   Operation 23 'load' 'indvar_flatten148_load' <Predicate = true> <Delay = 0.00>
ST_1 : Operation 24 [1/1] (0.85ns)   --->   "%icmp_ln147 = icmp_eq  i11 %indvar_flatten148_load, i11 1568" [cnn.cpp:147]   --->   Operation 24 'icmp' 'icmp_ln147' <Predicate = true> <Delay = 0.85> <CoreInst = "Cmp">   --->   Core 9 'Cmp' <Latency = 0> <II = 1> <Delay = 0.85> <FuncUnit> <Opcode : 'icmp'> <InPorts = 2> <OutPorts = 1>
ST_1 : Operation 25 [1/1] (0.94ns)   --->   "%add_ln147_1 = add i11 %indvar_flatten148_load, i11 1" [cnn.cpp:147]   --->   Operation 25 'add' 'add_ln147_1' <Predicate = true> <Delay = 0.94> <CoreInst = "Adder">   --->   Core 1 'Adder' <Latency = 0> <II = 1> <Delay = 0.94> <FuncUnit> <Opcode : 'add' 'sub'> <InPorts = 2> <OutPorts = 1>
ST_1 : Operation 26 [1/1] (0.00ns)   --->   "%br_ln147 = br i1 %icmp_ln147, void %for.inc242, void %for.inc269.preheader.exitStub" [cnn.cpp:147]   --->   Operation 26 'br' 'br_ln147' <Predicate = true> <Delay = 0.00>
ST_1 : Operation 27 [1/1] (0.00ns)   --->   "%indvar_flatten124_load = load i8 %indvar_flatten124" [cnn.cpp:148]   --->   Operation 27 'load' 'indvar_flatten124_load' <Predicate = (!icmp_ln147)> <Delay = 0.00>
ST_1 : Operation 28 [1/1] (0.85ns)   --->   "%icmp_ln148 = icmp_eq  i8 %indvar_flatten124_load, i8 196" [cnn.cpp:148]   --->   Operation 28 'icmp' 'icmp_ln148' <Predicate = (!icmp_ln147)> <Delay = 0.85> <CoreInst = "Cmp">   --->   Core 9 'Cmp' <Latency = 0> <II = 1> <Delay = 0.85> <FuncUnit> <Opcode : 'icmp'> <InPorts = 2> <OutPorts = 1>
ST_1 : Operation 29 [1/1] (0.90ns)   --->   "%add_ln148_1 = add i8 %indvar_flatten124_load, i8 1" [cnn.cpp:148]   --->   Operation 29 'add' 'add_ln148_1' <Predicate = (!icmp_ln147)> <Delay = 0.90> <CoreInst = "Adder">   --->   Core 1 'Adder' <Latency = 0> <II = 1> <Delay = 0.90> <FuncUnit> <Opcode : 'add' 'sub'> <InPorts = 2> <OutPorts = 1>
ST_1 : Operation 30 [1/1] (0.44ns)   --->   "%select_ln148_4 = select i1 %icmp_ln148, i8 1, i8 %add_ln148_1" [cnn.cpp:148]   --->   Operation 30 'select' 'select_ln148_4' <Predicate = (!icmp_ln147)> <Delay = 0.44> <CoreInst = "Sel">   --->   Core 73 'Sel' <Latency = 0> <II = 1> <Delay = 0.44> <FuncUnit> <Opcode : 'select'> <InPorts = 3> <OutPorts = 1>
ST_1 : Operation 31 [1/1] (0.48ns)   --->   "%store_ln149 = store i11 %add_ln147_1, i11 %indvar_flatten148" [cnn.cpp:149]   --->   Operation 31 'store' 'store_ln149' <Predicate = (!icmp_ln147)> <Delay = 0.48>
ST_1 : Operation 32 [1/1] (0.48ns)   --->   "%store_ln149 = store i8 %select_ln148_4, i8 %indvar_flatten124" [cnn.cpp:149]   --->   Operation 32 'store' 'store_ln149' <Predicate = (!icmp_ln147)> <Delay = 0.48>

State 2 <SV = 1> <Delay = 6.47>
ST_2 : Operation 33 [1/1] (0.00ns)   --->   "%r_1 = load i4 %r"   --->   Operation 33 'load' 'r_1' <Predicate = true> <Delay = 0.00>
ST_2 : Operation 34 [1/1] (0.00ns)   --->   "%tmp_s = bitconcatenate i5 @_ssdm_op_BitConcatenate.i5.i4.i1, i4 %r_1, i1 0"   --->   Operation 34 'bitconcatenate' 'tmp_s' <Predicate = true> <Delay = 0.00>
ST_2 : Operation 35 [1/1] (0.00ns)   --->   "%empty = or i5 %tmp_s, i5 1"   --->   Operation 35 'or' 'empty' <Predicate = (!icmp_ln148)> <Delay = 0.00>
ST_2 : Operation 36 [1/1] (0.00ns)   --->   "%specpipeline_ln0 = specpipeline void @_ssdm_op_SpecPipeline, i32 4294967295, i32 0, i32 1, i32 0, void @p_str"   --->   Operation 36 'specpipeline' 'specpipeline_ln0' <Predicate = true> <Delay = 0.00>
ST_2 : Operation 37 [1/1] (0.00ns)   --->   "%c_load = load i4 %c" [cnn.cpp:149]   --->   Operation 37 'load' 'c_load' <Predicate = (!icmp_ln147)> <Delay = 0.00>
ST_2 : Operation 38 [1/1] (0.00ns)   --->   "%f_load = load i4 %f" [cnn.cpp:147]   --->   Operation 38 'load' 'f_load' <Predicate = (!icmp_ln147)> <Delay = 0.00>
ST_2 : Operation 39 [1/1] (0.86ns)   --->   "%add_ln147 = add i4 %f_load, i4 1" [cnn.cpp:147]   --->   Operation 39 'add' 'add_ln147' <Predicate = (!icmp_ln147 & icmp_ln148)> <Delay = 0.86> <CoreInst = "Adder">   --->   Core 1 'Adder' <Latency = 0> <II = 1> <Delay = 0.86> <FuncUnit> <Opcode : 'add' 'sub'> <InPorts = 2> <OutPorts = 1>
ST_2 : Operation 40 [1/1] (0.45ns)   --->   "%select_ln147 = select i1 %icmp_ln148, i4 0, i4 %r_1" [cnn.cpp:147]   --->   Operation 40 'select' 'select_ln147' <Predicate = (!icmp_ln147)> <Delay = 0.45> <CoreInst = "Sel">   --->   Core 73 'Sel' <Latency = 0> <II = 1> <Delay = 0.45> <FuncUnit> <Opcode : 'select'> <InPorts = 3> <OutPorts = 1>
ST_2 : Operation 41 [1/1] (0.45ns)   --->   "%select_ln147_1 = select i1 %icmp_ln148, i4 %add_ln147, i4 %f_load" [cnn.cpp:147]   --->   Operation 41 'select' 'select_ln147_1' <Predicate = (!icmp_ln147)> <Delay = 0.45> <CoreInst = "Sel">   --->   Core 73 'Sel' <Latency = 0> <II = 1> <Delay = 0.45> <FuncUnit> <Opcode : 'select'> <InPorts = 3> <OutPorts = 1>
ST_2 : Operation 42 [1/1] (0.00ns)   --->   "%zext_ln147 = zext i4 %select_ln147_1" [cnn.cpp:147]   --->   Operation 42 'zext' 'zext_ln147' <Predicate = (!icmp_ln147)> <Delay = 0.00>
ST_2 : Operation 43 [1/1] (0.00ns)   --->   "%zext_ln147_1 = zext i4 %select_ln147_1" [cnn.cpp:147]   --->   Operation 43 'zext' 'zext_ln147_1' <Predicate = (!icmp_ln147)> <Delay = 0.00>
ST_2 : Operation 44 [1/1] (0.00ns) (grouped into LUT with out node select_ln148_2)   --->   "%select_ln147_2 = select i1 %icmp_ln148, i5 0, i5 %tmp_s" [cnn.cpp:147]   --->   Operation 44 'select' 'select_ln147_2' <Predicate = (!icmp_ln147)> <Delay = 0.00> <CoreInst = "Sel">   --->   Core 73 'Sel' <Latency = 0> <II = 1> <Delay = 0.48> <FuncUnit> <Opcode : 'select'> <InPorts = 3> <OutPorts = 1>
ST_2 : Operation 45 [1/1] (0.00ns) (grouped into LUT with out node select_ln148_3)   --->   "%select_ln147_3 = select i1 %icmp_ln148, i5 1, i5 %empty" [cnn.cpp:147]   --->   Operation 45 'select' 'select_ln147_3' <Predicate = (!icmp_ln147)> <Delay = 0.00> <CoreInst = "Sel">   --->   Core 73 'Sel' <Latency = 0> <II = 1> <Delay = 0.48> <FuncUnit> <Opcode : 'select'> <InPorts = 3> <OutPorts = 1>
ST_2 : Operation 46 [1/1] (0.00ns) (grouped into LUT with out node and_ln147)   --->   "%xor_ln147 = xor i1 %icmp_ln148, i1 1" [cnn.cpp:147]   --->   Operation 46 'xor' 'xor_ln147' <Predicate = (!icmp_ln147)> <Delay = 0.00> <CoreInst = "LogicGate">   --->   Core 74 'LogicGate' <Latency = 0> <II = 1> <Delay = 0.33> <FuncUnit> <Opcode : 'and' 'or' 'xor'> <InPorts = 2> <OutPorts = 1>
ST_2 : Operation 47 [1/1] (0.88ns)   --->   "%icmp_ln149 = icmp_eq  i4 %c_load, i4 14" [cnn.cpp:149]   --->   Operation 47 'icmp' 'icmp_ln149' <Predicate = (!icmp_ln147)> <Delay = 0.88> <CoreInst = "Cmp">   --->   Core 9 'Cmp' <Latency = 0> <II = 1> <Delay = 0.88> <FuncUnit> <Opcode : 'icmp'> <InPorts = 2> <OutPorts = 1>
ST_2 : Operation 48 [1/1] (0.33ns) (out node of the LUT)   --->   "%and_ln147 = and i1 %icmp_ln149, i1 %xor_ln147" [cnn.cpp:147]   --->   Operation 48 'and' 'and_ln147' <Predicate = (!icmp_ln147)> <Delay = 0.33> <CoreInst = "LogicGate">   --->   Core 74 'LogicGate' <Latency = 0> <II = 1> <Delay = 0.33> <FuncUnit> <Opcode : 'and' 'or' 'xor'> <InPorts = 2> <OutPorts = 1>
ST_2 : Operation 49 [1/1] (0.86ns)   --->   "%add_ln148 = add i4 %select_ln147, i4 1" [cnn.cpp:148]   --->   Operation 49 'add' 'add_ln148' <Predicate = (!icmp_ln147)> <Delay = 0.86> <CoreInst = "Adder">   --->   Core 1 'Adder' <Latency = 0> <II = 1> <Delay = 0.86> <FuncUnit> <Opcode : 'add' 'sub'> <InPorts = 2> <OutPorts = 1>
ST_2 : Operation 50 [1/1] (0.00ns) (grouped into LUT with out node select_ln148)   --->   "%or_ln148 = or i1 %and_ln147, i1 %icmp_ln148" [cnn.cpp:148]   --->   Operation 50 'or' 'or_ln148' <Predicate = (!icmp_ln147)> <Delay = 0.00> <CoreInst = "LogicGate">   --->   Core 74 'LogicGate' <Latency = 0> <II = 1> <Delay = 0.33> <FuncUnit> <Opcode : 'and' 'or' 'xor'> <InPorts = 2> <OutPorts = 1>
ST_2 : Operation 51 [1/1] (0.45ns) (out node of the LUT)   --->   "%select_ln148 = select i1 %or_ln148, i4 0, i4 %c_load" [cnn.cpp:148]   --->   Operation 51 'select' 'select_ln148' <Predicate = (!icmp_ln147)> <Delay = 0.45> <CoreInst = "Sel">   --->   Core 73 'Sel' <Latency = 0> <II = 1> <Delay = 0.45> <FuncUnit> <Opcode : 'select'> <InPorts = 3> <OutPorts = 1>
ST_2 : Operation 52 [1/1] (0.45ns)   --->   "%select_ln148_1 = select i1 %and_ln147, i4 %add_ln148, i4 %select_ln147" [cnn.cpp:148]   --->   Operation 52 'select' 'select_ln148_1' <Predicate = (!icmp_ln147)> <Delay = 0.45> <CoreInst = "Sel">   --->   Core 73 'Sel' <Latency = 0> <II = 1> <Delay = 0.45> <FuncUnit> <Opcode : 'select'> <InPorts = 3> <OutPorts = 1>
ST_2 : Operation 53 [1/1] (0.00ns)   --->   "%tmp = bitconcatenate i8 @_ssdm_op_BitConcatenate.i8.i4.i4, i4 %select_ln148_1, i4 0" [cnn.cpp:157]   --->   Operation 53 'bitconcatenate' 'tmp' <Predicate = (!icmp_ln147)> <Delay = 0.00>
ST_2 : Operation 54 [1/1] (0.00ns)   --->   "%tmp_1 = bitconcatenate i5 @_ssdm_op_BitConcatenate.i5.i4.i1, i4 %select_ln148_1, i1 0" [cnn.cpp:157]   --->   Operation 54 'bitconcatenate' 'tmp_1' <Predicate = (!icmp_ln147)> <Delay = 0.00>
ST_2 : Operation 55 [1/1] (0.00ns)   --->   "%zext_ln157 = zext i5 %tmp_1" [cnn.cpp:157]   --->   Operation 55 'zext' 'zext_ln157' <Predicate = (!icmp_ln147)> <Delay = 0.00>
ST_2 : Operation 56 [1/1] (0.00ns) (grouped into TernaryAdder)   --->   "%sub_ln157 = sub i8 %tmp, i8 %zext_ln157" [cnn.cpp:157]   --->   Operation 56 'sub' 'sub_ln157' <Predicate = (!icmp_ln147)> <Delay = 0.00> <CoreInst = "TAddSub">   --->   Core 10 'TAddSub' <Latency = 0> <II = 1> <Delay = 0.61> <IPBlock> <Opcode : 'add' 'sub'> <InPorts = 3> <OutPorts = 1> <Sync> <CReg>
ST_2 : Operation 57 [1/1] (0.00ns)   --->   "%p_mid2 = bitconcatenate i5 @_ssdm_op_BitConcatenate.i5.i4.i1, i4 %add_ln148, i1 0" [cnn.cpp:148]   --->   Operation 57 'bitconcatenate' 'p_mid2' <Predicate = (!icmp_ln147)> <Delay = 0.00>
ST_2 : Operation 58 [1/1] (0.48ns) (out node of the LUT)   --->   "%select_ln148_2 = select i1 %and_ln147, i5 %p_mid2, i5 %select_ln147_2" [cnn.cpp:148]   --->   Operation 58 'select' 'select_ln148_2' <Predicate = (!icmp_ln147)> <Delay = 0.48> <CoreInst = "Sel">   --->   Core 73 'Sel' <Latency = 0> <II = 1> <Delay = 0.48> <FuncUnit> <Opcode : 'select'> <InPorts = 3> <OutPorts = 1>
ST_2 : Operation 59 [1/1] (0.00ns)   --->   "%zext_ln153 = zext i5 %select_ln148_2" [cnn.cpp:153]   --->   Operation 59 'zext' 'zext_ln153' <Predicate = (!icmp_ln147)> <Delay = 0.00>
ST_2 : Operation 60 [1/1] (1.42ns)   --->   "%mul_ln153 = mul i10 %zext_ln153, i10 29" [cnn.cpp:153]   --->   Operation 60 'mul' 'mul_ln153' <Predicate = (!icmp_ln147)> <Delay = 1.42> <CoreInst = "Multiplier">   --->   Core 3 'Multiplier' <Latency = 0> <II = 1> <Delay = 1.42> <FuncUnit> <Opcode : 'mul'> <InPorts = 2> <OutPorts = 1>
ST_2 : Operation 61 [1/1] (0.00ns) (grouped into LUT with out node select_ln148_3)   --->   "%p_mid1122 = or i5 %p_mid2, i5 1" [cnn.cpp:148]   --->   Operation 61 'or' 'p_mid1122' <Predicate = (!icmp_ln147)> <Delay = 0.00>
ST_2 : Operation 62 [1/1] (0.48ns) (out node of the LUT)   --->   "%select_ln148_3 = select i1 %and_ln147, i5 %p_mid1122, i5 %select_ln147_3" [cnn.cpp:148]   --->   Operation 62 'select' 'select_ln148_3' <Predicate = (!icmp_ln147)> <Delay = 0.48> <CoreInst = "Sel">   --->   Core 73 'Sel' <Latency = 0> <II = 1> <Delay = 0.48> <FuncUnit> <Opcode : 'select'> <InPorts = 3> <OutPorts = 1>
ST_2 : Operation 63 [1/1] (0.00ns)   --->   "%zext_ln153_1 = zext i5 %select_ln148_3" [cnn.cpp:153]   --->   Operation 63 'zext' 'zext_ln153_1' <Predicate = (!icmp_ln147)> <Delay = 0.00>
ST_2 : Operation 64 [1/1] (1.42ns)   --->   "%mul_ln153_1 = mul i10 %zext_ln153_1, i10 29" [cnn.cpp:153]   --->   Operation 64 'mul' 'mul_ln153_1' <Predicate = (!icmp_ln147)> <Delay = 1.42> <CoreInst = "Multiplier">   --->   Core 3 'Multiplier' <Latency = 0> <II = 1> <Delay = 1.42> <FuncUnit> <Opcode : 'mul'> <InPorts = 2> <OutPorts = 1>
ST_2 : Operation 65 [1/1] (0.00ns)   --->   "%zext_ln157_1 = zext i4 %select_ln148" [cnn.cpp:157]   --->   Operation 65 'zext' 'zext_ln157_1' <Predicate = (!icmp_ln147)> <Delay = 0.00>
ST_2 : Operation 66 [1/1] (1.22ns) (root node of TernaryAdder)   --->   "%add_ln157 = add i8 %sub_ln157, i8 %zext_ln157_1" [cnn.cpp:157]   --->   Operation 66 'add' 'add_ln157' <Predicate = (!icmp_ln147)> <Delay = 1.22> <CoreInst = "TAddSub">   --->   Core 10 'TAddSub' <Latency = 0> <II = 1> <Delay = 0.61> <IPBlock> <Opcode : 'add' 'sub'> <InPorts = 3> <OutPorts = 1> <Sync> <CReg>
ST_2 : Operation 67 [1/1] (0.00ns)   --->   "%tmp_7 = bitconcatenate i11 @_ssdm_op_BitConcatenate.i11.i8.i3, i8 %add_ln157, i3 0" [cnn.cpp:157]   --->   Operation 67 'bitconcatenate' 'tmp_7' <Predicate = (!icmp_ln147)> <Delay = 0.00>
ST_2 : Operation 68 [1/1] (0.94ns)   --->   "%add_ln157_1 = add i11 %tmp_7, i11 %zext_ln147_1" [cnn.cpp:157]   --->   Operation 68 'add' 'add_ln157_1' <Predicate = (!icmp_ln147)> <Delay = 0.94> <CoreInst = "Adder">   --->   Core 1 'Adder' <Latency = 0> <II = 1> <Delay = 0.94> <FuncUnit> <Opcode : 'add' 'sub'> <InPorts = 2> <OutPorts = 1>
ST_2 : Operation 69 [1/1] (0.00ns)   --->   "%tmp_8 = bitconcatenate i5 @_ssdm_op_BitConcatenate.i5.i4.i1, i4 %select_ln148, i1 0" [cnn.cpp:148]   --->   Operation 69 'bitconcatenate' 'tmp_8' <Predicate = (!icmp_ln147)> <Delay = 0.00>
ST_2 : Operation 70 [1/1] (0.00ns)   --->   "%zext_ln153_2 = zext i5 %tmp_8" [cnn.cpp:153]   --->   Operation 70 'zext' 'zext_ln153_2' <Predicate = (!icmp_ln147)> <Delay = 0.00>
ST_2 : Operation 71 [1/1] (0.93ns)   --->   "%add_ln153 = add i10 %mul_ln153, i10 %zext_ln153_2" [cnn.cpp:153]   --->   Operation 71 'add' 'add_ln153' <Predicate = (!icmp_ln147)> <Delay = 0.93> <CoreInst = "Adder">   --->   Core 1 'Adder' <Latency = 0> <II = 1> <Delay = 0.93> <FuncUnit> <Opcode : 'add' 'sub'> <InPorts = 2> <OutPorts = 1>
ST_2 : Operation 72 [1/1] (0.00ns)   --->   "%tmp_9 = bitconcatenate i13 @_ssdm_op_BitConcatenate.i13.i10.i3, i10 %add_ln153, i3 0" [cnn.cpp:153]   --->   Operation 72 'bitconcatenate' 'tmp_9' <Predicate = (!icmp_ln147)> <Delay = 0.00>
ST_2 : Operation 73 [1/1] (0.97ns)   --->   "%add_ln153_1 = add i13 %tmp_9, i13 %zext_ln147" [cnn.cpp:153]   --->   Operation 73 'add' 'add_ln153_1' <Predicate = (!icmp_ln147)> <Delay = 0.97> <CoreInst = "Adder">   --->   Core 1 'Adder' <Latency = 0> <II = 1> <Delay = 0.97> <FuncUnit> <Opcode : 'add' 'sub'> <InPorts = 2> <OutPorts = 1>
ST_2 : Operation 74 [1/1] (0.00ns)   --->   "%zext_ln153_3 = zext i13 %add_ln153_1" [cnn.cpp:153]   --->   Operation 74 'zext' 'zext_ln153_3' <Predicate = (!icmp_ln147)> <Delay = 0.00>
ST_2 : Operation 75 [1/1] (0.00ns)   --->   "%layer2_conv_addr = getelementptr i32 %layer2_conv, i64 0, i64 %zext_ln153_3" [cnn.cpp:153]   --->   Operation 75 'getelementptr' 'layer2_conv_addr' <Predicate = (!icmp_ln147)> <Delay = 0.00>
ST_2 : Operation 76 [1/1] (0.93ns)   --->   "%add_ln153_2 = add i10 %mul_ln153_1, i10 %zext_ln153_2" [cnn.cpp:153]   --->   Operation 76 'add' 'add_ln153_2' <Predicate = (!icmp_ln147)> <Delay = 0.93> <CoreInst = "Adder">   --->   Core 1 'Adder' <Latency = 0> <II = 1> <Delay = 0.93> <FuncUnit> <Opcode : 'add' 'sub'> <InPorts = 2> <OutPorts = 1>
ST_2 : Operation 77 [1/1] (0.00ns)   --->   "%tmp_10 = bitconcatenate i13 @_ssdm_op_BitConcatenate.i13.i10.i3, i10 %add_ln153_2, i3 0" [cnn.cpp:153]   --->   Operation 77 'bitconcatenate' 'tmp_10' <Predicate = (!icmp_ln147)> <Delay = 0.00>
ST_2 : Operation 78 [1/1] (0.97ns)   --->   "%add_ln153_3 = add i13 %tmp_10, i13 %zext_ln147" [cnn.cpp:153]   --->   Operation 78 'add' 'add_ln153_3' <Predicate = (!icmp_ln147)> <Delay = 0.97> <CoreInst = "Adder">   --->   Core 1 'Adder' <Latency = 0> <II = 1> <Delay = 0.97> <FuncUnit> <Opcode : 'add' 'sub'> <InPorts = 2> <OutPorts = 1>
ST_2 : Operation 79 [1/1] (0.00ns)   --->   "%zext_ln153_4 = zext i13 %add_ln153_3" [cnn.cpp:153]   --->   Operation 79 'zext' 'zext_ln153_4' <Predicate = (!icmp_ln147)> <Delay = 0.00>
ST_2 : Operation 80 [1/1] (0.00ns)   --->   "%layer2_conv_addr_1 = getelementptr i32 %layer2_conv, i64 0, i64 %zext_ln153_4" [cnn.cpp:153]   --->   Operation 80 'getelementptr' 'layer2_conv_addr_1' <Predicate = (!icmp_ln147)> <Delay = 0.00>
ST_2 : Operation 81 [2/2] (1.35ns)   --->   "%layer2_conv_load = load i13 %layer2_conv_addr" [cnn.cpp:153]   --->   Operation 81 'load' 'layer2_conv_load' <Predicate = (!icmp_ln147)> <Delay = 1.35> <CoreInst = "RAM_1WnR">   --->   Core 84 'RAM_1WnR' <Latency = 1> <II = 1> <Delay = 1.35> <Storage> <Opcode : 'load' 'store'> <Ports = 17> <Width = 32> <Depth = 6728> <RAM>
ST_2 : Operation 82 [1/1] (0.00ns)   --->   "%or_ln153 = or i5 %tmp_8, i5 1" [cnn.cpp:153]   --->   Operation 82 'or' 'or_ln153' <Predicate = (!icmp_ln147)> <Delay = 0.00>
ST_2 : Operation 83 [1/1] (0.00ns)   --->   "%zext_ln153_5 = zext i5 %or_ln153" [cnn.cpp:153]   --->   Operation 83 'zext' 'zext_ln153_5' <Predicate = (!icmp_ln147)> <Delay = 0.00>
ST_2 : Operation 84 [1/1] (0.93ns)   --->   "%add_ln153_4 = add i10 %mul_ln153, i10 %zext_ln153_5" [cnn.cpp:153]   --->   Operation 84 'add' 'add_ln153_4' <Predicate = (!icmp_ln147)> <Delay = 0.93> <CoreInst = "Adder">   --->   Core 1 'Adder' <Latency = 0> <II = 1> <Delay = 0.93> <FuncUnit> <Opcode : 'add' 'sub'> <InPorts = 2> <OutPorts = 1>
ST_2 : Operation 85 [1/1] (0.00ns)   --->   "%tmp_13 = bitconcatenate i13 @_ssdm_op_BitConcatenate.i13.i10.i3, i10 %add_ln153_4, i3 0" [cnn.cpp:153]   --->   Operation 85 'bitconcatenate' 'tmp_13' <Predicate = (!icmp_ln147)> <Delay = 0.00>
ST_2 : Operation 86 [1/1] (0.97ns)   --->   "%add_ln153_5 = add i13 %tmp_13, i13 %zext_ln147" [cnn.cpp:153]   --->   Operation 86 'add' 'add_ln153_5' <Predicate = (!icmp_ln147)> <Delay = 0.97> <CoreInst = "Adder">   --->   Core 1 'Adder' <Latency = 0> <II = 1> <Delay = 0.97> <FuncUnit> <Opcode : 'add' 'sub'> <InPorts = 2> <OutPorts = 1>
ST_2 : Operation 87 [1/1] (0.00ns)   --->   "%zext_ln153_6 = zext i13 %add_ln153_5" [cnn.cpp:153]   --->   Operation 87 'zext' 'zext_ln153_6' <Predicate = (!icmp_ln147)> <Delay = 0.00>
ST_2 : Operation 88 [1/1] (0.00ns)   --->   "%layer2_conv_addr_2 = getelementptr i32 %layer2_conv, i64 0, i64 %zext_ln153_6" [cnn.cpp:153]   --->   Operation 88 'getelementptr' 'layer2_conv_addr_2' <Predicate = (!icmp_ln147)> <Delay = 0.00>
ST_2 : Operation 89 [1/1] (0.93ns)   --->   "%add_ln153_6 = add i10 %mul_ln153_1, i10 %zext_ln153_5" [cnn.cpp:153]   --->   Operation 89 'add' 'add_ln153_6' <Predicate = (!icmp_ln147)> <Delay = 0.93> <CoreInst = "Adder">   --->   Core 1 'Adder' <Latency = 0> <II = 1> <Delay = 0.93> <FuncUnit> <Opcode : 'add' 'sub'> <InPorts = 2> <OutPorts = 1>
ST_2 : Operation 90 [1/1] (0.00ns)   --->   "%tmp_14 = bitconcatenate i13 @_ssdm_op_BitConcatenate.i13.i10.i3, i10 %add_ln153_6, i3 0" [cnn.cpp:153]   --->   Operation 90 'bitconcatenate' 'tmp_14' <Predicate = (!icmp_ln147)> <Delay = 0.00>
ST_2 : Operation 91 [1/1] (0.97ns)   --->   "%add_ln153_7 = add i13 %tmp_14, i13 %zext_ln147" [cnn.cpp:153]   --->   Operation 91 'add' 'add_ln153_7' <Predicate = (!icmp_ln147)> <Delay = 0.97> <CoreInst = "Adder">   --->   Core 1 'Adder' <Latency = 0> <II = 1> <Delay = 0.97> <FuncUnit> <Opcode : 'add' 'sub'> <InPorts = 2> <OutPorts = 1>
ST_2 : Operation 92 [1/1] (0.00ns)   --->   "%zext_ln153_7 = zext i13 %add_ln153_7" [cnn.cpp:153]   --->   Operation 92 'zext' 'zext_ln153_7' <Predicate = (!icmp_ln147)> <Delay = 0.00>
ST_2 : Operation 93 [1/1] (0.00ns)   --->   "%layer2_conv_addr_3 = getelementptr i32 %layer2_conv, i64 0, i64 %zext_ln153_7" [cnn.cpp:153]   --->   Operation 93 'getelementptr' 'layer2_conv_addr_3' <Predicate = (!icmp_ln147)> <Delay = 0.00>
ST_2 : Operation 94 [2/2] (1.35ns)   --->   "%layer2_conv_load_1 = load i13 %layer2_conv_addr_2" [cnn.cpp:153]   --->   Operation 94 'load' 'layer2_conv_load_1' <Predicate = (!icmp_ln147)> <Delay = 1.35> <CoreInst = "RAM_1WnR">   --->   Core 84 'RAM_1WnR' <Latency = 1> <II = 1> <Delay = 1.35> <Storage> <Opcode : 'load' 'store'> <Ports = 17> <Width = 32> <Depth = 6728> <RAM>
ST_2 : Operation 95 [2/2] (1.35ns)   --->   "%layer2_conv_load_2 = load i13 %layer2_conv_addr_1" [cnn.cpp:153]   --->   Operation 95 'load' 'layer2_conv_load_2' <Predicate = (!icmp_ln147)> <Delay = 1.35> <CoreInst = "RAM_1WnR">   --->   Core 84 'RAM_1WnR' <Latency = 1> <II = 1> <Delay = 1.35> <Storage> <Opcode : 'load' 'store'> <Ports = 17> <Width = 32> <Depth = 6728> <RAM>
ST_2 : Operation 96 [2/2] (1.35ns)   --->   "%layer2_conv_load_3 = load i13 %layer2_conv_addr_3" [cnn.cpp:153]   --->   Operation 96 'load' 'layer2_conv_load_3' <Predicate = (!icmp_ln147)> <Delay = 1.35> <CoreInst = "RAM_1WnR">   --->   Core 84 'RAM_1WnR' <Latency = 1> <II = 1> <Delay = 1.35> <Storage> <Opcode : 'load' 'store'> <Ports = 17> <Width = 32> <Depth = 6728> <RAM>
ST_2 : Operation 97 [1/1] (0.86ns)   --->   "%add_ln149 = add i4 %select_ln148, i4 1" [cnn.cpp:149]   --->   Operation 97 'add' 'add_ln149' <Predicate = (!icmp_ln147)> <Delay = 0.86> <CoreInst = "Adder">   --->   Core 1 'Adder' <Latency = 0> <II = 1> <Delay = 0.86> <FuncUnit> <Opcode : 'add' 'sub'> <InPorts = 2> <OutPorts = 1>
ST_2 : Operation 98 [1/1] (0.48ns)   --->   "%store_ln149 = store i4 %select_ln147_1, i4 %f" [cnn.cpp:149]   --->   Operation 98 'store' 'store_ln149' <Predicate = (!icmp_ln147)> <Delay = 0.48>
ST_2 : Operation 99 [1/1] (0.48ns)   --->   "%store_ln149 = store i4 %select_ln148_1, i4 %r" [cnn.cpp:149]   --->   Operation 99 'store' 'store_ln149' <Predicate = (!icmp_ln147)> <Delay = 0.48>
ST_2 : Operation 100 [1/1] (0.48ns)   --->   "%store_ln149 = store i4 %add_ln149, i4 %c" [cnn.cpp:149]   --->   Operation 100 'store' 'store_ln149' <Predicate = (!icmp_ln147)> <Delay = 0.48>

State 3 <SV = 2> <Delay = 4.70>
ST_3 : Operation 101 [1/2] (1.35ns)   --->   "%layer2_conv_load = load i13 %layer2_conv_addr" [cnn.cpp:153]   --->   Operation 101 'load' 'layer2_conv_load' <Predicate = true> <Delay = 1.35> <CoreInst = "RAM_1WnR">   --->   Core 84 'RAM_1WnR' <Latency = 1> <II = 1> <Delay = 1.35> <Storage> <Opcode : 'load' 'store'> <Ports = 17> <Width = 32> <Depth = 6728> <RAM>
ST_3 : Operation 102 [2/2] (3.34ns)   --->   "%tmp_12 = fcmp_ogt  i32 %layer2_conv_load, i32 -1e+09" [cnn.cpp:154]   --->   Operation 102 'fcmp' 'tmp_12' <Predicate = true> <Delay = 3.34> <CoreInst = "FCompare">   --->   Core 19 'FCompare' <Latency = 1> <II = 1> <Delay = 3.34> <FuncUnit> <Opcode : 'fcmp'> <InPorts = 2> <OutPorts = 1>
ST_3 : Operation 103 [1/2] (1.35ns)   --->   "%layer2_conv_load_1 = load i13 %layer2_conv_addr_2" [cnn.cpp:153]   --->   Operation 103 'load' 'layer2_conv_load_1' <Predicate = true> <Delay = 1.35> <CoreInst = "RAM_1WnR">   --->   Core 84 'RAM_1WnR' <Latency = 1> <II = 1> <Delay = 1.35> <Storage> <Opcode : 'load' 'store'> <Ports = 17> <Width = 32> <Depth = 6728> <RAM>
ST_3 : Operation 104 [1/2] (1.35ns)   --->   "%layer2_conv_load_2 = load i13 %layer2_conv_addr_1" [cnn.cpp:153]   --->   Operation 104 'load' 'layer2_conv_load_2' <Predicate = true> <Delay = 1.35> <CoreInst = "RAM_1WnR">   --->   Core 84 'RAM_1WnR' <Latency = 1> <II = 1> <Delay = 1.35> <Storage> <Opcode : 'load' 'store'> <Ports = 17> <Width = 32> <Depth = 6728> <RAM>
ST_3 : Operation 105 [1/2] (1.35ns)   --->   "%layer2_conv_load_3 = load i13 %layer2_conv_addr_3" [cnn.cpp:153]   --->   Operation 105 'load' 'layer2_conv_load_3' <Predicate = true> <Delay = 1.35> <CoreInst = "RAM_1WnR">   --->   Core 84 'RAM_1WnR' <Latency = 1> <II = 1> <Delay = 1.35> <Storage> <Opcode : 'load' 'store'> <Ports = 17> <Width = 32> <Depth = 6728> <RAM>

State 4 <SV = 3> <Delay = 7.22>
ST_4 : Operation 106 [1/1] (0.00ns)   --->   "%bitcast_ln154 = bitcast i32 %layer2_conv_load" [cnn.cpp:154]   --->   Operation 106 'bitcast' 'bitcast_ln154' <Predicate = true> <Delay = 0.00>
ST_4 : Operation 107 [1/1] (0.00ns)   --->   "%tmp_11 = partselect i8 @_ssdm_op_PartSelect.i8.i32.i32.i32, i32 %bitcast_ln154, i32 23, i32 30" [cnn.cpp:154]   --->   Operation 107 'partselect' 'tmp_11' <Predicate = true> <Delay = 0.00>
ST_4 : Operation 108 [1/1] (0.00ns)   --->   "%trunc_ln154 = trunc i32 %bitcast_ln154" [cnn.cpp:154]   --->   Operation 108 'trunc' 'trunc_ln154' <Predicate = true> <Delay = 0.00>
ST_4 : Operation 109 [1/1] (0.85ns)   --->   "%icmp_ln154 = icmp_ne  i8 %tmp_11, i8 255" [cnn.cpp:154]   --->   Operation 109 'icmp' 'icmp_ln154' <Predicate = true> <Delay = 0.85> <CoreInst = "Cmp">   --->   Core 9 'Cmp' <Latency = 0> <II = 1> <Delay = 0.85> <FuncUnit> <Opcode : 'icmp'> <InPorts = 2> <OutPorts = 1>
ST_4 : Operation 110 [1/1] (0.97ns)   --->   "%icmp_ln154_1 = icmp_eq  i23 %trunc_ln154, i23 0" [cnn.cpp:154]   --->   Operation 110 'icmp' 'icmp_ln154_1' <Predicate = true> <Delay = 0.97> <CoreInst = "Cmp">   --->   Core 9 'Cmp' <Latency = 0> <II = 1> <Delay = 0.97> <FuncUnit> <Opcode : 'icmp'> <InPorts = 2> <OutPorts = 1>
ST_4 : Operation 111 [1/1] (0.00ns) (grouped into LUT with out node select_ln154)   --->   "%or_ln154 = or i1 %icmp_ln154_1, i1 %icmp_ln154" [cnn.cpp:154]   --->   Operation 111 'or' 'or_ln154' <Predicate = true> <Delay = 0.00> <CoreInst = "LogicGate">   --->   Core 74 'LogicGate' <Latency = 0> <II = 1> <Delay = 0.33> <FuncUnit> <Opcode : 'and' 'or' 'xor'> <InPorts = 2> <OutPorts = 1>
ST_4 : Operation 112 [1/2] (3.34ns)   --->   "%tmp_12 = fcmp_ogt  i32 %layer2_conv_load, i32 -1e+09" [cnn.cpp:154]   --->   Operation 112 'fcmp' 'tmp_12' <Predicate = true> <Delay = 3.34> <CoreInst = "FCompare">   --->   Core 19 'FCompare' <Latency = 1> <II = 1> <Delay = 3.34> <FuncUnit> <Opcode : 'fcmp'> <InPorts = 2> <OutPorts = 1>
ST_4 : Operation 113 [1/1] (0.00ns) (grouped into LUT with out node select_ln154)   --->   "%and_ln154 = and i1 %or_ln154, i1 %tmp_12" [cnn.cpp:154]   --->   Operation 113 'and' 'and_ln154' <Predicate = true> <Delay = 0.00> <CoreInst = "LogicGate">   --->   Core 74 'LogicGate' <Latency = 0> <II = 1> <Delay = 0.33> <FuncUnit> <Opcode : 'and' 'or' 'xor'> <InPorts = 2> <OutPorts = 1>
ST_4 : Operation 114 [1/1] (0.52ns) (out node of the LUT)   --->   "%select_ln154 = select i1 %and_ln154, i32 %layer2_conv_load, i32 -1e+09" [cnn.cpp:154]   --->   Operation 114 'select' 'select_ln154' <Predicate = true> <Delay = 0.52> <CoreInst = "Sel">   --->   Core 73 'Sel' <Latency = 0> <II = 1> <Delay = 0.52> <FuncUnit> <Opcode : 'select'> <InPorts = 3> <OutPorts = 1>
ST_4 : Operation 115 [2/2] (3.34ns)   --->   "%tmp_17 = fcmp_ogt  i32 %layer2_conv_load_1, i32 %select_ln154" [cnn.cpp:154]   --->   Operation 115 'fcmp' 'tmp_17' <Predicate = true> <Delay = 3.34> <CoreInst = "FCompare">   --->   Core 19 'FCompare' <Latency = 1> <II = 1> <Delay = 3.34> <FuncUnit> <Opcode : 'fcmp'> <InPorts = 2> <OutPorts = 1>

State 5 <SV = 4> <Delay = 4.20>
ST_5 : Operation 116 [1/1] (0.00ns)   --->   "%bitcast_ln154_1 = bitcast i32 %layer2_conv_load_1" [cnn.cpp:154]   --->   Operation 116 'bitcast' 'bitcast_ln154_1' <Predicate = true> <Delay = 0.00>
ST_5 : Operation 117 [1/1] (0.00ns)   --->   "%tmp_15 = partselect i8 @_ssdm_op_PartSelect.i8.i32.i32.i32, i32 %bitcast_ln154_1, i32 23, i32 30" [cnn.cpp:154]   --->   Operation 117 'partselect' 'tmp_15' <Predicate = true> <Delay = 0.00>
ST_5 : Operation 118 [1/1] (0.00ns)   --->   "%trunc_ln154_1 = trunc i32 %bitcast_ln154_1" [cnn.cpp:154]   --->   Operation 118 'trunc' 'trunc_ln154_1' <Predicate = true> <Delay = 0.00>
ST_5 : Operation 119 [1/1] (0.00ns)   --->   "%bitcast_ln154_2 = bitcast i32 %select_ln154" [cnn.cpp:154]   --->   Operation 119 'bitcast' 'bitcast_ln154_2' <Predicate = true> <Delay = 0.00>
ST_5 : Operation 120 [1/1] (0.00ns)   --->   "%tmp_16 = partselect i8 @_ssdm_op_PartSelect.i8.i32.i32.i32, i32 %bitcast_ln154_2, i32 23, i32 30" [cnn.cpp:154]   --->   Operation 120 'partselect' 'tmp_16' <Predicate = true> <Delay = 0.00>
ST_5 : Operation 121 [1/1] (0.00ns)   --->   "%trunc_ln154_2 = trunc i32 %bitcast_ln154_2" [cnn.cpp:154]   --->   Operation 121 'trunc' 'trunc_ln154_2' <Predicate = true> <Delay = 0.00>
ST_5 : Operation 122 [1/1] (0.85ns)   --->   "%icmp_ln154_2 = icmp_ne  i8 %tmp_15, i8 255" [cnn.cpp:154]   --->   Operation 122 'icmp' 'icmp_ln154_2' <Predicate = true> <Delay = 0.85> <CoreInst = "Cmp">   --->   Core 9 'Cmp' <Latency = 0> <II = 1> <Delay = 0.85> <FuncUnit> <Opcode : 'icmp'> <InPorts = 2> <OutPorts = 1>
ST_5 : Operation 123 [1/1] (0.97ns)   --->   "%icmp_ln154_3 = icmp_eq  i23 %trunc_ln154_1, i23 0" [cnn.cpp:154]   --->   Operation 123 'icmp' 'icmp_ln154_3' <Predicate = true> <Delay = 0.97> <CoreInst = "Cmp">   --->   Core 9 'Cmp' <Latency = 0> <II = 1> <Delay = 0.97> <FuncUnit> <Opcode : 'icmp'> <InPorts = 2> <OutPorts = 1>
ST_5 : Operation 124 [1/1] (0.00ns) (grouped into LUT with out node and_ln154_2)   --->   "%or_ln154_1 = or i1 %icmp_ln154_3, i1 %icmp_ln154_2" [cnn.cpp:154]   --->   Operation 124 'or' 'or_ln154_1' <Predicate = true> <Delay = 0.00> <CoreInst = "LogicGate">   --->   Core 74 'LogicGate' <Latency = 0> <II = 1> <Delay = 0.33> <FuncUnit> <Opcode : 'and' 'or' 'xor'> <InPorts = 2> <OutPorts = 1>
ST_5 : Operation 125 [1/1] (0.85ns)   --->   "%icmp_ln154_4 = icmp_ne  i8 %tmp_16, i8 255" [cnn.cpp:154]   --->   Operation 125 'icmp' 'icmp_ln154_4' <Predicate = true> <Delay = 0.85> <CoreInst = "Cmp">   --->   Core 9 'Cmp' <Latency = 0> <II = 1> <Delay = 0.85> <FuncUnit> <Opcode : 'icmp'> <InPorts = 2> <OutPorts = 1>
ST_5 : Operation 126 [1/1] (0.97ns)   --->   "%icmp_ln154_5 = icmp_eq  i23 %trunc_ln154_2, i23 0" [cnn.cpp:154]   --->   Operation 126 'icmp' 'icmp_ln154_5' <Predicate = true> <Delay = 0.97> <CoreInst = "Cmp">   --->   Core 9 'Cmp' <Latency = 0> <II = 1> <Delay = 0.97> <FuncUnit> <Opcode : 'icmp'> <InPorts = 2> <OutPorts = 1>
ST_5 : Operation 127 [1/1] (0.00ns) (grouped into LUT with out node and_ln154_2)   --->   "%or_ln154_2 = or i1 %icmp_ln154_5, i1 %icmp_ln154_4" [cnn.cpp:154]   --->   Operation 127 'or' 'or_ln154_2' <Predicate = true> <Delay = 0.00> <CoreInst = "LogicGate">   --->   Core 74 'LogicGate' <Latency = 0> <II = 1> <Delay = 0.33> <FuncUnit> <Opcode : 'and' 'or' 'xor'> <InPorts = 2> <OutPorts = 1>
ST_5 : Operation 128 [1/1] (0.00ns) (grouped into LUT with out node and_ln154_2)   --->   "%and_ln154_1 = and i1 %or_ln154_1, i1 %or_ln154_2" [cnn.cpp:154]   --->   Operation 128 'and' 'and_ln154_1' <Predicate = true> <Delay = 0.00> <CoreInst = "LogicGate">   --->   Core 74 'LogicGate' <Latency = 0> <II = 1> <Delay = 0.33> <FuncUnit> <Opcode : 'and' 'or' 'xor'> <InPorts = 2> <OutPorts = 1>
ST_5 : Operation 129 [1/2] (3.34ns)   --->   "%tmp_17 = fcmp_ogt  i32 %layer2_conv_load_1, i32 %select_ln154" [cnn.cpp:154]   --->   Operation 129 'fcmp' 'tmp_17' <Predicate = true> <Delay = 3.34> <CoreInst = "FCompare">   --->   Core 19 'FCompare' <Latency = 1> <II = 1> <Delay = 3.34> <FuncUnit> <Opcode : 'fcmp'> <InPorts = 2> <OutPorts = 1>
ST_5 : Operation 130 [1/1] (0.33ns) (out node of the LUT)   --->   "%and_ln154_2 = and i1 %and_ln154_1, i1 %tmp_17" [cnn.cpp:154]   --->   Operation 130 'and' 'and_ln154_2' <Predicate = true> <Delay = 0.33> <CoreInst = "LogicGate">   --->   Core 74 'LogicGate' <Latency = 0> <II = 1> <Delay = 0.33> <FuncUnit> <Opcode : 'and' 'or' 'xor'> <InPorts = 2> <OutPorts = 1>
ST_5 : Operation 131 [1/1] (0.52ns) (out node of the LUT)   --->   "%select_ln154_1 = select i1 %and_ln154_2, i32 %layer2_conv_load_1, i32 %select_ln154" [cnn.cpp:154]   --->   Operation 131 'select' 'select_ln154_1' <Predicate = true> <Delay = 0.52> <CoreInst = "Sel">   --->   Core 73 'Sel' <Latency = 0> <II = 1> <Delay = 0.52> <FuncUnit> <Opcode : 'select'> <InPorts = 3> <OutPorts = 1>

State 6 <SV = 5> <Delay = 3.34>
ST_6 : Operation 132 [2/2] (3.34ns)   --->   "%tmp_20 = fcmp_ogt  i32 %layer2_conv_load_2, i32 %select_ln154_1" [cnn.cpp:154]   --->   Operation 132 'fcmp' 'tmp_20' <Predicate = true> <Delay = 3.34> <CoreInst = "FCompare">   --->   Core 19 'FCompare' <Latency = 1> <II = 1> <Delay = 3.34> <FuncUnit> <Opcode : 'fcmp'> <InPorts = 2> <OutPorts = 1>

State 7 <SV = 6> <Delay = 4.20>
ST_7 : Operation 133 [1/1] (0.00ns)   --->   "%bitcast_ln154_3 = bitcast i32 %layer2_conv_load_2" [cnn.cpp:154]   --->   Operation 133 'bitcast' 'bitcast_ln154_3' <Predicate = true> <Delay = 0.00>
ST_7 : Operation 134 [1/1] (0.00ns)   --->   "%tmp_18 = partselect i8 @_ssdm_op_PartSelect.i8.i32.i32.i32, i32 %bitcast_ln154_3, i32 23, i32 30" [cnn.cpp:154]   --->   Operation 134 'partselect' 'tmp_18' <Predicate = true> <Delay = 0.00>
ST_7 : Operation 135 [1/1] (0.00ns)   --->   "%trunc_ln154_3 = trunc i32 %bitcast_ln154_3" [cnn.cpp:154]   --->   Operation 135 'trunc' 'trunc_ln154_3' <Predicate = true> <Delay = 0.00>
ST_7 : Operation 136 [1/1] (0.00ns)   --->   "%bitcast_ln154_4 = bitcast i32 %select_ln154_1" [cnn.cpp:154]   --->   Operation 136 'bitcast' 'bitcast_ln154_4' <Predicate = true> <Delay = 0.00>
ST_7 : Operation 137 [1/1] (0.00ns)   --->   "%tmp_19 = partselect i8 @_ssdm_op_PartSelect.i8.i32.i32.i32, i32 %bitcast_ln154_4, i32 23, i32 30" [cnn.cpp:154]   --->   Operation 137 'partselect' 'tmp_19' <Predicate = true> <Delay = 0.00>
ST_7 : Operation 138 [1/1] (0.00ns)   --->   "%trunc_ln154_4 = trunc i32 %bitcast_ln154_4" [cnn.cpp:154]   --->   Operation 138 'trunc' 'trunc_ln154_4' <Predicate = true> <Delay = 0.00>
ST_7 : Operation 139 [1/1] (0.85ns)   --->   "%icmp_ln154_6 = icmp_ne  i8 %tmp_18, i8 255" [cnn.cpp:154]   --->   Operation 139 'icmp' 'icmp_ln154_6' <Predicate = true> <Delay = 0.85> <CoreInst = "Cmp">   --->   Core 9 'Cmp' <Latency = 0> <II = 1> <Delay = 0.85> <FuncUnit> <Opcode : 'icmp'> <InPorts = 2> <OutPorts = 1>
ST_7 : Operation 140 [1/1] (0.97ns)   --->   "%icmp_ln154_7 = icmp_eq  i23 %trunc_ln154_3, i23 0" [cnn.cpp:154]   --->   Operation 140 'icmp' 'icmp_ln154_7' <Predicate = true> <Delay = 0.97> <CoreInst = "Cmp">   --->   Core 9 'Cmp' <Latency = 0> <II = 1> <Delay = 0.97> <FuncUnit> <Opcode : 'icmp'> <InPorts = 2> <OutPorts = 1>
ST_7 : Operation 141 [1/1] (0.00ns) (grouped into LUT with out node and_ln154_4)   --->   "%or_ln154_3 = or i1 %icmp_ln154_7, i1 %icmp_ln154_6" [cnn.cpp:154]   --->   Operation 141 'or' 'or_ln154_3' <Predicate = true> <Delay = 0.00> <CoreInst = "LogicGate">   --->   Core 74 'LogicGate' <Latency = 0> <II = 1> <Delay = 0.33> <FuncUnit> <Opcode : 'and' 'or' 'xor'> <InPorts = 2> <OutPorts = 1>
ST_7 : Operation 142 [1/1] (0.85ns)   --->   "%icmp_ln154_8 = icmp_ne  i8 %tmp_19, i8 255" [cnn.cpp:154]   --->   Operation 142 'icmp' 'icmp_ln154_8' <Predicate = true> <Delay = 0.85> <CoreInst = "Cmp">   --->   Core 9 'Cmp' <Latency = 0> <II = 1> <Delay = 0.85> <FuncUnit> <Opcode : 'icmp'> <InPorts = 2> <OutPorts = 1>
ST_7 : Operation 143 [1/1] (0.97ns)   --->   "%icmp_ln154_9 = icmp_eq  i23 %trunc_ln154_4, i23 0" [cnn.cpp:154]   --->   Operation 143 'icmp' 'icmp_ln154_9' <Predicate = true> <Delay = 0.97> <CoreInst = "Cmp">   --->   Core 9 'Cmp' <Latency = 0> <II = 1> <Delay = 0.97> <FuncUnit> <Opcode : 'icmp'> <InPorts = 2> <OutPorts = 1>
ST_7 : Operation 144 [1/1] (0.00ns) (grouped into LUT with out node and_ln154_4)   --->   "%or_ln154_4 = or i1 %icmp_ln154_9, i1 %icmp_ln154_8" [cnn.cpp:154]   --->   Operation 144 'or' 'or_ln154_4' <Predicate = true> <Delay = 0.00> <CoreInst = "LogicGate">   --->   Core 74 'LogicGate' <Latency = 0> <II = 1> <Delay = 0.33> <FuncUnit> <Opcode : 'and' 'or' 'xor'> <InPorts = 2> <OutPorts = 1>
ST_7 : Operation 145 [1/1] (0.00ns) (grouped into LUT with out node and_ln154_4)   --->   "%and_ln154_3 = and i1 %or_ln154_3, i1 %or_ln154_4" [cnn.cpp:154]   --->   Operation 145 'and' 'and_ln154_3' <Predicate = true> <Delay = 0.00> <CoreInst = "LogicGate">   --->   Core 74 'LogicGate' <Latency = 0> <II = 1> <Delay = 0.33> <FuncUnit> <Opcode : 'and' 'or' 'xor'> <InPorts = 2> <OutPorts = 1>
ST_7 : Operation 146 [1/2] (3.34ns)   --->   "%tmp_20 = fcmp_ogt  i32 %layer2_conv_load_2, i32 %select_ln154_1" [cnn.cpp:154]   --->   Operation 146 'fcmp' 'tmp_20' <Predicate = true> <Delay = 3.34> <CoreInst = "FCompare">   --->   Core 19 'FCompare' <Latency = 1> <II = 1> <Delay = 3.34> <FuncUnit> <Opcode : 'fcmp'> <InPorts = 2> <OutPorts = 1>
ST_7 : Operation 147 [1/1] (0.33ns) (out node of the LUT)   --->   "%and_ln154_4 = and i1 %and_ln154_3, i1 %tmp_20" [cnn.cpp:154]   --->   Operation 147 'and' 'and_ln154_4' <Predicate = true> <Delay = 0.33> <CoreInst = "LogicGate">   --->   Core 74 'LogicGate' <Latency = 0> <II = 1> <Delay = 0.33> <FuncUnit> <Opcode : 'and' 'or' 'xor'> <InPorts = 2> <OutPorts = 1>
ST_7 : Operation 148 [1/1] (0.52ns) (out node of the LUT)   --->   "%select_ln154_2 = select i1 %and_ln154_4, i32 %layer2_conv_load_2, i32 %select_ln154_1" [cnn.cpp:154]   --->   Operation 148 'select' 'select_ln154_2' <Predicate = true> <Delay = 0.52> <CoreInst = "Sel">   --->   Core 73 'Sel' <Latency = 0> <II = 1> <Delay = 0.52> <FuncUnit> <Opcode : 'select'> <InPorts = 3> <OutPorts = 1>

State 8 <SV = 7> <Delay = 3.34>
ST_8 : Operation 149 [2/2] (3.34ns)   --->   "%tmp_23 = fcmp_ogt  i32 %layer2_conv_load_3, i32 %select_ln154_2" [cnn.cpp:154]   --->   Operation 149 'fcmp' 'tmp_23' <Predicate = true> <Delay = 3.34> <CoreInst = "FCompare">   --->   Core 19 'FCompare' <Latency = 1> <II = 1> <Delay = 3.34> <FuncUnit> <Opcode : 'fcmp'> <InPorts = 2> <OutPorts = 1>
ST_8 : Operation 176 [1/1] (0.00ns)   --->   "%ret_ln0 = ret"   --->   Operation 176 'ret' 'ret_ln0' <Predicate = (icmp_ln147)> <Delay = 0.00>

State 9 <SV = 8> <Delay = 5.55>
ST_9 : Operation 150 [1/1] (0.00ns)   --->   "%specloopname_ln0 = specloopname void @_ssdm_op_SpecLoopName, void @VITIS_LOOP_147_17_VITIS_LOOP_148_18_VITIS_LOOP_149_19_str"   --->   Operation 150 'specloopname' 'specloopname_ln0' <Predicate = true> <Delay = 0.00>
ST_9 : Operation 151 [1/1] (0.00ns)   --->   "%empty_31 = speclooptripcount i32 @_ssdm_op_SpecLoopTripCount, i64 1568, i64 1568, i64 1568"   --->   Operation 151 'speclooptripcount' 'empty_31' <Predicate = true> <Delay = 0.00>
ST_9 : Operation 152 [1/1] (0.00ns)   --->   "%specpipeline_ln0 = specpipeline void @_ssdm_op_SpecPipeline, i32 4294967295, i32 0, i32 1, i32 0, void @p_str"   --->   Operation 152 'specpipeline' 'specpipeline_ln0' <Predicate = true> <Delay = 0.00>
ST_9 : Operation 153 [1/1] (0.00ns)   --->   "%specloopname_ln0 = specloopname void @_ssdm_op_SpecLoopName, void @VITIS_LOOP_148_18_VITIS_LOOP_149_19_str"   --->   Operation 153 'specloopname' 'specloopname_ln0' <Predicate = true> <Delay = 0.00>
ST_9 : Operation 154 [1/1] (0.00ns)   --->   "%specpipeline_ln0 = specpipeline void @_ssdm_op_SpecPipeline, i32 4294967295, i32 0, i32 1, i32 0, void @p_str"   --->   Operation 154 'specpipeline' 'specpipeline_ln0' <Predicate = true> <Delay = 0.00>
ST_9 : Operation 155 [1/1] (0.00ns)   --->   "%zext_ln157_2 = zext i11 %add_ln157_1" [cnn.cpp:157]   --->   Operation 155 'zext' 'zext_ln157_2' <Predicate = true> <Delay = 0.00>
ST_9 : Operation 156 [1/1] (0.00ns)   --->   "%layer2_pool_addr = getelementptr i32 %layer2_pool, i64 0, i64 %zext_ln157_2" [cnn.cpp:157]   --->   Operation 156 'getelementptr' 'layer2_pool_addr' <Predicate = true> <Delay = 0.00>
ST_9 : Operation 157 [1/1] (0.00ns)   --->   "%specloopname_ln150 = specloopname void @_ssdm_op_SpecLoopName, void @empty_9" [cnn.cpp:150]   --->   Operation 157 'specloopname' 'specloopname_ln150' <Predicate = true> <Delay = 0.00>
ST_9 : Operation 158 [1/1] (0.00ns)   --->   "%bitcast_ln154_5 = bitcast i32 %layer2_conv_load_3" [cnn.cpp:154]   --->   Operation 158 'bitcast' 'bitcast_ln154_5' <Predicate = true> <Delay = 0.00>
ST_9 : Operation 159 [1/1] (0.00ns)   --->   "%tmp_21 = partselect i8 @_ssdm_op_PartSelect.i8.i32.i32.i32, i32 %bitcast_ln154_5, i32 23, i32 30" [cnn.cpp:154]   --->   Operation 159 'partselect' 'tmp_21' <Predicate = true> <Delay = 0.00>
ST_9 : Operation 160 [1/1] (0.00ns)   --->   "%trunc_ln154_5 = trunc i32 %bitcast_ln154_5" [cnn.cpp:154]   --->   Operation 160 'trunc' 'trunc_ln154_5' <Predicate = true> <Delay = 0.00>
ST_9 : Operation 161 [1/1] (0.00ns)   --->   "%bitcast_ln154_6 = bitcast i32 %select_ln154_2" [cnn.cpp:154]   --->   Operation 161 'bitcast' 'bitcast_ln154_6' <Predicate = true> <Delay = 0.00>
ST_9 : Operation 162 [1/1] (0.00ns)   --->   "%tmp_22 = partselect i8 @_ssdm_op_PartSelect.i8.i32.i32.i32, i32 %bitcast_ln154_6, i32 23, i32 30" [cnn.cpp:154]   --->   Operation 162 'partselect' 'tmp_22' <Predicate = true> <Delay = 0.00>
ST_9 : Operation 163 [1/1] (0.00ns)   --->   "%trunc_ln154_6 = trunc i32 %bitcast_ln154_6" [cnn.cpp:154]   --->   Operation 163 'trunc' 'trunc_ln154_6' <Predicate = true> <Delay = 0.00>
ST_9 : Operation 164 [1/1] (0.85ns)   --->   "%icmp_ln154_10 = icmp_ne  i8 %tmp_21, i8 255" [cnn.cpp:154]   --->   Operation 164 'icmp' 'icmp_ln154_10' <Predicate = true> <Delay = 0.85> <CoreInst = "Cmp">   --->   Core 9 'Cmp' <Latency = 0> <II = 1> <Delay = 0.85> <FuncUnit> <Opcode : 'icmp'> <InPorts = 2> <OutPorts = 1>
ST_9 : Operation 165 [1/1] (0.97ns)   --->   "%icmp_ln154_11 = icmp_eq  i23 %trunc_ln154_5, i23 0" [cnn.cpp:154]   --->   Operation 165 'icmp' 'icmp_ln154_11' <Predicate = true> <Delay = 0.97> <CoreInst = "Cmp">   --->   Core 9 'Cmp' <Latency = 0> <II = 1> <Delay = 0.97> <FuncUnit> <Opcode : 'icmp'> <InPorts = 2> <OutPorts = 1>
ST_9 : Operation 166 [1/1] (0.00ns) (grouped into LUT with out node and_ln154_6)   --->   "%or_ln154_5 = or i1 %icmp_ln154_11, i1 %icmp_ln154_10" [cnn.cpp:154]   --->   Operation 166 'or' 'or_ln154_5' <Predicate = true> <Delay = 0.00> <CoreInst = "LogicGate">   --->   Core 74 'LogicGate' <Latency = 0> <II = 1> <Delay = 0.33> <FuncUnit> <Opcode : 'and' 'or' 'xor'> <InPorts = 2> <OutPorts = 1>
ST_9 : Operation 167 [1/1] (0.85ns)   --->   "%icmp_ln154_12 = icmp_ne  i8 %tmp_22, i8 255" [cnn.cpp:154]   --->   Operation 167 'icmp' 'icmp_ln154_12' <Predicate = true> <Delay = 0.85> <CoreInst = "Cmp">   --->   Core 9 'Cmp' <Latency = 0> <II = 1> <Delay = 0.85> <FuncUnit> <Opcode : 'icmp'> <InPorts = 2> <OutPorts = 1>
ST_9 : Operation 168 [1/1] (0.97ns)   --->   "%icmp_ln154_13 = icmp_eq  i23 %trunc_ln154_6, i23 0" [cnn.cpp:154]   --->   Operation 168 'icmp' 'icmp_ln154_13' <Predicate = true> <Delay = 0.97> <CoreInst = "Cmp">   --->   Core 9 'Cmp' <Latency = 0> <II = 1> <Delay = 0.97> <FuncUnit> <Opcode : 'icmp'> <InPorts = 2> <OutPorts = 1>
ST_9 : Operation 169 [1/1] (0.00ns) (grouped into LUT with out node and_ln154_6)   --->   "%or_ln154_6 = or i1 %icmp_ln154_13, i1 %icmp_ln154_12" [cnn.cpp:154]   --->   Operation 169 'or' 'or_ln154_6' <Predicate = true> <Delay = 0.00> <CoreInst = "LogicGate">   --->   Core 74 'LogicGate' <Latency = 0> <II = 1> <Delay = 0.33> <FuncUnit> <Opcode : 'and' 'or' 'xor'> <InPorts = 2> <OutPorts = 1>
ST_9 : Operation 170 [1/1] (0.00ns) (grouped into LUT with out node and_ln154_6)   --->   "%and_ln154_5 = and i1 %or_ln154_5, i1 %or_ln154_6" [cnn.cpp:154]   --->   Operation 170 'and' 'and_ln154_5' <Predicate = true> <Delay = 0.00> <CoreInst = "LogicGate">   --->   Core 74 'LogicGate' <Latency = 0> <II = 1> <Delay = 0.33> <FuncUnit> <Opcode : 'and' 'or' 'xor'> <InPorts = 2> <OutPorts = 1>
ST_9 : Operation 171 [1/2] (3.34ns)   --->   "%tmp_23 = fcmp_ogt  i32 %layer2_conv_load_3, i32 %select_ln154_2" [cnn.cpp:154]   --->   Operation 171 'fcmp' 'tmp_23' <Predicate = true> <Delay = 3.34> <CoreInst = "FCompare">   --->   Core 19 'FCompare' <Latency = 1> <II = 1> <Delay = 3.34> <FuncUnit> <Opcode : 'fcmp'> <InPorts = 2> <OutPorts = 1>
ST_9 : Operation 172 [1/1] (0.33ns) (out node of the LUT)   --->   "%and_ln154_6 = and i1 %and_ln154_5, i1 %tmp_23" [cnn.cpp:154]   --->   Operation 172 'and' 'and_ln154_6' <Predicate = true> <Delay = 0.33> <CoreInst = "LogicGate">   --->   Core 74 'LogicGate' <Latency = 0> <II = 1> <Delay = 0.33> <FuncUnit> <Opcode : 'and' 'or' 'xor'> <InPorts = 2> <OutPorts = 1>
ST_9 : Operation 173 [1/1] (0.52ns) (out node of the LUT)   --->   "%select_ln154_3 = select i1 %and_ln154_6, i32 %layer2_conv_load_3, i32 %select_ln154_2" [cnn.cpp:154]   --->   Operation 173 'select' 'select_ln154_3' <Predicate = true> <Delay = 0.52> <CoreInst = "Sel">   --->   Core 73 'Sel' <Latency = 0> <II = 1> <Delay = 0.52> <FuncUnit> <Opcode : 'select'> <InPorts = 3> <OutPorts = 1>
ST_9 : Operation 174 [1/1] (1.35ns)   --->   "%store_ln157 = store i32 %select_ln154_3, i11 %layer2_pool_addr" [cnn.cpp:157]   --->   Operation 174 'store' 'store_ln157' <Predicate = true> <Delay = 1.35> <CoreInst = "RAM">   --->   Core 83 'RAM' <Latency = 1> <II = 1> <Delay = 1.35> <Storage> <Opcode : 'load' 'store'> <Ports = 2> <Width = 32> <Depth = 1568> <RAM>
ST_9 : Operation 175 [1/1] (0.00ns)   --->   "%br_ln149 = br void %VITIS_LOOP_151_20" [cnn.cpp:149]   --->   Operation 175 'br' 'br_ln149' <Predicate = true> <Delay = 0.00>


============================================================
+ Verbose Summary: Binding
============================================================
STG Binding: 
---------------- STG Properties BEGIN ----------------
- Is combinational: 0
- Is one-state seq: 0
- Is datapath-only: 0
- Is pipelined: 0
- Is top level: 0
Port [ Return ] is wired: 1; IO mode=ap_ctrl_hs:ce=0
Port [ layer2_pool]:  wired=1; compound=1; hidden=0; nouse=0; global=0; static=0; extern=0; dir=1; type=1; pingpong=0; private_global=0; MemPort=[03]; IO mode=ap_memory:ce=0
Port [ layer2_conv]:  wired=1; compound=1; hidden=0; nouse=0; global=0; static=0; extern=0; dir=0; type=1; pingpong=0; private_global=0; MemPort=[11113333333333333]; IO mode=ap_memory:ce=0
---------------- STG Properties END ------------------

---------------- Datapath Model BEGIN ----------------

<LifeTime>
<method=bitvector/>
c                      (alloca           ) [ 0110000000]
r                      (alloca           ) [ 0110000000]
indvar_flatten124      (alloca           ) [ 0100000000]
f                      (alloca           ) [ 0110000000]
indvar_flatten148      (alloca           ) [ 0100000000]
store_ln0              (store            ) [ 0000000000]
store_ln0              (store            ) [ 0000000000]
store_ln0              (store            ) [ 0000000000]
store_ln0              (store            ) [ 0000000000]
store_ln0              (store            ) [ 0000000000]
br_ln0                 (br               ) [ 0000000000]
indvar_flatten148_load (load             ) [ 0000000000]
icmp_ln147             (icmp             ) [ 0111111110]
add_ln147_1            (add              ) [ 0000000000]
br_ln147               (br               ) [ 0000000000]
indvar_flatten124_load (load             ) [ 0000000000]
icmp_ln148             (icmp             ) [ 0110000000]
add_ln148_1            (add              ) [ 0000000000]
select_ln148_4         (select           ) [ 0000000000]
store_ln149            (store            ) [ 0000000000]
store_ln149            (store            ) [ 0000000000]
r_1                    (load             ) [ 0000000000]
tmp_s                  (bitconcatenate   ) [ 0000000000]
empty                  (or               ) [ 0000000000]
specpipeline_ln0       (specpipeline     ) [ 0000000000]
c_load                 (load             ) [ 0000000000]
f_load                 (load             ) [ 0000000000]
add_ln147              (add              ) [ 0000000000]
select_ln147           (select           ) [ 0000000000]
select_ln147_1         (select           ) [ 0000000000]
zext_ln147             (zext             ) [ 0000000000]
zext_ln147_1           (zext             ) [ 0000000000]
select_ln147_2         (select           ) [ 0000000000]
select_ln147_3         (select           ) [ 0000000000]
xor_ln147              (xor              ) [ 0000000000]
icmp_ln149             (icmp             ) [ 0000000000]
and_ln147              (and              ) [ 0000000000]
add_ln148              (add              ) [ 0000000000]
or_ln148               (or               ) [ 0000000000]
select_ln148           (select           ) [ 0000000000]
select_ln148_1         (select           ) [ 0000000000]
tmp                    (bitconcatenate   ) [ 0000000000]
tmp_1                  (bitconcatenate   ) [ 0000000000]
zext_ln157             (zext             ) [ 0000000000]
sub_ln157              (sub              ) [ 0000000000]
p_mid2                 (bitconcatenate   ) [ 0000000000]
select_ln148_2         (select           ) [ 0000000000]
zext_ln153             (zext             ) [ 0000000000]
mul_ln153              (mul              ) [ 0000000000]
p_mid1122              (or               ) [ 0000000000]
select_ln148_3         (select           ) [ 0000000000]
zext_ln153_1           (zext             ) [ 0000000000]
mul_ln153_1            (mul              ) [ 0000000000]
zext_ln157_1           (zext             ) [ 0000000000]
add_ln157              (add              ) [ 0000000000]
tmp_7                  (bitconcatenate   ) [ 0000000000]
add_ln157_1            (add              ) [ 0101111111]
tmp_8                  (bitconcatenate   ) [ 0000000000]
zext_ln153_2           (zext             ) [ 0000000000]
add_ln153              (add              ) [ 0000000000]
tmp_9                  (bitconcatenate   ) [ 0000000000]
add_ln153_1            (add              ) [ 0000000000]
zext_ln153_3           (zext             ) [ 0000000000]
layer2_conv_addr       (getelementptr    ) [ 0101000000]
add_ln153_2            (add              ) [ 0000000000]
tmp_10                 (bitconcatenate   ) [ 0000000000]
add_ln153_3            (add              ) [ 0000000000]
zext_ln153_4           (zext             ) [ 0000000000]
layer2_conv_addr_1     (getelementptr    ) [ 0101000000]
or_ln153               (or               ) [ 0000000000]
zext_ln153_5           (zext             ) [ 0000000000]
add_ln153_4            (add              ) [ 0000000000]
tmp_13                 (bitconcatenate   ) [ 0000000000]
add_ln153_5            (add              ) [ 0000000000]
zext_ln153_6           (zext             ) [ 0000000000]
layer2_conv_addr_2     (getelementptr    ) [ 0101000000]
add_ln153_6            (add              ) [ 0000000000]
tmp_14                 (bitconcatenate   ) [ 0000000000]
add_ln153_7            (add              ) [ 0000000000]
zext_ln153_7           (zext             ) [ 0000000000]
layer2_conv_addr_3     (getelementptr    ) [ 0101000000]
add_ln149              (add              ) [ 0000000000]
store_ln149            (store            ) [ 0000000000]
store_ln149            (store            ) [ 0000000000]
store_ln149            (store            ) [ 0000000000]
layer2_conv_load       (load             ) [ 0100100000]
layer2_conv_load_1     (load             ) [ 0100110000]
layer2_conv_load_2     (load             ) [ 0100111100]
layer2_conv_load_3     (load             ) [ 0100111111]
bitcast_ln154          (bitcast          ) [ 0000000000]
tmp_11                 (partselect       ) [ 0000000000]
trunc_ln154            (trunc            ) [ 0000000000]
icmp_ln154             (icmp             ) [ 0000000000]
icmp_ln154_1           (icmp             ) [ 0000000000]
or_ln154               (or               ) [ 0000000000]
tmp_12                 (fcmp             ) [ 0000000000]
and_ln154              (and              ) [ 0000000000]
select_ln154           (select           ) [ 0100010000]
bitcast_ln154_1        (bitcast          ) [ 0000000000]
tmp_15                 (partselect       ) [ 0000000000]
trunc_ln154_1          (trunc            ) [ 0000000000]
bitcast_ln154_2        (bitcast          ) [ 0000000000]
tmp_16                 (partselect       ) [ 0000000000]
trunc_ln154_2          (trunc            ) [ 0000000000]
icmp_ln154_2           (icmp             ) [ 0000000000]
icmp_ln154_3           (icmp             ) [ 0000000000]
or_ln154_1             (or               ) [ 0000000000]
icmp_ln154_4           (icmp             ) [ 0000000000]
icmp_ln154_5           (icmp             ) [ 0000000000]
or_ln154_2             (or               ) [ 0000000000]
and_ln154_1            (and              ) [ 0000000000]
tmp_17                 (fcmp             ) [ 0000000000]
and_ln154_2            (and              ) [ 0000000000]
select_ln154_1         (select           ) [ 0100001100]
bitcast_ln154_3        (bitcast          ) [ 0000000000]
tmp_18                 (partselect       ) [ 0000000000]
trunc_ln154_3          (trunc            ) [ 0000000000]
bitcast_ln154_4        (bitcast          ) [ 0000000000]
tmp_19                 (partselect       ) [ 0000000000]
trunc_ln154_4          (trunc            ) [ 0000000000]
icmp_ln154_6           (icmp             ) [ 0000000000]
icmp_ln154_7           (icmp             ) [ 0000000000]
or_ln154_3             (or               ) [ 0000000000]
icmp_ln154_8           (icmp             ) [ 0000000000]
icmp_ln154_9           (icmp             ) [ 0000000000]
or_ln154_4             (or               ) [ 0000000000]
and_ln154_3            (and              ) [ 0000000000]
tmp_20                 (fcmp             ) [ 0000000000]
and_ln154_4            (and              ) [ 0000000000]
select_ln154_2         (select           ) [ 0100000011]
specloopname_ln0       (specloopname     ) [ 0000000000]
empty_31               (speclooptripcount) [ 0000000000]
specpipeline_ln0       (specpipeline     ) [ 0000000000]
specloopname_ln0       (specloopname     ) [ 0000000000]
specpipeline_ln0       (specpipeline     ) [ 0000000000]
zext_ln157_2           (zext             ) [ 0000000000]
layer2_pool_addr       (getelementptr    ) [ 0000000000]
specloopname_ln150     (specloopname     ) [ 0000000000]
bitcast_ln154_5        (bitcast          ) [ 0000000000]
tmp_21                 (partselect       ) [ 0000000000]
trunc_ln154_5          (trunc            ) [ 0000000000]
bitcast_ln154_6        (bitcast          ) [ 0000000000]
tmp_22                 (partselect       ) [ 0000000000]
trunc_ln154_6          (trunc            ) [ 0000000000]
icmp_ln154_10          (icmp             ) [ 0000000000]
icmp_ln154_11          (icmp             ) [ 0000000000]
or_ln154_5             (or               ) [ 0000000000]
icmp_ln154_12          (icmp             ) [ 0000000000]
icmp_ln154_13          (icmp             ) [ 0000000000]
or_ln154_6             (or               ) [ 0000000000]
and_ln154_5            (and              ) [ 0000000000]
tmp_23                 (fcmp             ) [ 0000000000]
and_ln154_6            (and              ) [ 0000000000]
select_ln154_3         (select           ) [ 0000000000]
store_ln157            (store            ) [ 0000000000]
br_ln149               (br               ) [ 0000000000]
ret_ln0                (ret              ) [ 0000000000]
</LifeTime>

<model>

<comp_list>
<comp id="0" class="1000" name="layer2_pool">
<pin_list>
<pin id="1" dir="1" index="0" bw="1" slack="0"/>
</pin_list>
<bind>
<StgValue><ssdm name="layer2_pool"/><MemPortTyVec>0 3 </MemPortTyVec>
</StgValue>
</bind>
</comp>

<comp id="2" class="1000" name="layer2_conv">
<pin_list>
<pin id="3" dir="1" index="0" bw="1" slack="0"/>
</pin_list>
<bind>
<StgValue><ssdm name="layer2_conv"/><MemPortTyVec>1 1 1 1 3 3 3 3 3 3 3 3 3 3 3 3 3 </MemPortTyVec>
</StgValue>
</bind>
</comp>

<comp id="4" class="1001" name="const_4">
<pin_list>
<pin id="5" dir="1" index="0" bw="1" slack="0"/>
</pin_list>
<bind>
<StgValue><ssdm name=""/></StgValue>
</bind>
</comp>

<comp id="6" class="1001" name="const_6">
<pin_list>
<pin id="7" dir="1" index="0" bw="1" slack="0"/>
</pin_list>
<bind>
<StgValue><ssdm name=""/></StgValue>
</bind>
</comp>

<comp id="8" class="1001" name="const_8">
<pin_list>
<pin id="9" dir="1" index="0" bw="1" slack="0"/>
</pin_list>
<bind>
<StgValue><ssdm name=""/></StgValue>
</bind>
</comp>

<comp id="10" class="1001" name="const_10">
<pin_list>
<pin id="11" dir="1" index="0" bw="1" slack="0"/>
</pin_list>
<bind>
<StgValue><ssdm name=""/></StgValue>
</bind>
</comp>

<comp id="12" class="1001" name="const_12">
<pin_list>
<pin id="13" dir="1" index="0" bw="1" slack="0"/>
</pin_list>
<bind>
<StgValue><ssdm name=""/></StgValue>
</bind>
</comp>

<comp id="14" class="1001" name="const_14">
<pin_list>
<pin id="15" dir="1" index="0" bw="1" slack="0"/>
</pin_list>
<bind>
<StgValue><ssdm name=""/></StgValue>
</bind>
</comp>

<comp id="16" class="1001" name="const_16">
<pin_list>
<pin id="17" dir="1" index="0" bw="1" slack="0"/>
</pin_list>
<bind>
<StgValue><ssdm name=""/></StgValue>
</bind>
</comp>

<comp id="18" class="1001" name="const_18">
<pin_list>
<pin id="19" dir="1" index="0" bw="1" slack="0"/>
</pin_list>
<bind>
<StgValue><ssdm name=""/></StgValue>
</bind>
</comp>

<comp id="20" class="1001" name="const_20">
<pin_list>
<pin id="21" dir="1" index="0" bw="1" slack="0"/>
</pin_list>
<bind>
<StgValue><ssdm name="_ssdm_op_BitConcatenate.i5.i4.i1"/></StgValue>
</bind>
</comp>

<comp id="22" class="1001" name="const_22">
<pin_list>
<pin id="23" dir="1" index="0" bw="1" slack="0"/>
</pin_list>
<bind>
<StgValue><ssdm name=""/></StgValue>
</bind>
</comp>

<comp id="24" class="1001" name="const_24">
<pin_list>
<pin id="25" dir="1" index="0" bw="1" slack="0"/>
</pin_list>
<bind>
<StgValue><ssdm name=""/></StgValue>
</bind>
</comp>

<comp id="26" class="1001" name="const_26">
<pin_list>
<pin id="27" dir="1" index="0" bw="1" slack="2147483647"/>
</pin_list>
<bind>
<StgValue><ssdm name="_ssdm_op_SpecPipeline"/></StgValue>
</bind>
</comp>

<comp id="28" class="1001" name="const_28">
<pin_list>
<pin id="29" dir="1" index="0" bw="1" slack="2147483647"/>
</pin_list>
<bind>
<StgValue><ssdm name=""/></StgValue>
</bind>
</comp>

<comp id="30" class="1001" name="const_30">
<pin_list>
<pin id="31" dir="1" index="0" bw="1" slack="2147483647"/>
</pin_list>
<bind>
<StgValue><ssdm name=""/></StgValue>
</bind>
</comp>

<comp id="32" class="1001" name="const_32">
<pin_list>
<pin id="33" dir="1" index="0" bw="1" slack="2147483647"/>
</pin_list>
<bind>
<StgValue><ssdm name="p_str"/></StgValue>
</bind>
</comp>

<comp id="34" class="1001" name="const_34">
<pin_list>
<pin id="35" dir="1" index="0" bw="1" slack="0"/>
</pin_list>
<bind>
<StgValue><ssdm name=""/></StgValue>
</bind>
</comp>

<comp id="36" class="1001" name="const_36">
<pin_list>
<pin id="37" dir="1" index="0" bw="1" slack="0"/>
</pin_list>
<bind>
<StgValue><ssdm name=""/></StgValue>
</bind>
</comp>

<comp id="38" class="1001" name="const_38">
<pin_list>
<pin id="39" dir="1" index="0" bw="1" slack="0"/>
</pin_list>
<bind>
<StgValue><ssdm name=""/></StgValue>
</bind>
</comp>

<comp id="40" class="1001" name="const_40">
<pin_list>
<pin id="41" dir="1" index="0" bw="1" slack="0"/>
</pin_list>
<bind>
<StgValue><ssdm name=""/></StgValue>
</bind>
</comp>

<comp id="42" class="1001" name="const_42">
<pin_list>
<pin id="43" dir="1" index="0" bw="1" slack="0"/>
</pin_list>
<bind>
<StgValue><ssdm name="_ssdm_op_BitConcatenate.i8.i4.i4"/></StgValue>
</bind>
</comp>

<comp id="44" class="1001" name="const_44">
<pin_list>
<pin id="45" dir="1" index="0" bw="1" slack="0"/>
</pin_list>
<bind>
<StgValue><ssdm name=""/></StgValue>
</bind>
</comp>

<comp id="46" class="1001" name="const_46">
<pin_list>
<pin id="47" dir="1" index="0" bw="1" slack="0"/>
</pin_list>
<bind>
<StgValue><ssdm name="_ssdm_op_BitConcatenate.i11.i8.i3"/></StgValue>
</bind>
</comp>

<comp id="48" class="1001" name="const_48">
<pin_list>
<pin id="49" dir="1" index="0" bw="1" slack="0"/>
</pin_list>
<bind>
<StgValue><ssdm name=""/></StgValue>
</bind>
</comp>

<comp id="50" class="1001" name="const_50">
<pin_list>
<pin id="51" dir="1" index="0" bw="1" slack="0"/>
</pin_list>
<bind>
<StgValue><ssdm name="_ssdm_op_BitConcatenate.i13.i10.i3"/></StgValue>
</bind>
</comp>

<comp id="52" class="1001" name="const_52">
<pin_list>
<pin id="53" dir="1" index="0" bw="1" slack="0"/>
</pin_list>
<bind>
<StgValue><ssdm name=""/></StgValue>
</bind>
</comp>

<comp id="54" class="1001" name="const_54">
<pin_list>
<pin id="55" dir="1" index="0" bw="1" slack="0"/>
</pin_list>
<bind>
<StgValue><ssdm name=""/></StgValue>
</bind>
</comp>

<comp id="56" class="1001" name="const_56">
<pin_list>
<pin id="57" dir="1" index="0" bw="1" slack="0"/>
</pin_list>
<bind>
<StgValue><ssdm name="_ssdm_op_PartSelect.i8.i32.i32.i32"/></StgValue>
</bind>
</comp>

<comp id="58" class="1001" name="const_58">
<pin_list>
<pin id="59" dir="1" index="0" bw="1" slack="0"/>
</pin_list>
<bind>
<StgValue><ssdm name=""/></StgValue>
</bind>
</comp>

<comp id="60" class="1001" name="const_60">
<pin_list>
<pin id="61" dir="1" index="0" bw="1" slack="0"/>
</pin_list>
<bind>
<StgValue><ssdm name=""/></StgValue>
</bind>
</comp>

<comp id="62" class="1001" name="const_62">
<pin_list>
<pin id="63" dir="1" index="0" bw="1" slack="0"/>
</pin_list>
<bind>
<StgValue><ssdm name=""/></StgValue>
</bind>
</comp>

<comp id="64" class="1001" name="const_64">
<pin_list>
<pin id="65" dir="1" index="0" bw="1" slack="0"/>
</pin_list>
<bind>
<StgValue><ssdm name=""/></StgValue>
</bind>
</comp>

<comp id="66" class="1001" name="const_66">
<pin_list>
<pin id="67" dir="1" index="0" bw="1" slack="2147483647"/>
</pin_list>
<bind>
<StgValue><ssdm name="_ssdm_op_SpecLoopName"/></StgValue>
</bind>
</comp>

<comp id="68" class="1001" name="const_68">
<pin_list>
<pin id="69" dir="1" index="0" bw="1" slack="2147483647"/>
</pin_list>
<bind>
<StgValue><ssdm name="VITIS_LOOP_147_17_VITIS_LOOP_148_18_VITIS_LOOP_149_19_str"/></StgValue>
</bind>
</comp>

<comp id="70" class="1001" name="const_70">
<pin_list>
<pin id="71" dir="1" index="0" bw="1" slack="2147483647"/>
</pin_list>
<bind>
<StgValue><ssdm name="_ssdm_op_SpecLoopTripCount"/></StgValue>
</bind>
</comp>

<comp id="72" class="1001" name="const_72">
<pin_list>
<pin id="73" dir="1" index="0" bw="1" slack="2147483647"/>
</pin_list>
<bind>
<StgValue><ssdm name=""/></StgValue>
</bind>
</comp>

<comp id="74" class="1001" name="const_74">
<pin_list>
<pin id="75" dir="1" index="0" bw="1" slack="2147483647"/>
</pin_list>
<bind>
<StgValue><ssdm name="VITIS_LOOP_148_18_VITIS_LOOP_149_19_str"/></StgValue>
</bind>
</comp>

<comp id="76" class="1001" name="const_76">
<pin_list>
<pin id="77" dir="1" index="0" bw="1" slack="2147483647"/>
</pin_list>
<bind>
<StgValue><ssdm name="empty_9"/></StgValue>
</bind>
</comp>

<comp id="78" class="1004" name="c_fu_78">
<pin_list>
<pin id="79" dir="0" index="0" bw="1" slack="0"/>
<pin id="80" dir="1" index="1" bw="4" slack="0"/>
</pin_list>
<bind>
<opcode="alloca(26) " fcode="alloca"/>
<opset="c/1 "/>
</bind>
</comp>

<comp id="82" class="1004" name="r_fu_82">
<pin_list>
<pin id="83" dir="0" index="0" bw="1" slack="0"/>
<pin id="84" dir="1" index="1" bw="4" slack="0"/>
</pin_list>
<bind>
<opcode="alloca(26) " fcode="alloca"/>
<opset="r/1 "/>
</bind>
</comp>

<comp id="86" class="1004" name="indvar_flatten124_fu_86">
<pin_list>
<pin id="87" dir="0" index="0" bw="1" slack="0"/>
<pin id="88" dir="1" index="1" bw="8" slack="0"/>
</pin_list>
<bind>
<opcode="alloca(26) " fcode="alloca"/>
<opset="indvar_flatten124/1 "/>
</bind>
</comp>

<comp id="90" class="1004" name="f_fu_90">
<pin_list>
<pin id="91" dir="0" index="0" bw="1" slack="0"/>
<pin id="92" dir="1" index="1" bw="4" slack="0"/>
</pin_list>
<bind>
<opcode="alloca(26) " fcode="alloca"/>
<opset="f/1 "/>
</bind>
</comp>

<comp id="94" class="1004" name="indvar_flatten148_fu_94">
<pin_list>
<pin id="95" dir="0" index="0" bw="1" slack="0"/>
<pin id="96" dir="1" index="1" bw="11" slack="0"/>
</pin_list>
<bind>
<opcode="alloca(26) " fcode="alloca"/>
<opset="indvar_flatten148/1 "/>
</bind>
</comp>

<comp id="98" class="1004" name="layer2_conv_addr_gep_fu_98">
<pin_list>
<pin id="99" dir="0" index="0" bw="32" slack="0"/>
<pin id="100" dir="0" index="1" bw="1" slack="0"/>
<pin id="101" dir="0" index="2" bw="13" slack="0"/>
<pin id="102" dir="1" index="3" bw="13" slack="0"/>
</pin_list>
<bind>
<opcode="getelementptr(29) " fcode="getelementptr"/>
<opset="layer2_conv_addr/2 "/>
</bind>
</comp>

<comp id="105" class="1004" name="layer2_conv_addr_1_gep_fu_105">
<pin_list>
<pin id="106" dir="0" index="0" bw="32" slack="0"/>
<pin id="107" dir="0" index="1" bw="1" slack="0"/>
<pin id="108" dir="0" index="2" bw="13" slack="0"/>
<pin id="109" dir="1" index="3" bw="13" slack="0"/>
</pin_list>
<bind>
<opcode="getelementptr(29) " fcode="getelementptr"/>
<opset="layer2_conv_addr_1/2 "/>
</bind>
</comp>

<comp id="112" class="1004" name="grp_access_fu_112">
<pin_list>
<pin id="113" dir="0" index="0" bw="13" slack="0"/>
<pin id="114" dir="0" index="1" bw="32" slack="2147483647"/>
<pin id="115" dir="0" index="2" bw="0" slack="0"/>
<pin id="117" dir="0" index="4" bw="13" slack="2147483647"/>
<pin id="118" dir="0" index="5" bw="32" slack="0"/>
<pin id="119" dir="0" index="6" bw="0" slack="2147483647"/>
<pin id="121" dir="0" index="8" bw="13" slack="0"/>
<pin id="122" dir="0" index="9" bw="32" slack="2147483647"/>
<pin id="123" dir="0" index="10" bw="0" slack="2147483647"/>
<pin id="125" dir="0" index="12" bw="13" slack="2147483647"/>
<pin id="126" dir="0" index="13" bw="32" slack="2147483647"/>
<pin id="127" dir="0" index="14" bw="0" slack="2147483647"/>
<pin id="116" dir="1" index="3" bw="32" slack="5"/>
<pin id="120" dir="1" index="7" bw="32" slack="3"/>
<pin id="124" dir="1" index="11" bw="32" slack="1"/>
<pin id="128" dir="1" index="15" bw="32" slack="0"/>
</pin_list>
<bind>
<opcode="load(27) " fcode="load"/>
<opset="layer2_conv_load/2 layer2_conv_load_1/2 layer2_conv_load_2/2 layer2_conv_load_3/2 "/>
</bind>
</comp>

<comp id="130" class="1004" name="layer2_conv_addr_2_gep_fu_130">
<pin_list>
<pin id="131" dir="0" index="0" bw="32" slack="0"/>
<pin id="132" dir="0" index="1" bw="1" slack="0"/>
<pin id="133" dir="0" index="2" bw="13" slack="0"/>
<pin id="134" dir="1" index="3" bw="13" slack="0"/>
</pin_list>
<bind>
<opcode="getelementptr(29) " fcode="getelementptr"/>
<opset="layer2_conv_addr_2/2 "/>
</bind>
</comp>

<comp id="137" class="1004" name="layer2_conv_addr_3_gep_fu_137">
<pin_list>
<pin id="138" dir="0" index="0" bw="32" slack="0"/>
<pin id="139" dir="0" index="1" bw="1" slack="0"/>
<pin id="140" dir="0" index="2" bw="13" slack="0"/>
<pin id="141" dir="1" index="3" bw="13" slack="0"/>
</pin_list>
<bind>
<opcode="getelementptr(29) " fcode="getelementptr"/>
<opset="layer2_conv_addr_3/2 "/>
</bind>
</comp>

<comp id="147" class="1004" name="layer2_pool_addr_gep_fu_147">
<pin_list>
<pin id="148" dir="0" index="0" bw="32" slack="0"/>
<pin id="149" dir="0" index="1" bw="1" slack="0"/>
<pin id="150" dir="0" index="2" bw="11" slack="0"/>
<pin id="151" dir="1" index="3" bw="11" slack="0"/>
</pin_list>
<bind>
<opcode="getelementptr(29) " fcode="getelementptr"/>
<opset="layer2_pool_addr/9 "/>
</bind>
</comp>

<comp id="154" class="1004" name="store_ln157_access_fu_154">
<pin_list>
<pin id="155" dir="0" index="0" bw="11" slack="0"/>
<pin id="156" dir="0" index="1" bw="32" slack="0"/>
<pin id="157" dir="0" index="2" bw="0" slack="2147483647"/>
<pin id="158" dir="1" index="3" bw="32" slack="2147483647"/>
</pin_list>
<bind>
<opcode="store(28) " fcode="store"/>
<opset="store_ln157/9 "/>
</bind>
</comp>

<comp id="160" class="1004" name="grp_fu_160">
<pin_list>
<pin id="161" dir="0" index="0" bw="32" slack="0"/>
<pin id="162" dir="0" index="1" bw="32" slack="0"/>
<pin id="163" dir="1" index="2" bw="1" slack="0"/>
</pin_list>
<bind>
<opcode="fcmp(46) " fcode="fcmp"/>
<opset="tmp_12/3 "/>
</bind>
</comp>

<comp id="166" class="1004" name="grp_fu_166">
<pin_list>
<pin id="167" dir="0" index="0" bw="32" slack="1"/>
<pin id="168" dir="0" index="1" bw="32" slack="0"/>
<pin id="169" dir="1" index="2" bw="1" slack="0"/>
</pin_list>
<bind>
<opcode="fcmp(46) " fcode="fcmp"/>
<opset="tmp_17/4 "/>
</bind>
</comp>

<comp id="170" class="1004" name="grp_fu_170">
<pin_list>
<pin id="171" dir="0" index="0" bw="32" slack="3"/>
<pin id="172" dir="0" index="1" bw="32" slack="1"/>
<pin id="173" dir="1" index="2" bw="1" slack="0"/>
</pin_list>
<bind>
<opcode="fcmp(46) " fcode="fcmp"/>
<opset="tmp_20/6 "/>
</bind>
</comp>

<comp id="174" class="1004" name="grp_fu_174">
<pin_list>
<pin id="175" dir="0" index="0" bw="32" slack="5"/>
<pin id="176" dir="0" index="1" bw="32" slack="1"/>
<pin id="177" dir="1" index="2" bw="1" slack="0"/>
</pin_list>
<bind>
<opcode="fcmp(46) " fcode="fcmp"/>
<opset="tmp_23/8 "/>
</bind>
</comp>

<comp id="178" class="1004" name="store_ln0_store_fu_178">
<pin_list>
<pin id="179" dir="0" index="0" bw="1" slack="0"/>
<pin id="180" dir="0" index="1" bw="11" slack="0"/>
<pin id="181" dir="1" index="2" bw="0" slack="2147483647"/>
</pin_list>
<bind>
<opcode="store(28) " fcode="store"/>
<opset="store_ln0/1 "/>
</bind>
</comp>

<comp id="183" class="1004" name="store_ln0_store_fu_183">
<pin_list>
<pin id="184" dir="0" index="0" bw="1" slack="0"/>
<pin id="185" dir="0" index="1" bw="4" slack="0"/>
<pin id="186" dir="1" index="2" bw="0" slack="2147483647"/>
</pin_list>
<bind>
<opcode="store(28) " fcode="store"/>
<opset="store_ln0/1 "/>
</bind>
</comp>

<comp id="188" class="1004" name="store_ln0_store_fu_188">
<pin_list>
<pin id="189" dir="0" index="0" bw="1" slack="0"/>
<pin id="190" dir="0" index="1" bw="8" slack="0"/>
<pin id="191" dir="1" index="2" bw="0" slack="2147483647"/>
</pin_list>
<bind>
<opcode="store(28) " fcode="store"/>
<opset="store_ln0/1 "/>
</bind>
</comp>

<comp id="193" class="1004" name="store_ln0_store_fu_193">
<pin_list>
<pin id="194" dir="0" index="0" bw="1" slack="0"/>
<pin id="195" dir="0" index="1" bw="4" slack="0"/>
<pin id="196" dir="1" index="2" bw="0" slack="2147483647"/>
</pin_list>
<bind>
<opcode="store(28) " fcode="store"/>
<opset="store_ln0/1 "/>
</bind>
</comp>

<comp id="198" class="1004" name="store_ln0_store_fu_198">
<pin_list>
<pin id="199" dir="0" index="0" bw="1" slack="0"/>
<pin id="200" dir="0" index="1" bw="4" slack="0"/>
<pin id="201" dir="1" index="2" bw="0" slack="2147483647"/>
</pin_list>
<bind>
<opcode="store(28) " fcode="store"/>
<opset="store_ln0/1 "/>
</bind>
</comp>

<comp id="203" class="1004" name="indvar_flatten148_load_load_fu_203">
<pin_list>
<pin id="204" dir="0" index="0" bw="11" slack="0"/>
<pin id="205" dir="1" index="1" bw="11" slack="0"/>
</pin_list>
<bind>
<opcode="load(27) " fcode="load"/>
<opset="indvar_flatten148_load/1 "/>
</bind>
</comp>

<comp id="206" class="1004" name="icmp_ln147_fu_206">
<pin_list>
<pin id="207" dir="0" index="0" bw="11" slack="0"/>
<pin id="208" dir="0" index="1" bw="11" slack="0"/>
<pin id="209" dir="1" index="2" bw="1" slack="1"/>
</pin_list>
<bind>
<opcode="icmp(45) " fcode="icmp"/>
<opset="icmp_ln147/1 "/>
</bind>
</comp>

<comp id="212" class="1004" name="add_ln147_1_fu_212">
<pin_list>
<pin id="213" dir="0" index="0" bw="11" slack="0"/>
<pin id="214" dir="0" index="1" bw="1" slack="0"/>
<pin id="215" dir="1" index="2" bw="11" slack="0"/>
</pin_list>
<bind>
<opcode="add(8) " fcode="add"/>
<opset="add_ln147_1/1 "/>
</bind>
</comp>

<comp id="218" class="1004" name="indvar_flatten124_load_load_fu_218">
<pin_list>
<pin id="219" dir="0" index="0" bw="8" slack="0"/>
<pin id="220" dir="1" index="1" bw="8" slack="0"/>
</pin_list>
<bind>
<opcode="load(27) " fcode="load"/>
<opset="indvar_flatten124_load/1 "/>
</bind>
</comp>

<comp id="221" class="1004" name="icmp_ln148_fu_221">
<pin_list>
<pin id="222" dir="0" index="0" bw="8" slack="0"/>
<pin id="223" dir="0" index="1" bw="8" slack="0"/>
<pin id="224" dir="1" index="2" bw="1" slack="0"/>
</pin_list>
<bind>
<opcode="icmp(45) " fcode="icmp"/>
<opset="icmp_ln148/1 "/>
</bind>
</comp>

<comp id="227" class="1004" name="add_ln148_1_fu_227">
<pin_list>
<pin id="228" dir="0" index="0" bw="8" slack="0"/>
<pin id="229" dir="0" index="1" bw="1" slack="0"/>
<pin id="230" dir="1" index="2" bw="8" slack="0"/>
</pin_list>
<bind>
<opcode="add(8) " fcode="add"/>
<opset="add_ln148_1/1 "/>
</bind>
</comp>

<comp id="233" class="1004" name="select_ln148_4_fu_233">
<pin_list>
<pin id="234" dir="0" index="0" bw="1" slack="0"/>
<pin id="235" dir="0" index="1" bw="8" slack="0"/>
<pin id="236" dir="0" index="2" bw="8" slack="0"/>
<pin id="237" dir="1" index="3" bw="8" slack="0"/>
</pin_list>
<bind>
<opcode="select(49) " fcode="select"/>
<opset="select_ln148_4/1 "/>
</bind>
</comp>

<comp id="241" class="1004" name="store_ln149_store_fu_241">
<pin_list>
<pin id="242" dir="0" index="0" bw="11" slack="0"/>
<pin id="243" dir="0" index="1" bw="11" slack="0"/>
<pin id="244" dir="1" index="2" bw="0" slack="2147483647"/>
</pin_list>
<bind>
<opcode="store(28) " fcode="store"/>
<opset="store_ln149/1 "/>
</bind>
</comp>

<comp id="246" class="1004" name="store_ln149_store_fu_246">
<pin_list>
<pin id="247" dir="0" index="0" bw="8" slack="0"/>
<pin id="248" dir="0" index="1" bw="8" slack="0"/>
<pin id="249" dir="1" index="2" bw="0" slack="2147483647"/>
</pin_list>
<bind>
<opcode="store(28) " fcode="store"/>
<opset="store_ln149/1 "/>
</bind>
</comp>

<comp id="251" class="1004" name="r_1_load_fu_251">
<pin_list>
<pin id="252" dir="0" index="0" bw="4" slack="1"/>
<pin id="253" dir="1" index="1" bw="4" slack="0"/>
</pin_list>
<bind>
<opcode="load(27) " fcode="load"/>
<opset="r_1/2 "/>
</bind>
</comp>

<comp id="254" class="1004" name="tmp_s_fu_254">
<pin_list>
<pin id="255" dir="0" index="0" bw="5" slack="0"/>
<pin id="256" dir="0" index="1" bw="4" slack="0"/>
<pin id="257" dir="0" index="2" bw="1" slack="0"/>
<pin id="258" dir="1" index="3" bw="5" slack="0"/>
</pin_list>
<bind>
<opcode="bitconcatenate(1004) " fcode="bitconcatenate"/>
<opset="tmp_s/2 "/>
</bind>
</comp>

<comp id="262" class="1004" name="empty_fu_262">
<pin_list>
<pin id="263" dir="0" index="0" bw="5" slack="0"/>
<pin id="264" dir="0" index="1" bw="5" slack="0"/>
<pin id="265" dir="1" index="2" bw="5" slack="0"/>
</pin_list>
<bind>
<opcode="or(24) " fcode="or"/>
<opset="empty/2 "/>
</bind>
</comp>

<comp id="268" class="1004" name="c_load_load_fu_268">
<pin_list>
<pin id="269" dir="0" index="0" bw="4" slack="1"/>
<pin id="270" dir="1" index="1" bw="4" slack="0"/>
</pin_list>
<bind>
<opcode="load(27) " fcode="load"/>
<opset="c_load/2 "/>
</bind>
</comp>

<comp id="271" class="1004" name="f_load_load_fu_271">
<pin_list>
<pin id="272" dir="0" index="0" bw="4" slack="1"/>
<pin id="273" dir="1" index="1" bw="4" slack="0"/>
</pin_list>
<bind>
<opcode="load(27) " fcode="load"/>
<opset="f_load/2 "/>
</bind>
</comp>

<comp id="274" class="1004" name="add_ln147_fu_274">
<pin_list>
<pin id="275" dir="0" index="0" bw="4" slack="0"/>
<pin id="276" dir="0" index="1" bw="1" slack="0"/>
<pin id="277" dir="1" index="2" bw="4" slack="0"/>
</pin_list>
<bind>
<opcode="add(8) " fcode="add"/>
<opset="add_ln147/2 "/>
</bind>
</comp>

<comp id="280" class="1004" name="select_ln147_fu_280">
<pin_list>
<pin id="281" dir="0" index="0" bw="1" slack="1"/>
<pin id="282" dir="0" index="1" bw="4" slack="0"/>
<pin id="283" dir="0" index="2" bw="4" slack="0"/>
<pin id="284" dir="1" index="3" bw="4" slack="0"/>
</pin_list>
<bind>
<opcode="select(49) " fcode="select"/>
<opset="select_ln147/2 "/>
</bind>
</comp>

<comp id="287" class="1004" name="select_ln147_1_fu_287">
<pin_list>
<pin id="288" dir="0" index="0" bw="1" slack="1"/>
<pin id="289" dir="0" index="1" bw="4" slack="0"/>
<pin id="290" dir="0" index="2" bw="4" slack="0"/>
<pin id="291" dir="1" index="3" bw="4" slack="0"/>
</pin_list>
<bind>
<opcode="select(49) " fcode="select"/>
<opset="select_ln147_1/2 "/>
</bind>
</comp>

<comp id="294" class="1004" name="zext_ln147_fu_294">
<pin_list>
<pin id="295" dir="0" index="0" bw="4" slack="0"/>
<pin id="296" dir="1" index="1" bw="13" slack="0"/>
</pin_list>
<bind>
<opcode="zext(34) " fcode="zext"/>
<opset="zext_ln147/2 "/>
</bind>
</comp>

<comp id="298" class="1004" name="zext_ln147_1_fu_298">
<pin_list>
<pin id="299" dir="0" index="0" bw="4" slack="0"/>
<pin id="300" dir="1" index="1" bw="11" slack="0"/>
</pin_list>
<bind>
<opcode="zext(34) " fcode="zext"/>
<opset="zext_ln147_1/2 "/>
</bind>
</comp>

<comp id="302" class="1004" name="select_ln147_2_fu_302">
<pin_list>
<pin id="303" dir="0" index="0" bw="1" slack="1"/>
<pin id="304" dir="0" index="1" bw="5" slack="0"/>
<pin id="305" dir="0" index="2" bw="5" slack="0"/>
<pin id="306" dir="1" index="3" bw="5" slack="0"/>
</pin_list>
<bind>
<opcode="select(49) " fcode="select"/>
<opset="select_ln147_2/2 "/>
</bind>
</comp>

<comp id="309" class="1004" name="select_ln147_3_fu_309">
<pin_list>
<pin id="310" dir="0" index="0" bw="1" slack="1"/>
<pin id="311" dir="0" index="1" bw="5" slack="0"/>
<pin id="312" dir="0" index="2" bw="5" slack="0"/>
<pin id="313" dir="1" index="3" bw="5" slack="0"/>
</pin_list>
<bind>
<opcode="select(49) " fcode="select"/>
<opset="select_ln147_3/2 "/>
</bind>
</comp>

<comp id="316" class="1004" name="xor_ln147_fu_316">
<pin_list>
<pin id="317" dir="0" index="0" bw="1" slack="1"/>
<pin id="318" dir="0" index="1" bw="1" slack="0"/>
<pin id="319" dir="1" index="2" bw="1" slack="0"/>
</pin_list>
<bind>
<opcode="xor(25) " fcode="xor"/>
<opset="xor_ln147/2 "/>
</bind>
</comp>

<comp id="321" class="1004" name="icmp_ln149_fu_321">
<pin_list>
<pin id="322" dir="0" index="0" bw="4" slack="0"/>
<pin id="323" dir="0" index="1" bw="4" slack="0"/>
<pin id="324" dir="1" index="2" bw="1" slack="0"/>
</pin_list>
<bind>
<opcode="icmp(45) " fcode="icmp"/>
<opset="icmp_ln149/2 "/>
</bind>
</comp>

<comp id="327" class="1004" name="and_ln147_fu_327">
<pin_list>
<pin id="328" dir="0" index="0" bw="1" slack="0"/>
<pin id="329" dir="0" index="1" bw="1" slack="0"/>
<pin id="330" dir="1" index="2" bw="1" slack="0"/>
</pin_list>
<bind>
<opcode="and(23) " fcode="and"/>
<opset="and_ln147/2 "/>
</bind>
</comp>

<comp id="333" class="1004" name="add_ln148_fu_333">
<pin_list>
<pin id="334" dir="0" index="0" bw="4" slack="0"/>
<pin id="335" dir="0" index="1" bw="1" slack="0"/>
<pin id="336" dir="1" index="2" bw="4" slack="0"/>
</pin_list>
<bind>
<opcode="add(8) " fcode="add"/>
<opset="add_ln148/2 "/>
</bind>
</comp>

<comp id="339" class="1004" name="or_ln148_fu_339">
<pin_list>
<pin id="340" dir="0" index="0" bw="1" slack="0"/>
<pin id="341" dir="0" index="1" bw="1" slack="1"/>
<pin id="342" dir="1" index="2" bw="1" slack="0"/>
</pin_list>
<bind>
<opcode="or(24) " fcode="or"/>
<opset="or_ln148/2 "/>
</bind>
</comp>

<comp id="344" class="1004" name="select_ln148_fu_344">
<pin_list>
<pin id="345" dir="0" index="0" bw="1" slack="0"/>
<pin id="346" dir="0" index="1" bw="4" slack="0"/>
<pin id="347" dir="0" index="2" bw="4" slack="0"/>
<pin id="348" dir="1" index="3" bw="4" slack="0"/>
</pin_list>
<bind>
<opcode="select(49) " fcode="select"/>
<opset="select_ln148/2 "/>
</bind>
</comp>

<comp id="352" class="1004" name="select_ln148_1_fu_352">
<pin_list>
<pin id="353" dir="0" index="0" bw="1" slack="0"/>
<pin id="354" dir="0" index="1" bw="4" slack="0"/>
<pin id="355" dir="0" index="2" bw="4" slack="0"/>
<pin id="356" dir="1" index="3" bw="4" slack="0"/>
</pin_list>
<bind>
<opcode="select(49) " fcode="select"/>
<opset="select_ln148_1/2 "/>
</bind>
</comp>

<comp id="360" class="1004" name="tmp_fu_360">
<pin_list>
<pin id="361" dir="0" index="0" bw="8" slack="0"/>
<pin id="362" dir="0" index="1" bw="4" slack="0"/>
<pin id="363" dir="0" index="2" bw="1" slack="0"/>
<pin id="364" dir="1" index="3" bw="8" slack="0"/>
</pin_list>
<bind>
<opcode="bitconcatenate(1004) " fcode="bitconcatenate"/>
<opset="tmp/2 "/>
</bind>
</comp>

<comp id="368" class="1004" name="tmp_1_fu_368">
<pin_list>
<pin id="369" dir="0" index="0" bw="5" slack="0"/>
<pin id="370" dir="0" index="1" bw="4" slack="0"/>
<pin id="371" dir="0" index="2" bw="1" slack="0"/>
<pin id="372" dir="1" index="3" bw="5" slack="0"/>
</pin_list>
<bind>
<opcode="bitconcatenate(1004) " fcode="bitconcatenate"/>
<opset="tmp_1/2 "/>
</bind>
</comp>

<comp id="376" class="1004" name="zext_ln157_fu_376">
<pin_list>
<pin id="377" dir="0" index="0" bw="5" slack="0"/>
<pin id="378" dir="1" index="1" bw="8" slack="0"/>
</pin_list>
<bind>
<opcode="zext(34) " fcode="zext"/>
<opset="zext_ln157/2 "/>
</bind>
</comp>

<comp id="380" class="1004" name="sub_ln157_fu_380">
<pin_list>
<pin id="381" dir="0" index="0" bw="8" slack="0"/>
<pin id="382" dir="0" index="1" bw="5" slack="0"/>
<pin id="383" dir="1" index="2" bw="8" slack="0"/>
</pin_list>
<bind>
<opcode="sub(10) " fcode="sub"/>
<opset="sub_ln157/2 "/>
</bind>
</comp>

<comp id="386" class="1004" name="p_mid2_fu_386">
<pin_list>
<pin id="387" dir="0" index="0" bw="5" slack="0"/>
<pin id="388" dir="0" index="1" bw="4" slack="0"/>
<pin id="389" dir="0" index="2" bw="1" slack="0"/>
<pin id="390" dir="1" index="3" bw="5" slack="0"/>
</pin_list>
<bind>
<opcode="bitconcatenate(1004) " fcode="bitconcatenate"/>
<opset="p_mid2/2 "/>
</bind>
</comp>

<comp id="394" class="1004" name="select_ln148_2_fu_394">
<pin_list>
<pin id="395" dir="0" index="0" bw="1" slack="0"/>
<pin id="396" dir="0" index="1" bw="5" slack="0"/>
<pin id="397" dir="0" index="2" bw="5" slack="0"/>
<pin id="398" dir="1" index="3" bw="5" slack="0"/>
</pin_list>
<bind>
<opcode="select(49) " fcode="select"/>
<opset="select_ln148_2/2 "/>
</bind>
</comp>

<comp id="402" class="1004" name="zext_ln153_fu_402">
<pin_list>
<pin id="403" dir="0" index="0" bw="5" slack="0"/>
<pin id="404" dir="1" index="1" bw="10" slack="0"/>
</pin_list>
<bind>
<opcode="zext(34) " fcode="zext"/>
<opset="zext_ln153/2 "/>
</bind>
</comp>

<comp id="406" class="1004" name="mul_ln153_fu_406">
<pin_list>
<pin id="407" dir="0" index="0" bw="5" slack="0"/>
<pin id="408" dir="0" index="1" bw="6" slack="0"/>
<pin id="409" dir="1" index="2" bw="10" slack="0"/>
</pin_list>
<bind>
<opcode="mul(12) " fcode="mul"/>
<opset="mul_ln153/2 "/>
</bind>
</comp>

<comp id="412" class="1004" name="p_mid1122_fu_412">
<pin_list>
<pin id="413" dir="0" index="0" bw="5" slack="0"/>
<pin id="414" dir="0" index="1" bw="5" slack="0"/>
<pin id="415" dir="1" index="2" bw="5" slack="0"/>
</pin_list>
<bind>
<opcode="or(24) " fcode="or"/>
<opset="p_mid1122/2 "/>
</bind>
</comp>

<comp id="418" class="1004" name="select_ln148_3_fu_418">
<pin_list>
<pin id="419" dir="0" index="0" bw="1" slack="0"/>
<pin id="420" dir="0" index="1" bw="5" slack="0"/>
<pin id="421" dir="0" index="2" bw="5" slack="0"/>
<pin id="422" dir="1" index="3" bw="5" slack="0"/>
</pin_list>
<bind>
<opcode="select(49) " fcode="select"/>
<opset="select_ln148_3/2 "/>
</bind>
</comp>

<comp id="426" class="1004" name="zext_ln153_1_fu_426">
<pin_list>
<pin id="427" dir="0" index="0" bw="5" slack="0"/>
<pin id="428" dir="1" index="1" bw="10" slack="0"/>
</pin_list>
<bind>
<opcode="zext(34) " fcode="zext"/>
<opset="zext_ln153_1/2 "/>
</bind>
</comp>

<comp id="430" class="1004" name="mul_ln153_1_fu_430">
<pin_list>
<pin id="431" dir="0" index="0" bw="5" slack="0"/>
<pin id="432" dir="0" index="1" bw="6" slack="0"/>
<pin id="433" dir="1" index="2" bw="10" slack="0"/>
</pin_list>
<bind>
<opcode="mul(12) " fcode="mul"/>
<opset="mul_ln153_1/2 "/>
</bind>
</comp>

<comp id="436" class="1004" name="zext_ln157_1_fu_436">
<pin_list>
<pin id="437" dir="0" index="0" bw="4" slack="0"/>
<pin id="438" dir="1" index="1" bw="8" slack="0"/>
</pin_list>
<bind>
<opcode="zext(34) " fcode="zext"/>
<opset="zext_ln157_1/2 "/>
</bind>
</comp>

<comp id="440" class="1004" name="add_ln157_fu_440">
<pin_list>
<pin id="441" dir="0" index="0" bw="8" slack="0"/>
<pin id="442" dir="0" index="1" bw="4" slack="0"/>
<pin id="443" dir="1" index="2" bw="8" slack="0"/>
</pin_list>
<bind>
<opcode="add(8) " fcode="add"/>
<opset="add_ln157/2 "/>
</bind>
</comp>

<comp id="446" class="1004" name="tmp_7_fu_446">
<pin_list>
<pin id="447" dir="0" index="0" bw="11" slack="0"/>
<pin id="448" dir="0" index="1" bw="8" slack="0"/>
<pin id="449" dir="0" index="2" bw="1" slack="0"/>
<pin id="450" dir="1" index="3" bw="11" slack="0"/>
</pin_list>
<bind>
<opcode="bitconcatenate(1004) " fcode="bitconcatenate"/>
<opset="tmp_7/2 "/>
</bind>
</comp>

<comp id="454" class="1004" name="add_ln157_1_fu_454">
<pin_list>
<pin id="455" dir="0" index="0" bw="11" slack="0"/>
<pin id="456" dir="0" index="1" bw="4" slack="0"/>
<pin id="457" dir="1" index="2" bw="11" slack="7"/>
</pin_list>
<bind>
<opcode="add(8) " fcode="add"/>
<opset="add_ln157_1/2 "/>
</bind>
</comp>

<comp id="460" class="1004" name="tmp_8_fu_460">
<pin_list>
<pin id="461" dir="0" index="0" bw="5" slack="0"/>
<pin id="462" dir="0" index="1" bw="4" slack="0"/>
<pin id="463" dir="0" index="2" bw="1" slack="0"/>
<pin id="464" dir="1" index="3" bw="5" slack="0"/>
</pin_list>
<bind>
<opcode="bitconcatenate(1004) " fcode="bitconcatenate"/>
<opset="tmp_8/2 "/>
</bind>
</comp>

<comp id="468" class="1004" name="zext_ln153_2_fu_468">
<pin_list>
<pin id="469" dir="0" index="0" bw="5" slack="0"/>
<pin id="470" dir="1" index="1" bw="10" slack="0"/>
</pin_list>
<bind>
<opcode="zext(34) " fcode="zext"/>
<opset="zext_ln153_2/2 "/>
</bind>
</comp>

<comp id="472" class="1004" name="add_ln153_fu_472">
<pin_list>
<pin id="473" dir="0" index="0" bw="10" slack="0"/>
<pin id="474" dir="0" index="1" bw="5" slack="0"/>
<pin id="475" dir="1" index="2" bw="10" slack="0"/>
</pin_list>
<bind>
<opcode="add(8) " fcode="add"/>
<opset="add_ln153/2 "/>
</bind>
</comp>

<comp id="478" class="1004" name="tmp_9_fu_478">
<pin_list>
<pin id="479" dir="0" index="0" bw="13" slack="0"/>
<pin id="480" dir="0" index="1" bw="10" slack="0"/>
<pin id="481" dir="0" index="2" bw="1" slack="0"/>
<pin id="482" dir="1" index="3" bw="13" slack="0"/>
</pin_list>
<bind>
<opcode="bitconcatenate(1004) " fcode="bitconcatenate"/>
<opset="tmp_9/2 "/>
</bind>
</comp>

<comp id="486" class="1004" name="add_ln153_1_fu_486">
<pin_list>
<pin id="487" dir="0" index="0" bw="13" slack="0"/>
<pin id="488" dir="0" index="1" bw="4" slack="0"/>
<pin id="489" dir="1" index="2" bw="13" slack="0"/>
</pin_list>
<bind>
<opcode="add(8) " fcode="add"/>
<opset="add_ln153_1/2 "/>
</bind>
</comp>

<comp id="492" class="1004" name="zext_ln153_3_fu_492">
<pin_list>
<pin id="493" dir="0" index="0" bw="13" slack="0"/>
<pin id="494" dir="1" index="1" bw="64" slack="0"/>
</pin_list>
<bind>
<opcode="zext(34) " fcode="zext"/>
<opset="zext_ln153_3/2 "/>
</bind>
</comp>

<comp id="497" class="1004" name="add_ln153_2_fu_497">
<pin_list>
<pin id="498" dir="0" index="0" bw="10" slack="0"/>
<pin id="499" dir="0" index="1" bw="5" slack="0"/>
<pin id="500" dir="1" index="2" bw="10" slack="0"/>
</pin_list>
<bind>
<opcode="add(8) " fcode="add"/>
<opset="add_ln153_2/2 "/>
</bind>
</comp>

<comp id="503" class="1004" name="tmp_10_fu_503">
<pin_list>
<pin id="504" dir="0" index="0" bw="13" slack="0"/>
<pin id="505" dir="0" index="1" bw="10" slack="0"/>
<pin id="506" dir="0" index="2" bw="1" slack="0"/>
<pin id="507" dir="1" index="3" bw="13" slack="0"/>
</pin_list>
<bind>
<opcode="bitconcatenate(1004) " fcode="bitconcatenate"/>
<opset="tmp_10/2 "/>
</bind>
</comp>

<comp id="511" class="1004" name="add_ln153_3_fu_511">
<pin_list>
<pin id="512" dir="0" index="0" bw="13" slack="0"/>
<pin id="513" dir="0" index="1" bw="4" slack="0"/>
<pin id="514" dir="1" index="2" bw="13" slack="0"/>
</pin_list>
<bind>
<opcode="add(8) " fcode="add"/>
<opset="add_ln153_3/2 "/>
</bind>
</comp>

<comp id="517" class="1004" name="zext_ln153_4_fu_517">
<pin_list>
<pin id="518" dir="0" index="0" bw="13" slack="0"/>
<pin id="519" dir="1" index="1" bw="64" slack="0"/>
</pin_list>
<bind>
<opcode="zext(34) " fcode="zext"/>
<opset="zext_ln153_4/2 "/>
</bind>
</comp>

<comp id="522" class="1004" name="or_ln153_fu_522">
<pin_list>
<pin id="523" dir="0" index="0" bw="5" slack="0"/>
<pin id="524" dir="0" index="1" bw="5" slack="0"/>
<pin id="525" dir="1" index="2" bw="5" slack="0"/>
</pin_list>
<bind>
<opcode="or(24) " fcode="or"/>
<opset="or_ln153/2 "/>
</bind>
</comp>

<comp id="528" class="1004" name="zext_ln153_5_fu_528">
<pin_list>
<pin id="529" dir="0" index="0" bw="5" slack="0"/>
<pin id="530" dir="1" index="1" bw="10" slack="0"/>
</pin_list>
<bind>
<opcode="zext(34) " fcode="zext"/>
<opset="zext_ln153_5/2 "/>
</bind>
</comp>

<comp id="532" class="1004" name="add_ln153_4_fu_532">
<pin_list>
<pin id="533" dir="0" index="0" bw="10" slack="0"/>
<pin id="534" dir="0" index="1" bw="5" slack="0"/>
<pin id="535" dir="1" index="2" bw="10" slack="0"/>
</pin_list>
<bind>
<opcode="add(8) " fcode="add"/>
<opset="add_ln153_4/2 "/>
</bind>
</comp>

<comp id="538" class="1004" name="tmp_13_fu_538">
<pin_list>
<pin id="539" dir="0" index="0" bw="13" slack="0"/>
<pin id="540" dir="0" index="1" bw="10" slack="0"/>
<pin id="541" dir="0" index="2" bw="1" slack="0"/>
<pin id="542" dir="1" index="3" bw="13" slack="0"/>
</pin_list>
<bind>
<opcode="bitconcatenate(1004) " fcode="bitconcatenate"/>
<opset="tmp_13/2 "/>
</bind>
</comp>

<comp id="546" class="1004" name="add_ln153_5_fu_546">
<pin_list>
<pin id="547" dir="0" index="0" bw="13" slack="0"/>
<pin id="548" dir="0" index="1" bw="4" slack="0"/>
<pin id="549" dir="1" index="2" bw="13" slack="0"/>
</pin_list>
<bind>
<opcode="add(8) " fcode="add"/>
<opset="add_ln153_5/2 "/>
</bind>
</comp>

<comp id="552" class="1004" name="zext_ln153_6_fu_552">
<pin_list>
<pin id="553" dir="0" index="0" bw="13" slack="0"/>
<pin id="554" dir="1" index="1" bw="64" slack="0"/>
</pin_list>
<bind>
<opcode="zext(34) " fcode="zext"/>
<opset="zext_ln153_6/2 "/>
</bind>
</comp>

<comp id="557" class="1004" name="add_ln153_6_fu_557">
<pin_list>
<pin id="558" dir="0" index="0" bw="10" slack="0"/>
<pin id="559" dir="0" index="1" bw="5" slack="0"/>
<pin id="560" dir="1" index="2" bw="10" slack="0"/>
</pin_list>
<bind>
<opcode="add(8) " fcode="add"/>
<opset="add_ln153_6/2 "/>
</bind>
</comp>

<comp id="563" class="1004" name="tmp_14_fu_563">
<pin_list>
<pin id="564" dir="0" index="0" bw="13" slack="0"/>
<pin id="565" dir="0" index="1" bw="10" slack="0"/>
<pin id="566" dir="0" index="2" bw="1" slack="0"/>
<pin id="567" dir="1" index="3" bw="13" slack="0"/>
</pin_list>
<bind>
<opcode="bitconcatenate(1004) " fcode="bitconcatenate"/>
<opset="tmp_14/2 "/>
</bind>
</comp>

<comp id="571" class="1004" name="add_ln153_7_fu_571">
<pin_list>
<pin id="572" dir="0" index="0" bw="13" slack="0"/>
<pin id="573" dir="0" index="1" bw="4" slack="0"/>
<pin id="574" dir="1" index="2" bw="13" slack="0"/>
</pin_list>
<bind>
<opcode="add(8) " fcode="add"/>
<opset="add_ln153_7/2 "/>
</bind>
</comp>

<comp id="577" class="1004" name="zext_ln153_7_fu_577">
<pin_list>
<pin id="578" dir="0" index="0" bw="13" slack="0"/>
<pin id="579" dir="1" index="1" bw="64" slack="0"/>
</pin_list>
<bind>
<opcode="zext(34) " fcode="zext"/>
<opset="zext_ln153_7/2 "/>
</bind>
</comp>

<comp id="582" class="1004" name="add_ln149_fu_582">
<pin_list>
<pin id="583" dir="0" index="0" bw="4" slack="0"/>
<pin id="584" dir="0" index="1" bw="1" slack="0"/>
<pin id="585" dir="1" index="2" bw="4" slack="0"/>
</pin_list>
<bind>
<opcode="add(8) " fcode="add"/>
<opset="add_ln149/2 "/>
</bind>
</comp>

<comp id="588" class="1004" name="store_ln149_store_fu_588">
<pin_list>
<pin id="589" dir="0" index="0" bw="4" slack="0"/>
<pin id="590" dir="0" index="1" bw="4" slack="1"/>
<pin id="591" dir="1" index="2" bw="0" slack="2147483647"/>
</pin_list>
<bind>
<opcode="store(28) " fcode="store"/>
<opset="store_ln149/2 "/>
</bind>
</comp>

<comp id="593" class="1004" name="store_ln149_store_fu_593">
<pin_list>
<pin id="594" dir="0" index="0" bw="4" slack="0"/>
<pin id="595" dir="0" index="1" bw="4" slack="1"/>
<pin id="596" dir="1" index="2" bw="0" slack="2147483647"/>
</pin_list>
<bind>
<opcode="store(28) " fcode="store"/>
<opset="store_ln149/2 "/>
</bind>
</comp>

<comp id="598" class="1004" name="store_ln149_store_fu_598">
<pin_list>
<pin id="599" dir="0" index="0" bw="4" slack="0"/>
<pin id="600" dir="0" index="1" bw="4" slack="1"/>
<pin id="601" dir="1" index="2" bw="0" slack="2147483647"/>
</pin_list>
<bind>
<opcode="store(28) " fcode="store"/>
<opset="store_ln149/2 "/>
</bind>
</comp>

<comp id="603" class="1004" name="bitcast_ln154_fu_603">
<pin_list>
<pin id="604" dir="0" index="0" bw="32" slack="1"/>
<pin id="605" dir="1" index="1" bw="32" slack="0"/>
</pin_list>
<bind>
<opcode="bitcast(44) " fcode="bitcast"/>
<opset="bitcast_ln154/4 "/>
</bind>
</comp>

<comp id="606" class="1004" name="tmp_11_fu_606">
<pin_list>
<pin id="607" dir="0" index="0" bw="8" slack="0"/>
<pin id="608" dir="0" index="1" bw="32" slack="0"/>
<pin id="609" dir="0" index="2" bw="6" slack="0"/>
<pin id="610" dir="0" index="3" bw="6" slack="0"/>
<pin id="611" dir="1" index="4" bw="8" slack="0"/>
</pin_list>
<bind>
<opcode="partselect(1002) " fcode="partselect"/>
<opset="tmp_11/4 "/>
</bind>
</comp>

<comp id="616" class="1004" name="trunc_ln154_fu_616">
<pin_list>
<pin id="617" dir="0" index="0" bw="32" slack="0"/>
<pin id="618" dir="1" index="1" bw="23" slack="0"/>
</pin_list>
<bind>
<opcode="trunc(33) " fcode="trunc"/>
<opset="trunc_ln154/4 "/>
</bind>
</comp>

<comp id="620" class="1004" name="icmp_ln154_fu_620">
<pin_list>
<pin id="621" dir="0" index="0" bw="8" slack="0"/>
<pin id="622" dir="0" index="1" bw="8" slack="0"/>
<pin id="623" dir="1" index="2" bw="1" slack="0"/>
</pin_list>
<bind>
<opcode="icmp(45) " fcode="icmp"/>
<opset="icmp_ln154/4 "/>
</bind>
</comp>

<comp id="626" class="1004" name="icmp_ln154_1_fu_626">
<pin_list>
<pin id="627" dir="0" index="0" bw="23" slack="0"/>
<pin id="628" dir="0" index="1" bw="23" slack="0"/>
<pin id="629" dir="1" index="2" bw="1" slack="0"/>
</pin_list>
<bind>
<opcode="icmp(45) " fcode="icmp"/>
<opset="icmp_ln154_1/4 "/>
</bind>
</comp>

<comp id="632" class="1004" name="or_ln154_fu_632">
<pin_list>
<pin id="633" dir="0" index="0" bw="1" slack="0"/>
<pin id="634" dir="0" index="1" bw="1" slack="0"/>
<pin id="635" dir="1" index="2" bw="1" slack="0"/>
</pin_list>
<bind>
<opcode="or(24) " fcode="or"/>
<opset="or_ln154/4 "/>
</bind>
</comp>

<comp id="638" class="1004" name="and_ln154_fu_638">
<pin_list>
<pin id="639" dir="0" index="0" bw="1" slack="0"/>
<pin id="640" dir="0" index="1" bw="1" slack="0"/>
<pin id="641" dir="1" index="2" bw="1" slack="0"/>
</pin_list>
<bind>
<opcode="and(23) " fcode="and"/>
<opset="and_ln154/4 "/>
</bind>
</comp>

<comp id="644" class="1004" name="select_ln154_fu_644">
<pin_list>
<pin id="645" dir="0" index="0" bw="1" slack="0"/>
<pin id="646" dir="0" index="1" bw="32" slack="1"/>
<pin id="647" dir="0" index="2" bw="32" slack="0"/>
<pin id="648" dir="1" index="3" bw="32" slack="0"/>
</pin_list>
<bind>
<opcode="select(49) " fcode="select"/>
<opset="select_ln154/4 "/>
</bind>
</comp>

<comp id="652" class="1004" name="bitcast_ln154_1_fu_652">
<pin_list>
<pin id="653" dir="0" index="0" bw="32" slack="2"/>
<pin id="654" dir="1" index="1" bw="32" slack="0"/>
</pin_list>
<bind>
<opcode="bitcast(44) " fcode="bitcast"/>
<opset="bitcast_ln154_1/5 "/>
</bind>
</comp>

<comp id="655" class="1004" name="tmp_15_fu_655">
<pin_list>
<pin id="656" dir="0" index="0" bw="8" slack="0"/>
<pin id="657" dir="0" index="1" bw="32" slack="0"/>
<pin id="658" dir="0" index="2" bw="6" slack="0"/>
<pin id="659" dir="0" index="3" bw="6" slack="0"/>
<pin id="660" dir="1" index="4" bw="8" slack="0"/>
</pin_list>
<bind>
<opcode="partselect(1002) " fcode="partselect"/>
<opset="tmp_15/5 "/>
</bind>
</comp>

<comp id="665" class="1004" name="trunc_ln154_1_fu_665">
<pin_list>
<pin id="666" dir="0" index="0" bw="32" slack="0"/>
<pin id="667" dir="1" index="1" bw="23" slack="0"/>
</pin_list>
<bind>
<opcode="trunc(33) " fcode="trunc"/>
<opset="trunc_ln154_1/5 "/>
</bind>
</comp>

<comp id="669" class="1004" name="bitcast_ln154_2_fu_669">
<pin_list>
<pin id="670" dir="0" index="0" bw="32" slack="1"/>
<pin id="671" dir="1" index="1" bw="32" slack="0"/>
</pin_list>
<bind>
<opcode="bitcast(44) " fcode="bitcast"/>
<opset="bitcast_ln154_2/5 "/>
</bind>
</comp>

<comp id="672" class="1004" name="tmp_16_fu_672">
<pin_list>
<pin id="673" dir="0" index="0" bw="8" slack="0"/>
<pin id="674" dir="0" index="1" bw="32" slack="0"/>
<pin id="675" dir="0" index="2" bw="6" slack="0"/>
<pin id="676" dir="0" index="3" bw="6" slack="0"/>
<pin id="677" dir="1" index="4" bw="8" slack="0"/>
</pin_list>
<bind>
<opcode="partselect(1002) " fcode="partselect"/>
<opset="tmp_16/5 "/>
</bind>
</comp>

<comp id="682" class="1004" name="trunc_ln154_2_fu_682">
<pin_list>
<pin id="683" dir="0" index="0" bw="32" slack="0"/>
<pin id="684" dir="1" index="1" bw="23" slack="0"/>
</pin_list>
<bind>
<opcode="trunc(33) " fcode="trunc"/>
<opset="trunc_ln154_2/5 "/>
</bind>
</comp>

<comp id="686" class="1004" name="icmp_ln154_2_fu_686">
<pin_list>
<pin id="687" dir="0" index="0" bw="8" slack="0"/>
<pin id="688" dir="0" index="1" bw="8" slack="0"/>
<pin id="689" dir="1" index="2" bw="1" slack="0"/>
</pin_list>
<bind>
<opcode="icmp(45) " fcode="icmp"/>
<opset="icmp_ln154_2/5 "/>
</bind>
</comp>

<comp id="692" class="1004" name="icmp_ln154_3_fu_692">
<pin_list>
<pin id="693" dir="0" index="0" bw="23" slack="0"/>
<pin id="694" dir="0" index="1" bw="23" slack="0"/>
<pin id="695" dir="1" index="2" bw="1" slack="0"/>
</pin_list>
<bind>
<opcode="icmp(45) " fcode="icmp"/>
<opset="icmp_ln154_3/5 "/>
</bind>
</comp>

<comp id="698" class="1004" name="or_ln154_1_fu_698">
<pin_list>
<pin id="699" dir="0" index="0" bw="1" slack="0"/>
<pin id="700" dir="0" index="1" bw="1" slack="0"/>
<pin id="701" dir="1" index="2" bw="1" slack="0"/>
</pin_list>
<bind>
<opcode="or(24) " fcode="or"/>
<opset="or_ln154_1/5 "/>
</bind>
</comp>

<comp id="704" class="1004" name="icmp_ln154_4_fu_704">
<pin_list>
<pin id="705" dir="0" index="0" bw="8" slack="0"/>
<pin id="706" dir="0" index="1" bw="8" slack="0"/>
<pin id="707" dir="1" index="2" bw="1" slack="0"/>
</pin_list>
<bind>
<opcode="icmp(45) " fcode="icmp"/>
<opset="icmp_ln154_4/5 "/>
</bind>
</comp>

<comp id="710" class="1004" name="icmp_ln154_5_fu_710">
<pin_list>
<pin id="711" dir="0" index="0" bw="23" slack="0"/>
<pin id="712" dir="0" index="1" bw="23" slack="0"/>
<pin id="713" dir="1" index="2" bw="1" slack="0"/>
</pin_list>
<bind>
<opcode="icmp(45) " fcode="icmp"/>
<opset="icmp_ln154_5/5 "/>
</bind>
</comp>

<comp id="716" class="1004" name="or_ln154_2_fu_716">
<pin_list>
<pin id="717" dir="0" index="0" bw="1" slack="0"/>
<pin id="718" dir="0" index="1" bw="1" slack="0"/>
<pin id="719" dir="1" index="2" bw="1" slack="0"/>
</pin_list>
<bind>
<opcode="or(24) " fcode="or"/>
<opset="or_ln154_2/5 "/>
</bind>
</comp>

<comp id="722" class="1004" name="and_ln154_1_fu_722">
<pin_list>
<pin id="723" dir="0" index="0" bw="1" slack="0"/>
<pin id="724" dir="0" index="1" bw="1" slack="0"/>
<pin id="725" dir="1" index="2" bw="1" slack="0"/>
</pin_list>
<bind>
<opcode="and(23) " fcode="and"/>
<opset="and_ln154_1/5 "/>
</bind>
</comp>

<comp id="728" class="1004" name="and_ln154_2_fu_728">
<pin_list>
<pin id="729" dir="0" index="0" bw="1" slack="0"/>
<pin id="730" dir="0" index="1" bw="1" slack="0"/>
<pin id="731" dir="1" index="2" bw="1" slack="0"/>
</pin_list>
<bind>
<opcode="and(23) " fcode="and"/>
<opset="and_ln154_2/5 "/>
</bind>
</comp>

<comp id="734" class="1004" name="select_ln154_1_fu_734">
<pin_list>
<pin id="735" dir="0" index="0" bw="1" slack="0"/>
<pin id="736" dir="0" index="1" bw="32" slack="2"/>
<pin id="737" dir="0" index="2" bw="32" slack="1"/>
<pin id="738" dir="1" index="3" bw="32" slack="1"/>
</pin_list>
<bind>
<opcode="select(49) " fcode="select"/>
<opset="select_ln154_1/5 "/>
</bind>
</comp>

<comp id="740" class="1004" name="bitcast_ln154_3_fu_740">
<pin_list>
<pin id="741" dir="0" index="0" bw="32" slack="4"/>
<pin id="742" dir="1" index="1" bw="32" slack="0"/>
</pin_list>
<bind>
<opcode="bitcast(44) " fcode="bitcast"/>
<opset="bitcast_ln154_3/7 "/>
</bind>
</comp>

<comp id="743" class="1004" name="tmp_18_fu_743">
<pin_list>
<pin id="744" dir="0" index="0" bw="8" slack="0"/>
<pin id="745" dir="0" index="1" bw="32" slack="0"/>
<pin id="746" dir="0" index="2" bw="6" slack="0"/>
<pin id="747" dir="0" index="3" bw="6" slack="0"/>
<pin id="748" dir="1" index="4" bw="8" slack="0"/>
</pin_list>
<bind>
<opcode="partselect(1002) " fcode="partselect"/>
<opset="tmp_18/7 "/>
</bind>
</comp>

<comp id="753" class="1004" name="trunc_ln154_3_fu_753">
<pin_list>
<pin id="754" dir="0" index="0" bw="32" slack="0"/>
<pin id="755" dir="1" index="1" bw="23" slack="0"/>
</pin_list>
<bind>
<opcode="trunc(33) " fcode="trunc"/>
<opset="trunc_ln154_3/7 "/>
</bind>
</comp>

<comp id="757" class="1004" name="bitcast_ln154_4_fu_757">
<pin_list>
<pin id="758" dir="0" index="0" bw="32" slack="2"/>
<pin id="759" dir="1" index="1" bw="32" slack="0"/>
</pin_list>
<bind>
<opcode="bitcast(44) " fcode="bitcast"/>
<opset="bitcast_ln154_4/7 "/>
</bind>
</comp>

<comp id="760" class="1004" name="tmp_19_fu_760">
<pin_list>
<pin id="761" dir="0" index="0" bw="8" slack="0"/>
<pin id="762" dir="0" index="1" bw="32" slack="0"/>
<pin id="763" dir="0" index="2" bw="6" slack="0"/>
<pin id="764" dir="0" index="3" bw="6" slack="0"/>
<pin id="765" dir="1" index="4" bw="8" slack="0"/>
</pin_list>
<bind>
<opcode="partselect(1002) " fcode="partselect"/>
<opset="tmp_19/7 "/>
</bind>
</comp>

<comp id="770" class="1004" name="trunc_ln154_4_fu_770">
<pin_list>
<pin id="771" dir="0" index="0" bw="32" slack="0"/>
<pin id="772" dir="1" index="1" bw="23" slack="0"/>
</pin_list>
<bind>
<opcode="trunc(33) " fcode="trunc"/>
<opset="trunc_ln154_4/7 "/>
</bind>
</comp>

<comp id="774" class="1004" name="icmp_ln154_6_fu_774">
<pin_list>
<pin id="775" dir="0" index="0" bw="8" slack="0"/>
<pin id="776" dir="0" index="1" bw="8" slack="0"/>
<pin id="777" dir="1" index="2" bw="1" slack="0"/>
</pin_list>
<bind>
<opcode="icmp(45) " fcode="icmp"/>
<opset="icmp_ln154_6/7 "/>
</bind>
</comp>

<comp id="780" class="1004" name="icmp_ln154_7_fu_780">
<pin_list>
<pin id="781" dir="0" index="0" bw="23" slack="0"/>
<pin id="782" dir="0" index="1" bw="23" slack="0"/>
<pin id="783" dir="1" index="2" bw="1" slack="0"/>
</pin_list>
<bind>
<opcode="icmp(45) " fcode="icmp"/>
<opset="icmp_ln154_7/7 "/>
</bind>
</comp>

<comp id="786" class="1004" name="or_ln154_3_fu_786">
<pin_list>
<pin id="787" dir="0" index="0" bw="1" slack="0"/>
<pin id="788" dir="0" index="1" bw="1" slack="0"/>
<pin id="789" dir="1" index="2" bw="1" slack="0"/>
</pin_list>
<bind>
<opcode="or(24) " fcode="or"/>
<opset="or_ln154_3/7 "/>
</bind>
</comp>

<comp id="792" class="1004" name="icmp_ln154_8_fu_792">
<pin_list>
<pin id="793" dir="0" index="0" bw="8" slack="0"/>
<pin id="794" dir="0" index="1" bw="8" slack="0"/>
<pin id="795" dir="1" index="2" bw="1" slack="0"/>
</pin_list>
<bind>
<opcode="icmp(45) " fcode="icmp"/>
<opset="icmp_ln154_8/7 "/>
</bind>
</comp>

<comp id="798" class="1004" name="icmp_ln154_9_fu_798">
<pin_list>
<pin id="799" dir="0" index="0" bw="23" slack="0"/>
<pin id="800" dir="0" index="1" bw="23" slack="0"/>
<pin id="801" dir="1" index="2" bw="1" slack="0"/>
</pin_list>
<bind>
<opcode="icmp(45) " fcode="icmp"/>
<opset="icmp_ln154_9/7 "/>
</bind>
</comp>

<comp id="804" class="1004" name="or_ln154_4_fu_804">
<pin_list>
<pin id="805" dir="0" index="0" bw="1" slack="0"/>
<pin id="806" dir="0" index="1" bw="1" slack="0"/>
<pin id="807" dir="1" index="2" bw="1" slack="0"/>
</pin_list>
<bind>
<opcode="or(24) " fcode="or"/>
<opset="or_ln154_4/7 "/>
</bind>
</comp>

<comp id="810" class="1004" name="and_ln154_3_fu_810">
<pin_list>
<pin id="811" dir="0" index="0" bw="1" slack="0"/>
<pin id="812" dir="0" index="1" bw="1" slack="0"/>
<pin id="813" dir="1" index="2" bw="1" slack="0"/>
</pin_list>
<bind>
<opcode="and(23) " fcode="and"/>
<opset="and_ln154_3/7 "/>
</bind>
</comp>

<comp id="816" class="1004" name="and_ln154_4_fu_816">
<pin_list>
<pin id="817" dir="0" index="0" bw="1" slack="0"/>
<pin id="818" dir="0" index="1" bw="1" slack="0"/>
<pin id="819" dir="1" index="2" bw="1" slack="0"/>
</pin_list>
<bind>
<opcode="and(23) " fcode="and"/>
<opset="and_ln154_4/7 "/>
</bind>
</comp>

<comp id="822" class="1004" name="select_ln154_2_fu_822">
<pin_list>
<pin id="823" dir="0" index="0" bw="1" slack="0"/>
<pin id="824" dir="0" index="1" bw="32" slack="4"/>
<pin id="825" dir="0" index="2" bw="32" slack="2"/>
<pin id="826" dir="1" index="3" bw="32" slack="1"/>
</pin_list>
<bind>
<opcode="select(49) " fcode="select"/>
<opset="select_ln154_2/7 "/>
</bind>
</comp>

<comp id="828" class="1004" name="zext_ln157_2_fu_828">
<pin_list>
<pin id="829" dir="0" index="0" bw="11" slack="7"/>
<pin id="830" dir="1" index="1" bw="64" slack="0"/>
</pin_list>
<bind>
<opcode="zext(34) " fcode="zext"/>
<opset="zext_ln157_2/9 "/>
</bind>
</comp>

<comp id="832" class="1004" name="bitcast_ln154_5_fu_832">
<pin_list>
<pin id="833" dir="0" index="0" bw="32" slack="6"/>
<pin id="834" dir="1" index="1" bw="32" slack="0"/>
</pin_list>
<bind>
<opcode="bitcast(44) " fcode="bitcast"/>
<opset="bitcast_ln154_5/9 "/>
</bind>
</comp>

<comp id="835" class="1004" name="tmp_21_fu_835">
<pin_list>
<pin id="836" dir="0" index="0" bw="8" slack="0"/>
<pin id="837" dir="0" index="1" bw="32" slack="0"/>
<pin id="838" dir="0" index="2" bw="6" slack="0"/>
<pin id="839" dir="0" index="3" bw="6" slack="0"/>
<pin id="840" dir="1" index="4" bw="8" slack="0"/>
</pin_list>
<bind>
<opcode="partselect(1002) " fcode="partselect"/>
<opset="tmp_21/9 "/>
</bind>
</comp>

<comp id="845" class="1004" name="trunc_ln154_5_fu_845">
<pin_list>
<pin id="846" dir="0" index="0" bw="32" slack="0"/>
<pin id="847" dir="1" index="1" bw="23" slack="0"/>
</pin_list>
<bind>
<opcode="trunc(33) " fcode="trunc"/>
<opset="trunc_ln154_5/9 "/>
</bind>
</comp>

<comp id="849" class="1004" name="bitcast_ln154_6_fu_849">
<pin_list>
<pin id="850" dir="0" index="0" bw="32" slack="2"/>
<pin id="851" dir="1" index="1" bw="32" slack="0"/>
</pin_list>
<bind>
<opcode="bitcast(44) " fcode="bitcast"/>
<opset="bitcast_ln154_6/9 "/>
</bind>
</comp>

<comp id="852" class="1004" name="tmp_22_fu_852">
<pin_list>
<pin id="853" dir="0" index="0" bw="8" slack="0"/>
<pin id="854" dir="0" index="1" bw="32" slack="0"/>
<pin id="855" dir="0" index="2" bw="6" slack="0"/>
<pin id="856" dir="0" index="3" bw="6" slack="0"/>
<pin id="857" dir="1" index="4" bw="8" slack="0"/>
</pin_list>
<bind>
<opcode="partselect(1002) " fcode="partselect"/>
<opset="tmp_22/9 "/>
</bind>
</comp>

<comp id="862" class="1004" name="trunc_ln154_6_fu_862">
<pin_list>
<pin id="863" dir="0" index="0" bw="32" slack="0"/>
<pin id="864" dir="1" index="1" bw="23" slack="0"/>
</pin_list>
<bind>
<opcode="trunc(33) " fcode="trunc"/>
<opset="trunc_ln154_6/9 "/>
</bind>
</comp>

<comp id="866" class="1004" name="icmp_ln154_10_fu_866">
<pin_list>
<pin id="867" dir="0" index="0" bw="8" slack="0"/>
<pin id="868" dir="0" index="1" bw="8" slack="0"/>
<pin id="869" dir="1" index="2" bw="1" slack="0"/>
</pin_list>
<bind>
<opcode="icmp(45) " fcode="icmp"/>
<opset="icmp_ln154_10/9 "/>
</bind>
</comp>

<comp id="872" class="1004" name="icmp_ln154_11_fu_872">
<pin_list>
<pin id="873" dir="0" index="0" bw="23" slack="0"/>
<pin id="874" dir="0" index="1" bw="23" slack="0"/>
<pin id="875" dir="1" index="2" bw="1" slack="0"/>
</pin_list>
<bind>
<opcode="icmp(45) " fcode="icmp"/>
<opset="icmp_ln154_11/9 "/>
</bind>
</comp>

<comp id="878" class="1004" name="or_ln154_5_fu_878">
<pin_list>
<pin id="879" dir="0" index="0" bw="1" slack="0"/>
<pin id="880" dir="0" index="1" bw="1" slack="0"/>
<pin id="881" dir="1" index="2" bw="1" slack="0"/>
</pin_list>
<bind>
<opcode="or(24) " fcode="or"/>
<opset="or_ln154_5/9 "/>
</bind>
</comp>

<comp id="884" class="1004" name="icmp_ln154_12_fu_884">
<pin_list>
<pin id="885" dir="0" index="0" bw="8" slack="0"/>
<pin id="886" dir="0" index="1" bw="8" slack="0"/>
<pin id="887" dir="1" index="2" bw="1" slack="0"/>
</pin_list>
<bind>
<opcode="icmp(45) " fcode="icmp"/>
<opset="icmp_ln154_12/9 "/>
</bind>
</comp>

<comp id="890" class="1004" name="icmp_ln154_13_fu_890">
<pin_list>
<pin id="891" dir="0" index="0" bw="23" slack="0"/>
<pin id="892" dir="0" index="1" bw="23" slack="0"/>
<pin id="893" dir="1" index="2" bw="1" slack="0"/>
</pin_list>
<bind>
<opcode="icmp(45) " fcode="icmp"/>
<opset="icmp_ln154_13/9 "/>
</bind>
</comp>

<comp id="896" class="1004" name="or_ln154_6_fu_896">
<pin_list>
<pin id="897" dir="0" index="0" bw="1" slack="0"/>
<pin id="898" dir="0" index="1" bw="1" slack="0"/>
<pin id="899" dir="1" index="2" bw="1" slack="0"/>
</pin_list>
<bind>
<opcode="or(24) " fcode="or"/>
<opset="or_ln154_6/9 "/>
</bind>
</comp>

<comp id="902" class="1004" name="and_ln154_5_fu_902">
<pin_list>
<pin id="903" dir="0" index="0" bw="1" slack="0"/>
<pin id="904" dir="0" index="1" bw="1" slack="0"/>
<pin id="905" dir="1" index="2" bw="1" slack="0"/>
</pin_list>
<bind>
<opcode="and(23) " fcode="and"/>
<opset="and_ln154_5/9 "/>
</bind>
</comp>

<comp id="908" class="1004" name="and_ln154_6_fu_908">
<pin_list>
<pin id="909" dir="0" index="0" bw="1" slack="0"/>
<pin id="910" dir="0" index="1" bw="1" slack="0"/>
<pin id="911" dir="1" index="2" bw="1" slack="0"/>
</pin_list>
<bind>
<opcode="and(23) " fcode="and"/>
<opset="and_ln154_6/9 "/>
</bind>
</comp>

<comp id="914" class="1004" name="select_ln154_3_fu_914">
<pin_list>
<pin id="915" dir="0" index="0" bw="1" slack="0"/>
<pin id="916" dir="0" index="1" bw="32" slack="6"/>
<pin id="917" dir="0" index="2" bw="32" slack="2"/>
<pin id="918" dir="1" index="3" bw="32" slack="0"/>
</pin_list>
<bind>
<opcode="select(49) " fcode="select"/>
<opset="select_ln154_3/9 "/>
</bind>
</comp>

<comp id="921" class="1005" name="c_reg_921">
<pin_list>
<pin id="922" dir="0" index="0" bw="4" slack="0"/>
<pin id="923" dir="1" index="1" bw="4" slack="0"/>
</pin_list>
<bind>
<opset="c "/>
</bind>
</comp>

<comp id="928" class="1005" name="r_reg_928">
<pin_list>
<pin id="929" dir="0" index="0" bw="4" slack="0"/>
<pin id="930" dir="1" index="1" bw="4" slack="0"/>
</pin_list>
<bind>
<opset="r "/>
</bind>
</comp>

<comp id="935" class="1005" name="indvar_flatten124_reg_935">
<pin_list>
<pin id="936" dir="0" index="0" bw="8" slack="0"/>
<pin id="937" dir="1" index="1" bw="8" slack="0"/>
</pin_list>
<bind>
<opset="indvar_flatten124 "/>
</bind>
</comp>

<comp id="942" class="1005" name="f_reg_942">
<pin_list>
<pin id="943" dir="0" index="0" bw="4" slack="0"/>
<pin id="944" dir="1" index="1" bw="4" slack="0"/>
</pin_list>
<bind>
<opset="f "/>
</bind>
</comp>

<comp id="949" class="1005" name="indvar_flatten148_reg_949">
<pin_list>
<pin id="950" dir="0" index="0" bw="11" slack="0"/>
<pin id="951" dir="1" index="1" bw="11" slack="0"/>
</pin_list>
<bind>
<opset="indvar_flatten148 "/>
</bind>
</comp>

<comp id="956" class="1005" name="icmp_ln147_reg_956">
<pin_list>
<pin id="957" dir="0" index="0" bw="1" slack="1"/>
<pin id="958" dir="1" index="1" bw="1" slack="2147483647"/>
</pin_list>
<bind>
<opset="icmp_ln147 "/>
</bind>
</comp>

<comp id="960" class="1005" name="icmp_ln148_reg_960">
<pin_list>
<pin id="961" dir="0" index="0" bw="1" slack="1"/>
<pin id="962" dir="1" index="1" bw="1" slack="1"/>
</pin_list>
<bind>
<opset="icmp_ln148 "/>
</bind>
</comp>

<comp id="970" class="1005" name="add_ln157_1_reg_970">
<pin_list>
<pin id="971" dir="0" index="0" bw="11" slack="7"/>
<pin id="972" dir="1" index="1" bw="11" slack="7"/>
</pin_list>
<bind>
<opset="add_ln157_1 "/>
</bind>
</comp>

<comp id="975" class="1005" name="layer2_conv_addr_reg_975">
<pin_list>
<pin id="976" dir="0" index="0" bw="13" slack="1"/>
<pin id="977" dir="1" index="1" bw="13" slack="1"/>
</pin_list>
<bind>
<opset="layer2_conv_addr "/>
</bind>
</comp>

<comp id="980" class="1005" name="layer2_conv_addr_1_reg_980">
<pin_list>
<pin id="981" dir="0" index="0" bw="13" slack="1"/>
<pin id="982" dir="1" index="1" bw="13" slack="1"/>
</pin_list>
<bind>
<opset="layer2_conv_addr_1 "/>
</bind>
</comp>

<comp id="985" class="1005" name="layer2_conv_addr_2_reg_985">
<pin_list>
<pin id="986" dir="0" index="0" bw="13" slack="1"/>
<pin id="987" dir="1" index="1" bw="13" slack="1"/>
</pin_list>
<bind>
<opset="layer2_conv_addr_2 "/>
</bind>
</comp>

<comp id="990" class="1005" name="layer2_conv_addr_3_reg_990">
<pin_list>
<pin id="991" dir="0" index="0" bw="13" slack="1"/>
<pin id="992" dir="1" index="1" bw="13" slack="1"/>
</pin_list>
<bind>
<opset="layer2_conv_addr_3 "/>
</bind>
</comp>

<comp id="995" class="1005" name="layer2_conv_load_reg_995">
<pin_list>
<pin id="996" dir="0" index="0" bw="32" slack="1"/>
<pin id="997" dir="1" index="1" bw="32" slack="1"/>
</pin_list>
<bind>
<opset="layer2_conv_load "/>
</bind>
</comp>

<comp id="1002" class="1005" name="layer2_conv_load_1_reg_1002">
<pin_list>
<pin id="1003" dir="0" index="0" bw="32" slack="1"/>
<pin id="1004" dir="1" index="1" bw="32" slack="1"/>
</pin_list>
<bind>
<opset="layer2_conv_load_1 "/>
</bind>
</comp>

<comp id="1009" class="1005" name="layer2_conv_load_2_reg_1009">
<pin_list>
<pin id="1010" dir="0" index="0" bw="32" slack="3"/>
<pin id="1011" dir="1" index="1" bw="32" slack="3"/>
</pin_list>
<bind>
<opset="layer2_conv_load_2 "/>
</bind>
</comp>

<comp id="1016" class="1005" name="layer2_conv_load_3_reg_1016">
<pin_list>
<pin id="1017" dir="0" index="0" bw="32" slack="5"/>
<pin id="1018" dir="1" index="1" bw="32" slack="5"/>
</pin_list>
<bind>
<opset="layer2_conv_load_3 "/>
</bind>
</comp>

<comp id="1023" class="1005" name="select_ln154_reg_1023">
<pin_list>
<pin id="1024" dir="0" index="0" bw="32" slack="1"/>
<pin id="1025" dir="1" index="1" bw="32" slack="1"/>
</pin_list>
<bind>
<opset="select_ln154 "/>
</bind>
</comp>

<comp id="1030" class="1005" name="select_ln154_1_reg_1030">
<pin_list>
<pin id="1031" dir="0" index="0" bw="32" slack="1"/>
<pin id="1032" dir="1" index="1" bw="32" slack="1"/>
</pin_list>
<bind>
<opset="select_ln154_1 "/>
</bind>
</comp>

<comp id="1037" class="1005" name="select_ln154_2_reg_1037">
<pin_list>
<pin id="1038" dir="0" index="0" bw="32" slack="1"/>
<pin id="1039" dir="1" index="1" bw="32" slack="1"/>
</pin_list>
<bind>
<opset="select_ln154_2 "/>
</bind>
</comp>

</comp_list>

<net_list>
<net id="81"><net_src comp="4" pin="0"/><net_sink comp="78" pin=0"/></net>

<net id="85"><net_src comp="4" pin="0"/><net_sink comp="82" pin=0"/></net>

<net id="89"><net_src comp="4" pin="0"/><net_sink comp="86" pin=0"/></net>

<net id="93"><net_src comp="4" pin="0"/><net_sink comp="90" pin=0"/></net>

<net id="97"><net_src comp="4" pin="0"/><net_sink comp="94" pin=0"/></net>

<net id="103"><net_src comp="2" pin="0"/><net_sink comp="98" pin=0"/></net>

<net id="104"><net_src comp="52" pin="0"/><net_sink comp="98" pin=1"/></net>

<net id="110"><net_src comp="2" pin="0"/><net_sink comp="105" pin=0"/></net>

<net id="111"><net_src comp="52" pin="0"/><net_sink comp="105" pin=1"/></net>

<net id="129"><net_src comp="98" pin="3"/><net_sink comp="112" pin=8"/></net>

<net id="135"><net_src comp="2" pin="0"/><net_sink comp="130" pin=0"/></net>

<net id="136"><net_src comp="52" pin="0"/><net_sink comp="130" pin=1"/></net>

<net id="142"><net_src comp="2" pin="0"/><net_sink comp="137" pin=0"/></net>

<net id="143"><net_src comp="52" pin="0"/><net_sink comp="137" pin=1"/></net>

<net id="144"><net_src comp="130" pin="3"/><net_sink comp="112" pin=5"/></net>

<net id="145"><net_src comp="105" pin="3"/><net_sink comp="112" pin=2"/></net>

<net id="146"><net_src comp="137" pin="3"/><net_sink comp="112" pin=0"/></net>

<net id="152"><net_src comp="0" pin="0"/><net_sink comp="147" pin=0"/></net>

<net id="153"><net_src comp="52" pin="0"/><net_sink comp="147" pin=1"/></net>

<net id="159"><net_src comp="147" pin="3"/><net_sink comp="154" pin=0"/></net>

<net id="164"><net_src comp="112" pin="15"/><net_sink comp="160" pin=0"/></net>

<net id="165"><net_src comp="54" pin="0"/><net_sink comp="160" pin=1"/></net>

<net id="182"><net_src comp="6" pin="0"/><net_sink comp="178" pin=0"/></net>

<net id="187"><net_src comp="8" pin="0"/><net_sink comp="183" pin=0"/></net>

<net id="192"><net_src comp="10" pin="0"/><net_sink comp="188" pin=0"/></net>

<net id="197"><net_src comp="8" pin="0"/><net_sink comp="193" pin=0"/></net>

<net id="202"><net_src comp="8" pin="0"/><net_sink comp="198" pin=0"/></net>

<net id="210"><net_src comp="203" pin="1"/><net_sink comp="206" pin=0"/></net>

<net id="211"><net_src comp="12" pin="0"/><net_sink comp="206" pin=1"/></net>

<net id="216"><net_src comp="203" pin="1"/><net_sink comp="212" pin=0"/></net>

<net id="217"><net_src comp="14" pin="0"/><net_sink comp="212" pin=1"/></net>

<net id="225"><net_src comp="218" pin="1"/><net_sink comp="221" pin=0"/></net>

<net id="226"><net_src comp="16" pin="0"/><net_sink comp="221" pin=1"/></net>

<net id="231"><net_src comp="218" pin="1"/><net_sink comp="227" pin=0"/></net>

<net id="232"><net_src comp="18" pin="0"/><net_sink comp="227" pin=1"/></net>

<net id="238"><net_src comp="221" pin="2"/><net_sink comp="233" pin=0"/></net>

<net id="239"><net_src comp="18" pin="0"/><net_sink comp="233" pin=1"/></net>

<net id="240"><net_src comp="227" pin="2"/><net_sink comp="233" pin=2"/></net>

<net id="245"><net_src comp="212" pin="2"/><net_sink comp="241" pin=0"/></net>

<net id="250"><net_src comp="233" pin="3"/><net_sink comp="246" pin=0"/></net>

<net id="259"><net_src comp="20" pin="0"/><net_sink comp="254" pin=0"/></net>

<net id="260"><net_src comp="251" pin="1"/><net_sink comp="254" pin=1"/></net>

<net id="261"><net_src comp="22" pin="0"/><net_sink comp="254" pin=2"/></net>

<net id="266"><net_src comp="254" pin="3"/><net_sink comp="262" pin=0"/></net>

<net id="267"><net_src comp="24" pin="0"/><net_sink comp="262" pin=1"/></net>

<net id="278"><net_src comp="271" pin="1"/><net_sink comp="274" pin=0"/></net>

<net id="279"><net_src comp="34" pin="0"/><net_sink comp="274" pin=1"/></net>

<net id="285"><net_src comp="8" pin="0"/><net_sink comp="280" pin=1"/></net>

<net id="286"><net_src comp="251" pin="1"/><net_sink comp="280" pin=2"/></net>

<net id="292"><net_src comp="274" pin="2"/><net_sink comp="287" pin=1"/></net>

<net id="293"><net_src comp="271" pin="1"/><net_sink comp="287" pin=2"/></net>

<net id="297"><net_src comp="287" pin="3"/><net_sink comp="294" pin=0"/></net>

<net id="301"><net_src comp="287" pin="3"/><net_sink comp="298" pin=0"/></net>

<net id="307"><net_src comp="36" pin="0"/><net_sink comp="302" pin=1"/></net>

<net id="308"><net_src comp="254" pin="3"/><net_sink comp="302" pin=2"/></net>

<net id="314"><net_src comp="24" pin="0"/><net_sink comp="309" pin=1"/></net>

<net id="315"><net_src comp="262" pin="2"/><net_sink comp="309" pin=2"/></net>

<net id="320"><net_src comp="38" pin="0"/><net_sink comp="316" pin=1"/></net>

<net id="325"><net_src comp="268" pin="1"/><net_sink comp="321" pin=0"/></net>

<net id="326"><net_src comp="40" pin="0"/><net_sink comp="321" pin=1"/></net>

<net id="331"><net_src comp="321" pin="2"/><net_sink comp="327" pin=0"/></net>

<net id="332"><net_src comp="316" pin="2"/><net_sink comp="327" pin=1"/></net>

<net id="337"><net_src comp="280" pin="3"/><net_sink comp="333" pin=0"/></net>

<net id="338"><net_src comp="34" pin="0"/><net_sink comp="333" pin=1"/></net>

<net id="343"><net_src comp="327" pin="2"/><net_sink comp="339" pin=0"/></net>

<net id="349"><net_src comp="339" pin="2"/><net_sink comp="344" pin=0"/></net>

<net id="350"><net_src comp="8" pin="0"/><net_sink comp="344" pin=1"/></net>

<net id="351"><net_src comp="268" pin="1"/><net_sink comp="344" pin=2"/></net>

<net id="357"><net_src comp="327" pin="2"/><net_sink comp="352" pin=0"/></net>

<net id="358"><net_src comp="333" pin="2"/><net_sink comp="352" pin=1"/></net>

<net id="359"><net_src comp="280" pin="3"/><net_sink comp="352" pin=2"/></net>

<net id="365"><net_src comp="42" pin="0"/><net_sink comp="360" pin=0"/></net>

<net id="366"><net_src comp="352" pin="3"/><net_sink comp="360" pin=1"/></net>

<net id="367"><net_src comp="8" pin="0"/><net_sink comp="360" pin=2"/></net>

<net id="373"><net_src comp="20" pin="0"/><net_sink comp="368" pin=0"/></net>

<net id="374"><net_src comp="352" pin="3"/><net_sink comp="368" pin=1"/></net>

<net id="375"><net_src comp="22" pin="0"/><net_sink comp="368" pin=2"/></net>

<net id="379"><net_src comp="368" pin="3"/><net_sink comp="376" pin=0"/></net>

<net id="384"><net_src comp="360" pin="3"/><net_sink comp="380" pin=0"/></net>

<net id="385"><net_src comp="376" pin="1"/><net_sink comp="380" pin=1"/></net>

<net id="391"><net_src comp="20" pin="0"/><net_sink comp="386" pin=0"/></net>

<net id="392"><net_src comp="333" pin="2"/><net_sink comp="386" pin=1"/></net>

<net id="393"><net_src comp="22" pin="0"/><net_sink comp="386" pin=2"/></net>

<net id="399"><net_src comp="327" pin="2"/><net_sink comp="394" pin=0"/></net>

<net id="400"><net_src comp="386" pin="3"/><net_sink comp="394" pin=1"/></net>

<net id="401"><net_src comp="302" pin="3"/><net_sink comp="394" pin=2"/></net>

<net id="405"><net_src comp="394" pin="3"/><net_sink comp="402" pin=0"/></net>

<net id="410"><net_src comp="402" pin="1"/><net_sink comp="406" pin=0"/></net>

<net id="411"><net_src comp="44" pin="0"/><net_sink comp="406" pin=1"/></net>

<net id="416"><net_src comp="386" pin="3"/><net_sink comp="412" pin=0"/></net>

<net id="417"><net_src comp="24" pin="0"/><net_sink comp="412" pin=1"/></net>

<net id="423"><net_src comp="327" pin="2"/><net_sink comp="418" pin=0"/></net>

<net id="424"><net_src comp="412" pin="2"/><net_sink comp="418" pin=1"/></net>

<net id="425"><net_src comp="309" pin="3"/><net_sink comp="418" pin=2"/></net>

<net id="429"><net_src comp="418" pin="3"/><net_sink comp="426" pin=0"/></net>

<net id="434"><net_src comp="426" pin="1"/><net_sink comp="430" pin=0"/></net>

<net id="435"><net_src comp="44" pin="0"/><net_sink comp="430" pin=1"/></net>

<net id="439"><net_src comp="344" pin="3"/><net_sink comp="436" pin=0"/></net>

<net id="444"><net_src comp="380" pin="2"/><net_sink comp="440" pin=0"/></net>

<net id="445"><net_src comp="436" pin="1"/><net_sink comp="440" pin=1"/></net>

<net id="451"><net_src comp="46" pin="0"/><net_sink comp="446" pin=0"/></net>

<net id="452"><net_src comp="440" pin="2"/><net_sink comp="446" pin=1"/></net>

<net id="453"><net_src comp="48" pin="0"/><net_sink comp="446" pin=2"/></net>

<net id="458"><net_src comp="446" pin="3"/><net_sink comp="454" pin=0"/></net>

<net id="459"><net_src comp="298" pin="1"/><net_sink comp="454" pin=1"/></net>

<net id="465"><net_src comp="20" pin="0"/><net_sink comp="460" pin=0"/></net>

<net id="466"><net_src comp="344" pin="3"/><net_sink comp="460" pin=1"/></net>

<net id="467"><net_src comp="22" pin="0"/><net_sink comp="460" pin=2"/></net>

<net id="471"><net_src comp="460" pin="3"/><net_sink comp="468" pin=0"/></net>

<net id="476"><net_src comp="406" pin="2"/><net_sink comp="472" pin=0"/></net>

<net id="477"><net_src comp="468" pin="1"/><net_sink comp="472" pin=1"/></net>

<net id="483"><net_src comp="50" pin="0"/><net_sink comp="478" pin=0"/></net>

<net id="484"><net_src comp="472" pin="2"/><net_sink comp="478" pin=1"/></net>

<net id="485"><net_src comp="48" pin="0"/><net_sink comp="478" pin=2"/></net>

<net id="490"><net_src comp="478" pin="3"/><net_sink comp="486" pin=0"/></net>

<net id="491"><net_src comp="294" pin="1"/><net_sink comp="486" pin=1"/></net>

<net id="495"><net_src comp="486" pin="2"/><net_sink comp="492" pin=0"/></net>

<net id="496"><net_src comp="492" pin="1"/><net_sink comp="98" pin=2"/></net>

<net id="501"><net_src comp="430" pin="2"/><net_sink comp="497" pin=0"/></net>

<net id="502"><net_src comp="468" pin="1"/><net_sink comp="497" pin=1"/></net>

<net id="508"><net_src comp="50" pin="0"/><net_sink comp="503" pin=0"/></net>

<net id="509"><net_src comp="497" pin="2"/><net_sink comp="503" pin=1"/></net>

<net id="510"><net_src comp="48" pin="0"/><net_sink comp="503" pin=2"/></net>

<net id="515"><net_src comp="503" pin="3"/><net_sink comp="511" pin=0"/></net>

<net id="516"><net_src comp="294" pin="1"/><net_sink comp="511" pin=1"/></net>

<net id="520"><net_src comp="511" pin="2"/><net_sink comp="517" pin=0"/></net>

<net id="521"><net_src comp="517" pin="1"/><net_sink comp="105" pin=2"/></net>

<net id="526"><net_src comp="460" pin="3"/><net_sink comp="522" pin=0"/></net>

<net id="527"><net_src comp="24" pin="0"/><net_sink comp="522" pin=1"/></net>

<net id="531"><net_src comp="522" pin="2"/><net_sink comp="528" pin=0"/></net>

<net id="536"><net_src comp="406" pin="2"/><net_sink comp="532" pin=0"/></net>

<net id="537"><net_src comp="528" pin="1"/><net_sink comp="532" pin=1"/></net>

<net id="543"><net_src comp="50" pin="0"/><net_sink comp="538" pin=0"/></net>

<net id="544"><net_src comp="532" pin="2"/><net_sink comp="538" pin=1"/></net>

<net id="545"><net_src comp="48" pin="0"/><net_sink comp="538" pin=2"/></net>

<net id="550"><net_src comp="538" pin="3"/><net_sink comp="546" pin=0"/></net>

<net id="551"><net_src comp="294" pin="1"/><net_sink comp="546" pin=1"/></net>

<net id="555"><net_src comp="546" pin="2"/><net_sink comp="552" pin=0"/></net>

<net id="556"><net_src comp="552" pin="1"/><net_sink comp="130" pin=2"/></net>

<net id="561"><net_src comp="430" pin="2"/><net_sink comp="557" pin=0"/></net>

<net id="562"><net_src comp="528" pin="1"/><net_sink comp="557" pin=1"/></net>

<net id="568"><net_src comp="50" pin="0"/><net_sink comp="563" pin=0"/></net>

<net id="569"><net_src comp="557" pin="2"/><net_sink comp="563" pin=1"/></net>

<net id="570"><net_src comp="48" pin="0"/><net_sink comp="563" pin=2"/></net>

<net id="575"><net_src comp="563" pin="3"/><net_sink comp="571" pin=0"/></net>

<net id="576"><net_src comp="294" pin="1"/><net_sink comp="571" pin=1"/></net>

<net id="580"><net_src comp="571" pin="2"/><net_sink comp="577" pin=0"/></net>

<net id="581"><net_src comp="577" pin="1"/><net_sink comp="137" pin=2"/></net>

<net id="586"><net_src comp="344" pin="3"/><net_sink comp="582" pin=0"/></net>

<net id="587"><net_src comp="34" pin="0"/><net_sink comp="582" pin=1"/></net>

<net id="592"><net_src comp="287" pin="3"/><net_sink comp="588" pin=0"/></net>

<net id="597"><net_src comp="352" pin="3"/><net_sink comp="593" pin=0"/></net>

<net id="602"><net_src comp="582" pin="2"/><net_sink comp="598" pin=0"/></net>

<net id="612"><net_src comp="56" pin="0"/><net_sink comp="606" pin=0"/></net>

<net id="613"><net_src comp="603" pin="1"/><net_sink comp="606" pin=1"/></net>

<net id="614"><net_src comp="58" pin="0"/><net_sink comp="606" pin=2"/></net>

<net id="615"><net_src comp="60" pin="0"/><net_sink comp="606" pin=3"/></net>

<net id="619"><net_src comp="603" pin="1"/><net_sink comp="616" pin=0"/></net>

<net id="624"><net_src comp="606" pin="4"/><net_sink comp="620" pin=0"/></net>

<net id="625"><net_src comp="62" pin="0"/><net_sink comp="620" pin=1"/></net>

<net id="630"><net_src comp="616" pin="1"/><net_sink comp="626" pin=0"/></net>

<net id="631"><net_src comp="64" pin="0"/><net_sink comp="626" pin=1"/></net>

<net id="636"><net_src comp="626" pin="2"/><net_sink comp="632" pin=0"/></net>

<net id="637"><net_src comp="620" pin="2"/><net_sink comp="632" pin=1"/></net>

<net id="642"><net_src comp="632" pin="2"/><net_sink comp="638" pin=0"/></net>

<net id="643"><net_src comp="160" pin="2"/><net_sink comp="638" pin=1"/></net>

<net id="649"><net_src comp="638" pin="2"/><net_sink comp="644" pin=0"/></net>

<net id="650"><net_src comp="54" pin="0"/><net_sink comp="644" pin=2"/></net>

<net id="651"><net_src comp="644" pin="3"/><net_sink comp="166" pin=1"/></net>

<net id="661"><net_src comp="56" pin="0"/><net_sink comp="655" pin=0"/></net>

<net id="662"><net_src comp="652" pin="1"/><net_sink comp="655" pin=1"/></net>

<net id="663"><net_src comp="58" pin="0"/><net_sink comp="655" pin=2"/></net>

<net id="664"><net_src comp="60" pin="0"/><net_sink comp="655" pin=3"/></net>

<net id="668"><net_src comp="652" pin="1"/><net_sink comp="665" pin=0"/></net>

<net id="678"><net_src comp="56" pin="0"/><net_sink comp="672" pin=0"/></net>

<net id="679"><net_src comp="669" pin="1"/><net_sink comp="672" pin=1"/></net>

<net id="680"><net_src comp="58" pin="0"/><net_sink comp="672" pin=2"/></net>

<net id="681"><net_src comp="60" pin="0"/><net_sink comp="672" pin=3"/></net>

<net id="685"><net_src comp="669" pin="1"/><net_sink comp="682" pin=0"/></net>

<net id="690"><net_src comp="655" pin="4"/><net_sink comp="686" pin=0"/></net>

<net id="691"><net_src comp="62" pin="0"/><net_sink comp="686" pin=1"/></net>

<net id="696"><net_src comp="665" pin="1"/><net_sink comp="692" pin=0"/></net>

<net id="697"><net_src comp="64" pin="0"/><net_sink comp="692" pin=1"/></net>

<net id="702"><net_src comp="692" pin="2"/><net_sink comp="698" pin=0"/></net>

<net id="703"><net_src comp="686" pin="2"/><net_sink comp="698" pin=1"/></net>

<net id="708"><net_src comp="672" pin="4"/><net_sink comp="704" pin=0"/></net>

<net id="709"><net_src comp="62" pin="0"/><net_sink comp="704" pin=1"/></net>

<net id="714"><net_src comp="682" pin="1"/><net_sink comp="710" pin=0"/></net>

<net id="715"><net_src comp="64" pin="0"/><net_sink comp="710" pin=1"/></net>

<net id="720"><net_src comp="710" pin="2"/><net_sink comp="716" pin=0"/></net>

<net id="721"><net_src comp="704" pin="2"/><net_sink comp="716" pin=1"/></net>

<net id="726"><net_src comp="698" pin="2"/><net_sink comp="722" pin=0"/></net>

<net id="727"><net_src comp="716" pin="2"/><net_sink comp="722" pin=1"/></net>

<net id="732"><net_src comp="722" pin="2"/><net_sink comp="728" pin=0"/></net>

<net id="733"><net_src comp="166" pin="2"/><net_sink comp="728" pin=1"/></net>

<net id="739"><net_src comp="728" pin="2"/><net_sink comp="734" pin=0"/></net>

<net id="749"><net_src comp="56" pin="0"/><net_sink comp="743" pin=0"/></net>

<net id="750"><net_src comp="740" pin="1"/><net_sink comp="743" pin=1"/></net>

<net id="751"><net_src comp="58" pin="0"/><net_sink comp="743" pin=2"/></net>

<net id="752"><net_src comp="60" pin="0"/><net_sink comp="743" pin=3"/></net>

<net id="756"><net_src comp="740" pin="1"/><net_sink comp="753" pin=0"/></net>

<net id="766"><net_src comp="56" pin="0"/><net_sink comp="760" pin=0"/></net>

<net id="767"><net_src comp="757" pin="1"/><net_sink comp="760" pin=1"/></net>

<net id="768"><net_src comp="58" pin="0"/><net_sink comp="760" pin=2"/></net>

<net id="769"><net_src comp="60" pin="0"/><net_sink comp="760" pin=3"/></net>

<net id="773"><net_src comp="757" pin="1"/><net_sink comp="770" pin=0"/></net>

<net id="778"><net_src comp="743" pin="4"/><net_sink comp="774" pin=0"/></net>

<net id="779"><net_src comp="62" pin="0"/><net_sink comp="774" pin=1"/></net>

<net id="784"><net_src comp="753" pin="1"/><net_sink comp="780" pin=0"/></net>

<net id="785"><net_src comp="64" pin="0"/><net_sink comp="780" pin=1"/></net>

<net id="790"><net_src comp="780" pin="2"/><net_sink comp="786" pin=0"/></net>

<net id="791"><net_src comp="774" pin="2"/><net_sink comp="786" pin=1"/></net>

<net id="796"><net_src comp="760" pin="4"/><net_sink comp="792" pin=0"/></net>

<net id="797"><net_src comp="62" pin="0"/><net_sink comp="792" pin=1"/></net>

<net id="802"><net_src comp="770" pin="1"/><net_sink comp="798" pin=0"/></net>

<net id="803"><net_src comp="64" pin="0"/><net_sink comp="798" pin=1"/></net>

<net id="808"><net_src comp="798" pin="2"/><net_sink comp="804" pin=0"/></net>

<net id="809"><net_src comp="792" pin="2"/><net_sink comp="804" pin=1"/></net>

<net id="814"><net_src comp="786" pin="2"/><net_sink comp="810" pin=0"/></net>

<net id="815"><net_src comp="804" pin="2"/><net_sink comp="810" pin=1"/></net>

<net id="820"><net_src comp="810" pin="2"/><net_sink comp="816" pin=0"/></net>

<net id="821"><net_src comp="170" pin="2"/><net_sink comp="816" pin=1"/></net>

<net id="827"><net_src comp="816" pin="2"/><net_sink comp="822" pin=0"/></net>

<net id="831"><net_src comp="828" pin="1"/><net_sink comp="147" pin=2"/></net>

<net id="841"><net_src comp="56" pin="0"/><net_sink comp="835" pin=0"/></net>

<net id="842"><net_src comp="832" pin="1"/><net_sink comp="835" pin=1"/></net>

<net id="843"><net_src comp="58" pin="0"/><net_sink comp="835" pin=2"/></net>

<net id="844"><net_src comp="60" pin="0"/><net_sink comp="835" pin=3"/></net>

<net id="848"><net_src comp="832" pin="1"/><net_sink comp="845" pin=0"/></net>

<net id="858"><net_src comp="56" pin="0"/><net_sink comp="852" pin=0"/></net>

<net id="859"><net_src comp="849" pin="1"/><net_sink comp="852" pin=1"/></net>

<net id="860"><net_src comp="58" pin="0"/><net_sink comp="852" pin=2"/></net>

<net id="861"><net_src comp="60" pin="0"/><net_sink comp="852" pin=3"/></net>

<net id="865"><net_src comp="849" pin="1"/><net_sink comp="862" pin=0"/></net>

<net id="870"><net_src comp="835" pin="4"/><net_sink comp="866" pin=0"/></net>

<net id="871"><net_src comp="62" pin="0"/><net_sink comp="866" pin=1"/></net>

<net id="876"><net_src comp="845" pin="1"/><net_sink comp="872" pin=0"/></net>

<net id="877"><net_src comp="64" pin="0"/><net_sink comp="872" pin=1"/></net>

<net id="882"><net_src comp="872" pin="2"/><net_sink comp="878" pin=0"/></net>

<net id="883"><net_src comp="866" pin="2"/><net_sink comp="878" pin=1"/></net>

<net id="888"><net_src comp="852" pin="4"/><net_sink comp="884" pin=0"/></net>

<net id="889"><net_src comp="62" pin="0"/><net_sink comp="884" pin=1"/></net>

<net id="894"><net_src comp="862" pin="1"/><net_sink comp="890" pin=0"/></net>

<net id="895"><net_src comp="64" pin="0"/><net_sink comp="890" pin=1"/></net>

<net id="900"><net_src comp="890" pin="2"/><net_sink comp="896" pin=0"/></net>

<net id="901"><net_src comp="884" pin="2"/><net_sink comp="896" pin=1"/></net>

<net id="906"><net_src comp="878" pin="2"/><net_sink comp="902" pin=0"/></net>

<net id="907"><net_src comp="896" pin="2"/><net_sink comp="902" pin=1"/></net>

<net id="912"><net_src comp="902" pin="2"/><net_sink comp="908" pin=0"/></net>

<net id="913"><net_src comp="174" pin="2"/><net_sink comp="908" pin=1"/></net>

<net id="919"><net_src comp="908" pin="2"/><net_sink comp="914" pin=0"/></net>

<net id="920"><net_src comp="914" pin="3"/><net_sink comp="154" pin=1"/></net>

<net id="924"><net_src comp="78" pin="1"/><net_sink comp="921" pin=0"/></net>

<net id="925"><net_src comp="921" pin="1"/><net_sink comp="198" pin=1"/></net>

<net id="926"><net_src comp="921" pin="1"/><net_sink comp="268" pin=0"/></net>

<net id="927"><net_src comp="921" pin="1"/><net_sink comp="598" pin=1"/></net>

<net id="931"><net_src comp="82" pin="1"/><net_sink comp="928" pin=0"/></net>

<net id="932"><net_src comp="928" pin="1"/><net_sink comp="193" pin=1"/></net>

<net id="933"><net_src comp="928" pin="1"/><net_sink comp="251" pin=0"/></net>

<net id="934"><net_src comp="928" pin="1"/><net_sink comp="593" pin=1"/></net>

<net id="938"><net_src comp="86" pin="1"/><net_sink comp="935" pin=0"/></net>

<net id="939"><net_src comp="935" pin="1"/><net_sink comp="188" pin=1"/></net>

<net id="940"><net_src comp="935" pin="1"/><net_sink comp="218" pin=0"/></net>

<net id="941"><net_src comp="935" pin="1"/><net_sink comp="246" pin=1"/></net>

<net id="945"><net_src comp="90" pin="1"/><net_sink comp="942" pin=0"/></net>

<net id="946"><net_src comp="942" pin="1"/><net_sink comp="183" pin=1"/></net>

<net id="947"><net_src comp="942" pin="1"/><net_sink comp="271" pin=0"/></net>

<net id="948"><net_src comp="942" pin="1"/><net_sink comp="588" pin=1"/></net>

<net id="952"><net_src comp="94" pin="1"/><net_sink comp="949" pin=0"/></net>

<net id="953"><net_src comp="949" pin="1"/><net_sink comp="178" pin=1"/></net>

<net id="954"><net_src comp="949" pin="1"/><net_sink comp="203" pin=0"/></net>

<net id="955"><net_src comp="949" pin="1"/><net_sink comp="241" pin=1"/></net>

<net id="959"><net_src comp="206" pin="2"/><net_sink comp="956" pin=0"/></net>

<net id="963"><net_src comp="221" pin="2"/><net_sink comp="960" pin=0"/></net>

<net id="964"><net_src comp="960" pin="1"/><net_sink comp="280" pin=0"/></net>

<net id="965"><net_src comp="960" pin="1"/><net_sink comp="287" pin=0"/></net>

<net id="966"><net_src comp="960" pin="1"/><net_sink comp="302" pin=0"/></net>

<net id="967"><net_src comp="960" pin="1"/><net_sink comp="309" pin=0"/></net>

<net id="968"><net_src comp="960" pin="1"/><net_sink comp="316" pin=0"/></net>

<net id="969"><net_src comp="960" pin="1"/><net_sink comp="339" pin=1"/></net>

<net id="973"><net_src comp="454" pin="2"/><net_sink comp="970" pin=0"/></net>

<net id="974"><net_src comp="970" pin="1"/><net_sink comp="828" pin=0"/></net>

<net id="978"><net_src comp="98" pin="3"/><net_sink comp="975" pin=0"/></net>

<net id="979"><net_src comp="975" pin="1"/><net_sink comp="112" pin=8"/></net>

<net id="983"><net_src comp="105" pin="3"/><net_sink comp="980" pin=0"/></net>

<net id="984"><net_src comp="980" pin="1"/><net_sink comp="112" pin=2"/></net>

<net id="988"><net_src comp="130" pin="3"/><net_sink comp="985" pin=0"/></net>

<net id="989"><net_src comp="985" pin="1"/><net_sink comp="112" pin=5"/></net>

<net id="993"><net_src comp="137" pin="3"/><net_sink comp="990" pin=0"/></net>

<net id="994"><net_src comp="990" pin="1"/><net_sink comp="112" pin=0"/></net>

<net id="998"><net_src comp="112" pin="15"/><net_sink comp="995" pin=0"/></net>

<net id="999"><net_src comp="995" pin="1"/><net_sink comp="603" pin=0"/></net>

<net id="1000"><net_src comp="995" pin="1"/><net_sink comp="160" pin=0"/></net>

<net id="1001"><net_src comp="995" pin="1"/><net_sink comp="644" pin=1"/></net>

<net id="1005"><net_src comp="112" pin="11"/><net_sink comp="1002" pin=0"/></net>

<net id="1006"><net_src comp="1002" pin="1"/><net_sink comp="166" pin=0"/></net>

<net id="1007"><net_src comp="1002" pin="1"/><net_sink comp="652" pin=0"/></net>

<net id="1008"><net_src comp="1002" pin="1"/><net_sink comp="734" pin=1"/></net>

<net id="1012"><net_src comp="112" pin="7"/><net_sink comp="1009" pin=0"/></net>

<net id="1013"><net_src comp="1009" pin="1"/><net_sink comp="170" pin=0"/></net>

<net id="1014"><net_src comp="1009" pin="1"/><net_sink comp="740" pin=0"/></net>

<net id="1015"><net_src comp="1009" pin="1"/><net_sink comp="822" pin=1"/></net>

<net id="1019"><net_src comp="112" pin="3"/><net_sink comp="1016" pin=0"/></net>

<net id="1020"><net_src comp="1016" pin="1"/><net_sink comp="174" pin=0"/></net>

<net id="1021"><net_src comp="1016" pin="1"/><net_sink comp="832" pin=0"/></net>

<net id="1022"><net_src comp="1016" pin="1"/><net_sink comp="914" pin=1"/></net>

<net id="1026"><net_src comp="644" pin="3"/><net_sink comp="1023" pin=0"/></net>

<net id="1027"><net_src comp="1023" pin="1"/><net_sink comp="669" pin=0"/></net>

<net id="1028"><net_src comp="1023" pin="1"/><net_sink comp="166" pin=1"/></net>

<net id="1029"><net_src comp="1023" pin="1"/><net_sink comp="734" pin=2"/></net>

<net id="1033"><net_src comp="734" pin="3"/><net_sink comp="1030" pin=0"/></net>

<net id="1034"><net_src comp="1030" pin="1"/><net_sink comp="170" pin=1"/></net>

<net id="1035"><net_src comp="1030" pin="1"/><net_sink comp="757" pin=0"/></net>

<net id="1036"><net_src comp="1030" pin="1"/><net_sink comp="822" pin=2"/></net>

<net id="1040"><net_src comp="822" pin="3"/><net_sink comp="1037" pin=0"/></net>

<net id="1041"><net_src comp="1037" pin="1"/><net_sink comp="174" pin=1"/></net>

<net id="1042"><net_src comp="1037" pin="1"/><net_sink comp="849" pin=0"/></net>

<net id="1043"><net_src comp="1037" pin="1"/><net_sink comp="914" pin=2"/></net>

</net_list>

</model> 
---------------- Datapath Model END ------------------

* FSMD analyzer results:
  - Output states:
	Port: layer2_pool | {9 }
 - Input state : 
	Port: cnn_predict_Pipeline_VITIS_LOOP_147_17_VITIS_LOOP_148_18_VITIS_LOOP_149_19 : layer2_conv | {2 3 }
  - Chain level:
	State 1
		store_ln0 : 1
		store_ln0 : 1
		store_ln0 : 1
		store_ln0 : 1
		store_ln0 : 1
		indvar_flatten148_load : 1
		icmp_ln147 : 2
		add_ln147_1 : 2
		br_ln147 : 3
		indvar_flatten124_load : 1
		icmp_ln148 : 2
		add_ln148_1 : 2
		select_ln148_4 : 3
		store_ln149 : 3
		store_ln149 : 4
	State 2
		tmp_s : 1
		empty : 2
		add_ln147 : 1
		select_ln147 : 1
		select_ln147_1 : 2
		zext_ln147 : 3
		zext_ln147_1 : 3
		select_ln147_2 : 2
		select_ln147_3 : 2
		icmp_ln149 : 1
		and_ln147 : 2
		add_ln148 : 2
		or_ln148 : 2
		select_ln148 : 2
		select_ln148_1 : 2
		tmp : 3
		tmp_1 : 3
		zext_ln157 : 4
		sub_ln157 : 5
		p_mid2 : 3
		select_ln148_2 : 4
		zext_ln153 : 5
		mul_ln153 : 6
		p_mid1122 : 4
		select_ln148_3 : 4
		zext_ln153_1 : 5
		mul_ln153_1 : 6
		zext_ln157_1 : 3
		add_ln157 : 6
		tmp_7 : 7
		add_ln157_1 : 8
		tmp_8 : 3
		zext_ln153_2 : 4
		add_ln153 : 5
		tmp_9 : 6
		add_ln153_1 : 7
		zext_ln153_3 : 8
		layer2_conv_addr : 9
		add_ln153_2 : 7
		tmp_10 : 8
		add_ln153_3 : 9
		zext_ln153_4 : 10
		layer2_conv_addr_1 : 11
		layer2_conv_load : 10
		or_ln153 : 4
		zext_ln153_5 : 4
		add_ln153_4 : 5
		tmp_13 : 6
		add_ln153_5 : 7
		zext_ln153_6 : 8
		layer2_conv_addr_2 : 9
		add_ln153_6 : 5
		tmp_14 : 6
		add_ln153_7 : 7
		zext_ln153_7 : 8
		layer2_conv_addr_3 : 9
		layer2_conv_load_1 : 10
		layer2_conv_load_2 : 12
		layer2_conv_load_3 : 10
		add_ln149 : 3
		store_ln149 : 3
		store_ln149 : 3
		store_ln149 : 4
	State 3
		tmp_12 : 1
	State 4
		tmp_11 : 1
		trunc_ln154 : 1
		icmp_ln154 : 2
		icmp_ln154_1 : 2
		or_ln154 : 3
		and_ln154 : 3
		select_ln154 : 3
		tmp_17 : 4
	State 5
		tmp_15 : 1
		trunc_ln154_1 : 1
		tmp_16 : 1
		trunc_ln154_2 : 1
		icmp_ln154_2 : 2
		icmp_ln154_3 : 2
		or_ln154_1 : 3
		icmp_ln154_4 : 2
		icmp_ln154_5 : 2
		or_ln154_2 : 3
		and_ln154_1 : 3
		and_ln154_2 : 3
		select_ln154_1 : 3
	State 6
	State 7
		tmp_18 : 1
		trunc_ln154_3 : 1
		tmp_19 : 1
		trunc_ln154_4 : 1
		icmp_ln154_6 : 2
		icmp_ln154_7 : 2
		or_ln154_3 : 3
		icmp_ln154_8 : 2
		icmp_ln154_9 : 2
		or_ln154_4 : 3
		and_ln154_3 : 3
		and_ln154_4 : 3
		select_ln154_2 : 3
	State 8
	State 9
		layer2_pool_addr : 1
		tmp_21 : 1
		trunc_ln154_5 : 1
		tmp_22 : 1
		trunc_ln154_6 : 1
		icmp_ln154_10 : 2
		icmp_ln154_11 : 2
		or_ln154_5 : 3
		icmp_ln154_12 : 2
		icmp_ln154_13 : 2
		or_ln154_6 : 3
		and_ln154_5 : 3
		and_ln154_6 : 3
		select_ln154_3 : 3
		store_ln157 : 4


============================================================
+ Verbose Summary: Datapath Resource usage 
============================================================

* Functional unit list:
|----------|-----------------------|---------|---------|---------|
| Operation|    Functional Unit    |   DSP   |    FF   |   LUT   |
|----------|-----------------------|---------|---------|---------|
|          |   add_ln147_1_fu_212  |    0    |    0    |    18   |
|          |   add_ln148_1_fu_227  |    0    |    0    |    15   |
|          |    add_ln147_fu_274   |    0    |    0    |    12   |
|          |    add_ln148_fu_333   |    0    |    0    |    12   |
|          |    add_ln157_fu_440   |    0    |    0    |    19   |
|          |   add_ln157_1_fu_454  |    0    |    0    |    18   |
|          |    add_ln153_fu_472   |    0    |    0    |    17   |
|    add   |   add_ln153_1_fu_486  |    0    |    0    |    20   |
|          |   add_ln153_2_fu_497  |    0    |    0    |    17   |
|          |   add_ln153_3_fu_511  |    0    |    0    |    20   |
|          |   add_ln153_4_fu_532  |    0    |    0    |    17   |
|          |   add_ln153_5_fu_546  |    0    |    0    |    20   |
|          |   add_ln153_6_fu_557  |    0    |    0    |    17   |
|          |   add_ln153_7_fu_571  |    0    |    0    |    20   |
|          |    add_ln149_fu_582   |    0    |    0    |    12   |
|----------|-----------------------|---------|---------|---------|
|          |   icmp_ln147_fu_206   |    0    |    0    |    11   |
|          |   icmp_ln148_fu_221   |    0    |    0    |    11   |
|          |   icmp_ln149_fu_321   |    0    |    0    |    9    |
|          |   icmp_ln154_fu_620   |    0    |    0    |    11   |
|          |  icmp_ln154_1_fu_626  |    0    |    0    |    16   |
|          |  icmp_ln154_2_fu_686  |    0    |    0    |    11   |
|          |  icmp_ln154_3_fu_692  |    0    |    0    |    16   |
|          |  icmp_ln154_4_fu_704  |    0    |    0    |    11   |
|   icmp   |  icmp_ln154_5_fu_710  |    0    |    0    |    16   |
|          |  icmp_ln154_6_fu_774  |    0    |    0    |    11   |
|          |  icmp_ln154_7_fu_780  |    0    |    0    |    16   |
|          |  icmp_ln154_8_fu_792  |    0    |    0    |    11   |
|          |  icmp_ln154_9_fu_798  |    0    |    0    |    16   |
|          |  icmp_ln154_10_fu_866 |    0    |    0    |    11   |
|          |  icmp_ln154_11_fu_872 |    0    |    0    |    16   |
|          |  icmp_ln154_12_fu_884 |    0    |    0    |    11   |
|          |  icmp_ln154_13_fu_890 |    0    |    0    |    16   |
|----------|-----------------------|---------|---------|---------|
|          | select_ln148_4_fu_233 |    0    |    0    |    8    |
|          |  select_ln147_fu_280  |    0    |    0    |    4    |
|          | select_ln147_1_fu_287 |    0    |    0    |    4    |
|          | select_ln147_2_fu_302 |    0    |    0    |    5    |
|          | select_ln147_3_fu_309 |    0    |    0    |    5    |
|          |  select_ln148_fu_344  |    0    |    0    |    4    |
|  select  | select_ln148_1_fu_352 |    0    |    0    |    4    |
|          | select_ln148_2_fu_394 |    0    |    0    |    5    |
|          | select_ln148_3_fu_418 |    0    |    0    |    5    |
|          |  select_ln154_fu_644  |    0    |    0    |    32   |
|          | select_ln154_1_fu_734 |    0    |    0    |    32   |
|          | select_ln154_2_fu_822 |    0    |    0    |    32   |
|          | select_ln154_3_fu_914 |    0    |    0    |    32   |
|----------|-----------------------|---------|---------|---------|
|    mul   |    mul_ln153_fu_406   |    0    |    0    |    23   |
|          |   mul_ln153_1_fu_430  |    0    |    0    |    23   |
|----------|-----------------------|---------|---------|---------|
|    sub   |    sub_ln157_fu_380   |    0    |    0    |    19   |
|----------|-----------------------|---------|---------|---------|
|          |      empty_fu_262     |    0    |    0    |    0    |
|          |    or_ln148_fu_339    |    0    |    0    |    2    |
|          |    p_mid1122_fu_412   |    0    |    0    |    0    |
|          |    or_ln153_fu_522    |    0    |    0    |    0    |
|          |    or_ln154_fu_632    |    0    |    0    |    2    |
|    or    |   or_ln154_1_fu_698   |    0    |    0    |    2    |
|          |   or_ln154_2_fu_716   |    0    |    0    |    2    |
|          |   or_ln154_3_fu_786   |    0    |    0    |    2    |
|          |   or_ln154_4_fu_804   |    0    |    0    |    2    |
|          |   or_ln154_5_fu_878   |    0    |    0    |    2    |
|          |   or_ln154_6_fu_896   |    0    |    0    |    2    |
|----------|-----------------------|---------|---------|---------|
|          |    and_ln147_fu_327   |    0    |    0    |    2    |
|          |    and_ln154_fu_638   |    0    |    0    |    2    |
|          |   and_ln154_1_fu_722  |    0    |    0    |    2    |
|    and   |   and_ln154_2_fu_728  |    0    |    0    |    2    |
|          |   and_ln154_3_fu_810  |    0    |    0    |    2    |
|          |   and_ln154_4_fu_816  |    0    |    0    |    2    |
|          |   and_ln154_5_fu_902  |    0    |    0    |    2    |
|          |   and_ln154_6_fu_908  |    0    |    0    |    2    |
|----------|-----------------------|---------|---------|---------|
|    xor   |    xor_ln147_fu_316   |    0    |    0    |    2    |
|----------|-----------------------|---------|---------|---------|
|          |       grp_fu_160      |    0    |    0    |    0    |
|   fcmp   |       grp_fu_166      |    0    |    0    |    0    |
|          |       grp_fu_170      |    0    |    0    |    0    |
|          |       grp_fu_174      |    0    |    0    |    0    |
|----------|-----------------------|---------|---------|---------|
|          |      tmp_s_fu_254     |    0    |    0    |    0    |
|          |       tmp_fu_360      |    0    |    0    |    0    |
|          |      tmp_1_fu_368     |    0    |    0    |    0    |
|          |     p_mid2_fu_386     |    0    |    0    |    0    |
|bitconcatenate|      tmp_7_fu_446     |    0    |    0    |    0    |
|          |      tmp_8_fu_460     |    0    |    0    |    0    |
|          |      tmp_9_fu_478     |    0    |    0    |    0    |
|          |     tmp_10_fu_503     |    0    |    0    |    0    |
|          |     tmp_13_fu_538     |    0    |    0    |    0    |
|          |     tmp_14_fu_563     |    0    |    0    |    0    |
|----------|-----------------------|---------|---------|---------|
|          |   zext_ln147_fu_294   |    0    |    0    |    0    |
|          |  zext_ln147_1_fu_298  |    0    |    0    |    0    |
|          |   zext_ln157_fu_376   |    0    |    0    |    0    |
|          |   zext_ln153_fu_402   |    0    |    0    |    0    |
|          |  zext_ln153_1_fu_426  |    0    |    0    |    0    |
|          |  zext_ln157_1_fu_436  |    0    |    0    |    0    |
|   zext   |  zext_ln153_2_fu_468  |    0    |    0    |    0    |
|          |  zext_ln153_3_fu_492  |    0    |    0    |    0    |
|          |  zext_ln153_4_fu_517  |    0    |    0    |    0    |
|          |  zext_ln153_5_fu_528  |    0    |    0    |    0    |
|          |  zext_ln153_6_fu_552  |    0    |    0    |    0    |
|          |  zext_ln153_7_fu_577  |    0    |    0    |    0    |
|          |  zext_ln157_2_fu_828  |    0    |    0    |    0    |
|----------|-----------------------|---------|---------|---------|
|          |     tmp_11_fu_606     |    0    |    0    |    0    |
|          |     tmp_15_fu_655     |    0    |    0    |    0    |
|          |     tmp_16_fu_672     |    0    |    0    |    0    |
|partselect|     tmp_18_fu_743     |    0    |    0    |    0    |
|          |     tmp_19_fu_760     |    0    |    0    |    0    |
|          |     tmp_21_fu_835     |    0    |    0    |    0    |
|          |     tmp_22_fu_852     |    0    |    0    |    0    |
|----------|-----------------------|---------|---------|---------|
|          |   trunc_ln154_fu_616  |    0    |    0    |    0    |
|          |  trunc_ln154_1_fu_665 |    0    |    0    |    0    |
|          |  trunc_ln154_2_fu_682 |    0    |    0    |    0    |
|   trunc  |  trunc_ln154_3_fu_753 |    0    |    0    |    0    |
|          |  trunc_ln154_4_fu_770 |    0    |    0    |    0    |
|          |  trunc_ln154_5_fu_845 |    0    |    0    |    0    |
|          |  trunc_ln154_6_fu_862 |    0    |    0    |    0    |
|----------|-----------------------|---------|---------|---------|
|   Total  |                       |    0    |    0    |   745   |
|----------|-----------------------|---------|---------|---------|

Memories:
N/A

* Register list:
+---------------------------+--------+
|                           |   FF   |
+---------------------------+--------+
|    add_ln157_1_reg_970    |   11   |
|         c_reg_921         |    4   |
|         f_reg_942         |    4   |
|     icmp_ln147_reg_956    |    1   |
|     icmp_ln148_reg_960    |    1   |
| indvar_flatten124_reg_935 |    8   |
| indvar_flatten148_reg_949 |   11   |
| layer2_conv_addr_1_reg_980|   13   |
| layer2_conv_addr_2_reg_985|   13   |
| layer2_conv_addr_3_reg_990|   13   |
|  layer2_conv_addr_reg_975 |   13   |
|layer2_conv_load_1_reg_1002|   32   |
|layer2_conv_load_2_reg_1009|   32   |
|layer2_conv_load_3_reg_1016|   32   |
|  layer2_conv_load_reg_995 |   32   |
|         r_reg_928         |    4   |
|  select_ln154_1_reg_1030  |   32   |
|  select_ln154_2_reg_1037  |   32   |
|   select_ln154_reg_1023   |   32   |
+---------------------------+--------+
|           Total           |   320  |
+---------------------------+--------+

* Multiplexer (MUX) list: 
|-------------------|------|------|------|--------||---------||---------|
|        Comp       |  Pin | Size |  BW  | S x BW ||  Delay  ||   LUT   |
|-------------------|------|------|------|--------||---------||---------|
| grp_access_fu_112 |  p0  |   2  |  13  |   26   ||    9    |
| grp_access_fu_112 |  p2  |   2  |   0  |    0   ||    9    |
| grp_access_fu_112 |  p5  |   2  |  32  |   64   ||    9    |
| grp_access_fu_112 |  p8  |   2  |  13  |   26   ||    9    |
|     grp_fu_160    |  p0  |   2  |  32  |   64   ||    9    |
|     grp_fu_166    |  p1  |   2  |  32  |   64   ||    9    |
|-------------------|------|------|------|--------||---------||---------|
|       Total       |      |      |      |   244  ||  2.934  ||    54   |
|-------------------|------|------|------|--------||---------||---------|



* Summary:
+-----------+--------+--------+--------+--------+
|           |   DSP  |  Delay |   FF   |   LUT  |
+-----------+--------+--------+--------+--------+
|  Function |    0   |    -   |    0   |   745  |
|   Memory  |    -   |    -   |    -   |    -   |
|Multiplexer|    -   |    2   |    -   |   54   |
|  Register |    -   |    -   |   320  |    -   |
+-----------+--------+--------+--------+--------+
|   Total   |    0   |    2   |   320  |   799  |
+-----------+--------+--------+--------+--------+
