Copyright 1986-2022 Xilinx, Inc. All Rights Reserved.
--------------------------------------------------------------------------------------------------------------------------------------------------------------------------------------------------------------------------------------------------
| Tool Version      : Vivado v.2022.2 (lin64) Build 3671981 Fri Oct 14 04:59:54 MDT 2022
| Date              : Tue Nov 25 14:06:21 2025
| Host              : dani-ASUS-TUF-Gaming-A15 running 64-bit Ubuntu 22.04.5 LTS
| Command           : report_timing_summary -max_paths 10 -report_unconstrained -file design_1_wrapper_timing_summary_routed.rpt -pb design_1_wrapper_timing_summary_routed.pb -rpx design_1_wrapper_timing_summary_routed.rpx -warn_on_violation
| Design            : design_1_wrapper
| Device            : xczu3eg-sbva484
| Speed File        : -1  PRODUCTION 1.30 05-15-2022
| Temperature Grade : I
--------------------------------------------------------------------------------------------------------------------------------------------------------------------------------------------------------------------------------------------------

Timing Summary Report

------------------------------------------------------------------------------------------------
| Timer Settings
| --------------
------------------------------------------------------------------------------------------------

  Enable Multi Corner Analysis               :  Yes
  Enable Pessimism Removal                   :  Yes
  Pessimism Removal Resolution               :  Nearest Common Node
  Enable Input Delay Default Clock           :  No
  Enable Preset / Clear Arcs                 :  No
  Disable Flight Delays                      :  No
  Ignore I/O Paths                           :  No
  Timing Early Launch at Borrowing Latches   :  No
  Borrow Time for Max Delay Exceptions       :  Yes
  Merge Timing Exceptions                    :  Yes

  Corner  Analyze    Analyze    
  Name    Max Paths  Min Paths  
  ------  ---------  ---------  
  Slow    Yes        Yes        
  Fast    Yes        Yes        


------------------------------------------------------------------------------------------------
| Report Methodology
| ------------------
------------------------------------------------------------------------------------------------

Rule     Severity  Description                   Violations  
-------  --------  ----------------------------  ----------  
LUTAR-1  Warning   LUT drives async reset alert  3           

Note: This report is based on the most recent report_methodology run and may not be up-to-date. Run report_methodology on the current design for the latest report.



check_timing report

Table of Contents
-----------------
1. checking no_clock (0)
2. checking constant_clock (0)
3. checking pulse_width_clock (0)
4. checking unconstrained_internal_endpoints (0)
5. checking no_input_delay (0)
6. checking no_output_delay (0)
7. checking multiple_clock (0)
8. checking generated_clocks (0)
9. checking loops (0)
10. checking partial_input_delay (0)
11. checking partial_output_delay (0)
12. checking latch_loops (0)

1. checking no_clock (0)
------------------------
 There are 0 register/latch pins with no clock.


2. checking constant_clock (0)
------------------------------
 There are 0 register/latch pins with constant_clock.


3. checking pulse_width_clock (0)
---------------------------------
 There are 0 register/latch pins which need pulse_width check


4. checking unconstrained_internal_endpoints (0)
------------------------------------------------
 There are 0 pins that are not constrained for maximum delay.

 There are 0 pins that are not constrained for maximum delay due to constant clock.


5. checking no_input_delay (0)
------------------------------
 There are 0 input ports with no input delay specified.

 There are 0 input ports with no input delay but user has a false path constraint.


6. checking no_output_delay (0)
-------------------------------
 There are 0 ports with no output delay specified.

 There are 0 ports with no output delay but user has a false path constraint

 There are 0 ports with no output delay but with a timing clock defined on it or propagating through it


7. checking multiple_clock (0)
------------------------------
 There are 0 register/latch pins with multiple clocks.


8. checking generated_clocks (0)
--------------------------------
 There are 0 generated clocks that are not connected to a clock source.


9. checking loops (0)
---------------------
 There are 0 combinational loops in the design.


10. checking partial_input_delay (0)
------------------------------------
 There are 0 input ports with partial input delay specified.


11. checking partial_output_delay (0)
-------------------------------------
 There are 0 ports with partial output delay specified.


12. checking latch_loops (0)
----------------------------
 There are 0 combinational latch loops in the design through latch input



------------------------------------------------------------------------------------------------
| Design Timing Summary
| ---------------------
------------------------------------------------------------------------------------------------

    WNS(ns)      TNS(ns)  TNS Failing Endpoints  TNS Total Endpoints      WHS(ns)      THS(ns)  THS Failing Endpoints  THS Total Endpoints     WPWS(ns)     TPWS(ns)  TPWS Failing Endpoints  TPWS Total Endpoints  
    -------      -------  ---------------------  -------------------      -------      -------  ---------------------  -------------------     --------     --------  ----------------------  --------------------  
      3.344        0.000                      0                37288        0.010        0.000                      0                37288        3.500        0.000                       0                 15043  


All user specified timing constraints are met.


------------------------------------------------------------------------------------------------
| Clock Summary
| -------------
------------------------------------------------------------------------------------------------

Clock     Waveform(ns)       Period(ns)      Frequency(MHz)
-----     ------------       ----------      --------------
clk_pl_0  {0.000 5.000}      10.000          100.000         


------------------------------------------------------------------------------------------------
| Intra Clock Table
| -----------------
------------------------------------------------------------------------------------------------

Clock             WNS(ns)      TNS(ns)  TNS Failing Endpoints  TNS Total Endpoints      WHS(ns)      THS(ns)  THS Failing Endpoints  THS Total Endpoints     WPWS(ns)     TPWS(ns)  TPWS Failing Endpoints  TPWS Total Endpoints  
-----             -------      -------  ---------------------  -------------------      -------      -------  ---------------------  -------------------     --------     --------  ----------------------  --------------------  
clk_pl_0            3.344        0.000                      0                37192        0.010        0.000                      0                37192        3.500        0.000                       0                 15043  


------------------------------------------------------------------------------------------------
| Inter Clock Table
| -----------------
------------------------------------------------------------------------------------------------

From Clock    To Clock          WNS(ns)      TNS(ns)  TNS Failing Endpoints  TNS Total Endpoints      WHS(ns)      THS(ns)  THS Failing Endpoints  THS Total Endpoints  
----------    --------          -------      -------  ---------------------  -------------------      -------      -------  ---------------------  -------------------  


------------------------------------------------------------------------------------------------
| Other Path Groups Table
| -----------------------
------------------------------------------------------------------------------------------------

Path Group         From Clock         To Clock               WNS(ns)      TNS(ns)  TNS Failing Endpoints  TNS Total Endpoints      WHS(ns)      THS(ns)  THS Failing Endpoints  THS Total Endpoints  
----------         ----------         --------               -------      -------  ---------------------  -------------------      -------      -------  ---------------------  -------------------  
**async_default**  clk_pl_0           clk_pl_0                 8.526        0.000                      0                   96        0.178        0.000                      0                   96  


------------------------------------------------------------------------------------------------
| User Ignored Path Table
| -----------------------
------------------------------------------------------------------------------------------------

Path Group    From Clock    To Clock    
----------    ----------    --------    
(none)                      clk_pl_0      
(none)        clk_pl_0      clk_pl_0      


------------------------------------------------------------------------------------------------
| Unconstrained Path Table
| ------------------------
------------------------------------------------------------------------------------------------

Path Group    From Clock    To Clock    
----------    ----------    --------    
(none)                      clk_pl_0      


------------------------------------------------------------------------------------------------
| Timing Details
| --------------
------------------------------------------------------------------------------------------------


---------------------------------------------------------------------------------------------------
From Clock:  clk_pl_0
  To Clock:  clk_pl_0

Setup :            0  Failing Endpoints,  Worst Slack        3.344ns,  Total Violation        0.000ns
Hold  :            0  Failing Endpoints,  Worst Slack        0.010ns,  Total Violation        0.000ns
PW    :            0  Failing Endpoints,  Worst Slack        3.500ns,  Total Violation        0.000ns
---------------------------------------------------------------------------------------------------


Max Delay Paths
--------------------------------------------------------------------------------------
Slack (MET) :             3.344ns  (required time - arrival time)
  Source:                 design_1_i/cnn_predict_0/inst/grp_cnn_predict_Pipeline_VITIS_LOOP_121_11_VITIS_LOOP_122_12_VITIS_LOOP_123_13_fu_372/ap_CS_fsm_reg[2]/C
                            (rising edge-triggered cell FDRE clocked by clk_pl_0  {rise@0.000ns fall@5.000ns period=10.000ns})
  Destination:            design_1_i/cnn_predict_0/inst/layer1_pool_U/ram8_reg_bram_3/ADDRARDADDR[5]
                            (rising edge-triggered cell RAMB36E2 clocked by clk_pl_0  {rise@0.000ns fall@5.000ns period=10.000ns})
  Path Group:             clk_pl_0
  Path Type:              Setup (Max at Slow Process Corner)
  Requirement:            10.000ns  (clk_pl_0 rise@10.000ns - clk_pl_0 rise@0.000ns)
  Data Path Delay:        6.060ns  (logic 0.571ns (9.423%)  route 5.489ns (90.577%))
  Logic Levels:           4  (LUT3=2 LUT4=1 LUT6=1)
  Clock Path Skew:        -0.043ns (DCD - SCD + CPR)
    Destination Clock Delay (DCD):    1.853ns = ( 11.853 - 10.000 ) 
    Source Clock Delay      (SCD):    1.998ns
    Clock Pessimism Removal (CPR):    0.102ns
  Clock Uncertainty:      0.176ns  ((TSJ^2 + DJ^2)^1/2) / 2 + PE
    Total System Jitter     (TSJ):    0.071ns
    Discrete Jitter          (DJ):    0.344ns
    Phase Error              (PE):    0.000ns
  Clock Net Delay (Source):      1.791ns (routing 0.638ns, distribution 1.153ns)
  Clock Net Delay (Destination): 1.686ns (routing 0.576ns, distribution 1.110ns)

    Location             Delay type                Incr(ns)  Path(ns)    Netlist Resource(s)
  -------------------------------------------------------------------    -------------------
                         (clock clk_pl_0 rise edge)
                                                      0.000     0.000 r  
    PS8_X0Y0             PS8                          0.000     0.000 r  design_1_i/zynq_ultra_ps_e_0/inst/PS8_i/PLCLK[0]
                         net (fo=1, routed)           0.178     0.178    design_1_i/zynq_ultra_ps_e_0/inst/pl_clk_unbuffered[0]
    BUFG_PS_X0Y58        BUFG_PS (Prop_BUFG_PS_I_O)
                                                      0.029     0.207 r  design_1_i/zynq_ultra_ps_e_0/inst/buffer_pl_clk_0.PL_CLK_0_BUFG/O
    X0Y1 (CLOCK_ROOT)    net (fo=15423, routed)       1.791     1.998    design_1_i/cnn_predict_0/inst/grp_cnn_predict_Pipeline_VITIS_LOOP_121_11_VITIS_LOOP_122_12_VITIS_LOOP_123_13_fu_372/ap_clk
    SLICE_X23Y113        FDRE                                         r  design_1_i/cnn_predict_0/inst/grp_cnn_predict_Pipeline_VITIS_LOOP_121_11_VITIS_LOOP_122_12_VITIS_LOOP_123_13_fu_372/ap_CS_fsm_reg[2]/C
  -------------------------------------------------------------------    -------------------
    SLICE_X23Y113        FDRE (Prop_HFF2_SLICEL_C_Q)
                                                      0.097     2.095 f  design_1_i/cnn_predict_0/inst/grp_cnn_predict_Pipeline_VITIS_LOOP_121_11_VITIS_LOOP_122_12_VITIS_LOOP_123_13_fu_372/ap_CS_fsm_reg[2]/Q
                         net (fo=1607, routed)        1.695     3.790    design_1_i/cnn_predict_0/inst/grp_cnn_predict_Pipeline_VITIS_LOOP_121_11_VITIS_LOOP_122_12_VITIS_LOOP_123_13_fu_372/conv2_w_U/q8_reg_1[1]
    SLICE_X22Y93         LUT4 (Prop_B5LUT_SLICEL_I0_O)
                                                      0.089     3.879 f  design_1_i/cnn_predict_0/inst/grp_cnn_predict_Pipeline_VITIS_LOOP_121_11_VITIS_LOOP_122_12_VITIS_LOOP_123_13_fu_372/conv2_w_U/q0_reg_i_10/O
                         net (fo=68, routed)          0.407     4.286    design_1_i/cnn_predict_0/inst/grp_cnn_predict_Pipeline_VITIS_LOOP_121_11_VITIS_LOOP_122_12_VITIS_LOOP_123_13_fu_372/ap_ready_int
    SLICE_X20Y99         LUT3 (Prop_D6LUT_SLICEM_I0_O)
                                                      0.147     4.433 f  design_1_i/cnn_predict_0/inst/grp_cnn_predict_Pipeline_VITIS_LOOP_121_11_VITIS_LOOP_122_12_VITIS_LOOP_123_13_fu_372/q5_reg_i_1/O
                         net (fo=35, routed)          0.242     4.675    design_1_i/cnn_predict_0/inst/grp_cnn_predict_Pipeline_VITIS_LOOP_121_11_VITIS_LOOP_122_12_VITIS_LOOP_123_13_fu_372/conv2_w_address10[6]
    SLICE_X20Y93         LUT6 (Prop_D6LUT_SLICEM_I2_O)
                                                      0.174     4.849 r  design_1_i/cnn_predict_0/inst/grp_cnn_predict_Pipeline_VITIS_LOOP_121_11_VITIS_LOOP_122_12_VITIS_LOOP_123_13_fu_372/ram0_reg_bram_0_i_22/O
                         net (fo=30, routed)          0.191     5.040    design_1_i/cnn_predict_0/inst/grp_cnn_predict_Pipeline_VITIS_LOOP_121_11_VITIS_LOOP_122_12_VITIS_LOOP_123_13_fu_372/layer1_pool_address0[0]
    SLICE_X19Y91         LUT3 (Prop_A6LUT_SLICEM_I0_O)
                                                      0.064     5.104 r  design_1_i/cnn_predict_0/inst/grp_cnn_predict_Pipeline_VITIS_LOOP_121_11_VITIS_LOOP_122_12_VITIS_LOOP_123_13_fu_372/ram5_reg_bram_0_i_9/O
                         net (fo=24, routed)          2.954     8.058    design_1_i/cnn_predict_0/inst/layer1_pool_U/ram5_reg_bram_3_0[2]
    RAMB36_X3Y28         RAMB36E2                                     r  design_1_i/cnn_predict_0/inst/layer1_pool_U/ram8_reg_bram_3/ADDRARDADDR[5]
  -------------------------------------------------------------------    -------------------

                         (clock clk_pl_0 rise edge)
                                                     10.000    10.000 r  
    PS8_X0Y0             PS8                          0.000    10.000 r  design_1_i/zynq_ultra_ps_e_0/inst/PS8_i/PLCLK[0]
                         net (fo=1, routed)           0.140    10.140    design_1_i/zynq_ultra_ps_e_0/inst/pl_clk_unbuffered[0]
    BUFG_PS_X0Y58        BUFG_PS (Prop_BUFG_PS_I_O)
                                                      0.027    10.167 r  design_1_i/zynq_ultra_ps_e_0/inst/buffer_pl_clk_0.PL_CLK_0_BUFG/O
    X0Y1 (CLOCK_ROOT)    net (fo=15423, routed)       1.686    11.853    design_1_i/cnn_predict_0/inst/layer1_pool_U/ap_clk
    RAMB36_X3Y28         RAMB36E2                                     r  design_1_i/cnn_predict_0/inst/layer1_pool_U/ram8_reg_bram_3/CLKARDCLK
                         clock pessimism              0.102    11.955    
                         clock uncertainty           -0.176    11.779    
    RAMB36_X3Y28         RAMB36E2 (Setup_RAMB36E2_RAMB36_CLKARDCLK_ADDRARDADDR[5])
                                                     -0.378    11.401    design_1_i/cnn_predict_0/inst/layer1_pool_U/ram8_reg_bram_3
  -------------------------------------------------------------------
                         required time                         11.401    
                         arrival time                          -8.058    
  -------------------------------------------------------------------
                         slack                                  3.344    

Slack (MET) :             3.434ns  (required time - arrival time)
  Source:                 design_1_i/cnn_predict_0/inst/grp_cnn_predict_Pipeline_VITIS_LOOP_121_11_VITIS_LOOP_122_12_VITIS_LOOP_123_13_fu_372/ap_CS_fsm_reg[2]/C
                            (rising edge-triggered cell FDRE clocked by clk_pl_0  {rise@0.000ns fall@5.000ns period=10.000ns})
  Destination:            design_1_i/cnn_predict_0/inst/layer1_pool_U/ram8_reg_bram_2/ADDRARDADDR[5]
                            (rising edge-triggered cell RAMB36E2 clocked by clk_pl_0  {rise@0.000ns fall@5.000ns period=10.000ns})
  Path Group:             clk_pl_0
  Path Type:              Setup (Max at Slow Process Corner)
  Requirement:            10.000ns  (clk_pl_0 rise@10.000ns - clk_pl_0 rise@0.000ns)
  Data Path Delay:        5.975ns  (logic 0.571ns (9.557%)  route 5.404ns (90.443%))
  Logic Levels:           4  (LUT3=2 LUT4=1 LUT6=1)
  Clock Path Skew:        -0.037ns (DCD - SCD + CPR)
    Destination Clock Delay (DCD):    1.859ns = ( 11.859 - 10.000 ) 
    Source Clock Delay      (SCD):    1.998ns
    Clock Pessimism Removal (CPR):    0.102ns
  Clock Uncertainty:      0.176ns  ((TSJ^2 + DJ^2)^1/2) / 2 + PE
    Total System Jitter     (TSJ):    0.071ns
    Discrete Jitter          (DJ):    0.344ns
    Phase Error              (PE):    0.000ns
  Clock Net Delay (Source):      1.791ns (routing 0.638ns, distribution 1.153ns)
  Clock Net Delay (Destination): 1.692ns (routing 0.576ns, distribution 1.116ns)

    Location             Delay type                Incr(ns)  Path(ns)    Netlist Resource(s)
  -------------------------------------------------------------------    -------------------
                         (clock clk_pl_0 rise edge)
                                                      0.000     0.000 r  
    PS8_X0Y0             PS8                          0.000     0.000 r  design_1_i/zynq_ultra_ps_e_0/inst/PS8_i/PLCLK[0]
                         net (fo=1, routed)           0.178     0.178    design_1_i/zynq_ultra_ps_e_0/inst/pl_clk_unbuffered[0]
    BUFG_PS_X0Y58        BUFG_PS (Prop_BUFG_PS_I_O)
                                                      0.029     0.207 r  design_1_i/zynq_ultra_ps_e_0/inst/buffer_pl_clk_0.PL_CLK_0_BUFG/O
    X0Y1 (CLOCK_ROOT)    net (fo=15423, routed)       1.791     1.998    design_1_i/cnn_predict_0/inst/grp_cnn_predict_Pipeline_VITIS_LOOP_121_11_VITIS_LOOP_122_12_VITIS_LOOP_123_13_fu_372/ap_clk
    SLICE_X23Y113        FDRE                                         r  design_1_i/cnn_predict_0/inst/grp_cnn_predict_Pipeline_VITIS_LOOP_121_11_VITIS_LOOP_122_12_VITIS_LOOP_123_13_fu_372/ap_CS_fsm_reg[2]/C
  -------------------------------------------------------------------    -------------------
    SLICE_X23Y113        FDRE (Prop_HFF2_SLICEL_C_Q)
                                                      0.097     2.095 f  design_1_i/cnn_predict_0/inst/grp_cnn_predict_Pipeline_VITIS_LOOP_121_11_VITIS_LOOP_122_12_VITIS_LOOP_123_13_fu_372/ap_CS_fsm_reg[2]/Q
                         net (fo=1607, routed)        1.695     3.790    design_1_i/cnn_predict_0/inst/grp_cnn_predict_Pipeline_VITIS_LOOP_121_11_VITIS_LOOP_122_12_VITIS_LOOP_123_13_fu_372/conv2_w_U/q8_reg_1[1]
    SLICE_X22Y93         LUT4 (Prop_B5LUT_SLICEL_I0_O)
                                                      0.089     3.879 f  design_1_i/cnn_predict_0/inst/grp_cnn_predict_Pipeline_VITIS_LOOP_121_11_VITIS_LOOP_122_12_VITIS_LOOP_123_13_fu_372/conv2_w_U/q0_reg_i_10/O
                         net (fo=68, routed)          0.407     4.286    design_1_i/cnn_predict_0/inst/grp_cnn_predict_Pipeline_VITIS_LOOP_121_11_VITIS_LOOP_122_12_VITIS_LOOP_123_13_fu_372/ap_ready_int
    SLICE_X20Y99         LUT3 (Prop_D6LUT_SLICEM_I0_O)
                                                      0.147     4.433 f  design_1_i/cnn_predict_0/inst/grp_cnn_predict_Pipeline_VITIS_LOOP_121_11_VITIS_LOOP_122_12_VITIS_LOOP_123_13_fu_372/q5_reg_i_1/O
                         net (fo=35, routed)          0.242     4.675    design_1_i/cnn_predict_0/inst/grp_cnn_predict_Pipeline_VITIS_LOOP_121_11_VITIS_LOOP_122_12_VITIS_LOOP_123_13_fu_372/conv2_w_address10[6]
    SLICE_X20Y93         LUT6 (Prop_D6LUT_SLICEM_I2_O)
                                                      0.174     4.849 r  design_1_i/cnn_predict_0/inst/grp_cnn_predict_Pipeline_VITIS_LOOP_121_11_VITIS_LOOP_122_12_VITIS_LOOP_123_13_fu_372/ram0_reg_bram_0_i_22/O
                         net (fo=30, routed)          0.191     5.040    design_1_i/cnn_predict_0/inst/grp_cnn_predict_Pipeline_VITIS_LOOP_121_11_VITIS_LOOP_122_12_VITIS_LOOP_123_13_fu_372/layer1_pool_address0[0]
    SLICE_X19Y91         LUT3 (Prop_A6LUT_SLICEM_I0_O)
                                                      0.064     5.104 r  design_1_i/cnn_predict_0/inst/grp_cnn_predict_Pipeline_VITIS_LOOP_121_11_VITIS_LOOP_122_12_VITIS_LOOP_123_13_fu_372/ram5_reg_bram_0_i_9/O
                         net (fo=24, routed)          2.869     7.973    design_1_i/cnn_predict_0/inst/layer1_pool_U/ram5_reg_bram_3_0[2]
    RAMB36_X3Y27         RAMB36E2                                     r  design_1_i/cnn_predict_0/inst/layer1_pool_U/ram8_reg_bram_2/ADDRARDADDR[5]
  -------------------------------------------------------------------    -------------------

                         (clock clk_pl_0 rise edge)
                                                     10.000    10.000 r  
    PS8_X0Y0             PS8                          0.000    10.000 r  design_1_i/zynq_ultra_ps_e_0/inst/PS8_i/PLCLK[0]
                         net (fo=1, routed)           0.140    10.140    design_1_i/zynq_ultra_ps_e_0/inst/pl_clk_unbuffered[0]
    BUFG_PS_X0Y58        BUFG_PS (Prop_BUFG_PS_I_O)
                                                      0.027    10.167 r  design_1_i/zynq_ultra_ps_e_0/inst/buffer_pl_clk_0.PL_CLK_0_BUFG/O
    X0Y1 (CLOCK_ROOT)    net (fo=15423, routed)       1.692    11.859    design_1_i/cnn_predict_0/inst/layer1_pool_U/ap_clk
    RAMB36_X3Y27         RAMB36E2                                     r  design_1_i/cnn_predict_0/inst/layer1_pool_U/ram8_reg_bram_2/CLKARDCLK
                         clock pessimism              0.102    11.961    
                         clock uncertainty           -0.176    11.785    
    RAMB36_X3Y27         RAMB36E2 (Setup_RAMB36E2_RAMB36_CLKARDCLK_ADDRARDADDR[5])
                                                     -0.378    11.407    design_1_i/cnn_predict_0/inst/layer1_pool_U/ram8_reg_bram_2
  -------------------------------------------------------------------
                         required time                         11.407    
                         arrival time                          -7.973    
  -------------------------------------------------------------------
                         slack                                  3.434    

Slack (MET) :             3.549ns  (required time - arrival time)
  Source:                 design_1_i/cnn_predict_0/inst/grp_cnn_predict_Pipeline_VITIS_LOOP_121_11_VITIS_LOOP_122_12_VITIS_LOOP_123_13_fu_372/ap_CS_fsm_reg[2]/C
                            (rising edge-triggered cell FDRE clocked by clk_pl_0  {rise@0.000ns fall@5.000ns period=10.000ns})
  Destination:            design_1_i/cnn_predict_0/inst/layer1_pool_U/ram8_reg_bram_3/ADDRARDADDR[13]
                            (rising edge-triggered cell RAMB36E2 clocked by clk_pl_0  {rise@0.000ns fall@5.000ns period=10.000ns})
  Path Group:             clk_pl_0
  Path Type:              Setup (Max at Slow Process Corner)
  Requirement:            10.000ns  (clk_pl_0 rise@10.000ns - clk_pl_0 rise@0.000ns)
  Data Path Delay:        5.936ns  (logic 0.767ns (12.922%)  route 5.169ns (87.078%))
  Logic Levels:           6  (LUT3=2 LUT4=1 LUT6=3)
  Clock Path Skew:        -0.043ns (DCD - SCD + CPR)
    Destination Clock Delay (DCD):    1.853ns = ( 11.853 - 10.000 ) 
    Source Clock Delay      (SCD):    1.998ns
    Clock Pessimism Removal (CPR):    0.102ns
  Clock Uncertainty:      0.176ns  ((TSJ^2 + DJ^2)^1/2) / 2 + PE
    Total System Jitter     (TSJ):    0.071ns
    Discrete Jitter          (DJ):    0.344ns
    Phase Error              (PE):    0.000ns
  Clock Net Delay (Source):      1.791ns (routing 0.638ns, distribution 1.153ns)
  Clock Net Delay (Destination): 1.686ns (routing 0.576ns, distribution 1.110ns)

    Location             Delay type                Incr(ns)  Path(ns)    Netlist Resource(s)
  -------------------------------------------------------------------    -------------------
                         (clock clk_pl_0 rise edge)
                                                      0.000     0.000 r  
    PS8_X0Y0             PS8                          0.000     0.000 r  design_1_i/zynq_ultra_ps_e_0/inst/PS8_i/PLCLK[0]
                         net (fo=1, routed)           0.178     0.178    design_1_i/zynq_ultra_ps_e_0/inst/pl_clk_unbuffered[0]
    BUFG_PS_X0Y58        BUFG_PS (Prop_BUFG_PS_I_O)
                                                      0.029     0.207 r  design_1_i/zynq_ultra_ps_e_0/inst/buffer_pl_clk_0.PL_CLK_0_BUFG/O
    X0Y1 (CLOCK_ROOT)    net (fo=15423, routed)       1.791     1.998    design_1_i/cnn_predict_0/inst/grp_cnn_predict_Pipeline_VITIS_LOOP_121_11_VITIS_LOOP_122_12_VITIS_LOOP_123_13_fu_372/ap_clk
    SLICE_X23Y113        FDRE                                         r  design_1_i/cnn_predict_0/inst/grp_cnn_predict_Pipeline_VITIS_LOOP_121_11_VITIS_LOOP_122_12_VITIS_LOOP_123_13_fu_372/ap_CS_fsm_reg[2]/C
  -------------------------------------------------------------------    -------------------
    SLICE_X23Y113        FDRE (Prop_HFF2_SLICEL_C_Q)
                                                      0.097     2.095 f  design_1_i/cnn_predict_0/inst/grp_cnn_predict_Pipeline_VITIS_LOOP_121_11_VITIS_LOOP_122_12_VITIS_LOOP_123_13_fu_372/ap_CS_fsm_reg[2]/Q
                         net (fo=1607, routed)        1.695     3.790    design_1_i/cnn_predict_0/inst/grp_cnn_predict_Pipeline_VITIS_LOOP_121_11_VITIS_LOOP_122_12_VITIS_LOOP_123_13_fu_372/conv2_w_U/q8_reg_1[1]
    SLICE_X22Y93         LUT4 (Prop_B5LUT_SLICEL_I0_O)
                                                      0.089     3.879 f  design_1_i/cnn_predict_0/inst/grp_cnn_predict_Pipeline_VITIS_LOOP_121_11_VITIS_LOOP_122_12_VITIS_LOOP_123_13_fu_372/conv2_w_U/q0_reg_i_10/O
                         net (fo=68, routed)          0.407     4.286    design_1_i/cnn_predict_0/inst/grp_cnn_predict_Pipeline_VITIS_LOOP_121_11_VITIS_LOOP_122_12_VITIS_LOOP_123_13_fu_372/ap_ready_int
    SLICE_X20Y99         LUT3 (Prop_D6LUT_SLICEM_I0_O)
                                                      0.147     4.433 f  design_1_i/cnn_predict_0/inst/grp_cnn_predict_Pipeline_VITIS_LOOP_121_11_VITIS_LOOP_122_12_VITIS_LOOP_123_13_fu_372/q5_reg_i_1/O
                         net (fo=35, routed)          0.229     4.662    design_1_i/cnn_predict_0/inst/grp_cnn_predict_Pipeline_VITIS_LOOP_121_11_VITIS_LOOP_122_12_VITIS_LOOP_123_13_fu_372/conv2_w_address10[6]
    SLICE_X22Y95         LUT6 (Prop_G6LUT_SLICEL_I2_O)
                                                      0.100     4.762 r  design_1_i/cnn_predict_0/inst/grp_cnn_predict_Pipeline_VITIS_LOOP_121_11_VITIS_LOOP_122_12_VITIS_LOOP_123_13_fu_372/ram0_reg_bram_0_i_73/O
                         net (fo=3, routed)           0.230     4.992    design_1_i/cnn_predict_0/inst/grp_cnn_predict_Pipeline_VITIS_LOOP_121_11_VITIS_LOOP_122_12_VITIS_LOOP_123_13_fu_372/ram0_reg_bram_0_i_73_n_2
    SLICE_X23Y99         LUT6 (Prop_F6LUT_SLICEL_I0_O)
                                                      0.114     5.106 r  design_1_i/cnn_predict_0/inst/grp_cnn_predict_Pipeline_VITIS_LOOP_121_11_VITIS_LOOP_122_12_VITIS_LOOP_123_13_fu_372/ram0_reg_bram_0_i_44/O
                         net (fo=1, routed)           0.045     5.151    design_1_i/cnn_predict_0/inst/grp_cnn_predict_Pipeline_VITIS_LOOP_121_11_VITIS_LOOP_122_12_VITIS_LOOP_123_13_fu_372/ram0_reg_bram_0_i_44_n_2
    SLICE_X23Y99         LUT6 (Prop_G6LUT_SLICEL_I5_O)
                                                      0.038     5.189 r  design_1_i/cnn_predict_0/inst/grp_cnn_predict_Pipeline_VITIS_LOOP_121_11_VITIS_LOOP_122_12_VITIS_LOOP_123_13_fu_372/ram0_reg_bram_0_i_14/O
                         net (fo=14, routed)          0.485     5.674    design_1_i/cnn_predict_0/inst/grp_cnn_predict_Pipeline_VITIS_LOOP_121_11_VITIS_LOOP_122_12_VITIS_LOOP_123_13_fu_372/layer1_pool_address0[8]
    SLICE_X19Y94         LUT3 (Prop_H6LUT_SLICEM_I0_O)
                                                      0.182     5.856 r  design_1_i/cnn_predict_0/inst/grp_cnn_predict_Pipeline_VITIS_LOOP_121_11_VITIS_LOOP_122_12_VITIS_LOOP_123_13_fu_372/ram5_reg_bram_0_i_1/O
                         net (fo=24, routed)          2.077     7.934    design_1_i/cnn_predict_0/inst/layer1_pool_U/ram5_reg_bram_3_0[10]
    RAMB36_X3Y28         RAMB36E2                                     r  design_1_i/cnn_predict_0/inst/layer1_pool_U/ram8_reg_bram_3/ADDRARDADDR[13]
  -------------------------------------------------------------------    -------------------

                         (clock clk_pl_0 rise edge)
                                                     10.000    10.000 r  
    PS8_X0Y0             PS8                          0.000    10.000 r  design_1_i/zynq_ultra_ps_e_0/inst/PS8_i/PLCLK[0]
                         net (fo=1, routed)           0.140    10.140    design_1_i/zynq_ultra_ps_e_0/inst/pl_clk_unbuffered[0]
    BUFG_PS_X0Y58        BUFG_PS (Prop_BUFG_PS_I_O)
                                                      0.027    10.167 r  design_1_i/zynq_ultra_ps_e_0/inst/buffer_pl_clk_0.PL_CLK_0_BUFG/O
    X0Y1 (CLOCK_ROOT)    net (fo=15423, routed)       1.686    11.853    design_1_i/cnn_predict_0/inst/layer1_pool_U/ap_clk
    RAMB36_X3Y28         RAMB36E2                                     r  design_1_i/cnn_predict_0/inst/layer1_pool_U/ram8_reg_bram_3/CLKARDCLK
                         clock pessimism              0.102    11.955    
                         clock uncertainty           -0.176    11.779    
    RAMB36_X3Y28         RAMB36E2 (Setup_RAMB36E2_RAMB36_CLKARDCLK_ADDRARDADDR[13])
                                                     -0.297    11.482    design_1_i/cnn_predict_0/inst/layer1_pool_U/ram8_reg_bram_3
  -------------------------------------------------------------------
                         required time                         11.482    
                         arrival time                          -7.934    
  -------------------------------------------------------------------
                         slack                                  3.549    

Slack (MET) :             3.563ns  (required time - arrival time)
  Source:                 design_1_i/cnn_predict_0/inst/grp_cnn_predict_Pipeline_VITIS_LOOP_121_11_VITIS_LOOP_122_12_VITIS_LOOP_123_13_fu_372/ap_CS_fsm_reg[2]/C
                            (rising edge-triggered cell FDRE clocked by clk_pl_0  {rise@0.000ns fall@5.000ns period=10.000ns})
  Destination:            design_1_i/cnn_predict_0/inst/layer1_pool_U/ram8_reg_bram_1/ADDRARDADDR[10]
                            (rising edge-triggered cell RAMB36E2 clocked by clk_pl_0  {rise@0.000ns fall@5.000ns period=10.000ns})
  Path Group:             clk_pl_0
  Path Type:              Setup (Max at Slow Process Corner)
  Requirement:            10.000ns  (clk_pl_0 rise@10.000ns - clk_pl_0 rise@0.000ns)
  Data Path Delay:        5.944ns  (logic 0.520ns (8.749%)  route 5.424ns (91.251%))
  Logic Levels:           5  (LUT3=2 LUT4=1 LUT6=2)
  Clock Path Skew:        -0.017ns (DCD - SCD + CPR)
    Destination Clock Delay (DCD):    1.879ns = ( 11.879 - 10.000 ) 
    Source Clock Delay      (SCD):    1.998ns
    Clock Pessimism Removal (CPR):    0.102ns
  Clock Uncertainty:      0.176ns  ((TSJ^2 + DJ^2)^1/2) / 2 + PE
    Total System Jitter     (TSJ):    0.071ns
    Discrete Jitter          (DJ):    0.344ns
    Phase Error              (PE):    0.000ns
  Clock Net Delay (Source):      1.791ns (routing 0.638ns, distribution 1.153ns)
  Clock Net Delay (Destination): 1.712ns (routing 0.576ns, distribution 1.136ns)

    Location             Delay type                Incr(ns)  Path(ns)    Netlist Resource(s)
  -------------------------------------------------------------------    -------------------
                         (clock clk_pl_0 rise edge)
                                                      0.000     0.000 r  
    PS8_X0Y0             PS8                          0.000     0.000 r  design_1_i/zynq_ultra_ps_e_0/inst/PS8_i/PLCLK[0]
                         net (fo=1, routed)           0.178     0.178    design_1_i/zynq_ultra_ps_e_0/inst/pl_clk_unbuffered[0]
    BUFG_PS_X0Y58        BUFG_PS (Prop_BUFG_PS_I_O)
                                                      0.029     0.207 r  design_1_i/zynq_ultra_ps_e_0/inst/buffer_pl_clk_0.PL_CLK_0_BUFG/O
    X0Y1 (CLOCK_ROOT)    net (fo=15423, routed)       1.791     1.998    design_1_i/cnn_predict_0/inst/grp_cnn_predict_Pipeline_VITIS_LOOP_121_11_VITIS_LOOP_122_12_VITIS_LOOP_123_13_fu_372/ap_clk
    SLICE_X23Y113        FDRE                                         r  design_1_i/cnn_predict_0/inst/grp_cnn_predict_Pipeline_VITIS_LOOP_121_11_VITIS_LOOP_122_12_VITIS_LOOP_123_13_fu_372/ap_CS_fsm_reg[2]/C
  -------------------------------------------------------------------    -------------------
    SLICE_X23Y113        FDRE (Prop_HFF2_SLICEL_C_Q)
                                                      0.097     2.095 r  design_1_i/cnn_predict_0/inst/grp_cnn_predict_Pipeline_VITIS_LOOP_121_11_VITIS_LOOP_122_12_VITIS_LOOP_123_13_fu_372/ap_CS_fsm_reg[2]/Q
                         net (fo=1607, routed)        1.695     3.790    design_1_i/cnn_predict_0/inst/grp_cnn_predict_Pipeline_VITIS_LOOP_121_11_VITIS_LOOP_122_12_VITIS_LOOP_123_13_fu_372/conv2_w_U/q8_reg_1[1]
    SLICE_X22Y93         LUT4 (Prop_B5LUT_SLICEL_I0_O)
                                                      0.089     3.879 r  design_1_i/cnn_predict_0/inst/grp_cnn_predict_Pipeline_VITIS_LOOP_121_11_VITIS_LOOP_122_12_VITIS_LOOP_123_13_fu_372/conv2_w_U/q0_reg_i_10/O
                         net (fo=68, routed)          0.374     4.253    design_1_i/cnn_predict_0/inst/grp_cnn_predict_Pipeline_VITIS_LOOP_121_11_VITIS_LOOP_122_12_VITIS_LOOP_123_13_fu_372/ap_ready_int
    SLICE_X21Y98         LUT3 (Prop_C6LUT_SLICEL_I2_O)
                                                      0.063     4.316 f  design_1_i/cnn_predict_0/inst/grp_cnn_predict_Pipeline_VITIS_LOOP_121_11_VITIS_LOOP_122_12_VITIS_LOOP_123_13_fu_372/q5_reg_i_2/O
                         net (fo=17, routed)          0.505     4.821    design_1_i/cnn_predict_0/inst/grp_cnn_predict_Pipeline_VITIS_LOOP_121_11_VITIS_LOOP_122_12_VITIS_LOOP_123_13_fu_372/conv2_w_address7[5]
    SLICE_X18Y95         LUT6 (Prop_H6LUT_SLICEL_I0_O)
                                                      0.040     4.861 r  design_1_i/cnn_predict_0/inst/grp_cnn_predict_Pipeline_VITIS_LOOP_121_11_VITIS_LOOP_122_12_VITIS_LOOP_123_13_fu_372/ram0_reg_bram_0_i_56/O
                         net (fo=1, routed)           0.114     4.975    design_1_i/cnn_predict_0/inst/grp_cnn_predict_Pipeline_VITIS_LOOP_121_11_VITIS_LOOP_122_12_VITIS_LOOP_123_13_fu_372/ram0_reg_bram_0_i_56_n_2
    SLICE_X19Y95         LUT6 (Prop_C6LUT_SLICEM_I4_O)
                                                      0.147     5.122 r  design_1_i/cnn_predict_0/inst/grp_cnn_predict_Pipeline_VITIS_LOOP_121_11_VITIS_LOOP_122_12_VITIS_LOOP_123_13_fu_372/ram0_reg_bram_0_i_18/O
                         net (fo=14, routed)          0.169     5.290    design_1_i/cnn_predict_0/inst/grp_cnn_predict_Pipeline_VITIS_LOOP_121_11_VITIS_LOOP_122_12_VITIS_LOOP_123_13_fu_372/layer1_pool_address0[4]
    SLICE_X19Y94         LUT3 (Prop_G5LUT_SLICEM_I0_O)
                                                      0.084     5.374 r  design_1_i/cnn_predict_0/inst/grp_cnn_predict_Pipeline_VITIS_LOOP_121_11_VITIS_LOOP_122_12_VITIS_LOOP_123_13_fu_372/ram5_reg_bram_0_i_5/O
                         net (fo=24, routed)          2.567     7.942    design_1_i/cnn_predict_0/inst/layer1_pool_U/ram5_reg_bram_3_0[6]
    RAMB36_X4Y27         RAMB36E2                                     r  design_1_i/cnn_predict_0/inst/layer1_pool_U/ram8_reg_bram_1/ADDRARDADDR[10]
  -------------------------------------------------------------------    -------------------

                         (clock clk_pl_0 rise edge)
                                                     10.000    10.000 r  
    PS8_X0Y0             PS8                          0.000    10.000 r  design_1_i/zynq_ultra_ps_e_0/inst/PS8_i/PLCLK[0]
                         net (fo=1, routed)           0.140    10.140    design_1_i/zynq_ultra_ps_e_0/inst/pl_clk_unbuffered[0]
    BUFG_PS_X0Y58        BUFG_PS (Prop_BUFG_PS_I_O)
                                                      0.027    10.167 r  design_1_i/zynq_ultra_ps_e_0/inst/buffer_pl_clk_0.PL_CLK_0_BUFG/O
    X0Y1 (CLOCK_ROOT)    net (fo=15423, routed)       1.712    11.879    design_1_i/cnn_predict_0/inst/layer1_pool_U/ap_clk
    RAMB36_X4Y27         RAMB36E2                                     r  design_1_i/cnn_predict_0/inst/layer1_pool_U/ram8_reg_bram_1/CLKARDCLK
                         clock pessimism              0.102    11.981    
                         clock uncertainty           -0.176    11.805    
    RAMB36_X4Y27         RAMB36E2 (Setup_RAMB36E2_RAMB36_CLKARDCLK_ADDRARDADDR[10])
                                                     -0.301    11.504    design_1_i/cnn_predict_0/inst/layer1_pool_U/ram8_reg_bram_1
  -------------------------------------------------------------------
                         required time                         11.504    
                         arrival time                          -7.942    
  -------------------------------------------------------------------
                         slack                                  3.563    

Slack (MET) :             3.586ns  (required time - arrival time)
  Source:                 design_1_i/cnn_predict_0/inst/grp_cnn_predict_Pipeline_VITIS_LOOP_121_11_VITIS_LOOP_122_12_VITIS_LOOP_123_13_fu_372/ap_CS_fsm_reg[2]/C
                            (rising edge-triggered cell FDRE clocked by clk_pl_0  {rise@0.000ns fall@5.000ns period=10.000ns})
  Destination:            design_1_i/cnn_predict_0/inst/layer1_pool_U/ram10_reg_bram_2/ADDRARDADDR[14]
                            (rising edge-triggered cell RAMB36E2 clocked by clk_pl_0  {rise@0.000ns fall@5.000ns period=10.000ns})
  Path Group:             clk_pl_0
  Path Type:              Setup (Max at Slow Process Corner)
  Requirement:            10.000ns  (clk_pl_0 rise@10.000ns - clk_pl_0 rise@0.000ns)
  Data Path Delay:        5.799ns  (logic 0.796ns (13.727%)  route 5.003ns (86.273%))
  Logic Levels:           6  (LUT3=2 LUT4=1 LUT6=3)
  Clock Path Skew:        -0.130ns (DCD - SCD + CPR)
    Destination Clock Delay (DCD):    1.710ns = ( 11.710 - 10.000 ) 
    Source Clock Delay      (SCD):    1.998ns
    Clock Pessimism Removal (CPR):    0.158ns
  Clock Uncertainty:      0.176ns  ((TSJ^2 + DJ^2)^1/2) / 2 + PE
    Total System Jitter     (TSJ):    0.071ns
    Discrete Jitter          (DJ):    0.344ns
    Phase Error              (PE):    0.000ns
  Clock Net Delay (Source):      1.791ns (routing 0.638ns, distribution 1.153ns)
  Clock Net Delay (Destination): 1.543ns (routing 0.576ns, distribution 0.967ns)

    Location             Delay type                Incr(ns)  Path(ns)    Netlist Resource(s)
  -------------------------------------------------------------------    -------------------
                         (clock clk_pl_0 rise edge)
                                                      0.000     0.000 r  
    PS8_X0Y0             PS8                          0.000     0.000 r  design_1_i/zynq_ultra_ps_e_0/inst/PS8_i/PLCLK[0]
                         net (fo=1, routed)           0.178     0.178    design_1_i/zynq_ultra_ps_e_0/inst/pl_clk_unbuffered[0]
    BUFG_PS_X0Y58        BUFG_PS (Prop_BUFG_PS_I_O)
                                                      0.029     0.207 r  design_1_i/zynq_ultra_ps_e_0/inst/buffer_pl_clk_0.PL_CLK_0_BUFG/O
    X0Y1 (CLOCK_ROOT)    net (fo=15423, routed)       1.791     1.998    design_1_i/cnn_predict_0/inst/grp_cnn_predict_Pipeline_VITIS_LOOP_121_11_VITIS_LOOP_122_12_VITIS_LOOP_123_13_fu_372/ap_clk
    SLICE_X23Y113        FDRE                                         r  design_1_i/cnn_predict_0/inst/grp_cnn_predict_Pipeline_VITIS_LOOP_121_11_VITIS_LOOP_122_12_VITIS_LOOP_123_13_fu_372/ap_CS_fsm_reg[2]/C
  -------------------------------------------------------------------    -------------------
    SLICE_X23Y113        FDRE (Prop_HFF2_SLICEL_C_Q)
                                                      0.097     2.095 f  design_1_i/cnn_predict_0/inst/grp_cnn_predict_Pipeline_VITIS_LOOP_121_11_VITIS_LOOP_122_12_VITIS_LOOP_123_13_fu_372/ap_CS_fsm_reg[2]/Q
                         net (fo=1607, routed)        1.695     3.790    design_1_i/cnn_predict_0/inst/grp_cnn_predict_Pipeline_VITIS_LOOP_121_11_VITIS_LOOP_122_12_VITIS_LOOP_123_13_fu_372/conv2_w_U/q8_reg_1[1]
    SLICE_X22Y93         LUT4 (Prop_B5LUT_SLICEL_I0_O)
                                                      0.089     3.879 f  design_1_i/cnn_predict_0/inst/grp_cnn_predict_Pipeline_VITIS_LOOP_121_11_VITIS_LOOP_122_12_VITIS_LOOP_123_13_fu_372/conv2_w_U/q0_reg_i_10/O
                         net (fo=68, routed)          0.407     4.286    design_1_i/cnn_predict_0/inst/grp_cnn_predict_Pipeline_VITIS_LOOP_121_11_VITIS_LOOP_122_12_VITIS_LOOP_123_13_fu_372/ap_ready_int
    SLICE_X20Y99         LUT3 (Prop_D6LUT_SLICEM_I0_O)
                                                      0.147     4.433 f  design_1_i/cnn_predict_0/inst/grp_cnn_predict_Pipeline_VITIS_LOOP_121_11_VITIS_LOOP_122_12_VITIS_LOOP_123_13_fu_372/q5_reg_i_1/O
                         net (fo=35, routed)          0.285     4.718    design_1_i/cnn_predict_0/inst/grp_cnn_predict_Pipeline_VITIS_LOOP_121_11_VITIS_LOOP_122_12_VITIS_LOOP_123_13_fu_372/conv2_w_address10[6]
    SLICE_X23Y95         LUT6 (Prop_D6LUT_SLICEL_I0_O)
                                                      0.174     4.892 r  design_1_i/cnn_predict_0/inst/grp_cnn_predict_Pipeline_VITIS_LOOP_121_11_VITIS_LOOP_122_12_VITIS_LOOP_123_13_fu_372/ram0_reg_bram_2_i_18/O
                         net (fo=3, routed)           0.122     5.014    design_1_i/cnn_predict_0/inst/grp_cnn_predict_Pipeline_VITIS_LOOP_121_11_VITIS_LOOP_122_12_VITIS_LOOP_123_13_fu_372/ram0_reg_bram_2_i_18_n_2
    SLICE_X23Y97         LUT6 (Prop_H6LUT_SLICEL_I2_O)
                                                      0.116     5.130 r  design_1_i/cnn_predict_0/inst/grp_cnn_predict_Pipeline_VITIS_LOOP_121_11_VITIS_LOOP_122_12_VITIS_LOOP_123_13_fu_372/ram0_reg_bram_2_i_14/O
                         net (fo=1, routed)           0.163     5.293    design_1_i/cnn_predict_0/inst/grp_cnn_predict_Pipeline_VITIS_LOOP_121_11_VITIS_LOOP_122_12_VITIS_LOOP_123_13_fu_372/ram0_reg_bram_2_i_14_n_2
    SLICE_X23Y97         LUT6 (Prop_C6LUT_SLICEL_I4_O)
                                                      0.038     5.331 r  design_1_i/cnn_predict_0/inst/grp_cnn_predict_Pipeline_VITIS_LOOP_121_11_VITIS_LOOP_122_12_VITIS_LOOP_123_13_fu_372/ram0_reg_bram_2_i_2/O
                         net (fo=35, routed)          0.717     6.048    design_1_i/cnn_predict_0/inst/grp_cnn_predict_Pipeline_VITIS_LOOP_121_11_VITIS_LOOP_122_12_VITIS_LOOP_123_13_fu_372/layer1_pool_address0[9]
    SLICE_X33Y121        LUT3 (Prop_C5LUT_SLICEL_I0_O)
                                                      0.135     6.183 r  design_1_i/cnn_predict_0/inst/grp_cnn_predict_Pipeline_VITIS_LOOP_121_11_VITIS_LOOP_122_12_VITIS_LOOP_123_13_fu_372/ram0_reg_bram_2_i_1__1/O
                         net (fo=22, routed)          1.614     7.797    design_1_i/cnn_predict_0/inst/layer1_pool_U/ADDRARDADDR[11]
    RAMB36_X1Y17         RAMB36E2                                     r  design_1_i/cnn_predict_0/inst/layer1_pool_U/ram10_reg_bram_2/ADDRARDADDR[14]
  -------------------------------------------------------------------    -------------------

                         (clock clk_pl_0 rise edge)
                                                     10.000    10.000 r  
    PS8_X0Y0             PS8                          0.000    10.000 r  design_1_i/zynq_ultra_ps_e_0/inst/PS8_i/PLCLK[0]
                         net (fo=1, routed)           0.140    10.140    design_1_i/zynq_ultra_ps_e_0/inst/pl_clk_unbuffered[0]
    BUFG_PS_X0Y58        BUFG_PS (Prop_BUFG_PS_I_O)
                                                      0.027    10.167 r  design_1_i/zynq_ultra_ps_e_0/inst/buffer_pl_clk_0.PL_CLK_0_BUFG/O
    X0Y1 (CLOCK_ROOT)    net (fo=15423, routed)       1.543    11.710    design_1_i/cnn_predict_0/inst/layer1_pool_U/ap_clk
    RAMB36_X1Y17         RAMB36E2                                     r  design_1_i/cnn_predict_0/inst/layer1_pool_U/ram10_reg_bram_2/CLKARDCLK
                         clock pessimism              0.158    11.868    
                         clock uncertainty           -0.176    11.692    
    RAMB36_X1Y17         RAMB36E2 (Setup_RAMB36E2_RAMB36_CLKARDCLK_ADDRARDADDR[14])
                                                     -0.309    11.383    design_1_i/cnn_predict_0/inst/layer1_pool_U/ram10_reg_bram_2
  -------------------------------------------------------------------
                         required time                         11.383    
                         arrival time                          -7.797    
  -------------------------------------------------------------------
                         slack                                  3.586    

Slack (MET) :             3.593ns  (required time - arrival time)
  Source:                 design_1_i/cnn_predict_0/inst/grp_cnn_predict_Pipeline_VITIS_LOOP_121_11_VITIS_LOOP_122_12_VITIS_LOOP_123_13_fu_372/ap_CS_fsm_reg[2]/C
                            (rising edge-triggered cell FDRE clocked by clk_pl_0  {rise@0.000ns fall@5.000ns period=10.000ns})
  Destination:            design_1_i/cnn_predict_0/inst/layer1_pool_U/ram6_reg_bram_1/ADDRARDADDR[14]
                            (rising edge-triggered cell RAMB36E2 clocked by clk_pl_0  {rise@0.000ns fall@5.000ns period=10.000ns})
  Path Group:             clk_pl_0
  Path Type:              Setup (Max at Slow Process Corner)
  Requirement:            10.000ns  (clk_pl_0 rise@10.000ns - clk_pl_0 rise@0.000ns)
  Data Path Delay:        5.778ns  (logic 0.767ns (13.275%)  route 5.011ns (86.725%))
  Logic Levels:           6  (LUT3=2 LUT4=1 LUT6=3)
  Clock Path Skew:        -0.144ns (DCD - SCD + CPR)
    Destination Clock Delay (DCD):    1.752ns = ( 11.752 - 10.000 ) 
    Source Clock Delay      (SCD):    1.998ns
    Clock Pessimism Removal (CPR):    0.102ns
  Clock Uncertainty:      0.176ns  ((TSJ^2 + DJ^2)^1/2) / 2 + PE
    Total System Jitter     (TSJ):    0.071ns
    Discrete Jitter          (DJ):    0.344ns
    Phase Error              (PE):    0.000ns
  Clock Net Delay (Source):      1.791ns (routing 0.638ns, distribution 1.153ns)
  Clock Net Delay (Destination): 1.585ns (routing 0.576ns, distribution 1.009ns)

    Location             Delay type                Incr(ns)  Path(ns)    Netlist Resource(s)
  -------------------------------------------------------------------    -------------------
                         (clock clk_pl_0 rise edge)
                                                      0.000     0.000 r  
    PS8_X0Y0             PS8                          0.000     0.000 r  design_1_i/zynq_ultra_ps_e_0/inst/PS8_i/PLCLK[0]
                         net (fo=1, routed)           0.178     0.178    design_1_i/zynq_ultra_ps_e_0/inst/pl_clk_unbuffered[0]
    BUFG_PS_X0Y58        BUFG_PS (Prop_BUFG_PS_I_O)
                                                      0.029     0.207 r  design_1_i/zynq_ultra_ps_e_0/inst/buffer_pl_clk_0.PL_CLK_0_BUFG/O
    X0Y1 (CLOCK_ROOT)    net (fo=15423, routed)       1.791     1.998    design_1_i/cnn_predict_0/inst/grp_cnn_predict_Pipeline_VITIS_LOOP_121_11_VITIS_LOOP_122_12_VITIS_LOOP_123_13_fu_372/ap_clk
    SLICE_X23Y113        FDRE                                         r  design_1_i/cnn_predict_0/inst/grp_cnn_predict_Pipeline_VITIS_LOOP_121_11_VITIS_LOOP_122_12_VITIS_LOOP_123_13_fu_372/ap_CS_fsm_reg[2]/C
  -------------------------------------------------------------------    -------------------
    SLICE_X23Y113        FDRE (Prop_HFF2_SLICEL_C_Q)
                                                      0.097     2.095 f  design_1_i/cnn_predict_0/inst/grp_cnn_predict_Pipeline_VITIS_LOOP_121_11_VITIS_LOOP_122_12_VITIS_LOOP_123_13_fu_372/ap_CS_fsm_reg[2]/Q
                         net (fo=1607, routed)        1.695     3.790    design_1_i/cnn_predict_0/inst/grp_cnn_predict_Pipeline_VITIS_LOOP_121_11_VITIS_LOOP_122_12_VITIS_LOOP_123_13_fu_372/conv2_w_U/q8_reg_1[1]
    SLICE_X22Y93         LUT4 (Prop_B5LUT_SLICEL_I0_O)
                                                      0.089     3.879 f  design_1_i/cnn_predict_0/inst/grp_cnn_predict_Pipeline_VITIS_LOOP_121_11_VITIS_LOOP_122_12_VITIS_LOOP_123_13_fu_372/conv2_w_U/q0_reg_i_10/O
                         net (fo=68, routed)          0.407     4.286    design_1_i/cnn_predict_0/inst/grp_cnn_predict_Pipeline_VITIS_LOOP_121_11_VITIS_LOOP_122_12_VITIS_LOOP_123_13_fu_372/ap_ready_int
    SLICE_X20Y99         LUT3 (Prop_D6LUT_SLICEM_I0_O)
                                                      0.147     4.433 f  design_1_i/cnn_predict_0/inst/grp_cnn_predict_Pipeline_VITIS_LOOP_121_11_VITIS_LOOP_122_12_VITIS_LOOP_123_13_fu_372/q5_reg_i_1/O
                         net (fo=35, routed)          0.229     4.662    design_1_i/cnn_predict_0/inst/grp_cnn_predict_Pipeline_VITIS_LOOP_121_11_VITIS_LOOP_122_12_VITIS_LOOP_123_13_fu_372/conv2_w_address10[6]
    SLICE_X22Y95         LUT6 (Prop_G6LUT_SLICEL_I2_O)
                                                      0.100     4.762 r  design_1_i/cnn_predict_0/inst/grp_cnn_predict_Pipeline_VITIS_LOOP_121_11_VITIS_LOOP_122_12_VITIS_LOOP_123_13_fu_372/ram0_reg_bram_0_i_73/O
                         net (fo=3, routed)           0.230     4.992    design_1_i/cnn_predict_0/inst/grp_cnn_predict_Pipeline_VITIS_LOOP_121_11_VITIS_LOOP_122_12_VITIS_LOOP_123_13_fu_372/ram0_reg_bram_0_i_73_n_2
    SLICE_X23Y99         LUT6 (Prop_F6LUT_SLICEL_I0_O)
                                                      0.114     5.106 r  design_1_i/cnn_predict_0/inst/grp_cnn_predict_Pipeline_VITIS_LOOP_121_11_VITIS_LOOP_122_12_VITIS_LOOP_123_13_fu_372/ram0_reg_bram_0_i_44/O
                         net (fo=1, routed)           0.045     5.151    design_1_i/cnn_predict_0/inst/grp_cnn_predict_Pipeline_VITIS_LOOP_121_11_VITIS_LOOP_122_12_VITIS_LOOP_123_13_fu_372/ram0_reg_bram_0_i_44_n_2
    SLICE_X23Y99         LUT6 (Prop_G6LUT_SLICEL_I5_O)
                                                      0.038     5.189 r  design_1_i/cnn_predict_0/inst/grp_cnn_predict_Pipeline_VITIS_LOOP_121_11_VITIS_LOOP_122_12_VITIS_LOOP_123_13_fu_372/ram0_reg_bram_0_i_14/O
                         net (fo=14, routed)          0.485     5.674    design_1_i/cnn_predict_0/inst/grp_cnn_predict_Pipeline_VITIS_LOOP_121_11_VITIS_LOOP_122_12_VITIS_LOOP_123_13_fu_372/layer1_pool_address0[8]
    SLICE_X19Y94         LUT3 (Prop_H6LUT_SLICEM_I0_O)
                                                      0.182     5.856 r  design_1_i/cnn_predict_0/inst/grp_cnn_predict_Pipeline_VITIS_LOOP_121_11_VITIS_LOOP_122_12_VITIS_LOOP_123_13_fu_372/ram5_reg_bram_0_i_1/O
                         net (fo=24, routed)          1.919     7.776    design_1_i/cnn_predict_0/inst/layer1_pool_U/ram5_reg_bram_3_0[10]
    RAMB36_X1Y28         RAMB36E2                                     r  design_1_i/cnn_predict_0/inst/layer1_pool_U/ram6_reg_bram_1/ADDRARDADDR[14]
  -------------------------------------------------------------------    -------------------

                         (clock clk_pl_0 rise edge)
                                                     10.000    10.000 r  
    PS8_X0Y0             PS8                          0.000    10.000 r  design_1_i/zynq_ultra_ps_e_0/inst/PS8_i/PLCLK[0]
                         net (fo=1, routed)           0.140    10.140    design_1_i/zynq_ultra_ps_e_0/inst/pl_clk_unbuffered[0]
    BUFG_PS_X0Y58        BUFG_PS (Prop_BUFG_PS_I_O)
                                                      0.027    10.167 r  design_1_i/zynq_ultra_ps_e_0/inst/buffer_pl_clk_0.PL_CLK_0_BUFG/O
    X0Y1 (CLOCK_ROOT)    net (fo=15423, routed)       1.585    11.752    design_1_i/cnn_predict_0/inst/layer1_pool_U/ap_clk
    RAMB36_X1Y28         RAMB36E2                                     r  design_1_i/cnn_predict_0/inst/layer1_pool_U/ram6_reg_bram_1/CLKARDCLK
                         clock pessimism              0.102    11.854    
                         clock uncertainty           -0.176    11.678    
    RAMB36_X1Y28         RAMB36E2 (Setup_RAMB36E2_RAMB36_CLKARDCLK_ADDRARDADDR[14])
                                                     -0.309    11.369    design_1_i/cnn_predict_0/inst/layer1_pool_U/ram6_reg_bram_1
  -------------------------------------------------------------------
                         required time                         11.369    
                         arrival time                          -7.776    
  -------------------------------------------------------------------
                         slack                                  3.593    

Slack (MET) :             3.599ns  (required time - arrival time)
  Source:                 design_1_i/cnn_predict_0/inst/grp_cnn_predict_Pipeline_VITIS_LOOP_121_11_VITIS_LOOP_122_12_VITIS_LOOP_123_13_fu_372/ap_CS_fsm_reg[2]/C
                            (rising edge-triggered cell FDRE clocked by clk_pl_0  {rise@0.000ns fall@5.000ns period=10.000ns})
  Destination:            design_1_i/cnn_predict_0/inst/layer1_pool_U/ram8_reg_bram_3/ADDRARDADDR[9]
                            (rising edge-triggered cell RAMB36E2 clocked by clk_pl_0  {rise@0.000ns fall@5.000ns period=10.000ns})
  Path Group:             clk_pl_0
  Path Type:              Setup (Max at Slow Process Corner)
  Requirement:            10.000ns  (clk_pl_0 rise@10.000ns - clk_pl_0 rise@0.000ns)
  Data Path Delay:        5.882ns  (logic 0.520ns (8.841%)  route 5.362ns (91.159%))
  Logic Levels:           5  (LUT3=2 LUT4=1 LUT6=2)
  Clock Path Skew:        -0.043ns (DCD - SCD + CPR)
    Destination Clock Delay (DCD):    1.853ns = ( 11.853 - 10.000 ) 
    Source Clock Delay      (SCD):    1.998ns
    Clock Pessimism Removal (CPR):    0.102ns
  Clock Uncertainty:      0.176ns  ((TSJ^2 + DJ^2)^1/2) / 2 + PE
    Total System Jitter     (TSJ):    0.071ns
    Discrete Jitter          (DJ):    0.344ns
    Phase Error              (PE):    0.000ns
  Clock Net Delay (Source):      1.791ns (routing 0.638ns, distribution 1.153ns)
  Clock Net Delay (Destination): 1.686ns (routing 0.576ns, distribution 1.110ns)

    Location             Delay type                Incr(ns)  Path(ns)    Netlist Resource(s)
  -------------------------------------------------------------------    -------------------
                         (clock clk_pl_0 rise edge)
                                                      0.000     0.000 r  
    PS8_X0Y0             PS8                          0.000     0.000 r  design_1_i/zynq_ultra_ps_e_0/inst/PS8_i/PLCLK[0]
                         net (fo=1, routed)           0.178     0.178    design_1_i/zynq_ultra_ps_e_0/inst/pl_clk_unbuffered[0]
    BUFG_PS_X0Y58        BUFG_PS (Prop_BUFG_PS_I_O)
                                                      0.029     0.207 r  design_1_i/zynq_ultra_ps_e_0/inst/buffer_pl_clk_0.PL_CLK_0_BUFG/O
    X0Y1 (CLOCK_ROOT)    net (fo=15423, routed)       1.791     1.998    design_1_i/cnn_predict_0/inst/grp_cnn_predict_Pipeline_VITIS_LOOP_121_11_VITIS_LOOP_122_12_VITIS_LOOP_123_13_fu_372/ap_clk
    SLICE_X23Y113        FDRE                                         r  design_1_i/cnn_predict_0/inst/grp_cnn_predict_Pipeline_VITIS_LOOP_121_11_VITIS_LOOP_122_12_VITIS_LOOP_123_13_fu_372/ap_CS_fsm_reg[2]/C
  -------------------------------------------------------------------    -------------------
    SLICE_X23Y113        FDRE (Prop_HFF2_SLICEL_C_Q)
                                                      0.097     2.095 r  design_1_i/cnn_predict_0/inst/grp_cnn_predict_Pipeline_VITIS_LOOP_121_11_VITIS_LOOP_122_12_VITIS_LOOP_123_13_fu_372/ap_CS_fsm_reg[2]/Q
                         net (fo=1607, routed)        1.695     3.790    design_1_i/cnn_predict_0/inst/grp_cnn_predict_Pipeline_VITIS_LOOP_121_11_VITIS_LOOP_122_12_VITIS_LOOP_123_13_fu_372/conv2_w_U/q8_reg_1[1]
    SLICE_X22Y93         LUT4 (Prop_B5LUT_SLICEL_I0_O)
                                                      0.089     3.879 r  design_1_i/cnn_predict_0/inst/grp_cnn_predict_Pipeline_VITIS_LOOP_121_11_VITIS_LOOP_122_12_VITIS_LOOP_123_13_fu_372/conv2_w_U/q0_reg_i_10/O
                         net (fo=68, routed)          0.374     4.253    design_1_i/cnn_predict_0/inst/grp_cnn_predict_Pipeline_VITIS_LOOP_121_11_VITIS_LOOP_122_12_VITIS_LOOP_123_13_fu_372/ap_ready_int
    SLICE_X21Y98         LUT3 (Prop_C6LUT_SLICEL_I2_O)
                                                      0.063     4.316 f  design_1_i/cnn_predict_0/inst/grp_cnn_predict_Pipeline_VITIS_LOOP_121_11_VITIS_LOOP_122_12_VITIS_LOOP_123_13_fu_372/q5_reg_i_2/O
                         net (fo=17, routed)          0.505     4.821    design_1_i/cnn_predict_0/inst/grp_cnn_predict_Pipeline_VITIS_LOOP_121_11_VITIS_LOOP_122_12_VITIS_LOOP_123_13_fu_372/conv2_w_address7[5]
    SLICE_X18Y95         LUT6 (Prop_H6LUT_SLICEL_I0_O)
                                                      0.040     4.861 r  design_1_i/cnn_predict_0/inst/grp_cnn_predict_Pipeline_VITIS_LOOP_121_11_VITIS_LOOP_122_12_VITIS_LOOP_123_13_fu_372/ram0_reg_bram_0_i_56/O
                         net (fo=1, routed)           0.114     4.975    design_1_i/cnn_predict_0/inst/grp_cnn_predict_Pipeline_VITIS_LOOP_121_11_VITIS_LOOP_122_12_VITIS_LOOP_123_13_fu_372/ram0_reg_bram_0_i_56_n_2
    SLICE_X19Y95         LUT6 (Prop_C6LUT_SLICEM_I4_O)
                                                      0.147     5.122 r  design_1_i/cnn_predict_0/inst/grp_cnn_predict_Pipeline_VITIS_LOOP_121_11_VITIS_LOOP_122_12_VITIS_LOOP_123_13_fu_372/ram0_reg_bram_0_i_18/O
                         net (fo=14, routed)          0.169     5.290    design_1_i/cnn_predict_0/inst/grp_cnn_predict_Pipeline_VITIS_LOOP_121_11_VITIS_LOOP_122_12_VITIS_LOOP_123_13_fu_372/layer1_pool_address0[4]
    SLICE_X19Y94         LUT3 (Prop_G5LUT_SLICEM_I0_O)
                                                      0.084     5.374 r  design_1_i/cnn_predict_0/inst/grp_cnn_predict_Pipeline_VITIS_LOOP_121_11_VITIS_LOOP_122_12_VITIS_LOOP_123_13_fu_372/ram5_reg_bram_0_i_5/O
                         net (fo=24, routed)          2.505     7.880    design_1_i/cnn_predict_0/inst/layer1_pool_U/ram5_reg_bram_3_0[6]
    RAMB36_X3Y28         RAMB36E2                                     r  design_1_i/cnn_predict_0/inst/layer1_pool_U/ram8_reg_bram_3/ADDRARDADDR[9]
  -------------------------------------------------------------------    -------------------

                         (clock clk_pl_0 rise edge)
                                                     10.000    10.000 r  
    PS8_X0Y0             PS8                          0.000    10.000 r  design_1_i/zynq_ultra_ps_e_0/inst/PS8_i/PLCLK[0]
                         net (fo=1, routed)           0.140    10.140    design_1_i/zynq_ultra_ps_e_0/inst/pl_clk_unbuffered[0]
    BUFG_PS_X0Y58        BUFG_PS (Prop_BUFG_PS_I_O)
                                                      0.027    10.167 r  design_1_i/zynq_ultra_ps_e_0/inst/buffer_pl_clk_0.PL_CLK_0_BUFG/O
    X0Y1 (CLOCK_ROOT)    net (fo=15423, routed)       1.686    11.853    design_1_i/cnn_predict_0/inst/layer1_pool_U/ap_clk
    RAMB36_X3Y28         RAMB36E2                                     r  design_1_i/cnn_predict_0/inst/layer1_pool_U/ram8_reg_bram_3/CLKARDCLK
                         clock pessimism              0.102    11.955    
                         clock uncertainty           -0.176    11.779    
    RAMB36_X3Y28         RAMB36E2 (Setup_RAMB36E2_RAMB36_CLKARDCLK_ADDRARDADDR[9])
                                                     -0.300    11.479    design_1_i/cnn_predict_0/inst/layer1_pool_U/ram8_reg_bram_3
  -------------------------------------------------------------------
                         required time                         11.479    
                         arrival time                          -7.880    
  -------------------------------------------------------------------
                         slack                                  3.599    

Slack (MET) :             3.616ns  (required time - arrival time)
  Source:                 design_1_i/cnn_predict_0/inst/grp_cnn_predict_Pipeline_VITIS_LOOP_121_11_VITIS_LOOP_122_12_VITIS_LOOP_123_13_fu_372/ap_CS_fsm_reg[2]/C
                            (rising edge-triggered cell FDRE clocked by clk_pl_0  {rise@0.000ns fall@5.000ns period=10.000ns})
  Destination:            design_1_i/cnn_predict_0/inst/layer1_pool_U/ram7_reg_bram_1/ENARDEN
                            (rising edge-triggered cell RAMB36E2 clocked by clk_pl_0  {rise@0.000ns fall@5.000ns period=10.000ns})
  Path Group:             clk_pl_0
  Path Type:              Setup (Max at Slow Process Corner)
  Requirement:            10.000ns  (clk_pl_0 rise@10.000ns - clk_pl_0 rise@0.000ns)
  Data Path Delay:        5.736ns  (logic 0.934ns (16.282%)  route 4.802ns (83.718%))
  Logic Levels:           7  (LUT2=1 LUT3=1 LUT4=1 LUT5=1 LUT6=3)
  Clock Path Skew:        -0.111ns (DCD - SCD + CPR)
    Destination Clock Delay (DCD):    1.729ns = ( 11.729 - 10.000 ) 
    Source Clock Delay      (SCD):    1.998ns
    Clock Pessimism Removal (CPR):    0.158ns
  Clock Uncertainty:      0.176ns  ((TSJ^2 + DJ^2)^1/2) / 2 + PE
    Total System Jitter     (TSJ):    0.071ns
    Discrete Jitter          (DJ):    0.344ns
    Phase Error              (PE):    0.000ns
  Clock Net Delay (Source):      1.791ns (routing 0.638ns, distribution 1.153ns)
  Clock Net Delay (Destination): 1.562ns (routing 0.576ns, distribution 0.986ns)

    Location             Delay type                Incr(ns)  Path(ns)    Netlist Resource(s)
  -------------------------------------------------------------------    -------------------
                         (clock clk_pl_0 rise edge)
                                                      0.000     0.000 r  
    PS8_X0Y0             PS8                          0.000     0.000 r  design_1_i/zynq_ultra_ps_e_0/inst/PS8_i/PLCLK[0]
                         net (fo=1, routed)           0.178     0.178    design_1_i/zynq_ultra_ps_e_0/inst/pl_clk_unbuffered[0]
    BUFG_PS_X0Y58        BUFG_PS (Prop_BUFG_PS_I_O)
                                                      0.029     0.207 r  design_1_i/zynq_ultra_ps_e_0/inst/buffer_pl_clk_0.PL_CLK_0_BUFG/O
    X0Y1 (CLOCK_ROOT)    net (fo=15423, routed)       1.791     1.998    design_1_i/cnn_predict_0/inst/grp_cnn_predict_Pipeline_VITIS_LOOP_121_11_VITIS_LOOP_122_12_VITIS_LOOP_123_13_fu_372/ap_clk
    SLICE_X23Y113        FDRE                                         r  design_1_i/cnn_predict_0/inst/grp_cnn_predict_Pipeline_VITIS_LOOP_121_11_VITIS_LOOP_122_12_VITIS_LOOP_123_13_fu_372/ap_CS_fsm_reg[2]/C
  -------------------------------------------------------------------    -------------------
    SLICE_X23Y113        FDRE (Prop_HFF2_SLICEL_C_Q)
                                                      0.097     2.095 f  design_1_i/cnn_predict_0/inst/grp_cnn_predict_Pipeline_VITIS_LOOP_121_11_VITIS_LOOP_122_12_VITIS_LOOP_123_13_fu_372/ap_CS_fsm_reg[2]/Q
                         net (fo=1607, routed)        1.695     3.790    design_1_i/cnn_predict_0/inst/grp_cnn_predict_Pipeline_VITIS_LOOP_121_11_VITIS_LOOP_122_12_VITIS_LOOP_123_13_fu_372/conv2_w_U/q8_reg_1[1]
    SLICE_X22Y93         LUT4 (Prop_B5LUT_SLICEL_I0_O)
                                                      0.089     3.879 f  design_1_i/cnn_predict_0/inst/grp_cnn_predict_Pipeline_VITIS_LOOP_121_11_VITIS_LOOP_122_12_VITIS_LOOP_123_13_fu_372/conv2_w_U/q0_reg_i_10/O
                         net (fo=68, routed)          0.407     4.286    design_1_i/cnn_predict_0/inst/grp_cnn_predict_Pipeline_VITIS_LOOP_121_11_VITIS_LOOP_122_12_VITIS_LOOP_123_13_fu_372/ap_ready_int
    SLICE_X20Y99         LUT3 (Prop_D6LUT_SLICEM_I0_O)
                                                      0.147     4.433 f  design_1_i/cnn_predict_0/inst/grp_cnn_predict_Pipeline_VITIS_LOOP_121_11_VITIS_LOOP_122_12_VITIS_LOOP_123_13_fu_372/q5_reg_i_1/O
                         net (fo=35, routed)          0.285     4.718    design_1_i/cnn_predict_0/inst/grp_cnn_predict_Pipeline_VITIS_LOOP_121_11_VITIS_LOOP_122_12_VITIS_LOOP_123_13_fu_372/conv2_w_address10[6]
    SLICE_X23Y95         LUT6 (Prop_D6LUT_SLICEL_I0_O)
                                                      0.174     4.892 r  design_1_i/cnn_predict_0/inst/grp_cnn_predict_Pipeline_VITIS_LOOP_121_11_VITIS_LOOP_122_12_VITIS_LOOP_123_13_fu_372/ram0_reg_bram_2_i_18/O
                         net (fo=3, routed)           0.122     5.014    design_1_i/cnn_predict_0/inst/grp_cnn_predict_Pipeline_VITIS_LOOP_121_11_VITIS_LOOP_122_12_VITIS_LOOP_123_13_fu_372/ram0_reg_bram_2_i_18_n_2
    SLICE_X23Y97         LUT6 (Prop_H6LUT_SLICEL_I2_O)
                                                      0.116     5.130 r  design_1_i/cnn_predict_0/inst/grp_cnn_predict_Pipeline_VITIS_LOOP_121_11_VITIS_LOOP_122_12_VITIS_LOOP_123_13_fu_372/ram0_reg_bram_2_i_14/O
                         net (fo=1, routed)           0.163     5.293    design_1_i/cnn_predict_0/inst/grp_cnn_predict_Pipeline_VITIS_LOOP_121_11_VITIS_LOOP_122_12_VITIS_LOOP_123_13_fu_372/ram0_reg_bram_2_i_14_n_2
    SLICE_X23Y97         LUT6 (Prop_C6LUT_SLICEL_I4_O)
                                                      0.038     5.331 r  design_1_i/cnn_predict_0/inst/grp_cnn_predict_Pipeline_VITIS_LOOP_121_11_VITIS_LOOP_122_12_VITIS_LOOP_123_13_fu_372/ram0_reg_bram_2_i_2/O
                         net (fo=35, routed)          0.483     5.814    design_1_i/cnn_predict_0/inst/grp_cnn_predict_Pipeline_VITIS_LOOP_103_6_VITIS_LOOP_104_7_VITIS_LOOP_105_8_fu_339/layer1_pool_address0[0]
    SLICE_X33Y101        LUT5 (Prop_D5LUT_SLICEL_I4_O)
                                                      0.080     5.894 r  design_1_i/cnn_predict_0/inst/grp_cnn_predict_Pipeline_VITIS_LOOP_103_6_VITIS_LOOP_104_7_VITIS_LOOP_105_8_fu_339/ram0_reg_bram_1_i_7__0/O
                         net (fo=14, routed)          1.059     6.952    design_1_i/cnn_predict_0/inst/layer1_pool_U/ram0_reg_bram_1_4
    SLICE_X12Y121        LUT2 (Prop_D5LUT_SLICEL_I1_O)
                                                      0.193     7.145 r  design_1_i/cnn_predict_0/inst/layer1_pool_U/ram7_reg_bram_1_ENARDEN_cooolgate_en_gate_123/O
                         net (fo=1, routed)           0.589     7.735    design_1_i/cnn_predict_0/inst/layer1_pool_U/ram7_reg_bram_1_ENARDEN_cooolgate_en_sig_62
    RAMB36_X0Y23         RAMB36E2                                     r  design_1_i/cnn_predict_0/inst/layer1_pool_U/ram7_reg_bram_1/ENARDEN
  -------------------------------------------------------------------    -------------------

                         (clock clk_pl_0 rise edge)
                                                     10.000    10.000 r  
    PS8_X0Y0             PS8                          0.000    10.000 r  design_1_i/zynq_ultra_ps_e_0/inst/PS8_i/PLCLK[0]
                         net (fo=1, routed)           0.140    10.140    design_1_i/zynq_ultra_ps_e_0/inst/pl_clk_unbuffered[0]
    BUFG_PS_X0Y58        BUFG_PS (Prop_BUFG_PS_I_O)
                                                      0.027    10.167 r  design_1_i/zynq_ultra_ps_e_0/inst/buffer_pl_clk_0.PL_CLK_0_BUFG/O
    X0Y1 (CLOCK_ROOT)    net (fo=15423, routed)       1.562    11.729    design_1_i/cnn_predict_0/inst/layer1_pool_U/ap_clk
    RAMB36_X0Y23         RAMB36E2                                     r  design_1_i/cnn_predict_0/inst/layer1_pool_U/ram7_reg_bram_1/CLKARDCLK
                         clock pessimism              0.158    11.887    
                         clock uncertainty           -0.176    11.711    
    RAMB36_X0Y23         RAMB36E2 (Setup_RAMB36E2_RAMB36_CLKARDCLK_ENARDEN)
                                                     -0.361    11.350    design_1_i/cnn_predict_0/inst/layer1_pool_U/ram7_reg_bram_1
  -------------------------------------------------------------------
                         required time                         11.350    
                         arrival time                          -7.735    
  -------------------------------------------------------------------
                         slack                                  3.616    

Slack (MET) :             3.624ns  (required time - arrival time)
  Source:                 design_1_i/cnn_predict_0/inst/grp_cnn_predict_Pipeline_VITIS_LOOP_121_11_VITIS_LOOP_122_12_VITIS_LOOP_123_13_fu_372/ap_CS_fsm_reg[2]/C
                            (rising edge-triggered cell FDRE clocked by clk_pl_0  {rise@0.000ns fall@5.000ns period=10.000ns})
  Destination:            design_1_i/cnn_predict_0/inst/layer1_pool_U/ram6_reg_bram_3/ADDRARDADDR[14]
                            (rising edge-triggered cell RAMB36E2 clocked by clk_pl_0  {rise@0.000ns fall@5.000ns period=10.000ns})
  Path Group:             clk_pl_0
  Path Type:              Setup (Max at Slow Process Corner)
  Requirement:            10.000ns  (clk_pl_0 rise@10.000ns - clk_pl_0 rise@0.000ns)
  Data Path Delay:        5.752ns  (logic 0.796ns (13.839%)  route 4.956ns (86.161%))
  Logic Levels:           6  (LUT3=2 LUT4=1 LUT6=3)
  Clock Path Skew:        -0.139ns (DCD - SCD + CPR)
    Destination Clock Delay (DCD):    1.757ns = ( 11.757 - 10.000 ) 
    Source Clock Delay      (SCD):    1.998ns
    Clock Pessimism Removal (CPR):    0.102ns
  Clock Uncertainty:      0.176ns  ((TSJ^2 + DJ^2)^1/2) / 2 + PE
    Total System Jitter     (TSJ):    0.071ns
    Discrete Jitter          (DJ):    0.344ns
    Phase Error              (PE):    0.000ns
  Clock Net Delay (Source):      1.791ns (routing 0.638ns, distribution 1.153ns)
  Clock Net Delay (Destination): 1.590ns (routing 0.576ns, distribution 1.014ns)

    Location             Delay type                Incr(ns)  Path(ns)    Netlist Resource(s)
  -------------------------------------------------------------------    -------------------
                         (clock clk_pl_0 rise edge)
                                                      0.000     0.000 r  
    PS8_X0Y0             PS8                          0.000     0.000 r  design_1_i/zynq_ultra_ps_e_0/inst/PS8_i/PLCLK[0]
                         net (fo=1, routed)           0.178     0.178    design_1_i/zynq_ultra_ps_e_0/inst/pl_clk_unbuffered[0]
    BUFG_PS_X0Y58        BUFG_PS (Prop_BUFG_PS_I_O)
                                                      0.029     0.207 r  design_1_i/zynq_ultra_ps_e_0/inst/buffer_pl_clk_0.PL_CLK_0_BUFG/O
    X0Y1 (CLOCK_ROOT)    net (fo=15423, routed)       1.791     1.998    design_1_i/cnn_predict_0/inst/grp_cnn_predict_Pipeline_VITIS_LOOP_121_11_VITIS_LOOP_122_12_VITIS_LOOP_123_13_fu_372/ap_clk
    SLICE_X23Y113        FDRE                                         r  design_1_i/cnn_predict_0/inst/grp_cnn_predict_Pipeline_VITIS_LOOP_121_11_VITIS_LOOP_122_12_VITIS_LOOP_123_13_fu_372/ap_CS_fsm_reg[2]/C
  -------------------------------------------------------------------    -------------------
    SLICE_X23Y113        FDRE (Prop_HFF2_SLICEL_C_Q)
                                                      0.097     2.095 f  design_1_i/cnn_predict_0/inst/grp_cnn_predict_Pipeline_VITIS_LOOP_121_11_VITIS_LOOP_122_12_VITIS_LOOP_123_13_fu_372/ap_CS_fsm_reg[2]/Q
                         net (fo=1607, routed)        1.695     3.790    design_1_i/cnn_predict_0/inst/grp_cnn_predict_Pipeline_VITIS_LOOP_121_11_VITIS_LOOP_122_12_VITIS_LOOP_123_13_fu_372/conv2_w_U/q8_reg_1[1]
    SLICE_X22Y93         LUT4 (Prop_B5LUT_SLICEL_I0_O)
                                                      0.089     3.879 f  design_1_i/cnn_predict_0/inst/grp_cnn_predict_Pipeline_VITIS_LOOP_121_11_VITIS_LOOP_122_12_VITIS_LOOP_123_13_fu_372/conv2_w_U/q0_reg_i_10/O
                         net (fo=68, routed)          0.407     4.286    design_1_i/cnn_predict_0/inst/grp_cnn_predict_Pipeline_VITIS_LOOP_121_11_VITIS_LOOP_122_12_VITIS_LOOP_123_13_fu_372/ap_ready_int
    SLICE_X20Y99         LUT3 (Prop_D6LUT_SLICEM_I0_O)
                                                      0.147     4.433 f  design_1_i/cnn_predict_0/inst/grp_cnn_predict_Pipeline_VITIS_LOOP_121_11_VITIS_LOOP_122_12_VITIS_LOOP_123_13_fu_372/q5_reg_i_1/O
                         net (fo=35, routed)          0.285     4.718    design_1_i/cnn_predict_0/inst/grp_cnn_predict_Pipeline_VITIS_LOOP_121_11_VITIS_LOOP_122_12_VITIS_LOOP_123_13_fu_372/conv2_w_address10[6]
    SLICE_X23Y95         LUT6 (Prop_D6LUT_SLICEL_I0_O)
                                                      0.174     4.892 r  design_1_i/cnn_predict_0/inst/grp_cnn_predict_Pipeline_VITIS_LOOP_121_11_VITIS_LOOP_122_12_VITIS_LOOP_123_13_fu_372/ram0_reg_bram_2_i_18/O
                         net (fo=3, routed)           0.122     5.014    design_1_i/cnn_predict_0/inst/grp_cnn_predict_Pipeline_VITIS_LOOP_121_11_VITIS_LOOP_122_12_VITIS_LOOP_123_13_fu_372/ram0_reg_bram_2_i_18_n_2
    SLICE_X23Y97         LUT6 (Prop_H6LUT_SLICEL_I2_O)
                                                      0.116     5.130 r  design_1_i/cnn_predict_0/inst/grp_cnn_predict_Pipeline_VITIS_LOOP_121_11_VITIS_LOOP_122_12_VITIS_LOOP_123_13_fu_372/ram0_reg_bram_2_i_14/O
                         net (fo=1, routed)           0.163     5.293    design_1_i/cnn_predict_0/inst/grp_cnn_predict_Pipeline_VITIS_LOOP_121_11_VITIS_LOOP_122_12_VITIS_LOOP_123_13_fu_372/ram0_reg_bram_2_i_14_n_2
    SLICE_X23Y97         LUT6 (Prop_C6LUT_SLICEL_I4_O)
                                                      0.038     5.331 r  design_1_i/cnn_predict_0/inst/grp_cnn_predict_Pipeline_VITIS_LOOP_121_11_VITIS_LOOP_122_12_VITIS_LOOP_123_13_fu_372/ram0_reg_bram_2_i_2/O
                         net (fo=35, routed)          0.717     6.048    design_1_i/cnn_predict_0/inst/grp_cnn_predict_Pipeline_VITIS_LOOP_121_11_VITIS_LOOP_122_12_VITIS_LOOP_123_13_fu_372/layer1_pool_address0[9]
    SLICE_X33Y121        LUT3 (Prop_C5LUT_SLICEL_I0_O)
                                                      0.135     6.183 r  design_1_i/cnn_predict_0/inst/grp_cnn_predict_Pipeline_VITIS_LOOP_121_11_VITIS_LOOP_122_12_VITIS_LOOP_123_13_fu_372/ram0_reg_bram_2_i_1__1/O
                         net (fo=22, routed)          1.567     7.750    design_1_i/cnn_predict_0/inst/layer1_pool_U/ADDRARDADDR[11]
    RAMB36_X0Y28         RAMB36E2                                     r  design_1_i/cnn_predict_0/inst/layer1_pool_U/ram6_reg_bram_3/ADDRARDADDR[14]
  -------------------------------------------------------------------    -------------------

                         (clock clk_pl_0 rise edge)
                                                     10.000    10.000 r  
    PS8_X0Y0             PS8                          0.000    10.000 r  design_1_i/zynq_ultra_ps_e_0/inst/PS8_i/PLCLK[0]
                         net (fo=1, routed)           0.140    10.140    design_1_i/zynq_ultra_ps_e_0/inst/pl_clk_unbuffered[0]
    BUFG_PS_X0Y58        BUFG_PS (Prop_BUFG_PS_I_O)
                                                      0.027    10.167 r  design_1_i/zynq_ultra_ps_e_0/inst/buffer_pl_clk_0.PL_CLK_0_BUFG/O
    X0Y1 (CLOCK_ROOT)    net (fo=15423, routed)       1.590    11.757    design_1_i/cnn_predict_0/inst/layer1_pool_U/ap_clk
    RAMB36_X0Y28         RAMB36E2                                     r  design_1_i/cnn_predict_0/inst/layer1_pool_U/ram6_reg_bram_3/CLKARDCLK
                         clock pessimism              0.102    11.859    
                         clock uncertainty           -0.176    11.683    
    RAMB36_X0Y28         RAMB36E2 (Setup_RAMB36E2_RAMB36_CLKARDCLK_ADDRARDADDR[14])
                                                     -0.309    11.374    design_1_i/cnn_predict_0/inst/layer1_pool_U/ram6_reg_bram_3
  -------------------------------------------------------------------
                         required time                         11.374    
                         arrival time                          -7.750    
  -------------------------------------------------------------------
                         slack                                  3.624    

Slack (MET) :             3.625ns  (required time - arrival time)
  Source:                 design_1_i/cnn_predict_0/inst/grp_cnn_predict_Pipeline_VITIS_LOOP_121_11_VITIS_LOOP_122_12_VITIS_LOOP_123_13_fu_372/ap_CS_fsm_reg[2]/C
                            (rising edge-triggered cell FDRE clocked by clk_pl_0  {rise@0.000ns fall@5.000ns period=10.000ns})
  Destination:            design_1_i/cnn_predict_0/inst/layer1_pool_U/ram6_reg_bram_2/ADDRARDADDR[13]
                            (rising edge-triggered cell RAMB36E2 clocked by clk_pl_0  {rise@0.000ns fall@5.000ns period=10.000ns})
  Path Group:             clk_pl_0
  Path Type:              Setup (Max at Slow Process Corner)
  Requirement:            10.000ns  (clk_pl_0 rise@10.000ns - clk_pl_0 rise@0.000ns)
  Data Path Delay:        5.769ns  (logic 0.767ns (13.295%)  route 5.002ns (86.705%))
  Logic Levels:           6  (LUT3=2 LUT4=1 LUT6=3)
  Clock Path Skew:        -0.133ns (DCD - SCD + CPR)
    Destination Clock Delay (DCD):    1.763ns = ( 11.763 - 10.000 ) 
    Source Clock Delay      (SCD):    1.998ns
    Clock Pessimism Removal (CPR):    0.102ns
  Clock Uncertainty:      0.176ns  ((TSJ^2 + DJ^2)^1/2) / 2 + PE
    Total System Jitter     (TSJ):    0.071ns
    Discrete Jitter          (DJ):    0.344ns
    Phase Error              (PE):    0.000ns
  Clock Net Delay (Source):      1.791ns (routing 0.638ns, distribution 1.153ns)
  Clock Net Delay (Destination): 1.596ns (routing 0.576ns, distribution 1.020ns)

    Location             Delay type                Incr(ns)  Path(ns)    Netlist Resource(s)
  -------------------------------------------------------------------    -------------------
                         (clock clk_pl_0 rise edge)
                                                      0.000     0.000 r  
    PS8_X0Y0             PS8                          0.000     0.000 r  design_1_i/zynq_ultra_ps_e_0/inst/PS8_i/PLCLK[0]
                         net (fo=1, routed)           0.178     0.178    design_1_i/zynq_ultra_ps_e_0/inst/pl_clk_unbuffered[0]
    BUFG_PS_X0Y58        BUFG_PS (Prop_BUFG_PS_I_O)
                                                      0.029     0.207 r  design_1_i/zynq_ultra_ps_e_0/inst/buffer_pl_clk_0.PL_CLK_0_BUFG/O
    X0Y1 (CLOCK_ROOT)    net (fo=15423, routed)       1.791     1.998    design_1_i/cnn_predict_0/inst/grp_cnn_predict_Pipeline_VITIS_LOOP_121_11_VITIS_LOOP_122_12_VITIS_LOOP_123_13_fu_372/ap_clk
    SLICE_X23Y113        FDRE                                         r  design_1_i/cnn_predict_0/inst/grp_cnn_predict_Pipeline_VITIS_LOOP_121_11_VITIS_LOOP_122_12_VITIS_LOOP_123_13_fu_372/ap_CS_fsm_reg[2]/C
  -------------------------------------------------------------------    -------------------
    SLICE_X23Y113        FDRE (Prop_HFF2_SLICEL_C_Q)
                                                      0.097     2.095 f  design_1_i/cnn_predict_0/inst/grp_cnn_predict_Pipeline_VITIS_LOOP_121_11_VITIS_LOOP_122_12_VITIS_LOOP_123_13_fu_372/ap_CS_fsm_reg[2]/Q
                         net (fo=1607, routed)        1.695     3.790    design_1_i/cnn_predict_0/inst/grp_cnn_predict_Pipeline_VITIS_LOOP_121_11_VITIS_LOOP_122_12_VITIS_LOOP_123_13_fu_372/conv2_w_U/q8_reg_1[1]
    SLICE_X22Y93         LUT4 (Prop_B5LUT_SLICEL_I0_O)
                                                      0.089     3.879 f  design_1_i/cnn_predict_0/inst/grp_cnn_predict_Pipeline_VITIS_LOOP_121_11_VITIS_LOOP_122_12_VITIS_LOOP_123_13_fu_372/conv2_w_U/q0_reg_i_10/O
                         net (fo=68, routed)          0.407     4.286    design_1_i/cnn_predict_0/inst/grp_cnn_predict_Pipeline_VITIS_LOOP_121_11_VITIS_LOOP_122_12_VITIS_LOOP_123_13_fu_372/ap_ready_int
    SLICE_X20Y99         LUT3 (Prop_D6LUT_SLICEM_I0_O)
                                                      0.147     4.433 f  design_1_i/cnn_predict_0/inst/grp_cnn_predict_Pipeline_VITIS_LOOP_121_11_VITIS_LOOP_122_12_VITIS_LOOP_123_13_fu_372/q5_reg_i_1/O
                         net (fo=35, routed)          0.229     4.662    design_1_i/cnn_predict_0/inst/grp_cnn_predict_Pipeline_VITIS_LOOP_121_11_VITIS_LOOP_122_12_VITIS_LOOP_123_13_fu_372/conv2_w_address10[6]
    SLICE_X22Y95         LUT6 (Prop_G6LUT_SLICEL_I2_O)
                                                      0.100     4.762 r  design_1_i/cnn_predict_0/inst/grp_cnn_predict_Pipeline_VITIS_LOOP_121_11_VITIS_LOOP_122_12_VITIS_LOOP_123_13_fu_372/ram0_reg_bram_0_i_73/O
                         net (fo=3, routed)           0.230     4.992    design_1_i/cnn_predict_0/inst/grp_cnn_predict_Pipeline_VITIS_LOOP_121_11_VITIS_LOOP_122_12_VITIS_LOOP_123_13_fu_372/ram0_reg_bram_0_i_73_n_2
    SLICE_X23Y99         LUT6 (Prop_F6LUT_SLICEL_I0_O)
                                                      0.114     5.106 r  design_1_i/cnn_predict_0/inst/grp_cnn_predict_Pipeline_VITIS_LOOP_121_11_VITIS_LOOP_122_12_VITIS_LOOP_123_13_fu_372/ram0_reg_bram_0_i_44/O
                         net (fo=1, routed)           0.045     5.151    design_1_i/cnn_predict_0/inst/grp_cnn_predict_Pipeline_VITIS_LOOP_121_11_VITIS_LOOP_122_12_VITIS_LOOP_123_13_fu_372/ram0_reg_bram_0_i_44_n_2
    SLICE_X23Y99         LUT6 (Prop_G6LUT_SLICEL_I5_O)
                                                      0.038     5.189 r  design_1_i/cnn_predict_0/inst/grp_cnn_predict_Pipeline_VITIS_LOOP_121_11_VITIS_LOOP_122_12_VITIS_LOOP_123_13_fu_372/ram0_reg_bram_0_i_14/O
                         net (fo=14, routed)          0.485     5.674    design_1_i/cnn_predict_0/inst/grp_cnn_predict_Pipeline_VITIS_LOOP_121_11_VITIS_LOOP_122_12_VITIS_LOOP_123_13_fu_372/layer1_pool_address0[8]
    SLICE_X19Y94         LUT3 (Prop_H6LUT_SLICEM_I0_O)
                                                      0.182     5.856 r  design_1_i/cnn_predict_0/inst/grp_cnn_predict_Pipeline_VITIS_LOOP_121_11_VITIS_LOOP_122_12_VITIS_LOOP_123_13_fu_372/ram5_reg_bram_0_i_1/O
                         net (fo=24, routed)          1.911     7.767    design_1_i/cnn_predict_0/inst/layer1_pool_U/ram5_reg_bram_3_0[10]
    RAMB36_X0Y27         RAMB36E2                                     r  design_1_i/cnn_predict_0/inst/layer1_pool_U/ram6_reg_bram_2/ADDRARDADDR[13]
  -------------------------------------------------------------------    -------------------

                         (clock clk_pl_0 rise edge)
                                                     10.000    10.000 r  
    PS8_X0Y0             PS8                          0.000    10.000 r  design_1_i/zynq_ultra_ps_e_0/inst/PS8_i/PLCLK[0]
                         net (fo=1, routed)           0.140    10.140    design_1_i/zynq_ultra_ps_e_0/inst/pl_clk_unbuffered[0]
    BUFG_PS_X0Y58        BUFG_PS (Prop_BUFG_PS_I_O)
                                                      0.027    10.167 r  design_1_i/zynq_ultra_ps_e_0/inst/buffer_pl_clk_0.PL_CLK_0_BUFG/O
    X0Y1 (CLOCK_ROOT)    net (fo=15423, routed)       1.596    11.763    design_1_i/cnn_predict_0/inst/layer1_pool_U/ap_clk
    RAMB36_X0Y27         RAMB36E2                                     r  design_1_i/cnn_predict_0/inst/layer1_pool_U/ram6_reg_bram_2/CLKARDCLK
                         clock pessimism              0.102    11.865    
                         clock uncertainty           -0.176    11.689    
    RAMB36_X0Y27         RAMB36E2 (Setup_RAMB36E2_RAMB36_CLKARDCLK_ADDRARDADDR[13])
                                                     -0.297    11.392    design_1_i/cnn_predict_0/inst/layer1_pool_U/ram6_reg_bram_2
  -------------------------------------------------------------------
                         required time                         11.392    
                         arrival time                          -7.767    
  -------------------------------------------------------------------
                         slack                                  3.625    





Min Delay Paths
--------------------------------------------------------------------------------------
Slack (MET) :             0.010ns  (arrival time - required time)
  Source:                 design_1_i/cnn_predict_0/inst/grp_cnn_predict_Pipeline_VITIS_LOOP_121_11_VITIS_LOOP_122_12_VITIS_LOOP_123_13_fu_372/mul3_2_0_2_reg_3464_reg[8]/C
                            (rising edge-triggered cell FDRE clocked by clk_pl_0  {rise@0.000ns fall@5.000ns period=10.000ns})
  Destination:            design_1_i/cnn_predict_0/inst/grp_cnn_predict_Pipeline_VITIS_LOOP_121_11_VITIS_LOOP_122_12_VITIS_LOOP_123_13_fu_372/mul3_2_0_2_reg_3464_pp0_iter34_reg_reg[8]_srl32/D
                            (rising edge-triggered cell SRLC32E clocked by clk_pl_0  {rise@0.000ns fall@5.000ns period=10.000ns})
  Path Group:             clk_pl_0
  Path Type:              Hold (Min at Slow Process Corner)
  Requirement:            0.000ns  (clk_pl_0 rise@0.000ns - clk_pl_0 rise@0.000ns)
  Data Path Delay:        0.205ns  (logic 0.072ns (35.122%)  route 0.133ns (64.878%))
  Logic Levels:           0  
  Clock Path Skew:        0.140ns (DCD - SCD - CPR)
    Destination Clock Delay (DCD):    1.993ns
    Source Clock Delay      (SCD):    1.697ns
    Clock Pessimism Removal (CPR):    0.156ns
  Clock Net Delay (Source):      1.530ns (routing 0.576ns, distribution 0.954ns)
  Clock Net Delay (Destination): 1.786ns (routing 0.638ns, distribution 1.148ns)

    Location             Delay type                Incr(ns)  Path(ns)    Netlist Resource(s)
  -------------------------------------------------------------------    -------------------
                         (clock clk_pl_0 rise edge)
                                                      0.000     0.000 r  
    PS8_X0Y0             PS8                          0.000     0.000 r  design_1_i/zynq_ultra_ps_e_0/inst/PS8_i/PLCLK[0]
                         net (fo=1, routed)           0.140     0.140    design_1_i/zynq_ultra_ps_e_0/inst/pl_clk_unbuffered[0]
    BUFG_PS_X0Y58        BUFG_PS (Prop_BUFG_PS_I_O)
                                                      0.027     0.167 r  design_1_i/zynq_ultra_ps_e_0/inst/buffer_pl_clk_0.PL_CLK_0_BUFG/O
    X0Y1 (CLOCK_ROOT)    net (fo=15423, routed)       1.530     1.697    design_1_i/cnn_predict_0/inst/grp_cnn_predict_Pipeline_VITIS_LOOP_121_11_VITIS_LOOP_122_12_VITIS_LOOP_123_13_fu_372/ap_clk
    SLICE_X15Y100        FDRE                                         r  design_1_i/cnn_predict_0/inst/grp_cnn_predict_Pipeline_VITIS_LOOP_121_11_VITIS_LOOP_122_12_VITIS_LOOP_123_13_fu_372/mul3_2_0_2_reg_3464_reg[8]/C
  -------------------------------------------------------------------    -------------------
    SLICE_X15Y100        FDRE (Prop_FFF2_SLICEL_C_Q)
                                                      0.072     1.769 r  design_1_i/cnn_predict_0/inst/grp_cnn_predict_Pipeline_VITIS_LOOP_121_11_VITIS_LOOP_122_12_VITIS_LOOP_123_13_fu_372/mul3_2_0_2_reg_3464_reg[8]/Q
                         net (fo=1, routed)           0.133     1.902    design_1_i/cnn_predict_0/inst/grp_cnn_predict_Pipeline_VITIS_LOOP_121_11_VITIS_LOOP_122_12_VITIS_LOOP_123_13_fu_372/mul3_2_0_2_reg_3464[8]
    SLICE_X16Y100        SRLC32E                                      r  design_1_i/cnn_predict_0/inst/grp_cnn_predict_Pipeline_VITIS_LOOP_121_11_VITIS_LOOP_122_12_VITIS_LOOP_123_13_fu_372/mul3_2_0_2_reg_3464_pp0_iter34_reg_reg[8]_srl32/D
  -------------------------------------------------------------------    -------------------

                         (clock clk_pl_0 rise edge)
                                                      0.000     0.000 r  
    PS8_X0Y0             PS8                          0.000     0.000 r  design_1_i/zynq_ultra_ps_e_0/inst/PS8_i/PLCLK[0]
                         net (fo=1, routed)           0.178     0.178    design_1_i/zynq_ultra_ps_e_0/inst/pl_clk_unbuffered[0]
    BUFG_PS_X0Y58        BUFG_PS (Prop_BUFG_PS_I_O)
                                                      0.029     0.207 r  design_1_i/zynq_ultra_ps_e_0/inst/buffer_pl_clk_0.PL_CLK_0_BUFG/O
    X0Y1 (CLOCK_ROOT)    net (fo=15423, routed)       1.786     1.993    design_1_i/cnn_predict_0/inst/grp_cnn_predict_Pipeline_VITIS_LOOP_121_11_VITIS_LOOP_122_12_VITIS_LOOP_123_13_fu_372/ap_clk
    SLICE_X16Y100        SRLC32E                                      r  design_1_i/cnn_predict_0/inst/grp_cnn_predict_Pipeline_VITIS_LOOP_121_11_VITIS_LOOP_122_12_VITIS_LOOP_123_13_fu_372/mul3_2_0_2_reg_3464_pp0_iter34_reg_reg[8]_srl32/CLK
                         clock pessimism             -0.156     1.837    
    SLICE_X16Y100        SRLC32E (Hold_F6LUT_SLICEM_CLK_D)
                                                      0.055     1.892    design_1_i/cnn_predict_0/inst/grp_cnn_predict_Pipeline_VITIS_LOOP_121_11_VITIS_LOOP_122_12_VITIS_LOOP_123_13_fu_372/mul3_2_0_2_reg_3464_pp0_iter34_reg_reg[8]_srl32
  -------------------------------------------------------------------
                         required time                         -1.892    
                         arrival time                           1.902    
  -------------------------------------------------------------------
                         slack                                  0.010    

Slack (MET) :             0.011ns  (arrival time - required time)
  Source:                 design_1_i/cnn_predict_0/inst/grp_cnn_predict_Pipeline_VITIS_LOOP_121_11_VITIS_LOOP_122_12_VITIS_LOOP_123_13_fu_372/mul3_0_1_2_reg_3364_reg[5]/C
                            (rising edge-triggered cell FDRE clocked by clk_pl_0  {rise@0.000ns fall@5.000ns period=10.000ns})
  Destination:            design_1_i/cnn_predict_0/inst/grp_cnn_predict_Pipeline_VITIS_LOOP_121_11_VITIS_LOOP_122_12_VITIS_LOOP_123_13_fu_372/mul3_0_1_2_reg_3364_pp0_iter10_reg_reg[5]_srl9/D
                            (rising edge-triggered cell SRL16E clocked by clk_pl_0  {rise@0.000ns fall@5.000ns period=10.000ns})
  Path Group:             clk_pl_0
  Path Type:              Hold (Min at Slow Process Corner)
  Requirement:            0.000ns  (clk_pl_0 rise@0.000ns - clk_pl_0 rise@0.000ns)
  Data Path Delay:        0.152ns  (logic 0.071ns (46.711%)  route 0.081ns (53.289%))
  Logic Levels:           0  
  Clock Path Skew:        0.126ns (DCD - SCD - CPR)
    Destination Clock Delay (DCD):    2.014ns
    Source Clock Delay      (SCD):    1.732ns
    Clock Pessimism Removal (CPR):    0.156ns
  Clock Net Delay (Source):      1.565ns (routing 0.576ns, distribution 0.989ns)
  Clock Net Delay (Destination): 1.807ns (routing 0.638ns, distribution 1.169ns)

    Location             Delay type                Incr(ns)  Path(ns)    Netlist Resource(s)
  -------------------------------------------------------------------    -------------------
                         (clock clk_pl_0 rise edge)
                                                      0.000     0.000 r  
    PS8_X0Y0             PS8                          0.000     0.000 r  design_1_i/zynq_ultra_ps_e_0/inst/PS8_i/PLCLK[0]
                         net (fo=1, routed)           0.140     0.140    design_1_i/zynq_ultra_ps_e_0/inst/pl_clk_unbuffered[0]
    BUFG_PS_X0Y58        BUFG_PS (Prop_BUFG_PS_I_O)
                                                      0.027     0.167 r  design_1_i/zynq_ultra_ps_e_0/inst/buffer_pl_clk_0.PL_CLK_0_BUFG/O
    X0Y1 (CLOCK_ROOT)    net (fo=15423, routed)       1.565     1.732    design_1_i/cnn_predict_0/inst/grp_cnn_predict_Pipeline_VITIS_LOOP_121_11_VITIS_LOOP_122_12_VITIS_LOOP_123_13_fu_372/ap_clk
    SLICE_X27Y117        FDRE                                         r  design_1_i/cnn_predict_0/inst/grp_cnn_predict_Pipeline_VITIS_LOOP_121_11_VITIS_LOOP_122_12_VITIS_LOOP_123_13_fu_372/mul3_0_1_2_reg_3364_reg[5]/C
  -------------------------------------------------------------------    -------------------
    SLICE_X27Y117        FDRE (Prop_HFF2_SLICEL_C_Q)
                                                      0.071     1.803 r  design_1_i/cnn_predict_0/inst/grp_cnn_predict_Pipeline_VITIS_LOOP_121_11_VITIS_LOOP_122_12_VITIS_LOOP_123_13_fu_372/mul3_0_1_2_reg_3364_reg[5]/Q
                         net (fo=1, routed)           0.081     1.884    design_1_i/cnn_predict_0/inst/grp_cnn_predict_Pipeline_VITIS_LOOP_121_11_VITIS_LOOP_122_12_VITIS_LOOP_123_13_fu_372/mul3_0_1_2_reg_3364[5]
    SLICE_X28Y117        SRL16E                                       r  design_1_i/cnn_predict_0/inst/grp_cnn_predict_Pipeline_VITIS_LOOP_121_11_VITIS_LOOP_122_12_VITIS_LOOP_123_13_fu_372/mul3_0_1_2_reg_3364_pp0_iter10_reg_reg[5]_srl9/D
  -------------------------------------------------------------------    -------------------

                         (clock clk_pl_0 rise edge)
                                                      0.000     0.000 r  
    PS8_X0Y0             PS8                          0.000     0.000 r  design_1_i/zynq_ultra_ps_e_0/inst/PS8_i/PLCLK[0]
                         net (fo=1, routed)           0.178     0.178    design_1_i/zynq_ultra_ps_e_0/inst/pl_clk_unbuffered[0]
    BUFG_PS_X0Y58        BUFG_PS (Prop_BUFG_PS_I_O)
                                                      0.029     0.207 r  design_1_i/zynq_ultra_ps_e_0/inst/buffer_pl_clk_0.PL_CLK_0_BUFG/O
    X0Y1 (CLOCK_ROOT)    net (fo=15423, routed)       1.807     2.014    design_1_i/cnn_predict_0/inst/grp_cnn_predict_Pipeline_VITIS_LOOP_121_11_VITIS_LOOP_122_12_VITIS_LOOP_123_13_fu_372/ap_clk
    SLICE_X28Y117        SRL16E                                       r  design_1_i/cnn_predict_0/inst/grp_cnn_predict_Pipeline_VITIS_LOOP_121_11_VITIS_LOOP_122_12_VITIS_LOOP_123_13_fu_372/mul3_0_1_2_reg_3364_pp0_iter10_reg_reg[5]_srl9/CLK
                         clock pessimism             -0.156     1.858    
    SLICE_X28Y117        SRL16E (Hold_F6LUT_SLICEM_CLK_D)
                                                      0.015     1.873    design_1_i/cnn_predict_0/inst/grp_cnn_predict_Pipeline_VITIS_LOOP_121_11_VITIS_LOOP_122_12_VITIS_LOOP_123_13_fu_372/mul3_0_1_2_reg_3364_pp0_iter10_reg_reg[5]_srl9
  -------------------------------------------------------------------
                         required time                         -1.873    
                         arrival time                           1.884    
  -------------------------------------------------------------------
                         slack                                  0.011    

Slack (MET) :             0.011ns  (arrival time - required time)
  Source:                 design_1_i/cnn_predict_0/inst/grp_cnn_predict_Pipeline_VITIS_LOOP_121_11_VITIS_LOOP_122_12_VITIS_LOOP_123_13_fu_372/mul3_1_1_2_reg_3424_reg[29]/C
                            (rising edge-triggered cell FDRE clocked by clk_pl_0  {rise@0.000ns fall@5.000ns period=10.000ns})
  Destination:            design_1_i/cnn_predict_0/inst/grp_cnn_predict_Pipeline_VITIS_LOOP_121_11_VITIS_LOOP_122_12_VITIS_LOOP_123_13_fu_372/mul3_1_1_2_reg_3424_pp0_iter30_reg_reg[29]_srl28/D
                            (rising edge-triggered cell SRLC32E clocked by clk_pl_0  {rise@0.000ns fall@5.000ns period=10.000ns})
  Path Group:             clk_pl_0
  Path Type:              Hold (Min at Slow Process Corner)
  Requirement:            0.000ns  (clk_pl_0 rise@0.000ns - clk_pl_0 rise@0.000ns)
  Data Path Delay:        0.165ns  (logic 0.069ns (41.818%)  route 0.096ns (58.182%))
  Logic Levels:           0  
  Clock Path Skew:        0.099ns (DCD - SCD - CPR)
    Destination Clock Delay (DCD):    2.104ns
    Source Clock Delay      (SCD):    1.784ns
    Clock Pessimism Removal (CPR):    0.221ns
  Clock Net Delay (Source):      1.617ns (routing 0.576ns, distribution 1.041ns)
  Clock Net Delay (Destination): 1.897ns (routing 0.638ns, distribution 1.259ns)

    Location             Delay type                Incr(ns)  Path(ns)    Netlist Resource(s)
  -------------------------------------------------------------------    -------------------
                         (clock clk_pl_0 rise edge)
                                                      0.000     0.000 r  
    PS8_X0Y0             PS8                          0.000     0.000 r  design_1_i/zynq_ultra_ps_e_0/inst/PS8_i/PLCLK[0]
                         net (fo=1, routed)           0.140     0.140    design_1_i/zynq_ultra_ps_e_0/inst/pl_clk_unbuffered[0]
    BUFG_PS_X0Y58        BUFG_PS (Prop_BUFG_PS_I_O)
                                                      0.027     0.167 r  design_1_i/zynq_ultra_ps_e_0/inst/buffer_pl_clk_0.PL_CLK_0_BUFG/O
    X0Y1 (CLOCK_ROOT)    net (fo=15423, routed)       1.617     1.784    design_1_i/cnn_predict_0/inst/grp_cnn_predict_Pipeline_VITIS_LOOP_121_11_VITIS_LOOP_122_12_VITIS_LOOP_123_13_fu_372/ap_clk
    SLICE_X24Y132        FDRE                                         r  design_1_i/cnn_predict_0/inst/grp_cnn_predict_Pipeline_VITIS_LOOP_121_11_VITIS_LOOP_122_12_VITIS_LOOP_123_13_fu_372/mul3_1_1_2_reg_3424_reg[29]/C
  -------------------------------------------------------------------    -------------------
    SLICE_X24Y132        FDRE (Prop_CFF_SLICEM_C_Q)
                                                      0.069     1.853 r  design_1_i/cnn_predict_0/inst/grp_cnn_predict_Pipeline_VITIS_LOOP_121_11_VITIS_LOOP_122_12_VITIS_LOOP_123_13_fu_372/mul3_1_1_2_reg_3424_reg[29]/Q
                         net (fo=1, routed)           0.096     1.949    design_1_i/cnn_predict_0/inst/grp_cnn_predict_Pipeline_VITIS_LOOP_121_11_VITIS_LOOP_122_12_VITIS_LOOP_123_13_fu_372/mul3_1_1_2_reg_3424[29]
    SLICE_X24Y131        SRLC32E                                      r  design_1_i/cnn_predict_0/inst/grp_cnn_predict_Pipeline_VITIS_LOOP_121_11_VITIS_LOOP_122_12_VITIS_LOOP_123_13_fu_372/mul3_1_1_2_reg_3424_pp0_iter30_reg_reg[29]_srl28/D
  -------------------------------------------------------------------    -------------------

                         (clock clk_pl_0 rise edge)
                                                      0.000     0.000 r  
    PS8_X0Y0             PS8                          0.000     0.000 r  design_1_i/zynq_ultra_ps_e_0/inst/PS8_i/PLCLK[0]
                         net (fo=1, routed)           0.178     0.178    design_1_i/zynq_ultra_ps_e_0/inst/pl_clk_unbuffered[0]
    BUFG_PS_X0Y58        BUFG_PS (Prop_BUFG_PS_I_O)
                                                      0.029     0.207 r  design_1_i/zynq_ultra_ps_e_0/inst/buffer_pl_clk_0.PL_CLK_0_BUFG/O
    X0Y1 (CLOCK_ROOT)    net (fo=15423, routed)       1.897     2.104    design_1_i/cnn_predict_0/inst/grp_cnn_predict_Pipeline_VITIS_LOOP_121_11_VITIS_LOOP_122_12_VITIS_LOOP_123_13_fu_372/ap_clk
    SLICE_X24Y131        SRLC32E                                      r  design_1_i/cnn_predict_0/inst/grp_cnn_predict_Pipeline_VITIS_LOOP_121_11_VITIS_LOOP_122_12_VITIS_LOOP_123_13_fu_372/mul3_1_1_2_reg_3424_pp0_iter30_reg_reg[29]_srl28/CLK
                         clock pessimism             -0.221     1.883    
    SLICE_X24Y131        SRLC32E (Hold_C6LUT_SLICEM_CLK_D)
                                                      0.055     1.938    design_1_i/cnn_predict_0/inst/grp_cnn_predict_Pipeline_VITIS_LOOP_121_11_VITIS_LOOP_122_12_VITIS_LOOP_123_13_fu_372/mul3_1_1_2_reg_3424_pp0_iter30_reg_reg[29]_srl28
  -------------------------------------------------------------------
                         required time                         -1.938    
                         arrival time                           1.949    
  -------------------------------------------------------------------
                         slack                                  0.011    

Slack (MET) :             0.011ns  (arrival time - required time)
  Source:                 design_1_i/cnn_predict_0/inst/grp_cnn_predict_Pipeline_VITIS_LOOP_121_11_VITIS_LOOP_122_12_VITIS_LOOP_123_13_fu_372/mul3_1_2_reg_3434_reg[15]/C
                            (rising edge-triggered cell FDRE clocked by clk_pl_0  {rise@0.000ns fall@5.000ns period=10.000ns})
  Destination:            design_1_i/cnn_predict_0/inst/grp_cnn_predict_Pipeline_VITIS_LOOP_121_11_VITIS_LOOP_122_12_VITIS_LOOP_123_13_fu_372/mul3_1_2_reg_3434_pp0_iter34_reg_reg[15]_srl32/D
                            (rising edge-triggered cell SRLC32E clocked by clk_pl_0  {rise@0.000ns fall@5.000ns period=10.000ns})
  Path Group:             clk_pl_0
  Path Type:              Hold (Min at Slow Process Corner)
  Requirement:            0.000ns  (clk_pl_0 rise@0.000ns - clk_pl_0 rise@0.000ns)
  Data Path Delay:        0.205ns  (logic 0.071ns (34.634%)  route 0.134ns (65.366%))
  Logic Levels:           0  
  Clock Path Skew:        0.114ns (DCD - SCD - CPR)
    Destination Clock Delay (DCD):    2.171ns
    Source Clock Delay      (SCD):    1.830ns
    Clock Pessimism Removal (CPR):    0.227ns
  Clock Net Delay (Source):      1.663ns (routing 0.576ns, distribution 1.087ns)
  Clock Net Delay (Destination): 1.964ns (routing 0.638ns, distribution 1.326ns)

    Location             Delay type                Incr(ns)  Path(ns)    Netlist Resource(s)
  -------------------------------------------------------------------    -------------------
                         (clock clk_pl_0 rise edge)
                                                      0.000     0.000 r  
    PS8_X0Y0             PS8                          0.000     0.000 r  design_1_i/zynq_ultra_ps_e_0/inst/PS8_i/PLCLK[0]
                         net (fo=1, routed)           0.140     0.140    design_1_i/zynq_ultra_ps_e_0/inst/pl_clk_unbuffered[0]
    BUFG_PS_X0Y58        BUFG_PS (Prop_BUFG_PS_I_O)
                                                      0.027     0.167 r  design_1_i/zynq_ultra_ps_e_0/inst/buffer_pl_clk_0.PL_CLK_0_BUFG/O
    X0Y1 (CLOCK_ROOT)    net (fo=15423, routed)       1.663     1.830    design_1_i/cnn_predict_0/inst/grp_cnn_predict_Pipeline_VITIS_LOOP_121_11_VITIS_LOOP_122_12_VITIS_LOOP_123_13_fu_372/ap_clk
    SLICE_X29Y122        FDRE                                         r  design_1_i/cnn_predict_0/inst/grp_cnn_predict_Pipeline_VITIS_LOOP_121_11_VITIS_LOOP_122_12_VITIS_LOOP_123_13_fu_372/mul3_1_2_reg_3434_reg[15]/C
  -------------------------------------------------------------------    -------------------
    SLICE_X29Y122        FDRE (Prop_HFF2_SLICEM_C_Q)
                                                      0.071     1.901 r  design_1_i/cnn_predict_0/inst/grp_cnn_predict_Pipeline_VITIS_LOOP_121_11_VITIS_LOOP_122_12_VITIS_LOOP_123_13_fu_372/mul3_1_2_reg_3434_reg[15]/Q
                         net (fo=1, routed)           0.134     2.035    design_1_i/cnn_predict_0/inst/grp_cnn_predict_Pipeline_VITIS_LOOP_121_11_VITIS_LOOP_122_12_VITIS_LOOP_123_13_fu_372/mul3_1_2_reg_3434[15]
    SLICE_X29Y124        SRLC32E                                      r  design_1_i/cnn_predict_0/inst/grp_cnn_predict_Pipeline_VITIS_LOOP_121_11_VITIS_LOOP_122_12_VITIS_LOOP_123_13_fu_372/mul3_1_2_reg_3434_pp0_iter34_reg_reg[15]_srl32/D
  -------------------------------------------------------------------    -------------------

                         (clock clk_pl_0 rise edge)
                                                      0.000     0.000 r  
    PS8_X0Y0             PS8                          0.000     0.000 r  design_1_i/zynq_ultra_ps_e_0/inst/PS8_i/PLCLK[0]
                         net (fo=1, routed)           0.178     0.178    design_1_i/zynq_ultra_ps_e_0/inst/pl_clk_unbuffered[0]
    BUFG_PS_X0Y58        BUFG_PS (Prop_BUFG_PS_I_O)
                                                      0.029     0.207 r  design_1_i/zynq_ultra_ps_e_0/inst/buffer_pl_clk_0.PL_CLK_0_BUFG/O
    X0Y1 (CLOCK_ROOT)    net (fo=15423, routed)       1.964     2.171    design_1_i/cnn_predict_0/inst/grp_cnn_predict_Pipeline_VITIS_LOOP_121_11_VITIS_LOOP_122_12_VITIS_LOOP_123_13_fu_372/ap_clk
    SLICE_X29Y124        SRLC32E                                      r  design_1_i/cnn_predict_0/inst/grp_cnn_predict_Pipeline_VITIS_LOOP_121_11_VITIS_LOOP_122_12_VITIS_LOOP_123_13_fu_372/mul3_1_2_reg_3434_pp0_iter34_reg_reg[15]_srl32/CLK
                         clock pessimism             -0.227     1.944    
    SLICE_X29Y124        SRLC32E (Hold_H6LUT_SLICEM_CLK_D)
                                                      0.080     2.024    design_1_i/cnn_predict_0/inst/grp_cnn_predict_Pipeline_VITIS_LOOP_121_11_VITIS_LOOP_122_12_VITIS_LOOP_123_13_fu_372/mul3_1_2_reg_3434_pp0_iter34_reg_reg[15]_srl32
  -------------------------------------------------------------------
                         required time                         -2.024    
                         arrival time                           2.035    
  -------------------------------------------------------------------
                         slack                                  0.011    

Slack (MET) :             0.011ns  (arrival time - required time)
  Source:                 design_1_i/cnn_predict_0/inst/grp_cnn_predict_Pipeline_VITIS_LOOP_77_2_VITIS_LOOP_78_3_fu_345/mul_1_1_reg_827_reg[11]/C
                            (rising edge-triggered cell FDRE clocked by clk_pl_0  {rise@0.000ns fall@5.000ns period=10.000ns})
  Destination:            design_1_i/cnn_predict_0/inst/grp_cnn_predict_Pipeline_VITIS_LOOP_77_2_VITIS_LOOP_78_3_fu_345/mul_1_1_reg_827_pp0_iter4_reg_reg[11]_srl3/D
                            (rising edge-triggered cell SRL16E clocked by clk_pl_0  {rise@0.000ns fall@5.000ns period=10.000ns})
  Path Group:             clk_pl_0
  Path Type:              Hold (Min at Fast Process Corner)
  Requirement:            0.000ns  (clk_pl_0 rise@0.000ns - clk_pl_0 rise@0.000ns)
  Data Path Delay:        0.099ns  (logic 0.039ns (39.394%)  route 0.060ns (60.606%))
  Logic Levels:           0  
  Clock Path Skew:        0.042ns (DCD - SCD - CPR)
    Destination Clock Delay (DCD):    1.152ns
    Source Clock Delay      (SCD):    0.983ns
    Clock Pessimism Removal (CPR):    0.128ns
  Clock Net Delay (Source):      0.872ns (routing 0.324ns, distribution 0.548ns)
  Clock Net Delay (Destination): 1.014ns (routing 0.365ns, distribution 0.649ns)

    Location             Delay type                Incr(ns)  Path(ns)    Netlist Resource(s)
  -------------------------------------------------------------------    -------------------
                         (clock clk_pl_0 rise edge)
                                                      0.000     0.000 r  
    PS8_X0Y0             PS8                          0.000     0.000 r  design_1_i/zynq_ultra_ps_e_0/inst/PS8_i/PLCLK[0]
                         net (fo=1, routed)           0.094     0.094    design_1_i/zynq_ultra_ps_e_0/inst/pl_clk_unbuffered[0]
    BUFG_PS_X0Y58        BUFG_PS (Prop_BUFG_PS_I_O)
                                                      0.017     0.111 r  design_1_i/zynq_ultra_ps_e_0/inst/buffer_pl_clk_0.PL_CLK_0_BUFG/O
    X0Y1 (CLOCK_ROOT)    net (fo=15423, routed)       0.872     0.983    design_1_i/cnn_predict_0/inst/grp_cnn_predict_Pipeline_VITIS_LOOP_77_2_VITIS_LOOP_78_3_fu_345/ap_clk
    SLICE_X14Y97         FDRE                                         r  design_1_i/cnn_predict_0/inst/grp_cnn_predict_Pipeline_VITIS_LOOP_77_2_VITIS_LOOP_78_3_fu_345/mul_1_1_reg_827_reg[11]/C
  -------------------------------------------------------------------    -------------------
    SLICE_X14Y97         FDRE (Prop_HFF2_SLICEM_C_Q)
                                                      0.039     1.022 r  design_1_i/cnn_predict_0/inst/grp_cnn_predict_Pipeline_VITIS_LOOP_77_2_VITIS_LOOP_78_3_fu_345/mul_1_1_reg_827_reg[11]/Q
                         net (fo=1, routed)           0.060     1.082    design_1_i/cnn_predict_0/inst/grp_cnn_predict_Pipeline_VITIS_LOOP_77_2_VITIS_LOOP_78_3_fu_345/mul_1_1_reg_827[11]
    SLICE_X14Y98         SRL16E                                       r  design_1_i/cnn_predict_0/inst/grp_cnn_predict_Pipeline_VITIS_LOOP_77_2_VITIS_LOOP_78_3_fu_345/mul_1_1_reg_827_pp0_iter4_reg_reg[11]_srl3/D
  -------------------------------------------------------------------    -------------------

                         (clock clk_pl_0 rise edge)
                                                      0.000     0.000 r  
    PS8_X0Y0             PS8                          0.000     0.000 r  design_1_i/zynq_ultra_ps_e_0/inst/PS8_i/PLCLK[0]
                         net (fo=1, routed)           0.120     0.120    design_1_i/zynq_ultra_ps_e_0/inst/pl_clk_unbuffered[0]
    BUFG_PS_X0Y58        BUFG_PS (Prop_BUFG_PS_I_O)
                                                      0.018     0.138 r  design_1_i/zynq_ultra_ps_e_0/inst/buffer_pl_clk_0.PL_CLK_0_BUFG/O
    X0Y1 (CLOCK_ROOT)    net (fo=15423, routed)       1.014     1.152    design_1_i/cnn_predict_0/inst/grp_cnn_predict_Pipeline_VITIS_LOOP_77_2_VITIS_LOOP_78_3_fu_345/ap_clk
    SLICE_X14Y98         SRL16E                                       r  design_1_i/cnn_predict_0/inst/grp_cnn_predict_Pipeline_VITIS_LOOP_77_2_VITIS_LOOP_78_3_fu_345/mul_1_1_reg_827_pp0_iter4_reg_reg[11]_srl3/CLK
                         clock pessimism             -0.128     1.024    
    SLICE_X14Y98         SRL16E (Hold_D5LUT_SLICEM_CLK_D)
                                                      0.046     1.070    design_1_i/cnn_predict_0/inst/grp_cnn_predict_Pipeline_VITIS_LOOP_77_2_VITIS_LOOP_78_3_fu_345/mul_1_1_reg_827_pp0_iter4_reg_reg[11]_srl3
  -------------------------------------------------------------------
                         required time                         -1.070    
                         arrival time                           1.082    
  -------------------------------------------------------------------
                         slack                                  0.011    

Slack (MET) :             0.011ns  (arrival time - required time)
  Source:                 design_1_i/cnn_predict_0/inst/grp_cnn_predict_Pipeline_VITIS_LOOP_77_2_VITIS_LOOP_78_3_fu_345/mul_2_reg_837_reg[13]/C
                            (rising edge-triggered cell FDRE clocked by clk_pl_0  {rise@0.000ns fall@5.000ns period=10.000ns})
  Destination:            design_1_i/cnn_predict_0/inst/grp_cnn_predict_Pipeline_VITIS_LOOP_77_2_VITIS_LOOP_78_3_fu_345/mul_2_reg_837_pp0_iter6_reg_reg[13]_srl5/D
                            (rising edge-triggered cell SRL16E clocked by clk_pl_0  {rise@0.000ns fall@5.000ns period=10.000ns})
  Path Group:             clk_pl_0
  Path Type:              Hold (Min at Fast Process Corner)
  Requirement:            0.000ns  (clk_pl_0 rise@0.000ns - clk_pl_0 rise@0.000ns)
  Data Path Delay:        0.098ns  (logic 0.039ns (39.796%)  route 0.059ns (60.204%))
  Logic Levels:           0  
  Clock Path Skew:        0.041ns (DCD - SCD - CPR)
    Destination Clock Delay (DCD):    1.151ns
    Source Clock Delay      (SCD):    0.983ns
    Clock Pessimism Removal (CPR):    0.128ns
  Clock Net Delay (Source):      0.872ns (routing 0.324ns, distribution 0.548ns)
  Clock Net Delay (Destination): 1.013ns (routing 0.365ns, distribution 0.648ns)

    Location             Delay type                Incr(ns)  Path(ns)    Netlist Resource(s)
  -------------------------------------------------------------------    -------------------
                         (clock clk_pl_0 rise edge)
                                                      0.000     0.000 r  
    PS8_X0Y0             PS8                          0.000     0.000 r  design_1_i/zynq_ultra_ps_e_0/inst/PS8_i/PLCLK[0]
                         net (fo=1, routed)           0.094     0.094    design_1_i/zynq_ultra_ps_e_0/inst/pl_clk_unbuffered[0]
    BUFG_PS_X0Y58        BUFG_PS (Prop_BUFG_PS_I_O)
                                                      0.017     0.111 r  design_1_i/zynq_ultra_ps_e_0/inst/buffer_pl_clk_0.PL_CLK_0_BUFG/O
    X0Y1 (CLOCK_ROOT)    net (fo=15423, routed)       0.872     0.983    design_1_i/cnn_predict_0/inst/grp_cnn_predict_Pipeline_VITIS_LOOP_77_2_VITIS_LOOP_78_3_fu_345/ap_clk
    SLICE_X14Y95         FDRE                                         r  design_1_i/cnn_predict_0/inst/grp_cnn_predict_Pipeline_VITIS_LOOP_77_2_VITIS_LOOP_78_3_fu_345/mul_2_reg_837_reg[13]/C
  -------------------------------------------------------------------    -------------------
    SLICE_X14Y95         FDRE (Prop_AFF2_SLICEM_C_Q)
                                                      0.039     1.022 r  design_1_i/cnn_predict_0/inst/grp_cnn_predict_Pipeline_VITIS_LOOP_77_2_VITIS_LOOP_78_3_fu_345/mul_2_reg_837_reg[13]/Q
                         net (fo=1, routed)           0.059     1.081    design_1_i/cnn_predict_0/inst/grp_cnn_predict_Pipeline_VITIS_LOOP_77_2_VITIS_LOOP_78_3_fu_345/mul_2_reg_837[13]
    SLICE_X14Y96         SRL16E                                       r  design_1_i/cnn_predict_0/inst/grp_cnn_predict_Pipeline_VITIS_LOOP_77_2_VITIS_LOOP_78_3_fu_345/mul_2_reg_837_pp0_iter6_reg_reg[13]_srl5/D
  -------------------------------------------------------------------    -------------------

                         (clock clk_pl_0 rise edge)
                                                      0.000     0.000 r  
    PS8_X0Y0             PS8                          0.000     0.000 r  design_1_i/zynq_ultra_ps_e_0/inst/PS8_i/PLCLK[0]
                         net (fo=1, routed)           0.120     0.120    design_1_i/zynq_ultra_ps_e_0/inst/pl_clk_unbuffered[0]
    BUFG_PS_X0Y58        BUFG_PS (Prop_BUFG_PS_I_O)
                                                      0.018     0.138 r  design_1_i/zynq_ultra_ps_e_0/inst/buffer_pl_clk_0.PL_CLK_0_BUFG/O
    X0Y1 (CLOCK_ROOT)    net (fo=15423, routed)       1.013     1.151    design_1_i/cnn_predict_0/inst/grp_cnn_predict_Pipeline_VITIS_LOOP_77_2_VITIS_LOOP_78_3_fu_345/ap_clk
    SLICE_X14Y96         SRL16E                                       r  design_1_i/cnn_predict_0/inst/grp_cnn_predict_Pipeline_VITIS_LOOP_77_2_VITIS_LOOP_78_3_fu_345/mul_2_reg_837_pp0_iter6_reg_reg[13]_srl5/CLK
                         clock pessimism             -0.128     1.023    
    SLICE_X14Y96         SRL16E (Hold_F5LUT_SLICEM_CLK_D)
                                                      0.046     1.069    design_1_i/cnn_predict_0/inst/grp_cnn_predict_Pipeline_VITIS_LOOP_77_2_VITIS_LOOP_78_3_fu_345/mul_2_reg_837_pp0_iter6_reg_reg[13]_srl5
  -------------------------------------------------------------------
                         required time                         -1.069    
                         arrival time                           1.081    
  -------------------------------------------------------------------
                         slack                                  0.011    

Slack (MET) :             0.012ns  (arrival time - required time)
  Source:                 design_1_i/cnn_predict_0/inst/grp_cnn_predict_Pipeline_VITIS_LOOP_121_11_VITIS_LOOP_122_12_VITIS_LOOP_123_13_fu_372/mul3_2_1_3_reg_3489_reg[12]/C
                            (rising edge-triggered cell FDRE clocked by clk_pl_0  {rise@0.000ns fall@5.000ns period=10.000ns})
  Destination:            design_1_i/cnn_predict_0/inst/grp_cnn_predict_Pipeline_VITIS_LOOP_121_11_VITIS_LOOP_122_12_VITIS_LOOP_123_13_fu_372/mul3_2_1_3_reg_3489_pp0_iter34_reg_reg[12]_srl32/D
                            (rising edge-triggered cell SRLC32E clocked by clk_pl_0  {rise@0.000ns fall@5.000ns period=10.000ns})
  Path Group:             clk_pl_0
  Path Type:              Hold (Min at Slow Process Corner)
  Requirement:            0.000ns  (clk_pl_0 rise@0.000ns - clk_pl_0 rise@0.000ns)
  Data Path Delay:        0.188ns  (logic 0.072ns (38.298%)  route 0.116ns (61.702%))
  Logic Levels:           0  
  Clock Path Skew:        0.122ns (DCD - SCD - CPR)
    Destination Clock Delay (DCD):    2.011ns
    Source Clock Delay      (SCD):    1.733ns
    Clock Pessimism Removal (CPR):    0.156ns
  Clock Net Delay (Source):      1.566ns (routing 0.576ns, distribution 0.990ns)
  Clock Net Delay (Destination): 1.804ns (routing 0.638ns, distribution 1.166ns)

    Location             Delay type                Incr(ns)  Path(ns)    Netlist Resource(s)
  -------------------------------------------------------------------    -------------------
                         (clock clk_pl_0 rise edge)
                                                      0.000     0.000 r  
    PS8_X0Y0             PS8                          0.000     0.000 r  design_1_i/zynq_ultra_ps_e_0/inst/PS8_i/PLCLK[0]
                         net (fo=1, routed)           0.140     0.140    design_1_i/zynq_ultra_ps_e_0/inst/pl_clk_unbuffered[0]
    BUFG_PS_X0Y58        BUFG_PS (Prop_BUFG_PS_I_O)
                                                      0.027     0.167 r  design_1_i/zynq_ultra_ps_e_0/inst/buffer_pl_clk_0.PL_CLK_0_BUFG/O
    X0Y1 (CLOCK_ROOT)    net (fo=15423, routed)       1.566     1.733    design_1_i/cnn_predict_0/inst/grp_cnn_predict_Pipeline_VITIS_LOOP_121_11_VITIS_LOOP_122_12_VITIS_LOOP_123_13_fu_372/ap_clk
    SLICE_X24Y119        FDRE                                         r  design_1_i/cnn_predict_0/inst/grp_cnn_predict_Pipeline_VITIS_LOOP_121_11_VITIS_LOOP_122_12_VITIS_LOOP_123_13_fu_372/mul3_2_1_3_reg_3489_reg[12]/C
  -------------------------------------------------------------------    -------------------
    SLICE_X24Y119        FDRE (Prop_GFF2_SLICEM_C_Q)
                                                      0.072     1.805 r  design_1_i/cnn_predict_0/inst/grp_cnn_predict_Pipeline_VITIS_LOOP_121_11_VITIS_LOOP_122_12_VITIS_LOOP_123_13_fu_372/mul3_2_1_3_reg_3489_reg[12]/Q
                         net (fo=1, routed)           0.116     1.921    design_1_i/cnn_predict_0/inst/grp_cnn_predict_Pipeline_VITIS_LOOP_121_11_VITIS_LOOP_122_12_VITIS_LOOP_123_13_fu_372/mul3_2_1_3_reg_3489[12]
    SLICE_X20Y119        SRLC32E                                      r  design_1_i/cnn_predict_0/inst/grp_cnn_predict_Pipeline_VITIS_LOOP_121_11_VITIS_LOOP_122_12_VITIS_LOOP_123_13_fu_372/mul3_2_1_3_reg_3489_pp0_iter34_reg_reg[12]_srl32/D
  -------------------------------------------------------------------    -------------------

                         (clock clk_pl_0 rise edge)
                                                      0.000     0.000 r  
    PS8_X0Y0             PS8                          0.000     0.000 r  design_1_i/zynq_ultra_ps_e_0/inst/PS8_i/PLCLK[0]
                         net (fo=1, routed)           0.178     0.178    design_1_i/zynq_ultra_ps_e_0/inst/pl_clk_unbuffered[0]
    BUFG_PS_X0Y58        BUFG_PS (Prop_BUFG_PS_I_O)
                                                      0.029     0.207 r  design_1_i/zynq_ultra_ps_e_0/inst/buffer_pl_clk_0.PL_CLK_0_BUFG/O
    X0Y1 (CLOCK_ROOT)    net (fo=15423, routed)       1.804     2.011    design_1_i/cnn_predict_0/inst/grp_cnn_predict_Pipeline_VITIS_LOOP_121_11_VITIS_LOOP_122_12_VITIS_LOOP_123_13_fu_372/ap_clk
    SLICE_X20Y119        SRLC32E                                      r  design_1_i/cnn_predict_0/inst/grp_cnn_predict_Pipeline_VITIS_LOOP_121_11_VITIS_LOOP_122_12_VITIS_LOOP_123_13_fu_372/mul3_2_1_3_reg_3489_pp0_iter34_reg_reg[12]_srl32/CLK
                         clock pessimism             -0.156     1.855    
    SLICE_X20Y119        SRLC32E (Hold_B6LUT_SLICEM_CLK_D)
                                                      0.054     1.909    design_1_i/cnn_predict_0/inst/grp_cnn_predict_Pipeline_VITIS_LOOP_121_11_VITIS_LOOP_122_12_VITIS_LOOP_123_13_fu_372/mul3_2_1_3_reg_3489_pp0_iter34_reg_reg[12]_srl32
  -------------------------------------------------------------------
                         required time                         -1.909    
                         arrival time                           1.921    
  -------------------------------------------------------------------
                         slack                                  0.012    

Slack (MET) :             0.012ns  (arrival time - required time)
  Source:                 design_1_i/cnn_predict_0/inst/grp_cnn_predict_Pipeline_VITIS_LOOP_121_11_VITIS_LOOP_122_12_VITIS_LOOP_123_13_fu_372/mul3_1_reg_3394_reg[11]/C
                            (rising edge-triggered cell FDRE clocked by clk_pl_0  {rise@0.000ns fall@5.000ns period=10.000ns})
  Destination:            design_1_i/cnn_predict_0/inst/grp_cnn_predict_Pipeline_VITIS_LOOP_121_11_VITIS_LOOP_122_12_VITIS_LOOP_123_13_fu_372/mul3_1_reg_3394_pp0_iter20_reg_reg[11]_srl18/D
                            (rising edge-triggered cell SRLC32E clocked by clk_pl_0  {rise@0.000ns fall@5.000ns period=10.000ns})
  Path Group:             clk_pl_0
  Path Type:              Hold (Min at Slow Process Corner)
  Requirement:            0.000ns  (clk_pl_0 rise@0.000ns - clk_pl_0 rise@0.000ns)
  Data Path Delay:        0.199ns  (logic 0.070ns (35.176%)  route 0.129ns (64.824%))
  Logic Levels:           0  
  Clock Path Skew:        0.135ns (DCD - SCD - CPR)
    Destination Clock Delay (DCD):    1.999ns
    Source Clock Delay      (SCD):    1.708ns
    Clock Pessimism Removal (CPR):    0.156ns
  Clock Net Delay (Source):      1.541ns (routing 0.576ns, distribution 0.965ns)
  Clock Net Delay (Destination): 1.792ns (routing 0.638ns, distribution 1.154ns)

    Location             Delay type                Incr(ns)  Path(ns)    Netlist Resource(s)
  -------------------------------------------------------------------    -------------------
                         (clock clk_pl_0 rise edge)
                                                      0.000     0.000 r  
    PS8_X0Y0             PS8                          0.000     0.000 r  design_1_i/zynq_ultra_ps_e_0/inst/PS8_i/PLCLK[0]
                         net (fo=1, routed)           0.140     0.140    design_1_i/zynq_ultra_ps_e_0/inst/pl_clk_unbuffered[0]
    BUFG_PS_X0Y58        BUFG_PS (Prop_BUFG_PS_I_O)
                                                      0.027     0.167 r  design_1_i/zynq_ultra_ps_e_0/inst/buffer_pl_clk_0.PL_CLK_0_BUFG/O
    X0Y1 (CLOCK_ROOT)    net (fo=15423, routed)       1.541     1.708    design_1_i/cnn_predict_0/inst/grp_cnn_predict_Pipeline_VITIS_LOOP_121_11_VITIS_LOOP_122_12_VITIS_LOOP_123_13_fu_372/ap_clk
    SLICE_X18Y100        FDRE                                         r  design_1_i/cnn_predict_0/inst/grp_cnn_predict_Pipeline_VITIS_LOOP_121_11_VITIS_LOOP_122_12_VITIS_LOOP_123_13_fu_372/mul3_1_reg_3394_reg[11]/C
  -------------------------------------------------------------------    -------------------
    SLICE_X18Y100        FDRE (Prop_GFF_SLICEL_C_Q)
                                                      0.070     1.778 r  design_1_i/cnn_predict_0/inst/grp_cnn_predict_Pipeline_VITIS_LOOP_121_11_VITIS_LOOP_122_12_VITIS_LOOP_123_13_fu_372/mul3_1_reg_3394_reg[11]/Q
                         net (fo=1, routed)           0.129     1.907    design_1_i/cnn_predict_0/inst/grp_cnn_predict_Pipeline_VITIS_LOOP_121_11_VITIS_LOOP_122_12_VITIS_LOOP_123_13_fu_372/mul3_1_reg_3394[11]
    SLICE_X19Y100        SRLC32E                                      r  design_1_i/cnn_predict_0/inst/grp_cnn_predict_Pipeline_VITIS_LOOP_121_11_VITIS_LOOP_122_12_VITIS_LOOP_123_13_fu_372/mul3_1_reg_3394_pp0_iter20_reg_reg[11]_srl18/D
  -------------------------------------------------------------------    -------------------

                         (clock clk_pl_0 rise edge)
                                                      0.000     0.000 r  
    PS8_X0Y0             PS8                          0.000     0.000 r  design_1_i/zynq_ultra_ps_e_0/inst/PS8_i/PLCLK[0]
                         net (fo=1, routed)           0.178     0.178    design_1_i/zynq_ultra_ps_e_0/inst/pl_clk_unbuffered[0]
    BUFG_PS_X0Y58        BUFG_PS (Prop_BUFG_PS_I_O)
                                                      0.029     0.207 r  design_1_i/zynq_ultra_ps_e_0/inst/buffer_pl_clk_0.PL_CLK_0_BUFG/O
    X0Y1 (CLOCK_ROOT)    net (fo=15423, routed)       1.792     1.999    design_1_i/cnn_predict_0/inst/grp_cnn_predict_Pipeline_VITIS_LOOP_121_11_VITIS_LOOP_122_12_VITIS_LOOP_123_13_fu_372/ap_clk
    SLICE_X19Y100        SRLC32E                                      r  design_1_i/cnn_predict_0/inst/grp_cnn_predict_Pipeline_VITIS_LOOP_121_11_VITIS_LOOP_122_12_VITIS_LOOP_123_13_fu_372/mul3_1_reg_3394_pp0_iter20_reg_reg[11]_srl18/CLK
                         clock pessimism             -0.156     1.843    
    SLICE_X19Y100        SRLC32E (Hold_E6LUT_SLICEM_CLK_D)
                                                      0.052     1.895    design_1_i/cnn_predict_0/inst/grp_cnn_predict_Pipeline_VITIS_LOOP_121_11_VITIS_LOOP_122_12_VITIS_LOOP_123_13_fu_372/mul3_1_reg_3394_pp0_iter20_reg_reg[11]_srl18
  -------------------------------------------------------------------
                         required time                         -1.895    
                         arrival time                           1.907    
  -------------------------------------------------------------------
                         slack                                  0.012    

Slack (MET) :             0.012ns  (arrival time - required time)
  Source:                 design_1_i/cnn_predict_0/inst/grp_cnn_predict_Pipeline_VITIS_LOOP_121_11_VITIS_LOOP_122_12_VITIS_LOOP_123_13_fu_372/mul3_1_0_1_reg_3399_reg[5]/C
                            (rising edge-triggered cell FDRE clocked by clk_pl_0  {rise@0.000ns fall@5.000ns period=10.000ns})
  Destination:            design_1_i/cnn_predict_0/inst/grp_cnn_predict_Pipeline_VITIS_LOOP_121_11_VITIS_LOOP_122_12_VITIS_LOOP_123_13_fu_372/mul3_1_0_1_reg_3399_pp0_iter22_reg_reg[5]_srl20/D
                            (rising edge-triggered cell SRLC32E clocked by clk_pl_0  {rise@0.000ns fall@5.000ns period=10.000ns})
  Path Group:             clk_pl_0
  Path Type:              Hold (Min at Slow Process Corner)
  Requirement:            0.000ns  (clk_pl_0 rise@0.000ns - clk_pl_0 rise@0.000ns)
  Data Path Delay:        0.201ns  (logic 0.072ns (35.821%)  route 0.129ns (64.179%))
  Logic Levels:           0  
  Clock Path Skew:        0.134ns (DCD - SCD - CPR)
    Destination Clock Delay (DCD):    1.995ns
    Source Clock Delay      (SCD):    1.705ns
    Clock Pessimism Removal (CPR):    0.156ns
  Clock Net Delay (Source):      1.538ns (routing 0.576ns, distribution 0.962ns)
  Clock Net Delay (Destination): 1.788ns (routing 0.638ns, distribution 1.150ns)

    Location             Delay type                Incr(ns)  Path(ns)    Netlist Resource(s)
  -------------------------------------------------------------------    -------------------
                         (clock clk_pl_0 rise edge)
                                                      0.000     0.000 r  
    PS8_X0Y0             PS8                          0.000     0.000 r  design_1_i/zynq_ultra_ps_e_0/inst/PS8_i/PLCLK[0]
                         net (fo=1, routed)           0.140     0.140    design_1_i/zynq_ultra_ps_e_0/inst/pl_clk_unbuffered[0]
    BUFG_PS_X0Y58        BUFG_PS (Prop_BUFG_PS_I_O)
                                                      0.027     0.167 r  design_1_i/zynq_ultra_ps_e_0/inst/buffer_pl_clk_0.PL_CLK_0_BUFG/O
    X0Y1 (CLOCK_ROOT)    net (fo=15423, routed)       1.538     1.705    design_1_i/cnn_predict_0/inst/grp_cnn_predict_Pipeline_VITIS_LOOP_121_11_VITIS_LOOP_122_12_VITIS_LOOP_123_13_fu_372/ap_clk
    SLICE_X18Y97         FDRE                                         r  design_1_i/cnn_predict_0/inst/grp_cnn_predict_Pipeline_VITIS_LOOP_121_11_VITIS_LOOP_122_12_VITIS_LOOP_123_13_fu_372/mul3_1_0_1_reg_3399_reg[5]/C
  -------------------------------------------------------------------    -------------------
    SLICE_X18Y97         FDRE (Prop_EFF2_SLICEL_C_Q)
                                                      0.072     1.777 r  design_1_i/cnn_predict_0/inst/grp_cnn_predict_Pipeline_VITIS_LOOP_121_11_VITIS_LOOP_122_12_VITIS_LOOP_123_13_fu_372/mul3_1_0_1_reg_3399_reg[5]/Q
                         net (fo=1, routed)           0.129     1.906    design_1_i/cnn_predict_0/inst/grp_cnn_predict_Pipeline_VITIS_LOOP_121_11_VITIS_LOOP_122_12_VITIS_LOOP_123_13_fu_372/mul3_1_0_1_reg_3399[5]
    SLICE_X19Y97         SRLC32E                                      r  design_1_i/cnn_predict_0/inst/grp_cnn_predict_Pipeline_VITIS_LOOP_121_11_VITIS_LOOP_122_12_VITIS_LOOP_123_13_fu_372/mul3_1_0_1_reg_3399_pp0_iter22_reg_reg[5]_srl20/D
  -------------------------------------------------------------------    -------------------

                         (clock clk_pl_0 rise edge)
                                                      0.000     0.000 r  
    PS8_X0Y0             PS8                          0.000     0.000 r  design_1_i/zynq_ultra_ps_e_0/inst/PS8_i/PLCLK[0]
                         net (fo=1, routed)           0.178     0.178    design_1_i/zynq_ultra_ps_e_0/inst/pl_clk_unbuffered[0]
    BUFG_PS_X0Y58        BUFG_PS (Prop_BUFG_PS_I_O)
                                                      0.029     0.207 r  design_1_i/zynq_ultra_ps_e_0/inst/buffer_pl_clk_0.PL_CLK_0_BUFG/O
    X0Y1 (CLOCK_ROOT)    net (fo=15423, routed)       1.788     1.995    design_1_i/cnn_predict_0/inst/grp_cnn_predict_Pipeline_VITIS_LOOP_121_11_VITIS_LOOP_122_12_VITIS_LOOP_123_13_fu_372/ap_clk
    SLICE_X19Y97         SRLC32E                                      r  design_1_i/cnn_predict_0/inst/grp_cnn_predict_Pipeline_VITIS_LOOP_121_11_VITIS_LOOP_122_12_VITIS_LOOP_123_13_fu_372/mul3_1_0_1_reg_3399_pp0_iter22_reg_reg[5]_srl20/CLK
                         clock pessimism             -0.156     1.839    
    SLICE_X19Y97         SRLC32E (Hold_C6LUT_SLICEM_CLK_D)
                                                      0.055     1.894    design_1_i/cnn_predict_0/inst/grp_cnn_predict_Pipeline_VITIS_LOOP_121_11_VITIS_LOOP_122_12_VITIS_LOOP_123_13_fu_372/mul3_1_0_1_reg_3399_pp0_iter22_reg_reg[5]_srl20
  -------------------------------------------------------------------
                         required time                         -1.894    
                         arrival time                           1.906    
  -------------------------------------------------------------------
                         slack                                  0.012    

Slack (MET) :             0.012ns  (arrival time - required time)
  Source:                 design_1_i/cnn_predict_0/inst/grp_cnn_predict_Pipeline_VITIS_LOOP_121_11_VITIS_LOOP_122_12_VITIS_LOOP_123_13_fu_372/mul3_2_1_reg_3474_pp0_iter48_reg_reg[9]__0/C
                            (rising edge-triggered cell FDRE clocked by clk_pl_0  {rise@0.000ns fall@5.000ns period=10.000ns})
  Destination:            design_1_i/cnn_predict_0/inst/grp_cnn_predict_Pipeline_VITIS_LOOP_121_11_VITIS_LOOP_122_12_VITIS_LOOP_123_13_fu_372/fadd_32ns_32ns_32_5_full_dsp_1_U37/din1_buf1_reg[9]/D
                            (rising edge-triggered cell FDRE clocked by clk_pl_0  {rise@0.000ns fall@5.000ns period=10.000ns})
  Path Group:             clk_pl_0
  Path Type:              Hold (Min at Slow Process Corner)
  Requirement:            0.000ns  (clk_pl_0 rise@0.000ns - clk_pl_0 rise@0.000ns)
  Data Path Delay:        0.287ns  (logic 0.114ns (39.721%)  route 0.173ns (60.279%))
  Logic Levels:           1  (LUT6=1)
  Clock Path Skew:        0.222ns (DCD - SCD - CPR)
    Destination Clock Delay (DCD):    2.049ns
    Source Clock Delay      (SCD):    1.725ns
    Clock Pessimism Removal (CPR):    0.102ns
  Clock Net Delay (Source):      1.558ns (routing 0.576ns, distribution 0.982ns)
  Clock Net Delay (Destination): 1.842ns (routing 0.638ns, distribution 1.204ns)

    Location             Delay type                Incr(ns)  Path(ns)    Netlist Resource(s)
  -------------------------------------------------------------------    -------------------
                         (clock clk_pl_0 rise edge)
                                                      0.000     0.000 r  
    PS8_X0Y0             PS8                          0.000     0.000 r  design_1_i/zynq_ultra_ps_e_0/inst/PS8_i/PLCLK[0]
                         net (fo=1, routed)           0.140     0.140    design_1_i/zynq_ultra_ps_e_0/inst/pl_clk_unbuffered[0]
    BUFG_PS_X0Y58        BUFG_PS (Prop_BUFG_PS_I_O)
                                                      0.027     0.167 r  design_1_i/zynq_ultra_ps_e_0/inst/buffer_pl_clk_0.PL_CLK_0_BUFG/O
    X0Y1 (CLOCK_ROOT)    net (fo=15423, routed)       1.558     1.725    design_1_i/cnn_predict_0/inst/grp_cnn_predict_Pipeline_VITIS_LOOP_121_11_VITIS_LOOP_122_12_VITIS_LOOP_123_13_fu_372/ap_clk
    SLICE_X16Y118        FDRE                                         r  design_1_i/cnn_predict_0/inst/grp_cnn_predict_Pipeline_VITIS_LOOP_121_11_VITIS_LOOP_122_12_VITIS_LOOP_123_13_fu_372/mul3_2_1_reg_3474_pp0_iter48_reg_reg[9]__0/C
  -------------------------------------------------------------------    -------------------
    SLICE_X16Y118        FDRE (Prop_GFF_SLICEM_C_Q)
                                                      0.070     1.795 r  design_1_i/cnn_predict_0/inst/grp_cnn_predict_Pipeline_VITIS_LOOP_121_11_VITIS_LOOP_122_12_VITIS_LOOP_123_13_fu_372/mul3_2_1_reg_3474_pp0_iter48_reg_reg[9]__0/Q
                         net (fo=1, routed)           0.145     1.940    design_1_i/cnn_predict_0/inst/grp_cnn_predict_Pipeline_VITIS_LOOP_121_11_VITIS_LOOP_122_12_VITIS_LOOP_123_13_fu_372/fadd_32ns_32ns_32_5_full_dsp_1_U37/mul3_2_1_reg_3474_pp0_iter48_reg[9]
    SLICE_X16Y124        LUT6 (Prop_A6LUT_SLICEM_I4_O)
                                                      0.044     1.984 r  design_1_i/cnn_predict_0/inst/grp_cnn_predict_Pipeline_VITIS_LOOP_121_11_VITIS_LOOP_122_12_VITIS_LOOP_123_13_fu_372/fadd_32ns_32ns_32_5_full_dsp_1_U37/din1_buf1[9]_i_1__15/O
                         net (fo=1, routed)           0.028     2.012    design_1_i/cnn_predict_0/inst/grp_cnn_predict_Pipeline_VITIS_LOOP_121_11_VITIS_LOOP_122_12_VITIS_LOOP_123_13_fu_372/fadd_32ns_32ns_32_5_full_dsp_1_U37/grp_fu_892_p1[9]
    SLICE_X16Y124        FDRE                                         r  design_1_i/cnn_predict_0/inst/grp_cnn_predict_Pipeline_VITIS_LOOP_121_11_VITIS_LOOP_122_12_VITIS_LOOP_123_13_fu_372/fadd_32ns_32ns_32_5_full_dsp_1_U37/din1_buf1_reg[9]/D
  -------------------------------------------------------------------    -------------------

                         (clock clk_pl_0 rise edge)
                                                      0.000     0.000 r  
    PS8_X0Y0             PS8                          0.000     0.000 r  design_1_i/zynq_ultra_ps_e_0/inst/PS8_i/PLCLK[0]
                         net (fo=1, routed)           0.178     0.178    design_1_i/zynq_ultra_ps_e_0/inst/pl_clk_unbuffered[0]
    BUFG_PS_X0Y58        BUFG_PS (Prop_BUFG_PS_I_O)
                                                      0.029     0.207 r  design_1_i/zynq_ultra_ps_e_0/inst/buffer_pl_clk_0.PL_CLK_0_BUFG/O
    X0Y1 (CLOCK_ROOT)    net (fo=15423, routed)       1.842     2.049    design_1_i/cnn_predict_0/inst/grp_cnn_predict_Pipeline_VITIS_LOOP_121_11_VITIS_LOOP_122_12_VITIS_LOOP_123_13_fu_372/fadd_32ns_32ns_32_5_full_dsp_1_U37/ap_clk
    SLICE_X16Y124        FDRE                                         r  design_1_i/cnn_predict_0/inst/grp_cnn_predict_Pipeline_VITIS_LOOP_121_11_VITIS_LOOP_122_12_VITIS_LOOP_123_13_fu_372/fadd_32ns_32ns_32_5_full_dsp_1_U37/din1_buf1_reg[9]/C
                         clock pessimism             -0.102     1.947    
    SLICE_X16Y124        FDRE (Hold_AFF_SLICEM_C_D)
                                                      0.053     2.000    design_1_i/cnn_predict_0/inst/grp_cnn_predict_Pipeline_VITIS_LOOP_121_11_VITIS_LOOP_122_12_VITIS_LOOP_123_13_fu_372/fadd_32ns_32ns_32_5_full_dsp_1_U37/din1_buf1_reg[9]
  -------------------------------------------------------------------
                         required time                         -2.000    
                         arrival time                           2.012    
  -------------------------------------------------------------------
                         slack                                  0.012    





Pulse Width Checks
--------------------------------------------------------------------------------------
Clock Name:         clk_pl_0
Waveform(ns):       { 0.000 5.000 }
Period(ns):         10.000
Sources:            { design_1_i/zynq_ultra_ps_e_0/inst/PS8_i/PLCLK[0] }

Check Type        Corner  Lib Pin             Reference Pin  Required(ns)  Actual(ns)  Slack(ns)  Location      Pin
Min Period        n/a     PS8/MAXIGP0ACLK     n/a            3.000         10.000      7.000      PS8_X0Y0      design_1_i/zynq_ultra_ps_e_0/inst/PS8_i/MAXIGP0ACLK
Min Period        n/a     PS8/SAXIGP2RCLK     n/a            3.000         10.000      7.000      PS8_X0Y0      design_1_i/zynq_ultra_ps_e_0/inst/PS8_i/SAXIGP2RCLK
Min Period        n/a     PS8/SAXIGP2WCLK     n/a            3.000         10.000      7.000      PS8_X0Y0      design_1_i/zynq_ultra_ps_e_0/inst/PS8_i/SAXIGP2WCLK
Min Period        n/a     RAMB36E2/CLKARDCLK  n/a            1.739         10.000      8.261      RAMB36_X3Y18  design_1_i/cnn_predict_0/inst/flat_U/ram_reg_bram_0/CLKARDCLK
Min Period        n/a     RAMB36E2/CLKARDCLK  n/a            1.739         10.000      8.261      RAMB36_X3Y19  design_1_i/cnn_predict_0/inst/flat_U/ram_reg_bram_1/CLKARDCLK
Min Period        n/a     RAMB18E2/CLKARDCLK  n/a            1.739         10.000      8.261      RAMB18_X2Y32  design_1_i/cnn_predict_0/inst/gmem_m_axi_U/load_unit/buff_rdata/U_fifo_mem/mem_reg/CLKARDCLK
Min Period        n/a     RAMB18E2/CLKBWRCLK  n/a            1.739         10.000      8.261      RAMB18_X2Y32  design_1_i/cnn_predict_0/inst/gmem_m_axi_U/load_unit/buff_rdata/U_fifo_mem/mem_reg/CLKBWRCLK
Min Period        n/a     RAMB36E2/CLKARDCLK  n/a            1.739         10.000      8.261      RAMB36_X2Y19  design_1_i/cnn_predict_0/inst/img_read_U/ram_reg_bram_0/CLKARDCLK
Min Period        n/a     RAMB36E2/CLKARDCLK  n/a            1.739         10.000      8.261      RAMB36_X2Y20  design_1_i/cnn_predict_0/inst/img_read_U/ram_reg_bram_1/CLKARDCLK
Min Period        n/a     RAMB36E2/CLKARDCLK  n/a            1.739         10.000      8.261      RAMB36_X1Y19  design_1_i/cnn_predict_0/inst/img_read_U/ram_reg_bram_2/CLKARDCLK
Low Pulse Width   Slow    PS8/MAXIGP0ACLK     n/a            1.500         5.000       3.500      PS8_X0Y0      design_1_i/zynq_ultra_ps_e_0/inst/PS8_i/MAXIGP0ACLK
Low Pulse Width   Fast    PS8/MAXIGP0ACLK     n/a            1.500         5.000       3.500      PS8_X0Y0      design_1_i/zynq_ultra_ps_e_0/inst/PS8_i/MAXIGP0ACLK
Low Pulse Width   Slow    PS8/SAXIGP2RCLK     n/a            1.500         5.000       3.500      PS8_X0Y0      design_1_i/zynq_ultra_ps_e_0/inst/PS8_i/SAXIGP2RCLK
Low Pulse Width   Fast    PS8/SAXIGP2RCLK     n/a            1.500         5.000       3.500      PS8_X0Y0      design_1_i/zynq_ultra_ps_e_0/inst/PS8_i/SAXIGP2RCLK
Low Pulse Width   Slow    PS8/SAXIGP2WCLK     n/a            1.500         5.000       3.500      PS8_X0Y0      design_1_i/zynq_ultra_ps_e_0/inst/PS8_i/SAXIGP2WCLK
Low Pulse Width   Fast    PS8/SAXIGP2WCLK     n/a            1.500         5.000       3.500      PS8_X0Y0      design_1_i/zynq_ultra_ps_e_0/inst/PS8_i/SAXIGP2WCLK
Low Pulse Width   Slow    SRL16E/CLK          n/a            0.573         5.000       4.427      SLICE_X9Y17   design_1_i/axi_smc/inst/clk_map/psr_aclk/U0/EXT_LPF/POR_SRL_I/CLK
Low Pulse Width   Fast    SRL16E/CLK          n/a            0.573         5.000       4.427      SLICE_X9Y17   design_1_i/axi_smc/inst/clk_map/psr_aclk/U0/EXT_LPF/POR_SRL_I/CLK
Low Pulse Width   Slow    SRL16E/CLK          n/a            0.573         5.000       4.427      SLICE_X1Y21   design_1_i/axi_smc/inst/m00_exit_pipeline/m00_exit/inst/exit_inst/gen_r_cmd_fifo.r_cmd_fifo/gen_srls[10].srl_nx1/shift_reg_reg[0]_srl16/CLK
Low Pulse Width   Fast    SRL16E/CLK          n/a            0.573         5.000       4.427      SLICE_X1Y21   design_1_i/axi_smc/inst/m00_exit_pipeline/m00_exit/inst/exit_inst/gen_r_cmd_fifo.r_cmd_fifo/gen_srls[10].srl_nx1/shift_reg_reg[0]_srl16/CLK
High Pulse Width  Slow    PS8/MAXIGP0ACLK     n/a            1.500         5.000       3.500      PS8_X0Y0      design_1_i/zynq_ultra_ps_e_0/inst/PS8_i/MAXIGP0ACLK
High Pulse Width  Fast    PS8/MAXIGP0ACLK     n/a            1.500         5.000       3.500      PS8_X0Y0      design_1_i/zynq_ultra_ps_e_0/inst/PS8_i/MAXIGP0ACLK
High Pulse Width  Slow    PS8/SAXIGP2RCLK     n/a            1.500         5.000       3.500      PS8_X0Y0      design_1_i/zynq_ultra_ps_e_0/inst/PS8_i/SAXIGP2RCLK
High Pulse Width  Fast    PS8/SAXIGP2RCLK     n/a            1.500         5.000       3.500      PS8_X0Y0      design_1_i/zynq_ultra_ps_e_0/inst/PS8_i/SAXIGP2RCLK
High Pulse Width  Slow    PS8/SAXIGP2WCLK     n/a            1.500         5.000       3.500      PS8_X0Y0      design_1_i/zynq_ultra_ps_e_0/inst/PS8_i/SAXIGP2WCLK
High Pulse Width  Fast    PS8/SAXIGP2WCLK     n/a            1.500         5.000       3.500      PS8_X0Y0      design_1_i/zynq_ultra_ps_e_0/inst/PS8_i/SAXIGP2WCLK
High Pulse Width  Slow    SRL16E/CLK          n/a            0.573         5.000       4.427      SLICE_X9Y17   design_1_i/axi_smc/inst/clk_map/psr_aclk/U0/EXT_LPF/POR_SRL_I/CLK
High Pulse Width  Fast    SRL16E/CLK          n/a            0.573         5.000       4.427      SLICE_X9Y17   design_1_i/axi_smc/inst/clk_map/psr_aclk/U0/EXT_LPF/POR_SRL_I/CLK
High Pulse Width  Slow    SRL16E/CLK          n/a            0.573         5.000       4.427      SLICE_X1Y21   design_1_i/axi_smc/inst/m00_exit_pipeline/m00_exit/inst/exit_inst/gen_r_cmd_fifo.r_cmd_fifo/gen_srls[10].srl_nx1/shift_reg_reg[0]_srl16/CLK
High Pulse Width  Fast    SRL16E/CLK          n/a            0.573         5.000       4.427      SLICE_X1Y21   design_1_i/axi_smc/inst/m00_exit_pipeline/m00_exit/inst/exit_inst/gen_r_cmd_fifo.r_cmd_fifo/gen_srls[10].srl_nx1/shift_reg_reg[0]_srl16/CLK



---------------------------------------------------------------------------------------------------
Path Group:  **async_default**
From Clock:  clk_pl_0
  To Clock:  clk_pl_0

Setup :            0  Failing Endpoints,  Worst Slack        8.526ns,  Total Violation        0.000ns
Hold  :            0  Failing Endpoints,  Worst Slack        0.178ns,  Total Violation        0.000ns
---------------------------------------------------------------------------------------------------


Max Delay Paths
--------------------------------------------------------------------------------------
Slack (MET) :             8.526ns  (required time - arrival time)
  Source:                 design_1_i/ps8_0_axi_periph/s00_couplers/auto_ds/inst/gen_downsizer.gen_simple_downsizer.axi_downsizer_inst/USE_WRITE.write_addr_inst/cmd_queue/inst/fifo_gen_inst/inst_fifo_gen/gconvfifo.rf/grf.rf/rstblk/ngwrdrst.grst.g7serrst.gnsckt_wrst.gcc_rst.sckt_wr_rst_cc_reg[0]/C
                            (rising edge-triggered cell FDRE clocked by clk_pl_0  {rise@0.000ns fall@5.000ns period=10.000ns})
  Destination:            design_1_i/ps8_0_axi_periph/s00_couplers/auto_ds/inst/gen_downsizer.gen_simple_downsizer.axi_downsizer_inst/USE_WRITE.write_addr_inst/cmd_queue/inst/fifo_gen_inst/inst_fifo_gen/gconvfifo.rf/grf.rf/gntv_or_sync_fifo.gl0.rd/rpntr/gc0.count_reg[1]/CLR
                            (recovery check against rising-edge clock clk_pl_0  {rise@0.000ns fall@5.000ns period=10.000ns})
  Path Group:             **async_default**
  Path Type:              Recovery (Max at Slow Process Corner)
  Requirement:            10.000ns  (clk_pl_0 rise@10.000ns - clk_pl_0 rise@0.000ns)
  Data Path Delay:        1.116ns  (logic 0.244ns (21.867%)  route 0.872ns (78.133%))
  Logic Levels:           1  (LUT3=1)
  Clock Path Skew:        -0.110ns (DCD - SCD + CPR)
    Destination Clock Delay (DCD):    1.700ns = ( 11.700 - 10.000 ) 
    Source Clock Delay      (SCD):    1.971ns
    Clock Pessimism Removal (CPR):    0.161ns
  Clock Uncertainty:      0.176ns  ((TSJ^2 + DJ^2)^1/2) / 2 + PE
    Total System Jitter     (TSJ):    0.071ns
    Discrete Jitter          (DJ):    0.344ns
    Phase Error              (PE):    0.000ns
  Clock Net Delay (Source):      1.764ns (routing 0.638ns, distribution 1.126ns)
  Clock Net Delay (Destination): 1.533ns (routing 0.576ns, distribution 0.957ns)

    Location             Delay type                Incr(ns)  Path(ns)    Netlist Resource(s)
  -------------------------------------------------------------------    -------------------
                         (clock clk_pl_0 rise edge)
                                                      0.000     0.000 r  
    PS8_X0Y0             PS8                          0.000     0.000 r  design_1_i/zynq_ultra_ps_e_0/inst/PS8_i/PLCLK[0]
                         net (fo=1, routed)           0.178     0.178    design_1_i/zynq_ultra_ps_e_0/inst/pl_clk_unbuffered[0]
    BUFG_PS_X0Y58        BUFG_PS (Prop_BUFG_PS_I_O)
                                                      0.029     0.207 r  design_1_i/zynq_ultra_ps_e_0/inst/buffer_pl_clk_0.PL_CLK_0_BUFG/O
    X0Y1 (CLOCK_ROOT)    net (fo=15423, routed)       1.764     1.971    design_1_i/ps8_0_axi_periph/s00_couplers/auto_ds/inst/gen_downsizer.gen_simple_downsizer.axi_downsizer_inst/USE_WRITE.write_addr_inst/cmd_queue/inst/fifo_gen_inst/inst_fifo_gen/gconvfifo.rf/grf.rf/rstblk/clk
    SLICE_X2Y39          FDRE                                         r  design_1_i/ps8_0_axi_periph/s00_couplers/auto_ds/inst/gen_downsizer.gen_simple_downsizer.axi_downsizer_inst/USE_WRITE.write_addr_inst/cmd_queue/inst/fifo_gen_inst/inst_fifo_gen/gconvfifo.rf/grf.rf/rstblk/ngwrdrst.grst.g7serrst.gnsckt_wrst.gcc_rst.sckt_wr_rst_cc_reg[0]/C
  -------------------------------------------------------------------    -------------------
    SLICE_X2Y39          FDRE (Prop_AFF_SLICEL_C_Q)
                                                      0.096     2.067 f  design_1_i/ps8_0_axi_periph/s00_couplers/auto_ds/inst/gen_downsizer.gen_simple_downsizer.axi_downsizer_inst/USE_WRITE.write_addr_inst/cmd_queue/inst/fifo_gen_inst/inst_fifo_gen/gconvfifo.rf/grf.rf/rstblk/ngwrdrst.grst.g7serrst.gnsckt_wrst.gcc_rst.sckt_wr_rst_cc_reg[0]/Q
                         net (fo=3, routed)           0.349     2.417    design_1_i/ps8_0_axi_periph/s00_couplers/auto_ds/inst/gen_downsizer.gen_simple_downsizer.axi_downsizer_inst/USE_WRITE.write_addr_inst/cmd_queue/inst/fifo_gen_inst/inst_fifo_gen/gconvfifo.rf/grf.rf/rstblk/ngwrdrst.grst.g7serrst.gnsckt_wrst.gcc_rst.sckt_wr_rst_cc[0]
    SLICE_X2Y39          LUT3 (Prop_E6LUT_SLICEL_I1_O)
                                                      0.148     2.565 f  design_1_i/ps8_0_axi_periph/s00_couplers/auto_ds/inst/gen_downsizer.gen_simple_downsizer.axi_downsizer_inst/USE_WRITE.write_addr_inst/cmd_queue/inst/fifo_gen_inst/inst_fifo_gen/gconvfifo.rf/grf.rf/rstblk/gpregsm1.curr_fwft_state[1]_i_2/O
                         net (fo=32, routed)          0.522     3.087    design_1_i/ps8_0_axi_periph/s00_couplers/auto_ds/inst/gen_downsizer.gen_simple_downsizer.axi_downsizer_inst/USE_WRITE.write_addr_inst/cmd_queue/inst/fifo_gen_inst/inst_fifo_gen/gconvfifo.rf/grf.rf/gntv_or_sync_fifo.gl0.rd/rpntr/gc0.count_d1_reg[4]_1
    SLICE_X3Y37          FDCE                                         f  design_1_i/ps8_0_axi_periph/s00_couplers/auto_ds/inst/gen_downsizer.gen_simple_downsizer.axi_downsizer_inst/USE_WRITE.write_addr_inst/cmd_queue/inst/fifo_gen_inst/inst_fifo_gen/gconvfifo.rf/grf.rf/gntv_or_sync_fifo.gl0.rd/rpntr/gc0.count_reg[1]/CLR
  -------------------------------------------------------------------    -------------------

                         (clock clk_pl_0 rise edge)
                                                     10.000    10.000 r  
    PS8_X0Y0             PS8                          0.000    10.000 r  design_1_i/zynq_ultra_ps_e_0/inst/PS8_i/PLCLK[0]
                         net (fo=1, routed)           0.140    10.140    design_1_i/zynq_ultra_ps_e_0/inst/pl_clk_unbuffered[0]
    BUFG_PS_X0Y58        BUFG_PS (Prop_BUFG_PS_I_O)
                                                      0.027    10.167 r  design_1_i/zynq_ultra_ps_e_0/inst/buffer_pl_clk_0.PL_CLK_0_BUFG/O
    X0Y1 (CLOCK_ROOT)    net (fo=15423, routed)       1.533    11.700    design_1_i/ps8_0_axi_periph/s00_couplers/auto_ds/inst/gen_downsizer.gen_simple_downsizer.axi_downsizer_inst/USE_WRITE.write_addr_inst/cmd_queue/inst/fifo_gen_inst/inst_fifo_gen/gconvfifo.rf/grf.rf/gntv_or_sync_fifo.gl0.rd/rpntr/clk
    SLICE_X3Y37          FDCE                                         r  design_1_i/ps8_0_axi_periph/s00_couplers/auto_ds/inst/gen_downsizer.gen_simple_downsizer.axi_downsizer_inst/USE_WRITE.write_addr_inst/cmd_queue/inst/fifo_gen_inst/inst_fifo_gen/gconvfifo.rf/grf.rf/gntv_or_sync_fifo.gl0.rd/rpntr/gc0.count_reg[1]/C
                         clock pessimism              0.161    11.861    
                         clock uncertainty           -0.176    11.685    
    SLICE_X3Y37          FDCE (Recov_DFF_SLICEL_C_CLR)
                                                     -0.072    11.613    design_1_i/ps8_0_axi_periph/s00_couplers/auto_ds/inst/gen_downsizer.gen_simple_downsizer.axi_downsizer_inst/USE_WRITE.write_addr_inst/cmd_queue/inst/fifo_gen_inst/inst_fifo_gen/gconvfifo.rf/grf.rf/gntv_or_sync_fifo.gl0.rd/rpntr/gc0.count_reg[1]
  -------------------------------------------------------------------
                         required time                         11.613    
                         arrival time                          -3.087    
  -------------------------------------------------------------------
                         slack                                  8.526    

Slack (MET) :             8.526ns  (required time - arrival time)
  Source:                 design_1_i/ps8_0_axi_periph/s00_couplers/auto_ds/inst/gen_downsizer.gen_simple_downsizer.axi_downsizer_inst/USE_WRITE.write_addr_inst/cmd_queue/inst/fifo_gen_inst/inst_fifo_gen/gconvfifo.rf/grf.rf/rstblk/ngwrdrst.grst.g7serrst.gnsckt_wrst.gcc_rst.sckt_wr_rst_cc_reg[0]/C
                            (rising edge-triggered cell FDRE clocked by clk_pl_0  {rise@0.000ns fall@5.000ns period=10.000ns})
  Destination:            design_1_i/ps8_0_axi_periph/s00_couplers/auto_ds/inst/gen_downsizer.gen_simple_downsizer.axi_downsizer_inst/USE_WRITE.write_addr_inst/cmd_queue/inst/fifo_gen_inst/inst_fifo_gen/gconvfifo.rf/grf.rf/gntv_or_sync_fifo.gl0.rd/rpntr/gc0.count_reg[2]/CLR
                            (recovery check against rising-edge clock clk_pl_0  {rise@0.000ns fall@5.000ns period=10.000ns})
  Path Group:             **async_default**
  Path Type:              Recovery (Max at Slow Process Corner)
  Requirement:            10.000ns  (clk_pl_0 rise@10.000ns - clk_pl_0 rise@0.000ns)
  Data Path Delay:        1.116ns  (logic 0.244ns (21.867%)  route 0.872ns (78.133%))
  Logic Levels:           1  (LUT3=1)
  Clock Path Skew:        -0.110ns (DCD - SCD + CPR)
    Destination Clock Delay (DCD):    1.700ns = ( 11.700 - 10.000 ) 
    Source Clock Delay      (SCD):    1.971ns
    Clock Pessimism Removal (CPR):    0.161ns
  Clock Uncertainty:      0.176ns  ((TSJ^2 + DJ^2)^1/2) / 2 + PE
    Total System Jitter     (TSJ):    0.071ns
    Discrete Jitter          (DJ):    0.344ns
    Phase Error              (PE):    0.000ns
  Clock Net Delay (Source):      1.764ns (routing 0.638ns, distribution 1.126ns)
  Clock Net Delay (Destination): 1.533ns (routing 0.576ns, distribution 0.957ns)

    Location             Delay type                Incr(ns)  Path(ns)    Netlist Resource(s)
  -------------------------------------------------------------------    -------------------
                         (clock clk_pl_0 rise edge)
                                                      0.000     0.000 r  
    PS8_X0Y0             PS8                          0.000     0.000 r  design_1_i/zynq_ultra_ps_e_0/inst/PS8_i/PLCLK[0]
                         net (fo=1, routed)           0.178     0.178    design_1_i/zynq_ultra_ps_e_0/inst/pl_clk_unbuffered[0]
    BUFG_PS_X0Y58        BUFG_PS (Prop_BUFG_PS_I_O)
                                                      0.029     0.207 r  design_1_i/zynq_ultra_ps_e_0/inst/buffer_pl_clk_0.PL_CLK_0_BUFG/O
    X0Y1 (CLOCK_ROOT)    net (fo=15423, routed)       1.764     1.971    design_1_i/ps8_0_axi_periph/s00_couplers/auto_ds/inst/gen_downsizer.gen_simple_downsizer.axi_downsizer_inst/USE_WRITE.write_addr_inst/cmd_queue/inst/fifo_gen_inst/inst_fifo_gen/gconvfifo.rf/grf.rf/rstblk/clk
    SLICE_X2Y39          FDRE                                         r  design_1_i/ps8_0_axi_periph/s00_couplers/auto_ds/inst/gen_downsizer.gen_simple_downsizer.axi_downsizer_inst/USE_WRITE.write_addr_inst/cmd_queue/inst/fifo_gen_inst/inst_fifo_gen/gconvfifo.rf/grf.rf/rstblk/ngwrdrst.grst.g7serrst.gnsckt_wrst.gcc_rst.sckt_wr_rst_cc_reg[0]/C
  -------------------------------------------------------------------    -------------------
    SLICE_X2Y39          FDRE (Prop_AFF_SLICEL_C_Q)
                                                      0.096     2.067 f  design_1_i/ps8_0_axi_periph/s00_couplers/auto_ds/inst/gen_downsizer.gen_simple_downsizer.axi_downsizer_inst/USE_WRITE.write_addr_inst/cmd_queue/inst/fifo_gen_inst/inst_fifo_gen/gconvfifo.rf/grf.rf/rstblk/ngwrdrst.grst.g7serrst.gnsckt_wrst.gcc_rst.sckt_wr_rst_cc_reg[0]/Q
                         net (fo=3, routed)           0.349     2.417    design_1_i/ps8_0_axi_periph/s00_couplers/auto_ds/inst/gen_downsizer.gen_simple_downsizer.axi_downsizer_inst/USE_WRITE.write_addr_inst/cmd_queue/inst/fifo_gen_inst/inst_fifo_gen/gconvfifo.rf/grf.rf/rstblk/ngwrdrst.grst.g7serrst.gnsckt_wrst.gcc_rst.sckt_wr_rst_cc[0]
    SLICE_X2Y39          LUT3 (Prop_E6LUT_SLICEL_I1_O)
                                                      0.148     2.565 f  design_1_i/ps8_0_axi_periph/s00_couplers/auto_ds/inst/gen_downsizer.gen_simple_downsizer.axi_downsizer_inst/USE_WRITE.write_addr_inst/cmd_queue/inst/fifo_gen_inst/inst_fifo_gen/gconvfifo.rf/grf.rf/rstblk/gpregsm1.curr_fwft_state[1]_i_2/O
                         net (fo=32, routed)          0.522     3.087    design_1_i/ps8_0_axi_periph/s00_couplers/auto_ds/inst/gen_downsizer.gen_simple_downsizer.axi_downsizer_inst/USE_WRITE.write_addr_inst/cmd_queue/inst/fifo_gen_inst/inst_fifo_gen/gconvfifo.rf/grf.rf/gntv_or_sync_fifo.gl0.rd/rpntr/gc0.count_d1_reg[4]_1
    SLICE_X3Y37          FDCE                                         f  design_1_i/ps8_0_axi_periph/s00_couplers/auto_ds/inst/gen_downsizer.gen_simple_downsizer.axi_downsizer_inst/USE_WRITE.write_addr_inst/cmd_queue/inst/fifo_gen_inst/inst_fifo_gen/gconvfifo.rf/grf.rf/gntv_or_sync_fifo.gl0.rd/rpntr/gc0.count_reg[2]/CLR
  -------------------------------------------------------------------    -------------------

                         (clock clk_pl_0 rise edge)
                                                     10.000    10.000 r  
    PS8_X0Y0             PS8                          0.000    10.000 r  design_1_i/zynq_ultra_ps_e_0/inst/PS8_i/PLCLK[0]
                         net (fo=1, routed)           0.140    10.140    design_1_i/zynq_ultra_ps_e_0/inst/pl_clk_unbuffered[0]
    BUFG_PS_X0Y58        BUFG_PS (Prop_BUFG_PS_I_O)
                                                      0.027    10.167 r  design_1_i/zynq_ultra_ps_e_0/inst/buffer_pl_clk_0.PL_CLK_0_BUFG/O
    X0Y1 (CLOCK_ROOT)    net (fo=15423, routed)       1.533    11.700    design_1_i/ps8_0_axi_periph/s00_couplers/auto_ds/inst/gen_downsizer.gen_simple_downsizer.axi_downsizer_inst/USE_WRITE.write_addr_inst/cmd_queue/inst/fifo_gen_inst/inst_fifo_gen/gconvfifo.rf/grf.rf/gntv_or_sync_fifo.gl0.rd/rpntr/clk
    SLICE_X3Y37          FDCE                                         r  design_1_i/ps8_0_axi_periph/s00_couplers/auto_ds/inst/gen_downsizer.gen_simple_downsizer.axi_downsizer_inst/USE_WRITE.write_addr_inst/cmd_queue/inst/fifo_gen_inst/inst_fifo_gen/gconvfifo.rf/grf.rf/gntv_or_sync_fifo.gl0.rd/rpntr/gc0.count_reg[2]/C
                         clock pessimism              0.161    11.861    
                         clock uncertainty           -0.176    11.685    
    SLICE_X3Y37          FDCE (Recov_DFF2_SLICEL_C_CLR)
                                                     -0.072    11.613    design_1_i/ps8_0_axi_periph/s00_couplers/auto_ds/inst/gen_downsizer.gen_simple_downsizer.axi_downsizer_inst/USE_WRITE.write_addr_inst/cmd_queue/inst/fifo_gen_inst/inst_fifo_gen/gconvfifo.rf/grf.rf/gntv_or_sync_fifo.gl0.rd/rpntr/gc0.count_reg[2]
  -------------------------------------------------------------------
                         required time                         11.613    
                         arrival time                          -3.087    
  -------------------------------------------------------------------
                         slack                                  8.526    

Slack (MET) :             8.526ns  (required time - arrival time)
  Source:                 design_1_i/ps8_0_axi_periph/s00_couplers/auto_ds/inst/gen_downsizer.gen_simple_downsizer.axi_downsizer_inst/USE_WRITE.write_addr_inst/cmd_queue/inst/fifo_gen_inst/inst_fifo_gen/gconvfifo.rf/grf.rf/rstblk/ngwrdrst.grst.g7serrst.gnsckt_wrst.gcc_rst.sckt_wr_rst_cc_reg[0]/C
                            (rising edge-triggered cell FDRE clocked by clk_pl_0  {rise@0.000ns fall@5.000ns period=10.000ns})
  Destination:            design_1_i/ps8_0_axi_periph/s00_couplers/auto_ds/inst/gen_downsizer.gen_simple_downsizer.axi_downsizer_inst/USE_WRITE.write_addr_inst/cmd_queue/inst/fifo_gen_inst/inst_fifo_gen/gconvfifo.rf/grf.rf/gntv_or_sync_fifo.gl0.rd/rpntr/gc0.count_reg[3]/CLR
                            (recovery check against rising-edge clock clk_pl_0  {rise@0.000ns fall@5.000ns period=10.000ns})
  Path Group:             **async_default**
  Path Type:              Recovery (Max at Slow Process Corner)
  Requirement:            10.000ns  (clk_pl_0 rise@10.000ns - clk_pl_0 rise@0.000ns)
  Data Path Delay:        1.116ns  (logic 0.244ns (21.867%)  route 0.872ns (78.133%))
  Logic Levels:           1  (LUT3=1)
  Clock Path Skew:        -0.110ns (DCD - SCD + CPR)
    Destination Clock Delay (DCD):    1.700ns = ( 11.700 - 10.000 ) 
    Source Clock Delay      (SCD):    1.971ns
    Clock Pessimism Removal (CPR):    0.161ns
  Clock Uncertainty:      0.176ns  ((TSJ^2 + DJ^2)^1/2) / 2 + PE
    Total System Jitter     (TSJ):    0.071ns
    Discrete Jitter          (DJ):    0.344ns
    Phase Error              (PE):    0.000ns
  Clock Net Delay (Source):      1.764ns (routing 0.638ns, distribution 1.126ns)
  Clock Net Delay (Destination): 1.533ns (routing 0.576ns, distribution 0.957ns)

    Location             Delay type                Incr(ns)  Path(ns)    Netlist Resource(s)
  -------------------------------------------------------------------    -------------------
                         (clock clk_pl_0 rise edge)
                                                      0.000     0.000 r  
    PS8_X0Y0             PS8                          0.000     0.000 r  design_1_i/zynq_ultra_ps_e_0/inst/PS8_i/PLCLK[0]
                         net (fo=1, routed)           0.178     0.178    design_1_i/zynq_ultra_ps_e_0/inst/pl_clk_unbuffered[0]
    BUFG_PS_X0Y58        BUFG_PS (Prop_BUFG_PS_I_O)
                                                      0.029     0.207 r  design_1_i/zynq_ultra_ps_e_0/inst/buffer_pl_clk_0.PL_CLK_0_BUFG/O
    X0Y1 (CLOCK_ROOT)    net (fo=15423, routed)       1.764     1.971    design_1_i/ps8_0_axi_periph/s00_couplers/auto_ds/inst/gen_downsizer.gen_simple_downsizer.axi_downsizer_inst/USE_WRITE.write_addr_inst/cmd_queue/inst/fifo_gen_inst/inst_fifo_gen/gconvfifo.rf/grf.rf/rstblk/clk
    SLICE_X2Y39          FDRE                                         r  design_1_i/ps8_0_axi_periph/s00_couplers/auto_ds/inst/gen_downsizer.gen_simple_downsizer.axi_downsizer_inst/USE_WRITE.write_addr_inst/cmd_queue/inst/fifo_gen_inst/inst_fifo_gen/gconvfifo.rf/grf.rf/rstblk/ngwrdrst.grst.g7serrst.gnsckt_wrst.gcc_rst.sckt_wr_rst_cc_reg[0]/C
  -------------------------------------------------------------------    -------------------
    SLICE_X2Y39          FDRE (Prop_AFF_SLICEL_C_Q)
                                                      0.096     2.067 f  design_1_i/ps8_0_axi_periph/s00_couplers/auto_ds/inst/gen_downsizer.gen_simple_downsizer.axi_downsizer_inst/USE_WRITE.write_addr_inst/cmd_queue/inst/fifo_gen_inst/inst_fifo_gen/gconvfifo.rf/grf.rf/rstblk/ngwrdrst.grst.g7serrst.gnsckt_wrst.gcc_rst.sckt_wr_rst_cc_reg[0]/Q
                         net (fo=3, routed)           0.349     2.417    design_1_i/ps8_0_axi_periph/s00_couplers/auto_ds/inst/gen_downsizer.gen_simple_downsizer.axi_downsizer_inst/USE_WRITE.write_addr_inst/cmd_queue/inst/fifo_gen_inst/inst_fifo_gen/gconvfifo.rf/grf.rf/rstblk/ngwrdrst.grst.g7serrst.gnsckt_wrst.gcc_rst.sckt_wr_rst_cc[0]
    SLICE_X2Y39          LUT3 (Prop_E6LUT_SLICEL_I1_O)
                                                      0.148     2.565 f  design_1_i/ps8_0_axi_periph/s00_couplers/auto_ds/inst/gen_downsizer.gen_simple_downsizer.axi_downsizer_inst/USE_WRITE.write_addr_inst/cmd_queue/inst/fifo_gen_inst/inst_fifo_gen/gconvfifo.rf/grf.rf/rstblk/gpregsm1.curr_fwft_state[1]_i_2/O
                         net (fo=32, routed)          0.522     3.087    design_1_i/ps8_0_axi_periph/s00_couplers/auto_ds/inst/gen_downsizer.gen_simple_downsizer.axi_downsizer_inst/USE_WRITE.write_addr_inst/cmd_queue/inst/fifo_gen_inst/inst_fifo_gen/gconvfifo.rf/grf.rf/gntv_or_sync_fifo.gl0.rd/rpntr/gc0.count_d1_reg[4]_1
    SLICE_X3Y37          FDCE                                         f  design_1_i/ps8_0_axi_periph/s00_couplers/auto_ds/inst/gen_downsizer.gen_simple_downsizer.axi_downsizer_inst/USE_WRITE.write_addr_inst/cmd_queue/inst/fifo_gen_inst/inst_fifo_gen/gconvfifo.rf/grf.rf/gntv_or_sync_fifo.gl0.rd/rpntr/gc0.count_reg[3]/CLR
  -------------------------------------------------------------------    -------------------

                         (clock clk_pl_0 rise edge)
                                                     10.000    10.000 r  
    PS8_X0Y0             PS8                          0.000    10.000 r  design_1_i/zynq_ultra_ps_e_0/inst/PS8_i/PLCLK[0]
                         net (fo=1, routed)           0.140    10.140    design_1_i/zynq_ultra_ps_e_0/inst/pl_clk_unbuffered[0]
    BUFG_PS_X0Y58        BUFG_PS (Prop_BUFG_PS_I_O)
                                                      0.027    10.167 r  design_1_i/zynq_ultra_ps_e_0/inst/buffer_pl_clk_0.PL_CLK_0_BUFG/O
    X0Y1 (CLOCK_ROOT)    net (fo=15423, routed)       1.533    11.700    design_1_i/ps8_0_axi_periph/s00_couplers/auto_ds/inst/gen_downsizer.gen_simple_downsizer.axi_downsizer_inst/USE_WRITE.write_addr_inst/cmd_queue/inst/fifo_gen_inst/inst_fifo_gen/gconvfifo.rf/grf.rf/gntv_or_sync_fifo.gl0.rd/rpntr/clk
    SLICE_X3Y37          FDCE                                         r  design_1_i/ps8_0_axi_periph/s00_couplers/auto_ds/inst/gen_downsizer.gen_simple_downsizer.axi_downsizer_inst/USE_WRITE.write_addr_inst/cmd_queue/inst/fifo_gen_inst/inst_fifo_gen/gconvfifo.rf/grf.rf/gntv_or_sync_fifo.gl0.rd/rpntr/gc0.count_reg[3]/C
                         clock pessimism              0.161    11.861    
                         clock uncertainty           -0.176    11.685    
    SLICE_X3Y37          FDCE (Recov_CFF_SLICEL_C_CLR)
                                                     -0.072    11.613    design_1_i/ps8_0_axi_periph/s00_couplers/auto_ds/inst/gen_downsizer.gen_simple_downsizer.axi_downsizer_inst/USE_WRITE.write_addr_inst/cmd_queue/inst/fifo_gen_inst/inst_fifo_gen/gconvfifo.rf/grf.rf/gntv_or_sync_fifo.gl0.rd/rpntr/gc0.count_reg[3]
  -------------------------------------------------------------------
                         required time                         11.613    
                         arrival time                          -3.087    
  -------------------------------------------------------------------
                         slack                                  8.526    

Slack (MET) :             8.526ns  (required time - arrival time)
  Source:                 design_1_i/ps8_0_axi_periph/s00_couplers/auto_ds/inst/gen_downsizer.gen_simple_downsizer.axi_downsizer_inst/USE_WRITE.write_addr_inst/cmd_queue/inst/fifo_gen_inst/inst_fifo_gen/gconvfifo.rf/grf.rf/rstblk/ngwrdrst.grst.g7serrst.gnsckt_wrst.gcc_rst.sckt_wr_rst_cc_reg[0]/C
                            (rising edge-triggered cell FDRE clocked by clk_pl_0  {rise@0.000ns fall@5.000ns period=10.000ns})
  Destination:            design_1_i/ps8_0_axi_periph/s00_couplers/auto_ds/inst/gen_downsizer.gen_simple_downsizer.axi_downsizer_inst/USE_WRITE.write_addr_inst/cmd_queue/inst/fifo_gen_inst/inst_fifo_gen/gconvfifo.rf/grf.rf/gntv_or_sync_fifo.gl0.rd/rpntr/gc0.count_reg[4]/CLR
                            (recovery check against rising-edge clock clk_pl_0  {rise@0.000ns fall@5.000ns period=10.000ns})
  Path Group:             **async_default**
  Path Type:              Recovery (Max at Slow Process Corner)
  Requirement:            10.000ns  (clk_pl_0 rise@10.000ns - clk_pl_0 rise@0.000ns)
  Data Path Delay:        1.116ns  (logic 0.244ns (21.867%)  route 0.872ns (78.133%))
  Logic Levels:           1  (LUT3=1)
  Clock Path Skew:        -0.110ns (DCD - SCD + CPR)
    Destination Clock Delay (DCD):    1.700ns = ( 11.700 - 10.000 ) 
    Source Clock Delay      (SCD):    1.971ns
    Clock Pessimism Removal (CPR):    0.161ns
  Clock Uncertainty:      0.176ns  ((TSJ^2 + DJ^2)^1/2) / 2 + PE
    Total System Jitter     (TSJ):    0.071ns
    Discrete Jitter          (DJ):    0.344ns
    Phase Error              (PE):    0.000ns
  Clock Net Delay (Source):      1.764ns (routing 0.638ns, distribution 1.126ns)
  Clock Net Delay (Destination): 1.533ns (routing 0.576ns, distribution 0.957ns)

    Location             Delay type                Incr(ns)  Path(ns)    Netlist Resource(s)
  -------------------------------------------------------------------    -------------------
                         (clock clk_pl_0 rise edge)
                                                      0.000     0.000 r  
    PS8_X0Y0             PS8                          0.000     0.000 r  design_1_i/zynq_ultra_ps_e_0/inst/PS8_i/PLCLK[0]
                         net (fo=1, routed)           0.178     0.178    design_1_i/zynq_ultra_ps_e_0/inst/pl_clk_unbuffered[0]
    BUFG_PS_X0Y58        BUFG_PS (Prop_BUFG_PS_I_O)
                                                      0.029     0.207 r  design_1_i/zynq_ultra_ps_e_0/inst/buffer_pl_clk_0.PL_CLK_0_BUFG/O
    X0Y1 (CLOCK_ROOT)    net (fo=15423, routed)       1.764     1.971    design_1_i/ps8_0_axi_periph/s00_couplers/auto_ds/inst/gen_downsizer.gen_simple_downsizer.axi_downsizer_inst/USE_WRITE.write_addr_inst/cmd_queue/inst/fifo_gen_inst/inst_fifo_gen/gconvfifo.rf/grf.rf/rstblk/clk
    SLICE_X2Y39          FDRE                                         r  design_1_i/ps8_0_axi_periph/s00_couplers/auto_ds/inst/gen_downsizer.gen_simple_downsizer.axi_downsizer_inst/USE_WRITE.write_addr_inst/cmd_queue/inst/fifo_gen_inst/inst_fifo_gen/gconvfifo.rf/grf.rf/rstblk/ngwrdrst.grst.g7serrst.gnsckt_wrst.gcc_rst.sckt_wr_rst_cc_reg[0]/C
  -------------------------------------------------------------------    -------------------
    SLICE_X2Y39          FDRE (Prop_AFF_SLICEL_C_Q)
                                                      0.096     2.067 f  design_1_i/ps8_0_axi_periph/s00_couplers/auto_ds/inst/gen_downsizer.gen_simple_downsizer.axi_downsizer_inst/USE_WRITE.write_addr_inst/cmd_queue/inst/fifo_gen_inst/inst_fifo_gen/gconvfifo.rf/grf.rf/rstblk/ngwrdrst.grst.g7serrst.gnsckt_wrst.gcc_rst.sckt_wr_rst_cc_reg[0]/Q
                         net (fo=3, routed)           0.349     2.417    design_1_i/ps8_0_axi_periph/s00_couplers/auto_ds/inst/gen_downsizer.gen_simple_downsizer.axi_downsizer_inst/USE_WRITE.write_addr_inst/cmd_queue/inst/fifo_gen_inst/inst_fifo_gen/gconvfifo.rf/grf.rf/rstblk/ngwrdrst.grst.g7serrst.gnsckt_wrst.gcc_rst.sckt_wr_rst_cc[0]
    SLICE_X2Y39          LUT3 (Prop_E6LUT_SLICEL_I1_O)
                                                      0.148     2.565 f  design_1_i/ps8_0_axi_periph/s00_couplers/auto_ds/inst/gen_downsizer.gen_simple_downsizer.axi_downsizer_inst/USE_WRITE.write_addr_inst/cmd_queue/inst/fifo_gen_inst/inst_fifo_gen/gconvfifo.rf/grf.rf/rstblk/gpregsm1.curr_fwft_state[1]_i_2/O
                         net (fo=32, routed)          0.522     3.087    design_1_i/ps8_0_axi_periph/s00_couplers/auto_ds/inst/gen_downsizer.gen_simple_downsizer.axi_downsizer_inst/USE_WRITE.write_addr_inst/cmd_queue/inst/fifo_gen_inst/inst_fifo_gen/gconvfifo.rf/grf.rf/gntv_or_sync_fifo.gl0.rd/rpntr/gc0.count_d1_reg[4]_1
    SLICE_X3Y37          FDCE                                         f  design_1_i/ps8_0_axi_periph/s00_couplers/auto_ds/inst/gen_downsizer.gen_simple_downsizer.axi_downsizer_inst/USE_WRITE.write_addr_inst/cmd_queue/inst/fifo_gen_inst/inst_fifo_gen/gconvfifo.rf/grf.rf/gntv_or_sync_fifo.gl0.rd/rpntr/gc0.count_reg[4]/CLR
  -------------------------------------------------------------------    -------------------

                         (clock clk_pl_0 rise edge)
                                                     10.000    10.000 r  
    PS8_X0Y0             PS8                          0.000    10.000 r  design_1_i/zynq_ultra_ps_e_0/inst/PS8_i/PLCLK[0]
                         net (fo=1, routed)           0.140    10.140    design_1_i/zynq_ultra_ps_e_0/inst/pl_clk_unbuffered[0]
    BUFG_PS_X0Y58        BUFG_PS (Prop_BUFG_PS_I_O)
                                                      0.027    10.167 r  design_1_i/zynq_ultra_ps_e_0/inst/buffer_pl_clk_0.PL_CLK_0_BUFG/O
    X0Y1 (CLOCK_ROOT)    net (fo=15423, routed)       1.533    11.700    design_1_i/ps8_0_axi_periph/s00_couplers/auto_ds/inst/gen_downsizer.gen_simple_downsizer.axi_downsizer_inst/USE_WRITE.write_addr_inst/cmd_queue/inst/fifo_gen_inst/inst_fifo_gen/gconvfifo.rf/grf.rf/gntv_or_sync_fifo.gl0.rd/rpntr/clk
    SLICE_X3Y37          FDCE                                         r  design_1_i/ps8_0_axi_periph/s00_couplers/auto_ds/inst/gen_downsizer.gen_simple_downsizer.axi_downsizer_inst/USE_WRITE.write_addr_inst/cmd_queue/inst/fifo_gen_inst/inst_fifo_gen/gconvfifo.rf/grf.rf/gntv_or_sync_fifo.gl0.rd/rpntr/gc0.count_reg[4]/C
                         clock pessimism              0.161    11.861    
                         clock uncertainty           -0.176    11.685    
    SLICE_X3Y37          FDCE (Recov_CFF2_SLICEL_C_CLR)
                                                     -0.072    11.613    design_1_i/ps8_0_axi_periph/s00_couplers/auto_ds/inst/gen_downsizer.gen_simple_downsizer.axi_downsizer_inst/USE_WRITE.write_addr_inst/cmd_queue/inst/fifo_gen_inst/inst_fifo_gen/gconvfifo.rf/grf.rf/gntv_or_sync_fifo.gl0.rd/rpntr/gc0.count_reg[4]
  -------------------------------------------------------------------
                         required time                         11.613    
                         arrival time                          -3.087    
  -------------------------------------------------------------------
                         slack                                  8.526    

Slack (MET) :             8.529ns  (required time - arrival time)
  Source:                 design_1_i/ps8_0_axi_periph/s00_couplers/auto_ds/inst/gen_downsizer.gen_simple_downsizer.axi_downsizer_inst/USE_READ.read_addr_inst/cmd_queue/inst/fifo_gen_inst/inst_fifo_gen/gconvfifo.rf/grf.rf/rstblk/ngwrdrst.grst.g7serrst.gnsckt_wrst.rst_wr_reg2_inst/arststages_ff_reg[1]/C
                            (rising edge-triggered cell FDPE clocked by clk_pl_0  {rise@0.000ns fall@5.000ns period=10.000ns})
  Destination:            design_1_i/ps8_0_axi_periph/s00_couplers/auto_ds/inst/gen_downsizer.gen_simple_downsizer.axi_downsizer_inst/USE_READ.read_addr_inst/cmd_queue/inst/fifo_gen_inst/inst_fifo_gen/gconvfifo.rf/grf.rf/gntv_or_sync_fifo.gl0.rd/rpntr/gc0.count_reg[1]/CLR
                            (recovery check against rising-edge clock clk_pl_0  {rise@0.000ns fall@5.000ns period=10.000ns})
  Path Group:             **async_default**
  Path Type:              Recovery (Max at Slow Process Corner)
  Requirement:            10.000ns  (clk_pl_0 rise@10.000ns - clk_pl_0 rise@0.000ns)
  Data Path Delay:        1.109ns  (logic 0.277ns (24.975%)  route 0.832ns (75.025%))
  Logic Levels:           1  (LUT3=1)
  Clock Path Skew:        -0.114ns (DCD - SCD + CPR)
    Destination Clock Delay (DCD):    1.711ns = ( 11.711 - 10.000 ) 
    Source Clock Delay      (SCD):    1.986ns
    Clock Pessimism Removal (CPR):    0.161ns
  Clock Uncertainty:      0.176ns  ((TSJ^2 + DJ^2)^1/2) / 2 + PE
    Total System Jitter     (TSJ):    0.071ns
    Discrete Jitter          (DJ):    0.344ns
    Phase Error              (PE):    0.000ns
  Clock Net Delay (Source):      1.779ns (routing 0.638ns, distribution 1.141ns)
  Clock Net Delay (Destination): 1.544ns (routing 0.576ns, distribution 0.968ns)

    Location             Delay type                Incr(ns)  Path(ns)    Netlist Resource(s)
  -------------------------------------------------------------------    -------------------
                         (clock clk_pl_0 rise edge)
                                                      0.000     0.000 r  
    PS8_X0Y0             PS8                          0.000     0.000 r  design_1_i/zynq_ultra_ps_e_0/inst/PS8_i/PLCLK[0]
                         net (fo=1, routed)           0.178     0.178    design_1_i/zynq_ultra_ps_e_0/inst/pl_clk_unbuffered[0]
    BUFG_PS_X0Y58        BUFG_PS (Prop_BUFG_PS_I_O)
                                                      0.029     0.207 r  design_1_i/zynq_ultra_ps_e_0/inst/buffer_pl_clk_0.PL_CLK_0_BUFG/O
    X0Y1 (CLOCK_ROOT)    net (fo=15423, routed)       1.779     1.986    design_1_i/ps8_0_axi_periph/s00_couplers/auto_ds/inst/gen_downsizer.gen_simple_downsizer.axi_downsizer_inst/USE_READ.read_addr_inst/cmd_queue/inst/fifo_gen_inst/inst_fifo_gen/gconvfifo.rf/grf.rf/rstblk/ngwrdrst.grst.g7serrst.gnsckt_wrst.rst_wr_reg2_inst/dest_clk
    SLICE_X8Y47          FDPE                                         r  design_1_i/ps8_0_axi_periph/s00_couplers/auto_ds/inst/gen_downsizer.gen_simple_downsizer.axi_downsizer_inst/USE_READ.read_addr_inst/cmd_queue/inst/fifo_gen_inst/inst_fifo_gen/gconvfifo.rf/grf.rf/rstblk/ngwrdrst.grst.g7serrst.gnsckt_wrst.rst_wr_reg2_inst/arststages_ff_reg[1]/C
  -------------------------------------------------------------------    -------------------
    SLICE_X8Y47          FDPE (Prop_AFF2_SLICEL_C_Q)
                                                      0.099     2.085 f  design_1_i/ps8_0_axi_periph/s00_couplers/auto_ds/inst/gen_downsizer.gen_simple_downsizer.axi_downsizer_inst/USE_READ.read_addr_inst/cmd_queue/inst/fifo_gen_inst/inst_fifo_gen/gconvfifo.rf/grf.rf/rstblk/ngwrdrst.grst.g7serrst.gnsckt_wrst.rst_wr_reg2_inst/arststages_ff_reg[1]/Q
                         net (fo=3, routed)           0.199     2.284    design_1_i/ps8_0_axi_periph/s00_couplers/auto_ds/inst/gen_downsizer.gen_simple_downsizer.axi_downsizer_inst/USE_READ.read_addr_inst/cmd_queue/inst/fifo_gen_inst/inst_fifo_gen/gconvfifo.rf/grf.rf/rstblk/ngwrdrst.rst_wr_reg2
    SLICE_X8Y47          LUT3 (Prop_G6LUT_SLICEL_I2_O)
                                                      0.178     2.462 f  design_1_i/ps8_0_axi_periph/s00_couplers/auto_ds/inst/gen_downsizer.gen_simple_downsizer.axi_downsizer_inst/USE_READ.read_addr_inst/cmd_queue/inst/fifo_gen_inst/inst_fifo_gen/gconvfifo.rf/grf.rf/rstblk/gpregsm1.curr_fwft_state[1]_i_2/O
                         net (fo=32, routed)          0.633     3.095    design_1_i/ps8_0_axi_periph/s00_couplers/auto_ds/inst/gen_downsizer.gen_simple_downsizer.axi_downsizer_inst/USE_READ.read_addr_inst/cmd_queue/inst/fifo_gen_inst/inst_fifo_gen/gconvfifo.rf/grf.rf/gntv_or_sync_fifo.gl0.rd/rpntr/gc0.count_d1_reg[4]_1
    SLICE_X4Y53          FDCE                                         f  design_1_i/ps8_0_axi_periph/s00_couplers/auto_ds/inst/gen_downsizer.gen_simple_downsizer.axi_downsizer_inst/USE_READ.read_addr_inst/cmd_queue/inst/fifo_gen_inst/inst_fifo_gen/gconvfifo.rf/grf.rf/gntv_or_sync_fifo.gl0.rd/rpntr/gc0.count_reg[1]/CLR
  -------------------------------------------------------------------    -------------------

                         (clock clk_pl_0 rise edge)
                                                     10.000    10.000 r  
    PS8_X0Y0             PS8                          0.000    10.000 r  design_1_i/zynq_ultra_ps_e_0/inst/PS8_i/PLCLK[0]
                         net (fo=1, routed)           0.140    10.140    design_1_i/zynq_ultra_ps_e_0/inst/pl_clk_unbuffered[0]
    BUFG_PS_X0Y58        BUFG_PS (Prop_BUFG_PS_I_O)
                                                      0.027    10.167 r  design_1_i/zynq_ultra_ps_e_0/inst/buffer_pl_clk_0.PL_CLK_0_BUFG/O
    X0Y1 (CLOCK_ROOT)    net (fo=15423, routed)       1.544    11.711    design_1_i/ps8_0_axi_periph/s00_couplers/auto_ds/inst/gen_downsizer.gen_simple_downsizer.axi_downsizer_inst/USE_READ.read_addr_inst/cmd_queue/inst/fifo_gen_inst/inst_fifo_gen/gconvfifo.rf/grf.rf/gntv_or_sync_fifo.gl0.rd/rpntr/clk
    SLICE_X4Y53          FDCE                                         r  design_1_i/ps8_0_axi_periph/s00_couplers/auto_ds/inst/gen_downsizer.gen_simple_downsizer.axi_downsizer_inst/USE_READ.read_addr_inst/cmd_queue/inst/fifo_gen_inst/inst_fifo_gen/gconvfifo.rf/grf.rf/gntv_or_sync_fifo.gl0.rd/rpntr/gc0.count_reg[1]/C
                         clock pessimism              0.161    11.872    
                         clock uncertainty           -0.176    11.696    
    SLICE_X4Y53          FDCE (Recov_DFF_SLICEM_C_CLR)
                                                     -0.072    11.624    design_1_i/ps8_0_axi_periph/s00_couplers/auto_ds/inst/gen_downsizer.gen_simple_downsizer.axi_downsizer_inst/USE_READ.read_addr_inst/cmd_queue/inst/fifo_gen_inst/inst_fifo_gen/gconvfifo.rf/grf.rf/gntv_or_sync_fifo.gl0.rd/rpntr/gc0.count_reg[1]
  -------------------------------------------------------------------
                         required time                         11.624    
                         arrival time                          -3.095    
  -------------------------------------------------------------------
                         slack                                  8.529    

Slack (MET) :             8.529ns  (required time - arrival time)
  Source:                 design_1_i/ps8_0_axi_periph/s00_couplers/auto_ds/inst/gen_downsizer.gen_simple_downsizer.axi_downsizer_inst/USE_READ.read_addr_inst/cmd_queue/inst/fifo_gen_inst/inst_fifo_gen/gconvfifo.rf/grf.rf/rstblk/ngwrdrst.grst.g7serrst.gnsckt_wrst.rst_wr_reg2_inst/arststages_ff_reg[1]/C
                            (rising edge-triggered cell FDPE clocked by clk_pl_0  {rise@0.000ns fall@5.000ns period=10.000ns})
  Destination:            design_1_i/ps8_0_axi_periph/s00_couplers/auto_ds/inst/gen_downsizer.gen_simple_downsizer.axi_downsizer_inst/USE_READ.read_addr_inst/cmd_queue/inst/fifo_gen_inst/inst_fifo_gen/gconvfifo.rf/grf.rf/gntv_or_sync_fifo.gl0.rd/rpntr/gc0.count_reg[2]/CLR
                            (recovery check against rising-edge clock clk_pl_0  {rise@0.000ns fall@5.000ns period=10.000ns})
  Path Group:             **async_default**
  Path Type:              Recovery (Max at Slow Process Corner)
  Requirement:            10.000ns  (clk_pl_0 rise@10.000ns - clk_pl_0 rise@0.000ns)
  Data Path Delay:        1.109ns  (logic 0.277ns (24.975%)  route 0.832ns (75.025%))
  Logic Levels:           1  (LUT3=1)
  Clock Path Skew:        -0.114ns (DCD - SCD + CPR)
    Destination Clock Delay (DCD):    1.711ns = ( 11.711 - 10.000 ) 
    Source Clock Delay      (SCD):    1.986ns
    Clock Pessimism Removal (CPR):    0.161ns
  Clock Uncertainty:      0.176ns  ((TSJ^2 + DJ^2)^1/2) / 2 + PE
    Total System Jitter     (TSJ):    0.071ns
    Discrete Jitter          (DJ):    0.344ns
    Phase Error              (PE):    0.000ns
  Clock Net Delay (Source):      1.779ns (routing 0.638ns, distribution 1.141ns)
  Clock Net Delay (Destination): 1.544ns (routing 0.576ns, distribution 0.968ns)

    Location             Delay type                Incr(ns)  Path(ns)    Netlist Resource(s)
  -------------------------------------------------------------------    -------------------
                         (clock clk_pl_0 rise edge)
                                                      0.000     0.000 r  
    PS8_X0Y0             PS8                          0.000     0.000 r  design_1_i/zynq_ultra_ps_e_0/inst/PS8_i/PLCLK[0]
                         net (fo=1, routed)           0.178     0.178    design_1_i/zynq_ultra_ps_e_0/inst/pl_clk_unbuffered[0]
    BUFG_PS_X0Y58        BUFG_PS (Prop_BUFG_PS_I_O)
                                                      0.029     0.207 r  design_1_i/zynq_ultra_ps_e_0/inst/buffer_pl_clk_0.PL_CLK_0_BUFG/O
    X0Y1 (CLOCK_ROOT)    net (fo=15423, routed)       1.779     1.986    design_1_i/ps8_0_axi_periph/s00_couplers/auto_ds/inst/gen_downsizer.gen_simple_downsizer.axi_downsizer_inst/USE_READ.read_addr_inst/cmd_queue/inst/fifo_gen_inst/inst_fifo_gen/gconvfifo.rf/grf.rf/rstblk/ngwrdrst.grst.g7serrst.gnsckt_wrst.rst_wr_reg2_inst/dest_clk
    SLICE_X8Y47          FDPE                                         r  design_1_i/ps8_0_axi_periph/s00_couplers/auto_ds/inst/gen_downsizer.gen_simple_downsizer.axi_downsizer_inst/USE_READ.read_addr_inst/cmd_queue/inst/fifo_gen_inst/inst_fifo_gen/gconvfifo.rf/grf.rf/rstblk/ngwrdrst.grst.g7serrst.gnsckt_wrst.rst_wr_reg2_inst/arststages_ff_reg[1]/C
  -------------------------------------------------------------------    -------------------
    SLICE_X8Y47          FDPE (Prop_AFF2_SLICEL_C_Q)
                                                      0.099     2.085 f  design_1_i/ps8_0_axi_periph/s00_couplers/auto_ds/inst/gen_downsizer.gen_simple_downsizer.axi_downsizer_inst/USE_READ.read_addr_inst/cmd_queue/inst/fifo_gen_inst/inst_fifo_gen/gconvfifo.rf/grf.rf/rstblk/ngwrdrst.grst.g7serrst.gnsckt_wrst.rst_wr_reg2_inst/arststages_ff_reg[1]/Q
                         net (fo=3, routed)           0.199     2.284    design_1_i/ps8_0_axi_periph/s00_couplers/auto_ds/inst/gen_downsizer.gen_simple_downsizer.axi_downsizer_inst/USE_READ.read_addr_inst/cmd_queue/inst/fifo_gen_inst/inst_fifo_gen/gconvfifo.rf/grf.rf/rstblk/ngwrdrst.rst_wr_reg2
    SLICE_X8Y47          LUT3 (Prop_G6LUT_SLICEL_I2_O)
                                                      0.178     2.462 f  design_1_i/ps8_0_axi_periph/s00_couplers/auto_ds/inst/gen_downsizer.gen_simple_downsizer.axi_downsizer_inst/USE_READ.read_addr_inst/cmd_queue/inst/fifo_gen_inst/inst_fifo_gen/gconvfifo.rf/grf.rf/rstblk/gpregsm1.curr_fwft_state[1]_i_2/O
                         net (fo=32, routed)          0.633     3.095    design_1_i/ps8_0_axi_periph/s00_couplers/auto_ds/inst/gen_downsizer.gen_simple_downsizer.axi_downsizer_inst/USE_READ.read_addr_inst/cmd_queue/inst/fifo_gen_inst/inst_fifo_gen/gconvfifo.rf/grf.rf/gntv_or_sync_fifo.gl0.rd/rpntr/gc0.count_d1_reg[4]_1
    SLICE_X4Y53          FDCE                                         f  design_1_i/ps8_0_axi_periph/s00_couplers/auto_ds/inst/gen_downsizer.gen_simple_downsizer.axi_downsizer_inst/USE_READ.read_addr_inst/cmd_queue/inst/fifo_gen_inst/inst_fifo_gen/gconvfifo.rf/grf.rf/gntv_or_sync_fifo.gl0.rd/rpntr/gc0.count_reg[2]/CLR
  -------------------------------------------------------------------    -------------------

                         (clock clk_pl_0 rise edge)
                                                     10.000    10.000 r  
    PS8_X0Y0             PS8                          0.000    10.000 r  design_1_i/zynq_ultra_ps_e_0/inst/PS8_i/PLCLK[0]
                         net (fo=1, routed)           0.140    10.140    design_1_i/zynq_ultra_ps_e_0/inst/pl_clk_unbuffered[0]
    BUFG_PS_X0Y58        BUFG_PS (Prop_BUFG_PS_I_O)
                                                      0.027    10.167 r  design_1_i/zynq_ultra_ps_e_0/inst/buffer_pl_clk_0.PL_CLK_0_BUFG/O
    X0Y1 (CLOCK_ROOT)    net (fo=15423, routed)       1.544    11.711    design_1_i/ps8_0_axi_periph/s00_couplers/auto_ds/inst/gen_downsizer.gen_simple_downsizer.axi_downsizer_inst/USE_READ.read_addr_inst/cmd_queue/inst/fifo_gen_inst/inst_fifo_gen/gconvfifo.rf/grf.rf/gntv_or_sync_fifo.gl0.rd/rpntr/clk
    SLICE_X4Y53          FDCE                                         r  design_1_i/ps8_0_axi_periph/s00_couplers/auto_ds/inst/gen_downsizer.gen_simple_downsizer.axi_downsizer_inst/USE_READ.read_addr_inst/cmd_queue/inst/fifo_gen_inst/inst_fifo_gen/gconvfifo.rf/grf.rf/gntv_or_sync_fifo.gl0.rd/rpntr/gc0.count_reg[2]/C
                         clock pessimism              0.161    11.872    
                         clock uncertainty           -0.176    11.696    
    SLICE_X4Y53          FDCE (Recov_DFF2_SLICEM_C_CLR)
                                                     -0.072    11.624    design_1_i/ps8_0_axi_periph/s00_couplers/auto_ds/inst/gen_downsizer.gen_simple_downsizer.axi_downsizer_inst/USE_READ.read_addr_inst/cmd_queue/inst/fifo_gen_inst/inst_fifo_gen/gconvfifo.rf/grf.rf/gntv_or_sync_fifo.gl0.rd/rpntr/gc0.count_reg[2]
  -------------------------------------------------------------------
                         required time                         11.624    
                         arrival time                          -3.095    
  -------------------------------------------------------------------
                         slack                                  8.529    

Slack (MET) :             8.529ns  (required time - arrival time)
  Source:                 design_1_i/ps8_0_axi_periph/s00_couplers/auto_ds/inst/gen_downsizer.gen_simple_downsizer.axi_downsizer_inst/USE_READ.read_addr_inst/cmd_queue/inst/fifo_gen_inst/inst_fifo_gen/gconvfifo.rf/grf.rf/rstblk/ngwrdrst.grst.g7serrst.gnsckt_wrst.rst_wr_reg2_inst/arststages_ff_reg[1]/C
                            (rising edge-triggered cell FDPE clocked by clk_pl_0  {rise@0.000ns fall@5.000ns period=10.000ns})
  Destination:            design_1_i/ps8_0_axi_periph/s00_couplers/auto_ds/inst/gen_downsizer.gen_simple_downsizer.axi_downsizer_inst/USE_READ.read_addr_inst/cmd_queue/inst/fifo_gen_inst/inst_fifo_gen/gconvfifo.rf/grf.rf/gntv_or_sync_fifo.gl0.rd/rpntr/gc0.count_reg[3]/CLR
                            (recovery check against rising-edge clock clk_pl_0  {rise@0.000ns fall@5.000ns period=10.000ns})
  Path Group:             **async_default**
  Path Type:              Recovery (Max at Slow Process Corner)
  Requirement:            10.000ns  (clk_pl_0 rise@10.000ns - clk_pl_0 rise@0.000ns)
  Data Path Delay:        1.109ns  (logic 0.277ns (24.975%)  route 0.832ns (75.025%))
  Logic Levels:           1  (LUT3=1)
  Clock Path Skew:        -0.114ns (DCD - SCD + CPR)
    Destination Clock Delay (DCD):    1.711ns = ( 11.711 - 10.000 ) 
    Source Clock Delay      (SCD):    1.986ns
    Clock Pessimism Removal (CPR):    0.161ns
  Clock Uncertainty:      0.176ns  ((TSJ^2 + DJ^2)^1/2) / 2 + PE
    Total System Jitter     (TSJ):    0.071ns
    Discrete Jitter          (DJ):    0.344ns
    Phase Error              (PE):    0.000ns
  Clock Net Delay (Source):      1.779ns (routing 0.638ns, distribution 1.141ns)
  Clock Net Delay (Destination): 1.544ns (routing 0.576ns, distribution 0.968ns)

    Location             Delay type                Incr(ns)  Path(ns)    Netlist Resource(s)
  -------------------------------------------------------------------    -------------------
                         (clock clk_pl_0 rise edge)
                                                      0.000     0.000 r  
    PS8_X0Y0             PS8                          0.000     0.000 r  design_1_i/zynq_ultra_ps_e_0/inst/PS8_i/PLCLK[0]
                         net (fo=1, routed)           0.178     0.178    design_1_i/zynq_ultra_ps_e_0/inst/pl_clk_unbuffered[0]
    BUFG_PS_X0Y58        BUFG_PS (Prop_BUFG_PS_I_O)
                                                      0.029     0.207 r  design_1_i/zynq_ultra_ps_e_0/inst/buffer_pl_clk_0.PL_CLK_0_BUFG/O
    X0Y1 (CLOCK_ROOT)    net (fo=15423, routed)       1.779     1.986    design_1_i/ps8_0_axi_periph/s00_couplers/auto_ds/inst/gen_downsizer.gen_simple_downsizer.axi_downsizer_inst/USE_READ.read_addr_inst/cmd_queue/inst/fifo_gen_inst/inst_fifo_gen/gconvfifo.rf/grf.rf/rstblk/ngwrdrst.grst.g7serrst.gnsckt_wrst.rst_wr_reg2_inst/dest_clk
    SLICE_X8Y47          FDPE                                         r  design_1_i/ps8_0_axi_periph/s00_couplers/auto_ds/inst/gen_downsizer.gen_simple_downsizer.axi_downsizer_inst/USE_READ.read_addr_inst/cmd_queue/inst/fifo_gen_inst/inst_fifo_gen/gconvfifo.rf/grf.rf/rstblk/ngwrdrst.grst.g7serrst.gnsckt_wrst.rst_wr_reg2_inst/arststages_ff_reg[1]/C
  -------------------------------------------------------------------    -------------------
    SLICE_X8Y47          FDPE (Prop_AFF2_SLICEL_C_Q)
                                                      0.099     2.085 f  design_1_i/ps8_0_axi_periph/s00_couplers/auto_ds/inst/gen_downsizer.gen_simple_downsizer.axi_downsizer_inst/USE_READ.read_addr_inst/cmd_queue/inst/fifo_gen_inst/inst_fifo_gen/gconvfifo.rf/grf.rf/rstblk/ngwrdrst.grst.g7serrst.gnsckt_wrst.rst_wr_reg2_inst/arststages_ff_reg[1]/Q
                         net (fo=3, routed)           0.199     2.284    design_1_i/ps8_0_axi_periph/s00_couplers/auto_ds/inst/gen_downsizer.gen_simple_downsizer.axi_downsizer_inst/USE_READ.read_addr_inst/cmd_queue/inst/fifo_gen_inst/inst_fifo_gen/gconvfifo.rf/grf.rf/rstblk/ngwrdrst.rst_wr_reg2
    SLICE_X8Y47          LUT3 (Prop_G6LUT_SLICEL_I2_O)
                                                      0.178     2.462 f  design_1_i/ps8_0_axi_periph/s00_couplers/auto_ds/inst/gen_downsizer.gen_simple_downsizer.axi_downsizer_inst/USE_READ.read_addr_inst/cmd_queue/inst/fifo_gen_inst/inst_fifo_gen/gconvfifo.rf/grf.rf/rstblk/gpregsm1.curr_fwft_state[1]_i_2/O
                         net (fo=32, routed)          0.633     3.095    design_1_i/ps8_0_axi_periph/s00_couplers/auto_ds/inst/gen_downsizer.gen_simple_downsizer.axi_downsizer_inst/USE_READ.read_addr_inst/cmd_queue/inst/fifo_gen_inst/inst_fifo_gen/gconvfifo.rf/grf.rf/gntv_or_sync_fifo.gl0.rd/rpntr/gc0.count_d1_reg[4]_1
    SLICE_X4Y53          FDCE                                         f  design_1_i/ps8_0_axi_periph/s00_couplers/auto_ds/inst/gen_downsizer.gen_simple_downsizer.axi_downsizer_inst/USE_READ.read_addr_inst/cmd_queue/inst/fifo_gen_inst/inst_fifo_gen/gconvfifo.rf/grf.rf/gntv_or_sync_fifo.gl0.rd/rpntr/gc0.count_reg[3]/CLR
  -------------------------------------------------------------------    -------------------

                         (clock clk_pl_0 rise edge)
                                                     10.000    10.000 r  
    PS8_X0Y0             PS8                          0.000    10.000 r  design_1_i/zynq_ultra_ps_e_0/inst/PS8_i/PLCLK[0]
                         net (fo=1, routed)           0.140    10.140    design_1_i/zynq_ultra_ps_e_0/inst/pl_clk_unbuffered[0]
    BUFG_PS_X0Y58        BUFG_PS (Prop_BUFG_PS_I_O)
                                                      0.027    10.167 r  design_1_i/zynq_ultra_ps_e_0/inst/buffer_pl_clk_0.PL_CLK_0_BUFG/O
    X0Y1 (CLOCK_ROOT)    net (fo=15423, routed)       1.544    11.711    design_1_i/ps8_0_axi_periph/s00_couplers/auto_ds/inst/gen_downsizer.gen_simple_downsizer.axi_downsizer_inst/USE_READ.read_addr_inst/cmd_queue/inst/fifo_gen_inst/inst_fifo_gen/gconvfifo.rf/grf.rf/gntv_or_sync_fifo.gl0.rd/rpntr/clk
    SLICE_X4Y53          FDCE                                         r  design_1_i/ps8_0_axi_periph/s00_couplers/auto_ds/inst/gen_downsizer.gen_simple_downsizer.axi_downsizer_inst/USE_READ.read_addr_inst/cmd_queue/inst/fifo_gen_inst/inst_fifo_gen/gconvfifo.rf/grf.rf/gntv_or_sync_fifo.gl0.rd/rpntr/gc0.count_reg[3]/C
                         clock pessimism              0.161    11.872    
                         clock uncertainty           -0.176    11.696    
    SLICE_X4Y53          FDCE (Recov_CFF_SLICEM_C_CLR)
                                                     -0.072    11.624    design_1_i/ps8_0_axi_periph/s00_couplers/auto_ds/inst/gen_downsizer.gen_simple_downsizer.axi_downsizer_inst/USE_READ.read_addr_inst/cmd_queue/inst/fifo_gen_inst/inst_fifo_gen/gconvfifo.rf/grf.rf/gntv_or_sync_fifo.gl0.rd/rpntr/gc0.count_reg[3]
  -------------------------------------------------------------------
                         required time                         11.624    
                         arrival time                          -3.095    
  -------------------------------------------------------------------
                         slack                                  8.529    

Slack (MET) :             8.529ns  (required time - arrival time)
  Source:                 design_1_i/ps8_0_axi_periph/s00_couplers/auto_ds/inst/gen_downsizer.gen_simple_downsizer.axi_downsizer_inst/USE_READ.read_addr_inst/cmd_queue/inst/fifo_gen_inst/inst_fifo_gen/gconvfifo.rf/grf.rf/rstblk/ngwrdrst.grst.g7serrst.gnsckt_wrst.rst_wr_reg2_inst/arststages_ff_reg[1]/C
                            (rising edge-triggered cell FDPE clocked by clk_pl_0  {rise@0.000ns fall@5.000ns period=10.000ns})
  Destination:            design_1_i/ps8_0_axi_periph/s00_couplers/auto_ds/inst/gen_downsizer.gen_simple_downsizer.axi_downsizer_inst/USE_READ.read_addr_inst/cmd_queue/inst/fifo_gen_inst/inst_fifo_gen/gconvfifo.rf/grf.rf/gntv_or_sync_fifo.gl0.rd/rpntr/gc0.count_reg[4]/CLR
                            (recovery check against rising-edge clock clk_pl_0  {rise@0.000ns fall@5.000ns period=10.000ns})
  Path Group:             **async_default**
  Path Type:              Recovery (Max at Slow Process Corner)
  Requirement:            10.000ns  (clk_pl_0 rise@10.000ns - clk_pl_0 rise@0.000ns)
  Data Path Delay:        1.109ns  (logic 0.277ns (24.975%)  route 0.832ns (75.025%))
  Logic Levels:           1  (LUT3=1)
  Clock Path Skew:        -0.114ns (DCD - SCD + CPR)
    Destination Clock Delay (DCD):    1.711ns = ( 11.711 - 10.000 ) 
    Source Clock Delay      (SCD):    1.986ns
    Clock Pessimism Removal (CPR):    0.161ns
  Clock Uncertainty:      0.176ns  ((TSJ^2 + DJ^2)^1/2) / 2 + PE
    Total System Jitter     (TSJ):    0.071ns
    Discrete Jitter          (DJ):    0.344ns
    Phase Error              (PE):    0.000ns
  Clock Net Delay (Source):      1.779ns (routing 0.638ns, distribution 1.141ns)
  Clock Net Delay (Destination): 1.544ns (routing 0.576ns, distribution 0.968ns)

    Location             Delay type                Incr(ns)  Path(ns)    Netlist Resource(s)
  -------------------------------------------------------------------    -------------------
                         (clock clk_pl_0 rise edge)
                                                      0.000     0.000 r  
    PS8_X0Y0             PS8                          0.000     0.000 r  design_1_i/zynq_ultra_ps_e_0/inst/PS8_i/PLCLK[0]
                         net (fo=1, routed)           0.178     0.178    design_1_i/zynq_ultra_ps_e_0/inst/pl_clk_unbuffered[0]
    BUFG_PS_X0Y58        BUFG_PS (Prop_BUFG_PS_I_O)
                                                      0.029     0.207 r  design_1_i/zynq_ultra_ps_e_0/inst/buffer_pl_clk_0.PL_CLK_0_BUFG/O
    X0Y1 (CLOCK_ROOT)    net (fo=15423, routed)       1.779     1.986    design_1_i/ps8_0_axi_periph/s00_couplers/auto_ds/inst/gen_downsizer.gen_simple_downsizer.axi_downsizer_inst/USE_READ.read_addr_inst/cmd_queue/inst/fifo_gen_inst/inst_fifo_gen/gconvfifo.rf/grf.rf/rstblk/ngwrdrst.grst.g7serrst.gnsckt_wrst.rst_wr_reg2_inst/dest_clk
    SLICE_X8Y47          FDPE                                         r  design_1_i/ps8_0_axi_periph/s00_couplers/auto_ds/inst/gen_downsizer.gen_simple_downsizer.axi_downsizer_inst/USE_READ.read_addr_inst/cmd_queue/inst/fifo_gen_inst/inst_fifo_gen/gconvfifo.rf/grf.rf/rstblk/ngwrdrst.grst.g7serrst.gnsckt_wrst.rst_wr_reg2_inst/arststages_ff_reg[1]/C
  -------------------------------------------------------------------    -------------------
    SLICE_X8Y47          FDPE (Prop_AFF2_SLICEL_C_Q)
                                                      0.099     2.085 f  design_1_i/ps8_0_axi_periph/s00_couplers/auto_ds/inst/gen_downsizer.gen_simple_downsizer.axi_downsizer_inst/USE_READ.read_addr_inst/cmd_queue/inst/fifo_gen_inst/inst_fifo_gen/gconvfifo.rf/grf.rf/rstblk/ngwrdrst.grst.g7serrst.gnsckt_wrst.rst_wr_reg2_inst/arststages_ff_reg[1]/Q
                         net (fo=3, routed)           0.199     2.284    design_1_i/ps8_0_axi_periph/s00_couplers/auto_ds/inst/gen_downsizer.gen_simple_downsizer.axi_downsizer_inst/USE_READ.read_addr_inst/cmd_queue/inst/fifo_gen_inst/inst_fifo_gen/gconvfifo.rf/grf.rf/rstblk/ngwrdrst.rst_wr_reg2
    SLICE_X8Y47          LUT3 (Prop_G6LUT_SLICEL_I2_O)
                                                      0.178     2.462 f  design_1_i/ps8_0_axi_periph/s00_couplers/auto_ds/inst/gen_downsizer.gen_simple_downsizer.axi_downsizer_inst/USE_READ.read_addr_inst/cmd_queue/inst/fifo_gen_inst/inst_fifo_gen/gconvfifo.rf/grf.rf/rstblk/gpregsm1.curr_fwft_state[1]_i_2/O
                         net (fo=32, routed)          0.633     3.095    design_1_i/ps8_0_axi_periph/s00_couplers/auto_ds/inst/gen_downsizer.gen_simple_downsizer.axi_downsizer_inst/USE_READ.read_addr_inst/cmd_queue/inst/fifo_gen_inst/inst_fifo_gen/gconvfifo.rf/grf.rf/gntv_or_sync_fifo.gl0.rd/rpntr/gc0.count_d1_reg[4]_1
    SLICE_X4Y53          FDCE                                         f  design_1_i/ps8_0_axi_periph/s00_couplers/auto_ds/inst/gen_downsizer.gen_simple_downsizer.axi_downsizer_inst/USE_READ.read_addr_inst/cmd_queue/inst/fifo_gen_inst/inst_fifo_gen/gconvfifo.rf/grf.rf/gntv_or_sync_fifo.gl0.rd/rpntr/gc0.count_reg[4]/CLR
  -------------------------------------------------------------------    -------------------

                         (clock clk_pl_0 rise edge)
                                                     10.000    10.000 r  
    PS8_X0Y0             PS8                          0.000    10.000 r  design_1_i/zynq_ultra_ps_e_0/inst/PS8_i/PLCLK[0]
                         net (fo=1, routed)           0.140    10.140    design_1_i/zynq_ultra_ps_e_0/inst/pl_clk_unbuffered[0]
    BUFG_PS_X0Y58        BUFG_PS (Prop_BUFG_PS_I_O)
                                                      0.027    10.167 r  design_1_i/zynq_ultra_ps_e_0/inst/buffer_pl_clk_0.PL_CLK_0_BUFG/O
    X0Y1 (CLOCK_ROOT)    net (fo=15423, routed)       1.544    11.711    design_1_i/ps8_0_axi_periph/s00_couplers/auto_ds/inst/gen_downsizer.gen_simple_downsizer.axi_downsizer_inst/USE_READ.read_addr_inst/cmd_queue/inst/fifo_gen_inst/inst_fifo_gen/gconvfifo.rf/grf.rf/gntv_or_sync_fifo.gl0.rd/rpntr/clk
    SLICE_X4Y53          FDCE                                         r  design_1_i/ps8_0_axi_periph/s00_couplers/auto_ds/inst/gen_downsizer.gen_simple_downsizer.axi_downsizer_inst/USE_READ.read_addr_inst/cmd_queue/inst/fifo_gen_inst/inst_fifo_gen/gconvfifo.rf/grf.rf/gntv_or_sync_fifo.gl0.rd/rpntr/gc0.count_reg[4]/C
                         clock pessimism              0.161    11.872    
                         clock uncertainty           -0.176    11.696    
    SLICE_X4Y53          FDCE (Recov_CFF2_SLICEM_C_CLR)
                                                     -0.072    11.624    design_1_i/ps8_0_axi_periph/s00_couplers/auto_ds/inst/gen_downsizer.gen_simple_downsizer.axi_downsizer_inst/USE_READ.read_addr_inst/cmd_queue/inst/fifo_gen_inst/inst_fifo_gen/gconvfifo.rf/grf.rf/gntv_or_sync_fifo.gl0.rd/rpntr/gc0.count_reg[4]
  -------------------------------------------------------------------
                         required time                         11.624    
                         arrival time                          -3.095    
  -------------------------------------------------------------------
                         slack                                  8.529    

Slack (MET) :             8.530ns  (required time - arrival time)
  Source:                 design_1_i/ps8_0_axi_periph/s00_couplers/auto_ds/inst/gen_downsizer.gen_simple_downsizer.axi_downsizer_inst/USE_WRITE.write_addr_inst/cmd_queue/inst/fifo_gen_inst/inst_fifo_gen/gconvfifo.rf/grf.rf/rstblk/ngwrdrst.grst.g7serrst.gnsckt_wrst.gcc_rst.sckt_wr_rst_cc_reg[0]/C
                            (rising edge-triggered cell FDRE clocked by clk_pl_0  {rise@0.000ns fall@5.000ns period=10.000ns})
  Destination:            design_1_i/ps8_0_axi_periph/s00_couplers/auto_ds/inst/gen_downsizer.gen_simple_downsizer.axi_downsizer_inst/USE_WRITE.write_addr_inst/cmd_queue/inst/fifo_gen_inst/inst_fifo_gen/gconvfifo.rf/grf.rf/gntv_or_sync_fifo.gl0.rd/rpntr/gc0.count_d1_reg[1]/CLR
                            (recovery check against rising-edge clock clk_pl_0  {rise@0.000ns fall@5.000ns period=10.000ns})
  Path Group:             **async_default**
  Path Type:              Recovery (Max at Slow Process Corner)
  Requirement:            10.000ns  (clk_pl_0 rise@10.000ns - clk_pl_0 rise@0.000ns)
  Data Path Delay:        1.116ns  (logic 0.244ns (21.867%)  route 0.872ns (78.133%))
  Logic Levels:           1  (LUT3=1)
  Clock Path Skew:        -0.106ns (DCD - SCD + CPR)
    Destination Clock Delay (DCD):    1.704ns = ( 11.704 - 10.000 ) 
    Source Clock Delay      (SCD):    1.971ns
    Clock Pessimism Removal (CPR):    0.161ns
  Clock Uncertainty:      0.176ns  ((TSJ^2 + DJ^2)^1/2) / 2 + PE
    Total System Jitter     (TSJ):    0.071ns
    Discrete Jitter          (DJ):    0.344ns
    Phase Error              (PE):    0.000ns
  Clock Net Delay (Source):      1.764ns (routing 0.638ns, distribution 1.126ns)
  Clock Net Delay (Destination): 1.537ns (routing 0.576ns, distribution 0.961ns)

    Location             Delay type                Incr(ns)  Path(ns)    Netlist Resource(s)
  -------------------------------------------------------------------    -------------------
                         (clock clk_pl_0 rise edge)
                                                      0.000     0.000 r  
    PS8_X0Y0             PS8                          0.000     0.000 r  design_1_i/zynq_ultra_ps_e_0/inst/PS8_i/PLCLK[0]
                         net (fo=1, routed)           0.178     0.178    design_1_i/zynq_ultra_ps_e_0/inst/pl_clk_unbuffered[0]
    BUFG_PS_X0Y58        BUFG_PS (Prop_BUFG_PS_I_O)
                                                      0.029     0.207 r  design_1_i/zynq_ultra_ps_e_0/inst/buffer_pl_clk_0.PL_CLK_0_BUFG/O
    X0Y1 (CLOCK_ROOT)    net (fo=15423, routed)       1.764     1.971    design_1_i/ps8_0_axi_periph/s00_couplers/auto_ds/inst/gen_downsizer.gen_simple_downsizer.axi_downsizer_inst/USE_WRITE.write_addr_inst/cmd_queue/inst/fifo_gen_inst/inst_fifo_gen/gconvfifo.rf/grf.rf/rstblk/clk
    SLICE_X2Y39          FDRE                                         r  design_1_i/ps8_0_axi_periph/s00_couplers/auto_ds/inst/gen_downsizer.gen_simple_downsizer.axi_downsizer_inst/USE_WRITE.write_addr_inst/cmd_queue/inst/fifo_gen_inst/inst_fifo_gen/gconvfifo.rf/grf.rf/rstblk/ngwrdrst.grst.g7serrst.gnsckt_wrst.gcc_rst.sckt_wr_rst_cc_reg[0]/C
  -------------------------------------------------------------------    -------------------
    SLICE_X2Y39          FDRE (Prop_AFF_SLICEL_C_Q)
                                                      0.096     2.067 f  design_1_i/ps8_0_axi_periph/s00_couplers/auto_ds/inst/gen_downsizer.gen_simple_downsizer.axi_downsizer_inst/USE_WRITE.write_addr_inst/cmd_queue/inst/fifo_gen_inst/inst_fifo_gen/gconvfifo.rf/grf.rf/rstblk/ngwrdrst.grst.g7serrst.gnsckt_wrst.gcc_rst.sckt_wr_rst_cc_reg[0]/Q
                         net (fo=3, routed)           0.349     2.417    design_1_i/ps8_0_axi_periph/s00_couplers/auto_ds/inst/gen_downsizer.gen_simple_downsizer.axi_downsizer_inst/USE_WRITE.write_addr_inst/cmd_queue/inst/fifo_gen_inst/inst_fifo_gen/gconvfifo.rf/grf.rf/rstblk/ngwrdrst.grst.g7serrst.gnsckt_wrst.gcc_rst.sckt_wr_rst_cc[0]
    SLICE_X2Y39          LUT3 (Prop_E6LUT_SLICEL_I1_O)
                                                      0.148     2.565 f  design_1_i/ps8_0_axi_periph/s00_couplers/auto_ds/inst/gen_downsizer.gen_simple_downsizer.axi_downsizer_inst/USE_WRITE.write_addr_inst/cmd_queue/inst/fifo_gen_inst/inst_fifo_gen/gconvfifo.rf/grf.rf/rstblk/gpregsm1.curr_fwft_state[1]_i_2/O
                         net (fo=32, routed)          0.522     3.087    design_1_i/ps8_0_axi_periph/s00_couplers/auto_ds/inst/gen_downsizer.gen_simple_downsizer.axi_downsizer_inst/USE_WRITE.write_addr_inst/cmd_queue/inst/fifo_gen_inst/inst_fifo_gen/gconvfifo.rf/grf.rf/gntv_or_sync_fifo.gl0.rd/rpntr/gc0.count_d1_reg[4]_1
    SLICE_X3Y37          FDCE                                         f  design_1_i/ps8_0_axi_periph/s00_couplers/auto_ds/inst/gen_downsizer.gen_simple_downsizer.axi_downsizer_inst/USE_WRITE.write_addr_inst/cmd_queue/inst/fifo_gen_inst/inst_fifo_gen/gconvfifo.rf/grf.rf/gntv_or_sync_fifo.gl0.rd/rpntr/gc0.count_d1_reg[1]/CLR
  -------------------------------------------------------------------    -------------------

                         (clock clk_pl_0 rise edge)
                                                     10.000    10.000 r  
    PS8_X0Y0             PS8                          0.000    10.000 r  design_1_i/zynq_ultra_ps_e_0/inst/PS8_i/PLCLK[0]
                         net (fo=1, routed)           0.140    10.140    design_1_i/zynq_ultra_ps_e_0/inst/pl_clk_unbuffered[0]
    BUFG_PS_X0Y58        BUFG_PS (Prop_BUFG_PS_I_O)
                                                      0.027    10.167 r  design_1_i/zynq_ultra_ps_e_0/inst/buffer_pl_clk_0.PL_CLK_0_BUFG/O
    X0Y1 (CLOCK_ROOT)    net (fo=15423, routed)       1.537    11.704    design_1_i/ps8_0_axi_periph/s00_couplers/auto_ds/inst/gen_downsizer.gen_simple_downsizer.axi_downsizer_inst/USE_WRITE.write_addr_inst/cmd_queue/inst/fifo_gen_inst/inst_fifo_gen/gconvfifo.rf/grf.rf/gntv_or_sync_fifo.gl0.rd/rpntr/clk
    SLICE_X3Y37          FDCE                                         r  design_1_i/ps8_0_axi_periph/s00_couplers/auto_ds/inst/gen_downsizer.gen_simple_downsizer.axi_downsizer_inst/USE_WRITE.write_addr_inst/cmd_queue/inst/fifo_gen_inst/inst_fifo_gen/gconvfifo.rf/grf.rf/gntv_or_sync_fifo.gl0.rd/rpntr/gc0.count_d1_reg[1]/C
                         clock pessimism              0.161    11.865    
                         clock uncertainty           -0.176    11.689    
    SLICE_X3Y37          FDCE (Recov_EFF_SLICEL_C_CLR)
                                                     -0.072    11.617    design_1_i/ps8_0_axi_periph/s00_couplers/auto_ds/inst/gen_downsizer.gen_simple_downsizer.axi_downsizer_inst/USE_WRITE.write_addr_inst/cmd_queue/inst/fifo_gen_inst/inst_fifo_gen/gconvfifo.rf/grf.rf/gntv_or_sync_fifo.gl0.rd/rpntr/gc0.count_d1_reg[1]
  -------------------------------------------------------------------
                         required time                         11.617    
                         arrival time                          -3.087    
  -------------------------------------------------------------------
                         slack                                  8.530    

Slack (MET) :             8.530ns  (required time - arrival time)
  Source:                 design_1_i/ps8_0_axi_periph/s00_couplers/auto_ds/inst/gen_downsizer.gen_simple_downsizer.axi_downsizer_inst/USE_WRITE.write_addr_inst/cmd_queue/inst/fifo_gen_inst/inst_fifo_gen/gconvfifo.rf/grf.rf/rstblk/ngwrdrst.grst.g7serrst.gnsckt_wrst.gcc_rst.sckt_wr_rst_cc_reg[0]/C
                            (rising edge-triggered cell FDRE clocked by clk_pl_0  {rise@0.000ns fall@5.000ns period=10.000ns})
  Destination:            design_1_i/ps8_0_axi_periph/s00_couplers/auto_ds/inst/gen_downsizer.gen_simple_downsizer.axi_downsizer_inst/USE_WRITE.write_addr_inst/cmd_queue/inst/fifo_gen_inst/inst_fifo_gen/gconvfifo.rf/grf.rf/gntv_or_sync_fifo.gl0.rd/rpntr/gc0.count_d1_reg[2]/CLR
                            (recovery check against rising-edge clock clk_pl_0  {rise@0.000ns fall@5.000ns period=10.000ns})
  Path Group:             **async_default**
  Path Type:              Recovery (Max at Slow Process Corner)
  Requirement:            10.000ns  (clk_pl_0 rise@10.000ns - clk_pl_0 rise@0.000ns)
  Data Path Delay:        1.116ns  (logic 0.244ns (21.867%)  route 0.872ns (78.133%))
  Logic Levels:           1  (LUT3=1)
  Clock Path Skew:        -0.106ns (DCD - SCD + CPR)
    Destination Clock Delay (DCD):    1.704ns = ( 11.704 - 10.000 ) 
    Source Clock Delay      (SCD):    1.971ns
    Clock Pessimism Removal (CPR):    0.161ns
  Clock Uncertainty:      0.176ns  ((TSJ^2 + DJ^2)^1/2) / 2 + PE
    Total System Jitter     (TSJ):    0.071ns
    Discrete Jitter          (DJ):    0.344ns
    Phase Error              (PE):    0.000ns
  Clock Net Delay (Source):      1.764ns (routing 0.638ns, distribution 1.126ns)
  Clock Net Delay (Destination): 1.537ns (routing 0.576ns, distribution 0.961ns)

    Location             Delay type                Incr(ns)  Path(ns)    Netlist Resource(s)
  -------------------------------------------------------------------    -------------------
                         (clock clk_pl_0 rise edge)
                                                      0.000     0.000 r  
    PS8_X0Y0             PS8                          0.000     0.000 r  design_1_i/zynq_ultra_ps_e_0/inst/PS8_i/PLCLK[0]
                         net (fo=1, routed)           0.178     0.178    design_1_i/zynq_ultra_ps_e_0/inst/pl_clk_unbuffered[0]
    BUFG_PS_X0Y58        BUFG_PS (Prop_BUFG_PS_I_O)
                                                      0.029     0.207 r  design_1_i/zynq_ultra_ps_e_0/inst/buffer_pl_clk_0.PL_CLK_0_BUFG/O
    X0Y1 (CLOCK_ROOT)    net (fo=15423, routed)       1.764     1.971    design_1_i/ps8_0_axi_periph/s00_couplers/auto_ds/inst/gen_downsizer.gen_simple_downsizer.axi_downsizer_inst/USE_WRITE.write_addr_inst/cmd_queue/inst/fifo_gen_inst/inst_fifo_gen/gconvfifo.rf/grf.rf/rstblk/clk
    SLICE_X2Y39          FDRE                                         r  design_1_i/ps8_0_axi_periph/s00_couplers/auto_ds/inst/gen_downsizer.gen_simple_downsizer.axi_downsizer_inst/USE_WRITE.write_addr_inst/cmd_queue/inst/fifo_gen_inst/inst_fifo_gen/gconvfifo.rf/grf.rf/rstblk/ngwrdrst.grst.g7serrst.gnsckt_wrst.gcc_rst.sckt_wr_rst_cc_reg[0]/C
  -------------------------------------------------------------------    -------------------
    SLICE_X2Y39          FDRE (Prop_AFF_SLICEL_C_Q)
                                                      0.096     2.067 f  design_1_i/ps8_0_axi_periph/s00_couplers/auto_ds/inst/gen_downsizer.gen_simple_downsizer.axi_downsizer_inst/USE_WRITE.write_addr_inst/cmd_queue/inst/fifo_gen_inst/inst_fifo_gen/gconvfifo.rf/grf.rf/rstblk/ngwrdrst.grst.g7serrst.gnsckt_wrst.gcc_rst.sckt_wr_rst_cc_reg[0]/Q
                         net (fo=3, routed)           0.349     2.417    design_1_i/ps8_0_axi_periph/s00_couplers/auto_ds/inst/gen_downsizer.gen_simple_downsizer.axi_downsizer_inst/USE_WRITE.write_addr_inst/cmd_queue/inst/fifo_gen_inst/inst_fifo_gen/gconvfifo.rf/grf.rf/rstblk/ngwrdrst.grst.g7serrst.gnsckt_wrst.gcc_rst.sckt_wr_rst_cc[0]
    SLICE_X2Y39          LUT3 (Prop_E6LUT_SLICEL_I1_O)
                                                      0.148     2.565 f  design_1_i/ps8_0_axi_periph/s00_couplers/auto_ds/inst/gen_downsizer.gen_simple_downsizer.axi_downsizer_inst/USE_WRITE.write_addr_inst/cmd_queue/inst/fifo_gen_inst/inst_fifo_gen/gconvfifo.rf/grf.rf/rstblk/gpregsm1.curr_fwft_state[1]_i_2/O
                         net (fo=32, routed)          0.522     3.087    design_1_i/ps8_0_axi_periph/s00_couplers/auto_ds/inst/gen_downsizer.gen_simple_downsizer.axi_downsizer_inst/USE_WRITE.write_addr_inst/cmd_queue/inst/fifo_gen_inst/inst_fifo_gen/gconvfifo.rf/grf.rf/gntv_or_sync_fifo.gl0.rd/rpntr/gc0.count_d1_reg[4]_1
    SLICE_X3Y37          FDCE                                         f  design_1_i/ps8_0_axi_periph/s00_couplers/auto_ds/inst/gen_downsizer.gen_simple_downsizer.axi_downsizer_inst/USE_WRITE.write_addr_inst/cmd_queue/inst/fifo_gen_inst/inst_fifo_gen/gconvfifo.rf/grf.rf/gntv_or_sync_fifo.gl0.rd/rpntr/gc0.count_d1_reg[2]/CLR
  -------------------------------------------------------------------    -------------------

                         (clock clk_pl_0 rise edge)
                                                     10.000    10.000 r  
    PS8_X0Y0             PS8                          0.000    10.000 r  design_1_i/zynq_ultra_ps_e_0/inst/PS8_i/PLCLK[0]
                         net (fo=1, routed)           0.140    10.140    design_1_i/zynq_ultra_ps_e_0/inst/pl_clk_unbuffered[0]
    BUFG_PS_X0Y58        BUFG_PS (Prop_BUFG_PS_I_O)
                                                      0.027    10.167 r  design_1_i/zynq_ultra_ps_e_0/inst/buffer_pl_clk_0.PL_CLK_0_BUFG/O
    X0Y1 (CLOCK_ROOT)    net (fo=15423, routed)       1.537    11.704    design_1_i/ps8_0_axi_periph/s00_couplers/auto_ds/inst/gen_downsizer.gen_simple_downsizer.axi_downsizer_inst/USE_WRITE.write_addr_inst/cmd_queue/inst/fifo_gen_inst/inst_fifo_gen/gconvfifo.rf/grf.rf/gntv_or_sync_fifo.gl0.rd/rpntr/clk
    SLICE_X3Y37          FDCE                                         r  design_1_i/ps8_0_axi_periph/s00_couplers/auto_ds/inst/gen_downsizer.gen_simple_downsizer.axi_downsizer_inst/USE_WRITE.write_addr_inst/cmd_queue/inst/fifo_gen_inst/inst_fifo_gen/gconvfifo.rf/grf.rf/gntv_or_sync_fifo.gl0.rd/rpntr/gc0.count_d1_reg[2]/C
                         clock pessimism              0.161    11.865    
                         clock uncertainty           -0.176    11.689    
    SLICE_X3Y37          FDCE (Recov_EFF2_SLICEL_C_CLR)
                                                     -0.072    11.617    design_1_i/ps8_0_axi_periph/s00_couplers/auto_ds/inst/gen_downsizer.gen_simple_downsizer.axi_downsizer_inst/USE_WRITE.write_addr_inst/cmd_queue/inst/fifo_gen_inst/inst_fifo_gen/gconvfifo.rf/grf.rf/gntv_or_sync_fifo.gl0.rd/rpntr/gc0.count_d1_reg[2]
  -------------------------------------------------------------------
                         required time                         11.617    
                         arrival time                          -3.087    
  -------------------------------------------------------------------
                         slack                                  8.530    





Min Delay Paths
--------------------------------------------------------------------------------------
Slack (MET) :             0.178ns  (arrival time - required time)
  Source:                 design_1_i/ps8_0_axi_periph/s00_couplers/auto_ds/inst/gen_downsizer.gen_simple_downsizer.axi_downsizer_inst/USE_WRITE.write_addr_inst/USE_B_CHANNEL.cmd_b_queue/inst/fifo_gen_inst/inst_fifo_gen/gconvfifo.rf/grf.rf/rstblk/ngwrdrst.grst.g7serrst.gnsckt_wrst.gcc_rst.sckt_wr_rst_cc_reg[1]/C
                            (rising edge-triggered cell FDRE clocked by clk_pl_0  {rise@0.000ns fall@5.000ns period=10.000ns})
  Destination:            design_1_i/ps8_0_axi_periph/s00_couplers/auto_ds/inst/gen_downsizer.gen_simple_downsizer.axi_downsizer_inst/USE_WRITE.write_addr_inst/USE_B_CHANNEL.cmd_b_queue/inst/fifo_gen_inst/inst_fifo_gen/gconvfifo.rf/grf.rf/gntv_or_sync_fifo.gl0.rd/gr1.gr1_int.rfwft/aempty_fwft_fb_i_reg/PRE
                            (removal check against rising-edge clock clk_pl_0  {rise@0.000ns fall@5.000ns period=10.000ns})
  Path Group:             **async_default**
  Path Type:              Removal (Min at Fast Process Corner)
  Requirement:            0.000ns  (clk_pl_0 rise@0.000ns - clk_pl_0 rise@0.000ns)
  Data Path Delay:        0.212ns  (logic 0.080ns (37.711%)  route 0.132ns (62.289%))
  Logic Levels:           1  (LUT3=1)
  Clock Path Skew:        0.055ns (DCD - SCD - CPR)
    Destination Clock Delay (DCD):    1.159ns
    Source Clock Delay      (SCD):    1.000ns
    Clock Pessimism Removal (CPR):    0.104ns
  Clock Net Delay (Source):      0.889ns (routing 0.324ns, distribution 0.565ns)
  Clock Net Delay (Destination): 1.021ns (routing 0.365ns, distribution 0.656ns)

    Location             Delay type                Incr(ns)  Path(ns)    Netlist Resource(s)
  -------------------------------------------------------------------    -------------------
                         (clock clk_pl_0 rise edge)
                                                      0.000     0.000 r  
    PS8_X0Y0             PS8                          0.000     0.000 r  design_1_i/zynq_ultra_ps_e_0/inst/PS8_i/PLCLK[0]
                         net (fo=1, routed)           0.094     0.094    design_1_i/zynq_ultra_ps_e_0/inst/pl_clk_unbuffered[0]
    BUFG_PS_X0Y58        BUFG_PS (Prop_BUFG_PS_I_O)
                                                      0.017     0.111 r  design_1_i/zynq_ultra_ps_e_0/inst/buffer_pl_clk_0.PL_CLK_0_BUFG/O
    X0Y1 (CLOCK_ROOT)    net (fo=15423, routed)       0.889     1.000    design_1_i/ps8_0_axi_periph/s00_couplers/auto_ds/inst/gen_downsizer.gen_simple_downsizer.axi_downsizer_inst/USE_WRITE.write_addr_inst/USE_B_CHANNEL.cmd_b_queue/inst/fifo_gen_inst/inst_fifo_gen/gconvfifo.rf/grf.rf/rstblk/clk
    SLICE_X7Y38          FDRE                                         r  design_1_i/ps8_0_axi_periph/s00_couplers/auto_ds/inst/gen_downsizer.gen_simple_downsizer.axi_downsizer_inst/USE_WRITE.write_addr_inst/USE_B_CHANNEL.cmd_b_queue/inst/fifo_gen_inst/inst_fifo_gen/gconvfifo.rf/grf.rf/rstblk/ngwrdrst.grst.g7serrst.gnsckt_wrst.gcc_rst.sckt_wr_rst_cc_reg[1]/C
  -------------------------------------------------------------------    -------------------
    SLICE_X7Y38          FDRE (Prop_CFF2_SLICEL_C_Q)
                                                      0.040     1.040 f  design_1_i/ps8_0_axi_periph/s00_couplers/auto_ds/inst/gen_downsizer.gen_simple_downsizer.axi_downsizer_inst/USE_WRITE.write_addr_inst/USE_B_CHANNEL.cmd_b_queue/inst/fifo_gen_inst/inst_fifo_gen/gconvfifo.rf/grf.rf/rstblk/ngwrdrst.grst.g7serrst.gnsckt_wrst.gcc_rst.sckt_wr_rst_cc_reg[1]/Q
                         net (fo=2, routed)           0.054     1.094    design_1_i/ps8_0_axi_periph/s00_couplers/auto_ds/inst/gen_downsizer.gen_simple_downsizer.axi_downsizer_inst/USE_WRITE.write_addr_inst/USE_B_CHANNEL.cmd_b_queue/inst/fifo_gen_inst/inst_fifo_gen/gconvfifo.rf/grf.rf/rstblk/ngwrdrst.grst.g7serrst.gnsckt_wrst.gcc_rst.sckt_wr_rst_cc[1]
    SLICE_X6Y38          LUT3 (Prop_F6LUT_SLICEL_I0_O)
                                                      0.040     1.134 f  design_1_i/ps8_0_axi_periph/s00_couplers/auto_ds/inst/gen_downsizer.gen_simple_downsizer.axi_downsizer_inst/USE_WRITE.write_addr_inst/USE_B_CHANNEL.cmd_b_queue/inst/fifo_gen_inst/inst_fifo_gen/gconvfifo.rf/grf.rf/rstblk/gpregsm1.curr_fwft_state[1]_i_2/O
                         net (fo=32, routed)          0.078     1.212    design_1_i/ps8_0_axi_periph/s00_couplers/auto_ds/inst/gen_downsizer.gen_simple_downsizer.axi_downsizer_inst/USE_WRITE.write_addr_inst/USE_B_CHANNEL.cmd_b_queue/inst/fifo_gen_inst/inst_fifo_gen/gconvfifo.rf/grf.rf/gntv_or_sync_fifo.gl0.rd/gr1.gr1_int.rfwft/gpregsm1.user_valid_reg_0
    SLICE_X6Y38          FDPE                                         f  design_1_i/ps8_0_axi_periph/s00_couplers/auto_ds/inst/gen_downsizer.gen_simple_downsizer.axi_downsizer_inst/USE_WRITE.write_addr_inst/USE_B_CHANNEL.cmd_b_queue/inst/fifo_gen_inst/inst_fifo_gen/gconvfifo.rf/grf.rf/gntv_or_sync_fifo.gl0.rd/gr1.gr1_int.rfwft/aempty_fwft_fb_i_reg/PRE
  -------------------------------------------------------------------    -------------------

                         (clock clk_pl_0 rise edge)
                                                      0.000     0.000 r  
    PS8_X0Y0             PS8                          0.000     0.000 r  design_1_i/zynq_ultra_ps_e_0/inst/PS8_i/PLCLK[0]
                         net (fo=1, routed)           0.120     0.120    design_1_i/zynq_ultra_ps_e_0/inst/pl_clk_unbuffered[0]
    BUFG_PS_X0Y58        BUFG_PS (Prop_BUFG_PS_I_O)
                                                      0.018     0.138 r  design_1_i/zynq_ultra_ps_e_0/inst/buffer_pl_clk_0.PL_CLK_0_BUFG/O
    X0Y1 (CLOCK_ROOT)    net (fo=15423, routed)       1.021     1.159    design_1_i/ps8_0_axi_periph/s00_couplers/auto_ds/inst/gen_downsizer.gen_simple_downsizer.axi_downsizer_inst/USE_WRITE.write_addr_inst/USE_B_CHANNEL.cmd_b_queue/inst/fifo_gen_inst/inst_fifo_gen/gconvfifo.rf/grf.rf/gntv_or_sync_fifo.gl0.rd/gr1.gr1_int.rfwft/clk
    SLICE_X6Y38          FDPE                                         r  design_1_i/ps8_0_axi_periph/s00_couplers/auto_ds/inst/gen_downsizer.gen_simple_downsizer.axi_downsizer_inst/USE_WRITE.write_addr_inst/USE_B_CHANNEL.cmd_b_queue/inst/fifo_gen_inst/inst_fifo_gen/gconvfifo.rf/grf.rf/gntv_or_sync_fifo.gl0.rd/gr1.gr1_int.rfwft/aempty_fwft_fb_i_reg/C
                         clock pessimism             -0.104     1.055    
    SLICE_X6Y38          FDPE (Remov_EFF_SLICEL_C_PRE)
                                                     -0.020     1.035    design_1_i/ps8_0_axi_periph/s00_couplers/auto_ds/inst/gen_downsizer.gen_simple_downsizer.axi_downsizer_inst/USE_WRITE.write_addr_inst/USE_B_CHANNEL.cmd_b_queue/inst/fifo_gen_inst/inst_fifo_gen/gconvfifo.rf/grf.rf/gntv_or_sync_fifo.gl0.rd/gr1.gr1_int.rfwft/aempty_fwft_fb_i_reg
  -------------------------------------------------------------------
                         required time                         -1.035    
                         arrival time                           1.212    
  -------------------------------------------------------------------
                         slack                                  0.178    

Slack (MET) :             0.178ns  (arrival time - required time)
  Source:                 design_1_i/ps8_0_axi_periph/s00_couplers/auto_ds/inst/gen_downsizer.gen_simple_downsizer.axi_downsizer_inst/USE_WRITE.write_addr_inst/USE_B_CHANNEL.cmd_b_queue/inst/fifo_gen_inst/inst_fifo_gen/gconvfifo.rf/grf.rf/rstblk/ngwrdrst.grst.g7serrst.gnsckt_wrst.gcc_rst.sckt_wr_rst_cc_reg[1]/C
                            (rising edge-triggered cell FDRE clocked by clk_pl_0  {rise@0.000ns fall@5.000ns period=10.000ns})
  Destination:            design_1_i/ps8_0_axi_periph/s00_couplers/auto_ds/inst/gen_downsizer.gen_simple_downsizer.axi_downsizer_inst/USE_WRITE.write_addr_inst/USE_B_CHANNEL.cmd_b_queue/inst/fifo_gen_inst/inst_fifo_gen/gconvfifo.rf/grf.rf/gntv_or_sync_fifo.gl0.rd/gr1.gr1_int.rfwft/aempty_fwft_i_reg/PRE
                            (removal check against rising-edge clock clk_pl_0  {rise@0.000ns fall@5.000ns period=10.000ns})
  Path Group:             **async_default**
  Path Type:              Removal (Min at Fast Process Corner)
  Requirement:            0.000ns  (clk_pl_0 rise@0.000ns - clk_pl_0 rise@0.000ns)
  Data Path Delay:        0.212ns  (logic 0.080ns (37.711%)  route 0.132ns (62.289%))
  Logic Levels:           1  (LUT3=1)
  Clock Path Skew:        0.055ns (DCD - SCD - CPR)
    Destination Clock Delay (DCD):    1.159ns
    Source Clock Delay      (SCD):    1.000ns
    Clock Pessimism Removal (CPR):    0.104ns
  Clock Net Delay (Source):      0.889ns (routing 0.324ns, distribution 0.565ns)
  Clock Net Delay (Destination): 1.021ns (routing 0.365ns, distribution 0.656ns)

    Location             Delay type                Incr(ns)  Path(ns)    Netlist Resource(s)
  -------------------------------------------------------------------    -------------------
                         (clock clk_pl_0 rise edge)
                                                      0.000     0.000 r  
    PS8_X0Y0             PS8                          0.000     0.000 r  design_1_i/zynq_ultra_ps_e_0/inst/PS8_i/PLCLK[0]
                         net (fo=1, routed)           0.094     0.094    design_1_i/zynq_ultra_ps_e_0/inst/pl_clk_unbuffered[0]
    BUFG_PS_X0Y58        BUFG_PS (Prop_BUFG_PS_I_O)
                                                      0.017     0.111 r  design_1_i/zynq_ultra_ps_e_0/inst/buffer_pl_clk_0.PL_CLK_0_BUFG/O
    X0Y1 (CLOCK_ROOT)    net (fo=15423, routed)       0.889     1.000    design_1_i/ps8_0_axi_periph/s00_couplers/auto_ds/inst/gen_downsizer.gen_simple_downsizer.axi_downsizer_inst/USE_WRITE.write_addr_inst/USE_B_CHANNEL.cmd_b_queue/inst/fifo_gen_inst/inst_fifo_gen/gconvfifo.rf/grf.rf/rstblk/clk
    SLICE_X7Y38          FDRE                                         r  design_1_i/ps8_0_axi_periph/s00_couplers/auto_ds/inst/gen_downsizer.gen_simple_downsizer.axi_downsizer_inst/USE_WRITE.write_addr_inst/USE_B_CHANNEL.cmd_b_queue/inst/fifo_gen_inst/inst_fifo_gen/gconvfifo.rf/grf.rf/rstblk/ngwrdrst.grst.g7serrst.gnsckt_wrst.gcc_rst.sckt_wr_rst_cc_reg[1]/C
  -------------------------------------------------------------------    -------------------
    SLICE_X7Y38          FDRE (Prop_CFF2_SLICEL_C_Q)
                                                      0.040     1.040 f  design_1_i/ps8_0_axi_periph/s00_couplers/auto_ds/inst/gen_downsizer.gen_simple_downsizer.axi_downsizer_inst/USE_WRITE.write_addr_inst/USE_B_CHANNEL.cmd_b_queue/inst/fifo_gen_inst/inst_fifo_gen/gconvfifo.rf/grf.rf/rstblk/ngwrdrst.grst.g7serrst.gnsckt_wrst.gcc_rst.sckt_wr_rst_cc_reg[1]/Q
                         net (fo=2, routed)           0.054     1.094    design_1_i/ps8_0_axi_periph/s00_couplers/auto_ds/inst/gen_downsizer.gen_simple_downsizer.axi_downsizer_inst/USE_WRITE.write_addr_inst/USE_B_CHANNEL.cmd_b_queue/inst/fifo_gen_inst/inst_fifo_gen/gconvfifo.rf/grf.rf/rstblk/ngwrdrst.grst.g7serrst.gnsckt_wrst.gcc_rst.sckt_wr_rst_cc[1]
    SLICE_X6Y38          LUT3 (Prop_F6LUT_SLICEL_I0_O)
                                                      0.040     1.134 f  design_1_i/ps8_0_axi_periph/s00_couplers/auto_ds/inst/gen_downsizer.gen_simple_downsizer.axi_downsizer_inst/USE_WRITE.write_addr_inst/USE_B_CHANNEL.cmd_b_queue/inst/fifo_gen_inst/inst_fifo_gen/gconvfifo.rf/grf.rf/rstblk/gpregsm1.curr_fwft_state[1]_i_2/O
                         net (fo=32, routed)          0.078     1.212    design_1_i/ps8_0_axi_periph/s00_couplers/auto_ds/inst/gen_downsizer.gen_simple_downsizer.axi_downsizer_inst/USE_WRITE.write_addr_inst/USE_B_CHANNEL.cmd_b_queue/inst/fifo_gen_inst/inst_fifo_gen/gconvfifo.rf/grf.rf/gntv_or_sync_fifo.gl0.rd/gr1.gr1_int.rfwft/gpregsm1.user_valid_reg_0
    SLICE_X6Y38          FDPE                                         f  design_1_i/ps8_0_axi_periph/s00_couplers/auto_ds/inst/gen_downsizer.gen_simple_downsizer.axi_downsizer_inst/USE_WRITE.write_addr_inst/USE_B_CHANNEL.cmd_b_queue/inst/fifo_gen_inst/inst_fifo_gen/gconvfifo.rf/grf.rf/gntv_or_sync_fifo.gl0.rd/gr1.gr1_int.rfwft/aempty_fwft_i_reg/PRE
  -------------------------------------------------------------------    -------------------

                         (clock clk_pl_0 rise edge)
                                                      0.000     0.000 r  
    PS8_X0Y0             PS8                          0.000     0.000 r  design_1_i/zynq_ultra_ps_e_0/inst/PS8_i/PLCLK[0]
                         net (fo=1, routed)           0.120     0.120    design_1_i/zynq_ultra_ps_e_0/inst/pl_clk_unbuffered[0]
    BUFG_PS_X0Y58        BUFG_PS (Prop_BUFG_PS_I_O)
                                                      0.018     0.138 r  design_1_i/zynq_ultra_ps_e_0/inst/buffer_pl_clk_0.PL_CLK_0_BUFG/O
    X0Y1 (CLOCK_ROOT)    net (fo=15423, routed)       1.021     1.159    design_1_i/ps8_0_axi_periph/s00_couplers/auto_ds/inst/gen_downsizer.gen_simple_downsizer.axi_downsizer_inst/USE_WRITE.write_addr_inst/USE_B_CHANNEL.cmd_b_queue/inst/fifo_gen_inst/inst_fifo_gen/gconvfifo.rf/grf.rf/gntv_or_sync_fifo.gl0.rd/gr1.gr1_int.rfwft/clk
    SLICE_X6Y38          FDPE                                         r  design_1_i/ps8_0_axi_periph/s00_couplers/auto_ds/inst/gen_downsizer.gen_simple_downsizer.axi_downsizer_inst/USE_WRITE.write_addr_inst/USE_B_CHANNEL.cmd_b_queue/inst/fifo_gen_inst/inst_fifo_gen/gconvfifo.rf/grf.rf/gntv_or_sync_fifo.gl0.rd/gr1.gr1_int.rfwft/aempty_fwft_i_reg/C
                         clock pessimism             -0.104     1.055    
    SLICE_X6Y38          FDPE (Remov_EFF2_SLICEL_C_PRE)
                                                     -0.020     1.035    design_1_i/ps8_0_axi_periph/s00_couplers/auto_ds/inst/gen_downsizer.gen_simple_downsizer.axi_downsizer_inst/USE_WRITE.write_addr_inst/USE_B_CHANNEL.cmd_b_queue/inst/fifo_gen_inst/inst_fifo_gen/gconvfifo.rf/grf.rf/gntv_or_sync_fifo.gl0.rd/gr1.gr1_int.rfwft/aempty_fwft_i_reg
  -------------------------------------------------------------------
                         required time                         -1.035    
                         arrival time                           1.212    
  -------------------------------------------------------------------
                         slack                                  0.178    

Slack (MET) :             0.182ns  (arrival time - required time)
  Source:                 design_1_i/ps8_0_axi_periph/s00_couplers/auto_ds/inst/gen_downsizer.gen_simple_downsizer.axi_downsizer_inst/USE_WRITE.write_addr_inst/USE_B_CHANNEL.cmd_b_queue/inst/fifo_gen_inst/inst_fifo_gen/gconvfifo.rf/grf.rf/rstblk/ngwrdrst.grst.g7serrst.gnsckt_wrst.gcc_rst.sckt_wr_rst_cc_reg[1]/C
                            (rising edge-triggered cell FDRE clocked by clk_pl_0  {rise@0.000ns fall@5.000ns period=10.000ns})
  Destination:            design_1_i/ps8_0_axi_periph/s00_couplers/auto_ds/inst/gen_downsizer.gen_simple_downsizer.axi_downsizer_inst/USE_WRITE.write_addr_inst/USE_B_CHANNEL.cmd_b_queue/inst/fifo_gen_inst/inst_fifo_gen/gconvfifo.rf/grf.rf/gntv_or_sync_fifo.gl0.rd/gr1.gr1_int.rfwft/empty_fwft_fb_o_i_reg/PRE
                            (removal check against rising-edge clock clk_pl_0  {rise@0.000ns fall@5.000ns period=10.000ns})
  Path Group:             **async_default**
  Path Type:              Removal (Min at Fast Process Corner)
  Requirement:            0.000ns  (clk_pl_0 rise@0.000ns - clk_pl_0 rise@0.000ns)
  Data Path Delay:        0.212ns  (logic 0.080ns (37.711%)  route 0.132ns (62.289%))
  Logic Levels:           1  (LUT3=1)
  Clock Path Skew:        0.051ns (DCD - SCD - CPR)
    Destination Clock Delay (DCD):    1.155ns
    Source Clock Delay      (SCD):    1.000ns
    Clock Pessimism Removal (CPR):    0.104ns
  Clock Net Delay (Source):      0.889ns (routing 0.324ns, distribution 0.565ns)
  Clock Net Delay (Destination): 1.017ns (routing 0.365ns, distribution 0.652ns)

    Location             Delay type                Incr(ns)  Path(ns)    Netlist Resource(s)
  -------------------------------------------------------------------    -------------------
                         (clock clk_pl_0 rise edge)
                                                      0.000     0.000 r  
    PS8_X0Y0             PS8                          0.000     0.000 r  design_1_i/zynq_ultra_ps_e_0/inst/PS8_i/PLCLK[0]
                         net (fo=1, routed)           0.094     0.094    design_1_i/zynq_ultra_ps_e_0/inst/pl_clk_unbuffered[0]
    BUFG_PS_X0Y58        BUFG_PS (Prop_BUFG_PS_I_O)
                                                      0.017     0.111 r  design_1_i/zynq_ultra_ps_e_0/inst/buffer_pl_clk_0.PL_CLK_0_BUFG/O
    X0Y1 (CLOCK_ROOT)    net (fo=15423, routed)       0.889     1.000    design_1_i/ps8_0_axi_periph/s00_couplers/auto_ds/inst/gen_downsizer.gen_simple_downsizer.axi_downsizer_inst/USE_WRITE.write_addr_inst/USE_B_CHANNEL.cmd_b_queue/inst/fifo_gen_inst/inst_fifo_gen/gconvfifo.rf/grf.rf/rstblk/clk
    SLICE_X7Y38          FDRE                                         r  design_1_i/ps8_0_axi_periph/s00_couplers/auto_ds/inst/gen_downsizer.gen_simple_downsizer.axi_downsizer_inst/USE_WRITE.write_addr_inst/USE_B_CHANNEL.cmd_b_queue/inst/fifo_gen_inst/inst_fifo_gen/gconvfifo.rf/grf.rf/rstblk/ngwrdrst.grst.g7serrst.gnsckt_wrst.gcc_rst.sckt_wr_rst_cc_reg[1]/C
  -------------------------------------------------------------------    -------------------
    SLICE_X7Y38          FDRE (Prop_CFF2_SLICEL_C_Q)
                                                      0.040     1.040 f  design_1_i/ps8_0_axi_periph/s00_couplers/auto_ds/inst/gen_downsizer.gen_simple_downsizer.axi_downsizer_inst/USE_WRITE.write_addr_inst/USE_B_CHANNEL.cmd_b_queue/inst/fifo_gen_inst/inst_fifo_gen/gconvfifo.rf/grf.rf/rstblk/ngwrdrst.grst.g7serrst.gnsckt_wrst.gcc_rst.sckt_wr_rst_cc_reg[1]/Q
                         net (fo=2, routed)           0.054     1.094    design_1_i/ps8_0_axi_periph/s00_couplers/auto_ds/inst/gen_downsizer.gen_simple_downsizer.axi_downsizer_inst/USE_WRITE.write_addr_inst/USE_B_CHANNEL.cmd_b_queue/inst/fifo_gen_inst/inst_fifo_gen/gconvfifo.rf/grf.rf/rstblk/ngwrdrst.grst.g7serrst.gnsckt_wrst.gcc_rst.sckt_wr_rst_cc[1]
    SLICE_X6Y38          LUT3 (Prop_F6LUT_SLICEL_I0_O)
                                                      0.040     1.134 f  design_1_i/ps8_0_axi_periph/s00_couplers/auto_ds/inst/gen_downsizer.gen_simple_downsizer.axi_downsizer_inst/USE_WRITE.write_addr_inst/USE_B_CHANNEL.cmd_b_queue/inst/fifo_gen_inst/inst_fifo_gen/gconvfifo.rf/grf.rf/rstblk/gpregsm1.curr_fwft_state[1]_i_2/O
                         net (fo=32, routed)          0.078     1.212    design_1_i/ps8_0_axi_periph/s00_couplers/auto_ds/inst/gen_downsizer.gen_simple_downsizer.axi_downsizer_inst/USE_WRITE.write_addr_inst/USE_B_CHANNEL.cmd_b_queue/inst/fifo_gen_inst/inst_fifo_gen/gconvfifo.rf/grf.rf/gntv_or_sync_fifo.gl0.rd/gr1.gr1_int.rfwft/gpregsm1.user_valid_reg_0
    SLICE_X6Y38          FDPE                                         f  design_1_i/ps8_0_axi_periph/s00_couplers/auto_ds/inst/gen_downsizer.gen_simple_downsizer.axi_downsizer_inst/USE_WRITE.write_addr_inst/USE_B_CHANNEL.cmd_b_queue/inst/fifo_gen_inst/inst_fifo_gen/gconvfifo.rf/grf.rf/gntv_or_sync_fifo.gl0.rd/gr1.gr1_int.rfwft/empty_fwft_fb_o_i_reg/PRE
  -------------------------------------------------------------------    -------------------

                         (clock clk_pl_0 rise edge)
                                                      0.000     0.000 r  
    PS8_X0Y0             PS8                          0.000     0.000 r  design_1_i/zynq_ultra_ps_e_0/inst/PS8_i/PLCLK[0]
                         net (fo=1, routed)           0.120     0.120    design_1_i/zynq_ultra_ps_e_0/inst/pl_clk_unbuffered[0]
    BUFG_PS_X0Y58        BUFG_PS (Prop_BUFG_PS_I_O)
                                                      0.018     0.138 r  design_1_i/zynq_ultra_ps_e_0/inst/buffer_pl_clk_0.PL_CLK_0_BUFG/O
    X0Y1 (CLOCK_ROOT)    net (fo=15423, routed)       1.017     1.155    design_1_i/ps8_0_axi_periph/s00_couplers/auto_ds/inst/gen_downsizer.gen_simple_downsizer.axi_downsizer_inst/USE_WRITE.write_addr_inst/USE_B_CHANNEL.cmd_b_queue/inst/fifo_gen_inst/inst_fifo_gen/gconvfifo.rf/grf.rf/gntv_or_sync_fifo.gl0.rd/gr1.gr1_int.rfwft/clk
    SLICE_X6Y38          FDPE                                         r  design_1_i/ps8_0_axi_periph/s00_couplers/auto_ds/inst/gen_downsizer.gen_simple_downsizer.axi_downsizer_inst/USE_WRITE.write_addr_inst/USE_B_CHANNEL.cmd_b_queue/inst/fifo_gen_inst/inst_fifo_gen/gconvfifo.rf/grf.rf/gntv_or_sync_fifo.gl0.rd/gr1.gr1_int.rfwft/empty_fwft_fb_o_i_reg/C
                         clock pessimism             -0.104     1.051    
    SLICE_X6Y38          FDPE (Remov_DFF2_SLICEL_C_PRE)
                                                     -0.020     1.031    design_1_i/ps8_0_axi_periph/s00_couplers/auto_ds/inst/gen_downsizer.gen_simple_downsizer.axi_downsizer_inst/USE_WRITE.write_addr_inst/USE_B_CHANNEL.cmd_b_queue/inst/fifo_gen_inst/inst_fifo_gen/gconvfifo.rf/grf.rf/gntv_or_sync_fifo.gl0.rd/gr1.gr1_int.rfwft/empty_fwft_fb_o_i_reg
  -------------------------------------------------------------------
                         required time                         -1.031    
                         arrival time                           1.212    
  -------------------------------------------------------------------
                         slack                                  0.182    

Slack (MET) :             0.182ns  (arrival time - required time)
  Source:                 design_1_i/ps8_0_axi_periph/s00_couplers/auto_ds/inst/gen_downsizer.gen_simple_downsizer.axi_downsizer_inst/USE_WRITE.write_addr_inst/USE_B_CHANNEL.cmd_b_queue/inst/fifo_gen_inst/inst_fifo_gen/gconvfifo.rf/grf.rf/rstblk/ngwrdrst.grst.g7serrst.gnsckt_wrst.gcc_rst.sckt_wr_rst_cc_reg[1]/C
                            (rising edge-triggered cell FDRE clocked by clk_pl_0  {rise@0.000ns fall@5.000ns period=10.000ns})
  Destination:            design_1_i/ps8_0_axi_periph/s00_couplers/auto_ds/inst/gen_downsizer.gen_simple_downsizer.axi_downsizer_inst/USE_WRITE.write_addr_inst/USE_B_CHANNEL.cmd_b_queue/inst/fifo_gen_inst/inst_fifo_gen/gconvfifo.rf/grf.rf/gntv_or_sync_fifo.gl0.rd/gr1.gr1_int.rfwft/gpregsm1.curr_fwft_state_reg[0]/CLR
                            (removal check against rising-edge clock clk_pl_0  {rise@0.000ns fall@5.000ns period=10.000ns})
  Path Group:             **async_default**
  Path Type:              Removal (Min at Fast Process Corner)
  Requirement:            0.000ns  (clk_pl_0 rise@0.000ns - clk_pl_0 rise@0.000ns)
  Data Path Delay:        0.212ns  (logic 0.080ns (37.711%)  route 0.132ns (62.289%))
  Logic Levels:           1  (LUT3=1)
  Clock Path Skew:        0.051ns (DCD - SCD - CPR)
    Destination Clock Delay (DCD):    1.155ns
    Source Clock Delay      (SCD):    1.000ns
    Clock Pessimism Removal (CPR):    0.104ns
  Clock Net Delay (Source):      0.889ns (routing 0.324ns, distribution 0.565ns)
  Clock Net Delay (Destination): 1.017ns (routing 0.365ns, distribution 0.652ns)

    Location             Delay type                Incr(ns)  Path(ns)    Netlist Resource(s)
  -------------------------------------------------------------------    -------------------
                         (clock clk_pl_0 rise edge)
                                                      0.000     0.000 r  
    PS8_X0Y0             PS8                          0.000     0.000 r  design_1_i/zynq_ultra_ps_e_0/inst/PS8_i/PLCLK[0]
                         net (fo=1, routed)           0.094     0.094    design_1_i/zynq_ultra_ps_e_0/inst/pl_clk_unbuffered[0]
    BUFG_PS_X0Y58        BUFG_PS (Prop_BUFG_PS_I_O)
                                                      0.017     0.111 r  design_1_i/zynq_ultra_ps_e_0/inst/buffer_pl_clk_0.PL_CLK_0_BUFG/O
    X0Y1 (CLOCK_ROOT)    net (fo=15423, routed)       0.889     1.000    design_1_i/ps8_0_axi_periph/s00_couplers/auto_ds/inst/gen_downsizer.gen_simple_downsizer.axi_downsizer_inst/USE_WRITE.write_addr_inst/USE_B_CHANNEL.cmd_b_queue/inst/fifo_gen_inst/inst_fifo_gen/gconvfifo.rf/grf.rf/rstblk/clk
    SLICE_X7Y38          FDRE                                         r  design_1_i/ps8_0_axi_periph/s00_couplers/auto_ds/inst/gen_downsizer.gen_simple_downsizer.axi_downsizer_inst/USE_WRITE.write_addr_inst/USE_B_CHANNEL.cmd_b_queue/inst/fifo_gen_inst/inst_fifo_gen/gconvfifo.rf/grf.rf/rstblk/ngwrdrst.grst.g7serrst.gnsckt_wrst.gcc_rst.sckt_wr_rst_cc_reg[1]/C
  -------------------------------------------------------------------    -------------------
    SLICE_X7Y38          FDRE (Prop_CFF2_SLICEL_C_Q)
                                                      0.040     1.040 f  design_1_i/ps8_0_axi_periph/s00_couplers/auto_ds/inst/gen_downsizer.gen_simple_downsizer.axi_downsizer_inst/USE_WRITE.write_addr_inst/USE_B_CHANNEL.cmd_b_queue/inst/fifo_gen_inst/inst_fifo_gen/gconvfifo.rf/grf.rf/rstblk/ngwrdrst.grst.g7serrst.gnsckt_wrst.gcc_rst.sckt_wr_rst_cc_reg[1]/Q
                         net (fo=2, routed)           0.054     1.094    design_1_i/ps8_0_axi_periph/s00_couplers/auto_ds/inst/gen_downsizer.gen_simple_downsizer.axi_downsizer_inst/USE_WRITE.write_addr_inst/USE_B_CHANNEL.cmd_b_queue/inst/fifo_gen_inst/inst_fifo_gen/gconvfifo.rf/grf.rf/rstblk/ngwrdrst.grst.g7serrst.gnsckt_wrst.gcc_rst.sckt_wr_rst_cc[1]
    SLICE_X6Y38          LUT3 (Prop_F6LUT_SLICEL_I0_O)
                                                      0.040     1.134 f  design_1_i/ps8_0_axi_periph/s00_couplers/auto_ds/inst/gen_downsizer.gen_simple_downsizer.axi_downsizer_inst/USE_WRITE.write_addr_inst/USE_B_CHANNEL.cmd_b_queue/inst/fifo_gen_inst/inst_fifo_gen/gconvfifo.rf/grf.rf/rstblk/gpregsm1.curr_fwft_state[1]_i_2/O
                         net (fo=32, routed)          0.078     1.212    design_1_i/ps8_0_axi_periph/s00_couplers/auto_ds/inst/gen_downsizer.gen_simple_downsizer.axi_downsizer_inst/USE_WRITE.write_addr_inst/USE_B_CHANNEL.cmd_b_queue/inst/fifo_gen_inst/inst_fifo_gen/gconvfifo.rf/grf.rf/gntv_or_sync_fifo.gl0.rd/gr1.gr1_int.rfwft/gpregsm1.user_valid_reg_0
    SLICE_X6Y38          FDCE                                         f  design_1_i/ps8_0_axi_periph/s00_couplers/auto_ds/inst/gen_downsizer.gen_simple_downsizer.axi_downsizer_inst/USE_WRITE.write_addr_inst/USE_B_CHANNEL.cmd_b_queue/inst/fifo_gen_inst/inst_fifo_gen/gconvfifo.rf/grf.rf/gntv_or_sync_fifo.gl0.rd/gr1.gr1_int.rfwft/gpregsm1.curr_fwft_state_reg[0]/CLR
  -------------------------------------------------------------------    -------------------

                         (clock clk_pl_0 rise edge)
                                                      0.000     0.000 r  
    PS8_X0Y0             PS8                          0.000     0.000 r  design_1_i/zynq_ultra_ps_e_0/inst/PS8_i/PLCLK[0]
                         net (fo=1, routed)           0.120     0.120    design_1_i/zynq_ultra_ps_e_0/inst/pl_clk_unbuffered[0]
    BUFG_PS_X0Y58        BUFG_PS (Prop_BUFG_PS_I_O)
                                                      0.018     0.138 r  design_1_i/zynq_ultra_ps_e_0/inst/buffer_pl_clk_0.PL_CLK_0_BUFG/O
    X0Y1 (CLOCK_ROOT)    net (fo=15423, routed)       1.017     1.155    design_1_i/ps8_0_axi_periph/s00_couplers/auto_ds/inst/gen_downsizer.gen_simple_downsizer.axi_downsizer_inst/USE_WRITE.write_addr_inst/USE_B_CHANNEL.cmd_b_queue/inst/fifo_gen_inst/inst_fifo_gen/gconvfifo.rf/grf.rf/gntv_or_sync_fifo.gl0.rd/gr1.gr1_int.rfwft/clk
    SLICE_X6Y38          FDCE                                         r  design_1_i/ps8_0_axi_periph/s00_couplers/auto_ds/inst/gen_downsizer.gen_simple_downsizer.axi_downsizer_inst/USE_WRITE.write_addr_inst/USE_B_CHANNEL.cmd_b_queue/inst/fifo_gen_inst/inst_fifo_gen/gconvfifo.rf/grf.rf/gntv_or_sync_fifo.gl0.rd/gr1.gr1_int.rfwft/gpregsm1.curr_fwft_state_reg[0]/C
                         clock pessimism             -0.104     1.051    
    SLICE_X6Y38          FDCE (Remov_CFF_SLICEL_C_CLR)
                                                     -0.020     1.031    design_1_i/ps8_0_axi_periph/s00_couplers/auto_ds/inst/gen_downsizer.gen_simple_downsizer.axi_downsizer_inst/USE_WRITE.write_addr_inst/USE_B_CHANNEL.cmd_b_queue/inst/fifo_gen_inst/inst_fifo_gen/gconvfifo.rf/grf.rf/gntv_or_sync_fifo.gl0.rd/gr1.gr1_int.rfwft/gpregsm1.curr_fwft_state_reg[0]
  -------------------------------------------------------------------
                         required time                         -1.031    
                         arrival time                           1.212    
  -------------------------------------------------------------------
                         slack                                  0.182    

Slack (MET) :             0.182ns  (arrival time - required time)
  Source:                 design_1_i/ps8_0_axi_periph/s00_couplers/auto_ds/inst/gen_downsizer.gen_simple_downsizer.axi_downsizer_inst/USE_WRITE.write_addr_inst/USE_B_CHANNEL.cmd_b_queue/inst/fifo_gen_inst/inst_fifo_gen/gconvfifo.rf/grf.rf/rstblk/ngwrdrst.grst.g7serrst.gnsckt_wrst.gcc_rst.sckt_wr_rst_cc_reg[1]/C
                            (rising edge-triggered cell FDRE clocked by clk_pl_0  {rise@0.000ns fall@5.000ns period=10.000ns})
  Destination:            design_1_i/ps8_0_axi_periph/s00_couplers/auto_ds/inst/gen_downsizer.gen_simple_downsizer.axi_downsizer_inst/USE_WRITE.write_addr_inst/USE_B_CHANNEL.cmd_b_queue/inst/fifo_gen_inst/inst_fifo_gen/gconvfifo.rf/grf.rf/gntv_or_sync_fifo.gl0.rd/gr1.gr1_int.rfwft/gpregsm1.curr_fwft_state_reg[1]/CLR
                            (removal check against rising-edge clock clk_pl_0  {rise@0.000ns fall@5.000ns period=10.000ns})
  Path Group:             **async_default**
  Path Type:              Removal (Min at Fast Process Corner)
  Requirement:            0.000ns  (clk_pl_0 rise@0.000ns - clk_pl_0 rise@0.000ns)
  Data Path Delay:        0.212ns  (logic 0.080ns (37.711%)  route 0.132ns (62.289%))
  Logic Levels:           1  (LUT3=1)
  Clock Path Skew:        0.051ns (DCD - SCD - CPR)
    Destination Clock Delay (DCD):    1.155ns
    Source Clock Delay      (SCD):    1.000ns
    Clock Pessimism Removal (CPR):    0.104ns
  Clock Net Delay (Source):      0.889ns (routing 0.324ns, distribution 0.565ns)
  Clock Net Delay (Destination): 1.017ns (routing 0.365ns, distribution 0.652ns)

    Location             Delay type                Incr(ns)  Path(ns)    Netlist Resource(s)
  -------------------------------------------------------------------    -------------------
                         (clock clk_pl_0 rise edge)
                                                      0.000     0.000 r  
    PS8_X0Y0             PS8                          0.000     0.000 r  design_1_i/zynq_ultra_ps_e_0/inst/PS8_i/PLCLK[0]
                         net (fo=1, routed)           0.094     0.094    design_1_i/zynq_ultra_ps_e_0/inst/pl_clk_unbuffered[0]
    BUFG_PS_X0Y58        BUFG_PS (Prop_BUFG_PS_I_O)
                                                      0.017     0.111 r  design_1_i/zynq_ultra_ps_e_0/inst/buffer_pl_clk_0.PL_CLK_0_BUFG/O
    X0Y1 (CLOCK_ROOT)    net (fo=15423, routed)       0.889     1.000    design_1_i/ps8_0_axi_periph/s00_couplers/auto_ds/inst/gen_downsizer.gen_simple_downsizer.axi_downsizer_inst/USE_WRITE.write_addr_inst/USE_B_CHANNEL.cmd_b_queue/inst/fifo_gen_inst/inst_fifo_gen/gconvfifo.rf/grf.rf/rstblk/clk
    SLICE_X7Y38          FDRE                                         r  design_1_i/ps8_0_axi_periph/s00_couplers/auto_ds/inst/gen_downsizer.gen_simple_downsizer.axi_downsizer_inst/USE_WRITE.write_addr_inst/USE_B_CHANNEL.cmd_b_queue/inst/fifo_gen_inst/inst_fifo_gen/gconvfifo.rf/grf.rf/rstblk/ngwrdrst.grst.g7serrst.gnsckt_wrst.gcc_rst.sckt_wr_rst_cc_reg[1]/C
  -------------------------------------------------------------------    -------------------
    SLICE_X7Y38          FDRE (Prop_CFF2_SLICEL_C_Q)
                                                      0.040     1.040 f  design_1_i/ps8_0_axi_periph/s00_couplers/auto_ds/inst/gen_downsizer.gen_simple_downsizer.axi_downsizer_inst/USE_WRITE.write_addr_inst/USE_B_CHANNEL.cmd_b_queue/inst/fifo_gen_inst/inst_fifo_gen/gconvfifo.rf/grf.rf/rstblk/ngwrdrst.grst.g7serrst.gnsckt_wrst.gcc_rst.sckt_wr_rst_cc_reg[1]/Q
                         net (fo=2, routed)           0.054     1.094    design_1_i/ps8_0_axi_periph/s00_couplers/auto_ds/inst/gen_downsizer.gen_simple_downsizer.axi_downsizer_inst/USE_WRITE.write_addr_inst/USE_B_CHANNEL.cmd_b_queue/inst/fifo_gen_inst/inst_fifo_gen/gconvfifo.rf/grf.rf/rstblk/ngwrdrst.grst.g7serrst.gnsckt_wrst.gcc_rst.sckt_wr_rst_cc[1]
    SLICE_X6Y38          LUT3 (Prop_F6LUT_SLICEL_I0_O)
                                                      0.040     1.134 f  design_1_i/ps8_0_axi_periph/s00_couplers/auto_ds/inst/gen_downsizer.gen_simple_downsizer.axi_downsizer_inst/USE_WRITE.write_addr_inst/USE_B_CHANNEL.cmd_b_queue/inst/fifo_gen_inst/inst_fifo_gen/gconvfifo.rf/grf.rf/rstblk/gpregsm1.curr_fwft_state[1]_i_2/O
                         net (fo=32, routed)          0.078     1.212    design_1_i/ps8_0_axi_periph/s00_couplers/auto_ds/inst/gen_downsizer.gen_simple_downsizer.axi_downsizer_inst/USE_WRITE.write_addr_inst/USE_B_CHANNEL.cmd_b_queue/inst/fifo_gen_inst/inst_fifo_gen/gconvfifo.rf/grf.rf/gntv_or_sync_fifo.gl0.rd/gr1.gr1_int.rfwft/gpregsm1.user_valid_reg_0
    SLICE_X6Y38          FDCE                                         f  design_1_i/ps8_0_axi_periph/s00_couplers/auto_ds/inst/gen_downsizer.gen_simple_downsizer.axi_downsizer_inst/USE_WRITE.write_addr_inst/USE_B_CHANNEL.cmd_b_queue/inst/fifo_gen_inst/inst_fifo_gen/gconvfifo.rf/grf.rf/gntv_or_sync_fifo.gl0.rd/gr1.gr1_int.rfwft/gpregsm1.curr_fwft_state_reg[1]/CLR
  -------------------------------------------------------------------    -------------------

                         (clock clk_pl_0 rise edge)
                                                      0.000     0.000 r  
    PS8_X0Y0             PS8                          0.000     0.000 r  design_1_i/zynq_ultra_ps_e_0/inst/PS8_i/PLCLK[0]
                         net (fo=1, routed)           0.120     0.120    design_1_i/zynq_ultra_ps_e_0/inst/pl_clk_unbuffered[0]
    BUFG_PS_X0Y58        BUFG_PS (Prop_BUFG_PS_I_O)
                                                      0.018     0.138 r  design_1_i/zynq_ultra_ps_e_0/inst/buffer_pl_clk_0.PL_CLK_0_BUFG/O
    X0Y1 (CLOCK_ROOT)    net (fo=15423, routed)       1.017     1.155    design_1_i/ps8_0_axi_periph/s00_couplers/auto_ds/inst/gen_downsizer.gen_simple_downsizer.axi_downsizer_inst/USE_WRITE.write_addr_inst/USE_B_CHANNEL.cmd_b_queue/inst/fifo_gen_inst/inst_fifo_gen/gconvfifo.rf/grf.rf/gntv_or_sync_fifo.gl0.rd/gr1.gr1_int.rfwft/clk
    SLICE_X6Y38          FDCE                                         r  design_1_i/ps8_0_axi_periph/s00_couplers/auto_ds/inst/gen_downsizer.gen_simple_downsizer.axi_downsizer_inst/USE_WRITE.write_addr_inst/USE_B_CHANNEL.cmd_b_queue/inst/fifo_gen_inst/inst_fifo_gen/gconvfifo.rf/grf.rf/gntv_or_sync_fifo.gl0.rd/gr1.gr1_int.rfwft/gpregsm1.curr_fwft_state_reg[1]/C
                         clock pessimism             -0.104     1.051    
    SLICE_X6Y38          FDCE (Remov_CFF2_SLICEL_C_CLR)
                                                     -0.020     1.031    design_1_i/ps8_0_axi_periph/s00_couplers/auto_ds/inst/gen_downsizer.gen_simple_downsizer.axi_downsizer_inst/USE_WRITE.write_addr_inst/USE_B_CHANNEL.cmd_b_queue/inst/fifo_gen_inst/inst_fifo_gen/gconvfifo.rf/grf.rf/gntv_or_sync_fifo.gl0.rd/gr1.gr1_int.rfwft/gpregsm1.curr_fwft_state_reg[1]
  -------------------------------------------------------------------
                         required time                         -1.031    
                         arrival time                           1.212    
  -------------------------------------------------------------------
                         slack                                  0.182    

Slack (MET) :             0.182ns  (arrival time - required time)
  Source:                 design_1_i/ps8_0_axi_periph/s00_couplers/auto_ds/inst/gen_downsizer.gen_simple_downsizer.axi_downsizer_inst/USE_WRITE.write_addr_inst/USE_B_CHANNEL.cmd_b_queue/inst/fifo_gen_inst/inst_fifo_gen/gconvfifo.rf/grf.rf/rstblk/ngwrdrst.grst.g7serrst.gnsckt_wrst.gcc_rst.sckt_wr_rst_cc_reg[1]/C
                            (rising edge-triggered cell FDRE clocked by clk_pl_0  {rise@0.000ns fall@5.000ns period=10.000ns})
  Destination:            design_1_i/ps8_0_axi_periph/s00_couplers/auto_ds/inst/gen_downsizer.gen_simple_downsizer.axi_downsizer_inst/USE_WRITE.write_addr_inst/USE_B_CHANNEL.cmd_b_queue/inst/fifo_gen_inst/inst_fifo_gen/gconvfifo.rf/grf.rf/gntv_or_sync_fifo.gl0.rd/gr1.gr1_int.rfwft/gpregsm1.user_valid_reg/CLR
                            (removal check against rising-edge clock clk_pl_0  {rise@0.000ns fall@5.000ns period=10.000ns})
  Path Group:             **async_default**
  Path Type:              Removal (Min at Fast Process Corner)
  Requirement:            0.000ns  (clk_pl_0 rise@0.000ns - clk_pl_0 rise@0.000ns)
  Data Path Delay:        0.212ns  (logic 0.080ns (37.711%)  route 0.132ns (62.289%))
  Logic Levels:           1  (LUT3=1)
  Clock Path Skew:        0.051ns (DCD - SCD - CPR)
    Destination Clock Delay (DCD):    1.155ns
    Source Clock Delay      (SCD):    1.000ns
    Clock Pessimism Removal (CPR):    0.104ns
  Clock Net Delay (Source):      0.889ns (routing 0.324ns, distribution 0.565ns)
  Clock Net Delay (Destination): 1.017ns (routing 0.365ns, distribution 0.652ns)

    Location             Delay type                Incr(ns)  Path(ns)    Netlist Resource(s)
  -------------------------------------------------------------------    -------------------
                         (clock clk_pl_0 rise edge)
                                                      0.000     0.000 r  
    PS8_X0Y0             PS8                          0.000     0.000 r  design_1_i/zynq_ultra_ps_e_0/inst/PS8_i/PLCLK[0]
                         net (fo=1, routed)           0.094     0.094    design_1_i/zynq_ultra_ps_e_0/inst/pl_clk_unbuffered[0]
    BUFG_PS_X0Y58        BUFG_PS (Prop_BUFG_PS_I_O)
                                                      0.017     0.111 r  design_1_i/zynq_ultra_ps_e_0/inst/buffer_pl_clk_0.PL_CLK_0_BUFG/O
    X0Y1 (CLOCK_ROOT)    net (fo=15423, routed)       0.889     1.000    design_1_i/ps8_0_axi_periph/s00_couplers/auto_ds/inst/gen_downsizer.gen_simple_downsizer.axi_downsizer_inst/USE_WRITE.write_addr_inst/USE_B_CHANNEL.cmd_b_queue/inst/fifo_gen_inst/inst_fifo_gen/gconvfifo.rf/grf.rf/rstblk/clk
    SLICE_X7Y38          FDRE                                         r  design_1_i/ps8_0_axi_periph/s00_couplers/auto_ds/inst/gen_downsizer.gen_simple_downsizer.axi_downsizer_inst/USE_WRITE.write_addr_inst/USE_B_CHANNEL.cmd_b_queue/inst/fifo_gen_inst/inst_fifo_gen/gconvfifo.rf/grf.rf/rstblk/ngwrdrst.grst.g7serrst.gnsckt_wrst.gcc_rst.sckt_wr_rst_cc_reg[1]/C
  -------------------------------------------------------------------    -------------------
    SLICE_X7Y38          FDRE (Prop_CFF2_SLICEL_C_Q)
                                                      0.040     1.040 f  design_1_i/ps8_0_axi_periph/s00_couplers/auto_ds/inst/gen_downsizer.gen_simple_downsizer.axi_downsizer_inst/USE_WRITE.write_addr_inst/USE_B_CHANNEL.cmd_b_queue/inst/fifo_gen_inst/inst_fifo_gen/gconvfifo.rf/grf.rf/rstblk/ngwrdrst.grst.g7serrst.gnsckt_wrst.gcc_rst.sckt_wr_rst_cc_reg[1]/Q
                         net (fo=2, routed)           0.054     1.094    design_1_i/ps8_0_axi_periph/s00_couplers/auto_ds/inst/gen_downsizer.gen_simple_downsizer.axi_downsizer_inst/USE_WRITE.write_addr_inst/USE_B_CHANNEL.cmd_b_queue/inst/fifo_gen_inst/inst_fifo_gen/gconvfifo.rf/grf.rf/rstblk/ngwrdrst.grst.g7serrst.gnsckt_wrst.gcc_rst.sckt_wr_rst_cc[1]
    SLICE_X6Y38          LUT3 (Prop_F6LUT_SLICEL_I0_O)
                                                      0.040     1.134 f  design_1_i/ps8_0_axi_periph/s00_couplers/auto_ds/inst/gen_downsizer.gen_simple_downsizer.axi_downsizer_inst/USE_WRITE.write_addr_inst/USE_B_CHANNEL.cmd_b_queue/inst/fifo_gen_inst/inst_fifo_gen/gconvfifo.rf/grf.rf/rstblk/gpregsm1.curr_fwft_state[1]_i_2/O
                         net (fo=32, routed)          0.078     1.212    design_1_i/ps8_0_axi_periph/s00_couplers/auto_ds/inst/gen_downsizer.gen_simple_downsizer.axi_downsizer_inst/USE_WRITE.write_addr_inst/USE_B_CHANNEL.cmd_b_queue/inst/fifo_gen_inst/inst_fifo_gen/gconvfifo.rf/grf.rf/gntv_or_sync_fifo.gl0.rd/gr1.gr1_int.rfwft/gpregsm1.user_valid_reg_0
    SLICE_X6Y38          FDCE                                         f  design_1_i/ps8_0_axi_periph/s00_couplers/auto_ds/inst/gen_downsizer.gen_simple_downsizer.axi_downsizer_inst/USE_WRITE.write_addr_inst/USE_B_CHANNEL.cmd_b_queue/inst/fifo_gen_inst/inst_fifo_gen/gconvfifo.rf/grf.rf/gntv_or_sync_fifo.gl0.rd/gr1.gr1_int.rfwft/gpregsm1.user_valid_reg/CLR
  -------------------------------------------------------------------    -------------------

                         (clock clk_pl_0 rise edge)
                                                      0.000     0.000 r  
    PS8_X0Y0             PS8                          0.000     0.000 r  design_1_i/zynq_ultra_ps_e_0/inst/PS8_i/PLCLK[0]
                         net (fo=1, routed)           0.120     0.120    design_1_i/zynq_ultra_ps_e_0/inst/pl_clk_unbuffered[0]
    BUFG_PS_X0Y58        BUFG_PS (Prop_BUFG_PS_I_O)
                                                      0.018     0.138 r  design_1_i/zynq_ultra_ps_e_0/inst/buffer_pl_clk_0.PL_CLK_0_BUFG/O
    X0Y1 (CLOCK_ROOT)    net (fo=15423, routed)       1.017     1.155    design_1_i/ps8_0_axi_periph/s00_couplers/auto_ds/inst/gen_downsizer.gen_simple_downsizer.axi_downsizer_inst/USE_WRITE.write_addr_inst/USE_B_CHANNEL.cmd_b_queue/inst/fifo_gen_inst/inst_fifo_gen/gconvfifo.rf/grf.rf/gntv_or_sync_fifo.gl0.rd/gr1.gr1_int.rfwft/clk
    SLICE_X6Y38          FDCE                                         r  design_1_i/ps8_0_axi_periph/s00_couplers/auto_ds/inst/gen_downsizer.gen_simple_downsizer.axi_downsizer_inst/USE_WRITE.write_addr_inst/USE_B_CHANNEL.cmd_b_queue/inst/fifo_gen_inst/inst_fifo_gen/gconvfifo.rf/grf.rf/gntv_or_sync_fifo.gl0.rd/gr1.gr1_int.rfwft/gpregsm1.user_valid_reg/C
                         clock pessimism             -0.104     1.051    
    SLICE_X6Y38          FDCE (Remov_BFF2_SLICEL_C_CLR)
                                                     -0.020     1.031    design_1_i/ps8_0_axi_periph/s00_couplers/auto_ds/inst/gen_downsizer.gen_simple_downsizer.axi_downsizer_inst/USE_WRITE.write_addr_inst/USE_B_CHANNEL.cmd_b_queue/inst/fifo_gen_inst/inst_fifo_gen/gconvfifo.rf/grf.rf/gntv_or_sync_fifo.gl0.rd/gr1.gr1_int.rfwft/gpregsm1.user_valid_reg
  -------------------------------------------------------------------
                         required time                         -1.031    
                         arrival time                           1.212    
  -------------------------------------------------------------------
                         slack                                  0.182    

Slack (MET) :             0.184ns  (arrival time - required time)
  Source:                 design_1_i/ps8_0_axi_periph/s00_couplers/auto_ds/inst/gen_downsizer.gen_simple_downsizer.axi_downsizer_inst/USE_WRITE.write_addr_inst/USE_B_CHANNEL.cmd_b_queue/inst/fifo_gen_inst/inst_fifo_gen/gconvfifo.rf/grf.rf/rstblk/ngwrdrst.grst.g7serrst.gnsckt_wrst.gcc_rst.sckt_wr_rst_cc_reg[1]/C
                            (rising edge-triggered cell FDRE clocked by clk_pl_0  {rise@0.000ns fall@5.000ns period=10.000ns})
  Destination:            design_1_i/ps8_0_axi_periph/s00_couplers/auto_ds/inst/gen_downsizer.gen_simple_downsizer.axi_downsizer_inst/USE_WRITE.write_addr_inst/USE_B_CHANNEL.cmd_b_queue/inst/fifo_gen_inst/inst_fifo_gen/gconvfifo.rf/grf.rf/gntv_or_sync_fifo.gl0.rd/grss.rsts/ram_empty_fb_i_reg/PRE
                            (removal check against rising-edge clock clk_pl_0  {rise@0.000ns fall@5.000ns period=10.000ns})
  Path Group:             **async_default**
  Path Type:              Removal (Min at Fast Process Corner)
  Requirement:            0.000ns  (clk_pl_0 rise@0.000ns - clk_pl_0 rise@0.000ns)
  Data Path Delay:        0.219ns  (logic 0.080ns (36.507%)  route 0.139ns (63.493%))
  Logic Levels:           1  (LUT3=1)
  Clock Path Skew:        0.056ns (DCD - SCD - CPR)
    Destination Clock Delay (DCD):    1.160ns
    Source Clock Delay      (SCD):    1.000ns
    Clock Pessimism Removal (CPR):    0.104ns
  Clock Net Delay (Source):      0.889ns (routing 0.324ns, distribution 0.565ns)
  Clock Net Delay (Destination): 1.022ns (routing 0.365ns, distribution 0.657ns)

    Location             Delay type                Incr(ns)  Path(ns)    Netlist Resource(s)
  -------------------------------------------------------------------    -------------------
                         (clock clk_pl_0 rise edge)
                                                      0.000     0.000 r  
    PS8_X0Y0             PS8                          0.000     0.000 r  design_1_i/zynq_ultra_ps_e_0/inst/PS8_i/PLCLK[0]
                         net (fo=1, routed)           0.094     0.094    design_1_i/zynq_ultra_ps_e_0/inst/pl_clk_unbuffered[0]
    BUFG_PS_X0Y58        BUFG_PS (Prop_BUFG_PS_I_O)
                                                      0.017     0.111 r  design_1_i/zynq_ultra_ps_e_0/inst/buffer_pl_clk_0.PL_CLK_0_BUFG/O
    X0Y1 (CLOCK_ROOT)    net (fo=15423, routed)       0.889     1.000    design_1_i/ps8_0_axi_periph/s00_couplers/auto_ds/inst/gen_downsizer.gen_simple_downsizer.axi_downsizer_inst/USE_WRITE.write_addr_inst/USE_B_CHANNEL.cmd_b_queue/inst/fifo_gen_inst/inst_fifo_gen/gconvfifo.rf/grf.rf/rstblk/clk
    SLICE_X7Y38          FDRE                                         r  design_1_i/ps8_0_axi_periph/s00_couplers/auto_ds/inst/gen_downsizer.gen_simple_downsizer.axi_downsizer_inst/USE_WRITE.write_addr_inst/USE_B_CHANNEL.cmd_b_queue/inst/fifo_gen_inst/inst_fifo_gen/gconvfifo.rf/grf.rf/rstblk/ngwrdrst.grst.g7serrst.gnsckt_wrst.gcc_rst.sckt_wr_rst_cc_reg[1]/C
  -------------------------------------------------------------------    -------------------
    SLICE_X7Y38          FDRE (Prop_CFF2_SLICEL_C_Q)
                                                      0.040     1.040 f  design_1_i/ps8_0_axi_periph/s00_couplers/auto_ds/inst/gen_downsizer.gen_simple_downsizer.axi_downsizer_inst/USE_WRITE.write_addr_inst/USE_B_CHANNEL.cmd_b_queue/inst/fifo_gen_inst/inst_fifo_gen/gconvfifo.rf/grf.rf/rstblk/ngwrdrst.grst.g7serrst.gnsckt_wrst.gcc_rst.sckt_wr_rst_cc_reg[1]/Q
                         net (fo=2, routed)           0.054     1.094    design_1_i/ps8_0_axi_periph/s00_couplers/auto_ds/inst/gen_downsizer.gen_simple_downsizer.axi_downsizer_inst/USE_WRITE.write_addr_inst/USE_B_CHANNEL.cmd_b_queue/inst/fifo_gen_inst/inst_fifo_gen/gconvfifo.rf/grf.rf/rstblk/ngwrdrst.grst.g7serrst.gnsckt_wrst.gcc_rst.sckt_wr_rst_cc[1]
    SLICE_X6Y38          LUT3 (Prop_F6LUT_SLICEL_I0_O)
                                                      0.040     1.134 f  design_1_i/ps8_0_axi_periph/s00_couplers/auto_ds/inst/gen_downsizer.gen_simple_downsizer.axi_downsizer_inst/USE_WRITE.write_addr_inst/USE_B_CHANNEL.cmd_b_queue/inst/fifo_gen_inst/inst_fifo_gen/gconvfifo.rf/grf.rf/rstblk/gpregsm1.curr_fwft_state[1]_i_2/O
                         net (fo=32, routed)          0.085     1.219    design_1_i/ps8_0_axi_periph/s00_couplers/auto_ds/inst/gen_downsizer.gen_simple_downsizer.axi_downsizer_inst/USE_WRITE.write_addr_inst/USE_B_CHANNEL.cmd_b_queue/inst/fifo_gen_inst/inst_fifo_gen/gconvfifo.rf/grf.rf/gntv_or_sync_fifo.gl0.rd/grss.rsts/ram_empty_i_reg_1
    SLICE_X5Y38          FDPE                                         f  design_1_i/ps8_0_axi_periph/s00_couplers/auto_ds/inst/gen_downsizer.gen_simple_downsizer.axi_downsizer_inst/USE_WRITE.write_addr_inst/USE_B_CHANNEL.cmd_b_queue/inst/fifo_gen_inst/inst_fifo_gen/gconvfifo.rf/grf.rf/gntv_or_sync_fifo.gl0.rd/grss.rsts/ram_empty_fb_i_reg/PRE
  -------------------------------------------------------------------    -------------------

                         (clock clk_pl_0 rise edge)
                                                      0.000     0.000 r  
    PS8_X0Y0             PS8                          0.000     0.000 r  design_1_i/zynq_ultra_ps_e_0/inst/PS8_i/PLCLK[0]
                         net (fo=1, routed)           0.120     0.120    design_1_i/zynq_ultra_ps_e_0/inst/pl_clk_unbuffered[0]
    BUFG_PS_X0Y58        BUFG_PS (Prop_BUFG_PS_I_O)
                                                      0.018     0.138 r  design_1_i/zynq_ultra_ps_e_0/inst/buffer_pl_clk_0.PL_CLK_0_BUFG/O
    X0Y1 (CLOCK_ROOT)    net (fo=15423, routed)       1.022     1.160    design_1_i/ps8_0_axi_periph/s00_couplers/auto_ds/inst/gen_downsizer.gen_simple_downsizer.axi_downsizer_inst/USE_WRITE.write_addr_inst/USE_B_CHANNEL.cmd_b_queue/inst/fifo_gen_inst/inst_fifo_gen/gconvfifo.rf/grf.rf/gntv_or_sync_fifo.gl0.rd/grss.rsts/clk
    SLICE_X5Y38          FDPE                                         r  design_1_i/ps8_0_axi_periph/s00_couplers/auto_ds/inst/gen_downsizer.gen_simple_downsizer.axi_downsizer_inst/USE_WRITE.write_addr_inst/USE_B_CHANNEL.cmd_b_queue/inst/fifo_gen_inst/inst_fifo_gen/gconvfifo.rf/grf.rf/gntv_or_sync_fifo.gl0.rd/grss.rsts/ram_empty_fb_i_reg/C
                         clock pessimism             -0.104     1.056    
    SLICE_X5Y38          FDPE (Remov_AFF_SLICEM_C_PRE)
                                                     -0.020     1.036    design_1_i/ps8_0_axi_periph/s00_couplers/auto_ds/inst/gen_downsizer.gen_simple_downsizer.axi_downsizer_inst/USE_WRITE.write_addr_inst/USE_B_CHANNEL.cmd_b_queue/inst/fifo_gen_inst/inst_fifo_gen/gconvfifo.rf/grf.rf/gntv_or_sync_fifo.gl0.rd/grss.rsts/ram_empty_fb_i_reg
  -------------------------------------------------------------------
                         required time                         -1.036    
                         arrival time                           1.219    
  -------------------------------------------------------------------
                         slack                                  0.184    

Slack (MET) :             0.184ns  (arrival time - required time)
  Source:                 design_1_i/ps8_0_axi_periph/s00_couplers/auto_ds/inst/gen_downsizer.gen_simple_downsizer.axi_downsizer_inst/USE_WRITE.write_addr_inst/USE_B_CHANNEL.cmd_b_queue/inst/fifo_gen_inst/inst_fifo_gen/gconvfifo.rf/grf.rf/rstblk/ngwrdrst.grst.g7serrst.gnsckt_wrst.gcc_rst.sckt_wr_rst_cc_reg[1]/C
                            (rising edge-triggered cell FDRE clocked by clk_pl_0  {rise@0.000ns fall@5.000ns period=10.000ns})
  Destination:            design_1_i/ps8_0_axi_periph/s00_couplers/auto_ds/inst/gen_downsizer.gen_simple_downsizer.axi_downsizer_inst/USE_WRITE.write_addr_inst/USE_B_CHANNEL.cmd_b_queue/inst/fifo_gen_inst/inst_fifo_gen/gconvfifo.rf/grf.rf/gntv_or_sync_fifo.gl0.rd/grss.rsts/ram_empty_i_reg/PRE
                            (removal check against rising-edge clock clk_pl_0  {rise@0.000ns fall@5.000ns period=10.000ns})
  Path Group:             **async_default**
  Path Type:              Removal (Min at Fast Process Corner)
  Requirement:            0.000ns  (clk_pl_0 rise@0.000ns - clk_pl_0 rise@0.000ns)
  Data Path Delay:        0.219ns  (logic 0.080ns (36.507%)  route 0.139ns (63.493%))
  Logic Levels:           1  (LUT3=1)
  Clock Path Skew:        0.056ns (DCD - SCD - CPR)
    Destination Clock Delay (DCD):    1.160ns
    Source Clock Delay      (SCD):    1.000ns
    Clock Pessimism Removal (CPR):    0.104ns
  Clock Net Delay (Source):      0.889ns (routing 0.324ns, distribution 0.565ns)
  Clock Net Delay (Destination): 1.022ns (routing 0.365ns, distribution 0.657ns)

    Location             Delay type                Incr(ns)  Path(ns)    Netlist Resource(s)
  -------------------------------------------------------------------    -------------------
                         (clock clk_pl_0 rise edge)
                                                      0.000     0.000 r  
    PS8_X0Y0             PS8                          0.000     0.000 r  design_1_i/zynq_ultra_ps_e_0/inst/PS8_i/PLCLK[0]
                         net (fo=1, routed)           0.094     0.094    design_1_i/zynq_ultra_ps_e_0/inst/pl_clk_unbuffered[0]
    BUFG_PS_X0Y58        BUFG_PS (Prop_BUFG_PS_I_O)
                                                      0.017     0.111 r  design_1_i/zynq_ultra_ps_e_0/inst/buffer_pl_clk_0.PL_CLK_0_BUFG/O
    X0Y1 (CLOCK_ROOT)    net (fo=15423, routed)       0.889     1.000    design_1_i/ps8_0_axi_periph/s00_couplers/auto_ds/inst/gen_downsizer.gen_simple_downsizer.axi_downsizer_inst/USE_WRITE.write_addr_inst/USE_B_CHANNEL.cmd_b_queue/inst/fifo_gen_inst/inst_fifo_gen/gconvfifo.rf/grf.rf/rstblk/clk
    SLICE_X7Y38          FDRE                                         r  design_1_i/ps8_0_axi_periph/s00_couplers/auto_ds/inst/gen_downsizer.gen_simple_downsizer.axi_downsizer_inst/USE_WRITE.write_addr_inst/USE_B_CHANNEL.cmd_b_queue/inst/fifo_gen_inst/inst_fifo_gen/gconvfifo.rf/grf.rf/rstblk/ngwrdrst.grst.g7serrst.gnsckt_wrst.gcc_rst.sckt_wr_rst_cc_reg[1]/C
  -------------------------------------------------------------------    -------------------
    SLICE_X7Y38          FDRE (Prop_CFF2_SLICEL_C_Q)
                                                      0.040     1.040 f  design_1_i/ps8_0_axi_periph/s00_couplers/auto_ds/inst/gen_downsizer.gen_simple_downsizer.axi_downsizer_inst/USE_WRITE.write_addr_inst/USE_B_CHANNEL.cmd_b_queue/inst/fifo_gen_inst/inst_fifo_gen/gconvfifo.rf/grf.rf/rstblk/ngwrdrst.grst.g7serrst.gnsckt_wrst.gcc_rst.sckt_wr_rst_cc_reg[1]/Q
                         net (fo=2, routed)           0.054     1.094    design_1_i/ps8_0_axi_periph/s00_couplers/auto_ds/inst/gen_downsizer.gen_simple_downsizer.axi_downsizer_inst/USE_WRITE.write_addr_inst/USE_B_CHANNEL.cmd_b_queue/inst/fifo_gen_inst/inst_fifo_gen/gconvfifo.rf/grf.rf/rstblk/ngwrdrst.grst.g7serrst.gnsckt_wrst.gcc_rst.sckt_wr_rst_cc[1]
    SLICE_X6Y38          LUT3 (Prop_F6LUT_SLICEL_I0_O)
                                                      0.040     1.134 f  design_1_i/ps8_0_axi_periph/s00_couplers/auto_ds/inst/gen_downsizer.gen_simple_downsizer.axi_downsizer_inst/USE_WRITE.write_addr_inst/USE_B_CHANNEL.cmd_b_queue/inst/fifo_gen_inst/inst_fifo_gen/gconvfifo.rf/grf.rf/rstblk/gpregsm1.curr_fwft_state[1]_i_2/O
                         net (fo=32, routed)          0.085     1.219    design_1_i/ps8_0_axi_periph/s00_couplers/auto_ds/inst/gen_downsizer.gen_simple_downsizer.axi_downsizer_inst/USE_WRITE.write_addr_inst/USE_B_CHANNEL.cmd_b_queue/inst/fifo_gen_inst/inst_fifo_gen/gconvfifo.rf/grf.rf/gntv_or_sync_fifo.gl0.rd/grss.rsts/ram_empty_i_reg_1
    SLICE_X5Y38          FDPE                                         f  design_1_i/ps8_0_axi_periph/s00_couplers/auto_ds/inst/gen_downsizer.gen_simple_downsizer.axi_downsizer_inst/USE_WRITE.write_addr_inst/USE_B_CHANNEL.cmd_b_queue/inst/fifo_gen_inst/inst_fifo_gen/gconvfifo.rf/grf.rf/gntv_or_sync_fifo.gl0.rd/grss.rsts/ram_empty_i_reg/PRE
  -------------------------------------------------------------------    -------------------

                         (clock clk_pl_0 rise edge)
                                                      0.000     0.000 r  
    PS8_X0Y0             PS8                          0.000     0.000 r  design_1_i/zynq_ultra_ps_e_0/inst/PS8_i/PLCLK[0]
                         net (fo=1, routed)           0.120     0.120    design_1_i/zynq_ultra_ps_e_0/inst/pl_clk_unbuffered[0]
    BUFG_PS_X0Y58        BUFG_PS (Prop_BUFG_PS_I_O)
                                                      0.018     0.138 r  design_1_i/zynq_ultra_ps_e_0/inst/buffer_pl_clk_0.PL_CLK_0_BUFG/O
    X0Y1 (CLOCK_ROOT)    net (fo=15423, routed)       1.022     1.160    design_1_i/ps8_0_axi_periph/s00_couplers/auto_ds/inst/gen_downsizer.gen_simple_downsizer.axi_downsizer_inst/USE_WRITE.write_addr_inst/USE_B_CHANNEL.cmd_b_queue/inst/fifo_gen_inst/inst_fifo_gen/gconvfifo.rf/grf.rf/gntv_or_sync_fifo.gl0.rd/grss.rsts/clk
    SLICE_X5Y38          FDPE                                         r  design_1_i/ps8_0_axi_periph/s00_couplers/auto_ds/inst/gen_downsizer.gen_simple_downsizer.axi_downsizer_inst/USE_WRITE.write_addr_inst/USE_B_CHANNEL.cmd_b_queue/inst/fifo_gen_inst/inst_fifo_gen/gconvfifo.rf/grf.rf/gntv_or_sync_fifo.gl0.rd/grss.rsts/ram_empty_i_reg/C
                         clock pessimism             -0.104     1.056    
    SLICE_X5Y38          FDPE (Remov_AFF2_SLICEM_C_PRE)
                                                     -0.020     1.036    design_1_i/ps8_0_axi_periph/s00_couplers/auto_ds/inst/gen_downsizer.gen_simple_downsizer.axi_downsizer_inst/USE_WRITE.write_addr_inst/USE_B_CHANNEL.cmd_b_queue/inst/fifo_gen_inst/inst_fifo_gen/gconvfifo.rf/grf.rf/gntv_or_sync_fifo.gl0.rd/grss.rsts/ram_empty_i_reg
  -------------------------------------------------------------------
                         required time                         -1.036    
                         arrival time                           1.219    
  -------------------------------------------------------------------
                         slack                                  0.184    

Slack (MET) :             0.184ns  (arrival time - required time)
  Source:                 design_1_i/ps8_0_axi_periph/s00_couplers/auto_ds/inst/gen_downsizer.gen_simple_downsizer.axi_downsizer_inst/USE_WRITE.write_addr_inst/USE_B_CHANNEL.cmd_b_queue/inst/fifo_gen_inst/inst_fifo_gen/gconvfifo.rf/grf.rf/rstblk/ngwrdrst.grst.g7serrst.gnsckt_wrst.gcc_rst.sckt_wr_rst_cc_reg[1]/C
                            (rising edge-triggered cell FDRE clocked by clk_pl_0  {rise@0.000ns fall@5.000ns period=10.000ns})
  Destination:            design_1_i/ps8_0_axi_periph/s00_couplers/auto_ds/inst/gen_downsizer.gen_simple_downsizer.axi_downsizer_inst/USE_WRITE.write_addr_inst/USE_B_CHANNEL.cmd_b_queue/inst/fifo_gen_inst/inst_fifo_gen/gconvfifo.rf/grf.rf/gntv_or_sync_fifo.gl0.wr/gwss.wsts/ram_full_fb_i_reg/CLR
                            (removal check against rising-edge clock clk_pl_0  {rise@0.000ns fall@5.000ns period=10.000ns})
  Path Group:             **async_default**
  Path Type:              Removal (Min at Fast Process Corner)
  Requirement:            0.000ns  (clk_pl_0 rise@0.000ns - clk_pl_0 rise@0.000ns)
  Data Path Delay:        0.219ns  (logic 0.080ns (36.507%)  route 0.139ns (63.493%))
  Logic Levels:           1  (LUT3=1)
  Clock Path Skew:        0.056ns (DCD - SCD - CPR)
    Destination Clock Delay (DCD):    1.160ns
    Source Clock Delay      (SCD):    1.000ns
    Clock Pessimism Removal (CPR):    0.104ns
  Clock Net Delay (Source):      0.889ns (routing 0.324ns, distribution 0.565ns)
  Clock Net Delay (Destination): 1.022ns (routing 0.365ns, distribution 0.657ns)

    Location             Delay type                Incr(ns)  Path(ns)    Netlist Resource(s)
  -------------------------------------------------------------------    -------------------
                         (clock clk_pl_0 rise edge)
                                                      0.000     0.000 r  
    PS8_X0Y0             PS8                          0.000     0.000 r  design_1_i/zynq_ultra_ps_e_0/inst/PS8_i/PLCLK[0]
                         net (fo=1, routed)           0.094     0.094    design_1_i/zynq_ultra_ps_e_0/inst/pl_clk_unbuffered[0]
    BUFG_PS_X0Y58        BUFG_PS (Prop_BUFG_PS_I_O)
                                                      0.017     0.111 r  design_1_i/zynq_ultra_ps_e_0/inst/buffer_pl_clk_0.PL_CLK_0_BUFG/O
    X0Y1 (CLOCK_ROOT)    net (fo=15423, routed)       0.889     1.000    design_1_i/ps8_0_axi_periph/s00_couplers/auto_ds/inst/gen_downsizer.gen_simple_downsizer.axi_downsizer_inst/USE_WRITE.write_addr_inst/USE_B_CHANNEL.cmd_b_queue/inst/fifo_gen_inst/inst_fifo_gen/gconvfifo.rf/grf.rf/rstblk/clk
    SLICE_X7Y38          FDRE                                         r  design_1_i/ps8_0_axi_periph/s00_couplers/auto_ds/inst/gen_downsizer.gen_simple_downsizer.axi_downsizer_inst/USE_WRITE.write_addr_inst/USE_B_CHANNEL.cmd_b_queue/inst/fifo_gen_inst/inst_fifo_gen/gconvfifo.rf/grf.rf/rstblk/ngwrdrst.grst.g7serrst.gnsckt_wrst.gcc_rst.sckt_wr_rst_cc_reg[1]/C
  -------------------------------------------------------------------    -------------------
    SLICE_X7Y38          FDRE (Prop_CFF2_SLICEL_C_Q)
                                                      0.040     1.040 f  design_1_i/ps8_0_axi_periph/s00_couplers/auto_ds/inst/gen_downsizer.gen_simple_downsizer.axi_downsizer_inst/USE_WRITE.write_addr_inst/USE_B_CHANNEL.cmd_b_queue/inst/fifo_gen_inst/inst_fifo_gen/gconvfifo.rf/grf.rf/rstblk/ngwrdrst.grst.g7serrst.gnsckt_wrst.gcc_rst.sckt_wr_rst_cc_reg[1]/Q
                         net (fo=2, routed)           0.054     1.094    design_1_i/ps8_0_axi_periph/s00_couplers/auto_ds/inst/gen_downsizer.gen_simple_downsizer.axi_downsizer_inst/USE_WRITE.write_addr_inst/USE_B_CHANNEL.cmd_b_queue/inst/fifo_gen_inst/inst_fifo_gen/gconvfifo.rf/grf.rf/rstblk/ngwrdrst.grst.g7serrst.gnsckt_wrst.gcc_rst.sckt_wr_rst_cc[1]
    SLICE_X6Y38          LUT3 (Prop_F6LUT_SLICEL_I0_O)
                                                      0.040     1.134 f  design_1_i/ps8_0_axi_periph/s00_couplers/auto_ds/inst/gen_downsizer.gen_simple_downsizer.axi_downsizer_inst/USE_WRITE.write_addr_inst/USE_B_CHANNEL.cmd_b_queue/inst/fifo_gen_inst/inst_fifo_gen/gconvfifo.rf/grf.rf/rstblk/gpregsm1.curr_fwft_state[1]_i_2/O
                         net (fo=32, routed)          0.085     1.219    design_1_i/ps8_0_axi_periph/s00_couplers/auto_ds/inst/gen_downsizer.gen_simple_downsizer.axi_downsizer_inst/USE_WRITE.write_addr_inst/USE_B_CHANNEL.cmd_b_queue/inst/fifo_gen_inst/inst_fifo_gen/gconvfifo.rf/grf.rf/gntv_or_sync_fifo.gl0.wr/gwss.wsts/AR[0]
    SLICE_X5Y38          FDCE                                         f  design_1_i/ps8_0_axi_periph/s00_couplers/auto_ds/inst/gen_downsizer.gen_simple_downsizer.axi_downsizer_inst/USE_WRITE.write_addr_inst/USE_B_CHANNEL.cmd_b_queue/inst/fifo_gen_inst/inst_fifo_gen/gconvfifo.rf/grf.rf/gntv_or_sync_fifo.gl0.wr/gwss.wsts/ram_full_fb_i_reg/CLR
  -------------------------------------------------------------------    -------------------

                         (clock clk_pl_0 rise edge)
                                                      0.000     0.000 r  
    PS8_X0Y0             PS8                          0.000     0.000 r  design_1_i/zynq_ultra_ps_e_0/inst/PS8_i/PLCLK[0]
                         net (fo=1, routed)           0.120     0.120    design_1_i/zynq_ultra_ps_e_0/inst/pl_clk_unbuffered[0]
    BUFG_PS_X0Y58        BUFG_PS (Prop_BUFG_PS_I_O)
                                                      0.018     0.138 r  design_1_i/zynq_ultra_ps_e_0/inst/buffer_pl_clk_0.PL_CLK_0_BUFG/O
    X0Y1 (CLOCK_ROOT)    net (fo=15423, routed)       1.022     1.160    design_1_i/ps8_0_axi_periph/s00_couplers/auto_ds/inst/gen_downsizer.gen_simple_downsizer.axi_downsizer_inst/USE_WRITE.write_addr_inst/USE_B_CHANNEL.cmd_b_queue/inst/fifo_gen_inst/inst_fifo_gen/gconvfifo.rf/grf.rf/gntv_or_sync_fifo.gl0.wr/gwss.wsts/clk
    SLICE_X5Y38          FDCE                                         r  design_1_i/ps8_0_axi_periph/s00_couplers/auto_ds/inst/gen_downsizer.gen_simple_downsizer.axi_downsizer_inst/USE_WRITE.write_addr_inst/USE_B_CHANNEL.cmd_b_queue/inst/fifo_gen_inst/inst_fifo_gen/gconvfifo.rf/grf.rf/gntv_or_sync_fifo.gl0.wr/gwss.wsts/ram_full_fb_i_reg/C
                         clock pessimism             -0.104     1.056    
    SLICE_X5Y38          FDCE (Remov_BFF_SLICEM_C_CLR)
                                                     -0.020     1.036    design_1_i/ps8_0_axi_periph/s00_couplers/auto_ds/inst/gen_downsizer.gen_simple_downsizer.axi_downsizer_inst/USE_WRITE.write_addr_inst/USE_B_CHANNEL.cmd_b_queue/inst/fifo_gen_inst/inst_fifo_gen/gconvfifo.rf/grf.rf/gntv_or_sync_fifo.gl0.wr/gwss.wsts/ram_full_fb_i_reg
  -------------------------------------------------------------------
                         required time                         -1.036    
                         arrival time                           1.219    
  -------------------------------------------------------------------
                         slack                                  0.184    

Slack (MET) :             0.184ns  (arrival time - required time)
  Source:                 design_1_i/ps8_0_axi_periph/s00_couplers/auto_ds/inst/gen_downsizer.gen_simple_downsizer.axi_downsizer_inst/USE_WRITE.write_addr_inst/USE_B_CHANNEL.cmd_b_queue/inst/fifo_gen_inst/inst_fifo_gen/gconvfifo.rf/grf.rf/rstblk/ngwrdrst.grst.g7serrst.gnsckt_wrst.gcc_rst.sckt_wr_rst_cc_reg[1]/C
                            (rising edge-triggered cell FDRE clocked by clk_pl_0  {rise@0.000ns fall@5.000ns period=10.000ns})
  Destination:            design_1_i/ps8_0_axi_periph/s00_couplers/auto_ds/inst/gen_downsizer.gen_simple_downsizer.axi_downsizer_inst/USE_WRITE.write_addr_inst/USE_B_CHANNEL.cmd_b_queue/inst/fifo_gen_inst/inst_fifo_gen/gconvfifo.rf/grf.rf/gntv_or_sync_fifo.gl0.wr/gwss.wsts/ram_full_i_reg/CLR
                            (removal check against rising-edge clock clk_pl_0  {rise@0.000ns fall@5.000ns period=10.000ns})
  Path Group:             **async_default**
  Path Type:              Removal (Min at Fast Process Corner)
  Requirement:            0.000ns  (clk_pl_0 rise@0.000ns - clk_pl_0 rise@0.000ns)
  Data Path Delay:        0.219ns  (logic 0.080ns (36.507%)  route 0.139ns (63.493%))
  Logic Levels:           1  (LUT3=1)
  Clock Path Skew:        0.056ns (DCD - SCD - CPR)
    Destination Clock Delay (DCD):    1.160ns
    Source Clock Delay      (SCD):    1.000ns
    Clock Pessimism Removal (CPR):    0.104ns
  Clock Net Delay (Source):      0.889ns (routing 0.324ns, distribution 0.565ns)
  Clock Net Delay (Destination): 1.022ns (routing 0.365ns, distribution 0.657ns)

    Location             Delay type                Incr(ns)  Path(ns)    Netlist Resource(s)
  -------------------------------------------------------------------    -------------------
                         (clock clk_pl_0 rise edge)
                                                      0.000     0.000 r  
    PS8_X0Y0             PS8                          0.000     0.000 r  design_1_i/zynq_ultra_ps_e_0/inst/PS8_i/PLCLK[0]
                         net (fo=1, routed)           0.094     0.094    design_1_i/zynq_ultra_ps_e_0/inst/pl_clk_unbuffered[0]
    BUFG_PS_X0Y58        BUFG_PS (Prop_BUFG_PS_I_O)
                                                      0.017     0.111 r  design_1_i/zynq_ultra_ps_e_0/inst/buffer_pl_clk_0.PL_CLK_0_BUFG/O
    X0Y1 (CLOCK_ROOT)    net (fo=15423, routed)       0.889     1.000    design_1_i/ps8_0_axi_periph/s00_couplers/auto_ds/inst/gen_downsizer.gen_simple_downsizer.axi_downsizer_inst/USE_WRITE.write_addr_inst/USE_B_CHANNEL.cmd_b_queue/inst/fifo_gen_inst/inst_fifo_gen/gconvfifo.rf/grf.rf/rstblk/clk
    SLICE_X7Y38          FDRE                                         r  design_1_i/ps8_0_axi_periph/s00_couplers/auto_ds/inst/gen_downsizer.gen_simple_downsizer.axi_downsizer_inst/USE_WRITE.write_addr_inst/USE_B_CHANNEL.cmd_b_queue/inst/fifo_gen_inst/inst_fifo_gen/gconvfifo.rf/grf.rf/rstblk/ngwrdrst.grst.g7serrst.gnsckt_wrst.gcc_rst.sckt_wr_rst_cc_reg[1]/C
  -------------------------------------------------------------------    -------------------
    SLICE_X7Y38          FDRE (Prop_CFF2_SLICEL_C_Q)
                                                      0.040     1.040 f  design_1_i/ps8_0_axi_periph/s00_couplers/auto_ds/inst/gen_downsizer.gen_simple_downsizer.axi_downsizer_inst/USE_WRITE.write_addr_inst/USE_B_CHANNEL.cmd_b_queue/inst/fifo_gen_inst/inst_fifo_gen/gconvfifo.rf/grf.rf/rstblk/ngwrdrst.grst.g7serrst.gnsckt_wrst.gcc_rst.sckt_wr_rst_cc_reg[1]/Q
                         net (fo=2, routed)           0.054     1.094    design_1_i/ps8_0_axi_periph/s00_couplers/auto_ds/inst/gen_downsizer.gen_simple_downsizer.axi_downsizer_inst/USE_WRITE.write_addr_inst/USE_B_CHANNEL.cmd_b_queue/inst/fifo_gen_inst/inst_fifo_gen/gconvfifo.rf/grf.rf/rstblk/ngwrdrst.grst.g7serrst.gnsckt_wrst.gcc_rst.sckt_wr_rst_cc[1]
    SLICE_X6Y38          LUT3 (Prop_F6LUT_SLICEL_I0_O)
                                                      0.040     1.134 f  design_1_i/ps8_0_axi_periph/s00_couplers/auto_ds/inst/gen_downsizer.gen_simple_downsizer.axi_downsizer_inst/USE_WRITE.write_addr_inst/USE_B_CHANNEL.cmd_b_queue/inst/fifo_gen_inst/inst_fifo_gen/gconvfifo.rf/grf.rf/rstblk/gpregsm1.curr_fwft_state[1]_i_2/O
                         net (fo=32, routed)          0.085     1.219    design_1_i/ps8_0_axi_periph/s00_couplers/auto_ds/inst/gen_downsizer.gen_simple_downsizer.axi_downsizer_inst/USE_WRITE.write_addr_inst/USE_B_CHANNEL.cmd_b_queue/inst/fifo_gen_inst/inst_fifo_gen/gconvfifo.rf/grf.rf/gntv_or_sync_fifo.gl0.wr/gwss.wsts/AR[0]
    SLICE_X5Y38          FDCE                                         f  design_1_i/ps8_0_axi_periph/s00_couplers/auto_ds/inst/gen_downsizer.gen_simple_downsizer.axi_downsizer_inst/USE_WRITE.write_addr_inst/USE_B_CHANNEL.cmd_b_queue/inst/fifo_gen_inst/inst_fifo_gen/gconvfifo.rf/grf.rf/gntv_or_sync_fifo.gl0.wr/gwss.wsts/ram_full_i_reg/CLR
  -------------------------------------------------------------------    -------------------

                         (clock clk_pl_0 rise edge)
                                                      0.000     0.000 r  
    PS8_X0Y0             PS8                          0.000     0.000 r  design_1_i/zynq_ultra_ps_e_0/inst/PS8_i/PLCLK[0]
                         net (fo=1, routed)           0.120     0.120    design_1_i/zynq_ultra_ps_e_0/inst/pl_clk_unbuffered[0]
    BUFG_PS_X0Y58        BUFG_PS (Prop_BUFG_PS_I_O)
                                                      0.018     0.138 r  design_1_i/zynq_ultra_ps_e_0/inst/buffer_pl_clk_0.PL_CLK_0_BUFG/O
    X0Y1 (CLOCK_ROOT)    net (fo=15423, routed)       1.022     1.160    design_1_i/ps8_0_axi_periph/s00_couplers/auto_ds/inst/gen_downsizer.gen_simple_downsizer.axi_downsizer_inst/USE_WRITE.write_addr_inst/USE_B_CHANNEL.cmd_b_queue/inst/fifo_gen_inst/inst_fifo_gen/gconvfifo.rf/grf.rf/gntv_or_sync_fifo.gl0.wr/gwss.wsts/clk
    SLICE_X5Y38          FDCE                                         r  design_1_i/ps8_0_axi_periph/s00_couplers/auto_ds/inst/gen_downsizer.gen_simple_downsizer.axi_downsizer_inst/USE_WRITE.write_addr_inst/USE_B_CHANNEL.cmd_b_queue/inst/fifo_gen_inst/inst_fifo_gen/gconvfifo.rf/grf.rf/gntv_or_sync_fifo.gl0.wr/gwss.wsts/ram_full_i_reg/C
                         clock pessimism             -0.104     1.056    
    SLICE_X5Y38          FDCE (Remov_BFF2_SLICEM_C_CLR)
                                                     -0.020     1.036    design_1_i/ps8_0_axi_periph/s00_couplers/auto_ds/inst/gen_downsizer.gen_simple_downsizer.axi_downsizer_inst/USE_WRITE.write_addr_inst/USE_B_CHANNEL.cmd_b_queue/inst/fifo_gen_inst/inst_fifo_gen/gconvfifo.rf/grf.rf/gntv_or_sync_fifo.gl0.wr/gwss.wsts/ram_full_i_reg
  -------------------------------------------------------------------
                         required time                         -1.036    
                         arrival time                           1.219    
  -------------------------------------------------------------------
                         slack                                  0.184    





--------------------------------------------------------------------------------------
Path Group:  (none)
From Clock:  
  To Clock:  clk_pl_0

Max Delay             1 Endpoint
Min Delay             1 Endpoint
--------------------------------------------------------------------------------------


Max Delay Paths
--------------------------------------------------------------------------------------
Slack:                    inf
  Source:                 design_1_i/zynq_ultra_ps_e_0/inst/PS8_i/EMIOGPIOO[95]
                            (internal pin)
  Destination:            design_1_i/rst_ps8_0_100M/U0/EXT_LPF/ACTIVE_LOW_EXT.ACT_LO_EXT/GENERATE_LEVEL_P_S_CDC.SINGLE_BIT.CROSS_PLEVEL_IN2SCNDRY_IN_cdc_to/D
                            (rising edge-triggered cell FDRE clocked by clk_pl_0  {rise@0.000ns fall@5.000ns period=10.000ns})
  Path Group:             (none)
  Path Type:              Setup (Max at Slow Process Corner)
  Data Path Delay:        1.517ns  (logic 0.182ns (11.997%)  route 1.335ns (88.003%))
  Logic Levels:           1  (LUT1=1)
  Clock Uncertainty:      0.174ns  ((TSJ^2 + DJ^2)^1/2) / 2 + PE
    Total System Jitter     (TSJ):    0.050ns
    Discrete Jitter          (DJ):    0.344ns
    Phase Error              (PE):    0.000ns
  Clock Net Delay (Destination): 1.518ns (routing 0.576ns, distribution 0.942ns)
  Timing Exception:       False Path

    Location             Delay type                Incr(ns)  Path(ns)    Netlist Resource(s)
  -------------------------------------------------------------------    -------------------
    PS8_X0Y0             PS8                          0.000     0.000 f  design_1_i/zynq_ultra_ps_e_0/inst/PS8_i/EMIOGPIOO[95]
                         net (fo=1, routed)           1.015     1.015    design_1_i/rst_ps8_0_100M/U0/EXT_LPF/ACTIVE_LOW_EXT.ACT_LO_EXT/ext_reset_in
    SLICE_X1Y96          LUT1 (Prop_H6LUT_SLICEM_I0_O)
                                                      0.182     1.197 r  design_1_i/rst_ps8_0_100M/U0/EXT_LPF/ACTIVE_LOW_EXT.ACT_LO_EXT/GENERATE_LEVEL_P_S_CDC.SINGLE_BIT.CROSS_PLEVEL_IN2SCNDRY_IN_cdc_to_i_1/O
                         net (fo=1, routed)           0.320     1.517    design_1_i/rst_ps8_0_100M/U0/EXT_LPF/ACTIVE_LOW_EXT.ACT_LO_EXT/exr_d1
    SLICE_X1Y96          FDRE                                         r  design_1_i/rst_ps8_0_100M/U0/EXT_LPF/ACTIVE_LOW_EXT.ACT_LO_EXT/GENERATE_LEVEL_P_S_CDC.SINGLE_BIT.CROSS_PLEVEL_IN2SCNDRY_IN_cdc_to/D
  -------------------------------------------------------------------    -------------------

                         (clock clk_pl_0 rise edge)
                                                      0.000     0.000 r  
    PS8_X0Y0             PS8                          0.000     0.000 r  design_1_i/zynq_ultra_ps_e_0/inst/PS8_i/PLCLK[0]
                         net (fo=1, routed)           0.140     0.140    design_1_i/zynq_ultra_ps_e_0/inst/pl_clk_unbuffered[0]
    BUFG_PS_X0Y58        BUFG_PS (Prop_BUFG_PS_I_O)
                                                      0.027     0.167 r  design_1_i/zynq_ultra_ps_e_0/inst/buffer_pl_clk_0.PL_CLK_0_BUFG/O
    X0Y1 (CLOCK_ROOT)    net (fo=15423, routed)       1.518     1.685    design_1_i/rst_ps8_0_100M/U0/EXT_LPF/ACTIVE_LOW_EXT.ACT_LO_EXT/slowest_sync_clk
    SLICE_X1Y96          FDRE                                         r  design_1_i/rst_ps8_0_100M/U0/EXT_LPF/ACTIVE_LOW_EXT.ACT_LO_EXT/GENERATE_LEVEL_P_S_CDC.SINGLE_BIT.CROSS_PLEVEL_IN2SCNDRY_IN_cdc_to/C





Min Delay Paths
--------------------------------------------------------------------------------------
Slack:                    inf
  Source:                 design_1_i/zynq_ultra_ps_e_0/inst/PS8_i/EMIOGPIOO[95]
                            (internal pin)
  Destination:            design_1_i/rst_ps8_0_100M/U0/EXT_LPF/ACTIVE_LOW_EXT.ACT_LO_EXT/GENERATE_LEVEL_P_S_CDC.SINGLE_BIT.CROSS_PLEVEL_IN2SCNDRY_IN_cdc_to/D
                            (rising edge-triggered cell FDRE clocked by clk_pl_0  {rise@0.000ns fall@5.000ns period=10.000ns})
  Path Group:             (none)
  Path Type:              Hold (Min at Fast Process Corner)
  Data Path Delay:        0.648ns  (logic 0.061ns (9.414%)  route 0.587ns (90.586%))
  Logic Levels:           1  (LUT1=1)
  Clock Uncertainty:      0.174ns  ((TSJ^2 + DJ^2)^1/2) / 2 + PE
    Total System Jitter     (TSJ):    0.050ns
    Discrete Jitter          (DJ):    0.344ns
    Phase Error              (PE):    0.000ns
  Clock Net Delay (Destination): 0.993ns (routing 0.365ns, distribution 0.628ns)
  Timing Exception:       False Path

    Location             Delay type                Incr(ns)  Path(ns)    Netlist Resource(s)
  -------------------------------------------------------------------    -------------------
    PS8_X0Y0             PS8                          0.000     0.000 f  design_1_i/zynq_ultra_ps_e_0/inst/PS8_i/EMIOGPIOO[95]
                         net (fo=1, routed)           0.472     0.472    design_1_i/rst_ps8_0_100M/U0/EXT_LPF/ACTIVE_LOW_EXT.ACT_LO_EXT/ext_reset_in
    SLICE_X1Y96          LUT1 (Prop_H6LUT_SLICEM_I0_O)
                                                      0.061     0.533 r  design_1_i/rst_ps8_0_100M/U0/EXT_LPF/ACTIVE_LOW_EXT.ACT_LO_EXT/GENERATE_LEVEL_P_S_CDC.SINGLE_BIT.CROSS_PLEVEL_IN2SCNDRY_IN_cdc_to_i_1/O
                         net (fo=1, routed)           0.115     0.648    design_1_i/rst_ps8_0_100M/U0/EXT_LPF/ACTIVE_LOW_EXT.ACT_LO_EXT/exr_d1
    SLICE_X1Y96          FDRE                                         r  design_1_i/rst_ps8_0_100M/U0/EXT_LPF/ACTIVE_LOW_EXT.ACT_LO_EXT/GENERATE_LEVEL_P_S_CDC.SINGLE_BIT.CROSS_PLEVEL_IN2SCNDRY_IN_cdc_to/D
  -------------------------------------------------------------------    -------------------

                         (clock clk_pl_0 rise edge)
                                                      0.000     0.000 r  
    PS8_X0Y0             PS8                          0.000     0.000 r  design_1_i/zynq_ultra_ps_e_0/inst/PS8_i/PLCLK[0]
                         net (fo=1, routed)           0.120     0.120    design_1_i/zynq_ultra_ps_e_0/inst/pl_clk_unbuffered[0]
    BUFG_PS_X0Y58        BUFG_PS (Prop_BUFG_PS_I_O)
                                                      0.018     0.138 r  design_1_i/zynq_ultra_ps_e_0/inst/buffer_pl_clk_0.PL_CLK_0_BUFG/O
    X0Y1 (CLOCK_ROOT)    net (fo=15423, routed)       0.993     1.131    design_1_i/rst_ps8_0_100M/U0/EXT_LPF/ACTIVE_LOW_EXT.ACT_LO_EXT/slowest_sync_clk
    SLICE_X1Y96          FDRE                                         r  design_1_i/rst_ps8_0_100M/U0/EXT_LPF/ACTIVE_LOW_EXT.ACT_LO_EXT/GENERATE_LEVEL_P_S_CDC.SINGLE_BIT.CROSS_PLEVEL_IN2SCNDRY_IN_cdc_to/C





--------------------------------------------------------------------------------------
Path Group:  (none)
From Clock:  clk_pl_0
  To Clock:  clk_pl_0

Max Delay            25 Endpoints
Min Delay            25 Endpoints
--------------------------------------------------------------------------------------


Max Delay Paths
--------------------------------------------------------------------------------------
Slack:                    inf
  Source:                 design_1_i/rst_ps8_0_100M/U0/ACTIVE_LOW_PR_OUT_DFF[0].FDRE_PER_N/C
                            (rising edge-triggered cell FDRE clocked by clk_pl_0  {rise@0.000ns fall@5.000ns period=10.000ns})
  Destination:            design_1_i/ps8_0_axi_periph/s00_couplers/auto_ds/inst/gen_downsizer.gen_simple_downsizer.axi_downsizer_inst/USE_WRITE.write_addr_inst/cmd_queue/inst/fifo_gen_inst/inst_fifo_gen/gconvfifo.rf/grf.rf/rstblk/ngwrdrst.grst.g7serrst.gnsckt_wrst.rst_wr_reg2_inst/arststages_ff_reg[0]/PRE
                            (recovery check against rising-edge clock clk_pl_0  {rise@0.000ns fall@5.000ns period=10.000ns})
  Path Group:             (none)
  Path Type:              Recovery (Max at Slow Process Corner)
  Data Path Delay:        3.744ns  (logic 0.121ns (3.232%)  route 3.623ns (96.768%))
  Logic Levels:           1  (BUFGCE=1)
  Clock Path Skew:        -0.223ns (DCD - SCD + CPR)
    Destination Clock Delay (DCD):    1.713ns
    Source Clock Delay      (SCD):    1.936ns
    Clock Pessimism Removal (CPR):    0.000ns
  Clock Uncertainty:      0.176ns  ((TSJ^2 + DJ^2)^1/2) / 2 + PE
    Total System Jitter     (TSJ):    0.071ns
    Discrete Jitter          (DJ):    0.344ns
    Phase Error              (PE):    0.000ns
  Clock Net Delay (Source):      1.729ns (routing 0.638ns, distribution 1.091ns)
  Clock Net Delay (Destination): 1.546ns (routing 0.576ns, distribution 0.970ns)
  Timing Exception:       False Path

    Location             Delay type                Incr(ns)  Path(ns)    Netlist Resource(s)
  -------------------------------------------------------------------    -------------------
                         (clock clk_pl_0 rise edge)
                                                      0.000     0.000 r  
    PS8_X0Y0             PS8                          0.000     0.000 r  design_1_i/zynq_ultra_ps_e_0/inst/PS8_i/PLCLK[0]
                         net (fo=1, routed)           0.178     0.178    design_1_i/zynq_ultra_ps_e_0/inst/pl_clk_unbuffered[0]
    BUFG_PS_X0Y58        BUFG_PS (Prop_BUFG_PS_I_O)
                                                      0.029     0.207 r  design_1_i/zynq_ultra_ps_e_0/inst/buffer_pl_clk_0.PL_CLK_0_BUFG/O
    X0Y1 (CLOCK_ROOT)    net (fo=15423, routed)       1.729     1.936    design_1_i/rst_ps8_0_100M/U0/slowest_sync_clk
    SLICE_X1Y94          FDRE                                         r  design_1_i/rst_ps8_0_100M/U0/ACTIVE_LOW_PR_OUT_DFF[0].FDRE_PER_N/C
  -------------------------------------------------------------------    -------------------
    SLICE_X1Y94          FDRE (Prop_EFF_SLICEM_C_Q)
                                                      0.093     2.029 r  design_1_i/rst_ps8_0_100M/U0/ACTIVE_LOW_PR_OUT_DFF[0].FDRE_PER_N/Q
                         net (fo=1, routed)           1.996     4.025    design_1_i/rst_ps8_0_100M/U0/peripheral_aresetn[0]_bufg_place
    BUFGCE_X0Y50         BUFGCE (Prop_BUFCE_BUFGCE_I_O)
                                                      0.028     4.053 r  design_1_i/rst_ps8_0_100M/U0/ACTIVE_LOW_PR_OUT_DFF[0].FDRE_PER_N_bufg_place/O
                         net (fo=1046, routed)        1.627     5.679    design_1_i/ps8_0_axi_periph/s00_couplers/auto_ds/inst/gen_downsizer.gen_simple_downsizer.axi_downsizer_inst/USE_WRITE.write_addr_inst/cmd_queue/inst/fifo_gen_inst/inst_fifo_gen/gconvfifo.rf/grf.rf/rstblk/ngwrdrst.grst.g7serrst.gnsckt_wrst.rst_wr_reg2_inst/src_arst
    SLICE_X1Y39          FDPE                                         f  design_1_i/ps8_0_axi_periph/s00_couplers/auto_ds/inst/gen_downsizer.gen_simple_downsizer.axi_downsizer_inst/USE_WRITE.write_addr_inst/cmd_queue/inst/fifo_gen_inst/inst_fifo_gen/gconvfifo.rf/grf.rf/rstblk/ngwrdrst.grst.g7serrst.gnsckt_wrst.rst_wr_reg2_inst/arststages_ff_reg[0]/PRE  (IS_INVERTED)
  -------------------------------------------------------------------    -------------------

                         (clock clk_pl_0 rise edge)
                                                      0.000     0.000 r  
    PS8_X0Y0             PS8                          0.000     0.000 r  design_1_i/zynq_ultra_ps_e_0/inst/PS8_i/PLCLK[0]
                         net (fo=1, routed)           0.140     0.140    design_1_i/zynq_ultra_ps_e_0/inst/pl_clk_unbuffered[0]
    BUFG_PS_X0Y58        BUFG_PS (Prop_BUFG_PS_I_O)
                                                      0.027     0.167 r  design_1_i/zynq_ultra_ps_e_0/inst/buffer_pl_clk_0.PL_CLK_0_BUFG/O
    X0Y1 (CLOCK_ROOT)    net (fo=15423, routed)       1.546     1.713    design_1_i/ps8_0_axi_periph/s00_couplers/auto_ds/inst/gen_downsizer.gen_simple_downsizer.axi_downsizer_inst/USE_WRITE.write_addr_inst/cmd_queue/inst/fifo_gen_inst/inst_fifo_gen/gconvfifo.rf/grf.rf/rstblk/ngwrdrst.grst.g7serrst.gnsckt_wrst.rst_wr_reg2_inst/dest_clk
    SLICE_X1Y39          FDPE                                         r  design_1_i/ps8_0_axi_periph/s00_couplers/auto_ds/inst/gen_downsizer.gen_simple_downsizer.axi_downsizer_inst/USE_WRITE.write_addr_inst/cmd_queue/inst/fifo_gen_inst/inst_fifo_gen/gconvfifo.rf/grf.rf/rstblk/ngwrdrst.grst.g7serrst.gnsckt_wrst.rst_wr_reg2_inst/arststages_ff_reg[0]/C

Slack:                    inf
  Source:                 design_1_i/rst_ps8_0_100M/U0/ACTIVE_LOW_PR_OUT_DFF[0].FDRE_PER_N/C
                            (rising edge-triggered cell FDRE clocked by clk_pl_0  {rise@0.000ns fall@5.000ns period=10.000ns})
  Destination:            design_1_i/ps8_0_axi_periph/s00_couplers/auto_ds/inst/gen_downsizer.gen_simple_downsizer.axi_downsizer_inst/USE_WRITE.write_addr_inst/cmd_queue/inst/fifo_gen_inst/inst_fifo_gen/gconvfifo.rf/grf.rf/rstblk/ngwrdrst.grst.g7serrst.gnsckt_wrst.rst_wr_reg2_inst/arststages_ff_reg[1]/PRE
                            (recovery check against rising-edge clock clk_pl_0  {rise@0.000ns fall@5.000ns period=10.000ns})
  Path Group:             (none)
  Path Type:              Recovery (Max at Slow Process Corner)
  Data Path Delay:        3.744ns  (logic 0.121ns (3.232%)  route 3.623ns (96.768%))
  Logic Levels:           1  (BUFGCE=1)
  Clock Path Skew:        -0.223ns (DCD - SCD + CPR)
    Destination Clock Delay (DCD):    1.713ns
    Source Clock Delay      (SCD):    1.936ns
    Clock Pessimism Removal (CPR):    0.000ns
  Clock Uncertainty:      0.176ns  ((TSJ^2 + DJ^2)^1/2) / 2 + PE
    Total System Jitter     (TSJ):    0.071ns
    Discrete Jitter          (DJ):    0.344ns
    Phase Error              (PE):    0.000ns
  Clock Net Delay (Source):      1.729ns (routing 0.638ns, distribution 1.091ns)
  Clock Net Delay (Destination): 1.546ns (routing 0.576ns, distribution 0.970ns)
  Timing Exception:       False Path

    Location             Delay type                Incr(ns)  Path(ns)    Netlist Resource(s)
  -------------------------------------------------------------------    -------------------
                         (clock clk_pl_0 rise edge)
                                                      0.000     0.000 r  
    PS8_X0Y0             PS8                          0.000     0.000 r  design_1_i/zynq_ultra_ps_e_0/inst/PS8_i/PLCLK[0]
                         net (fo=1, routed)           0.178     0.178    design_1_i/zynq_ultra_ps_e_0/inst/pl_clk_unbuffered[0]
    BUFG_PS_X0Y58        BUFG_PS (Prop_BUFG_PS_I_O)
                                                      0.029     0.207 r  design_1_i/zynq_ultra_ps_e_0/inst/buffer_pl_clk_0.PL_CLK_0_BUFG/O
    X0Y1 (CLOCK_ROOT)    net (fo=15423, routed)       1.729     1.936    design_1_i/rst_ps8_0_100M/U0/slowest_sync_clk
    SLICE_X1Y94          FDRE                                         r  design_1_i/rst_ps8_0_100M/U0/ACTIVE_LOW_PR_OUT_DFF[0].FDRE_PER_N/C
  -------------------------------------------------------------------    -------------------
    SLICE_X1Y94          FDRE (Prop_EFF_SLICEM_C_Q)
                                                      0.093     2.029 r  design_1_i/rst_ps8_0_100M/U0/ACTIVE_LOW_PR_OUT_DFF[0].FDRE_PER_N/Q
                         net (fo=1, routed)           1.996     4.025    design_1_i/rst_ps8_0_100M/U0/peripheral_aresetn[0]_bufg_place
    BUFGCE_X0Y50         BUFGCE (Prop_BUFCE_BUFGCE_I_O)
                                                      0.028     4.053 r  design_1_i/rst_ps8_0_100M/U0/ACTIVE_LOW_PR_OUT_DFF[0].FDRE_PER_N_bufg_place/O
                         net (fo=1046, routed)        1.627     5.679    design_1_i/ps8_0_axi_periph/s00_couplers/auto_ds/inst/gen_downsizer.gen_simple_downsizer.axi_downsizer_inst/USE_WRITE.write_addr_inst/cmd_queue/inst/fifo_gen_inst/inst_fifo_gen/gconvfifo.rf/grf.rf/rstblk/ngwrdrst.grst.g7serrst.gnsckt_wrst.rst_wr_reg2_inst/src_arst
    SLICE_X1Y39          FDPE                                         f  design_1_i/ps8_0_axi_periph/s00_couplers/auto_ds/inst/gen_downsizer.gen_simple_downsizer.axi_downsizer_inst/USE_WRITE.write_addr_inst/cmd_queue/inst/fifo_gen_inst/inst_fifo_gen/gconvfifo.rf/grf.rf/rstblk/ngwrdrst.grst.g7serrst.gnsckt_wrst.rst_wr_reg2_inst/arststages_ff_reg[1]/PRE  (IS_INVERTED)
  -------------------------------------------------------------------    -------------------

                         (clock clk_pl_0 rise edge)
                                                      0.000     0.000 r  
    PS8_X0Y0             PS8                          0.000     0.000 r  design_1_i/zynq_ultra_ps_e_0/inst/PS8_i/PLCLK[0]
                         net (fo=1, routed)           0.140     0.140    design_1_i/zynq_ultra_ps_e_0/inst/pl_clk_unbuffered[0]
    BUFG_PS_X0Y58        BUFG_PS (Prop_BUFG_PS_I_O)
                                                      0.027     0.167 r  design_1_i/zynq_ultra_ps_e_0/inst/buffer_pl_clk_0.PL_CLK_0_BUFG/O
    X0Y1 (CLOCK_ROOT)    net (fo=15423, routed)       1.546     1.713    design_1_i/ps8_0_axi_periph/s00_couplers/auto_ds/inst/gen_downsizer.gen_simple_downsizer.axi_downsizer_inst/USE_WRITE.write_addr_inst/cmd_queue/inst/fifo_gen_inst/inst_fifo_gen/gconvfifo.rf/grf.rf/rstblk/ngwrdrst.grst.g7serrst.gnsckt_wrst.rst_wr_reg2_inst/dest_clk
    SLICE_X1Y39          FDPE                                         r  design_1_i/ps8_0_axi_periph/s00_couplers/auto_ds/inst/gen_downsizer.gen_simple_downsizer.axi_downsizer_inst/USE_WRITE.write_addr_inst/cmd_queue/inst/fifo_gen_inst/inst_fifo_gen/gconvfifo.rf/grf.rf/rstblk/ngwrdrst.grst.g7serrst.gnsckt_wrst.rst_wr_reg2_inst/arststages_ff_reg[1]/C

Slack:                    inf
  Source:                 design_1_i/rst_ps8_0_100M/U0/ACTIVE_LOW_PR_OUT_DFF[0].FDRE_PER_N/C
                            (rising edge-triggered cell FDRE clocked by clk_pl_0  {rise@0.000ns fall@5.000ns period=10.000ns})
  Destination:            design_1_i/ps8_0_axi_periph/s00_couplers/auto_ds/inst/gen_downsizer.gen_simple_downsizer.axi_downsizer_inst/USE_WRITE.write_addr_inst/USE_B_CHANNEL.cmd_b_queue/inst/fifo_gen_inst/inst_fifo_gen/gconvfifo.rf/grf.rf/rstblk/ngwrdrst.grst.g7serrst.gnsckt_wrst.rst_wr_reg2_inst/arststages_ff_reg[0]/PRE
                            (recovery check against rising-edge clock clk_pl_0  {rise@0.000ns fall@5.000ns period=10.000ns})
  Path Group:             (none)
  Path Type:              Recovery (Max at Slow Process Corner)
  Data Path Delay:        3.721ns  (logic 0.121ns (3.252%)  route 3.600ns (96.748%))
  Logic Levels:           1  (BUFGCE=1)
  Clock Path Skew:        -0.229ns (DCD - SCD + CPR)
    Destination Clock Delay (DCD):    1.707ns
    Source Clock Delay      (SCD):    1.936ns
    Clock Pessimism Removal (CPR):    0.000ns
  Clock Uncertainty:      0.176ns  ((TSJ^2 + DJ^2)^1/2) / 2 + PE
    Total System Jitter     (TSJ):    0.071ns
    Discrete Jitter          (DJ):    0.344ns
    Phase Error              (PE):    0.000ns
  Clock Net Delay (Source):      1.729ns (routing 0.638ns, distribution 1.091ns)
  Clock Net Delay (Destination): 1.540ns (routing 0.576ns, distribution 0.964ns)
  Timing Exception:       False Path

    Location             Delay type                Incr(ns)  Path(ns)    Netlist Resource(s)
  -------------------------------------------------------------------    -------------------
                         (clock clk_pl_0 rise edge)
                                                      0.000     0.000 r  
    PS8_X0Y0             PS8                          0.000     0.000 r  design_1_i/zynq_ultra_ps_e_0/inst/PS8_i/PLCLK[0]
                         net (fo=1, routed)           0.178     0.178    design_1_i/zynq_ultra_ps_e_0/inst/pl_clk_unbuffered[0]
    BUFG_PS_X0Y58        BUFG_PS (Prop_BUFG_PS_I_O)
                                                      0.029     0.207 r  design_1_i/zynq_ultra_ps_e_0/inst/buffer_pl_clk_0.PL_CLK_0_BUFG/O
    X0Y1 (CLOCK_ROOT)    net (fo=15423, routed)       1.729     1.936    design_1_i/rst_ps8_0_100M/U0/slowest_sync_clk
    SLICE_X1Y94          FDRE                                         r  design_1_i/rst_ps8_0_100M/U0/ACTIVE_LOW_PR_OUT_DFF[0].FDRE_PER_N/C
  -------------------------------------------------------------------    -------------------
    SLICE_X1Y94          FDRE (Prop_EFF_SLICEM_C_Q)
                                                      0.093     2.029 r  design_1_i/rst_ps8_0_100M/U0/ACTIVE_LOW_PR_OUT_DFF[0].FDRE_PER_N/Q
                         net (fo=1, routed)           1.996     4.025    design_1_i/rst_ps8_0_100M/U0/peripheral_aresetn[0]_bufg_place
    BUFGCE_X0Y50         BUFGCE (Prop_BUFCE_BUFGCE_I_O)
                                                      0.028     4.053 r  design_1_i/rst_ps8_0_100M/U0/ACTIVE_LOW_PR_OUT_DFF[0].FDRE_PER_N_bufg_place/O
                         net (fo=1046, routed)        1.604     5.656    design_1_i/ps8_0_axi_periph/s00_couplers/auto_ds/inst/gen_downsizer.gen_simple_downsizer.axi_downsizer_inst/USE_WRITE.write_addr_inst/USE_B_CHANNEL.cmd_b_queue/inst/fifo_gen_inst/inst_fifo_gen/gconvfifo.rf/grf.rf/rstblk/ngwrdrst.grst.g7serrst.gnsckt_wrst.rst_wr_reg2_inst/src_arst
    SLICE_X7Y38          FDPE                                         f  design_1_i/ps8_0_axi_periph/s00_couplers/auto_ds/inst/gen_downsizer.gen_simple_downsizer.axi_downsizer_inst/USE_WRITE.write_addr_inst/USE_B_CHANNEL.cmd_b_queue/inst/fifo_gen_inst/inst_fifo_gen/gconvfifo.rf/grf.rf/rstblk/ngwrdrst.grst.g7serrst.gnsckt_wrst.rst_wr_reg2_inst/arststages_ff_reg[0]/PRE  (IS_INVERTED)
  -------------------------------------------------------------------    -------------------

                         (clock clk_pl_0 rise edge)
                                                      0.000     0.000 r  
    PS8_X0Y0             PS8                          0.000     0.000 r  design_1_i/zynq_ultra_ps_e_0/inst/PS8_i/PLCLK[0]
                         net (fo=1, routed)           0.140     0.140    design_1_i/zynq_ultra_ps_e_0/inst/pl_clk_unbuffered[0]
    BUFG_PS_X0Y58        BUFG_PS (Prop_BUFG_PS_I_O)
                                                      0.027     0.167 r  design_1_i/zynq_ultra_ps_e_0/inst/buffer_pl_clk_0.PL_CLK_0_BUFG/O
    X0Y1 (CLOCK_ROOT)    net (fo=15423, routed)       1.540     1.707    design_1_i/ps8_0_axi_periph/s00_couplers/auto_ds/inst/gen_downsizer.gen_simple_downsizer.axi_downsizer_inst/USE_WRITE.write_addr_inst/USE_B_CHANNEL.cmd_b_queue/inst/fifo_gen_inst/inst_fifo_gen/gconvfifo.rf/grf.rf/rstblk/ngwrdrst.grst.g7serrst.gnsckt_wrst.rst_wr_reg2_inst/dest_clk
    SLICE_X7Y38          FDPE                                         r  design_1_i/ps8_0_axi_periph/s00_couplers/auto_ds/inst/gen_downsizer.gen_simple_downsizer.axi_downsizer_inst/USE_WRITE.write_addr_inst/USE_B_CHANNEL.cmd_b_queue/inst/fifo_gen_inst/inst_fifo_gen/gconvfifo.rf/grf.rf/rstblk/ngwrdrst.grst.g7serrst.gnsckt_wrst.rst_wr_reg2_inst/arststages_ff_reg[0]/C

Slack:                    inf
  Source:                 design_1_i/rst_ps8_0_100M/U0/ACTIVE_LOW_PR_OUT_DFF[0].FDRE_PER_N/C
                            (rising edge-triggered cell FDRE clocked by clk_pl_0  {rise@0.000ns fall@5.000ns period=10.000ns})
  Destination:            design_1_i/ps8_0_axi_periph/s00_couplers/auto_ds/inst/gen_downsizer.gen_simple_downsizer.axi_downsizer_inst/USE_WRITE.write_addr_inst/USE_B_CHANNEL.cmd_b_queue/inst/fifo_gen_inst/inst_fifo_gen/gconvfifo.rf/grf.rf/rstblk/ngwrdrst.grst.g7serrst.gnsckt_wrst.rst_wr_reg2_inst/arststages_ff_reg[1]/PRE
                            (recovery check against rising-edge clock clk_pl_0  {rise@0.000ns fall@5.000ns period=10.000ns})
  Path Group:             (none)
  Path Type:              Recovery (Max at Slow Process Corner)
  Data Path Delay:        3.721ns  (logic 0.121ns (3.252%)  route 3.600ns (96.748%))
  Logic Levels:           1  (BUFGCE=1)
  Clock Path Skew:        -0.229ns (DCD - SCD + CPR)
    Destination Clock Delay (DCD):    1.707ns
    Source Clock Delay      (SCD):    1.936ns
    Clock Pessimism Removal (CPR):    0.000ns
  Clock Uncertainty:      0.176ns  ((TSJ^2 + DJ^2)^1/2) / 2 + PE
    Total System Jitter     (TSJ):    0.071ns
    Discrete Jitter          (DJ):    0.344ns
    Phase Error              (PE):    0.000ns
  Clock Net Delay (Source):      1.729ns (routing 0.638ns, distribution 1.091ns)
  Clock Net Delay (Destination): 1.540ns (routing 0.576ns, distribution 0.964ns)
  Timing Exception:       False Path

    Location             Delay type                Incr(ns)  Path(ns)    Netlist Resource(s)
  -------------------------------------------------------------------    -------------------
                         (clock clk_pl_0 rise edge)
                                                      0.000     0.000 r  
    PS8_X0Y0             PS8                          0.000     0.000 r  design_1_i/zynq_ultra_ps_e_0/inst/PS8_i/PLCLK[0]
                         net (fo=1, routed)           0.178     0.178    design_1_i/zynq_ultra_ps_e_0/inst/pl_clk_unbuffered[0]
    BUFG_PS_X0Y58        BUFG_PS (Prop_BUFG_PS_I_O)
                                                      0.029     0.207 r  design_1_i/zynq_ultra_ps_e_0/inst/buffer_pl_clk_0.PL_CLK_0_BUFG/O
    X0Y1 (CLOCK_ROOT)    net (fo=15423, routed)       1.729     1.936    design_1_i/rst_ps8_0_100M/U0/slowest_sync_clk
    SLICE_X1Y94          FDRE                                         r  design_1_i/rst_ps8_0_100M/U0/ACTIVE_LOW_PR_OUT_DFF[0].FDRE_PER_N/C
  -------------------------------------------------------------------    -------------------
    SLICE_X1Y94          FDRE (Prop_EFF_SLICEM_C_Q)
                                                      0.093     2.029 r  design_1_i/rst_ps8_0_100M/U0/ACTIVE_LOW_PR_OUT_DFF[0].FDRE_PER_N/Q
                         net (fo=1, routed)           1.996     4.025    design_1_i/rst_ps8_0_100M/U0/peripheral_aresetn[0]_bufg_place
    BUFGCE_X0Y50         BUFGCE (Prop_BUFCE_BUFGCE_I_O)
                                                      0.028     4.053 r  design_1_i/rst_ps8_0_100M/U0/ACTIVE_LOW_PR_OUT_DFF[0].FDRE_PER_N_bufg_place/O
                         net (fo=1046, routed)        1.604     5.656    design_1_i/ps8_0_axi_periph/s00_couplers/auto_ds/inst/gen_downsizer.gen_simple_downsizer.axi_downsizer_inst/USE_WRITE.write_addr_inst/USE_B_CHANNEL.cmd_b_queue/inst/fifo_gen_inst/inst_fifo_gen/gconvfifo.rf/grf.rf/rstblk/ngwrdrst.grst.g7serrst.gnsckt_wrst.rst_wr_reg2_inst/src_arst
    SLICE_X7Y38          FDPE                                         f  design_1_i/ps8_0_axi_periph/s00_couplers/auto_ds/inst/gen_downsizer.gen_simple_downsizer.axi_downsizer_inst/USE_WRITE.write_addr_inst/USE_B_CHANNEL.cmd_b_queue/inst/fifo_gen_inst/inst_fifo_gen/gconvfifo.rf/grf.rf/rstblk/ngwrdrst.grst.g7serrst.gnsckt_wrst.rst_wr_reg2_inst/arststages_ff_reg[1]/PRE  (IS_INVERTED)
  -------------------------------------------------------------------    -------------------

                         (clock clk_pl_0 rise edge)
                                                      0.000     0.000 r  
    PS8_X0Y0             PS8                          0.000     0.000 r  design_1_i/zynq_ultra_ps_e_0/inst/PS8_i/PLCLK[0]
                         net (fo=1, routed)           0.140     0.140    design_1_i/zynq_ultra_ps_e_0/inst/pl_clk_unbuffered[0]
    BUFG_PS_X0Y58        BUFG_PS (Prop_BUFG_PS_I_O)
                                                      0.027     0.167 r  design_1_i/zynq_ultra_ps_e_0/inst/buffer_pl_clk_0.PL_CLK_0_BUFG/O
    X0Y1 (CLOCK_ROOT)    net (fo=15423, routed)       1.540     1.707    design_1_i/ps8_0_axi_periph/s00_couplers/auto_ds/inst/gen_downsizer.gen_simple_downsizer.axi_downsizer_inst/USE_WRITE.write_addr_inst/USE_B_CHANNEL.cmd_b_queue/inst/fifo_gen_inst/inst_fifo_gen/gconvfifo.rf/grf.rf/rstblk/ngwrdrst.grst.g7serrst.gnsckt_wrst.rst_wr_reg2_inst/dest_clk
    SLICE_X7Y38          FDPE                                         r  design_1_i/ps8_0_axi_periph/s00_couplers/auto_ds/inst/gen_downsizer.gen_simple_downsizer.axi_downsizer_inst/USE_WRITE.write_addr_inst/USE_B_CHANNEL.cmd_b_queue/inst/fifo_gen_inst/inst_fifo_gen/gconvfifo.rf/grf.rf/rstblk/ngwrdrst.grst.g7serrst.gnsckt_wrst.rst_wr_reg2_inst/arststages_ff_reg[1]/C

Slack:                    inf
  Source:                 design_1_i/rst_ps8_0_100M/U0/ACTIVE_LOW_PR_OUT_DFF[0].FDRE_PER_N/C
                            (rising edge-triggered cell FDRE clocked by clk_pl_0  {rise@0.000ns fall@5.000ns period=10.000ns})
  Destination:            design_1_i/ps8_0_axi_periph/s00_couplers/auto_ds/inst/gen_downsizer.gen_simple_downsizer.axi_downsizer_inst/USE_READ.read_addr_inst/cmd_queue/inst/fifo_gen_inst/inst_fifo_gen/gconvfifo.rf/grf.rf/rstblk/ngwrdrst.grst.g7serrst.gnsckt_wrst.rst_wr_reg2_inst/arststages_ff_reg[0]/PRE
                            (recovery check against rising-edge clock clk_pl_0  {rise@0.000ns fall@5.000ns period=10.000ns})
  Path Group:             (none)
  Path Type:              Recovery (Max at Slow Process Corner)
  Data Path Delay:        3.719ns  (logic 0.121ns (3.254%)  route 3.598ns (96.746%))
  Logic Levels:           1  (BUFGCE=1)
  Clock Path Skew:        -0.220ns (DCD - SCD + CPR)
    Destination Clock Delay (DCD):    1.716ns
    Source Clock Delay      (SCD):    1.936ns
    Clock Pessimism Removal (CPR):    0.000ns
  Clock Uncertainty:      0.176ns  ((TSJ^2 + DJ^2)^1/2) / 2 + PE
    Total System Jitter     (TSJ):    0.071ns
    Discrete Jitter          (DJ):    0.344ns
    Phase Error              (PE):    0.000ns
  Clock Net Delay (Source):      1.729ns (routing 0.638ns, distribution 1.091ns)
  Clock Net Delay (Destination): 1.549ns (routing 0.576ns, distribution 0.973ns)
  Timing Exception:       False Path

    Location             Delay type                Incr(ns)  Path(ns)    Netlist Resource(s)
  -------------------------------------------------------------------    -------------------
                         (clock clk_pl_0 rise edge)
                                                      0.000     0.000 r  
    PS8_X0Y0             PS8                          0.000     0.000 r  design_1_i/zynq_ultra_ps_e_0/inst/PS8_i/PLCLK[0]
                         net (fo=1, routed)           0.178     0.178    design_1_i/zynq_ultra_ps_e_0/inst/pl_clk_unbuffered[0]
    BUFG_PS_X0Y58        BUFG_PS (Prop_BUFG_PS_I_O)
                                                      0.029     0.207 r  design_1_i/zynq_ultra_ps_e_0/inst/buffer_pl_clk_0.PL_CLK_0_BUFG/O
    X0Y1 (CLOCK_ROOT)    net (fo=15423, routed)       1.729     1.936    design_1_i/rst_ps8_0_100M/U0/slowest_sync_clk
    SLICE_X1Y94          FDRE                                         r  design_1_i/rst_ps8_0_100M/U0/ACTIVE_LOW_PR_OUT_DFF[0].FDRE_PER_N/C
  -------------------------------------------------------------------    -------------------
    SLICE_X1Y94          FDRE (Prop_EFF_SLICEM_C_Q)
                                                      0.093     2.029 r  design_1_i/rst_ps8_0_100M/U0/ACTIVE_LOW_PR_OUT_DFF[0].FDRE_PER_N/Q
                         net (fo=1, routed)           1.996     4.025    design_1_i/rst_ps8_0_100M/U0/peripheral_aresetn[0]_bufg_place
    BUFGCE_X0Y50         BUFGCE (Prop_BUFCE_BUFGCE_I_O)
                                                      0.028     4.053 r  design_1_i/rst_ps8_0_100M/U0/ACTIVE_LOW_PR_OUT_DFF[0].FDRE_PER_N_bufg_place/O
                         net (fo=1046, routed)        1.602     5.655    design_1_i/ps8_0_axi_periph/s00_couplers/auto_ds/inst/gen_downsizer.gen_simple_downsizer.axi_downsizer_inst/USE_READ.read_addr_inst/cmd_queue/inst/fifo_gen_inst/inst_fifo_gen/gconvfifo.rf/grf.rf/rstblk/ngwrdrst.grst.g7serrst.gnsckt_wrst.rst_wr_reg2_inst/src_arst
    SLICE_X8Y47          FDPE                                         f  design_1_i/ps8_0_axi_periph/s00_couplers/auto_ds/inst/gen_downsizer.gen_simple_downsizer.axi_downsizer_inst/USE_READ.read_addr_inst/cmd_queue/inst/fifo_gen_inst/inst_fifo_gen/gconvfifo.rf/grf.rf/rstblk/ngwrdrst.grst.g7serrst.gnsckt_wrst.rst_wr_reg2_inst/arststages_ff_reg[0]/PRE  (IS_INVERTED)
  -------------------------------------------------------------------    -------------------

                         (clock clk_pl_0 rise edge)
                                                      0.000     0.000 r  
    PS8_X0Y0             PS8                          0.000     0.000 r  design_1_i/zynq_ultra_ps_e_0/inst/PS8_i/PLCLK[0]
                         net (fo=1, routed)           0.140     0.140    design_1_i/zynq_ultra_ps_e_0/inst/pl_clk_unbuffered[0]
    BUFG_PS_X0Y58        BUFG_PS (Prop_BUFG_PS_I_O)
                                                      0.027     0.167 r  design_1_i/zynq_ultra_ps_e_0/inst/buffer_pl_clk_0.PL_CLK_0_BUFG/O
    X0Y1 (CLOCK_ROOT)    net (fo=15423, routed)       1.549     1.716    design_1_i/ps8_0_axi_periph/s00_couplers/auto_ds/inst/gen_downsizer.gen_simple_downsizer.axi_downsizer_inst/USE_READ.read_addr_inst/cmd_queue/inst/fifo_gen_inst/inst_fifo_gen/gconvfifo.rf/grf.rf/rstblk/ngwrdrst.grst.g7serrst.gnsckt_wrst.rst_wr_reg2_inst/dest_clk
    SLICE_X8Y47          FDPE                                         r  design_1_i/ps8_0_axi_periph/s00_couplers/auto_ds/inst/gen_downsizer.gen_simple_downsizer.axi_downsizer_inst/USE_READ.read_addr_inst/cmd_queue/inst/fifo_gen_inst/inst_fifo_gen/gconvfifo.rf/grf.rf/rstblk/ngwrdrst.grst.g7serrst.gnsckt_wrst.rst_wr_reg2_inst/arststages_ff_reg[0]/C

Slack:                    inf
  Source:                 design_1_i/rst_ps8_0_100M/U0/ACTIVE_LOW_PR_OUT_DFF[0].FDRE_PER_N/C
                            (rising edge-triggered cell FDRE clocked by clk_pl_0  {rise@0.000ns fall@5.000ns period=10.000ns})
  Destination:            design_1_i/ps8_0_axi_periph/s00_couplers/auto_ds/inst/gen_downsizer.gen_simple_downsizer.axi_downsizer_inst/USE_READ.read_addr_inst/cmd_queue/inst/fifo_gen_inst/inst_fifo_gen/gconvfifo.rf/grf.rf/rstblk/ngwrdrst.grst.g7serrst.gnsckt_wrst.rst_wr_reg2_inst/arststages_ff_reg[1]/PRE
                            (recovery check against rising-edge clock clk_pl_0  {rise@0.000ns fall@5.000ns period=10.000ns})
  Path Group:             (none)
  Path Type:              Recovery (Max at Slow Process Corner)
  Data Path Delay:        3.719ns  (logic 0.121ns (3.254%)  route 3.598ns (96.746%))
  Logic Levels:           1  (BUFGCE=1)
  Clock Path Skew:        -0.220ns (DCD - SCD + CPR)
    Destination Clock Delay (DCD):    1.716ns
    Source Clock Delay      (SCD):    1.936ns
    Clock Pessimism Removal (CPR):    0.000ns
  Clock Uncertainty:      0.176ns  ((TSJ^2 + DJ^2)^1/2) / 2 + PE
    Total System Jitter     (TSJ):    0.071ns
    Discrete Jitter          (DJ):    0.344ns
    Phase Error              (PE):    0.000ns
  Clock Net Delay (Source):      1.729ns (routing 0.638ns, distribution 1.091ns)
  Clock Net Delay (Destination): 1.549ns (routing 0.576ns, distribution 0.973ns)
  Timing Exception:       False Path

    Location             Delay type                Incr(ns)  Path(ns)    Netlist Resource(s)
  -------------------------------------------------------------------    -------------------
                         (clock clk_pl_0 rise edge)
                                                      0.000     0.000 r  
    PS8_X0Y0             PS8                          0.000     0.000 r  design_1_i/zynq_ultra_ps_e_0/inst/PS8_i/PLCLK[0]
                         net (fo=1, routed)           0.178     0.178    design_1_i/zynq_ultra_ps_e_0/inst/pl_clk_unbuffered[0]
    BUFG_PS_X0Y58        BUFG_PS (Prop_BUFG_PS_I_O)
                                                      0.029     0.207 r  design_1_i/zynq_ultra_ps_e_0/inst/buffer_pl_clk_0.PL_CLK_0_BUFG/O
    X0Y1 (CLOCK_ROOT)    net (fo=15423, routed)       1.729     1.936    design_1_i/rst_ps8_0_100M/U0/slowest_sync_clk
    SLICE_X1Y94          FDRE                                         r  design_1_i/rst_ps8_0_100M/U0/ACTIVE_LOW_PR_OUT_DFF[0].FDRE_PER_N/C
  -------------------------------------------------------------------    -------------------
    SLICE_X1Y94          FDRE (Prop_EFF_SLICEM_C_Q)
                                                      0.093     2.029 r  design_1_i/rst_ps8_0_100M/U0/ACTIVE_LOW_PR_OUT_DFF[0].FDRE_PER_N/Q
                         net (fo=1, routed)           1.996     4.025    design_1_i/rst_ps8_0_100M/U0/peripheral_aresetn[0]_bufg_place
    BUFGCE_X0Y50         BUFGCE (Prop_BUFCE_BUFGCE_I_O)
                                                      0.028     4.053 r  design_1_i/rst_ps8_0_100M/U0/ACTIVE_LOW_PR_OUT_DFF[0].FDRE_PER_N_bufg_place/O
                         net (fo=1046, routed)        1.602     5.655    design_1_i/ps8_0_axi_periph/s00_couplers/auto_ds/inst/gen_downsizer.gen_simple_downsizer.axi_downsizer_inst/USE_READ.read_addr_inst/cmd_queue/inst/fifo_gen_inst/inst_fifo_gen/gconvfifo.rf/grf.rf/rstblk/ngwrdrst.grst.g7serrst.gnsckt_wrst.rst_wr_reg2_inst/src_arst
    SLICE_X8Y47          FDPE                                         f  design_1_i/ps8_0_axi_periph/s00_couplers/auto_ds/inst/gen_downsizer.gen_simple_downsizer.axi_downsizer_inst/USE_READ.read_addr_inst/cmd_queue/inst/fifo_gen_inst/inst_fifo_gen/gconvfifo.rf/grf.rf/rstblk/ngwrdrst.grst.g7serrst.gnsckt_wrst.rst_wr_reg2_inst/arststages_ff_reg[1]/PRE  (IS_INVERTED)
  -------------------------------------------------------------------    -------------------

                         (clock clk_pl_0 rise edge)
                                                      0.000     0.000 r  
    PS8_X0Y0             PS8                          0.000     0.000 r  design_1_i/zynq_ultra_ps_e_0/inst/PS8_i/PLCLK[0]
                         net (fo=1, routed)           0.140     0.140    design_1_i/zynq_ultra_ps_e_0/inst/pl_clk_unbuffered[0]
    BUFG_PS_X0Y58        BUFG_PS (Prop_BUFG_PS_I_O)
                                                      0.027     0.167 r  design_1_i/zynq_ultra_ps_e_0/inst/buffer_pl_clk_0.PL_CLK_0_BUFG/O
    X0Y1 (CLOCK_ROOT)    net (fo=15423, routed)       1.549     1.716    design_1_i/ps8_0_axi_periph/s00_couplers/auto_ds/inst/gen_downsizer.gen_simple_downsizer.axi_downsizer_inst/USE_READ.read_addr_inst/cmd_queue/inst/fifo_gen_inst/inst_fifo_gen/gconvfifo.rf/grf.rf/rstblk/ngwrdrst.grst.g7serrst.gnsckt_wrst.rst_wr_reg2_inst/dest_clk
    SLICE_X8Y47          FDPE                                         r  design_1_i/ps8_0_axi_periph/s00_couplers/auto_ds/inst/gen_downsizer.gen_simple_downsizer.axi_downsizer_inst/USE_READ.read_addr_inst/cmd_queue/inst/fifo_gen_inst/inst_fifo_gen/gconvfifo.rf/grf.rf/rstblk/ngwrdrst.grst.g7serrst.gnsckt_wrst.rst_wr_reg2_inst/arststages_ff_reg[1]/C

Slack:                    inf
  Source:                 design_1_i/rst_ps8_0_100M/U0/ACTIVE_LOW_PR_OUT_DFF[0].FDRE_PER_N_replica/C
                            (rising edge-triggered cell FDRE clocked by clk_pl_0  {rise@0.000ns fall@5.000ns period=10.000ns})
  Destination:            design_1_i/axi_smc/inst/clk_map/psr_aclk/U0/EXT_LPF/ACTIVE_LOW_AUX.ACT_LO_AUX/GENERATE_LEVEL_P_S_CDC.SINGLE_BIT.CROSS_PLEVEL_IN2SCNDRY_IN_cdc_to/D
                            (rising edge-triggered cell FDRE clocked by clk_pl_0  {rise@0.000ns fall@5.000ns period=10.000ns})
  Path Group:             (none)
  Path Type:              Setup (Max at Slow Process Corner)
  Data Path Delay:        2.585ns  (logic 0.209ns (8.086%)  route 2.376ns (91.914%))
  Logic Levels:           1  (LUT1=1)
  Clock Path Skew:        -0.224ns (DCD - SCD + CPR)
    Destination Clock Delay (DCD):    1.706ns
    Source Clock Delay      (SCD):    1.930ns
    Clock Pessimism Removal (CPR):    0.000ns
  Clock Uncertainty:      0.176ns  ((TSJ^2 + DJ^2)^1/2) / 2 + PE
    Total System Jitter     (TSJ):    0.071ns
    Discrete Jitter          (DJ):    0.344ns
    Phase Error              (PE):    0.000ns
  Clock Net Delay (Source):      1.723ns (routing 0.638ns, distribution 1.085ns)
  Clock Net Delay (Destination): 1.539ns (routing 0.576ns, distribution 0.963ns)
  Timing Exception:       False Path

    Location             Delay type                Incr(ns)  Path(ns)    Netlist Resource(s)
  -------------------------------------------------------------------    -------------------
                         (clock clk_pl_0 rise edge)
                                                      0.000     0.000 r  
    PS8_X0Y0             PS8                          0.000     0.000 r  design_1_i/zynq_ultra_ps_e_0/inst/PS8_i/PLCLK[0]
                         net (fo=1, routed)           0.178     0.178    design_1_i/zynq_ultra_ps_e_0/inst/pl_clk_unbuffered[0]
    BUFG_PS_X0Y58        BUFG_PS (Prop_BUFG_PS_I_O)
                                                      0.029     0.207 r  design_1_i/zynq_ultra_ps_e_0/inst/buffer_pl_clk_0.PL_CLK_0_BUFG/O
    X0Y1 (CLOCK_ROOT)    net (fo=15423, routed)       1.723     1.930    design_1_i/rst_ps8_0_100M/U0/slowest_sync_clk
    SLICE_X1Y89          FDRE                                         r  design_1_i/rst_ps8_0_100M/U0/ACTIVE_LOW_PR_OUT_DFF[0].FDRE_PER_N_replica/C
  -------------------------------------------------------------------    -------------------
    SLICE_X1Y89          FDRE (Prop_AFF_SLICEM_C_Q)
                                                      0.093     2.023 f  design_1_i/rst_ps8_0_100M/U0/ACTIVE_LOW_PR_OUT_DFF[0].FDRE_PER_N_replica/Q
                         net (fo=35, routed)          2.136     4.159    design_1_i/axi_smc/inst/clk_map/psr_aclk/U0/EXT_LPF/ACTIVE_LOW_AUX.ACT_LO_AUX/peripheral_aresetn[0]_bufg_place_replica
    SLICE_X8Y19          LUT1 (Prop_H6LUT_SLICEL_I0_O)
                                                      0.116     4.275 r  design_1_i/axi_smc/inst/clk_map/psr_aclk/U0/EXT_LPF/ACTIVE_LOW_AUX.ACT_LO_AUX/GENERATE_LEVEL_P_S_CDC.SINGLE_BIT.CROSS_PLEVEL_IN2SCNDRY_IN_cdc_to_i_1/O
                         net (fo=1, routed)           0.240     4.515    design_1_i/axi_smc/inst/clk_map/psr_aclk/U0/EXT_LPF/ACTIVE_LOW_AUX.ACT_LO_AUX/asr_d1
    SLICE_X8Y17          FDRE                                         r  design_1_i/axi_smc/inst/clk_map/psr_aclk/U0/EXT_LPF/ACTIVE_LOW_AUX.ACT_LO_AUX/GENERATE_LEVEL_P_S_CDC.SINGLE_BIT.CROSS_PLEVEL_IN2SCNDRY_IN_cdc_to/D
  -------------------------------------------------------------------    -------------------

                         (clock clk_pl_0 rise edge)
                                                      0.000     0.000 r  
    PS8_X0Y0             PS8                          0.000     0.000 r  design_1_i/zynq_ultra_ps_e_0/inst/PS8_i/PLCLK[0]
                         net (fo=1, routed)           0.140     0.140    design_1_i/zynq_ultra_ps_e_0/inst/pl_clk_unbuffered[0]
    BUFG_PS_X0Y58        BUFG_PS (Prop_BUFG_PS_I_O)
                                                      0.027     0.167 r  design_1_i/zynq_ultra_ps_e_0/inst/buffer_pl_clk_0.PL_CLK_0_BUFG/O
    X0Y1 (CLOCK_ROOT)    net (fo=15423, routed)       1.539     1.706    design_1_i/axi_smc/inst/clk_map/psr_aclk/U0/EXT_LPF/ACTIVE_LOW_AUX.ACT_LO_AUX/aclk
    SLICE_X8Y17          FDRE                                         r  design_1_i/axi_smc/inst/clk_map/psr_aclk/U0/EXT_LPF/ACTIVE_LOW_AUX.ACT_LO_AUX/GENERATE_LEVEL_P_S_CDC.SINGLE_BIT.CROSS_PLEVEL_IN2SCNDRY_IN_cdc_to/C

Slack:                    inf
  Source:                 design_1_i/axi_smc/inst/clk_map/psr_aclk/U0/ACTIVE_LOW_BSR_OUT_DFF[0].FDRE_BSR_N/C
                            (rising edge-triggered cell FDRE clocked by clk_pl_0  {rise@0.000ns fall@5.000ns period=10.000ns})
  Destination:            design_1_i/axi_smc/inst/s00_nodes/s00_r_node/inst/s_sc_xpm_cdc_async_rst_inst/arststages_ff_reg[0]/CLR
                            (recovery check against rising-edge clock clk_pl_0  {rise@0.000ns fall@5.000ns period=10.000ns})
  Path Group:             (none)
  Path Type:              Recovery (Max at Slow Process Corner)
  Data Path Delay:        0.619ns  (logic 0.096ns (15.517%)  route 0.523ns (84.483%))
  Logic Levels:           0  
  Clock Path Skew:        -0.266ns (DCD - SCD + CPR)
    Destination Clock Delay (DCD):    1.726ns
    Source Clock Delay      (SCD):    1.992ns
    Clock Pessimism Removal (CPR):    0.000ns
  Clock Uncertainty:      0.176ns  ((TSJ^2 + DJ^2)^1/2) / 2 + PE
    Total System Jitter     (TSJ):    0.071ns
    Discrete Jitter          (DJ):    0.344ns
    Phase Error              (PE):    0.000ns
  Clock Net Delay (Source):      1.785ns (routing 0.638ns, distribution 1.147ns)
  Clock Net Delay (Destination): 1.559ns (routing 0.576ns, distribution 0.983ns)
  Timing Exception:       False Path

    Location             Delay type                Incr(ns)  Path(ns)    Netlist Resource(s)
  -------------------------------------------------------------------    -------------------
                         (clock clk_pl_0 rise edge)
                                                      0.000     0.000 r  
    PS8_X0Y0             PS8                          0.000     0.000 r  design_1_i/zynq_ultra_ps_e_0/inst/PS8_i/PLCLK[0]
                         net (fo=1, routed)           0.178     0.178    design_1_i/zynq_ultra_ps_e_0/inst/pl_clk_unbuffered[0]
    BUFG_PS_X0Y58        BUFG_PS (Prop_BUFG_PS_I_O)
                                                      0.029     0.207 r  design_1_i/zynq_ultra_ps_e_0/inst/buffer_pl_clk_0.PL_CLK_0_BUFG/O
    X0Y1 (CLOCK_ROOT)    net (fo=15423, routed)       1.785     1.992    design_1_i/axi_smc/inst/clk_map/psr_aclk/U0/aclk
    SLICE_X8Y18          FDRE                                         r  design_1_i/axi_smc/inst/clk_map/psr_aclk/U0/ACTIVE_LOW_BSR_OUT_DFF[0].FDRE_BSR_N/C
  -------------------------------------------------------------------    -------------------
    SLICE_X8Y18          FDRE (Prop_HFF_SLICEL_C_Q)
                                                      0.096     2.088 r  design_1_i/axi_smc/inst/clk_map/psr_aclk/U0/ACTIVE_LOW_BSR_OUT_DFF[0].FDRE_BSR_N/Q
                         net (fo=18, routed)          0.523     2.611    design_1_i/axi_smc/inst/s00_nodes/s00_r_node/inst/s_sc_xpm_cdc_async_rst_inst/src_arst
    SLICE_X1Y20          FDCE                                         f  design_1_i/axi_smc/inst/s00_nodes/s00_r_node/inst/s_sc_xpm_cdc_async_rst_inst/arststages_ff_reg[0]/CLR  (IS_INVERTED)
  -------------------------------------------------------------------    -------------------

                         (clock clk_pl_0 rise edge)
                                                      0.000     0.000 r  
    PS8_X0Y0             PS8                          0.000     0.000 r  design_1_i/zynq_ultra_ps_e_0/inst/PS8_i/PLCLK[0]
                         net (fo=1, routed)           0.140     0.140    design_1_i/zynq_ultra_ps_e_0/inst/pl_clk_unbuffered[0]
    BUFG_PS_X0Y58        BUFG_PS (Prop_BUFG_PS_I_O)
                                                      0.027     0.167 r  design_1_i/zynq_ultra_ps_e_0/inst/buffer_pl_clk_0.PL_CLK_0_BUFG/O
    X0Y1 (CLOCK_ROOT)    net (fo=15423, routed)       1.559     1.726    design_1_i/axi_smc/inst/s00_nodes/s00_r_node/inst/s_sc_xpm_cdc_async_rst_inst/dest_clk
    SLICE_X1Y20          FDCE                                         r  design_1_i/axi_smc/inst/s00_nodes/s00_r_node/inst/s_sc_xpm_cdc_async_rst_inst/arststages_ff_reg[0]/C

Slack:                    inf
  Source:                 design_1_i/axi_smc/inst/clk_map/psr_aclk/U0/ACTIVE_LOW_BSR_OUT_DFF[0].FDRE_BSR_N/C
                            (rising edge-triggered cell FDRE clocked by clk_pl_0  {rise@0.000ns fall@5.000ns period=10.000ns})
  Destination:            design_1_i/axi_smc/inst/s00_nodes/s00_r_node/inst/s_sc_xpm_cdc_async_rst_inst/arststages_ff_reg[1]/CLR
                            (recovery check against rising-edge clock clk_pl_0  {rise@0.000ns fall@5.000ns period=10.000ns})
  Path Group:             (none)
  Path Type:              Recovery (Max at Slow Process Corner)
  Data Path Delay:        0.619ns  (logic 0.096ns (15.517%)  route 0.523ns (84.483%))
  Logic Levels:           0  
  Clock Path Skew:        -0.266ns (DCD - SCD + CPR)
    Destination Clock Delay (DCD):    1.726ns
    Source Clock Delay      (SCD):    1.992ns
    Clock Pessimism Removal (CPR):    0.000ns
  Clock Uncertainty:      0.176ns  ((TSJ^2 + DJ^2)^1/2) / 2 + PE
    Total System Jitter     (TSJ):    0.071ns
    Discrete Jitter          (DJ):    0.344ns
    Phase Error              (PE):    0.000ns
  Clock Net Delay (Source):      1.785ns (routing 0.638ns, distribution 1.147ns)
  Clock Net Delay (Destination): 1.559ns (routing 0.576ns, distribution 0.983ns)
  Timing Exception:       False Path

    Location             Delay type                Incr(ns)  Path(ns)    Netlist Resource(s)
  -------------------------------------------------------------------    -------------------
                         (clock clk_pl_0 rise edge)
                                                      0.000     0.000 r  
    PS8_X0Y0             PS8                          0.000     0.000 r  design_1_i/zynq_ultra_ps_e_0/inst/PS8_i/PLCLK[0]
                         net (fo=1, routed)           0.178     0.178    design_1_i/zynq_ultra_ps_e_0/inst/pl_clk_unbuffered[0]
    BUFG_PS_X0Y58        BUFG_PS (Prop_BUFG_PS_I_O)
                                                      0.029     0.207 r  design_1_i/zynq_ultra_ps_e_0/inst/buffer_pl_clk_0.PL_CLK_0_BUFG/O
    X0Y1 (CLOCK_ROOT)    net (fo=15423, routed)       1.785     1.992    design_1_i/axi_smc/inst/clk_map/psr_aclk/U0/aclk
    SLICE_X8Y18          FDRE                                         r  design_1_i/axi_smc/inst/clk_map/psr_aclk/U0/ACTIVE_LOW_BSR_OUT_DFF[0].FDRE_BSR_N/C
  -------------------------------------------------------------------    -------------------
    SLICE_X8Y18          FDRE (Prop_HFF_SLICEL_C_Q)
                                                      0.096     2.088 r  design_1_i/axi_smc/inst/clk_map/psr_aclk/U0/ACTIVE_LOW_BSR_OUT_DFF[0].FDRE_BSR_N/Q
                         net (fo=18, routed)          0.523     2.611    design_1_i/axi_smc/inst/s00_nodes/s00_r_node/inst/s_sc_xpm_cdc_async_rst_inst/src_arst
    SLICE_X1Y20          FDCE                                         f  design_1_i/axi_smc/inst/s00_nodes/s00_r_node/inst/s_sc_xpm_cdc_async_rst_inst/arststages_ff_reg[1]/CLR  (IS_INVERTED)
  -------------------------------------------------------------------    -------------------

                         (clock clk_pl_0 rise edge)
                                                      0.000     0.000 r  
    PS8_X0Y0             PS8                          0.000     0.000 r  design_1_i/zynq_ultra_ps_e_0/inst/PS8_i/PLCLK[0]
                         net (fo=1, routed)           0.140     0.140    design_1_i/zynq_ultra_ps_e_0/inst/pl_clk_unbuffered[0]
    BUFG_PS_X0Y58        BUFG_PS (Prop_BUFG_PS_I_O)
                                                      0.027     0.167 r  design_1_i/zynq_ultra_ps_e_0/inst/buffer_pl_clk_0.PL_CLK_0_BUFG/O
    X0Y1 (CLOCK_ROOT)    net (fo=15423, routed)       1.559     1.726    design_1_i/axi_smc/inst/s00_nodes/s00_r_node/inst/s_sc_xpm_cdc_async_rst_inst/dest_clk
    SLICE_X1Y20          FDCE                                         r  design_1_i/axi_smc/inst/s00_nodes/s00_r_node/inst/s_sc_xpm_cdc_async_rst_inst/arststages_ff_reg[1]/C

Slack:                    inf
  Source:                 design_1_i/axi_smc/inst/clk_map/psr_aclk/U0/ACTIVE_LOW_BSR_OUT_DFF[0].FDRE_BSR_N/C
                            (rising edge-triggered cell FDRE clocked by clk_pl_0  {rise@0.000ns fall@5.000ns period=10.000ns})
  Destination:            design_1_i/axi_smc/inst/s00_nodes/s00_r_node/inst/s_sc_xpm_cdc_async_rst_inst/arststages_ff_reg[2]/CLR
                            (recovery check against rising-edge clock clk_pl_0  {rise@0.000ns fall@5.000ns period=10.000ns})
  Path Group:             (none)
  Path Type:              Recovery (Max at Slow Process Corner)
  Data Path Delay:        0.619ns  (logic 0.096ns (15.517%)  route 0.523ns (84.483%))
  Logic Levels:           0  
  Clock Path Skew:        -0.266ns (DCD - SCD + CPR)
    Destination Clock Delay (DCD):    1.726ns
    Source Clock Delay      (SCD):    1.992ns
    Clock Pessimism Removal (CPR):    0.000ns
  Clock Uncertainty:      0.176ns  ((TSJ^2 + DJ^2)^1/2) / 2 + PE
    Total System Jitter     (TSJ):    0.071ns
    Discrete Jitter          (DJ):    0.344ns
    Phase Error              (PE):    0.000ns
  Clock Net Delay (Source):      1.785ns (routing 0.638ns, distribution 1.147ns)
  Clock Net Delay (Destination): 1.559ns (routing 0.576ns, distribution 0.983ns)
  Timing Exception:       False Path

    Location             Delay type                Incr(ns)  Path(ns)    Netlist Resource(s)
  -------------------------------------------------------------------    -------------------
                         (clock clk_pl_0 rise edge)
                                                      0.000     0.000 r  
    PS8_X0Y0             PS8                          0.000     0.000 r  design_1_i/zynq_ultra_ps_e_0/inst/PS8_i/PLCLK[0]
                         net (fo=1, routed)           0.178     0.178    design_1_i/zynq_ultra_ps_e_0/inst/pl_clk_unbuffered[0]
    BUFG_PS_X0Y58        BUFG_PS (Prop_BUFG_PS_I_O)
                                                      0.029     0.207 r  design_1_i/zynq_ultra_ps_e_0/inst/buffer_pl_clk_0.PL_CLK_0_BUFG/O
    X0Y1 (CLOCK_ROOT)    net (fo=15423, routed)       1.785     1.992    design_1_i/axi_smc/inst/clk_map/psr_aclk/U0/aclk
    SLICE_X8Y18          FDRE                                         r  design_1_i/axi_smc/inst/clk_map/psr_aclk/U0/ACTIVE_LOW_BSR_OUT_DFF[0].FDRE_BSR_N/C
  -------------------------------------------------------------------    -------------------
    SLICE_X8Y18          FDRE (Prop_HFF_SLICEL_C_Q)
                                                      0.096     2.088 r  design_1_i/axi_smc/inst/clk_map/psr_aclk/U0/ACTIVE_LOW_BSR_OUT_DFF[0].FDRE_BSR_N/Q
                         net (fo=18, routed)          0.523     2.611    design_1_i/axi_smc/inst/s00_nodes/s00_r_node/inst/s_sc_xpm_cdc_async_rst_inst/src_arst
    SLICE_X1Y20          FDCE                                         f  design_1_i/axi_smc/inst/s00_nodes/s00_r_node/inst/s_sc_xpm_cdc_async_rst_inst/arststages_ff_reg[2]/CLR  (IS_INVERTED)
  -------------------------------------------------------------------    -------------------

                         (clock clk_pl_0 rise edge)
                                                      0.000     0.000 r  
    PS8_X0Y0             PS8                          0.000     0.000 r  design_1_i/zynq_ultra_ps_e_0/inst/PS8_i/PLCLK[0]
                         net (fo=1, routed)           0.140     0.140    design_1_i/zynq_ultra_ps_e_0/inst/pl_clk_unbuffered[0]
    BUFG_PS_X0Y58        BUFG_PS (Prop_BUFG_PS_I_O)
                                                      0.027     0.167 r  design_1_i/zynq_ultra_ps_e_0/inst/buffer_pl_clk_0.PL_CLK_0_BUFG/O
    X0Y1 (CLOCK_ROOT)    net (fo=15423, routed)       1.559     1.726    design_1_i/axi_smc/inst/s00_nodes/s00_r_node/inst/s_sc_xpm_cdc_async_rst_inst/dest_clk
    SLICE_X1Y20          FDCE                                         r  design_1_i/axi_smc/inst/s00_nodes/s00_r_node/inst/s_sc_xpm_cdc_async_rst_inst/arststages_ff_reg[2]/C





Min Delay Paths
--------------------------------------------------------------------------------------
Slack:                    inf
  Source:                 design_1_i/axi_smc/inst/clk_map/psr_aclk/U0/ACTIVE_LOW_BSR_OUT_DFF[0].FDRE_BSR_N/C
                            (rising edge-triggered cell FDRE clocked by clk_pl_0  {rise@0.000ns fall@5.000ns period=10.000ns})
  Destination:            design_1_i/axi_smc/inst/s00_entry_pipeline/s00_transaction_regulator/inst/xpm_cdc_async_rst_inst/arststages_ff_reg[0]/CLR
                            (removal check against rising-edge clock clk_pl_0  {rise@0.000ns fall@5.000ns period=10.000ns})
  Path Group:             (none)
  Path Type:              Removal (Min at Fast Process Corner)
  Data Path Delay:        0.136ns  (logic 0.039ns (28.574%)  route 0.097ns (71.426%))
  Logic Levels:           0  
  Clock Path Skew:        0.144ns (DCD - SCD - CPR)
    Destination Clock Delay (DCD):    1.153ns
    Source Clock Delay      (SCD):    1.010ns
    Clock Pessimism Removal (CPR):    -0.000ns
  Clock Uncertainty:      0.176ns  ((TSJ^2 + DJ^2)^1/2) / 2 + PE
    Total System Jitter     (TSJ):    0.071ns
    Discrete Jitter          (DJ):    0.344ns
    Phase Error              (PE):    0.000ns
  Clock Net Delay (Source):      0.899ns (routing 0.324ns, distribution 0.575ns)
  Clock Net Delay (Destination): 1.015ns (routing 0.365ns, distribution 0.650ns)
  Timing Exception:       False Path

    Location             Delay type                Incr(ns)  Path(ns)    Netlist Resource(s)
  -------------------------------------------------------------------    -------------------
                         (clock clk_pl_0 rise edge)
                                                      0.000     0.000 r  
    PS8_X0Y0             PS8                          0.000     0.000 r  design_1_i/zynq_ultra_ps_e_0/inst/PS8_i/PLCLK[0]
                         net (fo=1, routed)           0.094     0.094    design_1_i/zynq_ultra_ps_e_0/inst/pl_clk_unbuffered[0]
    BUFG_PS_X0Y58        BUFG_PS (Prop_BUFG_PS_I_O)
                                                      0.017     0.111 r  design_1_i/zynq_ultra_ps_e_0/inst/buffer_pl_clk_0.PL_CLK_0_BUFG/O
    X0Y1 (CLOCK_ROOT)    net (fo=15423, routed)       0.899     1.010    design_1_i/axi_smc/inst/clk_map/psr_aclk/U0/aclk
    SLICE_X8Y18          FDRE                                         r  design_1_i/axi_smc/inst/clk_map/psr_aclk/U0/ACTIVE_LOW_BSR_OUT_DFF[0].FDRE_BSR_N/C
  -------------------------------------------------------------------    -------------------
    SLICE_X8Y18          FDRE (Prop_HFF_SLICEL_C_Q)
                                                      0.039     1.049 r  design_1_i/axi_smc/inst/clk_map/psr_aclk/U0/ACTIVE_LOW_BSR_OUT_DFF[0].FDRE_BSR_N/Q
                         net (fo=18, routed)          0.097     1.146    design_1_i/axi_smc/inst/s00_entry_pipeline/s00_transaction_regulator/inst/xpm_cdc_async_rst_inst/src_arst
    SLICE_X7Y19          FDCE                                         f  design_1_i/axi_smc/inst/s00_entry_pipeline/s00_transaction_regulator/inst/xpm_cdc_async_rst_inst/arststages_ff_reg[0]/CLR  (IS_INVERTED)
  -------------------------------------------------------------------    -------------------

                         (clock clk_pl_0 rise edge)
                                                      0.000     0.000 r  
    PS8_X0Y0             PS8                          0.000     0.000 r  design_1_i/zynq_ultra_ps_e_0/inst/PS8_i/PLCLK[0]
                         net (fo=1, routed)           0.120     0.120    design_1_i/zynq_ultra_ps_e_0/inst/pl_clk_unbuffered[0]
    BUFG_PS_X0Y58        BUFG_PS (Prop_BUFG_PS_I_O)
                                                      0.018     0.138 r  design_1_i/zynq_ultra_ps_e_0/inst/buffer_pl_clk_0.PL_CLK_0_BUFG/O
    X0Y1 (CLOCK_ROOT)    net (fo=15423, routed)       1.015     1.153    design_1_i/axi_smc/inst/s00_entry_pipeline/s00_transaction_regulator/inst/xpm_cdc_async_rst_inst/dest_clk
    SLICE_X7Y19          FDCE                                         r  design_1_i/axi_smc/inst/s00_entry_pipeline/s00_transaction_regulator/inst/xpm_cdc_async_rst_inst/arststages_ff_reg[0]/C

Slack:                    inf
  Source:                 design_1_i/axi_smc/inst/clk_map/psr_aclk/U0/ACTIVE_LOW_BSR_OUT_DFF[0].FDRE_BSR_N/C
                            (rising edge-triggered cell FDRE clocked by clk_pl_0  {rise@0.000ns fall@5.000ns period=10.000ns})
  Destination:            design_1_i/axi_smc/inst/s00_entry_pipeline/s00_transaction_regulator/inst/xpm_cdc_async_rst_inst/arststages_ff_reg[1]/CLR
                            (removal check against rising-edge clock clk_pl_0  {rise@0.000ns fall@5.000ns period=10.000ns})
  Path Group:             (none)
  Path Type:              Removal (Min at Fast Process Corner)
  Data Path Delay:        0.136ns  (logic 0.039ns (28.574%)  route 0.097ns (71.426%))
  Logic Levels:           0  
  Clock Path Skew:        0.144ns (DCD - SCD - CPR)
    Destination Clock Delay (DCD):    1.153ns
    Source Clock Delay      (SCD):    1.010ns
    Clock Pessimism Removal (CPR):    -0.000ns
  Clock Uncertainty:      0.176ns  ((TSJ^2 + DJ^2)^1/2) / 2 + PE
    Total System Jitter     (TSJ):    0.071ns
    Discrete Jitter          (DJ):    0.344ns
    Phase Error              (PE):    0.000ns
  Clock Net Delay (Source):      0.899ns (routing 0.324ns, distribution 0.575ns)
  Clock Net Delay (Destination): 1.015ns (routing 0.365ns, distribution 0.650ns)
  Timing Exception:       False Path

    Location             Delay type                Incr(ns)  Path(ns)    Netlist Resource(s)
  -------------------------------------------------------------------    -------------------
                         (clock clk_pl_0 rise edge)
                                                      0.000     0.000 r  
    PS8_X0Y0             PS8                          0.000     0.000 r  design_1_i/zynq_ultra_ps_e_0/inst/PS8_i/PLCLK[0]
                         net (fo=1, routed)           0.094     0.094    design_1_i/zynq_ultra_ps_e_0/inst/pl_clk_unbuffered[0]
    BUFG_PS_X0Y58        BUFG_PS (Prop_BUFG_PS_I_O)
                                                      0.017     0.111 r  design_1_i/zynq_ultra_ps_e_0/inst/buffer_pl_clk_0.PL_CLK_0_BUFG/O
    X0Y1 (CLOCK_ROOT)    net (fo=15423, routed)       0.899     1.010    design_1_i/axi_smc/inst/clk_map/psr_aclk/U0/aclk
    SLICE_X8Y18          FDRE                                         r  design_1_i/axi_smc/inst/clk_map/psr_aclk/U0/ACTIVE_LOW_BSR_OUT_DFF[0].FDRE_BSR_N/C
  -------------------------------------------------------------------    -------------------
    SLICE_X8Y18          FDRE (Prop_HFF_SLICEL_C_Q)
                                                      0.039     1.049 r  design_1_i/axi_smc/inst/clk_map/psr_aclk/U0/ACTIVE_LOW_BSR_OUT_DFF[0].FDRE_BSR_N/Q
                         net (fo=18, routed)          0.097     1.146    design_1_i/axi_smc/inst/s00_entry_pipeline/s00_transaction_regulator/inst/xpm_cdc_async_rst_inst/src_arst
    SLICE_X7Y19          FDCE                                         f  design_1_i/axi_smc/inst/s00_entry_pipeline/s00_transaction_regulator/inst/xpm_cdc_async_rst_inst/arststages_ff_reg[1]/CLR  (IS_INVERTED)
  -------------------------------------------------------------------    -------------------

                         (clock clk_pl_0 rise edge)
                                                      0.000     0.000 r  
    PS8_X0Y0             PS8                          0.000     0.000 r  design_1_i/zynq_ultra_ps_e_0/inst/PS8_i/PLCLK[0]
                         net (fo=1, routed)           0.120     0.120    design_1_i/zynq_ultra_ps_e_0/inst/pl_clk_unbuffered[0]
    BUFG_PS_X0Y58        BUFG_PS (Prop_BUFG_PS_I_O)
                                                      0.018     0.138 r  design_1_i/zynq_ultra_ps_e_0/inst/buffer_pl_clk_0.PL_CLK_0_BUFG/O
    X0Y1 (CLOCK_ROOT)    net (fo=15423, routed)       1.015     1.153    design_1_i/axi_smc/inst/s00_entry_pipeline/s00_transaction_regulator/inst/xpm_cdc_async_rst_inst/dest_clk
    SLICE_X7Y19          FDCE                                         r  design_1_i/axi_smc/inst/s00_entry_pipeline/s00_transaction_regulator/inst/xpm_cdc_async_rst_inst/arststages_ff_reg[1]/C

Slack:                    inf
  Source:                 design_1_i/axi_smc/inst/clk_map/psr_aclk/U0/ACTIVE_LOW_BSR_OUT_DFF[0].FDRE_BSR_N/C
                            (rising edge-triggered cell FDRE clocked by clk_pl_0  {rise@0.000ns fall@5.000ns period=10.000ns})
  Destination:            design_1_i/axi_smc/inst/s00_entry_pipeline/s00_transaction_regulator/inst/xpm_cdc_async_rst_inst/arststages_ff_reg[2]/CLR
                            (removal check against rising-edge clock clk_pl_0  {rise@0.000ns fall@5.000ns period=10.000ns})
  Path Group:             (none)
  Path Type:              Removal (Min at Fast Process Corner)
  Data Path Delay:        0.136ns  (logic 0.039ns (28.574%)  route 0.097ns (71.426%))
  Logic Levels:           0  
  Clock Path Skew:        0.144ns (DCD - SCD - CPR)
    Destination Clock Delay (DCD):    1.153ns
    Source Clock Delay      (SCD):    1.010ns
    Clock Pessimism Removal (CPR):    -0.000ns
  Clock Uncertainty:      0.176ns  ((TSJ^2 + DJ^2)^1/2) / 2 + PE
    Total System Jitter     (TSJ):    0.071ns
    Discrete Jitter          (DJ):    0.344ns
    Phase Error              (PE):    0.000ns
  Clock Net Delay (Source):      0.899ns (routing 0.324ns, distribution 0.575ns)
  Clock Net Delay (Destination): 1.015ns (routing 0.365ns, distribution 0.650ns)
  Timing Exception:       False Path

    Location             Delay type                Incr(ns)  Path(ns)    Netlist Resource(s)
  -------------------------------------------------------------------    -------------------
                         (clock clk_pl_0 rise edge)
                                                      0.000     0.000 r  
    PS8_X0Y0             PS8                          0.000     0.000 r  design_1_i/zynq_ultra_ps_e_0/inst/PS8_i/PLCLK[0]
                         net (fo=1, routed)           0.094     0.094    design_1_i/zynq_ultra_ps_e_0/inst/pl_clk_unbuffered[0]
    BUFG_PS_X0Y58        BUFG_PS (Prop_BUFG_PS_I_O)
                                                      0.017     0.111 r  design_1_i/zynq_ultra_ps_e_0/inst/buffer_pl_clk_0.PL_CLK_0_BUFG/O
    X0Y1 (CLOCK_ROOT)    net (fo=15423, routed)       0.899     1.010    design_1_i/axi_smc/inst/clk_map/psr_aclk/U0/aclk
    SLICE_X8Y18          FDRE                                         r  design_1_i/axi_smc/inst/clk_map/psr_aclk/U0/ACTIVE_LOW_BSR_OUT_DFF[0].FDRE_BSR_N/C
  -------------------------------------------------------------------    -------------------
    SLICE_X8Y18          FDRE (Prop_HFF_SLICEL_C_Q)
                                                      0.039     1.049 r  design_1_i/axi_smc/inst/clk_map/psr_aclk/U0/ACTIVE_LOW_BSR_OUT_DFF[0].FDRE_BSR_N/Q
                         net (fo=18, routed)          0.097     1.146    design_1_i/axi_smc/inst/s00_entry_pipeline/s00_transaction_regulator/inst/xpm_cdc_async_rst_inst/src_arst
    SLICE_X7Y19          FDCE                                         f  design_1_i/axi_smc/inst/s00_entry_pipeline/s00_transaction_regulator/inst/xpm_cdc_async_rst_inst/arststages_ff_reg[2]/CLR  (IS_INVERTED)
  -------------------------------------------------------------------    -------------------

                         (clock clk_pl_0 rise edge)
                                                      0.000     0.000 r  
    PS8_X0Y0             PS8                          0.000     0.000 r  design_1_i/zynq_ultra_ps_e_0/inst/PS8_i/PLCLK[0]
                         net (fo=1, routed)           0.120     0.120    design_1_i/zynq_ultra_ps_e_0/inst/pl_clk_unbuffered[0]
    BUFG_PS_X0Y58        BUFG_PS (Prop_BUFG_PS_I_O)
                                                      0.018     0.138 r  design_1_i/zynq_ultra_ps_e_0/inst/buffer_pl_clk_0.PL_CLK_0_BUFG/O
    X0Y1 (CLOCK_ROOT)    net (fo=15423, routed)       1.015     1.153    design_1_i/axi_smc/inst/s00_entry_pipeline/s00_transaction_regulator/inst/xpm_cdc_async_rst_inst/dest_clk
    SLICE_X7Y19          FDCE                                         r  design_1_i/axi_smc/inst/s00_entry_pipeline/s00_transaction_regulator/inst/xpm_cdc_async_rst_inst/arststages_ff_reg[2]/C

Slack:                    inf
  Source:                 design_1_i/axi_smc/inst/clk_map/psr_aclk/U0/ACTIVE_LOW_BSR_OUT_DFF[0].FDRE_BSR_N/C
                            (rising edge-triggered cell FDRE clocked by clk_pl_0  {rise@0.000ns fall@5.000ns period=10.000ns})
  Destination:            design_1_i/axi_smc/inst/s00_entry_pipeline/s00_mmu/inst/xpm_cdc_async_rst_inst/arststages_ff_reg[0]/CLR
                            (removal check against rising-edge clock clk_pl_0  {rise@0.000ns fall@5.000ns period=10.000ns})
  Path Group:             (none)
  Path Type:              Removal (Min at Fast Process Corner)
  Data Path Delay:        0.159ns  (logic 0.039ns (24.453%)  route 0.120ns (75.547%))
  Logic Levels:           0  
  Clock Path Skew:        0.143ns (DCD - SCD - CPR)
    Destination Clock Delay (DCD):    1.152ns
    Source Clock Delay      (SCD):    1.010ns
    Clock Pessimism Removal (CPR):    -0.000ns
  Clock Uncertainty:      0.176ns  ((TSJ^2 + DJ^2)^1/2) / 2 + PE
    Total System Jitter     (TSJ):    0.071ns
    Discrete Jitter          (DJ):    0.344ns
    Phase Error              (PE):    0.000ns
  Clock Net Delay (Source):      0.899ns (routing 0.324ns, distribution 0.575ns)
  Clock Net Delay (Destination): 1.014ns (routing 0.365ns, distribution 0.649ns)
  Timing Exception:       False Path

    Location             Delay type                Incr(ns)  Path(ns)    Netlist Resource(s)
  -------------------------------------------------------------------    -------------------
                         (clock clk_pl_0 rise edge)
                                                      0.000     0.000 r  
    PS8_X0Y0             PS8                          0.000     0.000 r  design_1_i/zynq_ultra_ps_e_0/inst/PS8_i/PLCLK[0]
                         net (fo=1, routed)           0.094     0.094    design_1_i/zynq_ultra_ps_e_0/inst/pl_clk_unbuffered[0]
    BUFG_PS_X0Y58        BUFG_PS (Prop_BUFG_PS_I_O)
                                                      0.017     0.111 r  design_1_i/zynq_ultra_ps_e_0/inst/buffer_pl_clk_0.PL_CLK_0_BUFG/O
    X0Y1 (CLOCK_ROOT)    net (fo=15423, routed)       0.899     1.010    design_1_i/axi_smc/inst/clk_map/psr_aclk/U0/aclk
    SLICE_X8Y18          FDRE                                         r  design_1_i/axi_smc/inst/clk_map/psr_aclk/U0/ACTIVE_LOW_BSR_OUT_DFF[0].FDRE_BSR_N/C
  -------------------------------------------------------------------    -------------------
    SLICE_X8Y18          FDRE (Prop_HFF_SLICEL_C_Q)
                                                      0.039     1.049 r  design_1_i/axi_smc/inst/clk_map/psr_aclk/U0/ACTIVE_LOW_BSR_OUT_DFF[0].FDRE_BSR_N/Q
                         net (fo=18, routed)          0.120     1.169    design_1_i/axi_smc/inst/s00_entry_pipeline/s00_mmu/inst/xpm_cdc_async_rst_inst/src_arst
    SLICE_X8Y20          FDCE                                         f  design_1_i/axi_smc/inst/s00_entry_pipeline/s00_mmu/inst/xpm_cdc_async_rst_inst/arststages_ff_reg[0]/CLR  (IS_INVERTED)
  -------------------------------------------------------------------    -------------------

                         (clock clk_pl_0 rise edge)
                                                      0.000     0.000 r  
    PS8_X0Y0             PS8                          0.000     0.000 r  design_1_i/zynq_ultra_ps_e_0/inst/PS8_i/PLCLK[0]
                         net (fo=1, routed)           0.120     0.120    design_1_i/zynq_ultra_ps_e_0/inst/pl_clk_unbuffered[0]
    BUFG_PS_X0Y58        BUFG_PS (Prop_BUFG_PS_I_O)
                                                      0.018     0.138 r  design_1_i/zynq_ultra_ps_e_0/inst/buffer_pl_clk_0.PL_CLK_0_BUFG/O
    X0Y1 (CLOCK_ROOT)    net (fo=15423, routed)       1.014     1.152    design_1_i/axi_smc/inst/s00_entry_pipeline/s00_mmu/inst/xpm_cdc_async_rst_inst/dest_clk
    SLICE_X8Y20          FDCE                                         r  design_1_i/axi_smc/inst/s00_entry_pipeline/s00_mmu/inst/xpm_cdc_async_rst_inst/arststages_ff_reg[0]/C

Slack:                    inf
  Source:                 design_1_i/axi_smc/inst/clk_map/psr_aclk/U0/ACTIVE_LOW_BSR_OUT_DFF[0].FDRE_BSR_N/C
                            (rising edge-triggered cell FDRE clocked by clk_pl_0  {rise@0.000ns fall@5.000ns period=10.000ns})
  Destination:            design_1_i/axi_smc/inst/s00_entry_pipeline/s00_mmu/inst/xpm_cdc_async_rst_inst/arststages_ff_reg[1]/CLR
                            (removal check against rising-edge clock clk_pl_0  {rise@0.000ns fall@5.000ns period=10.000ns})
  Path Group:             (none)
  Path Type:              Removal (Min at Fast Process Corner)
  Data Path Delay:        0.159ns  (logic 0.039ns (24.453%)  route 0.120ns (75.547%))
  Logic Levels:           0  
  Clock Path Skew:        0.143ns (DCD - SCD - CPR)
    Destination Clock Delay (DCD):    1.152ns
    Source Clock Delay      (SCD):    1.010ns
    Clock Pessimism Removal (CPR):    -0.000ns
  Clock Uncertainty:      0.176ns  ((TSJ^2 + DJ^2)^1/2) / 2 + PE
    Total System Jitter     (TSJ):    0.071ns
    Discrete Jitter          (DJ):    0.344ns
    Phase Error              (PE):    0.000ns
  Clock Net Delay (Source):      0.899ns (routing 0.324ns, distribution 0.575ns)
  Clock Net Delay (Destination): 1.014ns (routing 0.365ns, distribution 0.649ns)
  Timing Exception:       False Path

    Location             Delay type                Incr(ns)  Path(ns)    Netlist Resource(s)
  -------------------------------------------------------------------    -------------------
                         (clock clk_pl_0 rise edge)
                                                      0.000     0.000 r  
    PS8_X0Y0             PS8                          0.000     0.000 r  design_1_i/zynq_ultra_ps_e_0/inst/PS8_i/PLCLK[0]
                         net (fo=1, routed)           0.094     0.094    design_1_i/zynq_ultra_ps_e_0/inst/pl_clk_unbuffered[0]
    BUFG_PS_X0Y58        BUFG_PS (Prop_BUFG_PS_I_O)
                                                      0.017     0.111 r  design_1_i/zynq_ultra_ps_e_0/inst/buffer_pl_clk_0.PL_CLK_0_BUFG/O
    X0Y1 (CLOCK_ROOT)    net (fo=15423, routed)       0.899     1.010    design_1_i/axi_smc/inst/clk_map/psr_aclk/U0/aclk
    SLICE_X8Y18          FDRE                                         r  design_1_i/axi_smc/inst/clk_map/psr_aclk/U0/ACTIVE_LOW_BSR_OUT_DFF[0].FDRE_BSR_N/C
  -------------------------------------------------------------------    -------------------
    SLICE_X8Y18          FDRE (Prop_HFF_SLICEL_C_Q)
                                                      0.039     1.049 r  design_1_i/axi_smc/inst/clk_map/psr_aclk/U0/ACTIVE_LOW_BSR_OUT_DFF[0].FDRE_BSR_N/Q
                         net (fo=18, routed)          0.120     1.169    design_1_i/axi_smc/inst/s00_entry_pipeline/s00_mmu/inst/xpm_cdc_async_rst_inst/src_arst
    SLICE_X8Y20          FDCE                                         f  design_1_i/axi_smc/inst/s00_entry_pipeline/s00_mmu/inst/xpm_cdc_async_rst_inst/arststages_ff_reg[1]/CLR  (IS_INVERTED)
  -------------------------------------------------------------------    -------------------

                         (clock clk_pl_0 rise edge)
                                                      0.000     0.000 r  
    PS8_X0Y0             PS8                          0.000     0.000 r  design_1_i/zynq_ultra_ps_e_0/inst/PS8_i/PLCLK[0]
                         net (fo=1, routed)           0.120     0.120    design_1_i/zynq_ultra_ps_e_0/inst/pl_clk_unbuffered[0]
    BUFG_PS_X0Y58        BUFG_PS (Prop_BUFG_PS_I_O)
                                                      0.018     0.138 r  design_1_i/zynq_ultra_ps_e_0/inst/buffer_pl_clk_0.PL_CLK_0_BUFG/O
    X0Y1 (CLOCK_ROOT)    net (fo=15423, routed)       1.014     1.152    design_1_i/axi_smc/inst/s00_entry_pipeline/s00_mmu/inst/xpm_cdc_async_rst_inst/dest_clk
    SLICE_X8Y20          FDCE                                         r  design_1_i/axi_smc/inst/s00_entry_pipeline/s00_mmu/inst/xpm_cdc_async_rst_inst/arststages_ff_reg[1]/C

Slack:                    inf
  Source:                 design_1_i/axi_smc/inst/clk_map/psr_aclk/U0/ACTIVE_LOW_BSR_OUT_DFF[0].FDRE_BSR_N/C
                            (rising edge-triggered cell FDRE clocked by clk_pl_0  {rise@0.000ns fall@5.000ns period=10.000ns})
  Destination:            design_1_i/axi_smc/inst/s00_entry_pipeline/s00_mmu/inst/xpm_cdc_async_rst_inst/arststages_ff_reg[2]/CLR
                            (removal check against rising-edge clock clk_pl_0  {rise@0.000ns fall@5.000ns period=10.000ns})
  Path Group:             (none)
  Path Type:              Removal (Min at Fast Process Corner)
  Data Path Delay:        0.159ns  (logic 0.039ns (24.453%)  route 0.120ns (75.547%))
  Logic Levels:           0  
  Clock Path Skew:        0.143ns (DCD - SCD - CPR)
    Destination Clock Delay (DCD):    1.152ns
    Source Clock Delay      (SCD):    1.010ns
    Clock Pessimism Removal (CPR):    -0.000ns
  Clock Uncertainty:      0.176ns  ((TSJ^2 + DJ^2)^1/2) / 2 + PE
    Total System Jitter     (TSJ):    0.071ns
    Discrete Jitter          (DJ):    0.344ns
    Phase Error              (PE):    0.000ns
  Clock Net Delay (Source):      0.899ns (routing 0.324ns, distribution 0.575ns)
  Clock Net Delay (Destination): 1.014ns (routing 0.365ns, distribution 0.649ns)
  Timing Exception:       False Path

    Location             Delay type                Incr(ns)  Path(ns)    Netlist Resource(s)
  -------------------------------------------------------------------    -------------------
                         (clock clk_pl_0 rise edge)
                                                      0.000     0.000 r  
    PS8_X0Y0             PS8                          0.000     0.000 r  design_1_i/zynq_ultra_ps_e_0/inst/PS8_i/PLCLK[0]
                         net (fo=1, routed)           0.094     0.094    design_1_i/zynq_ultra_ps_e_0/inst/pl_clk_unbuffered[0]
    BUFG_PS_X0Y58        BUFG_PS (Prop_BUFG_PS_I_O)
                                                      0.017     0.111 r  design_1_i/zynq_ultra_ps_e_0/inst/buffer_pl_clk_0.PL_CLK_0_BUFG/O
    X0Y1 (CLOCK_ROOT)    net (fo=15423, routed)       0.899     1.010    design_1_i/axi_smc/inst/clk_map/psr_aclk/U0/aclk
    SLICE_X8Y18          FDRE                                         r  design_1_i/axi_smc/inst/clk_map/psr_aclk/U0/ACTIVE_LOW_BSR_OUT_DFF[0].FDRE_BSR_N/C
  -------------------------------------------------------------------    -------------------
    SLICE_X8Y18          FDRE (Prop_HFF_SLICEL_C_Q)
                                                      0.039     1.049 r  design_1_i/axi_smc/inst/clk_map/psr_aclk/U0/ACTIVE_LOW_BSR_OUT_DFF[0].FDRE_BSR_N/Q
                         net (fo=18, routed)          0.120     1.169    design_1_i/axi_smc/inst/s00_entry_pipeline/s00_mmu/inst/xpm_cdc_async_rst_inst/src_arst
    SLICE_X8Y20          FDCE                                         f  design_1_i/axi_smc/inst/s00_entry_pipeline/s00_mmu/inst/xpm_cdc_async_rst_inst/arststages_ff_reg[2]/CLR  (IS_INVERTED)
  -------------------------------------------------------------------    -------------------

                         (clock clk_pl_0 rise edge)
                                                      0.000     0.000 r  
    PS8_X0Y0             PS8                          0.000     0.000 r  design_1_i/zynq_ultra_ps_e_0/inst/PS8_i/PLCLK[0]
                         net (fo=1, routed)           0.120     0.120    design_1_i/zynq_ultra_ps_e_0/inst/pl_clk_unbuffered[0]
    BUFG_PS_X0Y58        BUFG_PS (Prop_BUFG_PS_I_O)
                                                      0.018     0.138 r  design_1_i/zynq_ultra_ps_e_0/inst/buffer_pl_clk_0.PL_CLK_0_BUFG/O
    X0Y1 (CLOCK_ROOT)    net (fo=15423, routed)       1.014     1.152    design_1_i/axi_smc/inst/s00_entry_pipeline/s00_mmu/inst/xpm_cdc_async_rst_inst/dest_clk
    SLICE_X8Y20          FDCE                                         r  design_1_i/axi_smc/inst/s00_entry_pipeline/s00_mmu/inst/xpm_cdc_async_rst_inst/arststages_ff_reg[2]/C

Slack:                    inf
  Source:                 design_1_i/axi_smc/inst/clk_map/psr_aclk/U0/ACTIVE_LOW_BSR_OUT_DFF[0].FDRE_BSR_N/C
                            (rising edge-triggered cell FDRE clocked by clk_pl_0  {rise@0.000ns fall@5.000ns period=10.000ns})
  Destination:            design_1_i/axi_smc/inst/s00_entry_pipeline/s00_si_converter/inst/xpm_cdc_async_rst_inst/arststages_ff_reg[0]/CLR
                            (removal check against rising-edge clock clk_pl_0  {rise@0.000ns fall@5.000ns period=10.000ns})
  Path Group:             (none)
  Path Type:              Removal (Min at Fast Process Corner)
  Data Path Delay:        0.192ns  (logic 0.039ns (20.346%)  route 0.153ns (79.654%))
  Logic Levels:           0  
  Clock Path Skew:        0.147ns (DCD - SCD - CPR)
    Destination Clock Delay (DCD):    1.156ns
    Source Clock Delay      (SCD):    1.010ns
    Clock Pessimism Removal (CPR):    -0.000ns
  Clock Uncertainty:      0.176ns  ((TSJ^2 + DJ^2)^1/2) / 2 + PE
    Total System Jitter     (TSJ):    0.071ns
    Discrete Jitter          (DJ):    0.344ns
    Phase Error              (PE):    0.000ns
  Clock Net Delay (Source):      0.899ns (routing 0.324ns, distribution 0.575ns)
  Clock Net Delay (Destination): 1.018ns (routing 0.365ns, distribution 0.653ns)
  Timing Exception:       False Path

    Location             Delay type                Incr(ns)  Path(ns)    Netlist Resource(s)
  -------------------------------------------------------------------    -------------------
                         (clock clk_pl_0 rise edge)
                                                      0.000     0.000 r  
    PS8_X0Y0             PS8                          0.000     0.000 r  design_1_i/zynq_ultra_ps_e_0/inst/PS8_i/PLCLK[0]
                         net (fo=1, routed)           0.094     0.094    design_1_i/zynq_ultra_ps_e_0/inst/pl_clk_unbuffered[0]
    BUFG_PS_X0Y58        BUFG_PS (Prop_BUFG_PS_I_O)
                                                      0.017     0.111 r  design_1_i/zynq_ultra_ps_e_0/inst/buffer_pl_clk_0.PL_CLK_0_BUFG/O
    X0Y1 (CLOCK_ROOT)    net (fo=15423, routed)       0.899     1.010    design_1_i/axi_smc/inst/clk_map/psr_aclk/U0/aclk
    SLICE_X8Y18          FDRE                                         r  design_1_i/axi_smc/inst/clk_map/psr_aclk/U0/ACTIVE_LOW_BSR_OUT_DFF[0].FDRE_BSR_N/C
  -------------------------------------------------------------------    -------------------
    SLICE_X8Y18          FDRE (Prop_HFF_SLICEL_C_Q)
                                                      0.039     1.049 r  design_1_i/axi_smc/inst/clk_map/psr_aclk/U0/ACTIVE_LOW_BSR_OUT_DFF[0].FDRE_BSR_N/Q
                         net (fo=18, routed)          0.153     1.201    design_1_i/axi_smc/inst/s00_entry_pipeline/s00_si_converter/inst/xpm_cdc_async_rst_inst/src_arst
    SLICE_X6Y21          FDCE                                         f  design_1_i/axi_smc/inst/s00_entry_pipeline/s00_si_converter/inst/xpm_cdc_async_rst_inst/arststages_ff_reg[0]/CLR  (IS_INVERTED)
  -------------------------------------------------------------------    -------------------

                         (clock clk_pl_0 rise edge)
                                                      0.000     0.000 r  
    PS8_X0Y0             PS8                          0.000     0.000 r  design_1_i/zynq_ultra_ps_e_0/inst/PS8_i/PLCLK[0]
                         net (fo=1, routed)           0.120     0.120    design_1_i/zynq_ultra_ps_e_0/inst/pl_clk_unbuffered[0]
    BUFG_PS_X0Y58        BUFG_PS (Prop_BUFG_PS_I_O)
                                                      0.018     0.138 r  design_1_i/zynq_ultra_ps_e_0/inst/buffer_pl_clk_0.PL_CLK_0_BUFG/O
    X0Y1 (CLOCK_ROOT)    net (fo=15423, routed)       1.018     1.156    design_1_i/axi_smc/inst/s00_entry_pipeline/s00_si_converter/inst/xpm_cdc_async_rst_inst/dest_clk
    SLICE_X6Y21          FDCE                                         r  design_1_i/axi_smc/inst/s00_entry_pipeline/s00_si_converter/inst/xpm_cdc_async_rst_inst/arststages_ff_reg[0]/C

Slack:                    inf
  Source:                 design_1_i/axi_smc/inst/clk_map/psr_aclk/U0/ACTIVE_LOW_BSR_OUT_DFF[0].FDRE_BSR_N/C
                            (rising edge-triggered cell FDRE clocked by clk_pl_0  {rise@0.000ns fall@5.000ns period=10.000ns})
  Destination:            design_1_i/axi_smc/inst/s00_entry_pipeline/s00_si_converter/inst/xpm_cdc_async_rst_inst/arststages_ff_reg[1]/CLR
                            (removal check against rising-edge clock clk_pl_0  {rise@0.000ns fall@5.000ns period=10.000ns})
  Path Group:             (none)
  Path Type:              Removal (Min at Fast Process Corner)
  Data Path Delay:        0.192ns  (logic 0.039ns (20.346%)  route 0.153ns (79.654%))
  Logic Levels:           0  
  Clock Path Skew:        0.147ns (DCD - SCD - CPR)
    Destination Clock Delay (DCD):    1.156ns
    Source Clock Delay      (SCD):    1.010ns
    Clock Pessimism Removal (CPR):    -0.000ns
  Clock Uncertainty:      0.176ns  ((TSJ^2 + DJ^2)^1/2) / 2 + PE
    Total System Jitter     (TSJ):    0.071ns
    Discrete Jitter          (DJ):    0.344ns
    Phase Error              (PE):    0.000ns
  Clock Net Delay (Source):      0.899ns (routing 0.324ns, distribution 0.575ns)
  Clock Net Delay (Destination): 1.018ns (routing 0.365ns, distribution 0.653ns)
  Timing Exception:       False Path

    Location             Delay type                Incr(ns)  Path(ns)    Netlist Resource(s)
  -------------------------------------------------------------------    -------------------
                         (clock clk_pl_0 rise edge)
                                                      0.000     0.000 r  
    PS8_X0Y0             PS8                          0.000     0.000 r  design_1_i/zynq_ultra_ps_e_0/inst/PS8_i/PLCLK[0]
                         net (fo=1, routed)           0.094     0.094    design_1_i/zynq_ultra_ps_e_0/inst/pl_clk_unbuffered[0]
    BUFG_PS_X0Y58        BUFG_PS (Prop_BUFG_PS_I_O)
                                                      0.017     0.111 r  design_1_i/zynq_ultra_ps_e_0/inst/buffer_pl_clk_0.PL_CLK_0_BUFG/O
    X0Y1 (CLOCK_ROOT)    net (fo=15423, routed)       0.899     1.010    design_1_i/axi_smc/inst/clk_map/psr_aclk/U0/aclk
    SLICE_X8Y18          FDRE                                         r  design_1_i/axi_smc/inst/clk_map/psr_aclk/U0/ACTIVE_LOW_BSR_OUT_DFF[0].FDRE_BSR_N/C
  -------------------------------------------------------------------    -------------------
    SLICE_X8Y18          FDRE (Prop_HFF_SLICEL_C_Q)
                                                      0.039     1.049 r  design_1_i/axi_smc/inst/clk_map/psr_aclk/U0/ACTIVE_LOW_BSR_OUT_DFF[0].FDRE_BSR_N/Q
                         net (fo=18, routed)          0.153     1.201    design_1_i/axi_smc/inst/s00_entry_pipeline/s00_si_converter/inst/xpm_cdc_async_rst_inst/src_arst
    SLICE_X6Y21          FDCE                                         f  design_1_i/axi_smc/inst/s00_entry_pipeline/s00_si_converter/inst/xpm_cdc_async_rst_inst/arststages_ff_reg[1]/CLR  (IS_INVERTED)
  -------------------------------------------------------------------    -------------------

                         (clock clk_pl_0 rise edge)
                                                      0.000     0.000 r  
    PS8_X0Y0             PS8                          0.000     0.000 r  design_1_i/zynq_ultra_ps_e_0/inst/PS8_i/PLCLK[0]
                         net (fo=1, routed)           0.120     0.120    design_1_i/zynq_ultra_ps_e_0/inst/pl_clk_unbuffered[0]
    BUFG_PS_X0Y58        BUFG_PS (Prop_BUFG_PS_I_O)
                                                      0.018     0.138 r  design_1_i/zynq_ultra_ps_e_0/inst/buffer_pl_clk_0.PL_CLK_0_BUFG/O
    X0Y1 (CLOCK_ROOT)    net (fo=15423, routed)       1.018     1.156    design_1_i/axi_smc/inst/s00_entry_pipeline/s00_si_converter/inst/xpm_cdc_async_rst_inst/dest_clk
    SLICE_X6Y21          FDCE                                         r  design_1_i/axi_smc/inst/s00_entry_pipeline/s00_si_converter/inst/xpm_cdc_async_rst_inst/arststages_ff_reg[1]/C

Slack:                    inf
  Source:                 design_1_i/axi_smc/inst/clk_map/psr_aclk/U0/ACTIVE_LOW_BSR_OUT_DFF[0].FDRE_BSR_N/C
                            (rising edge-triggered cell FDRE clocked by clk_pl_0  {rise@0.000ns fall@5.000ns period=10.000ns})
  Destination:            design_1_i/axi_smc/inst/s00_entry_pipeline/s00_si_converter/inst/xpm_cdc_async_rst_inst/arststages_ff_reg[2]/CLR
                            (removal check against rising-edge clock clk_pl_0  {rise@0.000ns fall@5.000ns period=10.000ns})
  Path Group:             (none)
  Path Type:              Removal (Min at Fast Process Corner)
  Data Path Delay:        0.192ns  (logic 0.039ns (20.346%)  route 0.153ns (79.654%))
  Logic Levels:           0  
  Clock Path Skew:        0.147ns (DCD - SCD - CPR)
    Destination Clock Delay (DCD):    1.156ns
    Source Clock Delay      (SCD):    1.010ns
    Clock Pessimism Removal (CPR):    -0.000ns
  Clock Uncertainty:      0.176ns  ((TSJ^2 + DJ^2)^1/2) / 2 + PE
    Total System Jitter     (TSJ):    0.071ns
    Discrete Jitter          (DJ):    0.344ns
    Phase Error              (PE):    0.000ns
  Clock Net Delay (Source):      0.899ns (routing 0.324ns, distribution 0.575ns)
  Clock Net Delay (Destination): 1.018ns (routing 0.365ns, distribution 0.653ns)
  Timing Exception:       False Path

    Location             Delay type                Incr(ns)  Path(ns)    Netlist Resource(s)
  -------------------------------------------------------------------    -------------------
                         (clock clk_pl_0 rise edge)
                                                      0.000     0.000 r  
    PS8_X0Y0             PS8                          0.000     0.000 r  design_1_i/zynq_ultra_ps_e_0/inst/PS8_i/PLCLK[0]
                         net (fo=1, routed)           0.094     0.094    design_1_i/zynq_ultra_ps_e_0/inst/pl_clk_unbuffered[0]
    BUFG_PS_X0Y58        BUFG_PS (Prop_BUFG_PS_I_O)
                                                      0.017     0.111 r  design_1_i/zynq_ultra_ps_e_0/inst/buffer_pl_clk_0.PL_CLK_0_BUFG/O
    X0Y1 (CLOCK_ROOT)    net (fo=15423, routed)       0.899     1.010    design_1_i/axi_smc/inst/clk_map/psr_aclk/U0/aclk
    SLICE_X8Y18          FDRE                                         r  design_1_i/axi_smc/inst/clk_map/psr_aclk/U0/ACTIVE_LOW_BSR_OUT_DFF[0].FDRE_BSR_N/C
  -------------------------------------------------------------------    -------------------
    SLICE_X8Y18          FDRE (Prop_HFF_SLICEL_C_Q)
                                                      0.039     1.049 r  design_1_i/axi_smc/inst/clk_map/psr_aclk/U0/ACTIVE_LOW_BSR_OUT_DFF[0].FDRE_BSR_N/Q
                         net (fo=18, routed)          0.153     1.201    design_1_i/axi_smc/inst/s00_entry_pipeline/s00_si_converter/inst/xpm_cdc_async_rst_inst/src_arst
    SLICE_X6Y21          FDCE                                         f  design_1_i/axi_smc/inst/s00_entry_pipeline/s00_si_converter/inst/xpm_cdc_async_rst_inst/arststages_ff_reg[2]/CLR  (IS_INVERTED)
  -------------------------------------------------------------------    -------------------

                         (clock clk_pl_0 rise edge)
                                                      0.000     0.000 r  
    PS8_X0Y0             PS8                          0.000     0.000 r  design_1_i/zynq_ultra_ps_e_0/inst/PS8_i/PLCLK[0]
                         net (fo=1, routed)           0.120     0.120    design_1_i/zynq_ultra_ps_e_0/inst/pl_clk_unbuffered[0]
    BUFG_PS_X0Y58        BUFG_PS (Prop_BUFG_PS_I_O)
                                                      0.018     0.138 r  design_1_i/zynq_ultra_ps_e_0/inst/buffer_pl_clk_0.PL_CLK_0_BUFG/O
    X0Y1 (CLOCK_ROOT)    net (fo=15423, routed)       1.018     1.156    design_1_i/axi_smc/inst/s00_entry_pipeline/s00_si_converter/inst/xpm_cdc_async_rst_inst/dest_clk
    SLICE_X6Y21          FDCE                                         r  design_1_i/axi_smc/inst/s00_entry_pipeline/s00_si_converter/inst/xpm_cdc_async_rst_inst/arststages_ff_reg[2]/C

Slack:                    inf
  Source:                 design_1_i/axi_smc/inst/clk_map/psr_aclk/U0/ACTIVE_LOW_BSR_OUT_DFF[0].FDRE_BSR_N/C
                            (rising edge-triggered cell FDRE clocked by clk_pl_0  {rise@0.000ns fall@5.000ns period=10.000ns})
  Destination:            design_1_i/axi_smc/inst/s00_nodes/s00_ar_node/inst/s_sc_xpm_cdc_async_rst_inst/arststages_ff_reg[0]/CLR
                            (removal check against rising-edge clock clk_pl_0  {rise@0.000ns fall@5.000ns period=10.000ns})
  Path Group:             (none)
  Path Type:              Removal (Min at Fast Process Corner)
  Data Path Delay:        0.199ns  (logic 0.039ns (19.630%)  route 0.160ns (80.370%))
  Logic Levels:           0  
  Clock Path Skew:        0.151ns (DCD - SCD - CPR)
    Destination Clock Delay (DCD):    1.160ns
    Source Clock Delay      (SCD):    1.010ns
    Clock Pessimism Removal (CPR):    -0.000ns
  Clock Uncertainty:      0.176ns  ((TSJ^2 + DJ^2)^1/2) / 2 + PE
    Total System Jitter     (TSJ):    0.071ns
    Discrete Jitter          (DJ):    0.344ns
    Phase Error              (PE):    0.000ns
  Clock Net Delay (Source):      0.899ns (routing 0.324ns, distribution 0.575ns)
  Clock Net Delay (Destination): 1.022ns (routing 0.365ns, distribution 0.657ns)
  Timing Exception:       False Path

    Location             Delay type                Incr(ns)  Path(ns)    Netlist Resource(s)
  -------------------------------------------------------------------    -------------------
                         (clock clk_pl_0 rise edge)
                                                      0.000     0.000 r  
    PS8_X0Y0             PS8                          0.000     0.000 r  design_1_i/zynq_ultra_ps_e_0/inst/PS8_i/PLCLK[0]
                         net (fo=1, routed)           0.094     0.094    design_1_i/zynq_ultra_ps_e_0/inst/pl_clk_unbuffered[0]
    BUFG_PS_X0Y58        BUFG_PS (Prop_BUFG_PS_I_O)
                                                      0.017     0.111 r  design_1_i/zynq_ultra_ps_e_0/inst/buffer_pl_clk_0.PL_CLK_0_BUFG/O
    X0Y1 (CLOCK_ROOT)    net (fo=15423, routed)       0.899     1.010    design_1_i/axi_smc/inst/clk_map/psr_aclk/U0/aclk
    SLICE_X8Y18          FDRE                                         r  design_1_i/axi_smc/inst/clk_map/psr_aclk/U0/ACTIVE_LOW_BSR_OUT_DFF[0].FDRE_BSR_N/C
  -------------------------------------------------------------------    -------------------
    SLICE_X8Y18          FDRE (Prop_HFF_SLICEL_C_Q)
                                                      0.039     1.049 r  design_1_i/axi_smc/inst/clk_map/psr_aclk/U0/ACTIVE_LOW_BSR_OUT_DFF[0].FDRE_BSR_N/Q
                         net (fo=18, routed)          0.160     1.208    design_1_i/axi_smc/inst/s00_nodes/s00_ar_node/inst/s_sc_xpm_cdc_async_rst_inst/src_arst
    SLICE_X5Y21          FDCE                                         f  design_1_i/axi_smc/inst/s00_nodes/s00_ar_node/inst/s_sc_xpm_cdc_async_rst_inst/arststages_ff_reg[0]/CLR  (IS_INVERTED)
  -------------------------------------------------------------------    -------------------

                         (clock clk_pl_0 rise edge)
                                                      0.000     0.000 r  
    PS8_X0Y0             PS8                          0.000     0.000 r  design_1_i/zynq_ultra_ps_e_0/inst/PS8_i/PLCLK[0]
                         net (fo=1, routed)           0.120     0.120    design_1_i/zynq_ultra_ps_e_0/inst/pl_clk_unbuffered[0]
    BUFG_PS_X0Y58        BUFG_PS (Prop_BUFG_PS_I_O)
                                                      0.018     0.138 r  design_1_i/zynq_ultra_ps_e_0/inst/buffer_pl_clk_0.PL_CLK_0_BUFG/O
    X0Y1 (CLOCK_ROOT)    net (fo=15423, routed)       1.022     1.160    design_1_i/axi_smc/inst/s00_nodes/s00_ar_node/inst/s_sc_xpm_cdc_async_rst_inst/dest_clk
    SLICE_X5Y21          FDCE                                         r  design_1_i/axi_smc/inst/s00_nodes/s00_ar_node/inst/s_sc_xpm_cdc_async_rst_inst/arststages_ff_reg[0]/C





--------------------------------------------------------------------------------------
Path Group:  (none)
From Clock:  
  To Clock:  clk_pl_0

Max Delay          1982 Endpoints
Min Delay          1982 Endpoints
--------------------------------------------------------------------------------------


Max Delay Paths
--------------------------------------------------------------------------------------
Slack:                    inf
  Source:                 design_1_i/cnn_predict_0/inst/fadd_32ns_32ns_32_5_full_dsp_1_U84/cnn_predict_fadd_32ns_32ns_32_5_full_dsp_1_ip_u/inst/i_synth/ADDSUB_OP.ADDSUB/DSP.OP/DSP48E1_BODY.NORM_RND/FULL_USAGE_DSP.SHIFT_RND/i_no_versal_es1_workaround.DSP/DSP_C_DATA_INST/C_DATA[16]
                            (internal pin)
  Destination:            design_1_i/cnn_predict_0/inst/add_i_reg_843_reg[14]/D
                            (rising edge-triggered cell FDRE clocked by clk_pl_0  {rise@0.000ns fall@5.000ns period=10.000ns})
  Path Group:             (none)
  Path Type:              Setup (Max at Slow Process Corner)
  Data Path Delay:        3.014ns  (logic 1.021ns (33.876%)  route 1.993ns (66.124%))
  Logic Levels:           3  (DSP_ALU=1 DSP_OUTPUT=1 LUT3=1)
  Clock Uncertainty:      0.174ns  ((TSJ^2 + DJ^2)^1/2) / 2 + PE
    Total System Jitter     (TSJ):    0.050ns
    Discrete Jitter          (DJ):    0.344ns
    Phase Error              (PE):    0.000ns
  Clock Net Delay (Destination): 1.537ns (routing 0.576ns, distribution 0.961ns)

    Location             Delay type                Incr(ns)  Path(ns)    Netlist Resource(s)
  -------------------------------------------------------------------    -------------------
    DSP48E2_X0Y33        DSP_C_DATA                   0.000     0.000 r  design_1_i/cnn_predict_0/inst/fadd_32ns_32ns_32_5_full_dsp_1_U84/cnn_predict_fadd_32ns_32ns_32_5_full_dsp_1_ip_u/inst/i_synth/ADDSUB_OP.ADDSUB/DSP.OP/DSP48E1_BODY.NORM_RND/FULL_USAGE_DSP.SHIFT_RND/i_no_versal_es1_workaround.DSP/DSP_C_DATA_INST/C_DATA[16]
                         net (fo=2, routed)           0.000     0.000    design_1_i/cnn_predict_0/inst/fadd_32ns_32ns_32_5_full_dsp_1_U84/cnn_predict_fadd_32ns_32ns_32_5_full_dsp_1_ip_u/inst/i_synth/ADDSUB_OP.ADDSUB/DSP.OP/DSP48E1_BODY.NORM_RND/FULL_USAGE_DSP.SHIFT_RND/i_no_versal_es1_workaround.DSP/DSP_C_DATA.C_DATA<16>
    DSP48E2_X0Y33        DSP_ALU (Prop_DSP_ALU_DSP48E2_C_DATA[16]_ALU_OUT[16])
                                                      0.744     0.744 f  design_1_i/cnn_predict_0/inst/fadd_32ns_32ns_32_5_full_dsp_1_U84/cnn_predict_fadd_32ns_32ns_32_5_full_dsp_1_ip_u/inst/i_synth/ADDSUB_OP.ADDSUB/DSP.OP/DSP48E1_BODY.NORM_RND/FULL_USAGE_DSP.SHIFT_RND/i_no_versal_es1_workaround.DSP/DSP_ALU_INST/ALU_OUT[16]
                         net (fo=1, routed)           0.000     0.744    design_1_i/cnn_predict_0/inst/fadd_32ns_32ns_32_5_full_dsp_1_U84/cnn_predict_fadd_32ns_32ns_32_5_full_dsp_1_ip_u/inst/i_synth/ADDSUB_OP.ADDSUB/DSP.OP/DSP48E1_BODY.NORM_RND/FULL_USAGE_DSP.SHIFT_RND/i_no_versal_es1_workaround.DSP/DSP_ALU.ALU_OUT<16>
    DSP48E2_X0Y33        DSP_OUTPUT (Prop_DSP_OUTPUT_DSP48E2_ALU_OUT[16]_P[16])
                                                      0.141     0.885 r  design_1_i/cnn_predict_0/inst/fadd_32ns_32ns_32_5_full_dsp_1_U84/cnn_predict_fadd_32ns_32ns_32_5_full_dsp_1_ip_u/inst/i_synth/ADDSUB_OP.ADDSUB/DSP.OP/DSP48E1_BODY.NORM_RND/FULL_USAGE_DSP.SHIFT_RND/i_no_versal_es1_workaround.DSP/DSP_OUTPUT_INST/P[16]
                         net (fo=1, routed)           0.364     1.249    design_1_i/cnn_predict_0/inst/fadd_32ns_32ns_32_5_full_dsp_1_U84/cnn_predict_fadd_32ns_32ns_32_5_full_dsp_1_ip_u/inst/i_synth/ADDSUB_OP.ADDSUB/DSP.OP/DSP48E1_BODY.EXP/STATE_DELAY/i_pipe/P[14]
    SLICE_X7Y81          LUT3 (Prop_D5LUT_SLICEL_I0_O)
                                                      0.136     1.385 r  design_1_i/cnn_predict_0/inst/fadd_32ns_32ns_32_5_full_dsp_1_U84/cnn_predict_fadd_32ns_32ns_32_5_full_dsp_1_ip_u/inst/i_synth/ADDSUB_OP.ADDSUB/DSP.OP/DSP48E1_BODY.EXP/STATE_DELAY/i_pipe/mant_op_inferred_i_9/O
                         net (fo=14, routed)          1.629     3.014    design_1_i/cnn_predict_0/inst/r_tdata[14]
    SLICE_X5Y61          FDRE                                         r  design_1_i/cnn_predict_0/inst/add_i_reg_843_reg[14]/D
  -------------------------------------------------------------------    -------------------

                         (clock clk_pl_0 rise edge)
                                                      0.000     0.000 r  
    PS8_X0Y0             PS8                          0.000     0.000 r  design_1_i/zynq_ultra_ps_e_0/inst/PS8_i/PLCLK[0]
                         net (fo=1, routed)           0.140     0.140    design_1_i/zynq_ultra_ps_e_0/inst/pl_clk_unbuffered[0]
    BUFG_PS_X0Y58        BUFG_PS (Prop_BUFG_PS_I_O)
                                                      0.027     0.167 r  design_1_i/zynq_ultra_ps_e_0/inst/buffer_pl_clk_0.PL_CLK_0_BUFG/O
    X0Y1 (CLOCK_ROOT)    net (fo=15423, routed)       1.537     1.704    design_1_i/cnn_predict_0/inst/ap_clk
    SLICE_X5Y61          FDRE                                         r  design_1_i/cnn_predict_0/inst/add_i_reg_843_reg[14]/C

Slack:                    inf
  Source:                 design_1_i/cnn_predict_0/inst/fexp_32ns_32ns_32_8_full_dsp_1_U86/cnn_predict_fexp_32ns_32ns_32_8_full_dsp_1_ip_u/inst/i_synth/EXP_OP.i_sp_or_dp.OP/i_renorm_and_round/DSP48_E1.DSP48E1_ADD.DSP48E1_ADD/i_no_versal_es1_workaround.DSP/DSP_C_DATA_INST/C_DATA[25]
                            (internal pin)
  Destination:            design_1_i/cnn_predict_0/inst/fexp_32ns_32ns_32_8_full_dsp_1_U86/cnn_predict_fexp_32ns_32ns_32_8_full_dsp_1_ip_u/inst/i_synth/EXP_OP.i_sp_or_dp.OP/i_recombination/result_delay/i_pipe/opt_has_pipe.first_q_reg[10]/R
                            (rising edge-triggered cell FDRE clocked by clk_pl_0  {rise@0.000ns fall@5.000ns period=10.000ns})
  Path Group:             (none)
  Path Type:              Setup (Max at Slow Process Corner)
  Data Path Delay:        2.916ns  (logic 1.379ns (47.292%)  route 1.537ns (52.708%))
  Logic Levels:           6  (CARRY8=1 DSP_ALU=1 DSP_OUTPUT=1 LUT4=2 LUT6=1)
  Clock Uncertainty:      0.174ns  ((TSJ^2 + DJ^2)^1/2) / 2 + PE
    Total System Jitter     (TSJ):    0.050ns
    Discrete Jitter          (DJ):    0.344ns
    Phase Error              (PE):    0.000ns
  Clock Net Delay (Destination): 1.555ns (routing 0.576ns, distribution 0.979ns)

    Location             Delay type                Incr(ns)  Path(ns)    Netlist Resource(s)
  -------------------------------------------------------------------    -------------------
    DSP48E2_X1Y29        DSP_C_DATA                   0.000     0.000 r  design_1_i/cnn_predict_0/inst/fexp_32ns_32ns_32_8_full_dsp_1_U86/cnn_predict_fexp_32ns_32ns_32_8_full_dsp_1_ip_u/inst/i_synth/EXP_OP.i_sp_or_dp.OP/i_renorm_and_round/DSP48_E1.DSP48E1_ADD.DSP48E1_ADD/i_no_versal_es1_workaround.DSP/DSP_C_DATA_INST/C_DATA[25]
                         net (fo=2, routed)           0.000     0.000    design_1_i/cnn_predict_0/inst/fexp_32ns_32ns_32_8_full_dsp_1_U86/cnn_predict_fexp_32ns_32ns_32_8_full_dsp_1_ip_u/inst/i_synth/EXP_OP.i_sp_or_dp.OP/i_renorm_and_round/DSP48_E1.DSP48E1_ADD.DSP48E1_ADD/i_no_versal_es1_workaround.DSP/DSP_C_DATA.C_DATA<25>
    DSP48E2_X1Y29        DSP_ALU (Prop_DSP_ALU_DSP48E2_C_DATA[25]_ALU_OUT[25])
                                                      0.744     0.744 f  design_1_i/cnn_predict_0/inst/fexp_32ns_32ns_32_8_full_dsp_1_U86/cnn_predict_fexp_32ns_32ns_32_8_full_dsp_1_ip_u/inst/i_synth/EXP_OP.i_sp_or_dp.OP/i_renorm_and_round/DSP48_E1.DSP48E1_ADD.DSP48E1_ADD/i_no_versal_es1_workaround.DSP/DSP_ALU_INST/ALU_OUT[25]
                         net (fo=1, routed)           0.000     0.744    design_1_i/cnn_predict_0/inst/fexp_32ns_32ns_32_8_full_dsp_1_U86/cnn_predict_fexp_32ns_32ns_32_8_full_dsp_1_ip_u/inst/i_synth/EXP_OP.i_sp_or_dp.OP/i_renorm_and_round/DSP48_E1.DSP48E1_ADD.DSP48E1_ADD/i_no_versal_es1_workaround.DSP/DSP_ALU.ALU_OUT<25>
    DSP48E2_X1Y29        DSP_OUTPUT (Prop_DSP_OUTPUT_DSP48E2_ALU_OUT[25]_P[25])
                                                      0.141     0.885 r  design_1_i/cnn_predict_0/inst/fexp_32ns_32ns_32_8_full_dsp_1_U86/cnn_predict_fexp_32ns_32ns_32_8_full_dsp_1_ip_u/inst/i_synth/EXP_OP.i_sp_or_dp.OP/i_renorm_and_round/DSP48_E1.DSP48E1_ADD.DSP48E1_ADD/i_no_versal_es1_workaround.DSP/DSP_OUTPUT_INST/P[25]
                         net (fo=8, routed)           0.528     1.413    design_1_i/cnn_predict_0/inst/fexp_32ns_32ns_32_8_full_dsp_1_U86/cnn_predict_fexp_32ns_32ns_32_8_full_dsp_1_ip_u/inst/i_synth/EXP_OP.i_sp_or_dp.OP/i_Xi_at_op/i_pipe/CHAIN_GEN[0].C_MUX.CARRY_MUX[0]
    SLICE_X8Y71          LUT4 (Prop_A6LUT_SLICEL_I0_O)
                                                      0.064     1.477 r  design_1_i/cnn_predict_0/inst/fexp_32ns_32ns_32_8_full_dsp_1_U86/cnn_predict_fexp_32ns_32ns_32_8_full_dsp_1_ip_u/inst/i_synth/EXP_OP.i_sp_or_dp.OP/i_Xi_at_op/i_pipe/CHAIN_GEN[0].C_MUX.CARRY_MUX_i_1__3/O
                         net (fo=1, routed)           0.011     1.488    design_1_i/cnn_predict_0/inst/fexp_32ns_32ns_32_8_full_dsp_1_U86/cnn_predict_fexp_32ns_32ns_32_8_full_dsp_1_ip_u/inst/i_synth/EXP_OP.i_sp_or_dp.OP/i_Xi_gt_bias_sub1/C_CHAIN/A[0]
    SLICE_X8Y71          CARRY8 (Prop_CARRY8_SLICEL_S[0]_CO[4])
                                                      0.266     1.754 r  design_1_i/cnn_predict_0/inst/fexp_32ns_32ns_32_8_full_dsp_1_U86/cnn_predict_fexp_32ns_32ns_32_8_full_dsp_1_ip_u/inst/i_synth/EXP_OP.i_sp_or_dp.OP/i_Xi_gt_bias_sub1/C_CHAIN/CHAIN_GEN[0].C_MUX.CARRY_MUX_CARRY4_CARRY8/CO[4]
                         net (fo=9, routed)           0.207     1.961    design_1_i/cnn_predict_0/inst/fexp_32ns_32ns_32_8_full_dsp_1_U86/cnn_predict_fexp_32ns_32ns_32_8_full_dsp_1_ip_u/inst/i_synth/EXP_OP.i_sp_or_dp.OP/i_Xi_at_op/i_pipe/CARRYS_OUT[0]
    SLICE_X7Y72          LUT4 (Prop_G6LUT_SLICEL_I2_O)
                                                      0.100     2.061 f  design_1_i/cnn_predict_0/inst/fexp_32ns_32ns_32_8_full_dsp_1_U86/cnn_predict_fexp_32ns_32ns_32_8_full_dsp_1_ip_u/inst/i_synth/EXP_OP.i_sp_or_dp.OP/i_Xi_at_op/i_pipe/opt_has_pipe.first_q[22]_i_2/O
                         net (fo=2, routed)           0.055     2.116    design_1_i/cnn_predict_0/inst/fexp_32ns_32ns_32_8_full_dsp_1_U86/cnn_predict_fexp_32ns_32ns_32_8_full_dsp_1_ip_u/inst/i_synth/EXP_OP.i_sp_or_dp.OP/i_special_detect/specialcase_delay_balance/i_pipe/opt_has_pipe.first_q_reg[21]_1
    SLICE_X7Y72          LUT6 (Prop_H6LUT_SLICEL_I5_O)
                                                      0.064     2.180 r  design_1_i/cnn_predict_0/inst/fexp_32ns_32ns_32_8_full_dsp_1_U86/cnn_predict_fexp_32ns_32ns_32_8_full_dsp_1_ip_u/inst/i_synth/EXP_OP.i_sp_or_dp.OP/i_special_detect/specialcase_delay_balance/i_pipe/opt_has_pipe.first_q[21]_i_1__0/O
                         net (fo=22, routed)          0.736     2.916    design_1_i/cnn_predict_0/inst/fexp_32ns_32ns_32_8_full_dsp_1_U86/cnn_predict_fexp_32ns_32ns_32_8_full_dsp_1_ip_u/inst/i_synth/EXP_OP.i_sp_or_dp.OP/i_recombination/result_delay/i_pipe/opt_has_pipe.first_q_reg[21]_0
    SLICE_X16Y74         FDRE                                         r  design_1_i/cnn_predict_0/inst/fexp_32ns_32ns_32_8_full_dsp_1_U86/cnn_predict_fexp_32ns_32ns_32_8_full_dsp_1_ip_u/inst/i_synth/EXP_OP.i_sp_or_dp.OP/i_recombination/result_delay/i_pipe/opt_has_pipe.first_q_reg[10]/R
  -------------------------------------------------------------------    -------------------

                         (clock clk_pl_0 rise edge)
                                                      0.000     0.000 r  
    PS8_X0Y0             PS8                          0.000     0.000 r  design_1_i/zynq_ultra_ps_e_0/inst/PS8_i/PLCLK[0]
                         net (fo=1, routed)           0.140     0.140    design_1_i/zynq_ultra_ps_e_0/inst/pl_clk_unbuffered[0]
    BUFG_PS_X0Y58        BUFG_PS (Prop_BUFG_PS_I_O)
                                                      0.027     0.167 r  design_1_i/zynq_ultra_ps_e_0/inst/buffer_pl_clk_0.PL_CLK_0_BUFG/O
    X0Y1 (CLOCK_ROOT)    net (fo=15423, routed)       1.555     1.722    design_1_i/cnn_predict_0/inst/fexp_32ns_32ns_32_8_full_dsp_1_U86/cnn_predict_fexp_32ns_32ns_32_8_full_dsp_1_ip_u/inst/i_synth/EXP_OP.i_sp_or_dp.OP/i_recombination/result_delay/i_pipe/aclk
    SLICE_X16Y74         FDRE                                         r  design_1_i/cnn_predict_0/inst/fexp_32ns_32ns_32_8_full_dsp_1_U86/cnn_predict_fexp_32ns_32ns_32_8_full_dsp_1_ip_u/inst/i_synth/EXP_OP.i_sp_or_dp.OP/i_recombination/result_delay/i_pipe/opt_has_pipe.first_q_reg[10]/C

Slack:                    inf
  Source:                 design_1_i/cnn_predict_0/inst/fexp_32ns_32ns_32_8_full_dsp_1_U86/cnn_predict_fexp_32ns_32ns_32_8_full_dsp_1_ip_u/inst/i_synth/EXP_OP.i_sp_or_dp.OP/i_renorm_and_round/DSP48_E1.DSP48E1_ADD.DSP48E1_ADD/i_no_versal_es1_workaround.DSP/DSP_C_DATA_INST/C_DATA[25]
                            (internal pin)
  Destination:            design_1_i/cnn_predict_0/inst/fexp_32ns_32ns_32_8_full_dsp_1_U86/cnn_predict_fexp_32ns_32ns_32_8_full_dsp_1_ip_u/inst/i_synth/EXP_OP.i_sp_or_dp.OP/i_recombination/result_delay/i_pipe/opt_has_pipe.first_q_reg[12]/R
                            (rising edge-triggered cell FDRE clocked by clk_pl_0  {rise@0.000ns fall@5.000ns period=10.000ns})
  Path Group:             (none)
  Path Type:              Setup (Max at Slow Process Corner)
  Data Path Delay:        2.916ns  (logic 1.379ns (47.292%)  route 1.537ns (52.708%))
  Logic Levels:           6  (CARRY8=1 DSP_ALU=1 DSP_OUTPUT=1 LUT4=2 LUT6=1)
  Clock Uncertainty:      0.174ns  ((TSJ^2 + DJ^2)^1/2) / 2 + PE
    Total System Jitter     (TSJ):    0.050ns
    Discrete Jitter          (DJ):    0.344ns
    Phase Error              (PE):    0.000ns
  Clock Net Delay (Destination): 1.555ns (routing 0.576ns, distribution 0.979ns)

    Location             Delay type                Incr(ns)  Path(ns)    Netlist Resource(s)
  -------------------------------------------------------------------    -------------------
    DSP48E2_X1Y29        DSP_C_DATA                   0.000     0.000 r  design_1_i/cnn_predict_0/inst/fexp_32ns_32ns_32_8_full_dsp_1_U86/cnn_predict_fexp_32ns_32ns_32_8_full_dsp_1_ip_u/inst/i_synth/EXP_OP.i_sp_or_dp.OP/i_renorm_and_round/DSP48_E1.DSP48E1_ADD.DSP48E1_ADD/i_no_versal_es1_workaround.DSP/DSP_C_DATA_INST/C_DATA[25]
                         net (fo=2, routed)           0.000     0.000    design_1_i/cnn_predict_0/inst/fexp_32ns_32ns_32_8_full_dsp_1_U86/cnn_predict_fexp_32ns_32ns_32_8_full_dsp_1_ip_u/inst/i_synth/EXP_OP.i_sp_or_dp.OP/i_renorm_and_round/DSP48_E1.DSP48E1_ADD.DSP48E1_ADD/i_no_versal_es1_workaround.DSP/DSP_C_DATA.C_DATA<25>
    DSP48E2_X1Y29        DSP_ALU (Prop_DSP_ALU_DSP48E2_C_DATA[25]_ALU_OUT[25])
                                                      0.744     0.744 f  design_1_i/cnn_predict_0/inst/fexp_32ns_32ns_32_8_full_dsp_1_U86/cnn_predict_fexp_32ns_32ns_32_8_full_dsp_1_ip_u/inst/i_synth/EXP_OP.i_sp_or_dp.OP/i_renorm_and_round/DSP48_E1.DSP48E1_ADD.DSP48E1_ADD/i_no_versal_es1_workaround.DSP/DSP_ALU_INST/ALU_OUT[25]
                         net (fo=1, routed)           0.000     0.744    design_1_i/cnn_predict_0/inst/fexp_32ns_32ns_32_8_full_dsp_1_U86/cnn_predict_fexp_32ns_32ns_32_8_full_dsp_1_ip_u/inst/i_synth/EXP_OP.i_sp_or_dp.OP/i_renorm_and_round/DSP48_E1.DSP48E1_ADD.DSP48E1_ADD/i_no_versal_es1_workaround.DSP/DSP_ALU.ALU_OUT<25>
    DSP48E2_X1Y29        DSP_OUTPUT (Prop_DSP_OUTPUT_DSP48E2_ALU_OUT[25]_P[25])
                                                      0.141     0.885 r  design_1_i/cnn_predict_0/inst/fexp_32ns_32ns_32_8_full_dsp_1_U86/cnn_predict_fexp_32ns_32ns_32_8_full_dsp_1_ip_u/inst/i_synth/EXP_OP.i_sp_or_dp.OP/i_renorm_and_round/DSP48_E1.DSP48E1_ADD.DSP48E1_ADD/i_no_versal_es1_workaround.DSP/DSP_OUTPUT_INST/P[25]
                         net (fo=8, routed)           0.528     1.413    design_1_i/cnn_predict_0/inst/fexp_32ns_32ns_32_8_full_dsp_1_U86/cnn_predict_fexp_32ns_32ns_32_8_full_dsp_1_ip_u/inst/i_synth/EXP_OP.i_sp_or_dp.OP/i_Xi_at_op/i_pipe/CHAIN_GEN[0].C_MUX.CARRY_MUX[0]
    SLICE_X8Y71          LUT4 (Prop_A6LUT_SLICEL_I0_O)
                                                      0.064     1.477 r  design_1_i/cnn_predict_0/inst/fexp_32ns_32ns_32_8_full_dsp_1_U86/cnn_predict_fexp_32ns_32ns_32_8_full_dsp_1_ip_u/inst/i_synth/EXP_OP.i_sp_or_dp.OP/i_Xi_at_op/i_pipe/CHAIN_GEN[0].C_MUX.CARRY_MUX_i_1__3/O
                         net (fo=1, routed)           0.011     1.488    design_1_i/cnn_predict_0/inst/fexp_32ns_32ns_32_8_full_dsp_1_U86/cnn_predict_fexp_32ns_32ns_32_8_full_dsp_1_ip_u/inst/i_synth/EXP_OP.i_sp_or_dp.OP/i_Xi_gt_bias_sub1/C_CHAIN/A[0]
    SLICE_X8Y71          CARRY8 (Prop_CARRY8_SLICEL_S[0]_CO[4])
                                                      0.266     1.754 r  design_1_i/cnn_predict_0/inst/fexp_32ns_32ns_32_8_full_dsp_1_U86/cnn_predict_fexp_32ns_32ns_32_8_full_dsp_1_ip_u/inst/i_synth/EXP_OP.i_sp_or_dp.OP/i_Xi_gt_bias_sub1/C_CHAIN/CHAIN_GEN[0].C_MUX.CARRY_MUX_CARRY4_CARRY8/CO[4]
                         net (fo=9, routed)           0.207     1.961    design_1_i/cnn_predict_0/inst/fexp_32ns_32ns_32_8_full_dsp_1_U86/cnn_predict_fexp_32ns_32ns_32_8_full_dsp_1_ip_u/inst/i_synth/EXP_OP.i_sp_or_dp.OP/i_Xi_at_op/i_pipe/CARRYS_OUT[0]
    SLICE_X7Y72          LUT4 (Prop_G6LUT_SLICEL_I2_O)
                                                      0.100     2.061 f  design_1_i/cnn_predict_0/inst/fexp_32ns_32ns_32_8_full_dsp_1_U86/cnn_predict_fexp_32ns_32ns_32_8_full_dsp_1_ip_u/inst/i_synth/EXP_OP.i_sp_or_dp.OP/i_Xi_at_op/i_pipe/opt_has_pipe.first_q[22]_i_2/O
                         net (fo=2, routed)           0.055     2.116    design_1_i/cnn_predict_0/inst/fexp_32ns_32ns_32_8_full_dsp_1_U86/cnn_predict_fexp_32ns_32ns_32_8_full_dsp_1_ip_u/inst/i_synth/EXP_OP.i_sp_or_dp.OP/i_special_detect/specialcase_delay_balance/i_pipe/opt_has_pipe.first_q_reg[21]_1
    SLICE_X7Y72          LUT6 (Prop_H6LUT_SLICEL_I5_O)
                                                      0.064     2.180 r  design_1_i/cnn_predict_0/inst/fexp_32ns_32ns_32_8_full_dsp_1_U86/cnn_predict_fexp_32ns_32ns_32_8_full_dsp_1_ip_u/inst/i_synth/EXP_OP.i_sp_or_dp.OP/i_special_detect/specialcase_delay_balance/i_pipe/opt_has_pipe.first_q[21]_i_1__0/O
                         net (fo=22, routed)          0.736     2.916    design_1_i/cnn_predict_0/inst/fexp_32ns_32ns_32_8_full_dsp_1_U86/cnn_predict_fexp_32ns_32ns_32_8_full_dsp_1_ip_u/inst/i_synth/EXP_OP.i_sp_or_dp.OP/i_recombination/result_delay/i_pipe/opt_has_pipe.first_q_reg[21]_0
    SLICE_X16Y74         FDRE                                         r  design_1_i/cnn_predict_0/inst/fexp_32ns_32ns_32_8_full_dsp_1_U86/cnn_predict_fexp_32ns_32ns_32_8_full_dsp_1_ip_u/inst/i_synth/EXP_OP.i_sp_or_dp.OP/i_recombination/result_delay/i_pipe/opt_has_pipe.first_q_reg[12]/R
  -------------------------------------------------------------------    -------------------

                         (clock clk_pl_0 rise edge)
                                                      0.000     0.000 r  
    PS8_X0Y0             PS8                          0.000     0.000 r  design_1_i/zynq_ultra_ps_e_0/inst/PS8_i/PLCLK[0]
                         net (fo=1, routed)           0.140     0.140    design_1_i/zynq_ultra_ps_e_0/inst/pl_clk_unbuffered[0]
    BUFG_PS_X0Y58        BUFG_PS (Prop_BUFG_PS_I_O)
                                                      0.027     0.167 r  design_1_i/zynq_ultra_ps_e_0/inst/buffer_pl_clk_0.PL_CLK_0_BUFG/O
    X0Y1 (CLOCK_ROOT)    net (fo=15423, routed)       1.555     1.722    design_1_i/cnn_predict_0/inst/fexp_32ns_32ns_32_8_full_dsp_1_U86/cnn_predict_fexp_32ns_32ns_32_8_full_dsp_1_ip_u/inst/i_synth/EXP_OP.i_sp_or_dp.OP/i_recombination/result_delay/i_pipe/aclk
    SLICE_X16Y74         FDRE                                         r  design_1_i/cnn_predict_0/inst/fexp_32ns_32ns_32_8_full_dsp_1_U86/cnn_predict_fexp_32ns_32ns_32_8_full_dsp_1_ip_u/inst/i_synth/EXP_OP.i_sp_or_dp.OP/i_recombination/result_delay/i_pipe/opt_has_pipe.first_q_reg[12]/C

Slack:                    inf
  Source:                 design_1_i/cnn_predict_0/inst/fexp_32ns_32ns_32_8_full_dsp_1_U86/cnn_predict_fexp_32ns_32ns_32_8_full_dsp_1_ip_u/inst/i_synth/EXP_OP.i_sp_or_dp.OP/i_renorm_and_round/DSP48_E1.DSP48E1_ADD.DSP48E1_ADD/i_no_versal_es1_workaround.DSP/DSP_C_DATA_INST/C_DATA[25]
                            (internal pin)
  Destination:            design_1_i/cnn_predict_0/inst/fexp_32ns_32ns_32_8_full_dsp_1_U86/cnn_predict_fexp_32ns_32ns_32_8_full_dsp_1_ip_u/inst/i_synth/EXP_OP.i_sp_or_dp.OP/i_recombination/result_delay/i_pipe/opt_has_pipe.first_q_reg[13]/R
                            (rising edge-triggered cell FDRE clocked by clk_pl_0  {rise@0.000ns fall@5.000ns period=10.000ns})
  Path Group:             (none)
  Path Type:              Setup (Max at Slow Process Corner)
  Data Path Delay:        2.916ns  (logic 1.379ns (47.292%)  route 1.537ns (52.708%))
  Logic Levels:           6  (CARRY8=1 DSP_ALU=1 DSP_OUTPUT=1 LUT4=2 LUT6=1)
  Clock Uncertainty:      0.174ns  ((TSJ^2 + DJ^2)^1/2) / 2 + PE
    Total System Jitter     (TSJ):    0.050ns
    Discrete Jitter          (DJ):    0.344ns
    Phase Error              (PE):    0.000ns
  Clock Net Delay (Destination): 1.555ns (routing 0.576ns, distribution 0.979ns)

    Location             Delay type                Incr(ns)  Path(ns)    Netlist Resource(s)
  -------------------------------------------------------------------    -------------------
    DSP48E2_X1Y29        DSP_C_DATA                   0.000     0.000 r  design_1_i/cnn_predict_0/inst/fexp_32ns_32ns_32_8_full_dsp_1_U86/cnn_predict_fexp_32ns_32ns_32_8_full_dsp_1_ip_u/inst/i_synth/EXP_OP.i_sp_or_dp.OP/i_renorm_and_round/DSP48_E1.DSP48E1_ADD.DSP48E1_ADD/i_no_versal_es1_workaround.DSP/DSP_C_DATA_INST/C_DATA[25]
                         net (fo=2, routed)           0.000     0.000    design_1_i/cnn_predict_0/inst/fexp_32ns_32ns_32_8_full_dsp_1_U86/cnn_predict_fexp_32ns_32ns_32_8_full_dsp_1_ip_u/inst/i_synth/EXP_OP.i_sp_or_dp.OP/i_renorm_and_round/DSP48_E1.DSP48E1_ADD.DSP48E1_ADD/i_no_versal_es1_workaround.DSP/DSP_C_DATA.C_DATA<25>
    DSP48E2_X1Y29        DSP_ALU (Prop_DSP_ALU_DSP48E2_C_DATA[25]_ALU_OUT[25])
                                                      0.744     0.744 f  design_1_i/cnn_predict_0/inst/fexp_32ns_32ns_32_8_full_dsp_1_U86/cnn_predict_fexp_32ns_32ns_32_8_full_dsp_1_ip_u/inst/i_synth/EXP_OP.i_sp_or_dp.OP/i_renorm_and_round/DSP48_E1.DSP48E1_ADD.DSP48E1_ADD/i_no_versal_es1_workaround.DSP/DSP_ALU_INST/ALU_OUT[25]
                         net (fo=1, routed)           0.000     0.744    design_1_i/cnn_predict_0/inst/fexp_32ns_32ns_32_8_full_dsp_1_U86/cnn_predict_fexp_32ns_32ns_32_8_full_dsp_1_ip_u/inst/i_synth/EXP_OP.i_sp_or_dp.OP/i_renorm_and_round/DSP48_E1.DSP48E1_ADD.DSP48E1_ADD/i_no_versal_es1_workaround.DSP/DSP_ALU.ALU_OUT<25>
    DSP48E2_X1Y29        DSP_OUTPUT (Prop_DSP_OUTPUT_DSP48E2_ALU_OUT[25]_P[25])
                                                      0.141     0.885 r  design_1_i/cnn_predict_0/inst/fexp_32ns_32ns_32_8_full_dsp_1_U86/cnn_predict_fexp_32ns_32ns_32_8_full_dsp_1_ip_u/inst/i_synth/EXP_OP.i_sp_or_dp.OP/i_renorm_and_round/DSP48_E1.DSP48E1_ADD.DSP48E1_ADD/i_no_versal_es1_workaround.DSP/DSP_OUTPUT_INST/P[25]
                         net (fo=8, routed)           0.528     1.413    design_1_i/cnn_predict_0/inst/fexp_32ns_32ns_32_8_full_dsp_1_U86/cnn_predict_fexp_32ns_32ns_32_8_full_dsp_1_ip_u/inst/i_synth/EXP_OP.i_sp_or_dp.OP/i_Xi_at_op/i_pipe/CHAIN_GEN[0].C_MUX.CARRY_MUX[0]
    SLICE_X8Y71          LUT4 (Prop_A6LUT_SLICEL_I0_O)
                                                      0.064     1.477 r  design_1_i/cnn_predict_0/inst/fexp_32ns_32ns_32_8_full_dsp_1_U86/cnn_predict_fexp_32ns_32ns_32_8_full_dsp_1_ip_u/inst/i_synth/EXP_OP.i_sp_or_dp.OP/i_Xi_at_op/i_pipe/CHAIN_GEN[0].C_MUX.CARRY_MUX_i_1__3/O
                         net (fo=1, routed)           0.011     1.488    design_1_i/cnn_predict_0/inst/fexp_32ns_32ns_32_8_full_dsp_1_U86/cnn_predict_fexp_32ns_32ns_32_8_full_dsp_1_ip_u/inst/i_synth/EXP_OP.i_sp_or_dp.OP/i_Xi_gt_bias_sub1/C_CHAIN/A[0]
    SLICE_X8Y71          CARRY8 (Prop_CARRY8_SLICEL_S[0]_CO[4])
                                                      0.266     1.754 r  design_1_i/cnn_predict_0/inst/fexp_32ns_32ns_32_8_full_dsp_1_U86/cnn_predict_fexp_32ns_32ns_32_8_full_dsp_1_ip_u/inst/i_synth/EXP_OP.i_sp_or_dp.OP/i_Xi_gt_bias_sub1/C_CHAIN/CHAIN_GEN[0].C_MUX.CARRY_MUX_CARRY4_CARRY8/CO[4]
                         net (fo=9, routed)           0.207     1.961    design_1_i/cnn_predict_0/inst/fexp_32ns_32ns_32_8_full_dsp_1_U86/cnn_predict_fexp_32ns_32ns_32_8_full_dsp_1_ip_u/inst/i_synth/EXP_OP.i_sp_or_dp.OP/i_Xi_at_op/i_pipe/CARRYS_OUT[0]
    SLICE_X7Y72          LUT4 (Prop_G6LUT_SLICEL_I2_O)
                                                      0.100     2.061 f  design_1_i/cnn_predict_0/inst/fexp_32ns_32ns_32_8_full_dsp_1_U86/cnn_predict_fexp_32ns_32ns_32_8_full_dsp_1_ip_u/inst/i_synth/EXP_OP.i_sp_or_dp.OP/i_Xi_at_op/i_pipe/opt_has_pipe.first_q[22]_i_2/O
                         net (fo=2, routed)           0.055     2.116    design_1_i/cnn_predict_0/inst/fexp_32ns_32ns_32_8_full_dsp_1_U86/cnn_predict_fexp_32ns_32ns_32_8_full_dsp_1_ip_u/inst/i_synth/EXP_OP.i_sp_or_dp.OP/i_special_detect/specialcase_delay_balance/i_pipe/opt_has_pipe.first_q_reg[21]_1
    SLICE_X7Y72          LUT6 (Prop_H6LUT_SLICEL_I5_O)
                                                      0.064     2.180 r  design_1_i/cnn_predict_0/inst/fexp_32ns_32ns_32_8_full_dsp_1_U86/cnn_predict_fexp_32ns_32ns_32_8_full_dsp_1_ip_u/inst/i_synth/EXP_OP.i_sp_or_dp.OP/i_special_detect/specialcase_delay_balance/i_pipe/opt_has_pipe.first_q[21]_i_1__0/O
                         net (fo=22, routed)          0.736     2.916    design_1_i/cnn_predict_0/inst/fexp_32ns_32ns_32_8_full_dsp_1_U86/cnn_predict_fexp_32ns_32ns_32_8_full_dsp_1_ip_u/inst/i_synth/EXP_OP.i_sp_or_dp.OP/i_recombination/result_delay/i_pipe/opt_has_pipe.first_q_reg[21]_0
    SLICE_X16Y74         FDRE                                         r  design_1_i/cnn_predict_0/inst/fexp_32ns_32ns_32_8_full_dsp_1_U86/cnn_predict_fexp_32ns_32ns_32_8_full_dsp_1_ip_u/inst/i_synth/EXP_OP.i_sp_or_dp.OP/i_recombination/result_delay/i_pipe/opt_has_pipe.first_q_reg[13]/R
  -------------------------------------------------------------------    -------------------

                         (clock clk_pl_0 rise edge)
                                                      0.000     0.000 r  
    PS8_X0Y0             PS8                          0.000     0.000 r  design_1_i/zynq_ultra_ps_e_0/inst/PS8_i/PLCLK[0]
                         net (fo=1, routed)           0.140     0.140    design_1_i/zynq_ultra_ps_e_0/inst/pl_clk_unbuffered[0]
    BUFG_PS_X0Y58        BUFG_PS (Prop_BUFG_PS_I_O)
                                                      0.027     0.167 r  design_1_i/zynq_ultra_ps_e_0/inst/buffer_pl_clk_0.PL_CLK_0_BUFG/O
    X0Y1 (CLOCK_ROOT)    net (fo=15423, routed)       1.555     1.722    design_1_i/cnn_predict_0/inst/fexp_32ns_32ns_32_8_full_dsp_1_U86/cnn_predict_fexp_32ns_32ns_32_8_full_dsp_1_ip_u/inst/i_synth/EXP_OP.i_sp_or_dp.OP/i_recombination/result_delay/i_pipe/aclk
    SLICE_X16Y74         FDRE                                         r  design_1_i/cnn_predict_0/inst/fexp_32ns_32ns_32_8_full_dsp_1_U86/cnn_predict_fexp_32ns_32ns_32_8_full_dsp_1_ip_u/inst/i_synth/EXP_OP.i_sp_or_dp.OP/i_recombination/result_delay/i_pipe/opt_has_pipe.first_q_reg[13]/C

Slack:                    inf
  Source:                 design_1_i/cnn_predict_0/inst/fexp_32ns_32ns_32_8_full_dsp_1_U86/cnn_predict_fexp_32ns_32ns_32_8_full_dsp_1_ip_u/inst/i_synth/EXP_OP.i_sp_or_dp.OP/i_renorm_and_round/DSP48_E1.DSP48E1_ADD.DSP48E1_ADD/i_no_versal_es1_workaround.DSP/DSP_C_DATA_INST/C_DATA[25]
                            (internal pin)
  Destination:            design_1_i/cnn_predict_0/inst/fexp_32ns_32ns_32_8_full_dsp_1_U86/cnn_predict_fexp_32ns_32ns_32_8_full_dsp_1_ip_u/inst/i_synth/EXP_OP.i_sp_or_dp.OP/i_recombination/result_delay/i_pipe/opt_has_pipe.first_q_reg[3]/R
                            (rising edge-triggered cell FDRE clocked by clk_pl_0  {rise@0.000ns fall@5.000ns period=10.000ns})
  Path Group:             (none)
  Path Type:              Setup (Max at Slow Process Corner)
  Data Path Delay:        2.916ns  (logic 1.379ns (47.292%)  route 1.537ns (52.708%))
  Logic Levels:           6  (CARRY8=1 DSP_ALU=1 DSP_OUTPUT=1 LUT4=2 LUT6=1)
  Clock Uncertainty:      0.174ns  ((TSJ^2 + DJ^2)^1/2) / 2 + PE
    Total System Jitter     (TSJ):    0.050ns
    Discrete Jitter          (DJ):    0.344ns
    Phase Error              (PE):    0.000ns
  Clock Net Delay (Destination): 1.555ns (routing 0.576ns, distribution 0.979ns)

    Location             Delay type                Incr(ns)  Path(ns)    Netlist Resource(s)
  -------------------------------------------------------------------    -------------------
    DSP48E2_X1Y29        DSP_C_DATA                   0.000     0.000 r  design_1_i/cnn_predict_0/inst/fexp_32ns_32ns_32_8_full_dsp_1_U86/cnn_predict_fexp_32ns_32ns_32_8_full_dsp_1_ip_u/inst/i_synth/EXP_OP.i_sp_or_dp.OP/i_renorm_and_round/DSP48_E1.DSP48E1_ADD.DSP48E1_ADD/i_no_versal_es1_workaround.DSP/DSP_C_DATA_INST/C_DATA[25]
                         net (fo=2, routed)           0.000     0.000    design_1_i/cnn_predict_0/inst/fexp_32ns_32ns_32_8_full_dsp_1_U86/cnn_predict_fexp_32ns_32ns_32_8_full_dsp_1_ip_u/inst/i_synth/EXP_OP.i_sp_or_dp.OP/i_renorm_and_round/DSP48_E1.DSP48E1_ADD.DSP48E1_ADD/i_no_versal_es1_workaround.DSP/DSP_C_DATA.C_DATA<25>
    DSP48E2_X1Y29        DSP_ALU (Prop_DSP_ALU_DSP48E2_C_DATA[25]_ALU_OUT[25])
                                                      0.744     0.744 f  design_1_i/cnn_predict_0/inst/fexp_32ns_32ns_32_8_full_dsp_1_U86/cnn_predict_fexp_32ns_32ns_32_8_full_dsp_1_ip_u/inst/i_synth/EXP_OP.i_sp_or_dp.OP/i_renorm_and_round/DSP48_E1.DSP48E1_ADD.DSP48E1_ADD/i_no_versal_es1_workaround.DSP/DSP_ALU_INST/ALU_OUT[25]
                         net (fo=1, routed)           0.000     0.744    design_1_i/cnn_predict_0/inst/fexp_32ns_32ns_32_8_full_dsp_1_U86/cnn_predict_fexp_32ns_32ns_32_8_full_dsp_1_ip_u/inst/i_synth/EXP_OP.i_sp_or_dp.OP/i_renorm_and_round/DSP48_E1.DSP48E1_ADD.DSP48E1_ADD/i_no_versal_es1_workaround.DSP/DSP_ALU.ALU_OUT<25>
    DSP48E2_X1Y29        DSP_OUTPUT (Prop_DSP_OUTPUT_DSP48E2_ALU_OUT[25]_P[25])
                                                      0.141     0.885 r  design_1_i/cnn_predict_0/inst/fexp_32ns_32ns_32_8_full_dsp_1_U86/cnn_predict_fexp_32ns_32ns_32_8_full_dsp_1_ip_u/inst/i_synth/EXP_OP.i_sp_or_dp.OP/i_renorm_and_round/DSP48_E1.DSP48E1_ADD.DSP48E1_ADD/i_no_versal_es1_workaround.DSP/DSP_OUTPUT_INST/P[25]
                         net (fo=8, routed)           0.528     1.413    design_1_i/cnn_predict_0/inst/fexp_32ns_32ns_32_8_full_dsp_1_U86/cnn_predict_fexp_32ns_32ns_32_8_full_dsp_1_ip_u/inst/i_synth/EXP_OP.i_sp_or_dp.OP/i_Xi_at_op/i_pipe/CHAIN_GEN[0].C_MUX.CARRY_MUX[0]
    SLICE_X8Y71          LUT4 (Prop_A6LUT_SLICEL_I0_O)
                                                      0.064     1.477 r  design_1_i/cnn_predict_0/inst/fexp_32ns_32ns_32_8_full_dsp_1_U86/cnn_predict_fexp_32ns_32ns_32_8_full_dsp_1_ip_u/inst/i_synth/EXP_OP.i_sp_or_dp.OP/i_Xi_at_op/i_pipe/CHAIN_GEN[0].C_MUX.CARRY_MUX_i_1__3/O
                         net (fo=1, routed)           0.011     1.488    design_1_i/cnn_predict_0/inst/fexp_32ns_32ns_32_8_full_dsp_1_U86/cnn_predict_fexp_32ns_32ns_32_8_full_dsp_1_ip_u/inst/i_synth/EXP_OP.i_sp_or_dp.OP/i_Xi_gt_bias_sub1/C_CHAIN/A[0]
    SLICE_X8Y71          CARRY8 (Prop_CARRY8_SLICEL_S[0]_CO[4])
                                                      0.266     1.754 r  design_1_i/cnn_predict_0/inst/fexp_32ns_32ns_32_8_full_dsp_1_U86/cnn_predict_fexp_32ns_32ns_32_8_full_dsp_1_ip_u/inst/i_synth/EXP_OP.i_sp_or_dp.OP/i_Xi_gt_bias_sub1/C_CHAIN/CHAIN_GEN[0].C_MUX.CARRY_MUX_CARRY4_CARRY8/CO[4]
                         net (fo=9, routed)           0.207     1.961    design_1_i/cnn_predict_0/inst/fexp_32ns_32ns_32_8_full_dsp_1_U86/cnn_predict_fexp_32ns_32ns_32_8_full_dsp_1_ip_u/inst/i_synth/EXP_OP.i_sp_or_dp.OP/i_Xi_at_op/i_pipe/CARRYS_OUT[0]
    SLICE_X7Y72          LUT4 (Prop_G6LUT_SLICEL_I2_O)
                                                      0.100     2.061 f  design_1_i/cnn_predict_0/inst/fexp_32ns_32ns_32_8_full_dsp_1_U86/cnn_predict_fexp_32ns_32ns_32_8_full_dsp_1_ip_u/inst/i_synth/EXP_OP.i_sp_or_dp.OP/i_Xi_at_op/i_pipe/opt_has_pipe.first_q[22]_i_2/O
                         net (fo=2, routed)           0.055     2.116    design_1_i/cnn_predict_0/inst/fexp_32ns_32ns_32_8_full_dsp_1_U86/cnn_predict_fexp_32ns_32ns_32_8_full_dsp_1_ip_u/inst/i_synth/EXP_OP.i_sp_or_dp.OP/i_special_detect/specialcase_delay_balance/i_pipe/opt_has_pipe.first_q_reg[21]_1
    SLICE_X7Y72          LUT6 (Prop_H6LUT_SLICEL_I5_O)
                                                      0.064     2.180 r  design_1_i/cnn_predict_0/inst/fexp_32ns_32ns_32_8_full_dsp_1_U86/cnn_predict_fexp_32ns_32ns_32_8_full_dsp_1_ip_u/inst/i_synth/EXP_OP.i_sp_or_dp.OP/i_special_detect/specialcase_delay_balance/i_pipe/opt_has_pipe.first_q[21]_i_1__0/O
                         net (fo=22, routed)          0.736     2.916    design_1_i/cnn_predict_0/inst/fexp_32ns_32ns_32_8_full_dsp_1_U86/cnn_predict_fexp_32ns_32ns_32_8_full_dsp_1_ip_u/inst/i_synth/EXP_OP.i_sp_or_dp.OP/i_recombination/result_delay/i_pipe/opt_has_pipe.first_q_reg[21]_0
    SLICE_X16Y74         FDRE                                         r  design_1_i/cnn_predict_0/inst/fexp_32ns_32ns_32_8_full_dsp_1_U86/cnn_predict_fexp_32ns_32ns_32_8_full_dsp_1_ip_u/inst/i_synth/EXP_OP.i_sp_or_dp.OP/i_recombination/result_delay/i_pipe/opt_has_pipe.first_q_reg[3]/R
  -------------------------------------------------------------------    -------------------

                         (clock clk_pl_0 rise edge)
                                                      0.000     0.000 r  
    PS8_X0Y0             PS8                          0.000     0.000 r  design_1_i/zynq_ultra_ps_e_0/inst/PS8_i/PLCLK[0]
                         net (fo=1, routed)           0.140     0.140    design_1_i/zynq_ultra_ps_e_0/inst/pl_clk_unbuffered[0]
    BUFG_PS_X0Y58        BUFG_PS (Prop_BUFG_PS_I_O)
                                                      0.027     0.167 r  design_1_i/zynq_ultra_ps_e_0/inst/buffer_pl_clk_0.PL_CLK_0_BUFG/O
    X0Y1 (CLOCK_ROOT)    net (fo=15423, routed)       1.555     1.722    design_1_i/cnn_predict_0/inst/fexp_32ns_32ns_32_8_full_dsp_1_U86/cnn_predict_fexp_32ns_32ns_32_8_full_dsp_1_ip_u/inst/i_synth/EXP_OP.i_sp_or_dp.OP/i_recombination/result_delay/i_pipe/aclk
    SLICE_X16Y74         FDRE                                         r  design_1_i/cnn_predict_0/inst/fexp_32ns_32ns_32_8_full_dsp_1_U86/cnn_predict_fexp_32ns_32ns_32_8_full_dsp_1_ip_u/inst/i_synth/EXP_OP.i_sp_or_dp.OP/i_recombination/result_delay/i_pipe/opt_has_pipe.first_q_reg[3]/C

Slack:                    inf
  Source:                 design_1_i/cnn_predict_0/inst/fexp_32ns_32ns_32_8_full_dsp_1_U86/cnn_predict_fexp_32ns_32ns_32_8_full_dsp_1_ip_u/inst/i_synth/EXP_OP.i_sp_or_dp.OP/i_renorm_and_round/DSP48_E1.DSP48E1_ADD.DSP48E1_ADD/i_no_versal_es1_workaround.DSP/DSP_C_DATA_INST/C_DATA[25]
                            (internal pin)
  Destination:            design_1_i/cnn_predict_0/inst/fexp_32ns_32ns_32_8_full_dsp_1_U86/cnn_predict_fexp_32ns_32ns_32_8_full_dsp_1_ip_u/inst/i_synth/EXP_OP.i_sp_or_dp.OP/i_recombination/result_delay/i_pipe/opt_has_pipe.first_q_reg[7]/R
                            (rising edge-triggered cell FDRE clocked by clk_pl_0  {rise@0.000ns fall@5.000ns period=10.000ns})
  Path Group:             (none)
  Path Type:              Setup (Max at Slow Process Corner)
  Data Path Delay:        2.916ns  (logic 1.379ns (47.292%)  route 1.537ns (52.708%))
  Logic Levels:           6  (CARRY8=1 DSP_ALU=1 DSP_OUTPUT=1 LUT4=2 LUT6=1)
  Clock Uncertainty:      0.174ns  ((TSJ^2 + DJ^2)^1/2) / 2 + PE
    Total System Jitter     (TSJ):    0.050ns
    Discrete Jitter          (DJ):    0.344ns
    Phase Error              (PE):    0.000ns
  Clock Net Delay (Destination): 1.555ns (routing 0.576ns, distribution 0.979ns)

    Location             Delay type                Incr(ns)  Path(ns)    Netlist Resource(s)
  -------------------------------------------------------------------    -------------------
    DSP48E2_X1Y29        DSP_C_DATA                   0.000     0.000 r  design_1_i/cnn_predict_0/inst/fexp_32ns_32ns_32_8_full_dsp_1_U86/cnn_predict_fexp_32ns_32ns_32_8_full_dsp_1_ip_u/inst/i_synth/EXP_OP.i_sp_or_dp.OP/i_renorm_and_round/DSP48_E1.DSP48E1_ADD.DSP48E1_ADD/i_no_versal_es1_workaround.DSP/DSP_C_DATA_INST/C_DATA[25]
                         net (fo=2, routed)           0.000     0.000    design_1_i/cnn_predict_0/inst/fexp_32ns_32ns_32_8_full_dsp_1_U86/cnn_predict_fexp_32ns_32ns_32_8_full_dsp_1_ip_u/inst/i_synth/EXP_OP.i_sp_or_dp.OP/i_renorm_and_round/DSP48_E1.DSP48E1_ADD.DSP48E1_ADD/i_no_versal_es1_workaround.DSP/DSP_C_DATA.C_DATA<25>
    DSP48E2_X1Y29        DSP_ALU (Prop_DSP_ALU_DSP48E2_C_DATA[25]_ALU_OUT[25])
                                                      0.744     0.744 f  design_1_i/cnn_predict_0/inst/fexp_32ns_32ns_32_8_full_dsp_1_U86/cnn_predict_fexp_32ns_32ns_32_8_full_dsp_1_ip_u/inst/i_synth/EXP_OP.i_sp_or_dp.OP/i_renorm_and_round/DSP48_E1.DSP48E1_ADD.DSP48E1_ADD/i_no_versal_es1_workaround.DSP/DSP_ALU_INST/ALU_OUT[25]
                         net (fo=1, routed)           0.000     0.744    design_1_i/cnn_predict_0/inst/fexp_32ns_32ns_32_8_full_dsp_1_U86/cnn_predict_fexp_32ns_32ns_32_8_full_dsp_1_ip_u/inst/i_synth/EXP_OP.i_sp_or_dp.OP/i_renorm_and_round/DSP48_E1.DSP48E1_ADD.DSP48E1_ADD/i_no_versal_es1_workaround.DSP/DSP_ALU.ALU_OUT<25>
    DSP48E2_X1Y29        DSP_OUTPUT (Prop_DSP_OUTPUT_DSP48E2_ALU_OUT[25]_P[25])
                                                      0.141     0.885 r  design_1_i/cnn_predict_0/inst/fexp_32ns_32ns_32_8_full_dsp_1_U86/cnn_predict_fexp_32ns_32ns_32_8_full_dsp_1_ip_u/inst/i_synth/EXP_OP.i_sp_or_dp.OP/i_renorm_and_round/DSP48_E1.DSP48E1_ADD.DSP48E1_ADD/i_no_versal_es1_workaround.DSP/DSP_OUTPUT_INST/P[25]
                         net (fo=8, routed)           0.528     1.413    design_1_i/cnn_predict_0/inst/fexp_32ns_32ns_32_8_full_dsp_1_U86/cnn_predict_fexp_32ns_32ns_32_8_full_dsp_1_ip_u/inst/i_synth/EXP_OP.i_sp_or_dp.OP/i_Xi_at_op/i_pipe/CHAIN_GEN[0].C_MUX.CARRY_MUX[0]
    SLICE_X8Y71          LUT4 (Prop_A6LUT_SLICEL_I0_O)
                                                      0.064     1.477 r  design_1_i/cnn_predict_0/inst/fexp_32ns_32ns_32_8_full_dsp_1_U86/cnn_predict_fexp_32ns_32ns_32_8_full_dsp_1_ip_u/inst/i_synth/EXP_OP.i_sp_or_dp.OP/i_Xi_at_op/i_pipe/CHAIN_GEN[0].C_MUX.CARRY_MUX_i_1__3/O
                         net (fo=1, routed)           0.011     1.488    design_1_i/cnn_predict_0/inst/fexp_32ns_32ns_32_8_full_dsp_1_U86/cnn_predict_fexp_32ns_32ns_32_8_full_dsp_1_ip_u/inst/i_synth/EXP_OP.i_sp_or_dp.OP/i_Xi_gt_bias_sub1/C_CHAIN/A[0]
    SLICE_X8Y71          CARRY8 (Prop_CARRY8_SLICEL_S[0]_CO[4])
                                                      0.266     1.754 r  design_1_i/cnn_predict_0/inst/fexp_32ns_32ns_32_8_full_dsp_1_U86/cnn_predict_fexp_32ns_32ns_32_8_full_dsp_1_ip_u/inst/i_synth/EXP_OP.i_sp_or_dp.OP/i_Xi_gt_bias_sub1/C_CHAIN/CHAIN_GEN[0].C_MUX.CARRY_MUX_CARRY4_CARRY8/CO[4]
                         net (fo=9, routed)           0.207     1.961    design_1_i/cnn_predict_0/inst/fexp_32ns_32ns_32_8_full_dsp_1_U86/cnn_predict_fexp_32ns_32ns_32_8_full_dsp_1_ip_u/inst/i_synth/EXP_OP.i_sp_or_dp.OP/i_Xi_at_op/i_pipe/CARRYS_OUT[0]
    SLICE_X7Y72          LUT4 (Prop_G6LUT_SLICEL_I2_O)
                                                      0.100     2.061 f  design_1_i/cnn_predict_0/inst/fexp_32ns_32ns_32_8_full_dsp_1_U86/cnn_predict_fexp_32ns_32ns_32_8_full_dsp_1_ip_u/inst/i_synth/EXP_OP.i_sp_or_dp.OP/i_Xi_at_op/i_pipe/opt_has_pipe.first_q[22]_i_2/O
                         net (fo=2, routed)           0.055     2.116    design_1_i/cnn_predict_0/inst/fexp_32ns_32ns_32_8_full_dsp_1_U86/cnn_predict_fexp_32ns_32ns_32_8_full_dsp_1_ip_u/inst/i_synth/EXP_OP.i_sp_or_dp.OP/i_special_detect/specialcase_delay_balance/i_pipe/opt_has_pipe.first_q_reg[21]_1
    SLICE_X7Y72          LUT6 (Prop_H6LUT_SLICEL_I5_O)
                                                      0.064     2.180 r  design_1_i/cnn_predict_0/inst/fexp_32ns_32ns_32_8_full_dsp_1_U86/cnn_predict_fexp_32ns_32ns_32_8_full_dsp_1_ip_u/inst/i_synth/EXP_OP.i_sp_or_dp.OP/i_special_detect/specialcase_delay_balance/i_pipe/opt_has_pipe.first_q[21]_i_1__0/O
                         net (fo=22, routed)          0.736     2.916    design_1_i/cnn_predict_0/inst/fexp_32ns_32ns_32_8_full_dsp_1_U86/cnn_predict_fexp_32ns_32ns_32_8_full_dsp_1_ip_u/inst/i_synth/EXP_OP.i_sp_or_dp.OP/i_recombination/result_delay/i_pipe/opt_has_pipe.first_q_reg[21]_0
    SLICE_X16Y74         FDRE                                         r  design_1_i/cnn_predict_0/inst/fexp_32ns_32ns_32_8_full_dsp_1_U86/cnn_predict_fexp_32ns_32ns_32_8_full_dsp_1_ip_u/inst/i_synth/EXP_OP.i_sp_or_dp.OP/i_recombination/result_delay/i_pipe/opt_has_pipe.first_q_reg[7]/R
  -------------------------------------------------------------------    -------------------

                         (clock clk_pl_0 rise edge)
                                                      0.000     0.000 r  
    PS8_X0Y0             PS8                          0.000     0.000 r  design_1_i/zynq_ultra_ps_e_0/inst/PS8_i/PLCLK[0]
                         net (fo=1, routed)           0.140     0.140    design_1_i/zynq_ultra_ps_e_0/inst/pl_clk_unbuffered[0]
    BUFG_PS_X0Y58        BUFG_PS (Prop_BUFG_PS_I_O)
                                                      0.027     0.167 r  design_1_i/zynq_ultra_ps_e_0/inst/buffer_pl_clk_0.PL_CLK_0_BUFG/O
    X0Y1 (CLOCK_ROOT)    net (fo=15423, routed)       1.555     1.722    design_1_i/cnn_predict_0/inst/fexp_32ns_32ns_32_8_full_dsp_1_U86/cnn_predict_fexp_32ns_32ns_32_8_full_dsp_1_ip_u/inst/i_synth/EXP_OP.i_sp_or_dp.OP/i_recombination/result_delay/i_pipe/aclk
    SLICE_X16Y74         FDRE                                         r  design_1_i/cnn_predict_0/inst/fexp_32ns_32ns_32_8_full_dsp_1_U86/cnn_predict_fexp_32ns_32ns_32_8_full_dsp_1_ip_u/inst/i_synth/EXP_OP.i_sp_or_dp.OP/i_recombination/result_delay/i_pipe/opt_has_pipe.first_q_reg[7]/C

Slack:                    inf
  Source:                 design_1_i/cnn_predict_0/inst/fexp_32ns_32ns_32_8_full_dsp_1_U86/cnn_predict_fexp_32ns_32ns_32_8_full_dsp_1_ip_u/inst/i_synth/EXP_OP.i_sp_or_dp.OP/i_renorm_and_round/DSP48_E1.DSP48E1_ADD.DSP48E1_ADD/i_no_versal_es1_workaround.DSP/DSP_C_DATA_INST/C_DATA[25]
                            (internal pin)
  Destination:            design_1_i/cnn_predict_0/inst/fexp_32ns_32ns_32_8_full_dsp_1_U86/cnn_predict_fexp_32ns_32ns_32_8_full_dsp_1_ip_u/inst/i_synth/EXP_OP.i_sp_or_dp.OP/i_recombination/result_delay/i_pipe/opt_has_pipe.first_q_reg[9]/R
                            (rising edge-triggered cell FDRE clocked by clk_pl_0  {rise@0.000ns fall@5.000ns period=10.000ns})
  Path Group:             (none)
  Path Type:              Setup (Max at Slow Process Corner)
  Data Path Delay:        2.916ns  (logic 1.379ns (47.292%)  route 1.537ns (52.708%))
  Logic Levels:           6  (CARRY8=1 DSP_ALU=1 DSP_OUTPUT=1 LUT4=2 LUT6=1)
  Clock Uncertainty:      0.174ns  ((TSJ^2 + DJ^2)^1/2) / 2 + PE
    Total System Jitter     (TSJ):    0.050ns
    Discrete Jitter          (DJ):    0.344ns
    Phase Error              (PE):    0.000ns
  Clock Net Delay (Destination): 1.555ns (routing 0.576ns, distribution 0.979ns)

    Location             Delay type                Incr(ns)  Path(ns)    Netlist Resource(s)
  -------------------------------------------------------------------    -------------------
    DSP48E2_X1Y29        DSP_C_DATA                   0.000     0.000 r  design_1_i/cnn_predict_0/inst/fexp_32ns_32ns_32_8_full_dsp_1_U86/cnn_predict_fexp_32ns_32ns_32_8_full_dsp_1_ip_u/inst/i_synth/EXP_OP.i_sp_or_dp.OP/i_renorm_and_round/DSP48_E1.DSP48E1_ADD.DSP48E1_ADD/i_no_versal_es1_workaround.DSP/DSP_C_DATA_INST/C_DATA[25]
                         net (fo=2, routed)           0.000     0.000    design_1_i/cnn_predict_0/inst/fexp_32ns_32ns_32_8_full_dsp_1_U86/cnn_predict_fexp_32ns_32ns_32_8_full_dsp_1_ip_u/inst/i_synth/EXP_OP.i_sp_or_dp.OP/i_renorm_and_round/DSP48_E1.DSP48E1_ADD.DSP48E1_ADD/i_no_versal_es1_workaround.DSP/DSP_C_DATA.C_DATA<25>
    DSP48E2_X1Y29        DSP_ALU (Prop_DSP_ALU_DSP48E2_C_DATA[25]_ALU_OUT[25])
                                                      0.744     0.744 f  design_1_i/cnn_predict_0/inst/fexp_32ns_32ns_32_8_full_dsp_1_U86/cnn_predict_fexp_32ns_32ns_32_8_full_dsp_1_ip_u/inst/i_synth/EXP_OP.i_sp_or_dp.OP/i_renorm_and_round/DSP48_E1.DSP48E1_ADD.DSP48E1_ADD/i_no_versal_es1_workaround.DSP/DSP_ALU_INST/ALU_OUT[25]
                         net (fo=1, routed)           0.000     0.744    design_1_i/cnn_predict_0/inst/fexp_32ns_32ns_32_8_full_dsp_1_U86/cnn_predict_fexp_32ns_32ns_32_8_full_dsp_1_ip_u/inst/i_synth/EXP_OP.i_sp_or_dp.OP/i_renorm_and_round/DSP48_E1.DSP48E1_ADD.DSP48E1_ADD/i_no_versal_es1_workaround.DSP/DSP_ALU.ALU_OUT<25>
    DSP48E2_X1Y29        DSP_OUTPUT (Prop_DSP_OUTPUT_DSP48E2_ALU_OUT[25]_P[25])
                                                      0.141     0.885 r  design_1_i/cnn_predict_0/inst/fexp_32ns_32ns_32_8_full_dsp_1_U86/cnn_predict_fexp_32ns_32ns_32_8_full_dsp_1_ip_u/inst/i_synth/EXP_OP.i_sp_or_dp.OP/i_renorm_and_round/DSP48_E1.DSP48E1_ADD.DSP48E1_ADD/i_no_versal_es1_workaround.DSP/DSP_OUTPUT_INST/P[25]
                         net (fo=8, routed)           0.528     1.413    design_1_i/cnn_predict_0/inst/fexp_32ns_32ns_32_8_full_dsp_1_U86/cnn_predict_fexp_32ns_32ns_32_8_full_dsp_1_ip_u/inst/i_synth/EXP_OP.i_sp_or_dp.OP/i_Xi_at_op/i_pipe/CHAIN_GEN[0].C_MUX.CARRY_MUX[0]
    SLICE_X8Y71          LUT4 (Prop_A6LUT_SLICEL_I0_O)
                                                      0.064     1.477 r  design_1_i/cnn_predict_0/inst/fexp_32ns_32ns_32_8_full_dsp_1_U86/cnn_predict_fexp_32ns_32ns_32_8_full_dsp_1_ip_u/inst/i_synth/EXP_OP.i_sp_or_dp.OP/i_Xi_at_op/i_pipe/CHAIN_GEN[0].C_MUX.CARRY_MUX_i_1__3/O
                         net (fo=1, routed)           0.011     1.488    design_1_i/cnn_predict_0/inst/fexp_32ns_32ns_32_8_full_dsp_1_U86/cnn_predict_fexp_32ns_32ns_32_8_full_dsp_1_ip_u/inst/i_synth/EXP_OP.i_sp_or_dp.OP/i_Xi_gt_bias_sub1/C_CHAIN/A[0]
    SLICE_X8Y71          CARRY8 (Prop_CARRY8_SLICEL_S[0]_CO[4])
                                                      0.266     1.754 r  design_1_i/cnn_predict_0/inst/fexp_32ns_32ns_32_8_full_dsp_1_U86/cnn_predict_fexp_32ns_32ns_32_8_full_dsp_1_ip_u/inst/i_synth/EXP_OP.i_sp_or_dp.OP/i_Xi_gt_bias_sub1/C_CHAIN/CHAIN_GEN[0].C_MUX.CARRY_MUX_CARRY4_CARRY8/CO[4]
                         net (fo=9, routed)           0.207     1.961    design_1_i/cnn_predict_0/inst/fexp_32ns_32ns_32_8_full_dsp_1_U86/cnn_predict_fexp_32ns_32ns_32_8_full_dsp_1_ip_u/inst/i_synth/EXP_OP.i_sp_or_dp.OP/i_Xi_at_op/i_pipe/CARRYS_OUT[0]
    SLICE_X7Y72          LUT4 (Prop_G6LUT_SLICEL_I2_O)
                                                      0.100     2.061 f  design_1_i/cnn_predict_0/inst/fexp_32ns_32ns_32_8_full_dsp_1_U86/cnn_predict_fexp_32ns_32ns_32_8_full_dsp_1_ip_u/inst/i_synth/EXP_OP.i_sp_or_dp.OP/i_Xi_at_op/i_pipe/opt_has_pipe.first_q[22]_i_2/O
                         net (fo=2, routed)           0.055     2.116    design_1_i/cnn_predict_0/inst/fexp_32ns_32ns_32_8_full_dsp_1_U86/cnn_predict_fexp_32ns_32ns_32_8_full_dsp_1_ip_u/inst/i_synth/EXP_OP.i_sp_or_dp.OP/i_special_detect/specialcase_delay_balance/i_pipe/opt_has_pipe.first_q_reg[21]_1
    SLICE_X7Y72          LUT6 (Prop_H6LUT_SLICEL_I5_O)
                                                      0.064     2.180 r  design_1_i/cnn_predict_0/inst/fexp_32ns_32ns_32_8_full_dsp_1_U86/cnn_predict_fexp_32ns_32ns_32_8_full_dsp_1_ip_u/inst/i_synth/EXP_OP.i_sp_or_dp.OP/i_special_detect/specialcase_delay_balance/i_pipe/opt_has_pipe.first_q[21]_i_1__0/O
                         net (fo=22, routed)          0.736     2.916    design_1_i/cnn_predict_0/inst/fexp_32ns_32ns_32_8_full_dsp_1_U86/cnn_predict_fexp_32ns_32ns_32_8_full_dsp_1_ip_u/inst/i_synth/EXP_OP.i_sp_or_dp.OP/i_recombination/result_delay/i_pipe/opt_has_pipe.first_q_reg[21]_0
    SLICE_X16Y74         FDRE                                         r  design_1_i/cnn_predict_0/inst/fexp_32ns_32ns_32_8_full_dsp_1_U86/cnn_predict_fexp_32ns_32ns_32_8_full_dsp_1_ip_u/inst/i_synth/EXP_OP.i_sp_or_dp.OP/i_recombination/result_delay/i_pipe/opt_has_pipe.first_q_reg[9]/R
  -------------------------------------------------------------------    -------------------

                         (clock clk_pl_0 rise edge)
                                                      0.000     0.000 r  
    PS8_X0Y0             PS8                          0.000     0.000 r  design_1_i/zynq_ultra_ps_e_0/inst/PS8_i/PLCLK[0]
                         net (fo=1, routed)           0.140     0.140    design_1_i/zynq_ultra_ps_e_0/inst/pl_clk_unbuffered[0]
    BUFG_PS_X0Y58        BUFG_PS (Prop_BUFG_PS_I_O)
                                                      0.027     0.167 r  design_1_i/zynq_ultra_ps_e_0/inst/buffer_pl_clk_0.PL_CLK_0_BUFG/O
    X0Y1 (CLOCK_ROOT)    net (fo=15423, routed)       1.555     1.722    design_1_i/cnn_predict_0/inst/fexp_32ns_32ns_32_8_full_dsp_1_U86/cnn_predict_fexp_32ns_32ns_32_8_full_dsp_1_ip_u/inst/i_synth/EXP_OP.i_sp_or_dp.OP/i_recombination/result_delay/i_pipe/aclk
    SLICE_X16Y74         FDRE                                         r  design_1_i/cnn_predict_0/inst/fexp_32ns_32ns_32_8_full_dsp_1_U86/cnn_predict_fexp_32ns_32ns_32_8_full_dsp_1_ip_u/inst/i_synth/EXP_OP.i_sp_or_dp.OP/i_recombination/result_delay/i_pipe/opt_has_pipe.first_q_reg[9]/C

Slack:                    inf
  Source:                 design_1_i/cnn_predict_0/inst/fadd_32ns_32ns_32_5_full_dsp_1_U84/cnn_predict_fadd_32ns_32ns_32_5_full_dsp_1_ip_u/inst/i_synth/ADDSUB_OP.ADDSUB/DSP.OP/DSP48E1_BODY.NORM_RND/FULL_USAGE_DSP.SHIFT_RND/i_no_versal_es1_workaround.DSP/DSP_C_DATA_INST/C_DATA[19]
                            (internal pin)
  Destination:            design_1_i/cnn_predict_0/inst/fadd_32ns_32ns_32_5_full_dsp_1_U84/din0_buf1_reg[17]/D
                            (rising edge-triggered cell FDRE clocked by clk_pl_0  {rise@0.000ns fall@5.000ns period=10.000ns})
  Path Group:             (none)
  Path Type:              Setup (Max at Slow Process Corner)
  Data Path Delay:        2.806ns  (logic 1.177ns (41.952%)  route 1.629ns (58.048%))
  Logic Levels:           5  (DSP_ALU=1 DSP_OUTPUT=1 LUT3=1 LUT5=1 LUT6=1)
  Clock Uncertainty:      0.174ns  ((TSJ^2 + DJ^2)^1/2) / 2 + PE
    Total System Jitter     (TSJ):    0.050ns
    Discrete Jitter          (DJ):    0.344ns
    Phase Error              (PE):    0.000ns
  Clock Net Delay (Destination): 1.525ns (routing 0.576ns, distribution 0.949ns)

    Location             Delay type                Incr(ns)  Path(ns)    Netlist Resource(s)
  -------------------------------------------------------------------    -------------------
    DSP48E2_X0Y33        DSP_C_DATA                   0.000     0.000 r  design_1_i/cnn_predict_0/inst/fadd_32ns_32ns_32_5_full_dsp_1_U84/cnn_predict_fadd_32ns_32ns_32_5_full_dsp_1_ip_u/inst/i_synth/ADDSUB_OP.ADDSUB/DSP.OP/DSP48E1_BODY.NORM_RND/FULL_USAGE_DSP.SHIFT_RND/i_no_versal_es1_workaround.DSP/DSP_C_DATA_INST/C_DATA[19]
                         net (fo=2, routed)           0.000     0.000    design_1_i/cnn_predict_0/inst/fadd_32ns_32ns_32_5_full_dsp_1_U84/cnn_predict_fadd_32ns_32ns_32_5_full_dsp_1_ip_u/inst/i_synth/ADDSUB_OP.ADDSUB/DSP.OP/DSP48E1_BODY.NORM_RND/FULL_USAGE_DSP.SHIFT_RND/i_no_versal_es1_workaround.DSP/DSP_C_DATA.C_DATA<19>
    DSP48E2_X0Y33        DSP_ALU (Prop_DSP_ALU_DSP48E2_C_DATA[19]_ALU_OUT[19])
                                                      0.744     0.744 f  design_1_i/cnn_predict_0/inst/fadd_32ns_32ns_32_5_full_dsp_1_U84/cnn_predict_fadd_32ns_32ns_32_5_full_dsp_1_ip_u/inst/i_synth/ADDSUB_OP.ADDSUB/DSP.OP/DSP48E1_BODY.NORM_RND/FULL_USAGE_DSP.SHIFT_RND/i_no_versal_es1_workaround.DSP/DSP_ALU_INST/ALU_OUT[19]
                         net (fo=1, routed)           0.000     0.744    design_1_i/cnn_predict_0/inst/fadd_32ns_32ns_32_5_full_dsp_1_U84/cnn_predict_fadd_32ns_32ns_32_5_full_dsp_1_ip_u/inst/i_synth/ADDSUB_OP.ADDSUB/DSP.OP/DSP48E1_BODY.NORM_RND/FULL_USAGE_DSP.SHIFT_RND/i_no_versal_es1_workaround.DSP/DSP_ALU.ALU_OUT<19>
    DSP48E2_X0Y33        DSP_OUTPUT (Prop_DSP_OUTPUT_DSP48E2_ALU_OUT[19]_P[19])
                                                      0.141     0.885 r  design_1_i/cnn_predict_0/inst/fadd_32ns_32ns_32_5_full_dsp_1_U84/cnn_predict_fadd_32ns_32ns_32_5_full_dsp_1_ip_u/inst/i_synth/ADDSUB_OP.ADDSUB/DSP.OP/DSP48E1_BODY.NORM_RND/FULL_USAGE_DSP.SHIFT_RND/i_no_versal_es1_workaround.DSP/DSP_OUTPUT_INST/P[19]
                         net (fo=1, routed)           0.176     1.061    design_1_i/cnn_predict_0/inst/fadd_32ns_32ns_32_5_full_dsp_1_U84/cnn_predict_fadd_32ns_32ns_32_5_full_dsp_1_ip_u/inst/i_synth/ADDSUB_OP.ADDSUB/DSP.OP/DSP48E1_BODY.EXP/STATE_DELAY/i_pipe/P[17]
    SLICE_X5Y82          LUT3 (Prop_D5LUT_SLICEM_I0_O)
                                                      0.082     1.143 r  design_1_i/cnn_predict_0/inst/fadd_32ns_32ns_32_5_full_dsp_1_U84/cnn_predict_fadd_32ns_32ns_32_5_full_dsp_1_ip_u/inst/i_synth/ADDSUB_OP.ADDSUB/DSP.OP/DSP48E1_BODY.EXP/STATE_DELAY/i_pipe/mant_op_inferred_i_6/O
                         net (fo=14, routed)          1.128     2.271    design_1_i/cnn_predict_0/inst/grp_cnn_predict_Pipeline_VITIS_LOOP_192_27_fu_394/grp_fu_414_p_dout0[17]
    SLICE_X13Y80         LUT6 (Prop_G6LUT_SLICEL_I2_O)
                                                      0.147     2.418 r  design_1_i/cnn_predict_0/inst/grp_cnn_predict_Pipeline_VITIS_LOOP_192_27_fu_394/din0_buf1[17]_i_2__1/O
                         net (fo=1, routed)           0.267     2.685    design_1_i/cnn_predict_0/inst/grp_cnn_predict_Pipeline_VITIS_LOOP_180_26_fu_402/din0_buf1_reg[17]
    SLICE_X11Y80         LUT5 (Prop_D6LUT_SLICEL_I0_O)
                                                      0.063     2.748 r  design_1_i/cnn_predict_0/inst/grp_cnn_predict_Pipeline_VITIS_LOOP_180_26_fu_402/din0_buf1[17]_i_1__16/O
                         net (fo=1, routed)           0.058     2.806    design_1_i/cnn_predict_0/inst/fadd_32ns_32ns_32_5_full_dsp_1_U84/din0_buf1_reg[17]_0
    SLICE_X11Y80         FDRE                                         r  design_1_i/cnn_predict_0/inst/fadd_32ns_32ns_32_5_full_dsp_1_U84/din0_buf1_reg[17]/D
  -------------------------------------------------------------------    -------------------

                         (clock clk_pl_0 rise edge)
                                                      0.000     0.000 r  
    PS8_X0Y0             PS8                          0.000     0.000 r  design_1_i/zynq_ultra_ps_e_0/inst/PS8_i/PLCLK[0]
                         net (fo=1, routed)           0.140     0.140    design_1_i/zynq_ultra_ps_e_0/inst/pl_clk_unbuffered[0]
    BUFG_PS_X0Y58        BUFG_PS (Prop_BUFG_PS_I_O)
                                                      0.027     0.167 r  design_1_i/zynq_ultra_ps_e_0/inst/buffer_pl_clk_0.PL_CLK_0_BUFG/O
    X0Y1 (CLOCK_ROOT)    net (fo=15423, routed)       1.525     1.692    design_1_i/cnn_predict_0/inst/fadd_32ns_32ns_32_5_full_dsp_1_U84/ap_clk
    SLICE_X11Y80         FDRE                                         r  design_1_i/cnn_predict_0/inst/fadd_32ns_32ns_32_5_full_dsp_1_U84/din0_buf1_reg[17]/C

Slack:                    inf
  Source:                 design_1_i/cnn_predict_0/inst/grp_cnn_predict_Pipeline_VITIS_LOOP_121_11_VITIS_LOOP_122_12_VITIS_LOOP_123_13_fu_372/fadd_32ns_32ns_32_5_full_dsp_1_U37/cnn_predict_fadd_32ns_32ns_32_5_full_dsp_1_ip_u/inst/i_synth/ADDSUB_OP.ADDSUB/DSP.OP/DSP48E1_BODY.NORM_RND/FULL_USAGE_DSP.SHIFT_RND/i_no_versal_es1_workaround.DSP/DSP_C_DATA_INST/C_DATA[5]
                            (internal pin)
  Destination:            design_1_i/cnn_predict_0/inst/grp_cnn_predict_Pipeline_VITIS_LOOP_121_11_VITIS_LOOP_122_12_VITIS_LOOP_123_13_fu_372/sum_9_2_1_1_reg_3659_reg[3]/D
                            (rising edge-triggered cell FDRE clocked by clk_pl_0  {rise@0.000ns fall@5.000ns period=10.000ns})
  Path Group:             (none)
  Path Type:              Setup (Max at Slow Process Corner)
  Data Path Delay:        2.771ns  (logic 1.049ns (37.855%)  route 1.722ns (62.145%))
  Logic Levels:           3  (DSP_ALU=1 DSP_OUTPUT=1 LUT3=1)
  Clock Uncertainty:      0.174ns  ((TSJ^2 + DJ^2)^1/2) / 2 + PE
    Total System Jitter     (TSJ):    0.050ns
    Discrete Jitter          (DJ):    0.344ns
    Phase Error              (PE):    0.000ns
  Clock Net Delay (Destination): 1.553ns (routing 0.576ns, distribution 0.977ns)

    Location             Delay type                Incr(ns)  Path(ns)    Netlist Resource(s)
  -------------------------------------------------------------------    -------------------
    DSP48E2_X0Y47        DSP_C_DATA                   0.000     0.000 r  design_1_i/cnn_predict_0/inst/grp_cnn_predict_Pipeline_VITIS_LOOP_121_11_VITIS_LOOP_122_12_VITIS_LOOP_123_13_fu_372/fadd_32ns_32ns_32_5_full_dsp_1_U37/cnn_predict_fadd_32ns_32ns_32_5_full_dsp_1_ip_u/inst/i_synth/ADDSUB_OP.ADDSUB/DSP.OP/DSP48E1_BODY.NORM_RND/FULL_USAGE_DSP.SHIFT_RND/i_no_versal_es1_workaround.DSP/DSP_C_DATA_INST/C_DATA[5]
                         net (fo=2, routed)           0.000     0.000    design_1_i/cnn_predict_0/inst/grp_cnn_predict_Pipeline_VITIS_LOOP_121_11_VITIS_LOOP_122_12_VITIS_LOOP_123_13_fu_372/fadd_32ns_32ns_32_5_full_dsp_1_U37/cnn_predict_fadd_32ns_32ns_32_5_full_dsp_1_ip_u/inst/i_synth/ADDSUB_OP.ADDSUB/DSP.OP/DSP48E1_BODY.NORM_RND/FULL_USAGE_DSP.SHIFT_RND/i_no_versal_es1_workaround.DSP/DSP_C_DATA.C_DATA<5>
    DSP48E2_X0Y47        DSP_ALU (Prop_DSP_ALU_DSP48E2_C_DATA[5]_ALU_OUT[5])
                                                      0.744     0.744 f  design_1_i/cnn_predict_0/inst/grp_cnn_predict_Pipeline_VITIS_LOOP_121_11_VITIS_LOOP_122_12_VITIS_LOOP_123_13_fu_372/fadd_32ns_32ns_32_5_full_dsp_1_U37/cnn_predict_fadd_32ns_32ns_32_5_full_dsp_1_ip_u/inst/i_synth/ADDSUB_OP.ADDSUB/DSP.OP/DSP48E1_BODY.NORM_RND/FULL_USAGE_DSP.SHIFT_RND/i_no_versal_es1_workaround.DSP/DSP_ALU_INST/ALU_OUT[5]
                         net (fo=1, routed)           0.000     0.744    design_1_i/cnn_predict_0/inst/grp_cnn_predict_Pipeline_VITIS_LOOP_121_11_VITIS_LOOP_122_12_VITIS_LOOP_123_13_fu_372/fadd_32ns_32ns_32_5_full_dsp_1_U37/cnn_predict_fadd_32ns_32ns_32_5_full_dsp_1_ip_u/inst/i_synth/ADDSUB_OP.ADDSUB/DSP.OP/DSP48E1_BODY.NORM_RND/FULL_USAGE_DSP.SHIFT_RND/i_no_versal_es1_workaround.DSP/DSP_ALU.ALU_OUT<5>
    DSP48E2_X0Y47        DSP_OUTPUT (Prop_DSP_OUTPUT_DSP48E2_ALU_OUT[5]_P[5])
                                                      0.141     0.885 r  design_1_i/cnn_predict_0/inst/grp_cnn_predict_Pipeline_VITIS_LOOP_121_11_VITIS_LOOP_122_12_VITIS_LOOP_123_13_fu_372/fadd_32ns_32ns_32_5_full_dsp_1_U37/cnn_predict_fadd_32ns_32ns_32_5_full_dsp_1_ip_u/inst/i_synth/ADDSUB_OP.ADDSUB/DSP.OP/DSP48E1_BODY.NORM_RND/FULL_USAGE_DSP.SHIFT_RND/i_no_versal_es1_workaround.DSP/DSP_OUTPUT_INST/P[5]
                         net (fo=1, routed)           0.385     1.270    design_1_i/cnn_predict_0/inst/grp_cnn_predict_Pipeline_VITIS_LOOP_121_11_VITIS_LOOP_122_12_VITIS_LOOP_123_13_fu_372/fadd_32ns_32ns_32_5_full_dsp_1_U37/cnn_predict_fadd_32ns_32ns_32_5_full_dsp_1_ip_u/inst/i_synth/ADDSUB_OP.ADDSUB/DSP.OP/DSP48E1_BODY.EXP/STATE_DELAY/i_pipe/P[3]
    SLICE_X12Y115        LUT3 (Prop_D5LUT_SLICEL_I0_O)
                                                      0.164     1.434 r  design_1_i/cnn_predict_0/inst/grp_cnn_predict_Pipeline_VITIS_LOOP_121_11_VITIS_LOOP_122_12_VITIS_LOOP_123_13_fu_372/fadd_32ns_32ns_32_5_full_dsp_1_U37/cnn_predict_fadd_32ns_32ns_32_5_full_dsp_1_ip_u/inst/i_synth/ADDSUB_OP.ADDSUB/DSP.OP/DSP48E1_BODY.EXP/STATE_DELAY/i_pipe/mant_op_inferred_i_20/O
                         net (fo=3, routed)           1.337     2.771    design_1_i/cnn_predict_0/inst/grp_cnn_predict_Pipeline_VITIS_LOOP_121_11_VITIS_LOOP_122_12_VITIS_LOOP_123_13_fu_372/r_tdata_14[3]
    SLICE_X19Y117        FDRE                                         r  design_1_i/cnn_predict_0/inst/grp_cnn_predict_Pipeline_VITIS_LOOP_121_11_VITIS_LOOP_122_12_VITIS_LOOP_123_13_fu_372/sum_9_2_1_1_reg_3659_reg[3]/D
  -------------------------------------------------------------------    -------------------

                         (clock clk_pl_0 rise edge)
                                                      0.000     0.000 r  
    PS8_X0Y0             PS8                          0.000     0.000 r  design_1_i/zynq_ultra_ps_e_0/inst/PS8_i/PLCLK[0]
                         net (fo=1, routed)           0.140     0.140    design_1_i/zynq_ultra_ps_e_0/inst/pl_clk_unbuffered[0]
    BUFG_PS_X0Y58        BUFG_PS (Prop_BUFG_PS_I_O)
                                                      0.027     0.167 r  design_1_i/zynq_ultra_ps_e_0/inst/buffer_pl_clk_0.PL_CLK_0_BUFG/O
    X0Y1 (CLOCK_ROOT)    net (fo=15423, routed)       1.553     1.720    design_1_i/cnn_predict_0/inst/grp_cnn_predict_Pipeline_VITIS_LOOP_121_11_VITIS_LOOP_122_12_VITIS_LOOP_123_13_fu_372/ap_clk
    SLICE_X19Y117        FDRE                                         r  design_1_i/cnn_predict_0/inst/grp_cnn_predict_Pipeline_VITIS_LOOP_121_11_VITIS_LOOP_122_12_VITIS_LOOP_123_13_fu_372/sum_9_2_1_1_reg_3659_reg[3]/C

Slack:                    inf
  Source:                 design_1_i/cnn_predict_0/inst/fexp_32ns_32ns_32_8_full_dsp_1_U86/cnn_predict_fexp_32ns_32ns_32_8_full_dsp_1_ip_u/inst/i_synth/EXP_OP.i_sp_or_dp.OP/i_renorm_and_round/DSP48_E1.DSP48E1_ADD.DSP48E1_ADD/i_no_versal_es1_workaround.DSP/DSP_C_DATA_INST/C_DATA[25]
                            (internal pin)
  Destination:            design_1_i/cnn_predict_0/inst/fexp_32ns_32ns_32_8_full_dsp_1_U86/cnn_predict_fexp_32ns_32ns_32_8_full_dsp_1_ip_u/inst/i_synth/EXP_OP.i_sp_or_dp.OP/i_recombination/result_delay/i_pipe/opt_has_pipe.first_q_reg[30]/D
                            (rising edge-triggered cell FDRE clocked by clk_pl_0  {rise@0.000ns fall@5.000ns period=10.000ns})
  Path Group:             (none)
  Path Type:              Setup (Max at Slow Process Corner)
  Data Path Delay:        2.769ns  (logic 1.664ns (60.085%)  route 1.105ns (39.915%))
  Logic Levels:           8  (CARRY8=2 DSP_ALU=1 DSP_OUTPUT=1 LUT2=1 LUT3=1 LUT6=2)
  Clock Uncertainty:      0.174ns  ((TSJ^2 + DJ^2)^1/2) / 2 + PE
    Total System Jitter     (TSJ):    0.050ns
    Discrete Jitter          (DJ):    0.344ns
    Phase Error              (PE):    0.000ns
  Clock Net Delay (Destination): 1.529ns (routing 0.576ns, distribution 0.953ns)

    Location             Delay type                Incr(ns)  Path(ns)    Netlist Resource(s)
  -------------------------------------------------------------------    -------------------
    DSP48E2_X1Y29        DSP_C_DATA                   0.000     0.000 r  design_1_i/cnn_predict_0/inst/fexp_32ns_32ns_32_8_full_dsp_1_U86/cnn_predict_fexp_32ns_32ns_32_8_full_dsp_1_ip_u/inst/i_synth/EXP_OP.i_sp_or_dp.OP/i_renorm_and_round/DSP48_E1.DSP48E1_ADD.DSP48E1_ADD/i_no_versal_es1_workaround.DSP/DSP_C_DATA_INST/C_DATA[25]
                         net (fo=2, routed)           0.000     0.000    design_1_i/cnn_predict_0/inst/fexp_32ns_32ns_32_8_full_dsp_1_U86/cnn_predict_fexp_32ns_32ns_32_8_full_dsp_1_ip_u/inst/i_synth/EXP_OP.i_sp_or_dp.OP/i_renorm_and_round/DSP48_E1.DSP48E1_ADD.DSP48E1_ADD/i_no_versal_es1_workaround.DSP/DSP_C_DATA.C_DATA<25>
    DSP48E2_X1Y29        DSP_ALU (Prop_DSP_ALU_DSP48E2_C_DATA[25]_ALU_OUT[25])
                                                      0.744     0.744 r  design_1_i/cnn_predict_0/inst/fexp_32ns_32ns_32_8_full_dsp_1_U86/cnn_predict_fexp_32ns_32ns_32_8_full_dsp_1_ip_u/inst/i_synth/EXP_OP.i_sp_or_dp.OP/i_renorm_and_round/DSP48_E1.DSP48E1_ADD.DSP48E1_ADD/i_no_versal_es1_workaround.DSP/DSP_ALU_INST/ALU_OUT[25]
                         net (fo=1, routed)           0.000     0.744    design_1_i/cnn_predict_0/inst/fexp_32ns_32ns_32_8_full_dsp_1_U86/cnn_predict_fexp_32ns_32ns_32_8_full_dsp_1_ip_u/inst/i_synth/EXP_OP.i_sp_or_dp.OP/i_renorm_and_round/DSP48_E1.DSP48E1_ADD.DSP48E1_ADD/i_no_versal_es1_workaround.DSP/DSP_ALU.ALU_OUT<25>
    DSP48E2_X1Y29        DSP_OUTPUT (Prop_DSP_OUTPUT_DSP48E2_ALU_OUT[25]_P[25])
                                                      0.141     0.885 f  design_1_i/cnn_predict_0/inst/fexp_32ns_32ns_32_8_full_dsp_1_U86/cnn_predict_fexp_32ns_32ns_32_8_full_dsp_1_ip_u/inst/i_synth/EXP_OP.i_sp_or_dp.OP/i_renorm_and_round/DSP48_E1.DSP48E1_ADD.DSP48E1_ADD/i_no_versal_es1_workaround.DSP/DSP_OUTPUT_INST/P[25]
                         net (fo=8, routed)           0.519     1.404    design_1_i/cnn_predict_0/inst/fexp_32ns_32ns_32_8_full_dsp_1_U86/cnn_predict_fexp_32ns_32ns_32_8_full_dsp_1_ip_u/inst/i_synth/EXP_OP.i_sp_or_dp.OP/g_Fr_sp_dsp.i_calculate_Fr/fabric.use_unisims.gen_addsub[1].gen_lut[0]
    SLICE_X8Y72          LUT2 (Prop_A6LUT_SLICEL_I1_O)
                                                      0.100     1.504 r  design_1_i/cnn_predict_0/inst/fexp_32ns_32ns_32_8_full_dsp_1_U86/cnn_predict_fexp_32ns_32ns_32_8_full_dsp_1_ip_u/inst/i_synth/EXP_OP.i_sp_or_dp.OP/g_Fr_sp_dsp.i_calculate_Fr/fabric.use_unisims.gen_addsub[1].prop_lut_i_1/O
                         net (fo=6, routed)           0.180     1.683    design_1_i/cnn_predict_0/inst/fexp_32ns_32ns_32_8_full_dsp_1_U86/cnn_predict_fexp_32ns_32ns_32_8_full_dsp_1_ip_u/inst/i_synth/EXP_OP.i_sp_or_dp.OP/i_res_exp/res_bias[1]
    SLICE_X7Y71          LUT3 (Prop_C6LUT_SLICEL_I0_O)
                                                      0.148     1.831 r  design_1_i/cnn_predict_0/inst/fexp_32ns_32ns_32_8_full_dsp_1_U86/cnn_predict_fexp_32ns_32ns_32_8_full_dsp_1_ip_u/inst/i_synth/EXP_OP.i_sp_or_dp.OP/i_res_exp/fabric.use_unisims.gen_addsub[1].prop_lut/O
                         net (fo=1, routed)           0.011     1.842    design_1_i/cnn_predict_0/inst/fexp_32ns_32ns_32_8_full_dsp_1_U86/cnn_predict_fexp_32ns_32ns_32_8_full_dsp_1_ip_u/inst/i_synth/EXP_OP.i_sp_or_dp.OP/i_res_exp/fabric.use_unisims.gen_addsub[1].prop
    SLICE_X7Y71          CARRY8 (Prop_CARRY8_SLICEL_S[2]_CO[7])
                                                      0.196     2.038 r  design_1_i/cnn_predict_0/inst/fexp_32ns_32ns_32_8_full_dsp_1_U86/cnn_predict_fexp_32ns_32ns_32_8_full_dsp_1_ip_u/inst/i_synth/EXP_OP.i_sp_or_dp.OP/i_res_exp/fabric.use_unisims.gen_addsub[0].i0.cymux0_CARRY4_CARRY8/CO[7]
                         net (fo=1, routed)           0.028     2.066    design_1_i/cnn_predict_0/inst/fexp_32ns_32ns_32_8_full_dsp_1_U86/cnn_predict_fexp_32ns_32ns_32_8_full_dsp_1_ip_u/inst/i_synth/EXP_OP.i_sp_or_dp.OP/i_res_exp/fabric.carry_6
    SLICE_X7Y72          CARRY8 (Prop_CARRY8_SLICEL_CI_O[0])
                                                      0.072     2.138 r  design_1_i/cnn_predict_0/inst/fexp_32ns_32ns_32_8_full_dsp_1_U86/cnn_predict_fexp_32ns_32ns_32_8_full_dsp_1_ip_u/inst/i_synth/EXP_OP.i_sp_or_dp.OP/i_res_exp/fabric.use_unisims.gen_addsub[7].cyxor_CARRY4_CARRY8/O[0]
                         net (fo=1, routed)           0.211     2.349    design_1_i/cnn_predict_0/inst/fexp_32ns_32ns_32_8_full_dsp_1_U86/cnn_predict_fexp_32ns_32ns_32_8_full_dsp_1_ip_u/inst/i_synth/EXP_OP.i_sp_or_dp.OP/i_special_detect/specialcase_delay_balance/i_pipe/sum[7]
    SLICE_X7Y72          LUT6 (Prop_C6LUT_SLICEL_I1_O)
                                                      0.148     2.497 r  design_1_i/cnn_predict_0/inst/fexp_32ns_32ns_32_8_full_dsp_1_U86/cnn_predict_fexp_32ns_32ns_32_8_full_dsp_1_ip_u/inst/i_synth/EXP_OP.i_sp_or_dp.OP/i_special_detect/specialcase_delay_balance/i_pipe/opt_has_pipe.first_q[30]_i_3/O
                         net (fo=1, routed)           0.099     2.596    design_1_i/cnn_predict_0/inst/fexp_32ns_32ns_32_8_full_dsp_1_U86/cnn_predict_fexp_32ns_32ns_32_8_full_dsp_1_ip_u/inst/i_synth/EXP_OP.i_sp_or_dp.OP/i_special_detect/specialcase_delay_balance/i_pipe/opt_has_pipe.first_q[30]_i_3_n_2
    SLICE_X8Y72          LUT6 (Prop_B6LUT_SLICEL_I3_O)
                                                      0.115     2.711 r  design_1_i/cnn_predict_0/inst/fexp_32ns_32ns_32_8_full_dsp_1_U86/cnn_predict_fexp_32ns_32ns_32_8_full_dsp_1_ip_u/inst/i_synth/EXP_OP.i_sp_or_dp.OP/i_special_detect/specialcase_delay_balance/i_pipe/opt_has_pipe.first_q[30]_i_1__0/O
                         net (fo=1, routed)           0.058     2.769    design_1_i/cnn_predict_0/inst/fexp_32ns_32ns_32_8_full_dsp_1_U86/cnn_predict_fexp_32ns_32ns_32_8_full_dsp_1_ip_u/inst/i_synth/EXP_OP.i_sp_or_dp.OP/i_recombination/result_delay/i_pipe/opt_has_pipe.first_q_reg[30]_0
    SLICE_X8Y72          FDRE                                         r  design_1_i/cnn_predict_0/inst/fexp_32ns_32ns_32_8_full_dsp_1_U86/cnn_predict_fexp_32ns_32ns_32_8_full_dsp_1_ip_u/inst/i_synth/EXP_OP.i_sp_or_dp.OP/i_recombination/result_delay/i_pipe/opt_has_pipe.first_q_reg[30]/D
  -------------------------------------------------------------------    -------------------

                         (clock clk_pl_0 rise edge)
                                                      0.000     0.000 r  
    PS8_X0Y0             PS8                          0.000     0.000 r  design_1_i/zynq_ultra_ps_e_0/inst/PS8_i/PLCLK[0]
                         net (fo=1, routed)           0.140     0.140    design_1_i/zynq_ultra_ps_e_0/inst/pl_clk_unbuffered[0]
    BUFG_PS_X0Y58        BUFG_PS (Prop_BUFG_PS_I_O)
                                                      0.027     0.167 r  design_1_i/zynq_ultra_ps_e_0/inst/buffer_pl_clk_0.PL_CLK_0_BUFG/O
    X0Y1 (CLOCK_ROOT)    net (fo=15423, routed)       1.529     1.696    design_1_i/cnn_predict_0/inst/fexp_32ns_32ns_32_8_full_dsp_1_U86/cnn_predict_fexp_32ns_32ns_32_8_full_dsp_1_ip_u/inst/i_synth/EXP_OP.i_sp_or_dp.OP/i_recombination/result_delay/i_pipe/aclk
    SLICE_X8Y72          FDRE                                         r  design_1_i/cnn_predict_0/inst/fexp_32ns_32ns_32_8_full_dsp_1_U86/cnn_predict_fexp_32ns_32ns_32_8_full_dsp_1_ip_u/inst/i_synth/EXP_OP.i_sp_or_dp.OP/i_recombination/result_delay/i_pipe/opt_has_pipe.first_q_reg[30]/C





Min Delay Paths
--------------------------------------------------------------------------------------
Slack:                    inf
  Source:                 design_1_i/cnn_predict_0/inst/grp_cnn_predict_Pipeline_VITIS_LOOP_121_11_VITIS_LOOP_122_12_VITIS_LOOP_123_13_fu_372/fmul_32ns_32ns_32_4_max_dsp_1_U45/cnn_predict_fmul_32ns_32ns_32_4_max_dsp_1_ip_u/inst/i_synth/MULT.OP/i_non_prim.R_AND_R/LAT_OPT.FULL.R_AND_R/DSP48E1_SGL_EXP_IP.OLD_ADD.ADD/i_no_versal_es1_workaround.DSP/DSP_C_DATA_INST/C_DATA[40]
                            (internal pin)
  Destination:            design_1_i/cnn_predict_0/inst/grp_cnn_predict_Pipeline_VITIS_LOOP_121_11_VITIS_LOOP_122_12_VITIS_LOOP_123_13_fu_372/fmul_32ns_32ns_32_4_max_dsp_1_U45/cnn_predict_fmul_32ns_32ns_32_4_max_dsp_1_ip_u/inst/i_synth/MULT.OP/i_non_prim.OP/RESULT_REG.NORMAL.exp_op_reg[3]/D
                            (rising edge-triggered cell FDRE clocked by clk_pl_0  {rise@0.000ns fall@5.000ns period=10.000ns})
  Path Group:             (none)
  Path Type:              Hold (Min at Fast Process Corner)
  Data Path Delay:        0.224ns  (logic 0.146ns (65.179%)  route 0.078ns (34.821%))
  Logic Levels:           3  (DSP_ALU=1 DSP_OUTPUT=1 LUT5=1)
  Clock Uncertainty:      0.174ns  ((TSJ^2 + DJ^2)^1/2) / 2 + PE
    Total System Jitter     (TSJ):    0.050ns
    Discrete Jitter          (DJ):    0.344ns
    Phase Error              (PE):    0.000ns
  Clock Net Delay (Destination): 1.036ns (routing 0.365ns, distribution 0.671ns)

    Location             Delay type                Incr(ns)  Path(ns)    Netlist Resource(s)
  -------------------------------------------------------------------    -------------------
    DSP48E2_X0Y50        DSP_C_DATA                   0.000     0.000 r  design_1_i/cnn_predict_0/inst/grp_cnn_predict_Pipeline_VITIS_LOOP_121_11_VITIS_LOOP_122_12_VITIS_LOOP_123_13_fu_372/fmul_32ns_32ns_32_4_max_dsp_1_U45/cnn_predict_fmul_32ns_32ns_32_4_max_dsp_1_ip_u/inst/i_synth/MULT.OP/i_non_prim.R_AND_R/LAT_OPT.FULL.R_AND_R/DSP48E1_SGL_EXP_IP.OLD_ADD.ADD/i_no_versal_es1_workaround.DSP/DSP_C_DATA_INST/C_DATA[40]
                         net (fo=2, routed)           0.000     0.000    design_1_i/cnn_predict_0/inst/grp_cnn_predict_Pipeline_VITIS_LOOP_121_11_VITIS_LOOP_122_12_VITIS_LOOP_123_13_fu_372/fmul_32ns_32ns_32_4_max_dsp_1_U45/cnn_predict_fmul_32ns_32ns_32_4_max_dsp_1_ip_u/inst/i_synth/MULT.OP/i_non_prim.R_AND_R/LAT_OPT.FULL.R_AND_R/DSP48E1_SGL_EXP_IP.OLD_ADD.ADD/i_no_versal_es1_workaround.DSP/DSP_C_DATA.C_DATA<40>
    DSP48E2_X0Y50        DSP_ALU (Prop_DSP_ALU_DSP48E2_C_DATA[40]_ALU_OUT[44])
                                                      0.102     0.102 f  design_1_i/cnn_predict_0/inst/grp_cnn_predict_Pipeline_VITIS_LOOP_121_11_VITIS_LOOP_122_12_VITIS_LOOP_123_13_fu_372/fmul_32ns_32ns_32_4_max_dsp_1_U45/cnn_predict_fmul_32ns_32ns_32_4_max_dsp_1_ip_u/inst/i_synth/MULT.OP/i_non_prim.R_AND_R/LAT_OPT.FULL.R_AND_R/DSP48E1_SGL_EXP_IP.OLD_ADD.ADD/i_no_versal_es1_workaround.DSP/DSP_ALU_INST/ALU_OUT[44]
                         net (fo=1, routed)           0.000     0.102    design_1_i/cnn_predict_0/inst/grp_cnn_predict_Pipeline_VITIS_LOOP_121_11_VITIS_LOOP_122_12_VITIS_LOOP_123_13_fu_372/fmul_32ns_32ns_32_4_max_dsp_1_U45/cnn_predict_fmul_32ns_32ns_32_4_max_dsp_1_ip_u/inst/i_synth/MULT.OP/i_non_prim.R_AND_R/LAT_OPT.FULL.R_AND_R/DSP48E1_SGL_EXP_IP.OLD_ADD.ADD/i_no_versal_es1_workaround.DSP/DSP_ALU.ALU_OUT<44>
    DSP48E2_X0Y50        DSP_OUTPUT (Prop_DSP_OUTPUT_DSP48E2_ALU_OUT[44]_P[44])
                                                      0.030     0.132 r  design_1_i/cnn_predict_0/inst/grp_cnn_predict_Pipeline_VITIS_LOOP_121_11_VITIS_LOOP_122_12_VITIS_LOOP_123_13_fu_372/fmul_32ns_32ns_32_4_max_dsp_1_U45/cnn_predict_fmul_32ns_32ns_32_4_max_dsp_1_ip_u/inst/i_synth/MULT.OP/i_non_prim.R_AND_R/LAT_OPT.FULL.R_AND_R/DSP48E1_SGL_EXP_IP.OLD_ADD.ADD/i_no_versal_es1_workaround.DSP/DSP_OUTPUT_INST/P[44]
                         net (fo=1, routed)           0.060     0.192    design_1_i/cnn_predict_0/inst/grp_cnn_predict_Pipeline_VITIS_LOOP_121_11_VITIS_LOOP_122_12_VITIS_LOOP_123_13_fu_372/fmul_32ns_32ns_32_4_max_dsp_1_U45/cnn_predict_fmul_32ns_32ns_32_4_max_dsp_1_ip_u/inst/i_synth/MULT.OP/i_non_prim.EXP/SIG_DELAY/i_pipe/P[11]
    SLICE_X4Y126         LUT5 (Prop_A6LUT_SLICEM_I1_O)
                                                      0.014     0.206 r  design_1_i/cnn_predict_0/inst/grp_cnn_predict_Pipeline_VITIS_LOOP_121_11_VITIS_LOOP_122_12_VITIS_LOOP_123_13_fu_372/fmul_32ns_32ns_32_4_max_dsp_1_U45/cnn_predict_fmul_32ns_32ns_32_4_max_dsp_1_ip_u/inst/i_synth/MULT.OP/i_non_prim.EXP/SIG_DELAY/i_pipe/RESULT_REG.NORMAL.exp_op[3]_i_1/O
                         net (fo=1, routed)           0.018     0.224    design_1_i/cnn_predict_0/inst/grp_cnn_predict_Pipeline_VITIS_LOOP_121_11_VITIS_LOOP_122_12_VITIS_LOOP_123_13_fu_372/fmul_32ns_32ns_32_4_max_dsp_1_U45/cnn_predict_fmul_32ns_32ns_32_4_max_dsp_1_ip_u/inst/i_synth/MULT.OP/i_non_prim.OP/RESULT_REG.NORMAL.exp_op_reg[3]_0
    SLICE_X4Y126         FDRE                                         r  design_1_i/cnn_predict_0/inst/grp_cnn_predict_Pipeline_VITIS_LOOP_121_11_VITIS_LOOP_122_12_VITIS_LOOP_123_13_fu_372/fmul_32ns_32ns_32_4_max_dsp_1_U45/cnn_predict_fmul_32ns_32ns_32_4_max_dsp_1_ip_u/inst/i_synth/MULT.OP/i_non_prim.OP/RESULT_REG.NORMAL.exp_op_reg[3]/D
  -------------------------------------------------------------------    -------------------

                         (clock clk_pl_0 rise edge)
                                                      0.000     0.000 r  
    PS8_X0Y0             PS8                          0.000     0.000 r  design_1_i/zynq_ultra_ps_e_0/inst/PS8_i/PLCLK[0]
                         net (fo=1, routed)           0.120     0.120    design_1_i/zynq_ultra_ps_e_0/inst/pl_clk_unbuffered[0]
    BUFG_PS_X0Y58        BUFG_PS (Prop_BUFG_PS_I_O)
                                                      0.018     0.138 r  design_1_i/zynq_ultra_ps_e_0/inst/buffer_pl_clk_0.PL_CLK_0_BUFG/O
    X0Y1 (CLOCK_ROOT)    net (fo=15423, routed)       1.036     1.174    design_1_i/cnn_predict_0/inst/grp_cnn_predict_Pipeline_VITIS_LOOP_121_11_VITIS_LOOP_122_12_VITIS_LOOP_123_13_fu_372/fmul_32ns_32ns_32_4_max_dsp_1_U45/cnn_predict_fmul_32ns_32ns_32_4_max_dsp_1_ip_u/inst/i_synth/MULT.OP/i_non_prim.OP/aclk
    SLICE_X4Y126         FDRE                                         r  design_1_i/cnn_predict_0/inst/grp_cnn_predict_Pipeline_VITIS_LOOP_121_11_VITIS_LOOP_122_12_VITIS_LOOP_123_13_fu_372/fmul_32ns_32ns_32_4_max_dsp_1_U45/cnn_predict_fmul_32ns_32ns_32_4_max_dsp_1_ip_u/inst/i_synth/MULT.OP/i_non_prim.OP/RESULT_REG.NORMAL.exp_op_reg[3]/C

Slack:                    inf
  Source:                 design_1_i/cnn_predict_0/inst/grp_cnn_predict_Pipeline_VITIS_LOOP_121_11_VITIS_LOOP_122_12_VITIS_LOOP_123_13_fu_372/fmul_32ns_32ns_32_4_max_dsp_1_U46/cnn_predict_fmul_32ns_32ns_32_4_max_dsp_1_ip_u/inst/i_synth/MULT.OP/i_non_prim.R_AND_R/LAT_OPT.FULL.R_AND_R/DSP48E1_SGL_EXP_IP.OLD_ADD.ADD/i_no_versal_es1_workaround.DSP/DSP_C_DATA_INST/C_DATA[24]
                            (internal pin)
  Destination:            design_1_i/cnn_predict_0/inst/grp_cnn_predict_Pipeline_VITIS_LOOP_121_11_VITIS_LOOP_122_12_VITIS_LOOP_123_13_fu_372/fmul_32ns_32ns_32_4_max_dsp_1_U46/cnn_predict_fmul_32ns_32ns_32_4_max_dsp_1_ip_u/inst/i_synth/MULT.OP/i_non_prim.OP/RESULT_REG.NORMAL.mant_op_reg[18]/D
                            (rising edge-triggered cell FDRE clocked by clk_pl_0  {rise@0.000ns fall@5.000ns period=10.000ns})
  Path Group:             (none)
  Path Type:              Hold (Min at Fast Process Corner)
  Data Path Delay:        0.225ns  (logic 0.146ns (64.933%)  route 0.079ns (35.067%))
  Logic Levels:           3  (DSP_ALU=1 DSP_OUTPUT=1 LUT6=1)
  Clock Uncertainty:      0.174ns  ((TSJ^2 + DJ^2)^1/2) / 2 + PE
    Total System Jitter     (TSJ):    0.050ns
    Discrete Jitter          (DJ):    0.344ns
    Phase Error              (PE):    0.000ns
  Clock Net Delay (Destination): 1.135ns (routing 0.365ns, distribution 0.770ns)

    Location             Delay type                Incr(ns)  Path(ns)    Netlist Resource(s)
  -------------------------------------------------------------------    -------------------
    DSP48E2_X3Y51        DSP_C_DATA                   0.000     0.000 r  design_1_i/cnn_predict_0/inst/grp_cnn_predict_Pipeline_VITIS_LOOP_121_11_VITIS_LOOP_122_12_VITIS_LOOP_123_13_fu_372/fmul_32ns_32ns_32_4_max_dsp_1_U46/cnn_predict_fmul_32ns_32ns_32_4_max_dsp_1_ip_u/inst/i_synth/MULT.OP/i_non_prim.R_AND_R/LAT_OPT.FULL.R_AND_R/DSP48E1_SGL_EXP_IP.OLD_ADD.ADD/i_no_versal_es1_workaround.DSP/DSP_C_DATA_INST/C_DATA[24]
                         net (fo=2, routed)           0.000     0.000    design_1_i/cnn_predict_0/inst/grp_cnn_predict_Pipeline_VITIS_LOOP_121_11_VITIS_LOOP_122_12_VITIS_LOOP_123_13_fu_372/fmul_32ns_32ns_32_4_max_dsp_1_U46/cnn_predict_fmul_32ns_32ns_32_4_max_dsp_1_ip_u/inst/i_synth/MULT.OP/i_non_prim.R_AND_R/LAT_OPT.FULL.R_AND_R/DSP48E1_SGL_EXP_IP.OLD_ADD.ADD/i_no_versal_es1_workaround.DSP/DSP_C_DATA.C_DATA<24>
    DSP48E2_X3Y51        DSP_ALU (Prop_DSP_ALU_DSP48E2_C_DATA[24]_ALU_OUT[24])
                                                      0.102     0.102 f  design_1_i/cnn_predict_0/inst/grp_cnn_predict_Pipeline_VITIS_LOOP_121_11_VITIS_LOOP_122_12_VITIS_LOOP_123_13_fu_372/fmul_32ns_32ns_32_4_max_dsp_1_U46/cnn_predict_fmul_32ns_32ns_32_4_max_dsp_1_ip_u/inst/i_synth/MULT.OP/i_non_prim.R_AND_R/LAT_OPT.FULL.R_AND_R/DSP48E1_SGL_EXP_IP.OLD_ADD.ADD/i_no_versal_es1_workaround.DSP/DSP_ALU_INST/ALU_OUT[24]
                         net (fo=1, routed)           0.000     0.102    design_1_i/cnn_predict_0/inst/grp_cnn_predict_Pipeline_VITIS_LOOP_121_11_VITIS_LOOP_122_12_VITIS_LOOP_123_13_fu_372/fmul_32ns_32ns_32_4_max_dsp_1_U46/cnn_predict_fmul_32ns_32ns_32_4_max_dsp_1_ip_u/inst/i_synth/MULT.OP/i_non_prim.R_AND_R/LAT_OPT.FULL.R_AND_R/DSP48E1_SGL_EXP_IP.OLD_ADD.ADD/i_no_versal_es1_workaround.DSP/DSP_ALU.ALU_OUT<24>
    DSP48E2_X3Y51        DSP_OUTPUT (Prop_DSP_OUTPUT_DSP48E2_ALU_OUT[24]_P[24])
                                                      0.030     0.132 r  design_1_i/cnn_predict_0/inst/grp_cnn_predict_Pipeline_VITIS_LOOP_121_11_VITIS_LOOP_122_12_VITIS_LOOP_123_13_fu_372/fmul_32ns_32ns_32_4_max_dsp_1_U46/cnn_predict_fmul_32ns_32ns_32_4_max_dsp_1_ip_u/inst/i_synth/MULT.OP/i_non_prim.R_AND_R/LAT_OPT.FULL.R_AND_R/DSP48E1_SGL_EXP_IP.OLD_ADD.ADD/i_no_versal_es1_workaround.DSP/DSP_OUTPUT_INST/P[24]
                         net (fo=2, routed)           0.061     0.193    design_1_i/cnn_predict_0/inst/grp_cnn_predict_Pipeline_VITIS_LOOP_121_11_VITIS_LOOP_122_12_VITIS_LOOP_123_13_fu_372/fmul_32ns_32ns_32_4_max_dsp_1_U46/cnn_predict_fmul_32ns_32ns_32_4_max_dsp_1_ip_u/inst/i_synth/MULT.OP/i_non_prim.MULT/DSP48E1_SPD_SGL_VARIANT.FIX_MULT/DSP2/RESULT_REG.NORMAL.exp_op_reg[0][17]
    SLICE_X39Y128        LUT6 (Prop_A6LUT_SLICEM_I1_O)
                                                      0.014     0.207 r  design_1_i/cnn_predict_0/inst/grp_cnn_predict_Pipeline_VITIS_LOOP_121_11_VITIS_LOOP_122_12_VITIS_LOOP_123_13_fu_372/fmul_32ns_32ns_32_4_max_dsp_1_U46/cnn_predict_fmul_32ns_32ns_32_4_max_dsp_1_ip_u/inst/i_synth/MULT.OP/i_non_prim.MULT/DSP48E1_SPD_SGL_VARIANT.FIX_MULT/DSP2/RESULT_REG.NORMAL.mant_op[18]_i_1/O
                         net (fo=1, routed)           0.018     0.225    design_1_i/cnn_predict_0/inst/grp_cnn_predict_Pipeline_VITIS_LOOP_121_11_VITIS_LOOP_122_12_VITIS_LOOP_123_13_fu_372/fmul_32ns_32ns_32_4_max_dsp_1_U46/cnn_predict_fmul_32ns_32ns_32_4_max_dsp_1_ip_u/inst/i_synth/MULT.OP/i_non_prim.OP/MANT[18]
    SLICE_X39Y128        FDRE                                         r  design_1_i/cnn_predict_0/inst/grp_cnn_predict_Pipeline_VITIS_LOOP_121_11_VITIS_LOOP_122_12_VITIS_LOOP_123_13_fu_372/fmul_32ns_32ns_32_4_max_dsp_1_U46/cnn_predict_fmul_32ns_32ns_32_4_max_dsp_1_ip_u/inst/i_synth/MULT.OP/i_non_prim.OP/RESULT_REG.NORMAL.mant_op_reg[18]/D
  -------------------------------------------------------------------    -------------------

                         (clock clk_pl_0 rise edge)
                                                      0.000     0.000 r  
    PS8_X0Y0             PS8                          0.000     0.000 r  design_1_i/zynq_ultra_ps_e_0/inst/PS8_i/PLCLK[0]
                         net (fo=1, routed)           0.120     0.120    design_1_i/zynq_ultra_ps_e_0/inst/pl_clk_unbuffered[0]
    BUFG_PS_X0Y58        BUFG_PS (Prop_BUFG_PS_I_O)
                                                      0.018     0.138 r  design_1_i/zynq_ultra_ps_e_0/inst/buffer_pl_clk_0.PL_CLK_0_BUFG/O
    X0Y1 (CLOCK_ROOT)    net (fo=15423, routed)       1.135     1.273    design_1_i/cnn_predict_0/inst/grp_cnn_predict_Pipeline_VITIS_LOOP_121_11_VITIS_LOOP_122_12_VITIS_LOOP_123_13_fu_372/fmul_32ns_32ns_32_4_max_dsp_1_U46/cnn_predict_fmul_32ns_32ns_32_4_max_dsp_1_ip_u/inst/i_synth/MULT.OP/i_non_prim.OP/aclk
    SLICE_X39Y128        FDRE                                         r  design_1_i/cnn_predict_0/inst/grp_cnn_predict_Pipeline_VITIS_LOOP_121_11_VITIS_LOOP_122_12_VITIS_LOOP_123_13_fu_372/fmul_32ns_32ns_32_4_max_dsp_1_U46/cnn_predict_fmul_32ns_32ns_32_4_max_dsp_1_ip_u/inst/i_synth/MULT.OP/i_non_prim.OP/RESULT_REG.NORMAL.mant_op_reg[18]/C

Slack:                    inf
  Source:                 design_1_i/cnn_predict_0/inst/grp_cnn_predict_Pipeline_VITIS_LOOP_121_11_VITIS_LOOP_122_12_VITIS_LOOP_123_13_fu_372/fmul_32ns_32ns_32_4_max_dsp_1_U42/cnn_predict_fmul_32ns_32ns_32_4_max_dsp_1_ip_u/inst/i_synth/MULT.OP/i_non_prim.R_AND_R/LAT_OPT.FULL.R_AND_R/DSP48E1_SGL_EXP_IP.OLD_ADD.ADD/i_no_versal_es1_workaround.DSP/DSP_C_DATA_INST/C_DATA[40]
                            (internal pin)
  Destination:            design_1_i/cnn_predict_0/inst/grp_cnn_predict_Pipeline_VITIS_LOOP_121_11_VITIS_LOOP_122_12_VITIS_LOOP_123_13_fu_372/fmul_32ns_32ns_32_4_max_dsp_1_U42/cnn_predict_fmul_32ns_32ns_32_4_max_dsp_1_ip_u/inst/i_synth/MULT.OP/i_non_prim.OP/RESULT_REG.NORMAL.exp_op_reg[1]/D
                            (rising edge-triggered cell FDRE clocked by clk_pl_0  {rise@0.000ns fall@5.000ns period=10.000ns})
  Path Group:             (none)
  Path Type:              Hold (Min at Fast Process Corner)
  Data Path Delay:        0.226ns  (logic 0.146ns (64.602%)  route 0.080ns (35.398%))
  Logic Levels:           3  (DSP_ALU=1 DSP_OUTPUT=1 LUT5=1)
  Clock Uncertainty:      0.174ns  ((TSJ^2 + DJ^2)^1/2) / 2 + PE
    Total System Jitter     (TSJ):    0.050ns
    Discrete Jitter          (DJ):    0.344ns
    Phase Error              (PE):    0.000ns
  Clock Net Delay (Destination): 1.125ns (routing 0.365ns, distribution 0.760ns)

    Location             Delay type                Incr(ns)  Path(ns)    Netlist Resource(s)
  -------------------------------------------------------------------    -------------------
    DSP48E2_X3Y56        DSP_C_DATA                   0.000     0.000 r  design_1_i/cnn_predict_0/inst/grp_cnn_predict_Pipeline_VITIS_LOOP_121_11_VITIS_LOOP_122_12_VITIS_LOOP_123_13_fu_372/fmul_32ns_32ns_32_4_max_dsp_1_U42/cnn_predict_fmul_32ns_32ns_32_4_max_dsp_1_ip_u/inst/i_synth/MULT.OP/i_non_prim.R_AND_R/LAT_OPT.FULL.R_AND_R/DSP48E1_SGL_EXP_IP.OLD_ADD.ADD/i_no_versal_es1_workaround.DSP/DSP_C_DATA_INST/C_DATA[40]
                         net (fo=2, routed)           0.000     0.000    design_1_i/cnn_predict_0/inst/grp_cnn_predict_Pipeline_VITIS_LOOP_121_11_VITIS_LOOP_122_12_VITIS_LOOP_123_13_fu_372/fmul_32ns_32ns_32_4_max_dsp_1_U42/cnn_predict_fmul_32ns_32ns_32_4_max_dsp_1_ip_u/inst/i_synth/MULT.OP/i_non_prim.R_AND_R/LAT_OPT.FULL.R_AND_R/DSP48E1_SGL_EXP_IP.OLD_ADD.ADD/i_no_versal_es1_workaround.DSP/DSP_C_DATA.C_DATA<40>
    DSP48E2_X3Y56        DSP_ALU (Prop_DSP_ALU_DSP48E2_C_DATA[40]_ALU_OUT[42])
                                                      0.102     0.102 f  design_1_i/cnn_predict_0/inst/grp_cnn_predict_Pipeline_VITIS_LOOP_121_11_VITIS_LOOP_122_12_VITIS_LOOP_123_13_fu_372/fmul_32ns_32ns_32_4_max_dsp_1_U42/cnn_predict_fmul_32ns_32ns_32_4_max_dsp_1_ip_u/inst/i_synth/MULT.OP/i_non_prim.R_AND_R/LAT_OPT.FULL.R_AND_R/DSP48E1_SGL_EXP_IP.OLD_ADD.ADD/i_no_versal_es1_workaround.DSP/DSP_ALU_INST/ALU_OUT[42]
                         net (fo=1, routed)           0.000     0.102    design_1_i/cnn_predict_0/inst/grp_cnn_predict_Pipeline_VITIS_LOOP_121_11_VITIS_LOOP_122_12_VITIS_LOOP_123_13_fu_372/fmul_32ns_32ns_32_4_max_dsp_1_U42/cnn_predict_fmul_32ns_32ns_32_4_max_dsp_1_ip_u/inst/i_synth/MULT.OP/i_non_prim.R_AND_R/LAT_OPT.FULL.R_AND_R/DSP48E1_SGL_EXP_IP.OLD_ADD.ADD/i_no_versal_es1_workaround.DSP/DSP_ALU.ALU_OUT<42>
    DSP48E2_X3Y56        DSP_OUTPUT (Prop_DSP_OUTPUT_DSP48E2_ALU_OUT[42]_P[42])
                                                      0.030     0.132 r  design_1_i/cnn_predict_0/inst/grp_cnn_predict_Pipeline_VITIS_LOOP_121_11_VITIS_LOOP_122_12_VITIS_LOOP_123_13_fu_372/fmul_32ns_32ns_32_4_max_dsp_1_U42/cnn_predict_fmul_32ns_32ns_32_4_max_dsp_1_ip_u/inst/i_synth/MULT.OP/i_non_prim.R_AND_R/LAT_OPT.FULL.R_AND_R/DSP48E1_SGL_EXP_IP.OLD_ADD.ADD/i_no_versal_es1_workaround.DSP/DSP_OUTPUT_INST/P[42]
                         net (fo=1, routed)           0.059     0.191    design_1_i/cnn_predict_0/inst/grp_cnn_predict_Pipeline_VITIS_LOOP_121_11_VITIS_LOOP_122_12_VITIS_LOOP_123_13_fu_372/fmul_32ns_32ns_32_4_max_dsp_1_U42/cnn_predict_fmul_32ns_32ns_32_4_max_dsp_1_ip_u/inst/i_synth/MULT.OP/i_non_prim.EXP/SIG_DELAY/i_pipe/P[9]
    SLICE_X39Y140        LUT5 (Prop_G6LUT_SLICEM_I1_O)
                                                      0.014     0.205 r  design_1_i/cnn_predict_0/inst/grp_cnn_predict_Pipeline_VITIS_LOOP_121_11_VITIS_LOOP_122_12_VITIS_LOOP_123_13_fu_372/fmul_32ns_32ns_32_4_max_dsp_1_U42/cnn_predict_fmul_32ns_32ns_32_4_max_dsp_1_ip_u/inst/i_synth/MULT.OP/i_non_prim.EXP/SIG_DELAY/i_pipe/RESULT_REG.NORMAL.exp_op[1]_i_1/O
                         net (fo=1, routed)           0.021     0.226    design_1_i/cnn_predict_0/inst/grp_cnn_predict_Pipeline_VITIS_LOOP_121_11_VITIS_LOOP_122_12_VITIS_LOOP_123_13_fu_372/fmul_32ns_32ns_32_4_max_dsp_1_U42/cnn_predict_fmul_32ns_32ns_32_4_max_dsp_1_ip_u/inst/i_synth/MULT.OP/i_non_prim.OP/RESULT_REG.NORMAL.exp_op_reg[1]_0
    SLICE_X39Y140        FDRE                                         r  design_1_i/cnn_predict_0/inst/grp_cnn_predict_Pipeline_VITIS_LOOP_121_11_VITIS_LOOP_122_12_VITIS_LOOP_123_13_fu_372/fmul_32ns_32ns_32_4_max_dsp_1_U42/cnn_predict_fmul_32ns_32ns_32_4_max_dsp_1_ip_u/inst/i_synth/MULT.OP/i_non_prim.OP/RESULT_REG.NORMAL.exp_op_reg[1]/D
  -------------------------------------------------------------------    -------------------

                         (clock clk_pl_0 rise edge)
                                                      0.000     0.000 r  
    PS8_X0Y0             PS8                          0.000     0.000 r  design_1_i/zynq_ultra_ps_e_0/inst/PS8_i/PLCLK[0]
                         net (fo=1, routed)           0.120     0.120    design_1_i/zynq_ultra_ps_e_0/inst/pl_clk_unbuffered[0]
    BUFG_PS_X0Y58        BUFG_PS (Prop_BUFG_PS_I_O)
                                                      0.018     0.138 r  design_1_i/zynq_ultra_ps_e_0/inst/buffer_pl_clk_0.PL_CLK_0_BUFG/O
    X0Y1 (CLOCK_ROOT)    net (fo=15423, routed)       1.125     1.263    design_1_i/cnn_predict_0/inst/grp_cnn_predict_Pipeline_VITIS_LOOP_121_11_VITIS_LOOP_122_12_VITIS_LOOP_123_13_fu_372/fmul_32ns_32ns_32_4_max_dsp_1_U42/cnn_predict_fmul_32ns_32ns_32_4_max_dsp_1_ip_u/inst/i_synth/MULT.OP/i_non_prim.OP/aclk
    SLICE_X39Y140        FDRE                                         r  design_1_i/cnn_predict_0/inst/grp_cnn_predict_Pipeline_VITIS_LOOP_121_11_VITIS_LOOP_122_12_VITIS_LOOP_123_13_fu_372/fmul_32ns_32ns_32_4_max_dsp_1_U42/cnn_predict_fmul_32ns_32ns_32_4_max_dsp_1_ip_u/inst/i_synth/MULT.OP/i_non_prim.OP/RESULT_REG.NORMAL.exp_op_reg[1]/C

Slack:                    inf
  Source:                 design_1_i/cnn_predict_0/inst/fmul_32ns_32ns_32_4_max_dsp_1_U88/cnn_predict_fmul_32ns_32ns_32_4_max_dsp_1_ip_u/inst/i_synth/MULT.OP/i_non_prim.R_AND_R/LAT_OPT.FULL.R_AND_R/DSP48E1_SGL_EXP_IP.OLD_ADD.ADD/i_no_versal_es1_workaround.DSP/DSP_C_DATA_INST/C_DATA[31]
                            (internal pin)
  Destination:            design_1_i/cnn_predict_0/inst/fmul_32ns_32ns_32_4_max_dsp_1_U88/cnn_predict_fmul_32ns_32ns_32_4_max_dsp_1_ip_u/inst/i_synth/MULT.OP/i_non_prim.OP/RESULT_REG.NORMAL.exp_op_reg[1]/D
                            (rising edge-triggered cell FDRE clocked by clk_pl_0  {rise@0.000ns fall@5.000ns period=10.000ns})
  Path Group:             (none)
  Path Type:              Hold (Min at Fast Process Corner)
  Data Path Delay:        0.227ns  (logic 0.146ns (64.317%)  route 0.081ns (35.683%))
  Logic Levels:           3  (DSP_ALU=1 DSP_OUTPUT=1 LUT5=1)
  Clock Uncertainty:      0.174ns  ((TSJ^2 + DJ^2)^1/2) / 2 + PE
    Total System Jitter     (TSJ):    0.050ns
    Discrete Jitter          (DJ):    0.344ns
    Phase Error              (PE):    0.000ns
  Clock Net Delay (Destination): 1.010ns (routing 0.365ns, distribution 0.645ns)

    Location             Delay type                Incr(ns)  Path(ns)    Netlist Resource(s)
  -------------------------------------------------------------------    -------------------
    DSP48E2_X1Y41        DSP_C_DATA                   0.000     0.000 r  design_1_i/cnn_predict_0/inst/fmul_32ns_32ns_32_4_max_dsp_1_U88/cnn_predict_fmul_32ns_32ns_32_4_max_dsp_1_ip_u/inst/i_synth/MULT.OP/i_non_prim.R_AND_R/LAT_OPT.FULL.R_AND_R/DSP48E1_SGL_EXP_IP.OLD_ADD.ADD/i_no_versal_es1_workaround.DSP/DSP_C_DATA_INST/C_DATA[31]
                         net (fo=2, routed)           0.000     0.000    design_1_i/cnn_predict_0/inst/fmul_32ns_32ns_32_4_max_dsp_1_U88/cnn_predict_fmul_32ns_32ns_32_4_max_dsp_1_ip_u/inst/i_synth/MULT.OP/i_non_prim.R_AND_R/LAT_OPT.FULL.R_AND_R/DSP48E1_SGL_EXP_IP.OLD_ADD.ADD/i_no_versal_es1_workaround.DSP/DSP_C_DATA.C_DATA<31>
    DSP48E2_X1Y41        DSP_ALU (Prop_DSP_ALU_DSP48E2_C_DATA[31]_ALU_OUT[33])
                                                      0.102     0.102 f  design_1_i/cnn_predict_0/inst/fmul_32ns_32ns_32_4_max_dsp_1_U88/cnn_predict_fmul_32ns_32ns_32_4_max_dsp_1_ip_u/inst/i_synth/MULT.OP/i_non_prim.R_AND_R/LAT_OPT.FULL.R_AND_R/DSP48E1_SGL_EXP_IP.OLD_ADD.ADD/i_no_versal_es1_workaround.DSP/DSP_ALU_INST/ALU_OUT[33]
                         net (fo=1, routed)           0.000     0.102    design_1_i/cnn_predict_0/inst/fmul_32ns_32ns_32_4_max_dsp_1_U88/cnn_predict_fmul_32ns_32ns_32_4_max_dsp_1_ip_u/inst/i_synth/MULT.OP/i_non_prim.R_AND_R/LAT_OPT.FULL.R_AND_R/DSP48E1_SGL_EXP_IP.OLD_ADD.ADD/i_no_versal_es1_workaround.DSP/DSP_ALU.ALU_OUT<33>
    DSP48E2_X1Y41        DSP_OUTPUT (Prop_DSP_OUTPUT_DSP48E2_ALU_OUT[33]_P[33])
                                                      0.030     0.132 r  design_1_i/cnn_predict_0/inst/fmul_32ns_32ns_32_4_max_dsp_1_U88/cnn_predict_fmul_32ns_32ns_32_4_max_dsp_1_ip_u/inst/i_synth/MULT.OP/i_non_prim.R_AND_R/LAT_OPT.FULL.R_AND_R/DSP48E1_SGL_EXP_IP.OLD_ADD.ADD/i_no_versal_es1_workaround.DSP/DSP_OUTPUT_INST/P[33]
                         net (fo=1, routed)           0.057     0.189    design_1_i/cnn_predict_0/inst/fmul_32ns_32ns_32_4_max_dsp_1_U88/cnn_predict_fmul_32ns_32ns_32_4_max_dsp_1_ip_u/inst/i_synth/MULT.OP/i_non_prim.EXP/SIG_DELAY/i_pipe/P[1]
    SLICE_X19Y104        LUT5 (Prop_C6LUT_SLICEM_I3_O)
                                                      0.014     0.203 r  design_1_i/cnn_predict_0/inst/fmul_32ns_32ns_32_4_max_dsp_1_U88/cnn_predict_fmul_32ns_32ns_32_4_max_dsp_1_ip_u/inst/i_synth/MULT.OP/i_non_prim.EXP/SIG_DELAY/i_pipe/RESULT_REG.NORMAL.exp_op[1]_i_1/O
                         net (fo=1, routed)           0.024     0.227    design_1_i/cnn_predict_0/inst/fmul_32ns_32ns_32_4_max_dsp_1_U88/cnn_predict_fmul_32ns_32ns_32_4_max_dsp_1_ip_u/inst/i_synth/MULT.OP/i_non_prim.OP/RESULT_REG.NORMAL.exp_op_reg[1]_0
    SLICE_X19Y104        FDRE                                         r  design_1_i/cnn_predict_0/inst/fmul_32ns_32ns_32_4_max_dsp_1_U88/cnn_predict_fmul_32ns_32ns_32_4_max_dsp_1_ip_u/inst/i_synth/MULT.OP/i_non_prim.OP/RESULT_REG.NORMAL.exp_op_reg[1]/D
  -------------------------------------------------------------------    -------------------

                         (clock clk_pl_0 rise edge)
                                                      0.000     0.000 r  
    PS8_X0Y0             PS8                          0.000     0.000 r  design_1_i/zynq_ultra_ps_e_0/inst/PS8_i/PLCLK[0]
                         net (fo=1, routed)           0.120     0.120    design_1_i/zynq_ultra_ps_e_0/inst/pl_clk_unbuffered[0]
    BUFG_PS_X0Y58        BUFG_PS (Prop_BUFG_PS_I_O)
                                                      0.018     0.138 r  design_1_i/zynq_ultra_ps_e_0/inst/buffer_pl_clk_0.PL_CLK_0_BUFG/O
    X0Y1 (CLOCK_ROOT)    net (fo=15423, routed)       1.010     1.148    design_1_i/cnn_predict_0/inst/fmul_32ns_32ns_32_4_max_dsp_1_U88/cnn_predict_fmul_32ns_32ns_32_4_max_dsp_1_ip_u/inst/i_synth/MULT.OP/i_non_prim.OP/aclk
    SLICE_X19Y104        FDRE                                         r  design_1_i/cnn_predict_0/inst/fmul_32ns_32ns_32_4_max_dsp_1_U88/cnn_predict_fmul_32ns_32ns_32_4_max_dsp_1_ip_u/inst/i_synth/MULT.OP/i_non_prim.OP/RESULT_REG.NORMAL.exp_op_reg[1]/C

Slack:                    inf
  Source:                 design_1_i/cnn_predict_0/inst/grp_cnn_predict_Pipeline_VITIS_LOOP_121_11_VITIS_LOOP_122_12_VITIS_LOOP_123_13_fu_372/fmul_32ns_32ns_32_4_max_dsp_1_U46/cnn_predict_fmul_32ns_32ns_32_4_max_dsp_1_ip_u/inst/i_synth/MULT.OP/i_non_prim.R_AND_R/LAT_OPT.FULL.R_AND_R/DSP48E1_SGL_EXP_IP.OLD_ADD.ADD/i_no_versal_es1_workaround.DSP/DSP_C_DATA_INST/C_DATA[8]
                            (internal pin)
  Destination:            design_1_i/cnn_predict_0/inst/grp_cnn_predict_Pipeline_VITIS_LOOP_121_11_VITIS_LOOP_122_12_VITIS_LOOP_123_13_fu_372/fmul_32ns_32ns_32_4_max_dsp_1_U46/cnn_predict_fmul_32ns_32ns_32_4_max_dsp_1_ip_u/inst/i_synth/MULT.OP/i_non_prim.OP/RESULT_REG.NORMAL.mant_op_reg[1]/D
                            (rising edge-triggered cell FDRE clocked by clk_pl_0  {rise@0.000ns fall@5.000ns period=10.000ns})
  Path Group:             (none)
  Path Type:              Hold (Min at Fast Process Corner)
  Data Path Delay:        0.229ns  (logic 0.146ns (63.627%)  route 0.083ns (36.373%))
  Logic Levels:           3  (DSP_ALU=1 DSP_OUTPUT=1 LUT6=1)
  Clock Uncertainty:      0.174ns  ((TSJ^2 + DJ^2)^1/2) / 2 + PE
    Total System Jitter     (TSJ):    0.050ns
    Discrete Jitter          (DJ):    0.344ns
    Phase Error              (PE):    0.000ns
  Clock Net Delay (Destination): 1.130ns (routing 0.365ns, distribution 0.765ns)

    Location             Delay type                Incr(ns)  Path(ns)    Netlist Resource(s)
  -------------------------------------------------------------------    -------------------
    DSP48E2_X3Y51        DSP_C_DATA                   0.000     0.000 r  design_1_i/cnn_predict_0/inst/grp_cnn_predict_Pipeline_VITIS_LOOP_121_11_VITIS_LOOP_122_12_VITIS_LOOP_123_13_fu_372/fmul_32ns_32ns_32_4_max_dsp_1_U46/cnn_predict_fmul_32ns_32ns_32_4_max_dsp_1_ip_u/inst/i_synth/MULT.OP/i_non_prim.R_AND_R/LAT_OPT.FULL.R_AND_R/DSP48E1_SGL_EXP_IP.OLD_ADD.ADD/i_no_versal_es1_workaround.DSP/DSP_C_DATA_INST/C_DATA[8]
                         net (fo=2, routed)           0.000     0.000    design_1_i/cnn_predict_0/inst/grp_cnn_predict_Pipeline_VITIS_LOOP_121_11_VITIS_LOOP_122_12_VITIS_LOOP_123_13_fu_372/fmul_32ns_32ns_32_4_max_dsp_1_U46/cnn_predict_fmul_32ns_32ns_32_4_max_dsp_1_ip_u/inst/i_synth/MULT.OP/i_non_prim.R_AND_R/LAT_OPT.FULL.R_AND_R/DSP48E1_SGL_EXP_IP.OLD_ADD.ADD/i_no_versal_es1_workaround.DSP/DSP_C_DATA.C_DATA<8>
    DSP48E2_X3Y51        DSP_ALU (Prop_DSP_ALU_DSP48E2_C_DATA[8]_ALU_OUT[8])
                                                      0.102     0.102 f  design_1_i/cnn_predict_0/inst/grp_cnn_predict_Pipeline_VITIS_LOOP_121_11_VITIS_LOOP_122_12_VITIS_LOOP_123_13_fu_372/fmul_32ns_32ns_32_4_max_dsp_1_U46/cnn_predict_fmul_32ns_32ns_32_4_max_dsp_1_ip_u/inst/i_synth/MULT.OP/i_non_prim.R_AND_R/LAT_OPT.FULL.R_AND_R/DSP48E1_SGL_EXP_IP.OLD_ADD.ADD/i_no_versal_es1_workaround.DSP/DSP_ALU_INST/ALU_OUT[8]
                         net (fo=1, routed)           0.000     0.102    design_1_i/cnn_predict_0/inst/grp_cnn_predict_Pipeline_VITIS_LOOP_121_11_VITIS_LOOP_122_12_VITIS_LOOP_123_13_fu_372/fmul_32ns_32ns_32_4_max_dsp_1_U46/cnn_predict_fmul_32ns_32ns_32_4_max_dsp_1_ip_u/inst/i_synth/MULT.OP/i_non_prim.R_AND_R/LAT_OPT.FULL.R_AND_R/DSP48E1_SGL_EXP_IP.OLD_ADD.ADD/i_no_versal_es1_workaround.DSP/DSP_ALU.ALU_OUT<8>
    DSP48E2_X3Y51        DSP_OUTPUT (Prop_DSP_OUTPUT_DSP48E2_ALU_OUT[8]_P[8])
                                                      0.030     0.132 r  design_1_i/cnn_predict_0/inst/grp_cnn_predict_Pipeline_VITIS_LOOP_121_11_VITIS_LOOP_122_12_VITIS_LOOP_123_13_fu_372/fmul_32ns_32ns_32_4_max_dsp_1_U46/cnn_predict_fmul_32ns_32ns_32_4_max_dsp_1_ip_u/inst/i_synth/MULT.OP/i_non_prim.R_AND_R/LAT_OPT.FULL.R_AND_R/DSP48E1_SGL_EXP_IP.OLD_ADD.ADD/i_no_versal_es1_workaround.DSP/DSP_OUTPUT_INST/P[8]
                         net (fo=2, routed)           0.062     0.194    design_1_i/cnn_predict_0/inst/grp_cnn_predict_Pipeline_VITIS_LOOP_121_11_VITIS_LOOP_122_12_VITIS_LOOP_123_13_fu_372/fmul_32ns_32ns_32_4_max_dsp_1_U46/cnn_predict_fmul_32ns_32ns_32_4_max_dsp_1_ip_u/inst/i_synth/MULT.OP/i_non_prim.MULT/DSP48E1_SPD_SGL_VARIANT.FIX_MULT/DSP2/RESULT_REG.NORMAL.exp_op_reg[0][1]
    SLICE_X39Y125        LUT6 (Prop_G6LUT_SLICEM_I0_O)
                                                      0.014     0.208 r  design_1_i/cnn_predict_0/inst/grp_cnn_predict_Pipeline_VITIS_LOOP_121_11_VITIS_LOOP_122_12_VITIS_LOOP_123_13_fu_372/fmul_32ns_32ns_32_4_max_dsp_1_U46/cnn_predict_fmul_32ns_32ns_32_4_max_dsp_1_ip_u/inst/i_synth/MULT.OP/i_non_prim.MULT/DSP48E1_SPD_SGL_VARIANT.FIX_MULT/DSP2/RESULT_REG.NORMAL.mant_op[1]_i_1/O
                         net (fo=1, routed)           0.021     0.229    design_1_i/cnn_predict_0/inst/grp_cnn_predict_Pipeline_VITIS_LOOP_121_11_VITIS_LOOP_122_12_VITIS_LOOP_123_13_fu_372/fmul_32ns_32ns_32_4_max_dsp_1_U46/cnn_predict_fmul_32ns_32ns_32_4_max_dsp_1_ip_u/inst/i_synth/MULT.OP/i_non_prim.OP/MANT[1]
    SLICE_X39Y125        FDRE                                         r  design_1_i/cnn_predict_0/inst/grp_cnn_predict_Pipeline_VITIS_LOOP_121_11_VITIS_LOOP_122_12_VITIS_LOOP_123_13_fu_372/fmul_32ns_32ns_32_4_max_dsp_1_U46/cnn_predict_fmul_32ns_32ns_32_4_max_dsp_1_ip_u/inst/i_synth/MULT.OP/i_non_prim.OP/RESULT_REG.NORMAL.mant_op_reg[1]/D
  -------------------------------------------------------------------    -------------------

                         (clock clk_pl_0 rise edge)
                                                      0.000     0.000 r  
    PS8_X0Y0             PS8                          0.000     0.000 r  design_1_i/zynq_ultra_ps_e_0/inst/PS8_i/PLCLK[0]
                         net (fo=1, routed)           0.120     0.120    design_1_i/zynq_ultra_ps_e_0/inst/pl_clk_unbuffered[0]
    BUFG_PS_X0Y58        BUFG_PS (Prop_BUFG_PS_I_O)
                                                      0.018     0.138 r  design_1_i/zynq_ultra_ps_e_0/inst/buffer_pl_clk_0.PL_CLK_0_BUFG/O
    X0Y1 (CLOCK_ROOT)    net (fo=15423, routed)       1.130     1.268    design_1_i/cnn_predict_0/inst/grp_cnn_predict_Pipeline_VITIS_LOOP_121_11_VITIS_LOOP_122_12_VITIS_LOOP_123_13_fu_372/fmul_32ns_32ns_32_4_max_dsp_1_U46/cnn_predict_fmul_32ns_32ns_32_4_max_dsp_1_ip_u/inst/i_synth/MULT.OP/i_non_prim.OP/aclk
    SLICE_X39Y125        FDRE                                         r  design_1_i/cnn_predict_0/inst/grp_cnn_predict_Pipeline_VITIS_LOOP_121_11_VITIS_LOOP_122_12_VITIS_LOOP_123_13_fu_372/fmul_32ns_32ns_32_4_max_dsp_1_U46/cnn_predict_fmul_32ns_32ns_32_4_max_dsp_1_ip_u/inst/i_synth/MULT.OP/i_non_prim.OP/RESULT_REG.NORMAL.mant_op_reg[1]/C

Slack:                    inf
  Source:                 design_1_i/cnn_predict_0/inst/grp_cnn_predict_Pipeline_VITIS_LOOP_121_11_VITIS_LOOP_122_12_VITIS_LOOP_123_13_fu_372/fmul_32ns_32ns_32_4_max_dsp_1_U46/cnn_predict_fmul_32ns_32ns_32_4_max_dsp_1_ip_u/inst/i_synth/MULT.OP/i_non_prim.R_AND_R/LAT_OPT.FULL.R_AND_R/DSP48E1_SGL_EXP_IP.OLD_ADD.ADD/i_no_versal_es1_workaround.DSP/DSP_C_DATA_INST/C_DATA[9]
                            (internal pin)
  Destination:            design_1_i/cnn_predict_0/inst/grp_cnn_predict_Pipeline_VITIS_LOOP_121_11_VITIS_LOOP_122_12_VITIS_LOOP_123_13_fu_372/fmul_32ns_32ns_32_4_max_dsp_1_U46/cnn_predict_fmul_32ns_32ns_32_4_max_dsp_1_ip_u/inst/i_synth/MULT.OP/i_non_prim.OP/RESULT_REG.NORMAL.mant_op_reg[3]/D
                            (rising edge-triggered cell FDRE clocked by clk_pl_0  {rise@0.000ns fall@5.000ns period=10.000ns})
  Path Group:             (none)
  Path Type:              Hold (Min at Fast Process Corner)
  Data Path Delay:        0.229ns  (logic 0.146ns (63.627%)  route 0.083ns (36.373%))
  Logic Levels:           3  (DSP_ALU=1 DSP_OUTPUT=1 LUT6=1)
  Clock Uncertainty:      0.174ns  ((TSJ^2 + DJ^2)^1/2) / 2 + PE
    Total System Jitter     (TSJ):    0.050ns
    Discrete Jitter          (DJ):    0.344ns
    Phase Error              (PE):    0.000ns
  Clock Net Delay (Destination): 1.131ns (routing 0.365ns, distribution 0.766ns)

    Location             Delay type                Incr(ns)  Path(ns)    Netlist Resource(s)
  -------------------------------------------------------------------    -------------------
    DSP48E2_X3Y51        DSP_C_DATA                   0.000     0.000 r  design_1_i/cnn_predict_0/inst/grp_cnn_predict_Pipeline_VITIS_LOOP_121_11_VITIS_LOOP_122_12_VITIS_LOOP_123_13_fu_372/fmul_32ns_32ns_32_4_max_dsp_1_U46/cnn_predict_fmul_32ns_32ns_32_4_max_dsp_1_ip_u/inst/i_synth/MULT.OP/i_non_prim.R_AND_R/LAT_OPT.FULL.R_AND_R/DSP48E1_SGL_EXP_IP.OLD_ADD.ADD/i_no_versal_es1_workaround.DSP/DSP_C_DATA_INST/C_DATA[9]
                         net (fo=2, routed)           0.000     0.000    design_1_i/cnn_predict_0/inst/grp_cnn_predict_Pipeline_VITIS_LOOP_121_11_VITIS_LOOP_122_12_VITIS_LOOP_123_13_fu_372/fmul_32ns_32ns_32_4_max_dsp_1_U46/cnn_predict_fmul_32ns_32ns_32_4_max_dsp_1_ip_u/inst/i_synth/MULT.OP/i_non_prim.R_AND_R/LAT_OPT.FULL.R_AND_R/DSP48E1_SGL_EXP_IP.OLD_ADD.ADD/i_no_versal_es1_workaround.DSP/DSP_C_DATA.C_DATA<9>
    DSP48E2_X3Y51        DSP_ALU (Prop_DSP_ALU_DSP48E2_C_DATA[9]_ALU_OUT[9])
                                                      0.102     0.102 f  design_1_i/cnn_predict_0/inst/grp_cnn_predict_Pipeline_VITIS_LOOP_121_11_VITIS_LOOP_122_12_VITIS_LOOP_123_13_fu_372/fmul_32ns_32ns_32_4_max_dsp_1_U46/cnn_predict_fmul_32ns_32ns_32_4_max_dsp_1_ip_u/inst/i_synth/MULT.OP/i_non_prim.R_AND_R/LAT_OPT.FULL.R_AND_R/DSP48E1_SGL_EXP_IP.OLD_ADD.ADD/i_no_versal_es1_workaround.DSP/DSP_ALU_INST/ALU_OUT[9]
                         net (fo=1, routed)           0.000     0.102    design_1_i/cnn_predict_0/inst/grp_cnn_predict_Pipeline_VITIS_LOOP_121_11_VITIS_LOOP_122_12_VITIS_LOOP_123_13_fu_372/fmul_32ns_32ns_32_4_max_dsp_1_U46/cnn_predict_fmul_32ns_32ns_32_4_max_dsp_1_ip_u/inst/i_synth/MULT.OP/i_non_prim.R_AND_R/LAT_OPT.FULL.R_AND_R/DSP48E1_SGL_EXP_IP.OLD_ADD.ADD/i_no_versal_es1_workaround.DSP/DSP_ALU.ALU_OUT<9>
    DSP48E2_X3Y51        DSP_OUTPUT (Prop_DSP_OUTPUT_DSP48E2_ALU_OUT[9]_P[9])
                                                      0.030     0.132 r  design_1_i/cnn_predict_0/inst/grp_cnn_predict_Pipeline_VITIS_LOOP_121_11_VITIS_LOOP_122_12_VITIS_LOOP_123_13_fu_372/fmul_32ns_32ns_32_4_max_dsp_1_U46/cnn_predict_fmul_32ns_32ns_32_4_max_dsp_1_ip_u/inst/i_synth/MULT.OP/i_non_prim.R_AND_R/LAT_OPT.FULL.R_AND_R/DSP48E1_SGL_EXP_IP.OLD_ADD.ADD/i_no_versal_es1_workaround.DSP/DSP_OUTPUT_INST/P[9]
                         net (fo=2, routed)           0.062     0.194    design_1_i/cnn_predict_0/inst/grp_cnn_predict_Pipeline_VITIS_LOOP_121_11_VITIS_LOOP_122_12_VITIS_LOOP_123_13_fu_372/fmul_32ns_32ns_32_4_max_dsp_1_U46/cnn_predict_fmul_32ns_32ns_32_4_max_dsp_1_ip_u/inst/i_synth/MULT.OP/i_non_prim.MULT/DSP48E1_SPD_SGL_VARIANT.FIX_MULT/DSP2/RESULT_REG.NORMAL.exp_op_reg[0][2]
    SLICE_X39Y126        LUT6 (Prop_B6LUT_SLICEM_I1_O)
                                                      0.014     0.208 r  design_1_i/cnn_predict_0/inst/grp_cnn_predict_Pipeline_VITIS_LOOP_121_11_VITIS_LOOP_122_12_VITIS_LOOP_123_13_fu_372/fmul_32ns_32ns_32_4_max_dsp_1_U46/cnn_predict_fmul_32ns_32ns_32_4_max_dsp_1_ip_u/inst/i_synth/MULT.OP/i_non_prim.MULT/DSP48E1_SPD_SGL_VARIANT.FIX_MULT/DSP2/RESULT_REG.NORMAL.mant_op[3]_i_1/O
                         net (fo=1, routed)           0.021     0.229    design_1_i/cnn_predict_0/inst/grp_cnn_predict_Pipeline_VITIS_LOOP_121_11_VITIS_LOOP_122_12_VITIS_LOOP_123_13_fu_372/fmul_32ns_32ns_32_4_max_dsp_1_U46/cnn_predict_fmul_32ns_32ns_32_4_max_dsp_1_ip_u/inst/i_synth/MULT.OP/i_non_prim.OP/MANT[3]
    SLICE_X39Y126        FDRE                                         r  design_1_i/cnn_predict_0/inst/grp_cnn_predict_Pipeline_VITIS_LOOP_121_11_VITIS_LOOP_122_12_VITIS_LOOP_123_13_fu_372/fmul_32ns_32ns_32_4_max_dsp_1_U46/cnn_predict_fmul_32ns_32ns_32_4_max_dsp_1_ip_u/inst/i_synth/MULT.OP/i_non_prim.OP/RESULT_REG.NORMAL.mant_op_reg[3]/D
  -------------------------------------------------------------------    -------------------

                         (clock clk_pl_0 rise edge)
                                                      0.000     0.000 r  
    PS8_X0Y0             PS8                          0.000     0.000 r  design_1_i/zynq_ultra_ps_e_0/inst/PS8_i/PLCLK[0]
                         net (fo=1, routed)           0.120     0.120    design_1_i/zynq_ultra_ps_e_0/inst/pl_clk_unbuffered[0]
    BUFG_PS_X0Y58        BUFG_PS (Prop_BUFG_PS_I_O)
                                                      0.018     0.138 r  design_1_i/zynq_ultra_ps_e_0/inst/buffer_pl_clk_0.PL_CLK_0_BUFG/O
    X0Y1 (CLOCK_ROOT)    net (fo=15423, routed)       1.131     1.269    design_1_i/cnn_predict_0/inst/grp_cnn_predict_Pipeline_VITIS_LOOP_121_11_VITIS_LOOP_122_12_VITIS_LOOP_123_13_fu_372/fmul_32ns_32ns_32_4_max_dsp_1_U46/cnn_predict_fmul_32ns_32ns_32_4_max_dsp_1_ip_u/inst/i_synth/MULT.OP/i_non_prim.OP/aclk
    SLICE_X39Y126        FDRE                                         r  design_1_i/cnn_predict_0/inst/grp_cnn_predict_Pipeline_VITIS_LOOP_121_11_VITIS_LOOP_122_12_VITIS_LOOP_123_13_fu_372/fmul_32ns_32ns_32_4_max_dsp_1_U46/cnn_predict_fmul_32ns_32ns_32_4_max_dsp_1_ip_u/inst/i_synth/MULT.OP/i_non_prim.OP/RESULT_REG.NORMAL.mant_op_reg[3]/C

Slack:                    inf
  Source:                 design_1_i/cnn_predict_0/inst/grp_cnn_predict_Pipeline_VITIS_LOOP_121_11_VITIS_LOOP_122_12_VITIS_LOOP_123_13_fu_372/fmul_32ns_32ns_32_4_max_dsp_1_U43/cnn_predict_fmul_32ns_32ns_32_4_max_dsp_1_ip_u/inst/i_synth/MULT.OP/i_non_prim.R_AND_R/LAT_OPT.FULL.R_AND_R/DSP48E1_SGL_EXP_IP.OLD_ADD.ADD/i_no_versal_es1_workaround.DSP/DSP_C_DATA_INST/C_DATA[31]
                            (internal pin)
  Destination:            design_1_i/cnn_predict_0/inst/grp_cnn_predict_Pipeline_VITIS_LOOP_121_11_VITIS_LOOP_122_12_VITIS_LOOP_123_13_fu_372/fmul_32ns_32ns_32_4_max_dsp_1_U43/cnn_predict_fmul_32ns_32ns_32_4_max_dsp_1_ip_u/inst/i_synth/MULT.OP/i_non_prim.OP/RESULT_REG.NORMAL.exp_op_reg[7]/D
                            (rising edge-triggered cell FDRE clocked by clk_pl_0  {rise@0.000ns fall@5.000ns period=10.000ns})
  Path Group:             (none)
  Path Type:              Hold (Min at Fast Process Corner)
  Data Path Delay:        0.230ns  (logic 0.146ns (63.478%)  route 0.084ns (36.522%))
  Logic Levels:           3  (DSP_ALU=1 DSP_OUTPUT=1 LUT6=1)
  Clock Uncertainty:      0.174ns  ((TSJ^2 + DJ^2)^1/2) / 2 + PE
    Total System Jitter     (TSJ):    0.050ns
    Discrete Jitter          (DJ):    0.344ns
    Phase Error              (PE):    0.000ns
  Clock Net Delay (Destination): 0.998ns (routing 0.365ns, distribution 0.633ns)

    Location             Delay type                Incr(ns)  Path(ns)    Netlist Resource(s)
  -------------------------------------------------------------------    -------------------
    DSP48E2_X0Y46        DSP_C_DATA                   0.000     0.000 r  design_1_i/cnn_predict_0/inst/grp_cnn_predict_Pipeline_VITIS_LOOP_121_11_VITIS_LOOP_122_12_VITIS_LOOP_123_13_fu_372/fmul_32ns_32ns_32_4_max_dsp_1_U43/cnn_predict_fmul_32ns_32ns_32_4_max_dsp_1_ip_u/inst/i_synth/MULT.OP/i_non_prim.R_AND_R/LAT_OPT.FULL.R_AND_R/DSP48E1_SGL_EXP_IP.OLD_ADD.ADD/i_no_versal_es1_workaround.DSP/DSP_C_DATA_INST/C_DATA[31]
                         net (fo=2, routed)           0.000     0.000    design_1_i/cnn_predict_0/inst/grp_cnn_predict_Pipeline_VITIS_LOOP_121_11_VITIS_LOOP_122_12_VITIS_LOOP_123_13_fu_372/fmul_32ns_32ns_32_4_max_dsp_1_U43/cnn_predict_fmul_32ns_32ns_32_4_max_dsp_1_ip_u/inst/i_synth/MULT.OP/i_non_prim.R_AND_R/LAT_OPT.FULL.R_AND_R/DSP48E1_SGL_EXP_IP.OLD_ADD.ADD/i_no_versal_es1_workaround.DSP/DSP_C_DATA.C_DATA<31>
    DSP48E2_X0Y46        DSP_ALU (Prop_DSP_ALU_DSP48E2_C_DATA[31]_ALU_OUT[39])
                                                      0.102     0.102 f  design_1_i/cnn_predict_0/inst/grp_cnn_predict_Pipeline_VITIS_LOOP_121_11_VITIS_LOOP_122_12_VITIS_LOOP_123_13_fu_372/fmul_32ns_32ns_32_4_max_dsp_1_U43/cnn_predict_fmul_32ns_32ns_32_4_max_dsp_1_ip_u/inst/i_synth/MULT.OP/i_non_prim.R_AND_R/LAT_OPT.FULL.R_AND_R/DSP48E1_SGL_EXP_IP.OLD_ADD.ADD/i_no_versal_es1_workaround.DSP/DSP_ALU_INST/ALU_OUT[39]
                         net (fo=1, routed)           0.000     0.102    design_1_i/cnn_predict_0/inst/grp_cnn_predict_Pipeline_VITIS_LOOP_121_11_VITIS_LOOP_122_12_VITIS_LOOP_123_13_fu_372/fmul_32ns_32ns_32_4_max_dsp_1_U43/cnn_predict_fmul_32ns_32ns_32_4_max_dsp_1_ip_u/inst/i_synth/MULT.OP/i_non_prim.R_AND_R/LAT_OPT.FULL.R_AND_R/DSP48E1_SGL_EXP_IP.OLD_ADD.ADD/i_no_versal_es1_workaround.DSP/DSP_ALU.ALU_OUT<39>
    DSP48E2_X0Y46        DSP_OUTPUT (Prop_DSP_OUTPUT_DSP48E2_ALU_OUT[39]_P[39])
                                                      0.030     0.132 r  design_1_i/cnn_predict_0/inst/grp_cnn_predict_Pipeline_VITIS_LOOP_121_11_VITIS_LOOP_122_12_VITIS_LOOP_123_13_fu_372/fmul_32ns_32ns_32_4_max_dsp_1_U43/cnn_predict_fmul_32ns_32ns_32_4_max_dsp_1_ip_u/inst/i_synth/MULT.OP/i_non_prim.R_AND_R/LAT_OPT.FULL.R_AND_R/DSP48E1_SGL_EXP_IP.OLD_ADD.ADD/i_no_versal_es1_workaround.DSP/DSP_OUTPUT_INST/P[39]
                         net (fo=1, routed)           0.063     0.195    design_1_i/cnn_predict_0/inst/grp_cnn_predict_Pipeline_VITIS_LOOP_121_11_VITIS_LOOP_122_12_VITIS_LOOP_123_13_fu_372/fmul_32ns_32ns_32_4_max_dsp_1_U43/cnn_predict_fmul_32ns_32ns_32_4_max_dsp_1_ip_u/inst/i_synth/MULT.OP/i_non_prim.EXP/SIG_DELAY/i_pipe/P[7]
    SLICE_X4Y119         LUT6 (Prop_G6LUT_SLICEM_I4_O)
                                                      0.014     0.209 r  design_1_i/cnn_predict_0/inst/grp_cnn_predict_Pipeline_VITIS_LOOP_121_11_VITIS_LOOP_122_12_VITIS_LOOP_123_13_fu_372/fmul_32ns_32ns_32_4_max_dsp_1_U43/cnn_predict_fmul_32ns_32ns_32_4_max_dsp_1_ip_u/inst/i_synth/MULT.OP/i_non_prim.EXP/SIG_DELAY/i_pipe/RESULT_REG.NORMAL.exp_op[7]_i_1/O
                         net (fo=1, routed)           0.021     0.230    design_1_i/cnn_predict_0/inst/grp_cnn_predict_Pipeline_VITIS_LOOP_121_11_VITIS_LOOP_122_12_VITIS_LOOP_123_13_fu_372/fmul_32ns_32ns_32_4_max_dsp_1_U43/cnn_predict_fmul_32ns_32ns_32_4_max_dsp_1_ip_u/inst/i_synth/MULT.OP/i_non_prim.OP/RESULT_REG.NORMAL.exp_op_reg[7]_0
    SLICE_X4Y119         FDRE                                         r  design_1_i/cnn_predict_0/inst/grp_cnn_predict_Pipeline_VITIS_LOOP_121_11_VITIS_LOOP_122_12_VITIS_LOOP_123_13_fu_372/fmul_32ns_32ns_32_4_max_dsp_1_U43/cnn_predict_fmul_32ns_32ns_32_4_max_dsp_1_ip_u/inst/i_synth/MULT.OP/i_non_prim.OP/RESULT_REG.NORMAL.exp_op_reg[7]/D
  -------------------------------------------------------------------    -------------------

                         (clock clk_pl_0 rise edge)
                                                      0.000     0.000 r  
    PS8_X0Y0             PS8                          0.000     0.000 r  design_1_i/zynq_ultra_ps_e_0/inst/PS8_i/PLCLK[0]
                         net (fo=1, routed)           0.120     0.120    design_1_i/zynq_ultra_ps_e_0/inst/pl_clk_unbuffered[0]
    BUFG_PS_X0Y58        BUFG_PS (Prop_BUFG_PS_I_O)
                                                      0.018     0.138 r  design_1_i/zynq_ultra_ps_e_0/inst/buffer_pl_clk_0.PL_CLK_0_BUFG/O
    X0Y1 (CLOCK_ROOT)    net (fo=15423, routed)       0.998     1.136    design_1_i/cnn_predict_0/inst/grp_cnn_predict_Pipeline_VITIS_LOOP_121_11_VITIS_LOOP_122_12_VITIS_LOOP_123_13_fu_372/fmul_32ns_32ns_32_4_max_dsp_1_U43/cnn_predict_fmul_32ns_32ns_32_4_max_dsp_1_ip_u/inst/i_synth/MULT.OP/i_non_prim.OP/aclk
    SLICE_X4Y119         FDRE                                         r  design_1_i/cnn_predict_0/inst/grp_cnn_predict_Pipeline_VITIS_LOOP_121_11_VITIS_LOOP_122_12_VITIS_LOOP_123_13_fu_372/fmul_32ns_32ns_32_4_max_dsp_1_U43/cnn_predict_fmul_32ns_32ns_32_4_max_dsp_1_ip_u/inst/i_synth/MULT.OP/i_non_prim.OP/RESULT_REG.NORMAL.exp_op_reg[7]/C

Slack:                    inf
  Source:                 design_1_i/cnn_predict_0/inst/grp_cnn_predict_Pipeline_VITIS_LOOP_121_11_VITIS_LOOP_122_12_VITIS_LOOP_123_13_fu_372/fmul_32ns_32ns_32_4_max_dsp_1_U44/cnn_predict_fmul_32ns_32ns_32_4_max_dsp_1_ip_u/inst/i_synth/MULT.OP/i_non_prim.R_AND_R/LAT_OPT.FULL.R_AND_R/DSP48E1_SGL_EXP_IP.OLD_ADD.ADD/i_no_versal_es1_workaround.DSP/DSP_C_DATA_INST/C_DATA[40]
                            (internal pin)
  Destination:            design_1_i/cnn_predict_0/inst/grp_cnn_predict_Pipeline_VITIS_LOOP_121_11_VITIS_LOOP_122_12_VITIS_LOOP_123_13_fu_372/fmul_32ns_32ns_32_4_max_dsp_1_U44/cnn_predict_fmul_32ns_32ns_32_4_max_dsp_1_ip_u/inst/i_synth/MULT.OP/i_non_prim.OP/RESULT_REG.NORMAL.exp_op_reg[3]/D
                            (rising edge-triggered cell FDRE clocked by clk_pl_0  {rise@0.000ns fall@5.000ns period=10.000ns})
  Path Group:             (none)
  Path Type:              Hold (Min at Fast Process Corner)
  Data Path Delay:        0.230ns  (logic 0.146ns (63.478%)  route 0.084ns (36.522%))
  Logic Levels:           3  (DSP_ALU=1 DSP_OUTPUT=1 LUT5=1)
  Clock Uncertainty:      0.174ns  ((TSJ^2 + DJ^2)^1/2) / 2 + PE
    Total System Jitter     (TSJ):    0.050ns
    Discrete Jitter          (DJ):    0.344ns
    Phase Error              (PE):    0.000ns
  Clock Net Delay (Destination): 1.043ns (routing 0.365ns, distribution 0.678ns)

    Location             Delay type                Incr(ns)  Path(ns)    Netlist Resource(s)
  -------------------------------------------------------------------    -------------------
    DSP48E2_X1Y56        DSP_C_DATA                   0.000     0.000 r  design_1_i/cnn_predict_0/inst/grp_cnn_predict_Pipeline_VITIS_LOOP_121_11_VITIS_LOOP_122_12_VITIS_LOOP_123_13_fu_372/fmul_32ns_32ns_32_4_max_dsp_1_U44/cnn_predict_fmul_32ns_32ns_32_4_max_dsp_1_ip_u/inst/i_synth/MULT.OP/i_non_prim.R_AND_R/LAT_OPT.FULL.R_AND_R/DSP48E1_SGL_EXP_IP.OLD_ADD.ADD/i_no_versal_es1_workaround.DSP/DSP_C_DATA_INST/C_DATA[40]
                         net (fo=2, routed)           0.000     0.000    design_1_i/cnn_predict_0/inst/grp_cnn_predict_Pipeline_VITIS_LOOP_121_11_VITIS_LOOP_122_12_VITIS_LOOP_123_13_fu_372/fmul_32ns_32ns_32_4_max_dsp_1_U44/cnn_predict_fmul_32ns_32ns_32_4_max_dsp_1_ip_u/inst/i_synth/MULT.OP/i_non_prim.R_AND_R/LAT_OPT.FULL.R_AND_R/DSP48E1_SGL_EXP_IP.OLD_ADD.ADD/i_no_versal_es1_workaround.DSP/DSP_C_DATA.C_DATA<40>
    DSP48E2_X1Y56        DSP_ALU (Prop_DSP_ALU_DSP48E2_C_DATA[40]_ALU_OUT[44])
                                                      0.102     0.102 f  design_1_i/cnn_predict_0/inst/grp_cnn_predict_Pipeline_VITIS_LOOP_121_11_VITIS_LOOP_122_12_VITIS_LOOP_123_13_fu_372/fmul_32ns_32ns_32_4_max_dsp_1_U44/cnn_predict_fmul_32ns_32ns_32_4_max_dsp_1_ip_u/inst/i_synth/MULT.OP/i_non_prim.R_AND_R/LAT_OPT.FULL.R_AND_R/DSP48E1_SGL_EXP_IP.OLD_ADD.ADD/i_no_versal_es1_workaround.DSP/DSP_ALU_INST/ALU_OUT[44]
                         net (fo=1, routed)           0.000     0.102    design_1_i/cnn_predict_0/inst/grp_cnn_predict_Pipeline_VITIS_LOOP_121_11_VITIS_LOOP_122_12_VITIS_LOOP_123_13_fu_372/fmul_32ns_32ns_32_4_max_dsp_1_U44/cnn_predict_fmul_32ns_32ns_32_4_max_dsp_1_ip_u/inst/i_synth/MULT.OP/i_non_prim.R_AND_R/LAT_OPT.FULL.R_AND_R/DSP48E1_SGL_EXP_IP.OLD_ADD.ADD/i_no_versal_es1_workaround.DSP/DSP_ALU.ALU_OUT<44>
    DSP48E2_X1Y56        DSP_OUTPUT (Prop_DSP_OUTPUT_DSP48E2_ALU_OUT[44]_P[44])
                                                      0.030     0.132 r  design_1_i/cnn_predict_0/inst/grp_cnn_predict_Pipeline_VITIS_LOOP_121_11_VITIS_LOOP_122_12_VITIS_LOOP_123_13_fu_372/fmul_32ns_32ns_32_4_max_dsp_1_U44/cnn_predict_fmul_32ns_32ns_32_4_max_dsp_1_ip_u/inst/i_synth/MULT.OP/i_non_prim.R_AND_R/LAT_OPT.FULL.R_AND_R/DSP48E1_SGL_EXP_IP.OLD_ADD.ADD/i_no_versal_es1_workaround.DSP/DSP_OUTPUT_INST/P[44]
                         net (fo=1, routed)           0.058     0.190    design_1_i/cnn_predict_0/inst/grp_cnn_predict_Pipeline_VITIS_LOOP_121_11_VITIS_LOOP_122_12_VITIS_LOOP_123_13_fu_372/fmul_32ns_32ns_32_4_max_dsp_1_U44/cnn_predict_fmul_32ns_32ns_32_4_max_dsp_1_ip_u/inst/i_synth/MULT.OP/i_non_prim.EXP/SIG_DELAY/i_pipe/P[11]
    SLICE_X19Y141        LUT5 (Prop_D6LUT_SLICEM_I1_O)
                                                      0.014     0.204 r  design_1_i/cnn_predict_0/inst/grp_cnn_predict_Pipeline_VITIS_LOOP_121_11_VITIS_LOOP_122_12_VITIS_LOOP_123_13_fu_372/fmul_32ns_32ns_32_4_max_dsp_1_U44/cnn_predict_fmul_32ns_32ns_32_4_max_dsp_1_ip_u/inst/i_synth/MULT.OP/i_non_prim.EXP/SIG_DELAY/i_pipe/RESULT_REG.NORMAL.exp_op[3]_i_1/O
                         net (fo=1, routed)           0.026     0.230    design_1_i/cnn_predict_0/inst/grp_cnn_predict_Pipeline_VITIS_LOOP_121_11_VITIS_LOOP_122_12_VITIS_LOOP_123_13_fu_372/fmul_32ns_32ns_32_4_max_dsp_1_U44/cnn_predict_fmul_32ns_32ns_32_4_max_dsp_1_ip_u/inst/i_synth/MULT.OP/i_non_prim.OP/RESULT_REG.NORMAL.exp_op_reg[3]_0
    SLICE_X19Y141        FDRE                                         r  design_1_i/cnn_predict_0/inst/grp_cnn_predict_Pipeline_VITIS_LOOP_121_11_VITIS_LOOP_122_12_VITIS_LOOP_123_13_fu_372/fmul_32ns_32ns_32_4_max_dsp_1_U44/cnn_predict_fmul_32ns_32ns_32_4_max_dsp_1_ip_u/inst/i_synth/MULT.OP/i_non_prim.OP/RESULT_REG.NORMAL.exp_op_reg[3]/D
  -------------------------------------------------------------------    -------------------

                         (clock clk_pl_0 rise edge)
                                                      0.000     0.000 r  
    PS8_X0Y0             PS8                          0.000     0.000 r  design_1_i/zynq_ultra_ps_e_0/inst/PS8_i/PLCLK[0]
                         net (fo=1, routed)           0.120     0.120    design_1_i/zynq_ultra_ps_e_0/inst/pl_clk_unbuffered[0]
    BUFG_PS_X0Y58        BUFG_PS (Prop_BUFG_PS_I_O)
                                                      0.018     0.138 r  design_1_i/zynq_ultra_ps_e_0/inst/buffer_pl_clk_0.PL_CLK_0_BUFG/O
    X0Y1 (CLOCK_ROOT)    net (fo=15423, routed)       1.043     1.181    design_1_i/cnn_predict_0/inst/grp_cnn_predict_Pipeline_VITIS_LOOP_121_11_VITIS_LOOP_122_12_VITIS_LOOP_123_13_fu_372/fmul_32ns_32ns_32_4_max_dsp_1_U44/cnn_predict_fmul_32ns_32ns_32_4_max_dsp_1_ip_u/inst/i_synth/MULT.OP/i_non_prim.OP/aclk
    SLICE_X19Y141        FDRE                                         r  design_1_i/cnn_predict_0/inst/grp_cnn_predict_Pipeline_VITIS_LOOP_121_11_VITIS_LOOP_122_12_VITIS_LOOP_123_13_fu_372/fmul_32ns_32ns_32_4_max_dsp_1_U44/cnn_predict_fmul_32ns_32ns_32_4_max_dsp_1_ip_u/inst/i_synth/MULT.OP/i_non_prim.OP/RESULT_REG.NORMAL.exp_op_reg[3]/C

Slack:                    inf
  Source:                 design_1_i/cnn_predict_0/inst/grp_cnn_predict_Pipeline_VITIS_LOOP_121_11_VITIS_LOOP_122_12_VITIS_LOOP_123_13_fu_372/fmul_32ns_32ns_32_4_max_dsp_1_U49/cnn_predict_fmul_32ns_32ns_32_4_max_dsp_1_ip_u/inst/i_synth/MULT.OP/i_non_prim.R_AND_R/LAT_OPT.FULL.R_AND_R/DSP48E1_SGL_EXP_IP.OLD_ADD.ADD/i_no_versal_es1_workaround.DSP/DSP_C_DATA_INST/C_DATA[31]
                            (internal pin)
  Destination:            design_1_i/cnn_predict_0/inst/grp_cnn_predict_Pipeline_VITIS_LOOP_121_11_VITIS_LOOP_122_12_VITIS_LOOP_123_13_fu_372/fmul_32ns_32ns_32_4_max_dsp_1_U49/cnn_predict_fmul_32ns_32ns_32_4_max_dsp_1_ip_u/inst/i_synth/MULT.OP/i_non_prim.OP/RESULT_REG.NORMAL.exp_op_reg[7]/D
                            (rising edge-triggered cell FDRE clocked by clk_pl_0  {rise@0.000ns fall@5.000ns period=10.000ns})
  Path Group:             (none)
  Path Type:              Hold (Min at Fast Process Corner)
  Data Path Delay:        0.230ns  (logic 0.146ns (63.478%)  route 0.084ns (36.522%))
  Logic Levels:           3  (DSP_ALU=1 DSP_OUTPUT=1 LUT6=1)
  Clock Uncertainty:      0.174ns  ((TSJ^2 + DJ^2)^1/2) / 2 + PE
    Total System Jitter     (TSJ):    0.050ns
    Discrete Jitter          (DJ):    0.344ns
    Phase Error              (PE):    0.000ns
  Clock Net Delay (Destination): 1.100ns (routing 0.365ns, distribution 0.735ns)

    Location             Delay type                Incr(ns)  Path(ns)    Netlist Resource(s)
  -------------------------------------------------------------------    -------------------
    DSP48E2_X4Y42        DSP_C_DATA                   0.000     0.000 r  design_1_i/cnn_predict_0/inst/grp_cnn_predict_Pipeline_VITIS_LOOP_121_11_VITIS_LOOP_122_12_VITIS_LOOP_123_13_fu_372/fmul_32ns_32ns_32_4_max_dsp_1_U49/cnn_predict_fmul_32ns_32ns_32_4_max_dsp_1_ip_u/inst/i_synth/MULT.OP/i_non_prim.R_AND_R/LAT_OPT.FULL.R_AND_R/DSP48E1_SGL_EXP_IP.OLD_ADD.ADD/i_no_versal_es1_workaround.DSP/DSP_C_DATA_INST/C_DATA[31]
                         net (fo=2, routed)           0.000     0.000    design_1_i/cnn_predict_0/inst/grp_cnn_predict_Pipeline_VITIS_LOOP_121_11_VITIS_LOOP_122_12_VITIS_LOOP_123_13_fu_372/fmul_32ns_32ns_32_4_max_dsp_1_U49/cnn_predict_fmul_32ns_32ns_32_4_max_dsp_1_ip_u/inst/i_synth/MULT.OP/i_non_prim.R_AND_R/LAT_OPT.FULL.R_AND_R/DSP48E1_SGL_EXP_IP.OLD_ADD.ADD/i_no_versal_es1_workaround.DSP/DSP_C_DATA.C_DATA<31>
    DSP48E2_X4Y42        DSP_ALU (Prop_DSP_ALU_DSP48E2_C_DATA[31]_ALU_OUT[39])
                                                      0.102     0.102 f  design_1_i/cnn_predict_0/inst/grp_cnn_predict_Pipeline_VITIS_LOOP_121_11_VITIS_LOOP_122_12_VITIS_LOOP_123_13_fu_372/fmul_32ns_32ns_32_4_max_dsp_1_U49/cnn_predict_fmul_32ns_32ns_32_4_max_dsp_1_ip_u/inst/i_synth/MULT.OP/i_non_prim.R_AND_R/LAT_OPT.FULL.R_AND_R/DSP48E1_SGL_EXP_IP.OLD_ADD.ADD/i_no_versal_es1_workaround.DSP/DSP_ALU_INST/ALU_OUT[39]
                         net (fo=1, routed)           0.000     0.102    design_1_i/cnn_predict_0/inst/grp_cnn_predict_Pipeline_VITIS_LOOP_121_11_VITIS_LOOP_122_12_VITIS_LOOP_123_13_fu_372/fmul_32ns_32ns_32_4_max_dsp_1_U49/cnn_predict_fmul_32ns_32ns_32_4_max_dsp_1_ip_u/inst/i_synth/MULT.OP/i_non_prim.R_AND_R/LAT_OPT.FULL.R_AND_R/DSP48E1_SGL_EXP_IP.OLD_ADD.ADD/i_no_versal_es1_workaround.DSP/DSP_ALU.ALU_OUT<39>
    DSP48E2_X4Y42        DSP_OUTPUT (Prop_DSP_OUTPUT_DSP48E2_ALU_OUT[39]_P[39])
                                                      0.030     0.132 r  design_1_i/cnn_predict_0/inst/grp_cnn_predict_Pipeline_VITIS_LOOP_121_11_VITIS_LOOP_122_12_VITIS_LOOP_123_13_fu_372/fmul_32ns_32ns_32_4_max_dsp_1_U49/cnn_predict_fmul_32ns_32ns_32_4_max_dsp_1_ip_u/inst/i_synth/MULT.OP/i_non_prim.R_AND_R/LAT_OPT.FULL.R_AND_R/DSP48E1_SGL_EXP_IP.OLD_ADD.ADD/i_no_versal_es1_workaround.DSP/DSP_OUTPUT_INST/P[39]
                         net (fo=1, routed)           0.063     0.195    design_1_i/cnn_predict_0/inst/grp_cnn_predict_Pipeline_VITIS_LOOP_121_11_VITIS_LOOP_122_12_VITIS_LOOP_123_13_fu_372/fmul_32ns_32ns_32_4_max_dsp_1_U49/cnn_predict_fmul_32ns_32ns_32_4_max_dsp_1_ip_u/inst/i_synth/MULT.OP/i_non_prim.EXP/SIG_DELAY/i_pipe/P[7]
    SLICE_X42Y109        LUT6 (Prop_G6LUT_SLICEM_I4_O)
                                                      0.014     0.209 r  design_1_i/cnn_predict_0/inst/grp_cnn_predict_Pipeline_VITIS_LOOP_121_11_VITIS_LOOP_122_12_VITIS_LOOP_123_13_fu_372/fmul_32ns_32ns_32_4_max_dsp_1_U49/cnn_predict_fmul_32ns_32ns_32_4_max_dsp_1_ip_u/inst/i_synth/MULT.OP/i_non_prim.EXP/SIG_DELAY/i_pipe/RESULT_REG.NORMAL.exp_op[7]_i_1/O
                         net (fo=1, routed)           0.021     0.230    design_1_i/cnn_predict_0/inst/grp_cnn_predict_Pipeline_VITIS_LOOP_121_11_VITIS_LOOP_122_12_VITIS_LOOP_123_13_fu_372/fmul_32ns_32ns_32_4_max_dsp_1_U49/cnn_predict_fmul_32ns_32ns_32_4_max_dsp_1_ip_u/inst/i_synth/MULT.OP/i_non_prim.OP/RESULT_REG.NORMAL.exp_op_reg[7]_0
    SLICE_X42Y109        FDRE                                         r  design_1_i/cnn_predict_0/inst/grp_cnn_predict_Pipeline_VITIS_LOOP_121_11_VITIS_LOOP_122_12_VITIS_LOOP_123_13_fu_372/fmul_32ns_32ns_32_4_max_dsp_1_U49/cnn_predict_fmul_32ns_32ns_32_4_max_dsp_1_ip_u/inst/i_synth/MULT.OP/i_non_prim.OP/RESULT_REG.NORMAL.exp_op_reg[7]/D
  -------------------------------------------------------------------    -------------------

                         (clock clk_pl_0 rise edge)
                                                      0.000     0.000 r  
    PS8_X0Y0             PS8                          0.000     0.000 r  design_1_i/zynq_ultra_ps_e_0/inst/PS8_i/PLCLK[0]
                         net (fo=1, routed)           0.120     0.120    design_1_i/zynq_ultra_ps_e_0/inst/pl_clk_unbuffered[0]
    BUFG_PS_X0Y58        BUFG_PS (Prop_BUFG_PS_I_O)
                                                      0.018     0.138 r  design_1_i/zynq_ultra_ps_e_0/inst/buffer_pl_clk_0.PL_CLK_0_BUFG/O
    X0Y1 (CLOCK_ROOT)    net (fo=15423, routed)       1.100     1.238    design_1_i/cnn_predict_0/inst/grp_cnn_predict_Pipeline_VITIS_LOOP_121_11_VITIS_LOOP_122_12_VITIS_LOOP_123_13_fu_372/fmul_32ns_32ns_32_4_max_dsp_1_U49/cnn_predict_fmul_32ns_32ns_32_4_max_dsp_1_ip_u/inst/i_synth/MULT.OP/i_non_prim.OP/aclk
    SLICE_X42Y109        FDRE                                         r  design_1_i/cnn_predict_0/inst/grp_cnn_predict_Pipeline_VITIS_LOOP_121_11_VITIS_LOOP_122_12_VITIS_LOOP_123_13_fu_372/fmul_32ns_32ns_32_4_max_dsp_1_U49/cnn_predict_fmul_32ns_32ns_32_4_max_dsp_1_ip_u/inst/i_synth/MULT.OP/i_non_prim.OP/RESULT_REG.NORMAL.exp_op_reg[7]/C

Slack:                    inf
  Source:                 design_1_i/cnn_predict_0/inst/fmul_32ns_32ns_32_4_max_dsp_1_U89/cnn_predict_fmul_32ns_32ns_32_4_max_dsp_1_ip_u/inst/i_synth/MULT.OP/i_non_prim.R_AND_R/LAT_OPT.FULL.R_AND_R/DSP48E1_SGL_EXP_IP.OLD_ADD.ADD/i_no_versal_es1_workaround.DSP/DSP_C_DATA_INST/C_DATA[40]
                            (internal pin)
  Destination:            design_1_i/cnn_predict_0/inst/fmul_32ns_32ns_32_4_max_dsp_1_U89/cnn_predict_fmul_32ns_32ns_32_4_max_dsp_1_ip_u/inst/i_synth/MULT.OP/i_non_prim.OP/RESULT_REG.NORMAL.exp_op_reg[3]/D
                            (rising edge-triggered cell FDRE clocked by clk_pl_0  {rise@0.000ns fall@5.000ns period=10.000ns})
  Path Group:             (none)
  Path Type:              Hold (Min at Fast Process Corner)
  Data Path Delay:        0.231ns  (logic 0.146ns (63.203%)  route 0.085ns (36.797%))
  Logic Levels:           3  (DSP_ALU=1 DSP_OUTPUT=1 LUT5=1)
  Clock Uncertainty:      0.174ns  ((TSJ^2 + DJ^2)^1/2) / 2 + PE
    Total System Jitter     (TSJ):    0.050ns
    Discrete Jitter          (DJ):    0.344ns
    Phase Error              (PE):    0.000ns
  Clock Net Delay (Destination): 1.002ns (routing 0.365ns, distribution 0.637ns)

    Location             Delay type                Incr(ns)  Path(ns)    Netlist Resource(s)
  -------------------------------------------------------------------    -------------------
    DSP48E2_X0Y43        DSP_C_DATA                   0.000     0.000 r  design_1_i/cnn_predict_0/inst/fmul_32ns_32ns_32_4_max_dsp_1_U89/cnn_predict_fmul_32ns_32ns_32_4_max_dsp_1_ip_u/inst/i_synth/MULT.OP/i_non_prim.R_AND_R/LAT_OPT.FULL.R_AND_R/DSP48E1_SGL_EXP_IP.OLD_ADD.ADD/i_no_versal_es1_workaround.DSP/DSP_C_DATA_INST/C_DATA[40]
                         net (fo=2, routed)           0.000     0.000    design_1_i/cnn_predict_0/inst/fmul_32ns_32ns_32_4_max_dsp_1_U89/cnn_predict_fmul_32ns_32ns_32_4_max_dsp_1_ip_u/inst/i_synth/MULT.OP/i_non_prim.R_AND_R/LAT_OPT.FULL.R_AND_R/DSP48E1_SGL_EXP_IP.OLD_ADD.ADD/i_no_versal_es1_workaround.DSP/DSP_C_DATA.C_DATA<40>
    DSP48E2_X0Y43        DSP_ALU (Prop_DSP_ALU_DSP48E2_C_DATA[40]_ALU_OUT[44])
                                                      0.102     0.102 f  design_1_i/cnn_predict_0/inst/fmul_32ns_32ns_32_4_max_dsp_1_U89/cnn_predict_fmul_32ns_32ns_32_4_max_dsp_1_ip_u/inst/i_synth/MULT.OP/i_non_prim.R_AND_R/LAT_OPT.FULL.R_AND_R/DSP48E1_SGL_EXP_IP.OLD_ADD.ADD/i_no_versal_es1_workaround.DSP/DSP_ALU_INST/ALU_OUT[44]
                         net (fo=1, routed)           0.000     0.102    design_1_i/cnn_predict_0/inst/fmul_32ns_32ns_32_4_max_dsp_1_U89/cnn_predict_fmul_32ns_32ns_32_4_max_dsp_1_ip_u/inst/i_synth/MULT.OP/i_non_prim.R_AND_R/LAT_OPT.FULL.R_AND_R/DSP48E1_SGL_EXP_IP.OLD_ADD.ADD/i_no_versal_es1_workaround.DSP/DSP_ALU.ALU_OUT<44>
    DSP48E2_X0Y43        DSP_OUTPUT (Prop_DSP_OUTPUT_DSP48E2_ALU_OUT[44]_P[44])
                                                      0.030     0.132 r  design_1_i/cnn_predict_0/inst/fmul_32ns_32ns_32_4_max_dsp_1_U89/cnn_predict_fmul_32ns_32ns_32_4_max_dsp_1_ip_u/inst/i_synth/MULT.OP/i_non_prim.R_AND_R/LAT_OPT.FULL.R_AND_R/DSP48E1_SGL_EXP_IP.OLD_ADD.ADD/i_no_versal_es1_workaround.DSP/DSP_OUTPUT_INST/P[44]
                         net (fo=1, routed)           0.061     0.193    design_1_i/cnn_predict_0/inst/fmul_32ns_32ns_32_4_max_dsp_1_U89/cnn_predict_fmul_32ns_32ns_32_4_max_dsp_1_ip_u/inst/i_synth/MULT.OP/i_non_prim.EXP/SIG_DELAY/i_pipe/P[11]
    SLICE_X4Y106         LUT5 (Prop_C6LUT_SLICEM_I1_O)
                                                      0.014     0.207 r  design_1_i/cnn_predict_0/inst/fmul_32ns_32ns_32_4_max_dsp_1_U89/cnn_predict_fmul_32ns_32ns_32_4_max_dsp_1_ip_u/inst/i_synth/MULT.OP/i_non_prim.EXP/SIG_DELAY/i_pipe/RESULT_REG.NORMAL.exp_op[3]_i_1/O
                         net (fo=1, routed)           0.024     0.231    design_1_i/cnn_predict_0/inst/fmul_32ns_32ns_32_4_max_dsp_1_U89/cnn_predict_fmul_32ns_32ns_32_4_max_dsp_1_ip_u/inst/i_synth/MULT.OP/i_non_prim.OP/RESULT_REG.NORMAL.exp_op_reg[3]_0
    SLICE_X4Y106         FDRE                                         r  design_1_i/cnn_predict_0/inst/fmul_32ns_32ns_32_4_max_dsp_1_U89/cnn_predict_fmul_32ns_32ns_32_4_max_dsp_1_ip_u/inst/i_synth/MULT.OP/i_non_prim.OP/RESULT_REG.NORMAL.exp_op_reg[3]/D
  -------------------------------------------------------------------    -------------------

                         (clock clk_pl_0 rise edge)
                                                      0.000     0.000 r  
    PS8_X0Y0             PS8                          0.000     0.000 r  design_1_i/zynq_ultra_ps_e_0/inst/PS8_i/PLCLK[0]
                         net (fo=1, routed)           0.120     0.120    design_1_i/zynq_ultra_ps_e_0/inst/pl_clk_unbuffered[0]
    BUFG_PS_X0Y58        BUFG_PS (Prop_BUFG_PS_I_O)
                                                      0.018     0.138 r  design_1_i/zynq_ultra_ps_e_0/inst/buffer_pl_clk_0.PL_CLK_0_BUFG/O
    X0Y1 (CLOCK_ROOT)    net (fo=15423, routed)       1.002     1.140    design_1_i/cnn_predict_0/inst/fmul_32ns_32ns_32_4_max_dsp_1_U89/cnn_predict_fmul_32ns_32ns_32_4_max_dsp_1_ip_u/inst/i_synth/MULT.OP/i_non_prim.OP/aclk
    SLICE_X4Y106         FDRE                                         r  design_1_i/cnn_predict_0/inst/fmul_32ns_32ns_32_4_max_dsp_1_U89/cnn_predict_fmul_32ns_32ns_32_4_max_dsp_1_ip_u/inst/i_synth/MULT.OP/i_non_prim.OP/RESULT_REG.NORMAL.exp_op_reg[3]/C





