
*** Running vivado
    with args -log design_1_cnn_predict_0_1.vds -m64 -product Vivado -mode batch -messageDb vivado.pb -notrace -source design_1_cnn_predict_0_1.tcl


****** Vivado v2022.2 (64-bit)
  **** SW Build 3671981 on Fri Oct 14 04:59:54 MDT 2022
  **** IP Build 3669848 on Fri Oct 14 08:30:02 MDT 2022
    ** Copyright 1986-2022 Xilinx, Inc. All Rights Reserved.

source design_1_cnn_predict_0_1.tcl -notrace
create_project: Time (s): cpu = 00:00:08 ; elapsed = 00:00:08 . Memory (MB): peak = 1441.789 ; gain = 164.023 ; free physical = 15030 ; free virtual = 36051
INFO: [IP_Flow 19-234] Refreshing IP repositories
INFO: [IP_Flow 19-1700] Loaded user IP repository '/home/dani/Desktop/SDU_Master/EmbeddedSystems/final_assignment/export_improved'.
INFO: [IP_Flow 19-2313] Loaded Vivado IP repository '/home/dani/Xilinx/Vivado/2022.2/data/ip'.
INFO: [IP_Flow 19-6924] IPCACHE: Running cache check for IP inst: design_1_cnn_predict_0_1
Command: synth_design -top design_1_cnn_predict_0_1 -part xczu3eg-sbva484-1-i -incremental_mode off -mode out_of_context
Starting synth_design
Attempting to get a license for feature 'Synthesis' and/or device 'xczu3eg'
INFO: [Common 17-349] Got license for feature 'Synthesis' and/or device 'xczu3eg'
INFO: [Device 21-403] Loading part xczu3eg-sbva484-1-i
INFO: [Synth 8-7079] Multithreading enabled for synth_design using a maximum of 4 processes.
INFO: [Synth 8-7078] Launching helper process for spawning children vivado processes
INFO: [Synth 8-7075] Helper process launched with PID 17662
INFO: [Synth 8-11241] undeclared symbol 'REGCCE', assumed default net type 'wire' [/home/dani/Xilinx/Vivado/2022.2/data/verilog/src/unimacro/BRAM_SINGLE_MACRO.v:2170]
---------------------------------------------------------------------------------
Starting RTL Elaboration : Time (s): cpu = 00:00:04 ; elapsed = 00:00:05 . Memory (MB): peak = 3182.270 ; gain = 233.801 ; free physical = 3339 ; free virtual = 24506
Synthesis current peak Physical Memory [PSS] (MB): peak = 2417.401; parent = 2282.861; children = 134.540
Synthesis current peak Virtual Memory [VSS] (MB): peak = 4159.551; parent = 3193.180; children = 966.371
---------------------------------------------------------------------------------
INFO: [Synth 8-6157] synthesizing module 'design_1_cnn_predict_0_1' [/home/dani/Desktop/SDU_Master/EmbeddedSystems/final_assignment/vivado_final/cnn_project/cnn_project.gen/sources_1/bd/design_1/ip/design_1_cnn_predict_0_1/synth/design_1_cnn_predict_0_1.v:53]
INFO: [Synth 8-6157] synthesizing module 'cnn_predict' [/home/dani/Desktop/SDU_Master/EmbeddedSystems/final_assignment/vivado_final/cnn_project/cnn_project.gen/sources_1/bd/design_1/ipshared/0ceb/hdl/verilog/cnn_predict.v:10]
INFO: [Synth 8-6157] synthesizing module 'cnn_predict_img_read_RAM_2P_BRAM_1R1W' [/home/dani/Desktop/SDU_Master/EmbeddedSystems/final_assignment/vivado_final/cnn_project/cnn_project.gen/sources_1/bd/design_1/ipshared/0ceb/hdl/verilog/cnn_predict_img_read_RAM_2P_BRAM_1R1W.v:7]
INFO: [Synth 8-3876] $readmem data file './cnn_predict_img_read_RAM_2P_BRAM_1R1W.dat' is read successfully [/home/dani/Desktop/SDU_Master/EmbeddedSystems/final_assignment/vivado_final/cnn_project/cnn_project.gen/sources_1/bd/design_1/ipshared/0ceb/hdl/verilog/cnn_predict_img_read_RAM_2P_BRAM_1R1W.v:40]
INFO: [Synth 8-6155] done synthesizing module 'cnn_predict_img_read_RAM_2P_BRAM_1R1W' (0#1) [/home/dani/Desktop/SDU_Master/EmbeddedSystems/final_assignment/vivado_final/cnn_project/cnn_project.gen/sources_1/bd/design_1/ipshared/0ceb/hdl/verilog/cnn_predict_img_read_RAM_2P_BRAM_1R1W.v:7]
INFO: [Synth 8-6157] synthesizing module 'cnn_predict_conv1_w_ROM_AUTO_1R' [/home/dani/Desktop/SDU_Master/EmbeddedSystems/final_assignment/vivado_final/cnn_project/cnn_project.gen/sources_1/bd/design_1/ipshared/0ceb/hdl/verilog/cnn_predict_conv1_w_ROM_AUTO_1R.v:7]
INFO: [Synth 8-3876] $readmem data file './cnn_predict_conv1_w_ROM_AUTO_1R.dat' is read successfully [/home/dani/Desktop/SDU_Master/EmbeddedSystems/final_assignment/vivado_final/cnn_project/cnn_project.gen/sources_1/bd/design_1/ipshared/0ceb/hdl/verilog/cnn_predict_conv1_w_ROM_AUTO_1R.v:76]
INFO: [Synth 8-3876] $readmem data file './cnn_predict_conv1_w_ROM_AUTO_1R.dat' is read successfully [/home/dani/Desktop/SDU_Master/EmbeddedSystems/final_assignment/vivado_final/cnn_project/cnn_project.gen/sources_1/bd/design_1/ipshared/0ceb/hdl/verilog/cnn_predict_conv1_w_ROM_AUTO_1R.v:77]
INFO: [Synth 8-3876] $readmem data file './cnn_predict_conv1_w_ROM_AUTO_1R.dat' is read successfully [/home/dani/Desktop/SDU_Master/EmbeddedSystems/final_assignment/vivado_final/cnn_project/cnn_project.gen/sources_1/bd/design_1/ipshared/0ceb/hdl/verilog/cnn_predict_conv1_w_ROM_AUTO_1R.v:78]
INFO: [Synth 8-3876] $readmem data file './cnn_predict_conv1_w_ROM_AUTO_1R.dat' is read successfully [/home/dani/Desktop/SDU_Master/EmbeddedSystems/final_assignment/vivado_final/cnn_project/cnn_project.gen/sources_1/bd/design_1/ipshared/0ceb/hdl/verilog/cnn_predict_conv1_w_ROM_AUTO_1R.v:79]
INFO: [Synth 8-3876] $readmem data file './cnn_predict_conv1_w_ROM_AUTO_1R.dat' is read successfully [/home/dani/Desktop/SDU_Master/EmbeddedSystems/final_assignment/vivado_final/cnn_project/cnn_project.gen/sources_1/bd/design_1/ipshared/0ceb/hdl/verilog/cnn_predict_conv1_w_ROM_AUTO_1R.v:80]
INFO: [Synth 8-6155] done synthesizing module 'cnn_predict_conv1_w_ROM_AUTO_1R' (0#1) [/home/dani/Desktop/SDU_Master/EmbeddedSystems/final_assignment/vivado_final/cnn_project/cnn_project.gen/sources_1/bd/design_1/ipshared/0ceb/hdl/verilog/cnn_predict_conv1_w_ROM_AUTO_1R.v:7]
INFO: [Synth 8-6157] synthesizing module 'cnn_predict_dense1_b_ROM_AUTO_1R' [/home/dani/Desktop/SDU_Master/EmbeddedSystems/final_assignment/vivado_final/cnn_project/cnn_project.gen/sources_1/bd/design_1/ipshared/0ceb/hdl/verilog/cnn_predict_dense1_b_ROM_AUTO_1R.v:7]
INFO: [Synth 8-3876] $readmem data file './cnn_predict_dense1_b_ROM_AUTO_1R.dat' is read successfully [/home/dani/Desktop/SDU_Master/EmbeddedSystems/final_assignment/vivado_final/cnn_project/cnn_project.gen/sources_1/bd/design_1/ipshared/0ceb/hdl/verilog/cnn_predict_dense1_b_ROM_AUTO_1R.v:28]
INFO: [Synth 8-6155] done synthesizing module 'cnn_predict_dense1_b_ROM_AUTO_1R' (0#1) [/home/dani/Desktop/SDU_Master/EmbeddedSystems/final_assignment/vivado_final/cnn_project/cnn_project.gen/sources_1/bd/design_1/ipshared/0ceb/hdl/verilog/cnn_predict_dense1_b_ROM_AUTO_1R.v:7]
INFO: [Synth 8-6157] synthesizing module 'cnn_predict_layer1_conv_RAM_1WNR_AUTO_1R1W' [/home/dani/Desktop/SDU_Master/EmbeddedSystems/final_assignment/vivado_final/cnn_project/cnn_project.gen/sources_1/bd/design_1/ipshared/0ceb/hdl/verilog/cnn_predict_layer1_conv_RAM_1WNR_AUTO_1R1W.v:7]
INFO: [Synth 8-6155] done synthesizing module 'cnn_predict_layer1_conv_RAM_1WNR_AUTO_1R1W' (0#1) [/home/dani/Desktop/SDU_Master/EmbeddedSystems/final_assignment/vivado_final/cnn_project/cnn_project.gen/sources_1/bd/design_1/ipshared/0ceb/hdl/verilog/cnn_predict_layer1_conv_RAM_1WNR_AUTO_1R1W.v:7]
INFO: [Synth 8-6157] synthesizing module 'cnn_predict_layer1_pool_RAM_1WNR_AUTO_1R1W' [/home/dani/Desktop/SDU_Master/EmbeddedSystems/final_assignment/vivado_final/cnn_project/cnn_project.gen/sources_1/bd/design_1/ipshared/0ceb/hdl/verilog/cnn_predict_layer1_pool_RAM_1WNR_AUTO_1R1W.v:7]
INFO: [Synth 8-6155] done synthesizing module 'cnn_predict_layer1_pool_RAM_1WNR_AUTO_1R1W' (0#1) [/home/dani/Desktop/SDU_Master/EmbeddedSystems/final_assignment/vivado_final/cnn_project/cnn_project.gen/sources_1/bd/design_1/ipshared/0ceb/hdl/verilog/cnn_predict_layer1_pool_RAM_1WNR_AUTO_1R1W.v:7]
INFO: [Synth 8-6157] synthesizing module 'cnn_predict_layer2_conv_RAM_1WNR_AUTO_1R1W' [/home/dani/Desktop/SDU_Master/EmbeddedSystems/final_assignment/vivado_final/cnn_project/cnn_project.gen/sources_1/bd/design_1/ipshared/0ceb/hdl/verilog/cnn_predict_layer2_conv_RAM_1WNR_AUTO_1R1W.v:7]
INFO: [Synth 8-6155] done synthesizing module 'cnn_predict_layer2_conv_RAM_1WNR_AUTO_1R1W' (0#1) [/home/dani/Desktop/SDU_Master/EmbeddedSystems/final_assignment/vivado_final/cnn_project/cnn_project.gen/sources_1/bd/design_1/ipshared/0ceb/hdl/verilog/cnn_predict_layer2_conv_RAM_1WNR_AUTO_1R1W.v:7]
INFO: [Synth 8-6157] synthesizing module 'cnn_predict_layer2_pool_RAM_AUTO_1R1W' [/home/dani/Desktop/SDU_Master/EmbeddedSystems/final_assignment/vivado_final/cnn_project/cnn_project.gen/sources_1/bd/design_1/ipshared/0ceb/hdl/verilog/cnn_predict_layer2_pool_RAM_AUTO_1R1W.v:7]
INFO: [Synth 8-6155] done synthesizing module 'cnn_predict_layer2_pool_RAM_AUTO_1R1W' (0#1) [/home/dani/Desktop/SDU_Master/EmbeddedSystems/final_assignment/vivado_final/cnn_project/cnn_project.gen/sources_1/bd/design_1/ipshared/0ceb/hdl/verilog/cnn_predict_layer2_pool_RAM_AUTO_1R1W.v:7]
INFO: [Synth 8-6157] synthesizing module 'cnn_predict_dense_RAM_AUTO_1R1W' [/home/dani/Desktop/SDU_Master/EmbeddedSystems/final_assignment/vivado_final/cnn_project/cnn_project.gen/sources_1/bd/design_1/ipshared/0ceb/hdl/verilog/cnn_predict_dense_RAM_AUTO_1R1W.v:7]
INFO: [Synth 8-6155] done synthesizing module 'cnn_predict_dense_RAM_AUTO_1R1W' (0#1) [/home/dani/Desktop/SDU_Master/EmbeddedSystems/final_assignment/vivado_final/cnn_project/cnn_project.gen/sources_1/bd/design_1/ipshared/0ceb/hdl/verilog/cnn_predict_dense_RAM_AUTO_1R1W.v:7]
INFO: [Synth 8-6157] synthesizing module 'cnn_predict_cnn_predict_Pipeline_VITIS_LOOP_38_1' [/home/dani/Desktop/SDU_Master/EmbeddedSystems/final_assignment/vivado_final/cnn_project/cnn_project.gen/sources_1/bd/design_1/ipshared/0ceb/hdl/verilog/cnn_predict_cnn_predict_Pipeline_VITIS_LOOP_38_1.v:10]
INFO: [Synth 8-6157] synthesizing module 'cnn_predict_flow_control_loop_pipe_sequential_init' [/home/dani/Desktop/SDU_Master/EmbeddedSystems/final_assignment/vivado_final/cnn_project/cnn_project.gen/sources_1/bd/design_1/ipshared/0ceb/hdl/verilog/cnn_predict_flow_control_loop_pipe_sequential_init.v:9]
INFO: [Synth 8-6155] done synthesizing module 'cnn_predict_flow_control_loop_pipe_sequential_init' (0#1) [/home/dani/Desktop/SDU_Master/EmbeddedSystems/final_assignment/vivado_final/cnn_project/cnn_project.gen/sources_1/bd/design_1/ipshared/0ceb/hdl/verilog/cnn_predict_flow_control_loop_pipe_sequential_init.v:9]
INFO: [Synth 8-6155] done synthesizing module 'cnn_predict_cnn_predict_Pipeline_VITIS_LOOP_38_1' (0#1) [/home/dani/Desktop/SDU_Master/EmbeddedSystems/final_assignment/vivado_final/cnn_project/cnn_project.gen/sources_1/bd/design_1/ipshared/0ceb/hdl/verilog/cnn_predict_cnn_predict_Pipeline_VITIS_LOOP_38_1.v:10]
INFO: [Synth 8-6157] synthesizing module 'cnn_predict_cnn_predict_Pipeline_VITIS_LOOP_103_6_VITIS_LOOP_104_7_VITIS_LOOP_105_8' [/home/dani/Desktop/SDU_Master/EmbeddedSystems/final_assignment/vivado_final/cnn_project/cnn_project.gen/sources_1/bd/design_1/ipshared/0ceb/hdl/verilog/cnn_predict_cnn_predict_Pipeline_VITIS_LOOP_103_6_VITIS_LOOP_104_7_VITIS_LOOP_105_8.v:10]
INFO: [Synth 8-6155] done synthesizing module 'cnn_predict_cnn_predict_Pipeline_VITIS_LOOP_103_6_VITIS_LOOP_104_7_VITIS_LOOP_105_8' (0#1) [/home/dani/Desktop/SDU_Master/EmbeddedSystems/final_assignment/vivado_final/cnn_project/cnn_project.gen/sources_1/bd/design_1/ipshared/0ceb/hdl/verilog/cnn_predict_cnn_predict_Pipeline_VITIS_LOOP_103_6_VITIS_LOOP_104_7_VITIS_LOOP_105_8.v:10]
INFO: [Synth 8-6157] synthesizing module 'cnn_predict_cnn_predict_Pipeline_VITIS_LOOP_77_2_VITIS_LOOP_78_3' [/home/dani/Desktop/SDU_Master/EmbeddedSystems/final_assignment/vivado_final/cnn_project/cnn_project.gen/sources_1/bd/design_1/ipshared/0ceb/hdl/verilog/cnn_predict_cnn_predict_Pipeline_VITIS_LOOP_77_2_VITIS_LOOP_78_3.v:10]
INFO: [Synth 8-6155] done synthesizing module 'cnn_predict_cnn_predict_Pipeline_VITIS_LOOP_77_2_VITIS_LOOP_78_3' (0#1) [/home/dani/Desktop/SDU_Master/EmbeddedSystems/final_assignment/vivado_final/cnn_project/cnn_project.gen/sources_1/bd/design_1/ipshared/0ceb/hdl/verilog/cnn_predict_cnn_predict_Pipeline_VITIS_LOOP_77_2_VITIS_LOOP_78_3.v:10]
INFO: [Synth 8-6157] synthesizing module 'cnn_predict_cnn_predict_Pipeline_VITIS_LOOP_121_11_VITIS_LOOP_122_12_VITIS_LOOP_123_13' [/home/dani/Desktop/SDU_Master/EmbeddedSystems/final_assignment/vivado_final/cnn_project/cnn_project.gen/sources_1/bd/design_1/ipshared/0ceb/hdl/verilog/cnn_predict_cnn_predict_Pipeline_VITIS_LOOP_121_11_VITIS_LOOP_122_12_VITIS_LOOP_123_13.v:10]
INFO: [Synth 8-6157] synthesizing module 'cnn_predict_cnn_predict_Pipeline_VITIS_LOOP_121_11_VITIS_LOOP_122_12_VITIS_LOOP_123_13_cobkb' [/home/dani/Desktop/SDU_Master/EmbeddedSystems/final_assignment/vivado_final/cnn_project/cnn_project.gen/sources_1/bd/design_1/ipshared/0ceb/hdl/verilog/cnn_predict_cnn_predict_Pipeline_VITIS_LOOP_121_11_VITIS_LOOP_122_12_VITIS_LOOP_123_13_cobkb.v:7]
INFO: [Synth 8-3876] $readmem data file './cnn_predict_cnn_predict_Pipeline_VITIS_LOOP_121_11_VITIS_LOOP_122_12_VITIS_LOOP_123_13_cobkb.dat' is read successfully [/home/dani/Desktop/SDU_Master/EmbeddedSystems/final_assignment/vivado_final/cnn_project/cnn_project.gen/sources_1/bd/design_1/ipshared/0ceb/hdl/verilog/cnn_predict_cnn_predict_Pipeline_VITIS_LOOP_121_11_VITIS_LOOP_122_12_VITIS_LOOP_123_13_cobkb.v:28]
INFO: [Synth 8-6155] done synthesizing module 'cnn_predict_cnn_predict_Pipeline_VITIS_LOOP_121_11_VITIS_LOOP_122_12_VITIS_LOOP_123_13_cobkb' (0#1) [/home/dani/Desktop/SDU_Master/EmbeddedSystems/final_assignment/vivado_final/cnn_project/cnn_project.gen/sources_1/bd/design_1/ipshared/0ceb/hdl/verilog/cnn_predict_cnn_predict_Pipeline_VITIS_LOOP_121_11_VITIS_LOOP_122_12_VITIS_LOOP_123_13_cobkb.v:7]
INFO: [Synth 8-6157] synthesizing module 'cnn_predict_cnn_predict_Pipeline_VITIS_LOOP_121_11_VITIS_LOOP_122_12_VITIS_LOOP_123_13_cocud' [/home/dani/Desktop/SDU_Master/EmbeddedSystems/final_assignment/vivado_final/cnn_project/cnn_project.gen/sources_1/bd/design_1/ipshared/0ceb/hdl/verilog/cnn_predict_cnn_predict_Pipeline_VITIS_LOOP_121_11_VITIS_LOOP_122_12_VITIS_LOOP_123_13_cocud.v:7]
INFO: [Synth 8-3876] $readmem data file './cnn_predict_cnn_predict_Pipeline_VITIS_LOOP_121_11_VITIS_LOOP_122_12_VITIS_LOOP_123_13_cocud.dat' is read successfully [/home/dani/Desktop/SDU_Master/EmbeddedSystems/final_assignment/vivado_final/cnn_project/cnn_project.gen/sources_1/bd/design_1/ipshared/0ceb/hdl/verilog/cnn_predict_cnn_predict_Pipeline_VITIS_LOOP_121_11_VITIS_LOOP_122_12_VITIS_LOOP_123_13_cocud.v:93]
INFO: [Synth 8-3876] $readmem data file './cnn_predict_cnn_predict_Pipeline_VITIS_LOOP_121_11_VITIS_LOOP_122_12_VITIS_LOOP_123_13_cocud.dat' is read successfully [/home/dani/Desktop/SDU_Master/EmbeddedSystems/final_assignment/vivado_final/cnn_project/cnn_project.gen/sources_1/bd/design_1/ipshared/0ceb/hdl/verilog/cnn_predict_cnn_predict_Pipeline_VITIS_LOOP_121_11_VITIS_LOOP_122_12_VITIS_LOOP_123_13_cocud.v:94]
INFO: [Synth 8-3876] $readmem data file './cnn_predict_cnn_predict_Pipeline_VITIS_LOOP_121_11_VITIS_LOOP_122_12_VITIS_LOOP_123_13_cocud.dat' is read successfully [/home/dani/Desktop/SDU_Master/EmbeddedSystems/final_assignment/vivado_final/cnn_project/cnn_project.gen/sources_1/bd/design_1/ipshared/0ceb/hdl/verilog/cnn_predict_cnn_predict_Pipeline_VITIS_LOOP_121_11_VITIS_LOOP_122_12_VITIS_LOOP_123_13_cocud.v:95]
INFO: [Synth 8-3876] $readmem data file './cnn_predict_cnn_predict_Pipeline_VITIS_LOOP_121_11_VITIS_LOOP_122_12_VITIS_LOOP_123_13_cocud.dat' is read successfully [/home/dani/Desktop/SDU_Master/EmbeddedSystems/final_assignment/vivado_final/cnn_project/cnn_project.gen/sources_1/bd/design_1/ipshared/0ceb/hdl/verilog/cnn_predict_cnn_predict_Pipeline_VITIS_LOOP_121_11_VITIS_LOOP_122_12_VITIS_LOOP_123_13_cocud.v:96]
INFO: [Synth 8-3876] $readmem data file './cnn_predict_cnn_predict_Pipeline_VITIS_LOOP_121_11_VITIS_LOOP_122_12_VITIS_LOOP_123_13_cocud.dat' is read successfully [/home/dani/Desktop/SDU_Master/EmbeddedSystems/final_assignment/vivado_final/cnn_project/cnn_project.gen/sources_1/bd/design_1/ipshared/0ceb/hdl/verilog/cnn_predict_cnn_predict_Pipeline_VITIS_LOOP_121_11_VITIS_LOOP_122_12_VITIS_LOOP_123_13_cocud.v:97]
INFO: [Synth 8-3876] $readmem data file './cnn_predict_cnn_predict_Pipeline_VITIS_LOOP_121_11_VITIS_LOOP_122_12_VITIS_LOOP_123_13_cocud.dat' is read successfully [/home/dani/Desktop/SDU_Master/EmbeddedSystems/final_assignment/vivado_final/cnn_project/cnn_project.gen/sources_1/bd/design_1/ipshared/0ceb/hdl/verilog/cnn_predict_cnn_predict_Pipeline_VITIS_LOOP_121_11_VITIS_LOOP_122_12_VITIS_LOOP_123_13_cocud.v:98]
INFO: [Synth 8-6155] done synthesizing module 'cnn_predict_cnn_predict_Pipeline_VITIS_LOOP_121_11_VITIS_LOOP_122_12_VITIS_LOOP_123_13_cocud' (0#1) [/home/dani/Desktop/SDU_Master/EmbeddedSystems/final_assignment/vivado_final/cnn_project/cnn_project.gen/sources_1/bd/design_1/ipshared/0ceb/hdl/verilog/cnn_predict_cnn_predict_Pipeline_VITIS_LOOP_121_11_VITIS_LOOP_122_12_VITIS_LOOP_123_13_cocud.v:7]
INFO: [Synth 8-6157] synthesizing module 'cnn_predict_fadd_32ns_32ns_32_5_full_dsp_1' [/home/dani/Desktop/SDU_Master/EmbeddedSystems/final_assignment/vivado_final/cnn_project/cnn_project.gen/sources_1/bd/design_1/ipshared/0ceb/hdl/verilog/cnn_predict_fadd_32ns_32ns_32_5_full_dsp_1.v:9]
INFO: [Synth 8-6157] synthesizing module 'cnn_predict_fadd_32ns_32ns_32_5_full_dsp_1_ip' [/home/dani/Desktop/SDU_Master/EmbeddedSystems/final_assignment/vivado_final/cnn_project/cnn_project.gen/sources_1/bd/design_1/ipshared/0ceb/hdl/ip/cnn_predict_fadd_32ns_32ns_32_5_full_dsp_1_ip.v:53]
INFO: [Synth 8-6157] synthesizing module 'LUT1' [/home/dani/Xilinx/Vivado/2022.2/scripts/rt/data/unisim_comp.v:78971]
INFO: [Synth 8-6155] done synthesizing module 'LUT1' (0#1) [/home/dani/Xilinx/Vivado/2022.2/scripts/rt/data/unisim_comp.v:78971]
INFO: [Synth 8-6155] done synthesizing module 'cnn_predict_fadd_32ns_32ns_32_5_full_dsp_1_ip' (0#1) [/home/dani/Desktop/SDU_Master/EmbeddedSystems/final_assignment/vivado_final/cnn_project/cnn_project.gen/sources_1/bd/design_1/ipshared/0ceb/hdl/ip/cnn_predict_fadd_32ns_32ns_32_5_full_dsp_1_ip.v:53]
INFO: [Synth 8-6155] done synthesizing module 'cnn_predict_fadd_32ns_32ns_32_5_full_dsp_1' (0#1) [/home/dani/Desktop/SDU_Master/EmbeddedSystems/final_assignment/vivado_final/cnn_project/cnn_project.gen/sources_1/bd/design_1/ipshared/0ceb/hdl/verilog/cnn_predict_fadd_32ns_32ns_32_5_full_dsp_1.v:9]
INFO: [Synth 8-6157] synthesizing module 'cnn_predict_fmul_32ns_32ns_32_4_max_dsp_1' [/home/dani/Desktop/SDU_Master/EmbeddedSystems/final_assignment/vivado_final/cnn_project/cnn_project.gen/sources_1/bd/design_1/ipshared/0ceb/hdl/verilog/cnn_predict_fmul_32ns_32ns_32_4_max_dsp_1.v:9]
INFO: [Synth 8-6157] synthesizing module 'cnn_predict_fmul_32ns_32ns_32_4_max_dsp_1_ip' [/home/dani/Desktop/SDU_Master/EmbeddedSystems/final_assignment/vivado_final/cnn_project/cnn_project.gen/sources_1/bd/design_1/ipshared/0ceb/hdl/ip/cnn_predict_fmul_32ns_32ns_32_4_max_dsp_1_ip.v:53]
INFO: [Synth 8-6155] done synthesizing module 'cnn_predict_fmul_32ns_32ns_32_4_max_dsp_1_ip' (0#1) [/home/dani/Desktop/SDU_Master/EmbeddedSystems/final_assignment/vivado_final/cnn_project/cnn_project.gen/sources_1/bd/design_1/ipshared/0ceb/hdl/ip/cnn_predict_fmul_32ns_32ns_32_4_max_dsp_1_ip.v:53]
INFO: [Synth 8-6155] done synthesizing module 'cnn_predict_fmul_32ns_32ns_32_4_max_dsp_1' (0#1) [/home/dani/Desktop/SDU_Master/EmbeddedSystems/final_assignment/vivado_final/cnn_project/cnn_project.gen/sources_1/bd/design_1/ipshared/0ceb/hdl/verilog/cnn_predict_fmul_32ns_32ns_32_4_max_dsp_1.v:9]
INFO: [Synth 8-6157] synthesizing module 'cnn_predict_mac_muladd_5ns_5ns_5ns_10_4_1' [/home/dani/Desktop/SDU_Master/EmbeddedSystems/final_assignment/vivado_final/cnn_project/cnn_project.gen/sources_1/bd/design_1/ipshared/0ceb/hdl/verilog/cnn_predict_mac_muladd_5ns_5ns_5ns_10_4_1.v:47]
INFO: [Synth 8-6157] synthesizing module 'cnn_predict_mac_muladd_5ns_5ns_5ns_10_4_1_DSP48_0' [/home/dani/Desktop/SDU_Master/EmbeddedSystems/final_assignment/vivado_final/cnn_project/cnn_project.gen/sources_1/bd/design_1/ipshared/0ceb/hdl/verilog/cnn_predict_mac_muladd_5ns_5ns_5ns_10_4_1.v:8]
INFO: [Synth 8-6155] done synthesizing module 'cnn_predict_mac_muladd_5ns_5ns_5ns_10_4_1_DSP48_0' (0#1) [/home/dani/Desktop/SDU_Master/EmbeddedSystems/final_assignment/vivado_final/cnn_project/cnn_project.gen/sources_1/bd/design_1/ipshared/0ceb/hdl/verilog/cnn_predict_mac_muladd_5ns_5ns_5ns_10_4_1.v:8]
INFO: [Synth 8-6155] done synthesizing module 'cnn_predict_mac_muladd_5ns_5ns_5ns_10_4_1' (0#1) [/home/dani/Desktop/SDU_Master/EmbeddedSystems/final_assignment/vivado_final/cnn_project/cnn_project.gen/sources_1/bd/design_1/ipshared/0ceb/hdl/verilog/cnn_predict_mac_muladd_5ns_5ns_5ns_10_4_1.v:47]
INFO: [Synth 8-6155] done synthesizing module 'cnn_predict_cnn_predict_Pipeline_VITIS_LOOP_121_11_VITIS_LOOP_122_12_VITIS_LOOP_123_13' (0#1) [/home/dani/Desktop/SDU_Master/EmbeddedSystems/final_assignment/vivado_final/cnn_project/cnn_project.gen/sources_1/bd/design_1/ipshared/0ceb/hdl/verilog/cnn_predict_cnn_predict_Pipeline_VITIS_LOOP_121_11_VITIS_LOOP_122_12_VITIS_LOOP_123_13.v:10]
INFO: [Synth 8-6157] synthesizing module 'cnn_predict_cnn_predict_Pipeline_VITIS_LOOP_147_17_VITIS_LOOP_148_18_VITIS_LOOP_149_19' [/home/dani/Desktop/SDU_Master/EmbeddedSystems/final_assignment/vivado_final/cnn_project/cnn_project.gen/sources_1/bd/design_1/ipshared/0ceb/hdl/verilog/cnn_predict_cnn_predict_Pipeline_VITIS_LOOP_147_17_VITIS_LOOP_148_18_VITIS_LOOP_149_19.v:10]
INFO: [Synth 8-6157] synthesizing module 'cnn_predict_mul_5ns_6ns_10_1_1' [/home/dani/Desktop/SDU_Master/EmbeddedSystems/final_assignment/vivado_final/cnn_project/cnn_project.gen/sources_1/bd/design_1/ipshared/0ceb/hdl/verilog/cnn_predict_mul_5ns_6ns_10_1_1.v:9]
INFO: [Synth 8-6155] done synthesizing module 'cnn_predict_mul_5ns_6ns_10_1_1' (0#1) [/home/dani/Desktop/SDU_Master/EmbeddedSystems/final_assignment/vivado_final/cnn_project/cnn_project.gen/sources_1/bd/design_1/ipshared/0ceb/hdl/verilog/cnn_predict_mul_5ns_6ns_10_1_1.v:9]
INFO: [Synth 8-6155] done synthesizing module 'cnn_predict_cnn_predict_Pipeline_VITIS_LOOP_147_17_VITIS_LOOP_148_18_VITIS_LOOP_149_19' (0#1) [/home/dani/Desktop/SDU_Master/EmbeddedSystems/final_assignment/vivado_final/cnn_project/cnn_project.gen/sources_1/bd/design_1/ipshared/0ceb/hdl/verilog/cnn_predict_cnn_predict_Pipeline_VITIS_LOOP_147_17_VITIS_LOOP_148_18_VITIS_LOOP_149_19.v:10]
INFO: [Synth 8-6157] synthesizing module 'cnn_predict_cnn_predict_Pipeline_VITIS_LOOP_167_22_VITIS_LOOP_168_23_VITIS_LOOP_169_24' [/home/dani/Desktop/SDU_Master/EmbeddedSystems/final_assignment/vivado_final/cnn_project/cnn_project.gen/sources_1/bd/design_1/ipshared/0ceb/hdl/verilog/cnn_predict_cnn_predict_Pipeline_VITIS_LOOP_167_22_VITIS_LOOP_168_23_VITIS_LOOP_169_24.v:10]
INFO: [Synth 8-6155] done synthesizing module 'cnn_predict_cnn_predict_Pipeline_VITIS_LOOP_167_22_VITIS_LOOP_168_23_VITIS_LOOP_169_24' (0#1) [/home/dani/Desktop/SDU_Master/EmbeddedSystems/final_assignment/vivado_final/cnn_project/cnn_project.gen/sources_1/bd/design_1/ipshared/0ceb/hdl/verilog/cnn_predict_cnn_predict_Pipeline_VITIS_LOOP_167_22_VITIS_LOOP_168_23_VITIS_LOOP_169_24.v:10]
INFO: [Synth 8-6157] synthesizing module 'cnn_predict_cnn_predict_Pipeline_VITIS_LOOP_192_27' [/home/dani/Desktop/SDU_Master/EmbeddedSystems/final_assignment/vivado_final/cnn_project/cnn_project.gen/sources_1/bd/design_1/ipshared/0ceb/hdl/verilog/cnn_predict_cnn_predict_Pipeline_VITIS_LOOP_192_27.v:10]
INFO: [Synth 8-6157] synthesizing module 'cnn_predict_cnn_predict_Pipeline_VITIS_LOOP_192_27_output_w_ROM_AUTO_1R' [/home/dani/Desktop/SDU_Master/EmbeddedSystems/final_assignment/vivado_final/cnn_project/cnn_project.gen/sources_1/bd/design_1/ipshared/0ceb/hdl/verilog/cnn_predict_cnn_predict_Pipeline_VITIS_LOOP_192_27_output_w_ROM_AUTO_1R.v:7]
INFO: [Synth 8-3876] $readmem data file './cnn_predict_cnn_predict_Pipeline_VITIS_LOOP_192_27_output_w_ROM_AUTO_1R.dat' is read successfully [/home/dani/Desktop/SDU_Master/EmbeddedSystems/final_assignment/vivado_final/cnn_project/cnn_project.gen/sources_1/bd/design_1/ipshared/0ceb/hdl/verilog/cnn_predict_cnn_predict_Pipeline_VITIS_LOOP_192_27_output_w_ROM_AUTO_1R.v:28]
INFO: [Synth 8-6155] done synthesizing module 'cnn_predict_cnn_predict_Pipeline_VITIS_LOOP_192_27_output_w_ROM_AUTO_1R' (0#1) [/home/dani/Desktop/SDU_Master/EmbeddedSystems/final_assignment/vivado_final/cnn_project/cnn_project.gen/sources_1/bd/design_1/ipshared/0ceb/hdl/verilog/cnn_predict_cnn_predict_Pipeline_VITIS_LOOP_192_27_output_w_ROM_AUTO_1R.v:7]
INFO: [Synth 8-6155] done synthesizing module 'cnn_predict_cnn_predict_Pipeline_VITIS_LOOP_192_27' (0#1) [/home/dani/Desktop/SDU_Master/EmbeddedSystems/final_assignment/vivado_final/cnn_project/cnn_project.gen/sources_1/bd/design_1/ipshared/0ceb/hdl/verilog/cnn_predict_cnn_predict_Pipeline_VITIS_LOOP_192_27.v:10]
INFO: [Synth 8-6157] synthesizing module 'cnn_predict_cnn_predict_Pipeline_VITIS_LOOP_180_26' [/home/dani/Desktop/SDU_Master/EmbeddedSystems/final_assignment/vivado_final/cnn_project/cnn_project.gen/sources_1/bd/design_1/ipshared/0ceb/hdl/verilog/cnn_predict_cnn_predict_Pipeline_VITIS_LOOP_180_26.v:10]
INFO: [Synth 8-6157] synthesizing module 'cnn_predict_cnn_predict_Pipeline_VITIS_LOOP_180_26_dense1_w_ROM_AUTO_1R' [/home/dani/Desktop/SDU_Master/EmbeddedSystems/final_assignment/vivado_final/cnn_project/cnn_project.gen/sources_1/bd/design_1/ipshared/0ceb/hdl/verilog/cnn_predict_cnn_predict_Pipeline_VITIS_LOOP_180_26_dense1_w_ROM_AUTO_1R.v:7]
INFO: [Synth 8-3876] $readmem data file './cnn_predict_cnn_predict_Pipeline_VITIS_LOOP_180_26_dense1_w_ROM_AUTO_1R.dat' is read successfully [/home/dani/Desktop/SDU_Master/EmbeddedSystems/final_assignment/vivado_final/cnn_project/cnn_project.gen/sources_1/bd/design_1/ipshared/0ceb/hdl/verilog/cnn_predict_cnn_predict_Pipeline_VITIS_LOOP_180_26_dense1_w_ROM_AUTO_1R.v:28]
INFO: [Synth 8-6155] done synthesizing module 'cnn_predict_cnn_predict_Pipeline_VITIS_LOOP_180_26_dense1_w_ROM_AUTO_1R' (0#1) [/home/dani/Desktop/SDU_Master/EmbeddedSystems/final_assignment/vivado_final/cnn_project/cnn_project.gen/sources_1/bd/design_1/ipshared/0ceb/hdl/verilog/cnn_predict_cnn_predict_Pipeline_VITIS_LOOP_180_26_dense1_w_ROM_AUTO_1R.v:7]
INFO: [Synth 8-6155] done synthesizing module 'cnn_predict_cnn_predict_Pipeline_VITIS_LOOP_180_26' (0#1) [/home/dani/Desktop/SDU_Master/EmbeddedSystems/final_assignment/vivado_final/cnn_project/cnn_project.gen/sources_1/bd/design_1/ipshared/0ceb/hdl/verilog/cnn_predict_cnn_predict_Pipeline_VITIS_LOOP_180_26.v:10]
INFO: [Synth 8-6157] synthesizing module 'cnn_predict_control_s_axi' [/home/dani/Desktop/SDU_Master/EmbeddedSystems/final_assignment/vivado_final/cnn_project/cnn_project.gen/sources_1/bd/design_1/ipshared/0ceb/hdl/verilog/cnn_predict_control_s_axi.v:7]
INFO: [Synth 8-155] case statement is not full and has no default [/home/dani/Desktop/SDU_Master/EmbeddedSystems/final_assignment/vivado_final/cnn_project/cnn_project.gen/sources_1/bd/design_1/ipshared/0ceb/hdl/verilog/cnn_predict_control_s_axi.v:214]
INFO: [Synth 8-6155] done synthesizing module 'cnn_predict_control_s_axi' (0#1) [/home/dani/Desktop/SDU_Master/EmbeddedSystems/final_assignment/vivado_final/cnn_project/cnn_project.gen/sources_1/bd/design_1/ipshared/0ceb/hdl/verilog/cnn_predict_control_s_axi.v:7]
INFO: [Synth 8-6157] synthesizing module 'cnn_predict_gmem_m_axi' [/home/dani/Desktop/SDU_Master/EmbeddedSystems/final_assignment/vivado_final/cnn_project/cnn_project.gen/sources_1/bd/design_1/ipshared/0ceb/hdl/verilog/cnn_predict_gmem_m_axi.v:11]
INFO: [Synth 8-6157] synthesizing module 'cnn_predict_gmem_m_axi_store' [/home/dani/Desktop/SDU_Master/EmbeddedSystems/final_assignment/vivado_final/cnn_project/cnn_project.gen/sources_1/bd/design_1/ipshared/0ceb/hdl/verilog/cnn_predict_gmem_m_axi.v:781]
INFO: [Synth 8-6157] synthesizing module 'cnn_predict_gmem_m_axi_fifo' [/home/dani/Desktop/SDU_Master/EmbeddedSystems/final_assignment/vivado_final/cnn_project/cnn_project.gen/sources_1/bd/design_1/ipshared/0ceb/hdl/verilog/cnn_predict_gmem_m_axi.v:2551]
INFO: [Synth 8-6157] synthesizing module 'cnn_predict_gmem_m_axi_srl' [/home/dani/Desktop/SDU_Master/EmbeddedSystems/final_assignment/vivado_final/cnn_project/cnn_project.gen/sources_1/bd/design_1/ipshared/0ceb/hdl/verilog/cnn_predict_gmem_m_axi.v:2729]
INFO: [Synth 8-6155] done synthesizing module 'cnn_predict_gmem_m_axi_srl' (0#1) [/home/dani/Desktop/SDU_Master/EmbeddedSystems/final_assignment/vivado_final/cnn_project/cnn_project.gen/sources_1/bd/design_1/ipshared/0ceb/hdl/verilog/cnn_predict_gmem_m_axi.v:2729]
INFO: [Synth 8-6155] done synthesizing module 'cnn_predict_gmem_m_axi_fifo' (0#1) [/home/dani/Desktop/SDU_Master/EmbeddedSystems/final_assignment/vivado_final/cnn_project/cnn_project.gen/sources_1/bd/design_1/ipshared/0ceb/hdl/verilog/cnn_predict_gmem_m_axi.v:2551]
INFO: [Synth 8-6157] synthesizing module 'cnn_predict_gmem_m_axi_fifo__parameterized0' [/home/dani/Desktop/SDU_Master/EmbeddedSystems/final_assignment/vivado_final/cnn_project/cnn_project.gen/sources_1/bd/design_1/ipshared/0ceb/hdl/verilog/cnn_predict_gmem_m_axi.v:2551]
INFO: [Synth 8-6157] synthesizing module 'cnn_predict_gmem_m_axi_mem' [/home/dani/Desktop/SDU_Master/EmbeddedSystems/final_assignment/vivado_final/cnn_project/cnn_project.gen/sources_1/bd/design_1/ipshared/0ceb/hdl/verilog/cnn_predict_gmem_m_axi.v:2783]
INFO: [Synth 8-6155] done synthesizing module 'cnn_predict_gmem_m_axi_mem' (0#1) [/home/dani/Desktop/SDU_Master/EmbeddedSystems/final_assignment/vivado_final/cnn_project/cnn_project.gen/sources_1/bd/design_1/ipshared/0ceb/hdl/verilog/cnn_predict_gmem_m_axi.v:2783]
INFO: [Synth 8-6155] done synthesizing module 'cnn_predict_gmem_m_axi_fifo__parameterized0' (0#1) [/home/dani/Desktop/SDU_Master/EmbeddedSystems/final_assignment/vivado_final/cnn_project/cnn_project.gen/sources_1/bd/design_1/ipshared/0ceb/hdl/verilog/cnn_predict_gmem_m_axi.v:2551]
INFO: [Synth 8-6157] synthesizing module 'cnn_predict_gmem_m_axi_fifo__parameterized1' [/home/dani/Desktop/SDU_Master/EmbeddedSystems/final_assignment/vivado_final/cnn_project/cnn_project.gen/sources_1/bd/design_1/ipshared/0ceb/hdl/verilog/cnn_predict_gmem_m_axi.v:2551]
INFO: [Synth 8-6157] synthesizing module 'cnn_predict_gmem_m_axi_srl__parameterized0' [/home/dani/Desktop/SDU_Master/EmbeddedSystems/final_assignment/vivado_final/cnn_project/cnn_project.gen/sources_1/bd/design_1/ipshared/0ceb/hdl/verilog/cnn_predict_gmem_m_axi.v:2729]
INFO: [Synth 8-6155] done synthesizing module 'cnn_predict_gmem_m_axi_srl__parameterized0' (0#1) [/home/dani/Desktop/SDU_Master/EmbeddedSystems/final_assignment/vivado_final/cnn_project/cnn_project.gen/sources_1/bd/design_1/ipshared/0ceb/hdl/verilog/cnn_predict_gmem_m_axi.v:2729]
INFO: [Synth 8-6155] done synthesizing module 'cnn_predict_gmem_m_axi_fifo__parameterized1' (0#1) [/home/dani/Desktop/SDU_Master/EmbeddedSystems/final_assignment/vivado_final/cnn_project/cnn_project.gen/sources_1/bd/design_1/ipshared/0ceb/hdl/verilog/cnn_predict_gmem_m_axi.v:2551]
INFO: [Synth 8-6157] synthesizing module 'cnn_predict_gmem_m_axi_fifo__parameterized2' [/home/dani/Desktop/SDU_Master/EmbeddedSystems/final_assignment/vivado_final/cnn_project/cnn_project.gen/sources_1/bd/design_1/ipshared/0ceb/hdl/verilog/cnn_predict_gmem_m_axi.v:2551]
INFO: [Synth 8-6157] synthesizing module 'cnn_predict_gmem_m_axi_srl__parameterized1' [/home/dani/Desktop/SDU_Master/EmbeddedSystems/final_assignment/vivado_final/cnn_project/cnn_project.gen/sources_1/bd/design_1/ipshared/0ceb/hdl/verilog/cnn_predict_gmem_m_axi.v:2729]
INFO: [Synth 8-6155] done synthesizing module 'cnn_predict_gmem_m_axi_srl__parameterized1' (0#1) [/home/dani/Desktop/SDU_Master/EmbeddedSystems/final_assignment/vivado_final/cnn_project/cnn_project.gen/sources_1/bd/design_1/ipshared/0ceb/hdl/verilog/cnn_predict_gmem_m_axi.v:2729]
INFO: [Synth 8-6155] done synthesizing module 'cnn_predict_gmem_m_axi_fifo__parameterized2' (0#1) [/home/dani/Desktop/SDU_Master/EmbeddedSystems/final_assignment/vivado_final/cnn_project/cnn_project.gen/sources_1/bd/design_1/ipshared/0ceb/hdl/verilog/cnn_predict_gmem_m_axi.v:2551]
INFO: [Synth 8-6155] done synthesizing module 'cnn_predict_gmem_m_axi_store' (0#1) [/home/dani/Desktop/SDU_Master/EmbeddedSystems/final_assignment/vivado_final/cnn_project/cnn_project.gen/sources_1/bd/design_1/ipshared/0ceb/hdl/verilog/cnn_predict_gmem_m_axi.v:781]
INFO: [Synth 8-6157] synthesizing module 'cnn_predict_gmem_m_axi_load' [/home/dani/Desktop/SDU_Master/EmbeddedSystems/final_assignment/vivado_final/cnn_project/cnn_project.gen/sources_1/bd/design_1/ipshared/0ceb/hdl/verilog/cnn_predict_gmem_m_axi.v:325]
INFO: [Synth 8-6157] synthesizing module 'cnn_predict_gmem_m_axi_fifo__parameterized3' [/home/dani/Desktop/SDU_Master/EmbeddedSystems/final_assignment/vivado_final/cnn_project/cnn_project.gen/sources_1/bd/design_1/ipshared/0ceb/hdl/verilog/cnn_predict_gmem_m_axi.v:2551]
INFO: [Synth 8-6157] synthesizing module 'cnn_predict_gmem_m_axi_mem__parameterized0' [/home/dani/Desktop/SDU_Master/EmbeddedSystems/final_assignment/vivado_final/cnn_project/cnn_project.gen/sources_1/bd/design_1/ipshared/0ceb/hdl/verilog/cnn_predict_gmem_m_axi.v:2783]
INFO: [Synth 8-6155] done synthesizing module 'cnn_predict_gmem_m_axi_mem__parameterized0' (0#1) [/home/dani/Desktop/SDU_Master/EmbeddedSystems/final_assignment/vivado_final/cnn_project/cnn_project.gen/sources_1/bd/design_1/ipshared/0ceb/hdl/verilog/cnn_predict_gmem_m_axi.v:2783]
INFO: [Synth 8-6155] done synthesizing module 'cnn_predict_gmem_m_axi_fifo__parameterized3' (0#1) [/home/dani/Desktop/SDU_Master/EmbeddedSystems/final_assignment/vivado_final/cnn_project/cnn_project.gen/sources_1/bd/design_1/ipshared/0ceb/hdl/verilog/cnn_predict_gmem_m_axi.v:2551]
INFO: [Synth 8-6155] done synthesizing module 'cnn_predict_gmem_m_axi_load' (0#1) [/home/dani/Desktop/SDU_Master/EmbeddedSystems/final_assignment/vivado_final/cnn_project/cnn_project.gen/sources_1/bd/design_1/ipshared/0ceb/hdl/verilog/cnn_predict_gmem_m_axi.v:325]
INFO: [Synth 8-6157] synthesizing module 'cnn_predict_gmem_m_axi_write' [/home/dani/Desktop/SDU_Master/EmbeddedSystems/final_assignment/vivado_final/cnn_project/cnn_project.gen/sources_1/bd/design_1/ipshared/0ceb/hdl/verilog/cnn_predict_gmem_m_axi.v:1716]
INFO: [Synth 8-6157] synthesizing module 'cnn_predict_gmem_m_axi_reg_slice' [/home/dani/Desktop/SDU_Master/EmbeddedSystems/final_assignment/vivado_final/cnn_project/cnn_project.gen/sources_1/bd/design_1/ipshared/0ceb/hdl/verilog/cnn_predict_gmem_m_axi.v:2449]
INFO: [Synth 8-6155] done synthesizing module 'cnn_predict_gmem_m_axi_reg_slice' (0#1) [/home/dani/Desktop/SDU_Master/EmbeddedSystems/final_assignment/vivado_final/cnn_project/cnn_project.gen/sources_1/bd/design_1/ipshared/0ceb/hdl/verilog/cnn_predict_gmem_m_axi.v:2449]
INFO: [Synth 8-6157] synthesizing module 'cnn_predict_gmem_m_axi_fifo__parameterized4' [/home/dani/Desktop/SDU_Master/EmbeddedSystems/final_assignment/vivado_final/cnn_project/cnn_project.gen/sources_1/bd/design_1/ipshared/0ceb/hdl/verilog/cnn_predict_gmem_m_axi.v:2551]
INFO: [Synth 8-6157] synthesizing module 'cnn_predict_gmem_m_axi_srl__parameterized2' [/home/dani/Desktop/SDU_Master/EmbeddedSystems/final_assignment/vivado_final/cnn_project/cnn_project.gen/sources_1/bd/design_1/ipshared/0ceb/hdl/verilog/cnn_predict_gmem_m_axi.v:2729]
INFO: [Synth 8-6155] done synthesizing module 'cnn_predict_gmem_m_axi_srl__parameterized2' (0#1) [/home/dani/Desktop/SDU_Master/EmbeddedSystems/final_assignment/vivado_final/cnn_project/cnn_project.gen/sources_1/bd/design_1/ipshared/0ceb/hdl/verilog/cnn_predict_gmem_m_axi.v:2729]
INFO: [Synth 8-6155] done synthesizing module 'cnn_predict_gmem_m_axi_fifo__parameterized4' (0#1) [/home/dani/Desktop/SDU_Master/EmbeddedSystems/final_assignment/vivado_final/cnn_project/cnn_project.gen/sources_1/bd/design_1/ipshared/0ceb/hdl/verilog/cnn_predict_gmem_m_axi.v:2551]
INFO: [Synth 8-6157] synthesizing module 'cnn_predict_gmem_m_axi_throttle' [/home/dani/Desktop/SDU_Master/EmbeddedSystems/final_assignment/vivado_final/cnn_project/cnn_project.gen/sources_1/bd/design_1/ipshared/0ceb/hdl/verilog/cnn_predict_gmem_m_axi.v:2224]
INFO: [Synth 8-6157] synthesizing module 'cnn_predict_gmem_m_axi_reg_slice__parameterized0' [/home/dani/Desktop/SDU_Master/EmbeddedSystems/final_assignment/vivado_final/cnn_project/cnn_project.gen/sources_1/bd/design_1/ipshared/0ceb/hdl/verilog/cnn_predict_gmem_m_axi.v:2449]
INFO: [Synth 8-6155] done synthesizing module 'cnn_predict_gmem_m_axi_reg_slice__parameterized0' (0#1) [/home/dani/Desktop/SDU_Master/EmbeddedSystems/final_assignment/vivado_final/cnn_project/cnn_project.gen/sources_1/bd/design_1/ipshared/0ceb/hdl/verilog/cnn_predict_gmem_m_axi.v:2449]
INFO: [Synth 8-6157] synthesizing module 'cnn_predict_gmem_m_axi_fifo__parameterized5' [/home/dani/Desktop/SDU_Master/EmbeddedSystems/final_assignment/vivado_final/cnn_project/cnn_project.gen/sources_1/bd/design_1/ipshared/0ceb/hdl/verilog/cnn_predict_gmem_m_axi.v:2551]
INFO: [Synth 8-6157] synthesizing module 'cnn_predict_gmem_m_axi_srl__parameterized3' [/home/dani/Desktop/SDU_Master/EmbeddedSystems/final_assignment/vivado_final/cnn_project/cnn_project.gen/sources_1/bd/design_1/ipshared/0ceb/hdl/verilog/cnn_predict_gmem_m_axi.v:2729]
INFO: [Synth 8-6155] done synthesizing module 'cnn_predict_gmem_m_axi_srl__parameterized3' (0#1) [/home/dani/Desktop/SDU_Master/EmbeddedSystems/final_assignment/vivado_final/cnn_project/cnn_project.gen/sources_1/bd/design_1/ipshared/0ceb/hdl/verilog/cnn_predict_gmem_m_axi.v:2729]
INFO: [Synth 8-6155] done synthesizing module 'cnn_predict_gmem_m_axi_fifo__parameterized5' (0#1) [/home/dani/Desktop/SDU_Master/EmbeddedSystems/final_assignment/vivado_final/cnn_project/cnn_project.gen/sources_1/bd/design_1/ipshared/0ceb/hdl/verilog/cnn_predict_gmem_m_axi.v:2551]
INFO: [Synth 8-6157] synthesizing module 'cnn_predict_gmem_m_axi_fifo__parameterized6' [/home/dani/Desktop/SDU_Master/EmbeddedSystems/final_assignment/vivado_final/cnn_project/cnn_project.gen/sources_1/bd/design_1/ipshared/0ceb/hdl/verilog/cnn_predict_gmem_m_axi.v:2551]
INFO: [Synth 8-6157] synthesizing module 'cnn_predict_gmem_m_axi_srl__parameterized4' [/home/dani/Desktop/SDU_Master/EmbeddedSystems/final_assignment/vivado_final/cnn_project/cnn_project.gen/sources_1/bd/design_1/ipshared/0ceb/hdl/verilog/cnn_predict_gmem_m_axi.v:2729]
INFO: [Synth 8-6155] done synthesizing module 'cnn_predict_gmem_m_axi_srl__parameterized4' (0#1) [/home/dani/Desktop/SDU_Master/EmbeddedSystems/final_assignment/vivado_final/cnn_project/cnn_project.gen/sources_1/bd/design_1/ipshared/0ceb/hdl/verilog/cnn_predict_gmem_m_axi.v:2729]
INFO: [Synth 8-6155] done synthesizing module 'cnn_predict_gmem_m_axi_fifo__parameterized6' (0#1) [/home/dani/Desktop/SDU_Master/EmbeddedSystems/final_assignment/vivado_final/cnn_project/cnn_project.gen/sources_1/bd/design_1/ipshared/0ceb/hdl/verilog/cnn_predict_gmem_m_axi.v:2551]
INFO: [Synth 8-6155] done synthesizing module 'cnn_predict_gmem_m_axi_throttle' (0#1) [/home/dani/Desktop/SDU_Master/EmbeddedSystems/final_assignment/vivado_final/cnn_project/cnn_project.gen/sources_1/bd/design_1/ipshared/0ceb/hdl/verilog/cnn_predict_gmem_m_axi.v:2224]
INFO: [Synth 8-6157] synthesizing module 'cnn_predict_gmem_m_axi_reg_slice__parameterized1' [/home/dani/Desktop/SDU_Master/EmbeddedSystems/final_assignment/vivado_final/cnn_project/cnn_project.gen/sources_1/bd/design_1/ipshared/0ceb/hdl/verilog/cnn_predict_gmem_m_axi.v:2449]
INFO: [Synth 8-6155] done synthesizing module 'cnn_predict_gmem_m_axi_reg_slice__parameterized1' (0#1) [/home/dani/Desktop/SDU_Master/EmbeddedSystems/final_assignment/vivado_final/cnn_project/cnn_project.gen/sources_1/bd/design_1/ipshared/0ceb/hdl/verilog/cnn_predict_gmem_m_axi.v:2449]
WARNING: [Synth 8-589] replacing case/wildcard equality operator === with logical equality operator == [/home/dani/Desktop/SDU_Master/EmbeddedSystems/final_assignment/vivado_final/cnn_project/cnn_project.gen/sources_1/bd/design_1/ipshared/0ceb/hdl/verilog/cnn_predict_gmem_m_axi.v:2216]
WARNING: [Synth 8-589] replacing case/wildcard equality operator === with logical equality operator == [/home/dani/Desktop/SDU_Master/EmbeddedSystems/final_assignment/vivado_final/cnn_project/cnn_project.gen/sources_1/bd/design_1/ipshared/0ceb/hdl/verilog/cnn_predict_gmem_m_axi.v:2219]
INFO: [Synth 8-6155] done synthesizing module 'cnn_predict_gmem_m_axi_write' (0#1) [/home/dani/Desktop/SDU_Master/EmbeddedSystems/final_assignment/vivado_final/cnn_project/cnn_project.gen/sources_1/bd/design_1/ipshared/0ceb/hdl/verilog/cnn_predict_gmem_m_axi.v:1716]
INFO: [Synth 8-6157] synthesizing module 'cnn_predict_gmem_m_axi_read' [/home/dani/Desktop/SDU_Master/EmbeddedSystems/final_assignment/vivado_final/cnn_project/cnn_project.gen/sources_1/bd/design_1/ipshared/0ceb/hdl/verilog/cnn_predict_gmem_m_axi.v:1332]
INFO: [Synth 8-6157] synthesizing module 'cnn_predict_gmem_m_axi_reg_slice__parameterized2' [/home/dani/Desktop/SDU_Master/EmbeddedSystems/final_assignment/vivado_final/cnn_project/cnn_project.gen/sources_1/bd/design_1/ipshared/0ceb/hdl/verilog/cnn_predict_gmem_m_axi.v:2449]
INFO: [Synth 8-6155] done synthesizing module 'cnn_predict_gmem_m_axi_reg_slice__parameterized2' (0#1) [/home/dani/Desktop/SDU_Master/EmbeddedSystems/final_assignment/vivado_final/cnn_project/cnn_project.gen/sources_1/bd/design_1/ipshared/0ceb/hdl/verilog/cnn_predict_gmem_m_axi.v:2449]
WARNING: [Synth 8-589] replacing case/wildcard equality operator === with logical equality operator == [/home/dani/Desktop/SDU_Master/EmbeddedSystems/final_assignment/vivado_final/cnn_project/cnn_project.gen/sources_1/bd/design_1/ipshared/0ceb/hdl/verilog/cnn_predict_gmem_m_axi.v:1708]
INFO: [Synth 8-6155] done synthesizing module 'cnn_predict_gmem_m_axi_read' (0#1) [/home/dani/Desktop/SDU_Master/EmbeddedSystems/final_assignment/vivado_final/cnn_project/cnn_project.gen/sources_1/bd/design_1/ipshared/0ceb/hdl/verilog/cnn_predict_gmem_m_axi.v:1332]
INFO: [Synth 8-6155] done synthesizing module 'cnn_predict_gmem_m_axi' (0#1) [/home/dani/Desktop/SDU_Master/EmbeddedSystems/final_assignment/vivado_final/cnn_project/cnn_project.gen/sources_1/bd/design_1/ipshared/0ceb/hdl/verilog/cnn_predict_gmem_m_axi.v:11]
INFO: [Synth 8-6157] synthesizing module 'cnn_predict_fdiv_32ns_32ns_32_10_no_dsp_1' [/home/dani/Desktop/SDU_Master/EmbeddedSystems/final_assignment/vivado_final/cnn_project/cnn_project.gen/sources_1/bd/design_1/ipshared/0ceb/hdl/verilog/cnn_predict_fdiv_32ns_32ns_32_10_no_dsp_1.v:9]
INFO: [Synth 8-6157] synthesizing module 'cnn_predict_fdiv_32ns_32ns_32_10_no_dsp_1_ip' [/home/dani/Desktop/SDU_Master/EmbeddedSystems/final_assignment/vivado_final/cnn_project/cnn_project.gen/sources_1/bd/design_1/ipshared/0ceb/hdl/ip/cnn_predict_fdiv_32ns_32ns_32_10_no_dsp_1_ip.v:53]
INFO: [Synth 8-6155] done synthesizing module 'cnn_predict_fdiv_32ns_32ns_32_10_no_dsp_1_ip' (0#1) [/home/dani/Desktop/SDU_Master/EmbeddedSystems/final_assignment/vivado_final/cnn_project/cnn_project.gen/sources_1/bd/design_1/ipshared/0ceb/hdl/ip/cnn_predict_fdiv_32ns_32ns_32_10_no_dsp_1_ip.v:53]
INFO: [Synth 8-6155] done synthesizing module 'cnn_predict_fdiv_32ns_32ns_32_10_no_dsp_1' (0#1) [/home/dani/Desktop/SDU_Master/EmbeddedSystems/final_assignment/vivado_final/cnn_project/cnn_project.gen/sources_1/bd/design_1/ipshared/0ceb/hdl/verilog/cnn_predict_fdiv_32ns_32ns_32_10_no_dsp_1.v:9]
INFO: [Synth 8-6157] synthesizing module 'cnn_predict_fexp_32ns_32ns_32_8_full_dsp_1' [/home/dani/Desktop/SDU_Master/EmbeddedSystems/final_assignment/vivado_final/cnn_project/cnn_project.gen/sources_1/bd/design_1/ipshared/0ceb/hdl/verilog/cnn_predict_fexp_32ns_32ns_32_8_full_dsp_1.v:9]
INFO: [Synth 8-6157] synthesizing module 'cnn_predict_fexp_32ns_32ns_32_8_full_dsp_1_ip' [/home/dani/Desktop/SDU_Master/EmbeddedSystems/final_assignment/vivado_final/cnn_project/cnn_project.gen/sources_1/bd/design_1/ipshared/0ceb/hdl/ip/cnn_predict_fexp_32ns_32ns_32_8_full_dsp_1_ip.v:53]
WARNING: [Synth 8-5974] attribute "use_dsp48" has been deprecated, please use "use_dsp" instead 
INFO: [Synth 8-6155] done synthesizing module 'cnn_predict_fexp_32ns_32ns_32_8_full_dsp_1_ip' (0#1) [/home/dani/Desktop/SDU_Master/EmbeddedSystems/final_assignment/vivado_final/cnn_project/cnn_project.gen/sources_1/bd/design_1/ipshared/0ceb/hdl/ip/cnn_predict_fexp_32ns_32ns_32_8_full_dsp_1_ip.v:53]
INFO: [Synth 8-6155] done synthesizing module 'cnn_predict_fexp_32ns_32ns_32_8_full_dsp_1' (0#1) [/home/dani/Desktop/SDU_Master/EmbeddedSystems/final_assignment/vivado_final/cnn_project/cnn_project.gen/sources_1/bd/design_1/ipshared/0ceb/hdl/verilog/cnn_predict_fexp_32ns_32ns_32_8_full_dsp_1.v:9]
INFO: [Synth 8-6157] synthesizing module 'cnn_predict_fcmp_32ns_32ns_1_2_no_dsp_1' [/home/dani/Desktop/SDU_Master/EmbeddedSystems/final_assignment/vivado_final/cnn_project/cnn_project.gen/sources_1/bd/design_1/ipshared/0ceb/hdl/verilog/cnn_predict_fcmp_32ns_32ns_1_2_no_dsp_1.v:9]
INFO: [Synth 8-6157] synthesizing module 'cnn_predict_fcmp_32ns_32ns_1_2_no_dsp_1_ip' [/home/dani/Desktop/SDU_Master/EmbeddedSystems/final_assignment/vivado_final/cnn_project/cnn_project.gen/sources_1/bd/design_1/ipshared/0ceb/hdl/ip/cnn_predict_fcmp_32ns_32ns_1_2_no_dsp_1_ip.v:53]
INFO: [Synth 8-6155] done synthesizing module 'cnn_predict_fcmp_32ns_32ns_1_2_no_dsp_1_ip' (0#1) [/home/dani/Desktop/SDU_Master/EmbeddedSystems/final_assignment/vivado_final/cnn_project/cnn_project.gen/sources_1/bd/design_1/ipshared/0ceb/hdl/ip/cnn_predict_fcmp_32ns_32ns_1_2_no_dsp_1_ip.v:53]
INFO: [Synth 8-6155] done synthesizing module 'cnn_predict_fcmp_32ns_32ns_1_2_no_dsp_1' (0#1) [/home/dani/Desktop/SDU_Master/EmbeddedSystems/final_assignment/vivado_final/cnn_project/cnn_project.gen/sources_1/bd/design_1/ipshared/0ceb/hdl/verilog/cnn_predict_fcmp_32ns_32ns_1_2_no_dsp_1.v:9]
INFO: [Synth 8-6155] done synthesizing module 'cnn_predict' (0#1) [/home/dani/Desktop/SDU_Master/EmbeddedSystems/final_assignment/vivado_final/cnn_project/cnn_project.gen/sources_1/bd/design_1/ipshared/0ceb/hdl/verilog/cnn_predict.v:10]
INFO: [Synth 8-6155] done synthesizing module 'design_1_cnn_predict_0_1' (0#1) [/home/dani/Desktop/SDU_Master/EmbeddedSystems/final_assignment/vivado_final/cnn_project/cnn_project.gen/sources_1/bd/design_1/ip/design_1_cnn_predict_0_1/synth/design_1_cnn_predict_0_1.v:53]
WARNING: [Synth 8-6014] Unused sequential element int_ap_done_reg was removed.  [/home/dani/Desktop/SDU_Master/EmbeddedSystems/final_assignment/vivado_final/cnn_project/cnn_project.gen/sources_1/bd/design_1/ipshared/0ceb/hdl/verilog/cnn_predict_control_s_axi.v:284]
WARNING: [Synth 8-7129] Port CLK in module xbip_pipe_v3_0_6_viv__parameterized3 is either unconnected or has no load
WARNING: [Synth 8-7129] Port CE in module xbip_pipe_v3_0_6_viv__parameterized3 is either unconnected or has no load
WARNING: [Synth 8-7129] Port SCLR in module xbip_pipe_v3_0_6_viv__parameterized3 is either unconnected or has no load
WARNING: [Synth 8-7129] Port SSET in module xbip_pipe_v3_0_6_viv__parameterized3 is either unconnected or has no load
WARNING: [Synth 8-7129] Port SINIT in module xbip_pipe_v3_0_6_viv__parameterized3 is either unconnected or has no load
WARNING: [Synth 8-7129] Port CLK in module xbip_pipe_v3_0_6_viv__parameterized25 is either unconnected or has no load
WARNING: [Synth 8-7129] Port CE in module xbip_pipe_v3_0_6_viv__parameterized25 is either unconnected or has no load
WARNING: [Synth 8-7129] Port SCLR in module xbip_pipe_v3_0_6_viv__parameterized25 is either unconnected or has no load
WARNING: [Synth 8-7129] Port SSET in module xbip_pipe_v3_0_6_viv__parameterized25 is either unconnected or has no load
WARNING: [Synth 8-7129] Port SINIT in module xbip_pipe_v3_0_6_viv__parameterized25 is either unconnected or has no load
WARNING: [Synth 8-7129] Port CLK in module xbip_pipe_v3_0_6_viv__parameterized9 is either unconnected or has no load
WARNING: [Synth 8-7129] Port CE in module xbip_pipe_v3_0_6_viv__parameterized9 is either unconnected or has no load
WARNING: [Synth 8-7129] Port SCLR in module xbip_pipe_v3_0_6_viv__parameterized9 is either unconnected or has no load
WARNING: [Synth 8-7129] Port SSET in module xbip_pipe_v3_0_6_viv__parameterized9 is either unconnected or has no load
WARNING: [Synth 8-7129] Port SINIT in module xbip_pipe_v3_0_6_viv__parameterized9 is either unconnected or has no load
WARNING: [Synth 8-7129] Port CLK in module xbip_pipe_v3_0_6_viv__parameterized133 is either unconnected or has no load
WARNING: [Synth 8-7129] Port CE in module xbip_pipe_v3_0_6_viv__parameterized133 is either unconnected or has no load
WARNING: [Synth 8-7129] Port SCLR in module xbip_pipe_v3_0_6_viv__parameterized133 is either unconnected or has no load
WARNING: [Synth 8-7129] Port SSET in module xbip_pipe_v3_0_6_viv__parameterized133 is either unconnected or has no load
WARNING: [Synth 8-7129] Port SINIT in module xbip_pipe_v3_0_6_viv__parameterized133 is either unconnected or has no load
WARNING: [Synth 8-7129] Port CLK in module xbip_pipe_v3_0_6_viv__parameterized95 is either unconnected or has no load
WARNING: [Synth 8-7129] Port CE in module xbip_pipe_v3_0_6_viv__parameterized95 is either unconnected or has no load
WARNING: [Synth 8-7129] Port SCLR in module xbip_pipe_v3_0_6_viv__parameterized95 is either unconnected or has no load
WARNING: [Synth 8-7129] Port SSET in module xbip_pipe_v3_0_6_viv__parameterized95 is either unconnected or has no load
WARNING: [Synth 8-7129] Port SINIT in module xbip_pipe_v3_0_6_viv__parameterized95 is either unconnected or has no load
WARNING: [Synth 8-7129] Port CARRYS_OUT[0] in module compare_eq_im__parameterized6 is either unconnected or has no load
WARNING: [Synth 8-7129] Port CLK in module xbip_pipe_v3_0_6_viv__parameterized11 is either unconnected or has no load
WARNING: [Synth 8-7129] Port CE in module xbip_pipe_v3_0_6_viv__parameterized11 is either unconnected or has no load
WARNING: [Synth 8-7129] Port SCLR in module xbip_pipe_v3_0_6_viv__parameterized11 is either unconnected or has no load
WARNING: [Synth 8-7129] Port SSET in module xbip_pipe_v3_0_6_viv__parameterized11 is either unconnected or has no load
WARNING: [Synth 8-7129] Port SINIT in module xbip_pipe_v3_0_6_viv__parameterized11 is either unconnected or has no load
WARNING: [Synth 8-7129] Port CARRYS_OUT[0] in module compare_ne_im__parameterized0 is either unconnected or has no load
WARNING: [Synth 8-7129] Port CARRYS_OUT[0] in module compare_eq_im__parameterized5 is either unconnected or has no load
WARNING: [Synth 8-7129] Port CLK in module xbip_pipe_v3_0_6_viv__parameterized131 is either unconnected or has no load
WARNING: [Synth 8-7129] Port CE in module xbip_pipe_v3_0_6_viv__parameterized131 is either unconnected or has no load
WARNING: [Synth 8-7129] Port SCLR in module xbip_pipe_v3_0_6_viv__parameterized131 is either unconnected or has no load
WARNING: [Synth 8-7129] Port SSET in module xbip_pipe_v3_0_6_viv__parameterized131 is either unconnected or has no load
WARNING: [Synth 8-7129] Port SINIT in module xbip_pipe_v3_0_6_viv__parameterized131 is either unconnected or has no load
WARNING: [Synth 8-7129] Port m_axis_result_tuser[0] in module floating_point_v7_1_15_viv__parameterized7 is either unconnected or has no load
WARNING: [Synth 8-7129] Port m_axis_result_tlast in module floating_point_v7_1_15_viv__parameterized7 is either unconnected or has no load
WARNING: [Synth 8-7129] Port aclken in module floating_point_v7_1_15_viv__parameterized7 is either unconnected or has no load
WARNING: [Synth 8-7129] Port aresetn in module floating_point_v7_1_15_viv__parameterized7 is either unconnected or has no load
WARNING: [Synth 8-7129] Port s_axis_a_tuser[0] in module floating_point_v7_1_15_viv__parameterized7 is either unconnected or has no load
WARNING: [Synth 8-7129] Port s_axis_a_tlast in module floating_point_v7_1_15_viv__parameterized7 is either unconnected or has no load
WARNING: [Synth 8-7129] Port s_axis_b_tuser[0] in module floating_point_v7_1_15_viv__parameterized7 is either unconnected or has no load
WARNING: [Synth 8-7129] Port s_axis_b_tlast in module floating_point_v7_1_15_viv__parameterized7 is either unconnected or has no load
WARNING: [Synth 8-7129] Port s_axis_c_tvalid in module floating_point_v7_1_15_viv__parameterized7 is either unconnected or has no load
WARNING: [Synth 8-7129] Port s_axis_c_tdata[31] in module floating_point_v7_1_15_viv__parameterized7 is either unconnected or has no load
WARNING: [Synth 8-7129] Port s_axis_c_tdata[30] in module floating_point_v7_1_15_viv__parameterized7 is either unconnected or has no load
WARNING: [Synth 8-7129] Port s_axis_c_tdata[29] in module floating_point_v7_1_15_viv__parameterized7 is either unconnected or has no load
WARNING: [Synth 8-7129] Port s_axis_c_tdata[28] in module floating_point_v7_1_15_viv__parameterized7 is either unconnected or has no load
WARNING: [Synth 8-7129] Port s_axis_c_tdata[27] in module floating_point_v7_1_15_viv__parameterized7 is either unconnected or has no load
WARNING: [Synth 8-7129] Port s_axis_c_tdata[26] in module floating_point_v7_1_15_viv__parameterized7 is either unconnected or has no load
WARNING: [Synth 8-7129] Port s_axis_c_tdata[25] in module floating_point_v7_1_15_viv__parameterized7 is either unconnected or has no load
WARNING: [Synth 8-7129] Port s_axis_c_tdata[24] in module floating_point_v7_1_15_viv__parameterized7 is either unconnected or has no load
WARNING: [Synth 8-7129] Port s_axis_c_tdata[23] in module floating_point_v7_1_15_viv__parameterized7 is either unconnected or has no load
WARNING: [Synth 8-7129] Port s_axis_c_tdata[22] in module floating_point_v7_1_15_viv__parameterized7 is either unconnected or has no load
WARNING: [Synth 8-7129] Port s_axis_c_tdata[21] in module floating_point_v7_1_15_viv__parameterized7 is either unconnected or has no load
WARNING: [Synth 8-7129] Port s_axis_c_tdata[20] in module floating_point_v7_1_15_viv__parameterized7 is either unconnected or has no load
WARNING: [Synth 8-7129] Port s_axis_c_tdata[19] in module floating_point_v7_1_15_viv__parameterized7 is either unconnected or has no load
WARNING: [Synth 8-7129] Port s_axis_c_tdata[18] in module floating_point_v7_1_15_viv__parameterized7 is either unconnected or has no load
WARNING: [Synth 8-7129] Port s_axis_c_tdata[17] in module floating_point_v7_1_15_viv__parameterized7 is either unconnected or has no load
WARNING: [Synth 8-7129] Port s_axis_c_tdata[16] in module floating_point_v7_1_15_viv__parameterized7 is either unconnected or has no load
WARNING: [Synth 8-7129] Port s_axis_c_tdata[15] in module floating_point_v7_1_15_viv__parameterized7 is either unconnected or has no load
WARNING: [Synth 8-7129] Port s_axis_c_tdata[14] in module floating_point_v7_1_15_viv__parameterized7 is either unconnected or has no load
WARNING: [Synth 8-7129] Port s_axis_c_tdata[13] in module floating_point_v7_1_15_viv__parameterized7 is either unconnected or has no load
WARNING: [Synth 8-7129] Port s_axis_c_tdata[12] in module floating_point_v7_1_15_viv__parameterized7 is either unconnected or has no load
WARNING: [Synth 8-7129] Port s_axis_c_tdata[11] in module floating_point_v7_1_15_viv__parameterized7 is either unconnected or has no load
WARNING: [Synth 8-7129] Port s_axis_c_tdata[10] in module floating_point_v7_1_15_viv__parameterized7 is either unconnected or has no load
WARNING: [Synth 8-7129] Port s_axis_c_tdata[9] in module floating_point_v7_1_15_viv__parameterized7 is either unconnected or has no load
WARNING: [Synth 8-7129] Port s_axis_c_tdata[8] in module floating_point_v7_1_15_viv__parameterized7 is either unconnected or has no load
WARNING: [Synth 8-7129] Port s_axis_c_tdata[7] in module floating_point_v7_1_15_viv__parameterized7 is either unconnected or has no load
WARNING: [Synth 8-7129] Port s_axis_c_tdata[6] in module floating_point_v7_1_15_viv__parameterized7 is either unconnected or has no load
WARNING: [Synth 8-7129] Port s_axis_c_tdata[5] in module floating_point_v7_1_15_viv__parameterized7 is either unconnected or has no load
WARNING: [Synth 8-7129] Port s_axis_c_tdata[4] in module floating_point_v7_1_15_viv__parameterized7 is either unconnected or has no load
WARNING: [Synth 8-7129] Port s_axis_c_tdata[3] in module floating_point_v7_1_15_viv__parameterized7 is either unconnected or has no load
WARNING: [Synth 8-7129] Port s_axis_c_tdata[2] in module floating_point_v7_1_15_viv__parameterized7 is either unconnected or has no load
WARNING: [Synth 8-7129] Port s_axis_c_tdata[1] in module floating_point_v7_1_15_viv__parameterized7 is either unconnected or has no load
WARNING: [Synth 8-7129] Port s_axis_c_tdata[0] in module floating_point_v7_1_15_viv__parameterized7 is either unconnected or has no load
WARNING: [Synth 8-7129] Port s_axis_c_tuser[0] in module floating_point_v7_1_15_viv__parameterized7 is either unconnected or has no load
WARNING: [Synth 8-7129] Port s_axis_c_tlast in module floating_point_v7_1_15_viv__parameterized7 is either unconnected or has no load
WARNING: [Synth 8-7129] Port s_axis_operation_tdata[7] in module floating_point_v7_1_15_viv__parameterized7 is either unconnected or has no load
WARNING: [Synth 8-7129] Port s_axis_operation_tdata[6] in module floating_point_v7_1_15_viv__parameterized7 is either unconnected or has no load
WARNING: [Synth 8-7129] Port s_axis_operation_tdata[2] in module floating_point_v7_1_15_viv__parameterized7 is either unconnected or has no load
WARNING: [Synth 8-7129] Port s_axis_operation_tdata[1] in module floating_point_v7_1_15_viv__parameterized7 is either unconnected or has no load
WARNING: [Synth 8-7129] Port s_axis_operation_tdata[0] in module floating_point_v7_1_15_viv__parameterized7 is either unconnected or has no load
WARNING: [Synth 8-7129] Port s_axis_operation_tuser[0] in module floating_point_v7_1_15_viv__parameterized7 is either unconnected or has no load
WARNING: [Synth 8-7129] Port s_axis_operation_tlast in module floating_point_v7_1_15_viv__parameterized7 is either unconnected or has no load
WARNING: [Synth 8-7129] Port m_axis_result_tready in module floating_point_v7_1_15_viv__parameterized7 is either unconnected or has no load
WARNING: [Synth 8-7129] Port reset in module cnn_predict_fcmp_32ns_32ns_1_2_no_dsp_1 is either unconnected or has no load
WARNING: [Synth 8-7129] Port CLK in module xbip_pipe_v3_0_6_viv__parameterized55 is either unconnected or has no load
WARNING: [Synth 8-7129] Port CE in module xbip_pipe_v3_0_6_viv__parameterized55 is either unconnected or has no load
WARNING: [Synth 8-7129] Port SCLR in module xbip_pipe_v3_0_6_viv__parameterized55 is either unconnected or has no load
WARNING: [Synth 8-7129] Port SSET in module xbip_pipe_v3_0_6_viv__parameterized55 is either unconnected or has no load
WARNING: [Synth 8-7129] Port SINIT in module xbip_pipe_v3_0_6_viv__parameterized55 is either unconnected or has no load
WARNING: [Synth 8-7129] Port DEC_OP_STATE[11] in module flt_dec_op_lat is either unconnected or has no load
WARNING: [Synth 8-7129] Port DEC_OP_STATE[10] in module flt_dec_op_lat is either unconnected or has no load
WARNING: [Synth 8-7129] Port DEC_OP_STATE[9] in module flt_dec_op_lat is either unconnected or has no load
WARNING: [Synth 8-7129] Port DEC_OP_STATE[8] in module flt_dec_op_lat is either unconnected or has no load
WARNING: [Synth 8-7129] Port DIVIDE_BY_ZERO_IN in module flt_dec_op_lat is either unconnected or has no load
INFO: [Common 17-14] Message 'Synth 8-7129' appears 100 times and further instances of the messages will be disabled. Use the Tcl command set_msg_config to change the current settings.
---------------------------------------------------------------------------------
Finished RTL Elaboration : Time (s): cpu = 00:00:13 ; elapsed = 00:00:15 . Memory (MB): peak = 3459.168 ; gain = 510.699 ; free physical = 3215 ; free virtual = 24415
Synthesis current peak Physical Memory [PSS] (MB): peak = 2599.224; parent = 2464.696; children = 134.540
Synthesis current peak Virtual Memory [VSS] (MB): peak = 4425.543; parent = 3459.172; children = 966.371
---------------------------------------------------------------------------------
---------------------------------------------------------------------------------
Start Handling Custom Attributes
---------------------------------------------------------------------------------
---------------------------------------------------------------------------------
Finished Handling Custom Attributes : Time (s): cpu = 00:00:13 ; elapsed = 00:00:15 . Memory (MB): peak = 3471.043 ; gain = 522.574 ; free physical = 3245 ; free virtual = 24445
Synthesis current peak Physical Memory [PSS] (MB): peak = 2599.224; parent = 2464.696; children = 134.540
Synthesis current peak Virtual Memory [VSS] (MB): peak = 4437.418; parent = 3471.047; children = 966.371
---------------------------------------------------------------------------------
---------------------------------------------------------------------------------
Finished RTL Optimization Phase 1 : Time (s): cpu = 00:00:13 ; elapsed = 00:00:15 . Memory (MB): peak = 3471.043 ; gain = 522.574 ; free physical = 3233 ; free virtual = 24433
Synthesis current peak Physical Memory [PSS] (MB): peak = 2599.224; parent = 2464.696; children = 134.540
Synthesis current peak Virtual Memory [VSS] (MB): peak = 4437.418; parent = 3471.047; children = 966.371
---------------------------------------------------------------------------------
Netlist sorting complete. Time (s): cpu = 00:00:00.59 ; elapsed = 00:00:00.6 . Memory (MB): peak = 3484.980 ; gain = 0.000 ; free physical = 3005 ; free virtual = 24221
INFO: [Netlist 29-17] Analyzing 2960 Unisim elements for replacement
INFO: [Netlist 29-28] Unisim Transformation completed in 0 CPU seconds
INFO: [Project 1-570] Preparing netlist for logic optimization

Processing XDC Constraints
Initializing timing engine
Parsing XDC File [/home/dani/Desktop/SDU_Master/EmbeddedSystems/final_assignment/vivado_final/cnn_project/cnn_project.gen/sources_1/bd/design_1/ip/design_1_cnn_predict_0_1/constraints/cnn_predict_ooc.xdc] for cell 'inst'
Finished Parsing XDC File [/home/dani/Desktop/SDU_Master/EmbeddedSystems/final_assignment/vivado_final/cnn_project/cnn_project.gen/sources_1/bd/design_1/ip/design_1_cnn_predict_0_1/constraints/cnn_predict_ooc.xdc] for cell 'inst'
Parsing XDC File [/home/dani/Desktop/SDU_Master/EmbeddedSystems/final_assignment/vivado_final/cnn_project/cnn_project.runs/design_1_cnn_predict_0_1_synth_1/dont_touch.xdc]
Finished Parsing XDC File [/home/dani/Desktop/SDU_Master/EmbeddedSystems/final_assignment/vivado_final/cnn_project/cnn_project.runs/design_1_cnn_predict_0_1_synth_1/dont_touch.xdc]
Completed Processing XDC Constraints

Netlist sorting complete. Time (s): cpu = 00:00:00.01 ; elapsed = 00:00:00.01 . Memory (MB): peak = 3677.824 ; gain = 0.000 ; free physical = 780 ; free virtual = 22055
INFO: [Project 1-111] Unisim Transformation Summary:
  A total of 105 instances were transformed.
  DSP48E1 => DSP48E2 (DSP_ALU, DSP_A_B_DATA, DSP_C_DATA, DSP_MULTIPLIER, DSP_M_DATA, DSP_OUTPUT, DSP_PREADD, DSP_PREADD_DATA): 67 instances
  FDE => FDRE: 38 instances

Constraint Validation Runtime : Time (s): cpu = 00:00:01 ; elapsed = 00:00:00.49 . Memory (MB): peak = 3680.793 ; gain = 2.969 ; free physical = 854 ; free virtual = 22129
INFO: [Designutils 20-5008] Incremental synthesis strategy off
INFO: [Synth 8-11241] undeclared symbol 'REGCCE', assumed default net type 'wire' [/home/dani/Xilinx/Vivado/2022.2/data/verilog/src/unimacro/BRAM_SINGLE_MACRO.v:2170]
---------------------------------------------------------------------------------
Finished Constraint Validation : Time (s): cpu = 00:00:30 ; elapsed = 00:00:30 . Memory (MB): peak = 3680.793 ; gain = 732.324 ; free physical = 1842 ; free virtual = 23110
Synthesis current peak Physical Memory [PSS] (MB): peak = 2610.820; parent = 2476.308; children = 138.429
Synthesis current peak Virtual Memory [VSS] (MB): peak = 4615.152; parent = 3648.781; children = 966.371
---------------------------------------------------------------------------------
---------------------------------------------------------------------------------
Start Loading Part and Timing Information
---------------------------------------------------------------------------------
Loading part: xczu3eg-sbva484-1-i
INFO: [Synth 8-6742] Reading net delay rules and data
---------------------------------------------------------------------------------
Finished Loading Part and Timing Information : Time (s): cpu = 00:00:30 ; elapsed = 00:00:30 . Memory (MB): peak = 3680.793 ; gain = 732.324 ; free physical = 1832 ; free virtual = 23099
Synthesis current peak Physical Memory [PSS] (MB): peak = 2610.820; parent = 2476.308; children = 138.429
Synthesis current peak Virtual Memory [VSS] (MB): peak = 4615.152; parent = 3648.781; children = 966.371
---------------------------------------------------------------------------------
---------------------------------------------------------------------------------
Start Applying 'set_property' XDC Constraints
---------------------------------------------------------------------------------
Applied set_property KEEP_HIERARCHY = SOFT for inst. (constraint file  /home/dani/Desktop/SDU_Master/EmbeddedSystems/final_assignment/vivado_final/cnn_project/cnn_project.runs/design_1_cnn_predict_0_1_synth_1/dont_touch.xdc, line 9).
---------------------------------------------------------------------------------
Finished applying 'set_property' XDC Constraints : Time (s): cpu = 00:00:30 ; elapsed = 00:00:30 . Memory (MB): peak = 3680.793 ; gain = 732.324 ; free physical = 1816 ; free virtual = 23084
Synthesis current peak Physical Memory [PSS] (MB): peak = 2610.820; parent = 2476.308; children = 138.429
Synthesis current peak Virtual Memory [VSS] (MB): peak = 4615.152; parent = 3648.781; children = 966.371
---------------------------------------------------------------------------------
INFO: [Synth 8-4490] FSM extraction disabled for register 'ap_CS_fsm_reg' through user attribute
INFO: [Synth 8-4490] FSM extraction disabled for register 'ap_CS_fsm_reg' through user attribute
INFO: [Synth 8-4490] FSM extraction disabled for register 'ap_CS_fsm_reg' through user attribute
WARNING: [Synth 8-3936] Found unconnected internal register 'zext_ln121_reg_2509_reg' and it is trimmed from '4' to '3' bits. [/home/dani/Desktop/SDU_Master/EmbeddedSystems/final_assignment/vivado_final/cnn_project/cnn_project.gen/sources_1/bd/design_1/ipshared/0ceb/hdl/verilog/cnn_predict_cnn_predict_Pipeline_VITIS_LOOP_121_11_VITIS_LOOP_122_12_VITIS_LOOP_123_13.v:3765]
INFO: [Synth 8-4490] FSM extraction disabled for register 'ap_CS_fsm_reg' through user attribute
INFO: [Synth 8-4490] FSM extraction disabled for register 'ap_CS_fsm_reg' through user attribute
INFO: [Synth 8-4490] FSM extraction disabled for register 'ap_CS_fsm_reg' through user attribute
INFO: [Synth 8-4490] FSM extraction disabled for register 'ap_CS_fsm_reg' through user attribute
INFO: [Synth 8-4490] FSM extraction disabled for register 'ap_CS_fsm_reg' through user attribute
INFO: [Synth 8-4490] FSM extraction disabled for register 'ap_CS_fsm_reg' through user attribute
INFO: [Synth 8-802] inferred FSM for state register 'wstate_reg' in module 'cnn_predict_control_s_axi'
INFO: [Synth 8-802] inferred FSM for state register 'rstate_reg' in module 'cnn_predict_control_s_axi'
INFO: [Synth 8-802] inferred FSM for state register 'state_reg' in module 'cnn_predict_gmem_m_axi_reg_slice'
INFO: [Synth 8-802] inferred FSM for state register 'state_reg' in module 'cnn_predict_gmem_m_axi_reg_slice__parameterized0'
INFO: [Synth 8-802] inferred FSM for state register 'state_reg' in module 'cnn_predict_gmem_m_axi_reg_slice__parameterized1'
INFO: [Synth 8-802] inferred FSM for state register 'state_reg' in module 'cnn_predict_gmem_m_axi_reg_slice__parameterized2'
INFO: [Synth 8-4490] FSM extraction disabled for register 'ap_CS_fsm_reg' through user attribute
INFO: [Synth 8-5555] Implemented Block Ram Cascade chain of height 2 and width 18 for RAM "cnn_predict_img_read_RAM_2P_BRAM_1R1W:/ram_reg"
INFO: [Synth 8-7030] Implemented Non-Cascaded Block Ram (cascade_height = 1) of width 9 for RAM "cnn_predict_img_read_RAM_2P_BRAM_1R1W:/ram_reg"
INFO: [Synth 8-7030] Implemented Non-Cascaded Block Ram (cascade_height = 1) of width 5 for RAM "cnn_predict_img_read_RAM_2P_BRAM_1R1W:/ram_reg"
INFO: [Synth 8-5555] Implemented Block Ram Cascade chain of height 8 and width 18 for RAM "cnn_predict_layer1_conv_RAM_1WNR_AUTO_1R1W:/ram0_reg"
INFO: [Synth 8-5555] Implemented Block Ram Cascade chain of height 4 and width 9 for RAM "cnn_predict_layer1_conv_RAM_1WNR_AUTO_1R1W:/ram0_reg"
INFO: [Synth 8-5555] Implemented Block Ram Cascade chain of height 2 and width 4 for RAM "cnn_predict_layer1_conv_RAM_1WNR_AUTO_1R1W:/ram0_reg"
INFO: [Synth 8-7030] Implemented Non-Cascaded Block Ram (cascade_height = 1) of width 1 for RAM "cnn_predict_layer1_conv_RAM_1WNR_AUTO_1R1W:/ram0_reg"
INFO: [Synth 8-5555] Implemented Block Ram Cascade chain of height 8 and width 18 for RAM "cnn_predict_layer1_conv_RAM_1WNR_AUTO_1R1W:/ram1_reg"
INFO: [Synth 8-5555] Implemented Block Ram Cascade chain of height 4 and width 9 for RAM "cnn_predict_layer1_conv_RAM_1WNR_AUTO_1R1W:/ram1_reg"
INFO: [Synth 8-5555] Implemented Block Ram Cascade chain of height 2 and width 4 for RAM "cnn_predict_layer1_conv_RAM_1WNR_AUTO_1R1W:/ram1_reg"
INFO: [Synth 8-7030] Implemented Non-Cascaded Block Ram (cascade_height = 1) of width 1 for RAM "cnn_predict_layer1_conv_RAM_1WNR_AUTO_1R1W:/ram1_reg"
INFO: [Synth 8-5555] Implemented Block Ram Cascade chain of height 8 and width 18 for RAM "cnn_predict_layer1_conv_RAM_1WNR_AUTO_1R1W:/ram2_reg"
INFO: [Synth 8-5555] Implemented Block Ram Cascade chain of height 4 and width 9 for RAM "cnn_predict_layer1_conv_RAM_1WNR_AUTO_1R1W:/ram2_reg"
INFO: [Synth 8-5555] Implemented Block Ram Cascade chain of height 2 and width 4 for RAM "cnn_predict_layer1_conv_RAM_1WNR_AUTO_1R1W:/ram2_reg"
INFO: [Synth 8-7030] Implemented Non-Cascaded Block Ram (cascade_height = 1) of width 1 for RAM "cnn_predict_layer1_conv_RAM_1WNR_AUTO_1R1W:/ram2_reg"
INFO: [Synth 8-5555] Implemented Block Ram Cascade chain of height 2 and width 18 for RAM "cnn_predict_layer1_pool_RAM_1WNR_AUTO_1R1W:/ram0_reg"
INFO: [Synth 8-7030] Implemented Non-Cascaded Block Ram (cascade_height = 1) of width 9 for RAM "cnn_predict_layer1_pool_RAM_1WNR_AUTO_1R1W:/ram0_reg"
INFO: [Synth 8-7030] Implemented Non-Cascaded Block Ram (cascade_height = 1) of width 5 for RAM "cnn_predict_layer1_pool_RAM_1WNR_AUTO_1R1W:/ram0_reg"
INFO: [Synth 8-5555] Implemented Block Ram Cascade chain of height 2 and width 18 for RAM "cnn_predict_layer1_pool_RAM_1WNR_AUTO_1R1W:/ram1_reg"
INFO: [Synth 8-7030] Implemented Non-Cascaded Block Ram (cascade_height = 1) of width 9 for RAM "cnn_predict_layer1_pool_RAM_1WNR_AUTO_1R1W:/ram1_reg"
INFO: [Synth 8-7030] Implemented Non-Cascaded Block Ram (cascade_height = 1) of width 5 for RAM "cnn_predict_layer1_pool_RAM_1WNR_AUTO_1R1W:/ram1_reg"
INFO: [Synth 8-5555] Implemented Block Ram Cascade chain of height 2 and width 18 for RAM "cnn_predict_layer1_pool_RAM_1WNR_AUTO_1R1W:/ram2_reg"
INFO: [Synth 8-7030] Implemented Non-Cascaded Block Ram (cascade_height = 1) of width 9 for RAM "cnn_predict_layer1_pool_RAM_1WNR_AUTO_1R1W:/ram2_reg"
INFO: [Synth 8-7030] Implemented Non-Cascaded Block Ram (cascade_height = 1) of width 5 for RAM "cnn_predict_layer1_pool_RAM_1WNR_AUTO_1R1W:/ram2_reg"
INFO: [Synth 8-5555] Implemented Block Ram Cascade chain of height 2 and width 18 for RAM "cnn_predict_layer1_pool_RAM_1WNR_AUTO_1R1W:/ram3_reg"
INFO: [Synth 8-7030] Implemented Non-Cascaded Block Ram (cascade_height = 1) of width 9 for RAM "cnn_predict_layer1_pool_RAM_1WNR_AUTO_1R1W:/ram3_reg"
INFO: [Synth 8-7030] Implemented Non-Cascaded Block Ram (cascade_height = 1) of width 5 for RAM "cnn_predict_layer1_pool_RAM_1WNR_AUTO_1R1W:/ram3_reg"
INFO: [Synth 8-5555] Implemented Block Ram Cascade chain of height 2 and width 18 for RAM "cnn_predict_layer1_pool_RAM_1WNR_AUTO_1R1W:/ram4_reg"
INFO: [Synth 8-7030] Implemented Non-Cascaded Block Ram (cascade_height = 1) of width 9 for RAM "cnn_predict_layer1_pool_RAM_1WNR_AUTO_1R1W:/ram4_reg"
INFO: [Synth 8-7030] Implemented Non-Cascaded Block Ram (cascade_height = 1) of width 5 for RAM "cnn_predict_layer1_pool_RAM_1WNR_AUTO_1R1W:/ram4_reg"
INFO: [Synth 8-5555] Implemented Block Ram Cascade chain of height 2 and width 18 for RAM "cnn_predict_layer1_pool_RAM_1WNR_AUTO_1R1W:/ram5_reg"
INFO: [Synth 8-7030] Implemented Non-Cascaded Block Ram (cascade_height = 1) of width 9 for RAM "cnn_predict_layer1_pool_RAM_1WNR_AUTO_1R1W:/ram5_reg"
INFO: [Synth 8-7030] Implemented Non-Cascaded Block Ram (cascade_height = 1) of width 5 for RAM "cnn_predict_layer1_pool_RAM_1WNR_AUTO_1R1W:/ram5_reg"
INFO: [Synth 8-5555] Implemented Block Ram Cascade chain of height 2 and width 18 for RAM "cnn_predict_layer1_pool_RAM_1WNR_AUTO_1R1W:/ram6_reg"
INFO: [Synth 8-7030] Implemented Non-Cascaded Block Ram (cascade_height = 1) of width 9 for RAM "cnn_predict_layer1_pool_RAM_1WNR_AUTO_1R1W:/ram6_reg"
INFO: [Synth 8-7030] Implemented Non-Cascaded Block Ram (cascade_height = 1) of width 5 for RAM "cnn_predict_layer1_pool_RAM_1WNR_AUTO_1R1W:/ram6_reg"
INFO: [Synth 8-5555] Implemented Block Ram Cascade chain of height 2 and width 18 for RAM "cnn_predict_layer1_pool_RAM_1WNR_AUTO_1R1W:/ram7_reg"
INFO: [Synth 8-7030] Implemented Non-Cascaded Block Ram (cascade_height = 1) of width 9 for RAM "cnn_predict_layer1_pool_RAM_1WNR_AUTO_1R1W:/ram7_reg"
INFO: [Synth 8-7030] Implemented Non-Cascaded Block Ram (cascade_height = 1) of width 5 for RAM "cnn_predict_layer1_pool_RAM_1WNR_AUTO_1R1W:/ram7_reg"
INFO: [Synth 8-5555] Implemented Block Ram Cascade chain of height 2 and width 18 for RAM "cnn_predict_layer1_pool_RAM_1WNR_AUTO_1R1W:/ram8_reg"
INFO: [Synth 8-7030] Implemented Non-Cascaded Block Ram (cascade_height = 1) of width 9 for RAM "cnn_predict_layer1_pool_RAM_1WNR_AUTO_1R1W:/ram8_reg"
INFO: [Synth 8-7030] Implemented Non-Cascaded Block Ram (cascade_height = 1) of width 5 for RAM "cnn_predict_layer1_pool_RAM_1WNR_AUTO_1R1W:/ram8_reg"
INFO: [Synth 8-5555] Implemented Block Ram Cascade chain of height 2 and width 18 for RAM "cnn_predict_layer1_pool_RAM_1WNR_AUTO_1R1W:/ram9_reg"
INFO: [Synth 8-7030] Implemented Non-Cascaded Block Ram (cascade_height = 1) of width 9 for RAM "cnn_predict_layer1_pool_RAM_1WNR_AUTO_1R1W:/ram9_reg"
INFO: [Synth 8-7030] Implemented Non-Cascaded Block Ram (cascade_height = 1) of width 5 for RAM "cnn_predict_layer1_pool_RAM_1WNR_AUTO_1R1W:/ram9_reg"
INFO: [Synth 8-5555] Implemented Block Ram Cascade chain of height 2 and width 18 for RAM "cnn_predict_layer1_pool_RAM_1WNR_AUTO_1R1W:/ram10_reg"
INFO: [Synth 8-7030] Implemented Non-Cascaded Block Ram (cascade_height = 1) of width 9 for RAM "cnn_predict_layer1_pool_RAM_1WNR_AUTO_1R1W:/ram10_reg"
INFO: [Synth 8-7030] Implemented Non-Cascaded Block Ram (cascade_height = 1) of width 5 for RAM "cnn_predict_layer1_pool_RAM_1WNR_AUTO_1R1W:/ram10_reg"
INFO: [Synth 8-5555] Implemented Block Ram Cascade chain of height 4 and width 18 for RAM "cnn_predict_layer2_conv_RAM_1WNR_AUTO_1R1W:/ram0_reg"
INFO: [Synth 8-5555] Implemented Block Ram Cascade chain of height 2 and width 9 for RAM "cnn_predict_layer2_conv_RAM_1WNR_AUTO_1R1W:/ram0_reg"
INFO: [Synth 8-7030] Implemented Non-Cascaded Block Ram (cascade_height = 1) of width 4 for RAM "cnn_predict_layer2_conv_RAM_1WNR_AUTO_1R1W:/ram0_reg"
INFO: [Synth 8-7030] Implemented Non-Cascaded Block Ram (cascade_height = 1) of width 1 for RAM "cnn_predict_layer2_conv_RAM_1WNR_AUTO_1R1W:/ram0_reg"
INFO: [Synth 8-5555] Implemented Block Ram Cascade chain of height 4 and width 18 for RAM "cnn_predict_layer2_conv_RAM_1WNR_AUTO_1R1W:/ram1_reg"
INFO: [Synth 8-5555] Implemented Block Ram Cascade chain of height 2 and width 9 for RAM "cnn_predict_layer2_conv_RAM_1WNR_AUTO_1R1W:/ram1_reg"
INFO: [Synth 8-7030] Implemented Non-Cascaded Block Ram (cascade_height = 1) of width 4 for RAM "cnn_predict_layer2_conv_RAM_1WNR_AUTO_1R1W:/ram1_reg"
INFO: [Synth 8-7030] Implemented Non-Cascaded Block Ram (cascade_height = 1) of width 1 for RAM "cnn_predict_layer2_conv_RAM_1WNR_AUTO_1R1W:/ram1_reg"
INFO: [Synth 8-5555] Implemented Block Ram Cascade chain of height 4 and width 18 for RAM "cnn_predict_layer2_conv_RAM_1WNR_AUTO_1R1W:/ram2_reg"
INFO: [Synth 8-5555] Implemented Block Ram Cascade chain of height 2 and width 9 for RAM "cnn_predict_layer2_conv_RAM_1WNR_AUTO_1R1W:/ram2_reg"
INFO: [Synth 8-7030] Implemented Non-Cascaded Block Ram (cascade_height = 1) of width 4 for RAM "cnn_predict_layer2_conv_RAM_1WNR_AUTO_1R1W:/ram2_reg"
INFO: [Synth 8-7030] Implemented Non-Cascaded Block Ram (cascade_height = 1) of width 1 for RAM "cnn_predict_layer2_conv_RAM_1WNR_AUTO_1R1W:/ram2_reg"
INFO: [Synth 8-7030] Implemented Non-Cascaded Block Ram (cascade_height = 1) of width 18 for RAM "cnn_predict_layer2_pool_RAM_AUTO_1R1W:/ram_reg"
INFO: [Synth 8-7030] Implemented Non-Cascaded Block Ram (cascade_height = 1) of width 14 for RAM "cnn_predict_layer2_pool_RAM_AUTO_1R1W:/ram_reg"
INFO: [Synth 8-6904] The RAM "cnn_predict_dense_RAM_AUTO_1R1W:/ram_reg" of size (depth=16 x width=32) is automatically implemented using LUTRAM. BRAM implementation would be inefficient 
---------------------------------------------------------------------------------------------------
                   State |                     New Encoding |                Previous Encoding 
---------------------------------------------------------------------------------------------------
                  iSTATE |                             0001 |                               11
*
                  WRIDLE |                             0010 |                               00
                  WRDATA |                             0100 |                               01
                  WRRESP |                             1000 |                               10
---------------------------------------------------------------------------------------------------
INFO: [Synth 8-3354] encoded FSM with state register 'wstate_reg' using encoding 'one-hot' in module 'cnn_predict_control_s_axi'
---------------------------------------------------------------------------------------------------
                   State |                     New Encoding |                Previous Encoding 
---------------------------------------------------------------------------------------------------
                  iSTATE |                              001 |                               10
*
                  RDIDLE |                              010 |                               00
                  RDDATA |                              100 |                               01
---------------------------------------------------------------------------------------------------
INFO: [Synth 8-3354] encoded FSM with state register 'rstate_reg' using encoding 'one-hot' in module 'cnn_predict_control_s_axi'
INFO: [Synth 8-7082] The signal mem_reg is implemented as Block RAM but is better mapped onto distributed LUT RAM for the following reason(s): The depth (4 address bits) is shallow. Please use attribute (* ram_style = "distributed" *) to instruct Vivado to infer distributed LUT RAM.
---------------------------------------------------------------------------------------------------
                   State |                     New Encoding |                Previous Encoding 
---------------------------------------------------------------------------------------------------
                    ZERO |                               00 |                               10
                     ONE |                               10 |                               11
                     TWO |                               01 |                               01
---------------------------------------------------------------------------------------------------
INFO: [Synth 8-3354] encoded FSM with state register 'state_reg' using encoding 'sequential' in module 'cnn_predict_gmem_m_axi_reg_slice'
---------------------------------------------------------------------------------------------------
                   State |                     New Encoding |                Previous Encoding 
---------------------------------------------------------------------------------------------------
                    ZERO |                               00 |                               10
                     ONE |                               10 |                               11
                     TWO |                               01 |                               01
---------------------------------------------------------------------------------------------------
INFO: [Synth 8-3354] encoded FSM with state register 'state_reg' using encoding 'sequential' in module 'cnn_predict_gmem_m_axi_reg_slice__parameterized0'
---------------------------------------------------------------------------------------------------
                   State |                     New Encoding |                Previous Encoding 
---------------------------------------------------------------------------------------------------
                    ZERO |                               00 |                               10
                     ONE |                               10 |                               11
                     TWO |                               01 |                               01
---------------------------------------------------------------------------------------------------
INFO: [Synth 8-3354] encoded FSM with state register 'state_reg' using encoding 'sequential' in module 'cnn_predict_gmem_m_axi_reg_slice__parameterized1'
---------------------------------------------------------------------------------------------------
                   State |                     New Encoding |                Previous Encoding 
---------------------------------------------------------------------------------------------------
                    ZERO |                               00 |                               10
                     ONE |                               10 |                               11
                     TWO |                               01 |                               01
---------------------------------------------------------------------------------------------------
INFO: [Synth 8-3354] encoded FSM with state register 'state_reg' using encoding 'sequential' in module 'cnn_predict_gmem_m_axi_reg_slice__parameterized2'
---------------------------------------------------------------------------------
Finished RTL Optimization Phase 2 : Time (s): cpu = 00:00:35 ; elapsed = 00:00:36 . Memory (MB): peak = 3680.793 ; gain = 732.324 ; free physical = 1943 ; free virtual = 23215
Synthesis current peak Physical Memory [PSS] (MB): peak = 2610.820; parent = 2476.308; children = 144.131
Synthesis current peak Virtual Memory [VSS] (MB): peak = 4615.152; parent = 3648.781; children = 966.371
---------------------------------------------------------------------------------
INFO: [Synth 8-223] decloning instance 'cnn_predict_fadd_32ns_32ns_32_5_full_dsp_1:/cnn_predict_fadd_32ns_32ns_32_5_full_dsp_1_ip_u/inst/i_synth/ADDSUB_OP.ADDSUB/DSP.OP/DSP48E1_BODY.ALIGN_ADD/SUB_DELAY' (delay__parameterized0) to 'cnn_predict_fadd_32ns_32ns_32_5_full_dsp_1:/cnn_predict_fadd_32ns_32ns_32_5_full_dsp_1_ip_u/inst/i_synth/ADDSUB_OP.ADDSUB/DSP.OP/DSP48E1_BODY.ALIGN_ADD/SUB_ADD_IP_DELAY'
INFO: [Synth 8-223] decloning instance 'cnn_predict_fadd_32ns_32ns_32_5_full_dsp_1:/cnn_predict_fadd_32ns_32ns_32_5_full_dsp_1_ip_u/inst/i_synth/DELAY_DIVIDE_BY_ZERO' (delay__parameterized0) to 'cnn_predict_fadd_32ns_32ns_32_5_full_dsp_1:/cnn_predict_fadd_32ns_32ns_32_5_full_dsp_1_ip_u/inst/i_synth/DELAY_ACCUM_OVERFLOW'
INFO: [Synth 8-223] decloning instance 'cnn_predict_fadd_32ns_32ns_32_5_full_dsp_1:/cnn_predict_fadd_32ns_32ns_32_5_full_dsp_1_ip_u/inst/i_synth/DELAY_DIVIDE_BY_ZERO' (delay__parameterized0) to 'cnn_predict_fadd_32ns_32ns_32_5_full_dsp_1:/cnn_predict_fadd_32ns_32ns_32_5_full_dsp_1_ip_u/inst/i_synth/DELAY_ACCUM_INPUT_OVERFLOW'
INFO: [Synth 8-223] decloning instance 'cnn_predict_fmul_32ns_32ns_32_4_max_dsp_1:/cnn_predict_fmul_32ns_32ns_32_4_max_dsp_1_ip_u/inst/i_synth/DELAY_DIVIDE_BY_ZERO' (delay__parameterized0) to 'cnn_predict_fmul_32ns_32ns_32_4_max_dsp_1:/cnn_predict_fmul_32ns_32ns_32_4_max_dsp_1_ip_u/inst/i_synth/DELAY_ACCUM_OVERFLOW'
INFO: [Synth 8-223] decloning instance 'cnn_predict_fmul_32ns_32ns_32_4_max_dsp_1:/cnn_predict_fmul_32ns_32ns_32_4_max_dsp_1_ip_u/inst/i_synth/DELAY_DIVIDE_BY_ZERO' (delay__parameterized0) to 'cnn_predict_fmul_32ns_32ns_32_4_max_dsp_1:/cnn_predict_fmul_32ns_32ns_32_4_max_dsp_1_ip_u/inst/i_synth/DELAY_ACCUM_INPUT_OVERFLOW'
INFO: [Synth 8-223] decloning instance 'inst/fdiv_32ns_32ns_32_10_no_dsp_1_U85/cnn_predict_fdiv_32ns_32ns_32_10_no_dsp_1_ip_u/inst/i_synth/DIV_OP.SPD.OP/ROUND/EXTRA_LSB_BIT_DEL' (delay__parameterized0) to 'inst/fdiv_32ns_32ns_32_10_no_dsp_1_U85/cnn_predict_fdiv_32ns_32ns_32_10_no_dsp_1_ip_u/inst/i_synth/DIV_OP.SPD.OP/ROUND/EXTRA_LSB_RND1_DEL'
INFO: [Synth 8-223] decloning instance 'inst/fdiv_32ns_32ns_32_10_no_dsp_1_U85/cnn_predict_fdiv_32ns_32ns_32_10_no_dsp_1_ip_u/inst/i_synth/DIV_OP.SPD.OP/ROUND/EXP_INC_DELAY' (delay__parameterized0) to 'inst/fdiv_32ns_32ns_32_10_no_dsp_1_U85/cnn_predict_fdiv_32ns_32ns_32_10_no_dsp_1_ip_u/inst/i_synth/DIV_OP.SPD.OP/ROUND/EXP_INC_RND1_DELAY'
INFO: [Synth 8-223] decloning instance 'inst/fdiv_32ns_32ns_32_10_no_dsp_1_U85/cnn_predict_fdiv_32ns_32ns_32_10_no_dsp_1_ip_u/inst/i_synth/DIV_OP.SPD.OP/ROUND/EXP_IN_DELAY.EXP_IN_DEL' (delay__parameterized27) to 'inst/fdiv_32ns_32ns_32_10_no_dsp_1_U85/cnn_predict_fdiv_32ns_32ns_32_10_no_dsp_1_ip_u/inst/i_synth/DIV_OP.SPD.OP/ROUND/EXP_RND2_DELAY.EXP_RND_DEL'
INFO: [Synth 8-223] decloning instance 'inst/fdiv_32ns_32ns_32_10_no_dsp_1_U85/cnn_predict_fdiv_32ns_32ns_32_10_no_dsp_1_ip_u/inst/i_synth/DIV_OP.SPD.OP/ROUND/EXP_IN_DELAY.EXP_OFF_OP_DEL' (delay__parameterized27) to 'inst/fdiv_32ns_32ns_32_10_no_dsp_1_U85/cnn_predict_fdiv_32ns_32ns_32_10_no_dsp_1_ip_u/inst/i_synth/DIV_OP.SPD.OP/ROUND/EXP_RND2_DELAY.EXP_OFF_RND_DEL'
INFO: [Synth 8-223] decloning instance 'inst/fdiv_32ns_32ns_32_10_no_dsp_1_U85/cnn_predict_fdiv_32ns_32ns_32_10_no_dsp_1_ip_u/inst/i_synth/DELAY_ACCUM_OVERFLOW' (delay__parameterized0) to 'inst/fdiv_32ns_32ns_32_10_no_dsp_1_U85/cnn_predict_fdiv_32ns_32ns_32_10_no_dsp_1_ip_u/inst/i_synth/DELAY_ACCUM_INPUT_OVERFLOW'
INFO: [Synth 8-223] decloning instance 'inst/fexp_32ns_32ns_32_8_full_dsp_1_U86/cnn_predict_fexp_32ns_32ns_32_8_full_dsp_1_ip_u/inst/i_synth/EXP_OP.i_sp_or_dp.OP/i_ccm_recip_ln2/g_tables[0].i_sign_delay' (delay__parameterized0) to 'inst/fexp_32ns_32ns_32_8_full_dsp_1_U86/cnn_predict_fexp_32ns_32ns_32_8_full_dsp_1_ip_u/inst/i_synth/EXP_OP.i_sp_or_dp.OP/i_ccm_recip_ln2/g_tables[1].i_sign_delay'
INFO: [Synth 8-223] decloning instance 'inst/fexp_32ns_32ns_32_8_full_dsp_1_U86/cnn_predict_fexp_32ns_32ns_32_8_full_dsp_1_ip_u/inst/i_synth/EXP_OP.i_sp_or_dp.OP/i_ccm_ln2/g_tables[0].i_sign_delay' (delay__parameterized0) to 'inst/fexp_32ns_32ns_32_8_full_dsp_1_U86/cnn_predict_fexp_32ns_32ns_32_8_full_dsp_1_ip_u/inst/i_synth/EXP_OP.i_sp_or_dp.OP/i_ccm_ln2/g_tables[1].i_sign_delay'
INFO: [Synth 8-223] decloning instance 'inst/fexp_32ns_32ns_32_8_full_dsp_1_U86/cnn_predict_fexp_32ns_32ns_32_8_full_dsp_1_ip_u/inst/i_synth/EXP_OP.i_sp_or_dp.OP/i_renorm_and_round/EXTRA_LSB_BIT_DEL' (delay__parameterized0) to 'inst/fexp_32ns_32ns_32_8_full_dsp_1_U86/cnn_predict_fexp_32ns_32ns_32_8_full_dsp_1_ip_u/inst/i_synth/EXP_OP.i_sp_or_dp.OP/i_renorm_and_round/EXTRA_LSB_RND1_DEL'
INFO: [Synth 8-223] decloning instance 'inst/fexp_32ns_32ns_32_8_full_dsp_1_U86/cnn_predict_fexp_32ns_32ns_32_8_full_dsp_1_ip_u/inst/i_synth/EXP_OP.i_sp_or_dp.OP/i_renorm_and_round/EXP_INC_DELAY' (delay__parameterized0) to 'inst/fexp_32ns_32ns_32_8_full_dsp_1_U86/cnn_predict_fexp_32ns_32ns_32_8_full_dsp_1_ip_u/inst/i_synth/EXP_OP.i_sp_or_dp.OP/i_renorm_and_round/EXP_INC_RND1_DELAY'
INFO: [Synth 8-223] decloning instance 'inst/fexp_32ns_32ns_32_8_full_dsp_1_U86/cnn_predict_fexp_32ns_32ns_32_8_full_dsp_1_ip_u/inst/i_synth/EXP_OP.i_sp_or_dp.OP/i_renorm_and_round/EXP_IN_DELAY.EXP_IN_DEL' (delay__parameterized27) to 'inst/fexp_32ns_32ns_32_8_full_dsp_1_U86/cnn_predict_fexp_32ns_32ns_32_8_full_dsp_1_ip_u/inst/i_synth/EXP_OP.i_sp_or_dp.OP/i_renorm_and_round/EXP_RND2_DELAY.EXP_RND_DEL'
INFO: [Synth 8-223] decloning instance 'inst/fexp_32ns_32ns_32_8_full_dsp_1_U86/cnn_predict_fexp_32ns_32ns_32_8_full_dsp_1_ip_u/inst/i_synth/EXP_OP.i_sp_or_dp.OP/i_renorm_and_round/EXP_IN_DELAY.EXP_OFF_OP_DEL' (delay__parameterized27) to 'inst/fexp_32ns_32ns_32_8_full_dsp_1_U86/cnn_predict_fexp_32ns_32ns_32_8_full_dsp_1_ip_u/inst/i_synth/EXP_OP.i_sp_or_dp.OP/i_renorm_and_round/EXP_RND2_DELAY.EXP_OFF_RND_DEL'
INFO: [Synth 8-223] decloning instance 'inst/fexp_32ns_32ns_32_8_full_dsp_1_U86/cnn_predict_fexp_32ns_32ns_32_8_full_dsp_1_ip_u/inst/i_synth/DELAY_INVALID_OP' (delay__parameterized0) to 'inst/fexp_32ns_32ns_32_8_full_dsp_1_U86/cnn_predict_fexp_32ns_32ns_32_8_full_dsp_1_ip_u/inst/i_synth/DELAY_DIVIDE_BY_ZERO'
INFO: [Synth 8-223] decloning instance 'inst/fexp_32ns_32ns_32_8_full_dsp_1_U86/cnn_predict_fexp_32ns_32ns_32_8_full_dsp_1_ip_u/inst/i_synth/DELAY_INVALID_OP' (delay__parameterized0) to 'inst/fexp_32ns_32ns_32_8_full_dsp_1_U86/cnn_predict_fexp_32ns_32ns_32_8_full_dsp_1_ip_u/inst/i_synth/DELAY_ACCUM_OVERFLOW'
INFO: [Synth 8-223] decloning instance 'inst/fexp_32ns_32ns_32_8_full_dsp_1_U86/cnn_predict_fexp_32ns_32ns_32_8_full_dsp_1_ip_u/inst/i_synth/DELAY_INVALID_OP' (delay__parameterized0) to 'inst/fexp_32ns_32ns_32_8_full_dsp_1_U86/cnn_predict_fexp_32ns_32ns_32_8_full_dsp_1_ip_u/inst/i_synth/DELAY_ACCUM_INPUT_OVERFLOW'
INFO: [Synth 8-223] decloning instance 'cnn_predict_fcmp_32ns_32ns_1_2_no_dsp_1:/cnn_predict_fcmp_32ns_32ns_1_2_no_dsp_1_ip_u/inst/i_synth/DELAY_DIVIDE_BY_ZERO' (delay__parameterized0) to 'cnn_predict_fcmp_32ns_32ns_1_2_no_dsp_1:/cnn_predict_fcmp_32ns_32ns_1_2_no_dsp_1_ip_u/inst/i_synth/DELAY_OVERFLOW'
INFO: [Synth 8-223] decloning instance 'cnn_predict_fcmp_32ns_32ns_1_2_no_dsp_1:/cnn_predict_fcmp_32ns_32ns_1_2_no_dsp_1_ip_u/inst/i_synth/DELAY_DIVIDE_BY_ZERO' (delay__parameterized0) to 'cnn_predict_fcmp_32ns_32ns_1_2_no_dsp_1:/cnn_predict_fcmp_32ns_32ns_1_2_no_dsp_1_ip_u/inst/i_synth/DELAY_UNDERFLOW'
INFO: [Synth 8-223] decloning instance 'cnn_predict_fcmp_32ns_32ns_1_2_no_dsp_1:/cnn_predict_fcmp_32ns_32ns_1_2_no_dsp_1_ip_u/inst/i_synth/DELAY_DIVIDE_BY_ZERO' (delay__parameterized0) to 'cnn_predict_fcmp_32ns_32ns_1_2_no_dsp_1:/cnn_predict_fcmp_32ns_32ns_1_2_no_dsp_1_ip_u/inst/i_synth/DELAY_ACCUM_OVERFLOW'
INFO: [Synth 8-223] decloning instance 'cnn_predict_fcmp_32ns_32ns_1_2_no_dsp_1:/cnn_predict_fcmp_32ns_32ns_1_2_no_dsp_1_ip_u/inst/i_synth/DELAY_DIVIDE_BY_ZERO' (delay__parameterized0) to 'cnn_predict_fcmp_32ns_32ns_1_2_no_dsp_1:/cnn_predict_fcmp_32ns_32ns_1_2_no_dsp_1_ip_u/inst/i_synth/DELAY_ACCUM_INPUT_OVERFLOW'
---------------------------------------------------------------------------------
Start RTL Component Statistics 
---------------------------------------------------------------------------------
---------------------------------------------------------------------------------
Finished RTL Component Statistics 
---------------------------------------------------------------------------------
---------------------------------------------------------------------------------
Start Part Resource Summary
---------------------------------------------------------------------------------
Part Resources:
DSPs: 360 (col length:72)
BRAMs: 432 (col length: RAMB18 72 RAMB36 36)
---------------------------------------------------------------------------------
Finished Part Resource Summary
---------------------------------------------------------------------------------
---------------------------------------------------------------------------------
Start Cross Boundary and Area Optimization
---------------------------------------------------------------------------------
INFO: [Synth 8-3936] Found unconnected internal register 'ADDSUB_OP.ADDSUB/DSP.OP/DSP48E1_BODY.EXP/EXP_OFF.LRG_EXP_DELAY/i_pipe/opt_has_pipe.first_q_reg' and it is trimmed from '9' to '8' bits. [/home/dani/Desktop/SDU_Master/EmbeddedSystems/final_assignment/vivado_final/cnn_project/cnn_project.gen/sources_1/bd/design_1/ipshared/7468/hdl/xbip_pipe_v3_0_vh_rfs.vhd:368]
INFO: [Synth 8-5546] ROM "ADDSUB_OP.ADDSUB/DSP.OP/DSP48E1_BODY.ALIGN_ADD/SHIFT_TABLE[0]" won't be mapped to RAM because it is too sparse
INFO: [Synth 8-3936] Found unconnected internal register 'ADDSUB_OP.ADDSUB/DSP.OP/DSP48E1_BODY.EXP/EXP_OFF.LRG_EXP_DELAY/i_pipe/opt_has_pipe.first_q_reg' and it is trimmed from '9' to '8' bits. [/home/dani/Desktop/SDU_Master/EmbeddedSystems/final_assignment/vivado_final/cnn_project/cnn_project.gen/sources_1/bd/design_1/ipshared/7468/hdl/xbip_pipe_v3_0_vh_rfs.vhd:368]
INFO: [Synth 8-5546] ROM "ADDSUB_OP.ADDSUB/DSP.OP/DSP48E1_BODY.ALIGN_ADD/SHIFT_TABLE[0]" won't be mapped to RAM because it is too sparse
INFO: [Synth 8-3936] Found unconnected internal register 'ADDSUB_OP.ADDSUB/DSP.OP/DSP48E1_BODY.EXP/EXP_OFF.LRG_EXP_DELAY/i_pipe/opt_has_pipe.first_q_reg' and it is trimmed from '9' to '8' bits. [/home/dani/Desktop/SDU_Master/EmbeddedSystems/final_assignment/vivado_final/cnn_project/cnn_project.gen/sources_1/bd/design_1/ipshared/7468/hdl/xbip_pipe_v3_0_vh_rfs.vhd:368]
INFO: [Synth 8-5546] ROM "ADDSUB_OP.ADDSUB/DSP.OP/DSP48E1_BODY.ALIGN_ADD/SHIFT_TABLE[0]" won't be mapped to RAM because it is too sparse
INFO: [Synth 8-3936] Found unconnected internal register 'ADDSUB_OP.ADDSUB/DSP.OP/DSP48E1_BODY.EXP/EXP_OFF.LRG_EXP_DELAY/i_pipe/opt_has_pipe.first_q_reg' and it is trimmed from '9' to '8' bits. [/home/dani/Desktop/SDU_Master/EmbeddedSystems/final_assignment/vivado_final/cnn_project/cnn_project.gen/sources_1/bd/design_1/ipshared/7468/hdl/xbip_pipe_v3_0_vh_rfs.vhd:368]
INFO: [Synth 8-5546] ROM "ADDSUB_OP.ADDSUB/DSP.OP/DSP48E1_BODY.ALIGN_ADD/SHIFT_TABLE[0]" won't be mapped to RAM because it is too sparse
WARNING: [Synth 8-3936] Found unconnected internal register 'mac_muladd_5ns_5ns_5ns_10_4_1_U53/cnn_predict_mac_muladd_5ns_5ns_5ns_10_4_1_DSP48_0_U/p_reg_reg' and it is trimmed from '46' to '10' bits. [/home/dani/Desktop/SDU_Master/EmbeddedSystems/final_assignment/vivado_final/cnn_project/cnn_project.gen/sources_1/bd/design_1/ipshared/0ceb/hdl/verilog/cnn_predict_mac_muladd_5ns_5ns_5ns_10_4_1.v:39]
WARNING: [Synth 8-3936] Found unconnected internal register 'mac_muladd_5ns_5ns_5ns_10_4_1_U53/cnn_predict_mac_muladd_5ns_5ns_5ns_10_4_1_DSP48_0_U/m_reg_reg' and it is trimmed from '45' to '10' bits. [/home/dani/Desktop/SDU_Master/EmbeddedSystems/final_assignment/vivado_final/cnn_project/cnn_project.gen/sources_1/bd/design_1/ipshared/0ceb/hdl/verilog/cnn_predict_mac_muladd_5ns_5ns_5ns_10_4_1.v:32]
WARNING: [Synth 8-3936] Found unconnected internal register 'mac_muladd_5ns_5ns_5ns_10_4_1_U53/cnn_predict_mac_muladd_5ns_5ns_5ns_10_4_1_DSP48_0_U/a_reg_reg' and it is trimmed from '27' to '10' bits. [/home/dani/Desktop/SDU_Master/EmbeddedSystems/final_assignment/vivado_final/cnn_project/cnn_project.gen/sources_1/bd/design_1/ipshared/0ceb/hdl/verilog/cnn_predict_mac_muladd_5ns_5ns_5ns_10_4_1.v:31]
INFO: [Synth 8-4471] merging register 'select_ln121_5_reg_2578_reg[3:0]' into 'select_ln121_6_reg_2598_reg[3:0]' [/home/dani/Desktop/SDU_Master/EmbeddedSystems/final_assignment/vivado_final/cnn_project/cnn_project.gen/sources_1/bd/design_1/ipshared/0ceb/hdl/verilog/cnn_predict_cnn_predict_Pipeline_VITIS_LOOP_121_11_VITIS_LOOP_122_12_VITIS_LOOP_123_13.v:3760]
INFO: [Synth 8-4471] merging register 'select_ln121_3_reg_2530_reg[3:0]' into 'select_ln121_6_reg_2598_reg[3:0]' [/home/dani/Desktop/SDU_Master/EmbeddedSystems/final_assignment/vivado_final/cnn_project/cnn_project.gen/sources_1/bd/design_1/ipshared/0ceb/hdl/verilog/cnn_predict_cnn_predict_Pipeline_VITIS_LOOP_121_11_VITIS_LOOP_122_12_VITIS_LOOP_123_13.v:3758]
INFO: [Synth 8-4471] merging register 'select_ln121_4_reg_2546_reg[3:0]' into 'select_ln121_6_reg_2598_reg[3:0]' [/home/dani/Desktop/SDU_Master/EmbeddedSystems/final_assignment/vivado_final/cnn_project/cnn_project.gen/sources_1/bd/design_1/ipshared/0ceb/hdl/verilog/cnn_predict_cnn_predict_Pipeline_VITIS_LOOP_121_11_VITIS_LOOP_122_12_VITIS_LOOP_123_13.v:3759]
DSP Report: Generating DSP mac_muladd_5ns_5ns_5ns_10_4_1_U53/cnn_predict_mac_muladd_5ns_5ns_5ns_10_4_1_DSP48_0_U/p_reg_reg, operation Mode is: (C'+(A2*(B:0x1d)')')'.
DSP Report: register mac_muladd_5ns_5ns_5ns_10_4_1_U53/cnn_predict_mac_muladd_5ns_5ns_5ns_10_4_1_DSP48_0_U/b_reg_reg is absorbed into DSP mac_muladd_5ns_5ns_5ns_10_4_1_U53/cnn_predict_mac_muladd_5ns_5ns_5ns_10_4_1_DSP48_0_U/p_reg_reg.
DSP Report: register mac_muladd_5ns_5ns_5ns_10_4_1_U53/cnn_predict_mac_muladd_5ns_5ns_5ns_10_4_1_DSP48_0_U/p_reg_reg is absorbed into DSP mac_muladd_5ns_5ns_5ns_10_4_1_U53/cnn_predict_mac_muladd_5ns_5ns_5ns_10_4_1_DSP48_0_U/p_reg_reg.
DSP Report: register mac_muladd_5ns_5ns_5ns_10_4_1_U53/cnn_predict_mac_muladd_5ns_5ns_5ns_10_4_1_DSP48_0_U/p_reg_reg is absorbed into DSP mac_muladd_5ns_5ns_5ns_10_4_1_U53/cnn_predict_mac_muladd_5ns_5ns_5ns_10_4_1_DSP48_0_U/p_reg_reg.
DSP Report: register mac_muladd_5ns_5ns_5ns_10_4_1_U53/cnn_predict_mac_muladd_5ns_5ns_5ns_10_4_1_DSP48_0_U/p_reg_reg is absorbed into DSP mac_muladd_5ns_5ns_5ns_10_4_1_U53/cnn_predict_mac_muladd_5ns_5ns_5ns_10_4_1_DSP48_0_U/p_reg_reg.
DSP Report: register mac_muladd_5ns_5ns_5ns_10_4_1_U53/cnn_predict_mac_muladd_5ns_5ns_5ns_10_4_1_DSP48_0_U/m_reg_reg is absorbed into DSP mac_muladd_5ns_5ns_5ns_10_4_1_U53/cnn_predict_mac_muladd_5ns_5ns_5ns_10_4_1_DSP48_0_U/p_reg_reg.
DSP Report: operator mac_muladd_5ns_5ns_5ns_10_4_1_U53/cnn_predict_mac_muladd_5ns_5ns_5ns_10_4_1_DSP48_0_U/p is absorbed into DSP mac_muladd_5ns_5ns_5ns_10_4_1_U53/cnn_predict_mac_muladd_5ns_5ns_5ns_10_4_1_DSP48_0_U/p_reg_reg.
DSP Report: operator mac_muladd_5ns_5ns_5ns_10_4_1_U53/cnn_predict_mac_muladd_5ns_5ns_5ns_10_4_1_DSP48_0_U/m is absorbed into DSP mac_muladd_5ns_5ns_5ns_10_4_1_U53/cnn_predict_mac_muladd_5ns_5ns_5ns_10_4_1_DSP48_0_U/p_reg_reg.
INFO: [Common 17-14] Message 'Synth 8-7129' appears 100 times and further instances of the messages will be disabled. Use the Tcl command set_msg_config to change the current settings.
INFO: [Synth 8-3886] merging instance 'fmul_32ns_32ns_32_4_max_dsp_1_U51/din1_buf1_reg[27]' (FDE) to 'fmul_32ns_32ns_32_4_max_dsp_1_U51/din1_buf1_reg[28]'
INFO: [Synth 8-3886] merging instance 'fmul_32ns_32ns_32_4_max_dsp_1_U51/din1_buf1_reg[28]' (FDE) to 'fmul_32ns_32ns_32_4_max_dsp_1_U51/din1_buf1_reg[29]'
INFO: [Synth 8-3886] merging instance 'fmul_32ns_32ns_32_4_max_dsp_1_U48/din1_buf1_reg[27]' (FDE) to 'fmul_32ns_32ns_32_4_max_dsp_1_U48/din1_buf1_reg[28]'
INFO: [Synth 8-3886] merging instance 'fmul_32ns_32ns_32_4_max_dsp_1_U48/din1_buf1_reg[28]' (FDE) to 'fmul_32ns_32ns_32_4_max_dsp_1_U48/din1_buf1_reg[29]'
INFO: [Synth 8-3886] merging instance 'fmul_32ns_32ns_32_4_max_dsp_1_U50/din1_buf1_reg[27]' (FDE) to 'fmul_32ns_32ns_32_4_max_dsp_1_U50/din1_buf1_reg[28]'
INFO: [Synth 8-3886] merging instance 'fmul_32ns_32ns_32_4_max_dsp_1_U50/din1_buf1_reg[28]' (FDE) to 'fmul_32ns_32ns_32_4_max_dsp_1_U50/din1_buf1_reg[29]'
INFO: [Synth 8-3333] propagating constant 1 across sequential element (\fmul_32ns_32ns_32_4_max_dsp_1_U51/ce_r_reg )
INFO: [Synth 8-3886] merging instance 'fmul_32ns_32ns_32_4_max_dsp_1_U47/din1_buf1_reg[27]' (FDE) to 'fmul_32ns_32ns_32_4_max_dsp_1_U47/din1_buf1_reg[28]'
INFO: [Synth 8-3886] merging instance 'fmul_32ns_32ns_32_4_max_dsp_1_U47/din1_buf1_reg[28]' (FDE) to 'fmul_32ns_32ns_32_4_max_dsp_1_U47/din1_buf1_reg[29]'
INFO: [Synth 8-3333] propagating constant 1 across sequential element (\fmul_32ns_32ns_32_4_max_dsp_1_U48/ce_r_reg )
INFO: [Synth 8-3886] merging instance 'fmul_32ns_32ns_32_4_max_dsp_1_U49/din1_buf1_reg[27]' (FDE) to 'fmul_32ns_32ns_32_4_max_dsp_1_U49/din1_buf1_reg[28]'
INFO: [Synth 8-3886] merging instance 'fmul_32ns_32ns_32_4_max_dsp_1_U49/din1_buf1_reg[28]' (FDE) to 'fmul_32ns_32ns_32_4_max_dsp_1_U49/din1_buf1_reg[29]'
INFO: [Synth 8-3886] merging instance 'fmul_32ns_32ns_32_4_max_dsp_1_U46/din1_buf1_reg[27]' (FDE) to 'fmul_32ns_32ns_32_4_max_dsp_1_U46/din1_buf1_reg[28]'
INFO: [Synth 8-3886] merging instance 'fmul_32ns_32ns_32_4_max_dsp_1_U46/din1_buf1_reg[28]' (FDE) to 'fmul_32ns_32ns_32_4_max_dsp_1_U46/din1_buf1_reg[29]'
INFO: [Synth 8-3333] propagating constant 1 across sequential element (\fmul_32ns_32ns_32_4_max_dsp_1_U50/ce_r_reg )
INFO: [Synth 8-3333] propagating constant 1 across sequential element (\fmul_32ns_32ns_32_4_max_dsp_1_U47/ce_r_reg )
INFO: [Synth 8-3333] propagating constant 1 across sequential element (\fmul_32ns_32ns_32_4_max_dsp_1_U49/ce_r_reg )
INFO: [Synth 8-3333] propagating constant 1 across sequential element (\fmul_32ns_32ns_32_4_max_dsp_1_U46/ce_r_reg )
INFO: [Synth 8-3886] merging instance 'fadd_32ns_32ns_32_5_full_dsp_1_U38/cnn_predict_fadd_32ns_32ns_32_5_full_dsp_1_ip_u/inst/i_synth/ADDSUB_OP.ADDSUB/DSP.OP/DSP48E1_BODY.EXP/NOT_LOW_LATENCY_NORM_DIST.NORM_EXP_DELAY/i_pipe/opt_has_pipe.first_q_reg[8]' (FDE) to 'fadd_32ns_32ns_32_5_full_dsp_1_U38/cnn_predict_fadd_32ns_32ns_32_5_full_dsp_1_ip_u/inst/i_synth/ADDSUB_OP.ADDSUB/DSP.OP/DSP48E1_BODY.EXP/NOT_LOW_LATENCY_NORM_DIST.NORM_EXP_DELAY/i_pipe/opt_has_pipe.first_q_reg[9]'
INFO: [Synth 8-3333] propagating constant 1 across sequential element (\fadd_32ns_32ns_32_5_full_dsp_1_U38/ce_r_reg )
INFO: [Synth 8-3886] merging instance 'add_ln121_10_reg_2608_reg[0]' (FDE) to 'zext_ln121_reg_2509_reg[0]'
INFO: [Synth 8-3886] merging instance 'add_ln121_10_reg_2608_reg[1]' (FDE) to 'zext_ln121_reg_2509_reg[1]'
INFO: [Synth 8-3886] merging instance 'add_ln121_10_reg_2608_reg[2]' (FDE) to 'zext_ln121_reg_2509_reg[2]'
INFO: [Synth 8-3886] merging instance 'add_ln121_10_reg_2608_reg[3]' (FDE) to 'add_ln121_10_reg_2608_reg[4]'
INFO: [Synth 8-3886] merging instance 'add_ln121_10_reg_2608_reg[4]' (FDE) to 'add_ln121_8_reg_2557_reg[3]'
INFO: [Synth 8-3886] merging instance 'add_ln121_10_reg_2608_reg[5]' (FDE) to 'select_ln121_1_reg_2502_reg[3]'
INFO: [Synth 8-3886] merging instance 'add_ln121_10_reg_2608_reg[6]' (FDE) to 'add_ln121_8_reg_2557_reg[5]'
INFO: [Synth 8-3333] propagating constant 1 across sequential element (\select_ln121_6_reg_2598_reg[4] )
INFO: [Synth 8-3333] propagating constant 0 across sequential element (\select_ln121_6_reg_2598_reg[5] )
INFO: [Synth 8-3333] propagating constant 1 across sequential element (\select_ln121_3_reg_2530_reg[4] )
INFO: [Synth 8-3333] propagating constant 1 across sequential element (\select_ln121_6_reg_2598_reg[6] )
INFO: [Synth 8-3886] merging instance 'zext_ln121_reg_2509_reg[2]' (FDE) to 'select_ln121_1_reg_2502_reg[2]'
INFO: [Synth 8-3886] merging instance 'zext_ln121_reg_2509_reg[0]' (FDE) to 'select_ln121_1_reg_2502_reg[0]'
INFO: [Synth 8-3886] merging instance 'zext_ln121_reg_2509_reg[1]' (FDE) to 'select_ln121_1_reg_2502_reg[1]'
INFO: [Synth 8-3886] merging instance 'fmul_32ns_32ns_32_4_max_dsp_1_U45/din1_buf1_reg[27]' (FDE) to 'fmul_32ns_32ns_32_4_max_dsp_1_U45/din1_buf1_reg[28]'
INFO: [Synth 8-3886] merging instance 'fmul_32ns_32ns_32_4_max_dsp_1_U45/din1_buf1_reg[28]' (FDE) to 'fmul_32ns_32ns_32_4_max_dsp_1_U45/din1_buf1_reg[29]'
INFO: [Synth 8-3886] merging instance 'fmul_32ns_32ns_32_4_max_dsp_1_U44/din1_buf1_reg[27]' (FDE) to 'fmul_32ns_32ns_32_4_max_dsp_1_U44/din1_buf1_reg[28]'
INFO: [Synth 8-3886] merging instance 'fmul_32ns_32ns_32_4_max_dsp_1_U44/din1_buf1_reg[28]' (FDE) to 'fmul_32ns_32ns_32_4_max_dsp_1_U44/din1_buf1_reg[29]'
INFO: [Synth 8-3886] merging instance 'fmul_32ns_32ns_32_4_max_dsp_1_U43/din1_buf1_reg[27]' (FDE) to 'fmul_32ns_32ns_32_4_max_dsp_1_U43/din1_buf1_reg[28]'
INFO: [Synth 8-3886] merging instance 'fmul_32ns_32ns_32_4_max_dsp_1_U43/din1_buf1_reg[28]' (FDE) to 'fmul_32ns_32ns_32_4_max_dsp_1_U43/din1_buf1_reg[29]'
INFO: [Synth 8-3886] merging instance 'fmul_32ns_32ns_32_4_max_dsp_1_U42/din1_buf1_reg[27]' (FDE) to 'fmul_32ns_32ns_32_4_max_dsp_1_U42/din1_buf1_reg[28]'
INFO: [Synth 8-3886] merging instance 'fmul_32ns_32ns_32_4_max_dsp_1_U42/din1_buf1_reg[28]' (FDE) to 'fmul_32ns_32ns_32_4_max_dsp_1_U42/din1_buf1_reg[29]'
INFO: [Synth 8-3886] merging instance 'conv2_b_U/q0_reg[8]' (FDE) to 'conv2_b_U/q0_reg[22]'
INFO: [Synth 8-3886] merging instance 'conv2_b_U/q0_reg[27]' (FDE) to 'conv2_b_U/q0_reg[28]'
INFO: [Synth 8-3886] merging instance 'conv2_b_U/q0_reg[28]' (FDE) to 'conv2_b_U/q0_reg[29]'
INFO: [Synth 8-3333] propagating constant 1 across sequential element (\conv2_b_U/q0_reg[29] )
INFO: [Synth 8-3333] propagating constant 0 across sequential element (\conv2_b_U/q0_reg[30] )
INFO: [Synth 8-3886] merging instance 'fadd_32ns_32ns_32_5_full_dsp_1_U39/cnn_predict_fadd_32ns_32ns_32_5_full_dsp_1_ip_u/inst/i_synth/ADDSUB_OP.ADDSUB/DSP.OP/DSP48E1_BODY.EXP/NOT_LOW_LATENCY_NORM_DIST.NORM_EXP_DELAY/i_pipe/opt_has_pipe.first_q_reg[8]' (FDE) to 'fadd_32ns_32ns_32_5_full_dsp_1_U39/cnn_predict_fadd_32ns_32ns_32_5_full_dsp_1_ip_u/inst/i_synth/ADDSUB_OP.ADDSUB/DSP.OP/DSP48E1_BODY.EXP/NOT_LOW_LATENCY_NORM_DIST.NORM_EXP_DELAY/i_pipe/opt_has_pipe.first_q_reg[9]'
INFO: [Synth 8-3333] propagating constant 1 across sequential element (\fadd_32ns_32ns_32_5_full_dsp_1_U39/ce_r_reg )
INFO: [Synth 8-3886] merging instance 'fadd_32ns_32ns_32_5_full_dsp_1_U30/cnn_predict_fadd_32ns_32ns_32_5_full_dsp_1_ip_u/inst/i_synth/ADDSUB_OP.ADDSUB/DSP.OP/DSP48E1_BODY.EXP/NOT_LOW_LATENCY_NORM_DIST.NORM_EXP_DELAY/i_pipe/opt_has_pipe.first_q_reg[8]' (FDE) to 'fadd_32ns_32ns_32_5_full_dsp_1_U30/cnn_predict_fadd_32ns_32ns_32_5_full_dsp_1_ip_u/inst/i_synth/ADDSUB_OP.ADDSUB/DSP.OP/DSP48E1_BODY.EXP/NOT_LOW_LATENCY_NORM_DIST.NORM_EXP_DELAY/i_pipe/opt_has_pipe.first_q_reg[9]'
INFO: [Synth 8-3333] propagating constant 1 across sequential element (\fadd_32ns_32ns_32_5_full_dsp_1_U30/ce_r_reg )
INFO: [Synth 8-3333] propagating constant 0 across sequential element (\select_ln121_5_reg_2578_reg[4] )
INFO: [Synth 8-3333] propagating constant 0 across sequential element (\select_ln121_4_reg_2546_reg[4] )
INFO: [Synth 8-3333] propagating constant 0 across sequential element (\select_ln121_5_reg_2578_reg[5] )
INFO: [Synth 8-3333] propagating constant 1 across sequential element (\select_ln121_4_reg_2546_reg[5] )
INFO: [Synth 8-3333] propagating constant 1 across sequential element (\select_ln121_5_reg_2578_reg[6] )
INFO: [Synth 8-3886] merging instance 'add_ln121_9_reg_2588_reg[0]' (FDE) to 'select_ln121_1_reg_2502_reg[0]'
INFO: [Synth 8-3886] merging instance 'add_ln121_8_reg_2557_reg[0]' (FDE) to 'select_ln121_1_reg_2502_reg[0]'
INFO: [Synth 8-3886] merging instance 'add_ln121_9_reg_2588_reg[1]' (FDE) to 'select_ln121_1_reg_2502_reg[1]'
INFO: [Synth 8-3886] merging instance 'add_ln121_8_reg_2557_reg[1]' (FDE) to 'select_ln121_1_reg_2502_reg[1]'
INFO: [Synth 8-3886] merging instance 'add_ln121_9_reg_2588_reg[2]' (FDE) to 'select_ln121_1_reg_2502_reg[2]'
INFO: [Synth 8-3886] merging instance 'add_ln121_8_reg_2557_reg[2]' (FDE) to 'select_ln121_1_reg_2502_reg[2]'
INFO: [Synth 8-3886] merging instance 'add_ln121_9_reg_2588_reg[3]' (FDE) to 'add_ln121_8_reg_2557_reg[3]'
INFO: [Synth 8-3886] merging instance 'add_ln121_9_reg_2588_reg[4]' (FDE) to 'select_ln121_1_reg_2502_reg[3]'
INFO: [Synth 8-3886] merging instance 'add_ln121_8_reg_2557_reg[4]' (FDE) to 'select_ln121_1_reg_2502_reg[3]'
INFO: [Synth 8-3333] propagating constant 0 across sequential element (\add_ln121_9_reg_2588_reg[5] )
INFO: [Synth 8-3886] merging instance 'add_ln121_8_reg_2557_reg[5]' (FDE) to 'add_ln121_9_reg_2588_reg[6]'
INFO: [Synth 8-3333] propagating constant 1 across sequential element (\add_ln121_9_reg_2588_reg[6] )
INFO: [Synth 8-3886] merging instance 'conv2_b_load_reg_3329_reg[8]' (FDE) to 'conv2_b_load_reg_3329_reg[22]'
INFO: [Synth 8-3886] merging instance 'conv2_b_load_reg_3329_reg[27]' (FDE) to 'conv2_b_load_reg_3329_reg[29]'
INFO: [Synth 8-3886] merging instance 'conv2_b_load_reg_3329_reg[28]' (FDE) to 'conv2_b_load_reg_3329_reg[29]'
INFO: [Synth 8-3886] merging instance 'select_ln122_reg_2618_reg[0]' (FDE) to 'empty_35_reg_2688_reg[0]'
INFO: [Synth 8-3333] propagating constant 1 across sequential element (\fmul_32ns_32ns_32_4_max_dsp_1_U45/ce_r_reg )
INFO: [Synth 8-3333] propagating constant 1 across sequential element (\fmul_32ns_32ns_32_4_max_dsp_1_U44/ce_r_reg )
INFO: [Synth 8-3333] propagating constant 1 across sequential element (\fmul_32ns_32ns_32_4_max_dsp_1_U43/ce_r_reg )
INFO: [Synth 8-3333] propagating constant 1 across sequential element (\fmul_32ns_32ns_32_4_max_dsp_1_U42/ce_r_reg )
INFO: [Synth 8-3886] merging instance 'fadd_32ns_32ns_32_5_full_dsp_1_U34/cnn_predict_fadd_32ns_32ns_32_5_full_dsp_1_ip_u/inst/i_synth/ADDSUB_OP.ADDSUB/DSP.OP/DSP48E1_BODY.EXP/NOT_LOW_LATENCY_NORM_DIST.NORM_EXP_DELAY/i_pipe/opt_has_pipe.first_q_reg[8]' (FDE) to 'fadd_32ns_32ns_32_5_full_dsp_1_U34/cnn_predict_fadd_32ns_32ns_32_5_full_dsp_1_ip_u/inst/i_synth/ADDSUB_OP.ADDSUB/DSP.OP/DSP48E1_BODY.EXP/NOT_LOW_LATENCY_NORM_DIST.NORM_EXP_DELAY/i_pipe/opt_has_pipe.first_q_reg[9]'
INFO: [Synth 8-3333] propagating constant 1 across sequential element (\fadd_32ns_32ns_32_5_full_dsp_1_U34/ce_r_reg )
INFO: [Synth 8-3333] propagating constant 1 across sequential element (\conv2_b_load_reg_3329_reg[29] )
INFO: [Synth 8-3333] propagating constant 0 across sequential element (\conv2_b_load_reg_3329_reg[30] )
INFO: [Synth 8-3332] Sequential element (ADDSUB_OP.ADDSUB/DSP.OP/DSP48E1_BODY.NORM_RND/FULL_USAGE_DSP.LOD/dist_norm_reg[1]) is unused and will be removed from module floating_point_v7_1_15_viv__1.
INFO: [Synth 8-3332] Sequential element (ADDSUB_OP.ADDSUB/DSP.OP/DSP48E1_BODY.NORM_RND/FULL_USAGE_DSP.LOD/dist_norm_reg[0]) is unused and will be removed from module floating_point_v7_1_15_viv__1.
INFO: [Synth 8-3332] Sequential element (ADDSUB_OP.ADDSUB/DSP.OP/DSP48E1_BODY.NORM_RND/FULL_USAGE_DSP.LOD/dist_norm_reg[1]) is unused and will be removed from module floating_point_v7_1_15_viv__2.
INFO: [Synth 8-3332] Sequential element (ADDSUB_OP.ADDSUB/DSP.OP/DSP48E1_BODY.NORM_RND/FULL_USAGE_DSP.LOD/dist_norm_reg[0]) is unused and will be removed from module floating_point_v7_1_15_viv__2.
INFO: [Synth 8-3332] Sequential element (ADDSUB_OP.ADDSUB/DSP.OP/DSP48E1_BODY.NORM_RND/FULL_USAGE_DSP.LOD/dist_norm_reg[1]) is unused and will be removed from module floating_point_v7_1_15_viv__3.
INFO: [Synth 8-3332] Sequential element (ADDSUB_OP.ADDSUB/DSP.OP/DSP48E1_BODY.NORM_RND/FULL_USAGE_DSP.LOD/dist_norm_reg[0]) is unused and will be removed from module floating_point_v7_1_15_viv__3.
INFO: [Synth 8-3332] Sequential element (ADDSUB_OP.ADDSUB/DSP.OP/DSP48E1_BODY.NORM_RND/FULL_USAGE_DSP.LOD/dist_norm_reg[1]) is unused and will be removed from module floating_point_v7_1_15_viv__4.
INFO: [Synth 8-3332] Sequential element (ADDSUB_OP.ADDSUB/DSP.OP/DSP48E1_BODY.NORM_RND/FULL_USAGE_DSP.LOD/dist_norm_reg[0]) is unused and will be removed from module floating_point_v7_1_15_viv__4.
INFO: [Synth 8-3886] merging instance 'select_ln121_6_reg_2598_reg[0]' (FDE) to 'select_ln121_1_reg_2502_reg[0]'
INFO: [Synth 8-3886] merging instance 'select_ln121_6_reg_2598_reg[1]' (FDE) to 'select_ln121_1_reg_2502_reg[1]'
INFO: [Synth 8-3886] merging instance 'select_ln121_6_reg_2598_reg[2]' (FDE) to 'select_ln121_1_reg_2502_reg[2]'
INFO: [Synth 8-3886] merging instance 'select_ln121_6_reg_2598_reg[3]' (FDE) to 'select_ln121_1_reg_2502_reg[3]'
INFO: [Synth 8-3886] merging instance 'select_ln121_2_reg_2519_reg[0]' (FDE) to 'select_ln121_1_reg_2502_reg[0]'
INFO: [Synth 8-3886] merging instance 'select_ln121_2_reg_2519_reg[1]' (FDE) to 'select_ln121_1_reg_2502_reg[1]'
INFO: [Synth 8-3886] merging instance 'select_ln121_2_reg_2519_reg[2]' (FDE) to 'select_ln121_1_reg_2502_reg[2]'
INFO: [Synth 8-3936] Found unconnected internal register 'ADDSUB_OP.ADDSUB/DSP.OP/DSP48E1_BODY.EXP/EXP_OFF.LRG_EXP_DELAY/i_pipe/opt_has_pipe.first_q_reg' and it is trimmed from '9' to '8' bits. [/home/dani/Desktop/SDU_Master/EmbeddedSystems/final_assignment/vivado_final/cnn_project/cnn_project.gen/sources_1/bd/design_1/ipshared/7468/hdl/xbip_pipe_v3_0_vh_rfs.vhd:368]
INFO: [Synth 8-5546] ROM "ADDSUB_OP.ADDSUB/DSP.OP/DSP48E1_BODY.ALIGN_ADD/SHIFT_TABLE[0]" won't be mapped to RAM because it is too sparse
INFO: [Synth 8-3936] Found unconnected internal register 'ADDSUB_OP.ADDSUB/DSP.OP/DSP48E1_BODY.EXP/EXP_OFF.LRG_EXP_DELAY/i_pipe/opt_has_pipe.first_q_reg' and it is trimmed from '9' to '8' bits. [/home/dani/Desktop/SDU_Master/EmbeddedSystems/final_assignment/vivado_final/cnn_project/cnn_project.gen/sources_1/bd/design_1/ipshared/7468/hdl/xbip_pipe_v3_0_vh_rfs.vhd:368]
INFO: [Synth 8-5546] ROM "ADDSUB_OP.ADDSUB/DSP.OP/DSP48E1_BODY.ALIGN_ADD/SHIFT_TABLE[0]" won't be mapped to RAM because it is too sparse
INFO: [Synth 8-3936] Found unconnected internal register 'ADDSUB_OP.ADDSUB/DSP.OP/DSP48E1_BODY.EXP/EXP_OFF.LRG_EXP_DELAY/i_pipe/opt_has_pipe.first_q_reg' and it is trimmed from '9' to '8' bits. [/home/dani/Desktop/SDU_Master/EmbeddedSystems/final_assignment/vivado_final/cnn_project/cnn_project.gen/sources_1/bd/design_1/ipshared/7468/hdl/xbip_pipe_v3_0_vh_rfs.vhd:368]
INFO: [Synth 8-5546] ROM "ADDSUB_OP.ADDSUB/DSP.OP/DSP48E1_BODY.ALIGN_ADD/SHIFT_TABLE[0]" won't be mapped to RAM because it is too sparse
INFO: [Synth 8-4471] merging register 'fadd_32ns_32ns_32_5_full_dsp_1_U32/ce_r_reg' into 'fadd_32ns_32ns_32_5_full_dsp_1_U33/ce_r_reg' [/home/dani/Desktop/SDU_Master/EmbeddedSystems/final_assignment/vivado_final/cnn_project/cnn_project.gen/sources_1/bd/design_1/ipshared/0ceb/hdl/verilog/cnn_predict_fadd_32ns_32ns_32_5_full_dsp_1.v:51]
INFO: [Synth 8-4471] merging register 'fadd_32ns_32ns_32_5_full_dsp_1_U31/ce_r_reg' into 'fadd_32ns_32ns_32_5_full_dsp_1_U33/ce_r_reg' [/home/dani/Desktop/SDU_Master/EmbeddedSystems/final_assignment/vivado_final/cnn_project/cnn_project.gen/sources_1/bd/design_1/ipshared/0ceb/hdl/verilog/cnn_predict_fadd_32ns_32ns_32_5_full_dsp_1.v:51]
INFO: [Common 17-14] Message 'Synth 8-7129' appears 100 times and further instances of the messages will be disabled. Use the Tcl command set_msg_config to change the current settings.
INFO: [Synth 8-3886] merging instance 'fadd_32ns_32ns_32_5_full_dsp_1_U31/cnn_predict_fadd_32ns_32ns_32_5_full_dsp_1_ip_u/inst/i_synth/ADDSUB_OP.ADDSUB/DSP.OP/DSP48E1_BODY.EXP/NOT_LOW_LATENCY_NORM_DIST.NORM_EXP_DELAY/i_pipe/opt_has_pipe.first_q_reg[8]' (FDE) to 'fadd_32ns_32ns_32_5_full_dsp_1_U31/cnn_predict_fadd_32ns_32ns_32_5_full_dsp_1_ip_u/inst/i_synth/ADDSUB_OP.ADDSUB/DSP.OP/DSP48E1_BODY.EXP/NOT_LOW_LATENCY_NORM_DIST.NORM_EXP_DELAY/i_pipe/opt_has_pipe.first_q_reg[9]'
INFO: [Synth 8-3886] merging instance 'fadd_32ns_32ns_32_5_full_dsp_1_U32/cnn_predict_fadd_32ns_32ns_32_5_full_dsp_1_ip_u/inst/i_synth/ADDSUB_OP.ADDSUB/DSP.OP/DSP48E1_BODY.EXP/NOT_LOW_LATENCY_NORM_DIST.NORM_EXP_DELAY/i_pipe/opt_has_pipe.first_q_reg[8]' (FDE) to 'fadd_32ns_32ns_32_5_full_dsp_1_U32/cnn_predict_fadd_32ns_32ns_32_5_full_dsp_1_ip_u/inst/i_synth/ADDSUB_OP.ADDSUB/DSP.OP/DSP48E1_BODY.EXP/NOT_LOW_LATENCY_NORM_DIST.NORM_EXP_DELAY/i_pipe/opt_has_pipe.first_q_reg[9]'
INFO: [Synth 8-3886] merging instance 'fadd_32ns_32ns_32_5_full_dsp_1_U33/cnn_predict_fadd_32ns_32ns_32_5_full_dsp_1_ip_u/inst/i_synth/ADDSUB_OP.ADDSUB/DSP.OP/DSP48E1_BODY.EXP/NOT_LOW_LATENCY_NORM_DIST.NORM_EXP_DELAY/i_pipe/opt_has_pipe.first_q_reg[8]' (FDE) to 'fadd_32ns_32ns_32_5_full_dsp_1_U33/cnn_predict_fadd_32ns_32ns_32_5_full_dsp_1_ip_u/inst/i_synth/ADDSUB_OP.ADDSUB/DSP.OP/DSP48E1_BODY.EXP/NOT_LOW_LATENCY_NORM_DIST.NORM_EXP_DELAY/i_pipe/opt_has_pipe.first_q_reg[9]'
INFO: [Synth 8-3333] propagating constant 1 across sequential element (\fadd_32ns_32ns_32_5_full_dsp_1_U33/ce_r_reg )
INFO: [Synth 8-3332] Sequential element (ADDSUB_OP.ADDSUB/DSP.OP/DSP48E1_BODY.NORM_RND/FULL_USAGE_DSP.LOD/dist_norm_reg[1]) is unused and will be removed from module floating_point_v7_1_15_viv__5.
INFO: [Synth 8-3332] Sequential element (ADDSUB_OP.ADDSUB/DSP.OP/DSP48E1_BODY.NORM_RND/FULL_USAGE_DSP.LOD/dist_norm_reg[0]) is unused and will be removed from module floating_point_v7_1_15_viv__5.
INFO: [Synth 8-3332] Sequential element (ADDSUB_OP.ADDSUB/DSP.OP/DSP48E1_BODY.NORM_RND/FULL_USAGE_DSP.LOD/dist_norm_reg[1]) is unused and will be removed from module floating_point_v7_1_15_viv__6.
INFO: [Synth 8-3332] Sequential element (ADDSUB_OP.ADDSUB/DSP.OP/DSP48E1_BODY.NORM_RND/FULL_USAGE_DSP.LOD/dist_norm_reg[0]) is unused and will be removed from module floating_point_v7_1_15_viv__6.
INFO: [Synth 8-3332] Sequential element (ADDSUB_OP.ADDSUB/DSP.OP/DSP48E1_BODY.NORM_RND/FULL_USAGE_DSP.LOD/dist_norm_reg[1]) is unused and will be removed from module floating_point_v7_1_15_viv__7.
INFO: [Synth 8-3332] Sequential element (ADDSUB_OP.ADDSUB/DSP.OP/DSP48E1_BODY.NORM_RND/FULL_USAGE_DSP.LOD/dist_norm_reg[0]) is unused and will be removed from module floating_point_v7_1_15_viv__7.
INFO: [Synth 8-3936] Found unconnected internal register 'ADDSUB_OP.ADDSUB/DSP.OP/DSP48E1_BODY.EXP/EXP_OFF.LRG_EXP_DELAY/i_pipe/opt_has_pipe.first_q_reg' and it is trimmed from '9' to '8' bits. [/home/dani/Desktop/SDU_Master/EmbeddedSystems/final_assignment/vivado_final/cnn_project/cnn_project.gen/sources_1/bd/design_1/ipshared/7468/hdl/xbip_pipe_v3_0_vh_rfs.vhd:368]
INFO: [Synth 8-5546] ROM "ADDSUB_OP.ADDSUB/DSP.OP/DSP48E1_BODY.ALIGN_ADD/SHIFT_TABLE[0]" won't be mapped to RAM because it is too sparse
INFO: [Synth 8-3936] Found unconnected internal register 'ADDSUB_OP.ADDSUB/DSP.OP/DSP48E1_BODY.EXP/EXP_OFF.LRG_EXP_DELAY/i_pipe/opt_has_pipe.first_q_reg' and it is trimmed from '9' to '8' bits. [/home/dani/Desktop/SDU_Master/EmbeddedSystems/final_assignment/vivado_final/cnn_project/cnn_project.gen/sources_1/bd/design_1/ipshared/7468/hdl/xbip_pipe_v3_0_vh_rfs.vhd:368]
INFO: [Synth 8-5546] ROM "ADDSUB_OP.ADDSUB/DSP.OP/DSP48E1_BODY.ALIGN_ADD/SHIFT_TABLE[0]" won't be mapped to RAM because it is too sparse
INFO: [Synth 8-3936] Found unconnected internal register 'ADDSUB_OP.ADDSUB/DSP.OP/DSP48E1_BODY.EXP/EXP_OFF.LRG_EXP_DELAY/i_pipe/opt_has_pipe.first_q_reg' and it is trimmed from '9' to '8' bits. [/home/dani/Desktop/SDU_Master/EmbeddedSystems/final_assignment/vivado_final/cnn_project/cnn_project.gen/sources_1/bd/design_1/ipshared/7468/hdl/xbip_pipe_v3_0_vh_rfs.vhd:368]
INFO: [Synth 8-5546] ROM "ADDSUB_OP.ADDSUB/DSP.OP/DSP48E1_BODY.ALIGN_ADD/SHIFT_TABLE[0]" won't be mapped to RAM because it is too sparse
INFO: [Synth 8-4471] merging register 'fadd_32ns_32ns_32_5_full_dsp_1_U36/ce_r_reg' into 'fadd_32ns_32ns_32_5_full_dsp_1_U37/ce_r_reg' [/home/dani/Desktop/SDU_Master/EmbeddedSystems/final_assignment/vivado_final/cnn_project/cnn_project.gen/sources_1/bd/design_1/ipshared/0ceb/hdl/verilog/cnn_predict_fadd_32ns_32ns_32_5_full_dsp_1.v:51]
INFO: [Synth 8-4471] merging register 'fadd_32ns_32ns_32_5_full_dsp_1_U35/ce_r_reg' into 'fadd_32ns_32ns_32_5_full_dsp_1_U37/ce_r_reg' [/home/dani/Desktop/SDU_Master/EmbeddedSystems/final_assignment/vivado_final/cnn_project/cnn_project.gen/sources_1/bd/design_1/ipshared/0ceb/hdl/verilog/cnn_predict_fadd_32ns_32ns_32_5_full_dsp_1.v:51]
INFO: [Common 17-14] Message 'Synth 8-7129' appears 100 times and further instances of the messages will be disabled. Use the Tcl command set_msg_config to change the current settings.
INFO: [Synth 8-3886] merging instance 'fadd_32ns_32ns_32_5_full_dsp_1_U35/cnn_predict_fadd_32ns_32ns_32_5_full_dsp_1_ip_u/inst/i_synth/ADDSUB_OP.ADDSUB/DSP.OP/DSP48E1_BODY.EXP/NOT_LOW_LATENCY_NORM_DIST.NORM_EXP_DELAY/i_pipe/opt_has_pipe.first_q_reg[8]' (FDE) to 'fadd_32ns_32ns_32_5_full_dsp_1_U35/cnn_predict_fadd_32ns_32ns_32_5_full_dsp_1_ip_u/inst/i_synth/ADDSUB_OP.ADDSUB/DSP.OP/DSP48E1_BODY.EXP/NOT_LOW_LATENCY_NORM_DIST.NORM_EXP_DELAY/i_pipe/opt_has_pipe.first_q_reg[9]'
INFO: [Synth 8-3886] merging instance 'fadd_32ns_32ns_32_5_full_dsp_1_U36/cnn_predict_fadd_32ns_32ns_32_5_full_dsp_1_ip_u/inst/i_synth/ADDSUB_OP.ADDSUB/DSP.OP/DSP48E1_BODY.EXP/NOT_LOW_LATENCY_NORM_DIST.NORM_EXP_DELAY/i_pipe/opt_has_pipe.first_q_reg[8]' (FDE) to 'fadd_32ns_32ns_32_5_full_dsp_1_U36/cnn_predict_fadd_32ns_32ns_32_5_full_dsp_1_ip_u/inst/i_synth/ADDSUB_OP.ADDSUB/DSP.OP/DSP48E1_BODY.EXP/NOT_LOW_LATENCY_NORM_DIST.NORM_EXP_DELAY/i_pipe/opt_has_pipe.first_q_reg[9]'
INFO: [Synth 8-3886] merging instance 'fadd_32ns_32ns_32_5_full_dsp_1_U37/cnn_predict_fadd_32ns_32ns_32_5_full_dsp_1_ip_u/inst/i_synth/ADDSUB_OP.ADDSUB/DSP.OP/DSP48E1_BODY.EXP/NOT_LOW_LATENCY_NORM_DIST.NORM_EXP_DELAY/i_pipe/opt_has_pipe.first_q_reg[8]' (FDE) to 'fadd_32ns_32ns_32_5_full_dsp_1_U37/cnn_predict_fadd_32ns_32ns_32_5_full_dsp_1_ip_u/inst/i_synth/ADDSUB_OP.ADDSUB/DSP.OP/DSP48E1_BODY.EXP/NOT_LOW_LATENCY_NORM_DIST.NORM_EXP_DELAY/i_pipe/opt_has_pipe.first_q_reg[9]'
INFO: [Synth 8-3333] propagating constant 1 across sequential element (\fadd_32ns_32ns_32_5_full_dsp_1_U37/ce_r_reg )
INFO: [Synth 8-3333] propagating constant 0 across sequential element (ap_done_reg_reg)
INFO: [Synth 8-3332] Sequential element (ADDSUB_OP.ADDSUB/DSP.OP/DSP48E1_BODY.NORM_RND/FULL_USAGE_DSP.LOD/dist_norm_reg[1]) is unused and will be removed from module floating_point_v7_1_15_viv__8.
INFO: [Synth 8-3332] Sequential element (ADDSUB_OP.ADDSUB/DSP.OP/DSP48E1_BODY.NORM_RND/FULL_USAGE_DSP.LOD/dist_norm_reg[0]) is unused and will be removed from module floating_point_v7_1_15_viv__8.
INFO: [Synth 8-3332] Sequential element (ADDSUB_OP.ADDSUB/DSP.OP/DSP48E1_BODY.NORM_RND/FULL_USAGE_DSP.LOD/dist_norm_reg[1]) is unused and will be removed from module floating_point_v7_1_15_viv__9.
INFO: [Synth 8-3332] Sequential element (ADDSUB_OP.ADDSUB/DSP.OP/DSP48E1_BODY.NORM_RND/FULL_USAGE_DSP.LOD/dist_norm_reg[0]) is unused and will be removed from module floating_point_v7_1_15_viv__9.
INFO: [Synth 8-3332] Sequential element (ADDSUB_OP.ADDSUB/DSP.OP/DSP48E1_BODY.NORM_RND/FULL_USAGE_DSP.LOD/dist_norm_reg[1]) is unused and will be removed from module floating_point_v7_1_15_viv__10.
INFO: [Synth 8-3332] Sequential element (ADDSUB_OP.ADDSUB/DSP.OP/DSP48E1_BODY.NORM_RND/FULL_USAGE_DSP.LOD/dist_norm_reg[0]) is unused and will be removed from module floating_point_v7_1_15_viv__10.
INFO: [Synth 8-3936] Found unconnected internal register 'ADDSUB_OP.ADDSUB/DSP.OP/DSP48E1_BODY.EXP/EXP_OFF.LRG_EXP_DELAY/i_pipe/opt_has_pipe.first_q_reg' and it is trimmed from '9' to '8' bits. [/home/dani/Desktop/SDU_Master/EmbeddedSystems/final_assignment/vivado_final/cnn_project/cnn_project.gen/sources_1/bd/design_1/ipshared/7468/hdl/xbip_pipe_v3_0_vh_rfs.vhd:368]
INFO: [Synth 8-5546] ROM "ADDSUB_OP.ADDSUB/DSP.OP/DSP48E1_BODY.ALIGN_ADD/SHIFT_TABLE[0]" won't be mapped to RAM because it is too sparse
INFO: [Synth 8-3936] Found unconnected internal register 'RT[23].Q_DEL/i_pipe/opt_has_pipe.first_q_reg' and it is trimmed from '26' to '23' bits. [/home/dani/Desktop/SDU_Master/EmbeddedSystems/final_assignment/vivado_final/cnn_project/cnn_project.gen/sources_1/bd/design_1/ipshared/7468/hdl/xbip_pipe_v3_0_vh_rfs.vhd:368]
INFO: [Synth 8-3936] Found unconnected internal register 'RT[19].Q_DEL/i_pipe/opt_has_pipe.first_q_reg' and it is trimmed from '26' to '19' bits. [/home/dani/Desktop/SDU_Master/EmbeddedSystems/final_assignment/vivado_final/cnn_project/cnn_project.gen/sources_1/bd/design_1/ipshared/7468/hdl/xbip_pipe_v3_0_vh_rfs.vhd:368]
INFO: [Synth 8-3936] Found unconnected internal register 'RT[15].Q_DEL/i_pipe/opt_has_pipe.first_q_reg' and it is trimmed from '26' to '15' bits. [/home/dani/Desktop/SDU_Master/EmbeddedSystems/final_assignment/vivado_final/cnn_project/cnn_project.gen/sources_1/bd/design_1/ipshared/7468/hdl/xbip_pipe_v3_0_vh_rfs.vhd:368]
INFO: [Synth 8-3936] Found unconnected internal register 'RT[11].Q_DEL/i_pipe/opt_has_pipe.first_q_reg' and it is trimmed from '26' to '11' bits. [/home/dani/Desktop/SDU_Master/EmbeddedSystems/final_assignment/vivado_final/cnn_project/cnn_project.gen/sources_1/bd/design_1/ipshared/7468/hdl/xbip_pipe_v3_0_vh_rfs.vhd:368]
INFO: [Synth 8-3936] Found unconnected internal register 'RT[7].Q_DEL/i_pipe/opt_has_pipe.first_q_reg' and it is trimmed from '26' to '7' bits. [/home/dani/Desktop/SDU_Master/EmbeddedSystems/final_assignment/vivado_final/cnn_project/cnn_project.gen/sources_1/bd/design_1/ipshared/7468/hdl/xbip_pipe_v3_0_vh_rfs.vhd:368]
INFO: [Synth 8-3936] Found unconnected internal register 'RT[3].Q_DEL/i_pipe/opt_has_pipe.first_q_reg' and it is trimmed from '26' to '3' bits. [/home/dani/Desktop/SDU_Master/EmbeddedSystems/final_assignment/vivado_final/cnn_project/cnn_project.gen/sources_1/bd/design_1/ipshared/7468/hdl/xbip_pipe_v3_0_vh_rfs.vhd:368]
INFO: [Synth 8-5542] Attribute ram_style/rom_style = distributed specified for ROM  "p_0_out". This will be implemented in logic
INFO: [Synth 8-5542] Attribute ram_style/rom_style = distributed specified for ROM  "p_0_out". This will be implemented in logic
INFO: [Synth 8-3936] Found unconnected internal register 'EXP_OP.i_sp_or_dp.OP/i_shift_to_fixed/ROUND/Q_DEL/i_pipe/opt_has_pipe.first_q_reg' and it is trimmed from '36' to '35' bits. [/home/dani/Desktop/SDU_Master/EmbeddedSystems/final_assignment/vivado_final/cnn_project/cnn_project.gen/sources_1/bd/design_1/ipshared/7468/hdl/xbip_pipe_v3_0_vh_rfs.vhd:368]
INFO: [Synth 8-5542] Attribute ram_style/rom_style = distributed specified for ROM  "p_0_out". This will be implemented in logic
INFO: [Synth 8-5542] Attribute ram_style/rom_style = distributed specified for ROM  "p_0_out". This will be implemented in logic
INFO: [Synth 8-5542] Attribute ram_style/rom_style = distributed specified for ROM  "p_0_out". This will be implemented in logic
INFO: [Synth 8-5587] ROM size for "p_0_out" is below threshold of ROM address width. It will be mapped to LUTs
INFO: [Synth 8-5542] Attribute ram_style/rom_style = distributed specified for ROM  "p_0_out". This will be implemented in logic
INFO: [Synth 8-5587] ROM size for "p_0_out" is below threshold of ROM address width. It will be mapped to LUTs
INFO: [Synth 8-5542] Attribute ram_style/rom_style = distributed specified for ROM  "p_0_out". This will be implemented in logic
INFO: [Synth 8-5587] ROM size for "p_0_out" is below threshold of ROM address width. It will be mapped to LUTs
INFO: [Synth 8-5542] Attribute ram_style/rom_style = distributed specified for ROM  "p_0_out". This will be implemented in logic
INFO: [Synth 8-5587] ROM size for "p_0_out" is below threshold of ROM address width. It will be mapped to LUTs
INFO: [Synth 8-6904] The RAM "cnn_predict__GCB0/dense_U/ram_reg" of size (depth=16 x width=32) is automatically implemented using LUTRAM. BRAM implementation would be inefficient 
INFO: [Common 17-14] Message 'Synth 8-7129' appears 100 times and further instances of the messages will be disabled. Use the Tcl command set_msg_config to change the current settings.
INFO: [Synth 8-5555] Implemented Block Ram Cascade chain of height 8 and width 18 for RAM "layer1_conv_U/ram0_reg"
INFO: [Synth 8-5555] Implemented Block Ram Cascade chain of height 4 and width 9 for RAM "layer1_conv_U/ram0_reg"
INFO: [Synth 8-5555] Implemented Block Ram Cascade chain of height 2 and width 4 for RAM "layer1_conv_U/ram0_reg"
INFO: [Synth 8-7030] Implemented Non-Cascaded Block Ram (cascade_height = 1) of width 1 for RAM "layer1_conv_U/ram0_reg"
INFO: [Synth 8-5555] Implemented Block Ram Cascade chain of height 8 and width 18 for RAM "layer1_conv_U/ram1_reg"
INFO: [Synth 8-5555] Implemented Block Ram Cascade chain of height 4 and width 9 for RAM "layer1_conv_U/ram1_reg"
INFO: [Synth 8-5555] Implemented Block Ram Cascade chain of height 2 and width 4 for RAM "layer1_conv_U/ram1_reg"
INFO: [Synth 8-7030] Implemented Non-Cascaded Block Ram (cascade_height = 1) of width 1 for RAM "layer1_conv_U/ram1_reg"
INFO: [Synth 8-5555] Implemented Block Ram Cascade chain of height 8 and width 18 for RAM "layer1_conv_U/ram2_reg"
INFO: [Synth 8-5555] Implemented Block Ram Cascade chain of height 4 and width 9 for RAM "layer1_conv_U/ram2_reg"
INFO: [Synth 8-5555] Implemented Block Ram Cascade chain of height 2 and width 4 for RAM "layer1_conv_U/ram2_reg"
INFO: [Synth 8-7030] Implemented Non-Cascaded Block Ram (cascade_height = 1) of width 1 for RAM "layer1_conv_U/ram2_reg"
INFO: [Synth 8-5555] Implemented Block Ram Cascade chain of height 4 and width 18 for RAM "layer2_conv_U/ram0_reg"
INFO: [Synth 8-5555] Implemented Block Ram Cascade chain of height 2 and width 9 for RAM "layer2_conv_U/ram0_reg"
INFO: [Synth 8-7030] Implemented Non-Cascaded Block Ram (cascade_height = 1) of width 4 for RAM "layer2_conv_U/ram0_reg"
INFO: [Synth 8-7030] Implemented Non-Cascaded Block Ram (cascade_height = 1) of width 1 for RAM "layer2_conv_U/ram0_reg"
INFO: [Synth 8-5555] Implemented Block Ram Cascade chain of height 4 and width 18 for RAM "layer2_conv_U/ram1_reg"
INFO: [Synth 8-5555] Implemented Block Ram Cascade chain of height 2 and width 9 for RAM "layer2_conv_U/ram1_reg"
INFO: [Synth 8-7030] Implemented Non-Cascaded Block Ram (cascade_height = 1) of width 4 for RAM "layer2_conv_U/ram1_reg"
INFO: [Synth 8-7030] Implemented Non-Cascaded Block Ram (cascade_height = 1) of width 1 for RAM "layer2_conv_U/ram1_reg"
INFO: [Synth 8-5555] Implemented Block Ram Cascade chain of height 4 and width 18 for RAM "layer2_conv_U/ram2_reg"
INFO: [Synth 8-5555] Implemented Block Ram Cascade chain of height 2 and width 9 for RAM "layer2_conv_U/ram2_reg"
INFO: [Synth 8-7030] Implemented Non-Cascaded Block Ram (cascade_height = 1) of width 4 for RAM "layer2_conv_U/ram2_reg"
INFO: [Synth 8-7030] Implemented Non-Cascaded Block Ram (cascade_height = 1) of width 1 for RAM "layer2_conv_U/ram2_reg"
INFO: [Synth 8-7030] Implemented Non-Cascaded Block Ram (cascade_height = 1) of width 18 for RAM "cnn_predict__GCB0/layer2_pool_U/ram_reg"
INFO: [Synth 8-7030] Implemented Non-Cascaded Block Ram (cascade_height = 1) of width 14 for RAM "cnn_predict__GCB0/layer2_pool_U/ram_reg"
INFO: [Synth 8-6904] The RAM "cnn_predict__GCB0/dense_U/ram_reg" of size (depth=16 x width=32) is automatically implemented using LUTRAM. BRAM implementation would be inefficient 
INFO: [Synth 8-3886] merging instance 'fdiv_32ns_32ns_32_10_no_dsp_1_U85/din0_buf1_reg[31]' (FDE) to 'fdiv_32ns_32ns_32_10_no_dsp_1_U85/din0_buf1_reg[30]'
INFO: [Synth 8-3886] merging instance 'grp_cnn_predict_Pipeline_VITIS_LOOP_77_2_VITIS_LOOP_78_3_fu_345/select_ln77_1_reg_685_reg[5]' (FDE) to 'grp_cnn_predict_Pipeline_VITIS_LOOP_77_2_VITIS_LOOP_78_3_fu_345/add_ln_reg_701_reg[11]'
INFO: [Synth 8-3886] merging instance 'grp_cnn_predict_Pipeline_VITIS_LOOP_77_2_VITIS_LOOP_78_3_fu_345/select_ln77_1_reg_685_reg[0]' (FDE) to 'grp_cnn_predict_Pipeline_VITIS_LOOP_77_2_VITIS_LOOP_78_3_fu_345/add_ln_reg_701_reg[6]'
INFO: [Synth 8-3886] merging instance 'grp_cnn_predict_Pipeline_VITIS_LOOP_77_2_VITIS_LOOP_78_3_fu_345/select_ln77_1_reg_685_reg[1]' (FDE) to 'grp_cnn_predict_Pipeline_VITIS_LOOP_77_2_VITIS_LOOP_78_3_fu_345/add_ln_reg_701_reg[7]'
INFO: [Synth 8-3886] merging instance 'grp_cnn_predict_Pipeline_VITIS_LOOP_77_2_VITIS_LOOP_78_3_fu_345/select_ln77_1_reg_685_reg[2]' (FDE) to 'grp_cnn_predict_Pipeline_VITIS_LOOP_77_2_VITIS_LOOP_78_3_fu_345/add_ln_reg_701_reg[8]'
INFO: [Synth 8-3886] merging instance 'grp_cnn_predict_Pipeline_VITIS_LOOP_77_2_VITIS_LOOP_78_3_fu_345/select_ln77_1_reg_685_reg[3]' (FDE) to 'grp_cnn_predict_Pipeline_VITIS_LOOP_77_2_VITIS_LOOP_78_3_fu_345/add_ln_reg_701_reg[9]'
INFO: [Synth 8-3886] merging instance 'grp_cnn_predict_Pipeline_VITIS_LOOP_77_2_VITIS_LOOP_78_3_fu_345/select_ln77_1_reg_685_reg[4]' (FDE) to 'grp_cnn_predict_Pipeline_VITIS_LOOP_77_2_VITIS_LOOP_78_3_fu_345/add_ln_reg_701_reg[10]'
INFO: [Synth 8-3886] merging instance 'fdiv_32ns_32ns_32_10_no_dsp_1_U85/din0_buf1_reg[30]' (FDE) to 'fdiv_32ns_32ns_32_10_no_dsp_1_U85/din0_buf1_reg[22]'
INFO: [Synth 8-3886] merging instance 'fdiv_32ns_32ns_32_10_no_dsp_1_U85/din0_buf1_reg[29]' (FDE) to 'fdiv_32ns_32ns_32_10_no_dsp_1_U85/din0_buf1_reg[28]'
INFO: [Synth 8-3886] merging instance 'fdiv_32ns_32ns_32_10_no_dsp_1_U85/din0_buf1_reg[28]' (FDE) to 'fdiv_32ns_32ns_32_10_no_dsp_1_U85/din0_buf1_reg[27]'
INFO: [Synth 8-3886] merging instance 'fdiv_32ns_32ns_32_10_no_dsp_1_U85/din0_buf1_reg[27]' (FDE) to 'fdiv_32ns_32ns_32_10_no_dsp_1_U85/din0_buf1_reg[26]'
INFO: [Synth 8-3886] merging instance 'fdiv_32ns_32ns_32_10_no_dsp_1_U85/din0_buf1_reg[26]' (FDE) to 'fdiv_32ns_32ns_32_10_no_dsp_1_U85/din0_buf1_reg[25]'
INFO: [Synth 8-3886] merging instance 'fdiv_32ns_32ns_32_10_no_dsp_1_U85/din0_buf1_reg[25]' (FDE) to 'fdiv_32ns_32ns_32_10_no_dsp_1_U85/din0_buf1_reg[24]'
INFO: [Synth 8-3886] merging instance 'fdiv_32ns_32ns_32_10_no_dsp_1_U85/din0_buf1_reg[24]' (FDE) to 'fdiv_32ns_32ns_32_10_no_dsp_1_U85/din0_buf1_reg[23]'
INFO: [Synth 8-3333] propagating constant 1 across sequential element (fdiv_32ns_32ns_32_10_no_dsp_1_U85/\din0_buf1_reg[23] )
INFO: [Synth 8-3886] merging instance 'fdiv_32ns_32ns_32_10_no_dsp_1_U85/din0_buf1_reg[0]' (FDE) to 'fdiv_32ns_32ns_32_10_no_dsp_1_U85/din0_buf1_reg[22]'
INFO: [Synth 8-3886] merging instance 'fdiv_32ns_32ns_32_10_no_dsp_1_U85/din0_buf1_reg[1]' (FDE) to 'fdiv_32ns_32ns_32_10_no_dsp_1_U85/din0_buf1_reg[22]'
INFO: [Synth 8-3886] merging instance 'fdiv_32ns_32ns_32_10_no_dsp_1_U85/din0_buf1_reg[2]' (FDE) to 'fdiv_32ns_32ns_32_10_no_dsp_1_U85/din0_buf1_reg[22]'
INFO: [Synth 8-3886] merging instance 'fdiv_32ns_32ns_32_10_no_dsp_1_U85/din0_buf1_reg[3]' (FDE) to 'fdiv_32ns_32ns_32_10_no_dsp_1_U85/din0_buf1_reg[22]'
INFO: [Synth 8-3886] merging instance 'fdiv_32ns_32ns_32_10_no_dsp_1_U85/din0_buf1_reg[4]' (FDE) to 'fdiv_32ns_32ns_32_10_no_dsp_1_U85/din0_buf1_reg[22]'
INFO: [Synth 8-3886] merging instance 'fdiv_32ns_32ns_32_10_no_dsp_1_U85/din0_buf1_reg[5]' (FDE) to 'fdiv_32ns_32ns_32_10_no_dsp_1_U85/din0_buf1_reg[22]'
INFO: [Synth 8-3886] merging instance 'fdiv_32ns_32ns_32_10_no_dsp_1_U85/din0_buf1_reg[6]' (FDE) to 'fdiv_32ns_32ns_32_10_no_dsp_1_U85/din0_buf1_reg[22]'
INFO: [Synth 8-3886] merging instance 'fdiv_32ns_32ns_32_10_no_dsp_1_U85/din0_buf1_reg[7]' (FDE) to 'fdiv_32ns_32ns_32_10_no_dsp_1_U85/din0_buf1_reg[22]'
INFO: [Synth 8-3886] merging instance 'fdiv_32ns_32ns_32_10_no_dsp_1_U85/din0_buf1_reg[8]' (FDE) to 'fdiv_32ns_32ns_32_10_no_dsp_1_U85/din0_buf1_reg[22]'
INFO: [Synth 8-3886] merging instance 'fdiv_32ns_32ns_32_10_no_dsp_1_U85/din0_buf1_reg[9]' (FDE) to 'fdiv_32ns_32ns_32_10_no_dsp_1_U85/din0_buf1_reg[22]'
INFO: [Synth 8-3886] merging instance 'fdiv_32ns_32ns_32_10_no_dsp_1_U85/din0_buf1_reg[10]' (FDE) to 'fdiv_32ns_32ns_32_10_no_dsp_1_U85/din0_buf1_reg[22]'
INFO: [Synth 8-3886] merging instance 'fdiv_32ns_32ns_32_10_no_dsp_1_U85/din0_buf1_reg[11]' (FDE) to 'fdiv_32ns_32ns_32_10_no_dsp_1_U85/din0_buf1_reg[22]'
INFO: [Synth 8-3886] merging instance 'fdiv_32ns_32ns_32_10_no_dsp_1_U85/din0_buf1_reg[12]' (FDE) to 'fdiv_32ns_32ns_32_10_no_dsp_1_U85/din0_buf1_reg[22]'
INFO: [Synth 8-3886] merging instance 'fdiv_32ns_32ns_32_10_no_dsp_1_U85/din0_buf1_reg[13]' (FDE) to 'fdiv_32ns_32ns_32_10_no_dsp_1_U85/din0_buf1_reg[22]'
INFO: [Synth 8-3886] merging instance 'fdiv_32ns_32ns_32_10_no_dsp_1_U85/din0_buf1_reg[14]' (FDE) to 'fdiv_32ns_32ns_32_10_no_dsp_1_U85/din0_buf1_reg[22]'
INFO: [Synth 8-3886] merging instance 'fdiv_32ns_32ns_32_10_no_dsp_1_U85/din0_buf1_reg[15]' (FDE) to 'fdiv_32ns_32ns_32_10_no_dsp_1_U85/din0_buf1_reg[22]'
INFO: [Synth 8-3886] merging instance 'fdiv_32ns_32ns_32_10_no_dsp_1_U85/din0_buf1_reg[16]' (FDE) to 'fdiv_32ns_32ns_32_10_no_dsp_1_U85/din0_buf1_reg[22]'
INFO: [Synth 8-3886] merging instance 'fdiv_32ns_32ns_32_10_no_dsp_1_U85/din0_buf1_reg[17]' (FDE) to 'fdiv_32ns_32ns_32_10_no_dsp_1_U85/din0_buf1_reg[22]'
INFO: [Synth 8-3886] merging instance 'fdiv_32ns_32ns_32_10_no_dsp_1_U85/din0_buf1_reg[18]' (FDE) to 'fdiv_32ns_32ns_32_10_no_dsp_1_U85/din0_buf1_reg[22]'
INFO: [Synth 8-3886] merging instance 'fdiv_32ns_32ns_32_10_no_dsp_1_U85/din0_buf1_reg[19]' (FDE) to 'fdiv_32ns_32ns_32_10_no_dsp_1_U85/din0_buf1_reg[22]'
INFO: [Synth 8-3886] merging instance 'fdiv_32ns_32ns_32_10_no_dsp_1_U85/din0_buf1_reg[20]' (FDE) to 'fdiv_32ns_32ns_32_10_no_dsp_1_U85/din0_buf1_reg[22]'
INFO: [Synth 8-3886] merging instance 'fdiv_32ns_32ns_32_10_no_dsp_1_U85/din0_buf1_reg[21]' (FDE) to 'fdiv_32ns_32ns_32_10_no_dsp_1_U85/din0_buf1_reg[22]'
INFO: [Common 17-14] Message 'Synth 8-3886' appears 100 times and further instances of the messages will be disabled. Use the Tcl command set_msg_config to change the current settings.
INFO: [Synth 8-3333] propagating constant 0 across sequential element (fdiv_32ns_32ns_32_10_no_dsp_1_U85/\din0_buf1_reg[22] )
INFO: [Synth 8-3333] propagating constant 0 across sequential element (fexp_32ns_32ns_32_8_full_dsp_1_U86/\cnn_predict_fexp_32ns_32ns_32_8_full_dsp_1_ip_u/inst /i_synth/\EXP_OP.i_sp_or_dp.OP/i_recombination/result_delay/i_pipe/opt_has_pipe.first_q_reg[31] )
INFO: [Synth 8-3333] propagating constant 1 across sequential element (fexp_32ns_32ns_32_8_full_dsp_1_U86/ce_r_reg)
INFO: [Synth 8-3333] propagating constant 1 across sequential element (fdiv_32ns_32ns_32_10_no_dsp_1_U85/ce_r_reg)
INFO: [Synth 8-3333] propagating constant 0 across sequential element (grp_cnn_predict_Pipeline_VITIS_LOOP_192_27_fu_394/\output_w_U/q0_reg[30] )
INFO: [Synth 8-3333] propagating constant 1 across sequential element (grp_cnn_predict_Pipeline_VITIS_LOOP_192_27_fu_394/\output_w_U/q0_reg[29] )
INFO: [Synth 8-3333] propagating constant 0 across sequential element (grp_cnn_predict_Pipeline_VITIS_LOOP_180_26_fu_402/ap_done_reg_reg)
INFO: [Synth 8-3333] propagating constant 0 across sequential element (grp_cnn_predict_Pipeline_VITIS_LOOP_192_27_fu_394/ap_done_reg_reg)
INFO: [Synth 8-3333] propagating constant 1 across sequential element (grp_cnn_predict_Pipeline_VITIS_LOOP_147_17_VITIS_LOOP_148_18_VITIS_LOOP_149_19_fu_382/\ap_CS_fsm_reg[0] )
INFO: [Synth 8-3333] propagating constant 0 across sequential element (grp_cnn_predict_Pipeline_VITIS_LOOP_147_17_VITIS_LOOP_148_18_VITIS_LOOP_149_19_fu_382/ap_done_reg_reg)
INFO: [Synth 8-3333] propagating constant 0 across sequential element (grp_cnn_predict_Pipeline_VITIS_LOOP_77_2_VITIS_LOOP_78_3_fu_345/ap_done_reg_reg)
INFO: [Synth 8-3333] propagating constant 1 across sequential element (grp_cnn_predict_Pipeline_VITIS_LOOP_103_6_VITIS_LOOP_104_7_VITIS_LOOP_105_8_fu_339/\ap_CS_fsm_reg[0] )
INFO: [Synth 8-3333] propagating constant 0 across sequential element (grp_cnn_predict_Pipeline_VITIS_LOOP_103_6_VITIS_LOOP_104_7_VITIS_LOOP_105_8_fu_339/ap_done_reg_reg)
INFO: [Synth 8-3333] propagating constant 0 across sequential element (fexp_32ns_32ns_32_8_full_dsp_1_U86/\dout_r_reg[31] )
INFO: [Synth 8-3333] propagating constant 0 across sequential element (\tmp_reg_838_reg[31] )
WARNING: [Synth 8-3332] Sequential element (FSM_onehot_wstate_reg[0]) is unused and will be removed from module cnn_predict_control_s_axi.
WARNING: [Synth 8-3332] Sequential element (FSM_onehot_rstate_reg[0]) is unused and will be removed from module cnn_predict_control_s_axi.
INFO: [Synth 8-3332] Sequential element (ADDSUB_OP.ADDSUB/DSP.OP/DSP48E1_BODY.NORM_RND/FULL_USAGE_DSP.LOD/dist_norm_reg[1]) is unused and will be removed from module floating_point_v7_1_15_viv__11.
INFO: [Synth 8-3332] Sequential element (ADDSUB_OP.ADDSUB/DSP.OP/DSP48E1_BODY.NORM_RND/FULL_USAGE_DSP.LOD/dist_norm_reg[0]) is unused and will be removed from module floating_point_v7_1_15_viv__11.
INFO: [Synth 8-3936] Found unconnected internal register 'ADDSUB_OP.ADDSUB/DSP.OP/DSP48E1_BODY.EXP/EXP_OFF.LRG_EXP_DELAY/i_pipe/opt_has_pipe.first_q_reg' and it is trimmed from '9' to '8' bits. [/home/dani/Desktop/SDU_Master/EmbeddedSystems/final_assignment/vivado_final/cnn_project/cnn_project.gen/sources_1/bd/design_1/ipshared/7468/hdl/xbip_pipe_v3_0_vh_rfs.vhd:368]
INFO: [Synth 8-5546] ROM "ADDSUB_OP.ADDSUB/DSP.OP/DSP48E1_BODY.ALIGN_ADD/SHIFT_TABLE[0]" won't be mapped to RAM because it is too sparse
INFO: [Synth 8-5784] Optimized 36 bits of RAM "store_unit/buff_wdata/U_fifo_mem/mem_reg" due to constant propagation. Old ram width 36 bits, new ram width 0 bits.
WARNING: [Synth 8-5785] Removed RAM "store_unit/buff_wdata/U_fifo_mem/mem_reg" due to constant propagation. Write data stuck at zero 
INFO: [Synth 8-7030] Implemented Non-Cascaded Block Ram (cascade_height = 1) of width 18 for RAM "cnn_predict__GCB1/flat_U/ram_reg"
INFO: [Synth 8-7030] Implemented Non-Cascaded Block Ram (cascade_height = 1) of width 14 for RAM "cnn_predict__GCB1/flat_U/ram_reg"
INFO: [Synth 8-5555] Implemented Block Ram Cascade chain of height 2 and width 18 for RAM "layer1_pool_U/ram0_reg"
INFO: [Synth 8-7030] Implemented Non-Cascaded Block Ram (cascade_height = 1) of width 9 for RAM "layer1_pool_U/ram0_reg"
INFO: [Synth 8-7030] Implemented Non-Cascaded Block Ram (cascade_height = 1) of width 5 for RAM "layer1_pool_U/ram0_reg"
INFO: [Synth 8-5555] Implemented Block Ram Cascade chain of height 2 and width 18 for RAM "layer1_pool_U/ram1_reg"
INFO: [Synth 8-7030] Implemented Non-Cascaded Block Ram (cascade_height = 1) of width 9 for RAM "layer1_pool_U/ram1_reg"
INFO: [Synth 8-7030] Implemented Non-Cascaded Block Ram (cascade_height = 1) of width 5 for RAM "layer1_pool_U/ram1_reg"
INFO: [Synth 8-5555] Implemented Block Ram Cascade chain of height 2 and width 18 for RAM "layer1_pool_U/ram2_reg"
INFO: [Synth 8-7030] Implemented Non-Cascaded Block Ram (cascade_height = 1) of width 9 for RAM "layer1_pool_U/ram2_reg"
INFO: [Synth 8-7030] Implemented Non-Cascaded Block Ram (cascade_height = 1) of width 5 for RAM "layer1_pool_U/ram2_reg"
INFO: [Synth 8-5555] Implemented Block Ram Cascade chain of height 2 and width 18 for RAM "layer1_pool_U/ram3_reg"
INFO: [Synth 8-7030] Implemented Non-Cascaded Block Ram (cascade_height = 1) of width 9 for RAM "layer1_pool_U/ram3_reg"
INFO: [Synth 8-7030] Implemented Non-Cascaded Block Ram (cascade_height = 1) of width 5 for RAM "layer1_pool_U/ram3_reg"
INFO: [Synth 8-5555] Implemented Block Ram Cascade chain of height 2 and width 18 for RAM "layer1_pool_U/ram4_reg"
INFO: [Synth 8-7030] Implemented Non-Cascaded Block Ram (cascade_height = 1) of width 9 for RAM "layer1_pool_U/ram4_reg"
INFO: [Synth 8-7030] Implemented Non-Cascaded Block Ram (cascade_height = 1) of width 5 for RAM "layer1_pool_U/ram4_reg"
INFO: [Synth 8-5555] Implemented Block Ram Cascade chain of height 2 and width 18 for RAM "layer1_pool_U/ram5_reg"
INFO: [Synth 8-7030] Implemented Non-Cascaded Block Ram (cascade_height = 1) of width 9 for RAM "layer1_pool_U/ram5_reg"
INFO: [Synth 8-7030] Implemented Non-Cascaded Block Ram (cascade_height = 1) of width 5 for RAM "layer1_pool_U/ram5_reg"
INFO: [Synth 8-5555] Implemented Block Ram Cascade chain of height 2 and width 18 for RAM "layer1_pool_U/ram6_reg"
INFO: [Synth 8-7030] Implemented Non-Cascaded Block Ram (cascade_height = 1) of width 9 for RAM "layer1_pool_U/ram6_reg"
INFO: [Synth 8-7030] Implemented Non-Cascaded Block Ram (cascade_height = 1) of width 5 for RAM "layer1_pool_U/ram6_reg"
INFO: [Synth 8-5555] Implemented Block Ram Cascade chain of height 2 and width 18 for RAM "layer1_pool_U/ram7_reg"
INFO: [Synth 8-7030] Implemented Non-Cascaded Block Ram (cascade_height = 1) of width 9 for RAM "layer1_pool_U/ram7_reg"
INFO: [Synth 8-7030] Implemented Non-Cascaded Block Ram (cascade_height = 1) of width 5 for RAM "layer1_pool_U/ram7_reg"
INFO: [Synth 8-5555] Implemented Block Ram Cascade chain of height 2 and width 18 for RAM "layer1_pool_U/ram8_reg"
INFO: [Synth 8-7030] Implemented Non-Cascaded Block Ram (cascade_height = 1) of width 9 for RAM "layer1_pool_U/ram8_reg"
INFO: [Synth 8-7030] Implemented Non-Cascaded Block Ram (cascade_height = 1) of width 5 for RAM "layer1_pool_U/ram8_reg"
INFO: [Synth 8-5555] Implemented Block Ram Cascade chain of height 2 and width 18 for RAM "layer1_pool_U/ram9_reg"
INFO: [Synth 8-7030] Implemented Non-Cascaded Block Ram (cascade_height = 1) of width 9 for RAM "layer1_pool_U/ram9_reg"
INFO: [Synth 8-7030] Implemented Non-Cascaded Block Ram (cascade_height = 1) of width 5 for RAM "layer1_pool_U/ram9_reg"
INFO: [Synth 8-5555] Implemented Block Ram Cascade chain of height 2 and width 18 for RAM "layer1_pool_U/ram10_reg"
INFO: [Synth 8-7030] Implemented Non-Cascaded Block Ram (cascade_height = 1) of width 9 for RAM "layer1_pool_U/ram10_reg"
INFO: [Synth 8-7030] Implemented Non-Cascaded Block Ram (cascade_height = 1) of width 5 for RAM "layer1_pool_U/ram10_reg"
INFO: [Synth 8-5555] Implemented Block Ram Cascade chain of height 2 and width 18 for RAM "cnn_predict__GCB1/img_read_U/ram_reg"
INFO: [Synth 8-7030] Implemented Non-Cascaded Block Ram (cascade_height = 1) of width 9 for RAM "cnn_predict__GCB1/img_read_U/ram_reg"
INFO: [Synth 8-7030] Implemented Non-Cascaded Block Ram (cascade_height = 1) of width 5 for RAM "cnn_predict__GCB1/img_read_U/ram_reg"
INFO: [Synth 8-3333] propagating constant 0 across sequential element (gmem_m_axi_U/\store_unit/tmp_addr_reg[1] )
INFO: [Synth 8-3333] propagating constant 1 across sequential element (gmem_m_axi_U/\store_unit/fifo_wreq/full_n_reg )
INFO: [Synth 8-3333] propagating constant 1 across sequential element (gmem_m_axi_U/\store_unit/buff_wdata/full_n_reg )
INFO: [Synth 8-3333] propagating constant 0 across sequential element (gmem_m_axi_U/\load_unit/tmp_addr_reg[1] )
INFO: [Synth 8-3333] propagating constant 0 across sequential element (gmem_m_axi_U/\bus_write/could_multi_bursts.awlen_buf_reg[4] )
INFO: [Synth 8-3333] propagating constant 0 across sequential element (gmem_m_axi_U/\bus_write/could_multi_bursts.awlen_buf_reg[7] )
INFO: [Synth 8-3333] propagating constant 0 across sequential element (gmem_m_axi_U/\bus_write/could_multi_bursts.awaddr_buf_reg[1] )
INFO: [Synth 8-3333] propagating constant 0 across sequential element (gmem_m_axi_U/\bus_write/data_buf_reg[31] )
INFO: [Synth 8-3333] propagating constant 0 across sequential element (grp_cnn_predict_Pipeline_VITIS_LOOP_167_22_VITIS_LOOP_168_23_VITIS_LOOP_169_24_fu_388/add_ln167_1_fu_375_p2_inferred/\indvars_iv189_fu_86_reg[0] )
INFO: [Synth 8-3333] propagating constant 0 across sequential element (grp_cnn_predict_Pipeline_VITIS_LOOP_167_22_VITIS_LOOP_168_23_VITIS_LOOP_169_24_fu_388/add_ln167_1_fu_375_p2_inferred/\indvars_iv189_fu_86_reg[1] )
INFO: [Synth 8-3333] propagating constant 0 across sequential element (grp_cnn_predict_Pipeline_VITIS_LOOP_167_22_VITIS_LOOP_168_23_VITIS_LOOP_169_24_fu_388/add_ln167_1_fu_375_p2_inferred/\indvars_iv189_fu_86_reg[2] )
INFO: [Synth 8-3333] propagating constant 0 across sequential element (grp_cnn_predict_Pipeline_VITIS_LOOP_167_22_VITIS_LOOP_168_23_VITIS_LOOP_169_24_fu_388/add_ln167_1_fu_375_p2_inferred/\indvars_iv189_fu_86_reg[3] )
INFO: [Synth 8-3333] propagating constant 0 across sequential element (dense1_b_U/\q0_reg[30] )
INFO: [Synth 8-3333] propagating constant 0 across sequential element (gmem_m_axi_U/\bus_read/could_multi_bursts.arlen_buf_reg[7] )
INFO: [Synth 8-3333] propagating constant 0 across sequential element (gmem_m_axi_U/\bus_read/could_multi_bursts.araddr_buf_reg[1] )
INFO: [Synth 8-3333] propagating constant 0 across sequential element (grp_cnn_predict_Pipeline_VITIS_LOOP_38_1_fu_330/ap_done_reg_reg)
INFO: [Synth 8-3333] propagating constant 1 across sequential element (\sum_reg_764_reg[29] )
INFO: [Synth 8-3333] propagating constant 0 across sequential element (\sum_reg_764_reg[30] )
INFO: [Synth 8-3333] propagating constant 1 across sequential element (grp_cnn_predict_Pipeline_VITIS_LOOP_167_22_VITIS_LOOP_168_23_VITIS_LOOP_169_24_fu_388/\ap_CS_fsm_reg[0] )
INFO: [Synth 8-3333] propagating constant 0 across sequential element (grp_cnn_predict_Pipeline_VITIS_LOOP_167_22_VITIS_LOOP_168_23_VITIS_LOOP_169_24_fu_388/ap_done_reg_reg)
INFO: [Common 17-14] Message 'Synth 8-3886' appears 100 times and further instances of the messages will be disabled. Use the Tcl command set_msg_config to change the current settings.
INFO: [Synth 8-3333] propagating constant 0 across sequential element (gmem_m_axi_U/\bus_write/rs_wreq/data_p2_reg[0] )
INFO: [Synth 8-3333] propagating constant 0 across sequential element (gmem_m_axi_U/\bus_read/rs_rreq/data_p2_reg[0] )
INFO: [Synth 8-3333] propagating constant 0 across sequential element (gmem_m_axi_U/\store_unit/fifo_wreq/U_fifo_srl/dout_reg[95] )
INFO: [Synth 8-3333] propagating constant 0 across sequential element (gmem_m_axi_U/\bus_write/fifo_burst/U_fifo_srl/dout_reg[5] )
INFO: [Synth 8-3333] propagating constant 0 across sequential element (gmem_m_axi_U/\load_unit/fifo_rreq/U_fifo_srl/dout_reg[95] )
INFO: [Synth 8-3333] propagating constant 0 across sequential element (\sum_3_reg_828_reg[30] )
INFO: [Synth 8-3333] propagating constant 0 across sequential element (gmem_m_axi_U/\store_unit/tmp_addr_reg[63] )
INFO: [Synth 8-3333] propagating constant 0 across sequential element (gmem_m_axi_U/\bus_write/rs_wreq/data_p1_reg[1] )
INFO: [Synth 8-3333] propagating constant 0 across sequential element (gmem_m_axi_U/\store_unit/tmp_valid_reg )
INFO: [Synth 8-3333] propagating constant 0 across sequential element (gmem_m_axi_U/\bus_read/rs_rreq/data_p1_reg[1] )
INFO: [Synth 8-3333] propagating constant 0 across sequential element (gmem_m_axi_U/\bus_write/wreq_throttle/req_fifo/U_fifo_srl/dout_reg[1] )
INFO: [Synth 8-3333] propagating constant 0 across sequential element (gmem_m_axi_U/\bus_write/wreq_throttle/data_fifo/U_fifo_srl/dout_reg[31] )
INFO: [Synth 8-3333] propagating constant 0 across sequential element (gmem_m_axi_U/\bus_write/rs_wreq/data_p2_reg[94] )
INFO: [Synth 8-3333] propagating constant 0 across sequential element (gmem_m_axi_U/\bus_write/rs_wreq/data_p2_reg[2] )
INFO: [Synth 8-3333] propagating constant 0 across sequential element (gmem_m_axi_U/\store_unit/fifo_wrsp/U_fifo_srl/dout_reg[0] )
INFO: [Synth 8-3333] propagating constant 0 across sequential element (gmem_m_axi_U/\bus_write/wreq_throttle/rs_req/data_p2_reg[0] )
INFO: [Synth 8-3333] propagating constant 0 across sequential element (gmem_m_axi_U/\bus_write/rs_wreq/data_p1_reg[63] )
INFO: [Synth 8-3333] propagating constant 0 across sequential element (gmem_m_axi_U/\bus_write/wreq_throttle/rs_req/data_p1_reg[1] )
INFO: [Synth 8-3333] propagating constant 0 across sequential element (gmem_m_axi_U/\bus_write/end_addr_reg[63] )
INFO: [Synth 8-3333] propagating constant 0 across sequential element (gmem_m_axi_U/\bus_write/sect_addr_buf_reg[11] )
INFO: [Synth 8-3333] propagating constant 0 across sequential element (gmem_m_axi_U/\bus_write/wreq_throttle/rs_req/data_p2_reg[63] )
INFO: [Synth 8-3333] propagating constant 0 across sequential element (gmem_m_axi_U/\bus_write/wreq_throttle/rs_req/data_p1_reg[63] )
INFO: [Synth 8-3332] Sequential element (ADDSUB_OP.ADDSUB/DSP.OP/DSP48E1_BODY.NORM_RND/FULL_USAGE_DSP.LOD/dist_norm_reg[1]) is unused and will be removed from module floating_point_v7_1_15_viv.
INFO: [Synth 8-3332] Sequential element (ADDSUB_OP.ADDSUB/DSP.OP/DSP48E1_BODY.NORM_RND/FULL_USAGE_DSP.LOD/dist_norm_reg[0]) is unused and will be removed from module floating_point_v7_1_15_viv.
WARNING: [Synth 8-3332] Sequential element (bus_write/rs_wreq/FSM_sequential_state_reg[1]) is unused and will be removed from module cnn_predict_gmem_m_axi.
WARNING: [Synth 8-3332] Sequential element (bus_write/rs_wreq/FSM_sequential_state_reg[0]) is unused and will be removed from module cnn_predict_gmem_m_axi.
WARNING: [Synth 8-3332] Sequential element (bus_write/wreq_throttle/rs_req/FSM_sequential_state_reg[1]) is unused and will be removed from module cnn_predict_gmem_m_axi.
WARNING: [Synth 8-3332] Sequential element (bus_write/wreq_throttle/rs_req/FSM_sequential_state_reg[0]) is unused and will be removed from module cnn_predict_gmem_m_axi.
---------------------------------------------------------------------------------
Finished Cross Boundary and Area Optimization : Time (s): cpu = 00:00:52 ; elapsed = 00:01:21 . Memory (MB): peak = 3680.793 ; gain = 732.324 ; free physical = 8652 ; free virtual = 29974
Synthesis current peak Physical Memory [PSS] (MB): peak = 9630.436; parent = 2476.308; children = 7231.259
Synthesis current peak Virtual Memory [VSS] (MB): peak = 15572.219; parent = 3652.699; children = 11923.438
---------------------------------------------------------------------------------
---------------------------------------------------------------------------------
Start Applying XDC Timing Constraints
---------------------------------------------------------------------------------
---------------------------------------------------------------------------------
Finished Applying XDC Timing Constraints : Time (s): cpu = 00:01:00 ; elapsed = 00:01:30 . Memory (MB): peak = 4031.996 ; gain = 1083.527 ; free physical = 8071 ; free virtual = 29446
Synthesis current peak Physical Memory [PSS] (MB): peak = 10194.767; parent = 3088.654; children = 7231.259
Synthesis current peak Virtual Memory [VSS] (MB): peak = 15956.438; parent = 4033.000; children = 11923.438
---------------------------------------------------------------------------------
---------------------------------------------------------------------------------
Start Timing Optimization
---------------------------------------------------------------------------------
---------------------------------------------------------------------------------
Finished Timing Optimization : Time (s): cpu = 00:01:05 ; elapsed = 00:01:36 . Memory (MB): peak = 4116.051 ; gain = 1167.582 ; free physical = 8007 ; free virtual = 29379
Synthesis current peak Physical Memory [PSS] (MB): peak = 10254.159; parent = 3148.605; children = 7231.259
Synthesis current peak Virtual Memory [VSS] (MB): peak = 16039.492; parent = 4116.055; children = 11923.438
---------------------------------------------------------------------------------
---------------------------------------------------------------------------------
Start Technology Mapping
---------------------------------------------------------------------------------
INFO: [Synth 8-7052] The timing for the instance inst/i_2_1/gmem_m_axi_U/load_unit/buff_rdata/U_fifo_mem/mem_reg (implemented as a Block RAM) might be sub-optimal as no optional output register could be merged into the ram block. Providing additional output register may help in improving timing.
INFO: [Synth 8-7052] The timing for the instance inst/i_2_1/flat_U/ram_reg_bram_0 (implemented as a Block RAM) might be sub-optimal as no optional output register could be merged into the ram block. Providing additional output register may help in improving timing.
INFO: [Synth 8-7052] The timing for the instance inst/i_2_1/flat_U/ram_reg_bram_1 (implemented as a Block RAM) might be sub-optimal as no optional output register could be merged into the ram block. Providing additional output register may help in improving timing.
INFO: [Synth 8-7052] The timing for the instance inst/i_2_1/layer1_pool_U/ram0_reg_bram_1 (implemented as a Block RAM) might be sub-optimal as no optional output register could be merged into the ram block. Providing additional output register may help in improving timing.
INFO: [Synth 8-7052] The timing for the instance inst/i_2_1/layer1_pool_U/ram0_reg_bram_1 (implemented as a Block RAM) might be sub-optimal as no optional output register could be merged into the ram block. Providing additional output register may help in improving timing.
INFO: [Synth 8-7052] The timing for the instance inst/i_2_1/layer1_pool_U/ram0_reg_bram_2 (implemented as a Block RAM) might be sub-optimal as no optional output register could be merged into the ram block. Providing additional output register may help in improving timing.
INFO: [Synth 8-7052] The timing for the instance inst/i_2_1/layer1_pool_U/ram0_reg_bram_2 (implemented as a Block RAM) might be sub-optimal as no optional output register could be merged into the ram block. Providing additional output register may help in improving timing.
INFO: [Synth 8-7052] The timing for the instance inst/i_2_1/layer1_pool_U/ram0_reg_bram_3 (implemented as a Block RAM) might be sub-optimal as no optional output register could be merged into the ram block. Providing additional output register may help in improving timing.
INFO: [Synth 8-7052] The timing for the instance inst/i_2_1/layer1_pool_U/ram0_reg_bram_3 (implemented as a Block RAM) might be sub-optimal as no optional output register could be merged into the ram block. Providing additional output register may help in improving timing.
INFO: [Synth 8-7052] The timing for the instance inst/i_2_1/layer1_pool_U/ram1_reg_bram_1 (implemented as a Block RAM) might be sub-optimal as no optional output register could be merged into the ram block. Providing additional output register may help in improving timing.
INFO: [Synth 8-7052] The timing for the instance inst/i_2_1/layer1_pool_U/ram1_reg_bram_2 (implemented as a Block RAM) might be sub-optimal as no optional output register could be merged into the ram block. Providing additional output register may help in improving timing.
INFO: [Synth 8-7052] The timing for the instance inst/i_2_1/layer1_pool_U/ram1_reg_bram_3 (implemented as a Block RAM) might be sub-optimal as no optional output register could be merged into the ram block. Providing additional output register may help in improving timing.
INFO: [Synth 8-7052] The timing for the instance inst/i_2_1/layer1_pool_U/ram2_reg_bram_1 (implemented as a Block RAM) might be sub-optimal as no optional output register could be merged into the ram block. Providing additional output register may help in improving timing.
INFO: [Synth 8-7052] The timing for the instance inst/i_2_1/layer1_pool_U/ram2_reg_bram_2 (implemented as a Block RAM) might be sub-optimal as no optional output register could be merged into the ram block. Providing additional output register may help in improving timing.
INFO: [Synth 8-7052] The timing for the instance inst/i_2_1/layer1_pool_U/ram2_reg_bram_3 (implemented as a Block RAM) might be sub-optimal as no optional output register could be merged into the ram block. Providing additional output register may help in improving timing.
INFO: [Synth 8-7052] The timing for the instance inst/i_2_1/layer1_pool_U/ram3_reg_bram_1 (implemented as a Block RAM) might be sub-optimal as no optional output register could be merged into the ram block. Providing additional output register may help in improving timing.
INFO: [Synth 8-7052] The timing for the instance inst/i_2_1/layer1_pool_U/ram3_reg_bram_2 (implemented as a Block RAM) might be sub-optimal as no optional output register could be merged into the ram block. Providing additional output register may help in improving timing.
INFO: [Synth 8-7052] The timing for the instance inst/i_2_1/layer1_pool_U/ram3_reg_bram_3 (implemented as a Block RAM) might be sub-optimal as no optional output register could be merged into the ram block. Providing additional output register may help in improving timing.
INFO: [Synth 8-7052] The timing for the instance inst/i_2_1/layer1_pool_U/ram4_reg_bram_1 (implemented as a Block RAM) might be sub-optimal as no optional output register could be merged into the ram block. Providing additional output register may help in improving timing.
INFO: [Synth 8-7052] The timing for the instance inst/i_2_1/layer1_pool_U/ram4_reg_bram_2 (implemented as a Block RAM) might be sub-optimal as no optional output register could be merged into the ram block. Providing additional output register may help in improving timing.
INFO: [Synth 8-7052] The timing for the instance inst/i_2_1/layer1_pool_U/ram4_reg_bram_3 (implemented as a Block RAM) might be sub-optimal as no optional output register could be merged into the ram block. Providing additional output register may help in improving timing.
INFO: [Synth 8-7052] The timing for the instance inst/i_2_1/layer1_pool_U/ram5_reg_bram_1 (implemented as a Block RAM) might be sub-optimal as no optional output register could be merged into the ram block. Providing additional output register may help in improving timing.
INFO: [Synth 8-7052] The timing for the instance inst/i_2_1/layer1_pool_U/ram5_reg_bram_2 (implemented as a Block RAM) might be sub-optimal as no optional output register could be merged into the ram block. Providing additional output register may help in improving timing.
INFO: [Synth 8-7052] The timing for the instance inst/i_2_1/layer1_pool_U/ram5_reg_bram_3 (implemented as a Block RAM) might be sub-optimal as no optional output register could be merged into the ram block. Providing additional output register may help in improving timing.
INFO: [Synth 8-7052] The timing for the instance inst/i_2_1/layer1_pool_U/ram6_reg_bram_1 (implemented as a Block RAM) might be sub-optimal as no optional output register could be merged into the ram block. Providing additional output register may help in improving timing.
INFO: [Synth 8-7052] The timing for the instance inst/i_2_1/layer1_pool_U/ram6_reg_bram_2 (implemented as a Block RAM) might be sub-optimal as no optional output register could be merged into the ram block. Providing additional output register may help in improving timing.
INFO: [Synth 8-7052] The timing for the instance inst/i_2_1/layer1_pool_U/ram6_reg_bram_3 (implemented as a Block RAM) might be sub-optimal as no optional output register could be merged into the ram block. Providing additional output register may help in improving timing.
INFO: [Synth 8-7052] The timing for the instance inst/i_2_1/layer1_pool_U/ram7_reg_bram_1 (implemented as a Block RAM) might be sub-optimal as no optional output register could be merged into the ram block. Providing additional output register may help in improving timing.
INFO: [Synth 8-7052] The timing for the instance inst/i_2_1/layer1_pool_U/ram7_reg_bram_2 (implemented as a Block RAM) might be sub-optimal as no optional output register could be merged into the ram block. Providing additional output register may help in improving timing.
INFO: [Synth 8-7052] The timing for the instance inst/i_2_1/layer1_pool_U/ram7_reg_bram_3 (implemented as a Block RAM) might be sub-optimal as no optional output register could be merged into the ram block. Providing additional output register may help in improving timing.
INFO: [Synth 8-7052] The timing for the instance inst/i_2_1/layer1_pool_U/ram8_reg_bram_1 (implemented as a Block RAM) might be sub-optimal as no optional output register could be merged into the ram block. Providing additional output register may help in improving timing.
INFO: [Synth 8-7052] The timing for the instance inst/i_2_1/layer1_pool_U/ram8_reg_bram_2 (implemented as a Block RAM) might be sub-optimal as no optional output register could be merged into the ram block. Providing additional output register may help in improving timing.
INFO: [Synth 8-7052] The timing for the instance inst/i_2_1/layer1_pool_U/ram8_reg_bram_3 (implemented as a Block RAM) might be sub-optimal as no optional output register could be merged into the ram block. Providing additional output register may help in improving timing.
INFO: [Synth 8-7052] The timing for the instance inst/i_2_1/layer1_pool_U/ram9_reg_bram_1 (implemented as a Block RAM) might be sub-optimal as no optional output register could be merged into the ram block. Providing additional output register may help in improving timing.
INFO: [Synth 8-7052] The timing for the instance inst/i_2_1/layer1_pool_U/ram9_reg_bram_2 (implemented as a Block RAM) might be sub-optimal as no optional output register could be merged into the ram block. Providing additional output register may help in improving timing.
INFO: [Synth 8-7052] The timing for the instance inst/i_2_1/layer1_pool_U/ram9_reg_bram_3 (implemented as a Block RAM) might be sub-optimal as no optional output register could be merged into the ram block. Providing additional output register may help in improving timing.
INFO: [Synth 8-7052] The timing for the instance inst/i_2_1/layer1_pool_U/ram10_reg_bram_1 (implemented as a Block RAM) might be sub-optimal as no optional output register could be merged into the ram block. Providing additional output register may help in improving timing.
INFO: [Synth 8-7052] The timing for the instance inst/i_2_1/layer1_pool_U/ram10_reg_bram_2 (implemented as a Block RAM) might be sub-optimal as no optional output register could be merged into the ram block. Providing additional output register may help in improving timing.
INFO: [Synth 8-7052] The timing for the instance inst/i_2_1/layer1_pool_U/ram10_reg_bram_3 (implemented as a Block RAM) might be sub-optimal as no optional output register could be merged into the ram block. Providing additional output register may help in improving timing.
INFO: [Synth 8-7052] The timing for the instance inst/i_2_1/img_read_U/ram_reg_bram_1 (implemented as a Block RAM) might be sub-optimal as no optional output register could be merged into the ram block. Providing additional output register may help in improving timing.
INFO: [Synth 8-7052] The timing for the instance inst/i_2_1/img_read_U/ram_reg_bram_1 (implemented as a Block RAM) might be sub-optimal as no optional output register could be merged into the ram block. Providing additional output register may help in improving timing.
INFO: [Synth 8-7052] The timing for the instance inst/i_2_1/img_read_U/ram_reg_bram_2 (implemented as a Block RAM) might be sub-optimal as no optional output register could be merged into the ram block. Providing additional output register may help in improving timing.
INFO: [Synth 8-7052] The timing for the instance inst/i_2_1/img_read_U/ram_reg_bram_2 (implemented as a Block RAM) might be sub-optimal as no optional output register could be merged into the ram block. Providing additional output register may help in improving timing.
INFO: [Synth 8-7052] The timing for the instance inst/i_2_1/img_read_U/ram_reg_bram_3 (implemented as a Block RAM) might be sub-optimal as no optional output register could be merged into the ram block. Providing additional output register may help in improving timing.
INFO: [Synth 8-7052] The timing for the instance inst/i_2_1/img_read_U/ram_reg_bram_3 (implemented as a Block RAM) might be sub-optimal as no optional output register could be merged into the ram block. Providing additional output register may help in improving timing.
INFO: [Synth 8-7052] The timing for the instance inst/grp_cnn_predict_Pipeline_VITIS_LOOP_121_11_VITIS_LOOP_122_12_VITIS_LOOP_123_13_fu_372i_2/grp_cnn_predict_Pipeline_VITIS_LOOP_121_11_VITIS_LOOP_122_12_VITIS_LOOP_123_13_fu_372/conv2_w_U/q10_reg (implemented as a Block RAM) might be sub-optimal as no optional output register could be merged into the ram block. Providing additional output register may help in improving timing.
INFO: [Synth 8-7052] The timing for the instance inst/grp_cnn_predict_Pipeline_VITIS_LOOP_121_11_VITIS_LOOP_122_12_VITIS_LOOP_123_13_fu_372i_2/grp_cnn_predict_Pipeline_VITIS_LOOP_121_11_VITIS_LOOP_122_12_VITIS_LOOP_123_13_fu_372/conv2_w_U/q10_reg (implemented as a Block RAM) might be sub-optimal as no optional output register could be merged into the ram block. Providing additional output register may help in improving timing.
INFO: [Synth 8-7052] The timing for the instance inst/grp_cnn_predict_Pipeline_VITIS_LOOP_121_11_VITIS_LOOP_122_12_VITIS_LOOP_123_13_fu_372i_2/grp_cnn_predict_Pipeline_VITIS_LOOP_121_11_VITIS_LOOP_122_12_VITIS_LOOP_123_13_fu_372/conv2_w_U/q11_reg (implemented as a Block RAM) might be sub-optimal as no optional output register could be merged into the ram block. Providing additional output register may help in improving timing.
INFO: [Synth 8-7052] The timing for the instance inst/grp_cnn_predict_Pipeline_VITIS_LOOP_121_11_VITIS_LOOP_122_12_VITIS_LOOP_123_13_fu_372i_2/grp_cnn_predict_Pipeline_VITIS_LOOP_121_11_VITIS_LOOP_122_12_VITIS_LOOP_123_13_fu_372/conv2_w_U/q11_reg (implemented as a Block RAM) might be sub-optimal as no optional output register could be merged into the ram block. Providing additional output register may help in improving timing.
INFO: [Synth 8-7052] The timing for the instance inst/i_0/layer1_conv_U/ram2_reg_bram_7 (implemented as a Block RAM) might be sub-optimal as no optional output register could be merged into the ram block. Providing additional output register may help in improving timing.
INFO: [Synth 8-7052] The timing for the instance inst/i_0/layer1_conv_U/ram2_reg_bram_11 (implemented as a Block RAM) might be sub-optimal as no optional output register could be merged into the ram block. Providing additional output register may help in improving timing.
INFO: [Synth 8-7052] The timing for the instance inst/i_0/layer1_conv_U/ram2_reg_bram_13 (implemented as a Block RAM) might be sub-optimal as no optional output register could be merged into the ram block. Providing additional output register may help in improving timing.
INFO: [Synth 8-7052] The timing for the instance inst/i_0/layer1_conv_U/ram2_reg_bram_14 (implemented as a Block RAM) might be sub-optimal as no optional output register could be merged into the ram block. Providing additional output register may help in improving timing.
INFO: [Synth 8-7052] The timing for the instance inst/i_0/layer2_conv_U/ram2_reg_bram_3 (implemented as a Block RAM) might be sub-optimal as no optional output register could be merged into the ram block. Providing additional output register may help in improving timing.
INFO: [Synth 8-7052] The timing for the instance inst/i_0/layer2_conv_U/ram2_reg_bram_5 (implemented as a Block RAM) might be sub-optimal as no optional output register could be merged into the ram block. Providing additional output register may help in improving timing.
INFO: [Synth 8-7052] The timing for the instance inst/i_0/layer2_conv_U/ram2_reg_bram_6 (implemented as a Block RAM) might be sub-optimal as no optional output register could be merged into the ram block. Providing additional output register may help in improving timing.
INFO: [Synth 8-7052] The timing for the instance inst/i_0/layer2_conv_U/ram2_reg_bram_7 (implemented as a Block RAM) might be sub-optimal as no optional output register could be merged into the ram block. Providing additional output register may help in improving timing.
INFO: [Synth 8-7052] The timing for the instance inst/i_0/layer2_pool_U/ram_reg_bram_0 (implemented as a Block RAM) might be sub-optimal as no optional output register could be merged into the ram block. Providing additional output register may help in improving timing.
INFO: [Synth 8-7052] The timing for the instance inst/i_0/layer2_pool_U/ram_reg_bram_1 (implemented as a Block RAM) might be sub-optimal as no optional output register could be merged into the ram block. Providing additional output register may help in improving timing.
INFO: [Synth 8-7052] The timing for the instance inst/i_0/grp_cnn_predict_Pipeline_VITIS_LOOP_180_26_fu_402/dense1_w_U/q0_reg_0_0 (implemented as a Block RAM) might be sub-optimal as no optional output register could be merged into the ram block. Providing additional output register may help in improving timing.
INFO: [Synth 8-7052] The timing for the instance inst/i_0/grp_cnn_predict_Pipeline_VITIS_LOOP_180_26_fu_402/dense1_w_U/q0_reg_0_1 (implemented as a Block RAM) might be sub-optimal as no optional output register could be merged into the ram block. Providing additional output register may help in improving timing.
INFO: [Synth 8-7052] The timing for the instance inst/i_0/grp_cnn_predict_Pipeline_VITIS_LOOP_180_26_fu_402/dense1_w_U/q0_reg_0_2 (implemented as a Block RAM) might be sub-optimal as no optional output register could be merged into the ram block. Providing additional output register may help in improving timing.
INFO: [Synth 8-7052] The timing for the instance inst/i_0/grp_cnn_predict_Pipeline_VITIS_LOOP_180_26_fu_402/dense1_w_U/q0_reg_0_3 (implemented as a Block RAM) might be sub-optimal as no optional output register could be merged into the ram block. Providing additional output register may help in improving timing.
INFO: [Synth 8-7052] The timing for the instance inst/i_0/grp_cnn_predict_Pipeline_VITIS_LOOP_180_26_fu_402/dense1_w_U/q0_reg_0_4 (implemented as a Block RAM) might be sub-optimal as no optional output register could be merged into the ram block. Providing additional output register may help in improving timing.
INFO: [Synth 8-7052] The timing for the instance inst/i_0/grp_cnn_predict_Pipeline_VITIS_LOOP_180_26_fu_402/dense1_w_U/q0_reg_0_5 (implemented as a Block RAM) might be sub-optimal as no optional output register could be merged into the ram block. Providing additional output register may help in improving timing.
INFO: [Synth 8-7052] The timing for the instance inst/i_0/grp_cnn_predict_Pipeline_VITIS_LOOP_180_26_fu_402/dense1_w_U/q0_reg_0_6 (implemented as a Block RAM) might be sub-optimal as no optional output register could be merged into the ram block. Providing additional output register may help in improving timing.
INFO: [Synth 8-7052] The timing for the instance inst/i_0/grp_cnn_predict_Pipeline_VITIS_LOOP_180_26_fu_402/dense1_w_U/q0_reg_0_7 (implemented as a Block RAM) might be sub-optimal as no optional output register could be merged into the ram block. Providing additional output register may help in improving timing.
INFO: [Synth 8-7052] The timing for the instance inst/i_0/grp_cnn_predict_Pipeline_VITIS_LOOP_180_26_fu_402/dense1_w_U/q0_reg_0_8 (implemented as a Block RAM) might be sub-optimal as no optional output register could be merged into the ram block. Providing additional output register may help in improving timing.
INFO: [Synth 8-7052] The timing for the instance inst/i_0/grp_cnn_predict_Pipeline_VITIS_LOOP_180_26_fu_402/dense1_w_U/q0_reg_0_9 (implemented as a Block RAM) might be sub-optimal as no optional output register could be merged into the ram block. Providing additional output register may help in improving timing.
INFO: [Synth 8-7052] The timing for the instance inst/i_0/grp_cnn_predict_Pipeline_VITIS_LOOP_180_26_fu_402/dense1_w_U/q0_reg_0_10 (implemented as a Block RAM) might be sub-optimal as no optional output register could be merged into the ram block. Providing additional output register may help in improving timing.
INFO: [Synth 8-7052] The timing for the instance inst/i_0/grp_cnn_predict_Pipeline_VITIS_LOOP_180_26_fu_402/dense1_w_U/q0_reg_0_11 (implemented as a Block RAM) might be sub-optimal as no optional output register could be merged into the ram block. Providing additional output register may help in improving timing.
INFO: [Synth 8-7052] The timing for the instance inst/i_0/grp_cnn_predict_Pipeline_VITIS_LOOP_180_26_fu_402/dense1_w_U/q0_reg_0_12 (implemented as a Block RAM) might be sub-optimal as no optional output register could be merged into the ram block. Providing additional output register may help in improving timing.
INFO: [Synth 8-7052] The timing for the instance inst/i_0/grp_cnn_predict_Pipeline_VITIS_LOOP_180_26_fu_402/dense1_w_U/q0_reg_0_13 (implemented as a Block RAM) might be sub-optimal as no optional output register could be merged into the ram block. Providing additional output register may help in improving timing.
INFO: [Synth 8-7052] The timing for the instance inst/i_0/grp_cnn_predict_Pipeline_VITIS_LOOP_180_26_fu_402/dense1_w_U/q0_reg_0_14 (implemented as a Block RAM) might be sub-optimal as no optional output register could be merged into the ram block. Providing additional output register may help in improving timing.
INFO: [Synth 8-7052] The timing for the instance inst/i_0/grp_cnn_predict_Pipeline_VITIS_LOOP_180_26_fu_402/dense1_w_U/q0_reg_0_15 (implemented as a Block RAM) might be sub-optimal as no optional output register could be merged into the ram block. Providing additional output register may help in improving timing.
INFO: [Synth 8-7052] The timing for the instance inst/i_0/grp_cnn_predict_Pipeline_VITIS_LOOP_180_26_fu_402/dense1_w_U/q0_reg_0_16 (implemented as a Block RAM) might be sub-optimal as no optional output register could be merged into the ram block. Providing additional output register may help in improving timing.
INFO: [Synth 8-7052] The timing for the instance inst/i_0/grp_cnn_predict_Pipeline_VITIS_LOOP_180_26_fu_402/dense1_w_U/q0_reg_0_17 (implemented as a Block RAM) might be sub-optimal as no optional output register could be merged into the ram block. Providing additional output register may help in improving timing.
INFO: [Synth 8-7052] The timing for the instance inst/i_0/grp_cnn_predict_Pipeline_VITIS_LOOP_180_26_fu_402/dense1_w_U/q0_reg_0_18 (implemented as a Block RAM) might be sub-optimal as no optional output register could be merged into the ram block. Providing additional output register may help in improving timing.
INFO: [Synth 8-7052] The timing for the instance inst/i_0/grp_cnn_predict_Pipeline_VITIS_LOOP_180_26_fu_402/dense1_w_U/q0_reg_0_19 (implemented as a Block RAM) might be sub-optimal as no optional output register could be merged into the ram block. Providing additional output register may help in improving timing.
INFO: [Synth 8-7052] The timing for the instance inst/i_0/grp_cnn_predict_Pipeline_VITIS_LOOP_180_26_fu_402/dense1_w_U/q0_reg_0_20 (implemented as a Block RAM) might be sub-optimal as no optional output register could be merged into the ram block. Providing additional output register may help in improving timing.
INFO: [Synth 8-7052] The timing for the instance inst/i_0/grp_cnn_predict_Pipeline_VITIS_LOOP_180_26_fu_402/dense1_w_U/q0_reg_0_21 (implemented as a Block RAM) might be sub-optimal as no optional output register could be merged into the ram block. Providing additional output register may help in improving timing.
INFO: [Synth 8-7052] The timing for the instance inst/i_0/grp_cnn_predict_Pipeline_VITIS_LOOP_180_26_fu_402/dense1_w_U/q0_reg_0_22 (implemented as a Block RAM) might be sub-optimal as no optional output register could be merged into the ram block. Providing additional output register may help in improving timing.
INFO: [Synth 8-7052] The timing for the instance inst/i_0/grp_cnn_predict_Pipeline_VITIS_LOOP_180_26_fu_402/dense1_w_U/q0_reg_0_23 (implemented as a Block RAM) might be sub-optimal as no optional output register could be merged into the ram block. Providing additional output register may help in improving timing.
INFO: [Synth 8-7052] The timing for the instance inst/i_0/grp_cnn_predict_Pipeline_VITIS_LOOP_180_26_fu_402/dense1_w_U/q0_reg_0_24 (implemented as a Block RAM) might be sub-optimal as no optional output register could be merged into the ram block. Providing additional output register may help in improving timing.
INFO: [Synth 8-7052] The timing for the instance inst/i_0/grp_cnn_predict_Pipeline_VITIS_LOOP_180_26_fu_402/dense1_w_U/q0_reg_0_25 (implemented as a Block RAM) might be sub-optimal as no optional output register could be merged into the ram block. Providing additional output register may help in improving timing.
INFO: [Synth 8-7052] The timing for the instance inst/i_0/grp_cnn_predict_Pipeline_VITIS_LOOP_180_26_fu_402/dense1_w_U/q0_reg_0_26 (implemented as a Block RAM) might be sub-optimal as no optional output register could be merged into the ram block. Providing additional output register may help in improving timing.
INFO: [Synth 8-7052] The timing for the instance inst/i_0/grp_cnn_predict_Pipeline_VITIS_LOOP_180_26_fu_402/dense1_w_U/q0_reg_0_27 (implemented as a Block RAM) might be sub-optimal as no optional output register could be merged into the ram block. Providing additional output register may help in improving timing.
INFO: [Synth 8-7052] The timing for the instance inst/i_0/grp_cnn_predict_Pipeline_VITIS_LOOP_180_26_fu_402/dense1_w_U/q0_reg_0_28 (implemented as a Block RAM) might be sub-optimal as no optional output register could be merged into the ram block. Providing additional output register may help in improving timing.
INFO: [Synth 8-7052] The timing for the instance inst/i_0/grp_cnn_predict_Pipeline_VITIS_LOOP_180_26_fu_402/dense1_w_U/q0_reg_0_29 (implemented as a Block RAM) might be sub-optimal as no optional output register could be merged into the ram block. Providing additional output register may help in improving timing.
INFO: [Synth 8-7052] The timing for the instance inst/i_0/grp_cnn_predict_Pipeline_VITIS_LOOP_180_26_fu_402/dense1_w_U/q0_reg_0_30 (implemented as a Block RAM) might be sub-optimal as no optional output register could be merged into the ram block. Providing additional output register may help in improving timing.
---------------------------------------------------------------------------------
Finished Technology Mapping : Time (s): cpu = 00:01:10 ; elapsed = 00:01:51 . Memory (MB): peak = 4135.977 ; gain = 1187.508 ; free physical = 5354 ; free virtual = 26733
Synthesis current peak Physical Memory [PSS] (MB): peak = 12788.931; parent = 3148.605; children = 9648.718
Synthesis current peak Virtual Memory [VSS] (MB): peak = 18653.559; parent = 4132.070; children = 14521.492
---------------------------------------------------------------------------------
---------------------------------------------------------------------------------
Start IO Insertion
---------------------------------------------------------------------------------
---------------------------------------------------------------------------------
Start Flattening Before IO Insertion
---------------------------------------------------------------------------------
---------------------------------------------------------------------------------
Finished Flattening Before IO Insertion
---------------------------------------------------------------------------------
---------------------------------------------------------------------------------
Start Final Netlist Cleanup
---------------------------------------------------------------------------------
INFO: [Synth 8-7052] The timing for the instance inst/grp_cnn_predict_Pipeline_VITIS_LOOP_121_11_VITIS_LOOP_122_12_VITIS_LOOP_123_13_fu_372/conv2_w_U/q10_reg (implemented as a Block RAM) might be sub-optimal as no optional output register could be merged into the ram block. Providing additional output register may help in improving timing.
INFO: [Synth 8-7052] The timing for the instance inst/grp_cnn_predict_Pipeline_VITIS_LOOP_121_11_VITIS_LOOP_122_12_VITIS_LOOP_123_13_fu_372/conv2_w_U/q10_reg (implemented as a Block RAM) might be sub-optimal as no optional output register could be merged into the ram block. Providing additional output register may help in improving timing.
INFO: [Synth 8-7052] The timing for the instance inst/grp_cnn_predict_Pipeline_VITIS_LOOP_121_11_VITIS_LOOP_122_12_VITIS_LOOP_123_13_fu_372/conv2_w_U/q11_reg (implemented as a Block RAM) might be sub-optimal as no optional output register could be merged into the ram block. Providing additional output register may help in improving timing.
INFO: [Synth 8-7052] The timing for the instance inst/grp_cnn_predict_Pipeline_VITIS_LOOP_121_11_VITIS_LOOP_122_12_VITIS_LOOP_123_13_fu_372/conv2_w_U/q11_reg (implemented as a Block RAM) might be sub-optimal as no optional output register could be merged into the ram block. Providing additional output register may help in improving timing.
INFO: [Synth 8-7052] The timing for the instance inst/layer1_conv_U/ram2_reg_bram_7 (implemented as a Block RAM) might be sub-optimal as no optional output register could be merged into the ram block. Providing additional output register may help in improving timing.
INFO: [Synth 8-7052] The timing for the instance inst/layer1_conv_U/ram2_reg_bram_11 (implemented as a Block RAM) might be sub-optimal as no optional output register could be merged into the ram block. Providing additional output register may help in improving timing.
INFO: [Synth 8-7052] The timing for the instance inst/layer1_conv_U/ram2_reg_bram_13 (implemented as a Block RAM) might be sub-optimal as no optional output register could be merged into the ram block. Providing additional output register may help in improving timing.
INFO: [Synth 8-7052] The timing for the instance inst/layer1_conv_U/ram2_reg_bram_14 (implemented as a Block RAM) might be sub-optimal as no optional output register could be merged into the ram block. Providing additional output register may help in improving timing.
INFO: [Synth 8-7052] The timing for the instance inst/layer2_conv_U/ram2_reg_bram_3 (implemented as a Block RAM) might be sub-optimal as no optional output register could be merged into the ram block. Providing additional output register may help in improving timing.
INFO: [Synth 8-7052] The timing for the instance inst/layer2_conv_U/ram2_reg_bram_5 (implemented as a Block RAM) might be sub-optimal as no optional output register could be merged into the ram block. Providing additional output register may help in improving timing.
INFO: [Common 17-14] Message 'Synth 8-7052' appears 100 times and further instances of the messages will be disabled. Use the Tcl command set_msg_config to change the current settings.
---------------------------------------------------------------------------------
Finished Final Netlist Cleanup
---------------------------------------------------------------------------------
---------------------------------------------------------------------------------
Finished IO Insertion : Time (s): cpu = 00:01:17 ; elapsed = 00:01:58 . Memory (MB): peak = 4181.039 ; gain = 1232.570 ; free physical = 5268 ; free virtual = 26687
Synthesis current peak Physical Memory [PSS] (MB): peak = 12803.249; parent = 3154.531; children = 9648.718
Synthesis current peak Virtual Memory [VSS] (MB): peak = 18702.535; parent = 4181.043; children = 14521.492
---------------------------------------------------------------------------------
---------------------------------------------------------------------------------
Start Renaming Generated Instances
---------------------------------------------------------------------------------
---------------------------------------------------------------------------------
Finished Renaming Generated Instances : Time (s): cpu = 00:01:17 ; elapsed = 00:01:59 . Memory (MB): peak = 4181.039 ; gain = 1232.570 ; free physical = 5268 ; free virtual = 26687
Synthesis current peak Physical Memory [PSS] (MB): peak = 12803.249; parent = 3154.531; children = 9648.718
Synthesis current peak Virtual Memory [VSS] (MB): peak = 18702.535; parent = 4181.043; children = 14521.492
---------------------------------------------------------------------------------
---------------------------------------------------------------------------------
Start Rebuilding User Hierarchy
---------------------------------------------------------------------------------
---------------------------------------------------------------------------------
Finished Rebuilding User Hierarchy : Time (s): cpu = 00:01:18 ; elapsed = 00:02:00 . Memory (MB): peak = 4181.039 ; gain = 1232.570 ; free physical = 5291 ; free virtual = 26710
Synthesis current peak Physical Memory [PSS] (MB): peak = 12805.304; parent = 3156.586; children = 9648.718
Synthesis current peak Virtual Memory [VSS] (MB): peak = 18702.535; parent = 4181.043; children = 14521.492
---------------------------------------------------------------------------------
---------------------------------------------------------------------------------
Start Renaming Generated Ports
---------------------------------------------------------------------------------
---------------------------------------------------------------------------------
Finished Renaming Generated Ports : Time (s): cpu = 00:01:18 ; elapsed = 00:02:01 . Memory (MB): peak = 4181.039 ; gain = 1232.570 ; free physical = 5291 ; free virtual = 26710
Synthesis current peak Physical Memory [PSS] (MB): peak = 12805.366; parent = 3156.648; children = 9648.718
Synthesis current peak Virtual Memory [VSS] (MB): peak = 18702.535; parent = 4181.043; children = 14521.492
---------------------------------------------------------------------------------
---------------------------------------------------------------------------------
Start Handling Custom Attributes
---------------------------------------------------------------------------------
---------------------------------------------------------------------------------
Finished Handling Custom Attributes : Time (s): cpu = 00:01:19 ; elapsed = 00:02:01 . Memory (MB): peak = 4181.039 ; gain = 1232.570 ; free physical = 5300 ; free virtual = 26719
Synthesis current peak Physical Memory [PSS] (MB): peak = 12805.366; parent = 3156.648; children = 9648.718
Synthesis current peak Virtual Memory [VSS] (MB): peak = 18702.535; parent = 4181.043; children = 14521.492
---------------------------------------------------------------------------------
---------------------------------------------------------------------------------
Start Renaming Generated Nets
---------------------------------------------------------------------------------
---------------------------------------------------------------------------------
Finished Renaming Generated Nets : Time (s): cpu = 00:01:19 ; elapsed = 00:02:02 . Memory (MB): peak = 4181.039 ; gain = 1232.570 ; free physical = 5300 ; free virtual = 26718
Synthesis current peak Physical Memory [PSS] (MB): peak = 12805.366; parent = 3156.648; children = 9648.718
Synthesis current peak Virtual Memory [VSS] (MB): peak = 18702.535; parent = 4181.043; children = 14521.492
---------------------------------------------------------------------------------
---------------------------------------------------------------------------------
Start Writing Synthesis Report
---------------------------------------------------------------------------------

DSP Final Report (the ' indicates corresponding REG is set)
+--------------------------------------------------+-----------------+--------+--------+--------+--------+--------+------+------+------+------+-------+------+------+
|Module Name                                       | DSP Mapping     | A Size | B Size | C Size | D Size | P Size | AREG | BREG | CREG | DREG | ADREG | MREG | PREG | 
+--------------------------------------------------+-----------------+--------+--------+--------+--------+--------+------+------+------+------+-------+------+------+
|dsp48e1_wrapper_1271                              | Dynamic         | -      | -      | -      | -      | 40     | -    | -    | -    | -    | 0     | 0    | 1    | 
|dsp48e1_wrapper__parameterized0_1225              | C+A'*B'         | 24     | 16     | 35     | -      | 35     | 1    | 1    | 1    | -    | -     | 0    | 0    | 
|dsp48e1_wrapper_1204                              | Dynamic         | -      | -      | -      | -      | 40     | -    | -    | -    | -    | 0     | 0    | 1    | 
|dsp48e1_wrapper__parameterized0_1158              | C+A'*B'         | 24     | 16     | 35     | -      | 35     | 1    | 1    | 1    | -    | -     | 0    | 0    | 
|dsp48e1_wrapper__parameterized8                   | (C+D+A*B)'      | 6      | 17     | 43     | 16     | 43     | 0    | 0    | 0    | 0    | 0     | 0    | 1    | 
|dsp48e1_wrapper__parameterized6_1009              | Dynamic         | -      | -      | -      | -      | 48     | -    | -    | -    | -    | -     | 0    | 0    | 
|dsp48e1_wrapper__parameterized6                   | Dynamic         | -      | -      | -      | -      | 48     | -    | -    | -    | -    | -     | 0    | 0    | 
|dsp48e1_wrapper__parameterized7                   | Dynamic         | -      | -      | -      | -      | 48     | -    | -    | -    | -    | -     | 0    | 1    | 
|dsp48e1_wrapper__parameterized4                   | C+A:B           | 0      | 6      | 0      | -      | 48     | 0    | 0    | 0    | -    | -     | 0    | 0    | 
|dsp48e1_wrapper__parameterized5                   | (C+A:B)'        | 30     | 18     | 48     | -      | 48     | 0    | 0    | 0    | -    | -     | 0    | 1    | 
|dsp48e1_wrapper__parameterized9                   | Dynamic         | -      | -      | -      | -      | 48     | -    | -    | -    | -    | -     | 0    | 0    | 
|dsp48e1_wrapper__parameterized1_973               | (A*B)'          | 24     | 17     | -      | -      | 41     | 0    | 0    | -    | -    | -     | 0    | 1    | 
|dsp48e1_wrapper__parameterized2_974               | PCIN>>17+(A*B)' | 0      | 7      | -      | -      | 31     | 0    | 0    | -    | -    | -     | 1    | 0    | 
|dsp48e1_wrapper__parameterized3_971               | PCIN+A:B+C      | 22     | 0      | -      | -      | 48     | 0    | 0    | -    | -    | -     | 0    | 0    | 
|dsp48e1_wrapper__parameterized1_944               | (A*B)'          | 24     | 17     | -      | -      | 41     | 0    | 0    | -    | -    | -     | 0    | 1    | 
|dsp48e1_wrapper__parameterized2_945               | PCIN>>17+(A*B)' | 0      | 7      | -      | -      | 31     | 0    | 0    | -    | -    | -     | 1    | 0    | 
|dsp48e1_wrapper__parameterized3_942               | PCIN+A:B+C      | 22     | 0      | -      | -      | 48     | 0    | 0    | -    | -    | -     | 0    | 0    | 
|dsp48e1_wrapper_924                               | Dynamic         | -      | -      | -      | -      | 40     | -    | -    | -    | -    | 0     | 0    | 1    | 
|dsp48e1_wrapper__parameterized0_878               | C+A'*B'         | 24     | 16     | 35     | -      | 35     | 1    | 1    | 1    | -    | -     | 0    | 0    | 
|dsp48e1_wrapper_857                               | Dynamic         | -      | -      | -      | -      | 40     | -    | -    | -    | -    | 0     | 0    | 1    | 
|dsp48e1_wrapper__parameterized0_811               | C+A'*B'         | 24     | 16     | 35     | -      | 35     | 1    | 1    | 1    | -    | -     | 0    | 0    | 
|dsp48e1_wrapper_790                               | Dynamic         | -      | -      | -      | -      | 40     | -    | -    | -    | -    | 0     | 0    | 1    | 
|dsp48e1_wrapper__parameterized0_744               | C+A'*B'         | 24     | 16     | 35     | -      | 35     | 1    | 1    | 1    | -    | -     | 0    | 0    | 
|dsp48e1_wrapper_723                               | Dynamic         | -      | -      | -      | -      | 40     | -    | -    | -    | -    | 0     | 0    | 1    | 
|dsp48e1_wrapper__parameterized0_677               | C+A'*B'         | 24     | 16     | 35     | -      | 35     | 1    | 1    | 1    | -    | -     | 0    | 0    | 
|dsp48e1_wrapper_656                               | Dynamic         | -      | -      | -      | -      | 40     | -    | -    | -    | -    | 0     | 0    | 1    | 
|dsp48e1_wrapper__parameterized0_610               | C+A'*B'         | 24     | 16     | 35     | -      | 35     | 1    | 1    | 1    | -    | -     | 0    | 0    | 
|dsp48e1_wrapper_589                               | Dynamic         | -      | -      | -      | -      | 40     | -    | -    | -    | -    | 0     | 0    | 1    | 
|dsp48e1_wrapper__parameterized0_543               | C+A'*B'         | 24     | 16     | 35     | -      | 35     | 1    | 1    | 1    | -    | -     | 0    | 0    | 
|dsp48e1_wrapper_522                               | Dynamic         | -      | -      | -      | -      | 40     | -    | -    | -    | -    | 0     | 0    | 1    | 
|dsp48e1_wrapper__parameterized0_476               | C+A'*B'         | 24     | 16     | 35     | -      | 35     | 1    | 1    | 1    | -    | -     | 0    | 0    | 
|dsp48e1_wrapper_455                               | Dynamic         | -      | -      | -      | -      | 40     | -    | -    | -    | -    | 0     | 0    | 1    | 
|dsp48e1_wrapper__parameterized0_409               | C+A'*B'         | 24     | 16     | 35     | -      | 35     | 1    | 1    | 1    | -    | -     | 0    | 0    | 
|dsp48e1_wrapper_388                               | Dynamic         | -      | -      | -      | -      | 40     | -    | -    | -    | -    | 0     | 0    | 1    | 
|dsp48e1_wrapper__parameterized0_342               | C+A'*B'         | 24     | 16     | 35     | -      | 35     | 1    | 1    | 1    | -    | -     | 0    | 0    | 
|dsp48e1_wrapper                                   | Dynamic         | -      | -      | -      | -      | 40     | -    | -    | -    | -    | 0     | 0    | 1    | 
|dsp48e1_wrapper__parameterized0                   | C+A'*B'         | 24     | 16     | 35     | -      | 35     | 1    | 1    | 1    | -    | -     | 0    | 0    | 
|dsp48e1_wrapper__parameterized1_280               | (A*B)'          | 24     | 17     | -      | -      | 41     | 0    | 0    | -    | -    | -     | 0    | 1    | 
|dsp48e1_wrapper__parameterized2_281               | PCIN>>17+(A*B)' | 0      | 7      | -      | -      | 31     | 0    | 0    | -    | -    | -     | 1    | 0    | 
|dsp48e1_wrapper__parameterized3_278               | PCIN+A:B+C      | 22     | 0      | -      | -      | 48     | 0    | 0    | -    | -    | -     | 0    | 0    | 
|dsp48e1_wrapper__parameterized1_251               | (A*B)'          | 24     | 17     | -      | -      | 41     | 0    | 0    | -    | -    | -     | 0    | 1    | 
|dsp48e1_wrapper__parameterized2_252               | PCIN>>17+(A*B)' | 0      | 7      | -      | -      | 31     | 0    | 0    | -    | -    | -     | 1    | 0    | 
|dsp48e1_wrapper__parameterized3_249               | PCIN+A:B+C      | 22     | 0      | -      | -      | 48     | 0    | 0    | -    | -    | -     | 0    | 0    | 
|dsp48e1_wrapper__parameterized1_222               | (A*B)'          | 24     | 17     | -      | -      | 41     | 0    | 0    | -    | -    | -     | 0    | 1    | 
|dsp48e1_wrapper__parameterized2_223               | PCIN>>17+(A*B)' | 0      | 7      | -      | -      | 31     | 0    | 0    | -    | -    | -     | 1    | 0    | 
|dsp48e1_wrapper__parameterized3_220               | PCIN+A:B+C      | 22     | 0      | -      | -      | 48     | 0    | 0    | -    | -    | -     | 0    | 0    | 
|dsp48e1_wrapper__parameterized1_193               | (A*B)'          | 24     | 17     | -      | -      | 41     | 0    | 0    | -    | -    | -     | 0    | 1    | 
|dsp48e1_wrapper__parameterized2_194               | PCIN>>17+(A*B)' | 0      | 7      | -      | -      | 31     | 0    | 0    | -    | -    | -     | 1    | 0    | 
|dsp48e1_wrapper__parameterized3_191               | PCIN+A:B+C      | 22     | 0      | -      | -      | 48     | 0    | 0    | -    | -    | -     | 0    | 0    | 
|dsp48e1_wrapper__parameterized1_164               | (A*B)'          | 24     | 17     | -      | -      | 41     | 0    | 0    | -    | -    | -     | 0    | 1    | 
|dsp48e1_wrapper__parameterized2_165               | PCIN>>17+(A*B)' | 0      | 7      | -      | -      | 31     | 0    | 0    | -    | -    | -     | 1    | 0    | 
|dsp48e1_wrapper__parameterized3_162               | PCIN+A:B+C      | 22     | 0      | -      | -      | 48     | 0    | 0    | -    | -    | -     | 0    | 0    | 
|dsp48e1_wrapper__parameterized1_135               | (A*B)'          | 24     | 17     | -      | -      | 41     | 0    | 0    | -    | -    | -     | 0    | 1    | 
|dsp48e1_wrapper__parameterized2_136               | PCIN>>17+(A*B)' | 0      | 7      | -      | -      | 31     | 0    | 0    | -    | -    | -     | 1    | 0    | 
|dsp48e1_wrapper__parameterized3_133               | PCIN+A:B+C      | 22     | 0      | -      | -      | 48     | 0    | 0    | -    | -    | -     | 0    | 0    | 
|dsp48e1_wrapper__parameterized1_106               | (A*B)'          | 24     | 17     | -      | -      | 41     | 0    | 0    | -    | -    | -     | 0    | 1    | 
|dsp48e1_wrapper__parameterized2_107               | PCIN>>17+(A*B)' | 0      | 7      | -      | -      | 31     | 0    | 0    | -    | -    | -     | 1    | 0    | 
|dsp48e1_wrapper__parameterized3_104               | PCIN+A:B+C      | 22     | 0      | -      | -      | 48     | 0    | 0    | -    | -    | -     | 0    | 0    | 
|dsp48e1_wrapper__parameterized1_77                | (A*B)'          | 24     | 17     | -      | -      | 41     | 0    | 0    | -    | -    | -     | 0    | 1    | 
|dsp48e1_wrapper__parameterized2_78                | PCIN>>17+(A*B)' | 0      | 7      | -      | -      | 31     | 0    | 0    | -    | -    | -     | 1    | 0    | 
|dsp48e1_wrapper__parameterized3_75                | PCIN+A:B+C      | 22     | 0      | -      | -      | 48     | 0    | 0    | -    | -    | -     | 0    | 0    | 
|dsp48e1_wrapper__parameterized1_48                | (A*B)'          | 24     | 17     | -      | -      | 41     | 0    | 0    | -    | -    | -     | 0    | 1    | 
|dsp48e1_wrapper__parameterized2_49                | PCIN>>17+(A*B)' | 0      | 7      | -      | -      | 31     | 0    | 0    | -    | -    | -     | 1    | 0    | 
|dsp48e1_wrapper__parameterized3_46                | PCIN+A:B+C      | 22     | 0      | -      | -      | 48     | 0    | 0    | -    | -    | -     | 0    | 0    | 
|dsp48e1_wrapper__parameterized1                   | (A*B)'          | 24     | 17     | -      | -      | 41     | 0    | 0    | -    | -    | -     | 0    | 1    | 
|dsp48e1_wrapper__parameterized2                   | PCIN>>17+(A*B)' | 0      | 7      | -      | -      | 31     | 0    | 0    | -    | -    | -     | 1    | 0    | 
|dsp48e1_wrapper__parameterized3                   | PCIN+A:B+C      | 22     | 0      | -      | -      | 48     | 0    | 0    | -    | -    | -     | 0    | 0    | 
|cnn_predict_mac_muladd_5ns_5ns_5ns_10_4_1_DSP48_0 | (C'+(A'*B)')'   | 5      | 5      | 5      | -      | 10     | 1    | 0    | 0    | -    | -     | 1    | 1    | 
+--------------------------------------------------+-----------------+--------+--------+--------+--------+--------+------+------+------+------+-------+------+------+


Report BlackBoxes: 
+-+--------------+----------+
| |BlackBox name |Instances |
+-+--------------+----------+
+-+--------------+----------+

Report Cell Usage: 
+------+----------------+------+
|      |Cell            |Count |
+------+----------------+------+
|1     |CARRY8          |    47|
|2     |DSP48E1         |    67|
|3     |DSP_ALU         |     1|
|4     |DSP_A_B_DATA    |     1|
|5     |DSP_C_DATA      |     1|
|6     |DSP_MULTIPLIER  |     1|
|7     |DSP_M_DATA      |     1|
|8     |DSP_OUTPUT      |     1|
|9     |DSP_PREADD      |     1|
|10    |DSP_PREADD_DATA |     1|
|11    |LUT1            |   121|
|12    |LUT2            |   818|
|13    |LUT3            |  2761|
|14    |LUT4            |  1398|
|15    |LUT5            |  1814|
|16    |LUT6            |  3512|
|17    |MUXCY           |  1782|
|18    |MUXF7           |   193|
|19    |MUXF8           |     2|
|20    |RAM16X1S        |    32|
|21    |RAMB18E2        |    28|
|31    |RAMB36E2        |   146|
|89    |SRL16E          |   696|
|90    |SRLC32E         |  1308|
|91    |XORCY           |   966|
|92    |FDE             |    38|
|93    |FDRE            | 10826|
|94    |FDSE            |    64|
+------+----------------+------+
---------------------------------------------------------------------------------
Finished Writing Synthesis Report : Time (s): cpu = 00:01:19 ; elapsed = 00:02:02 . Memory (MB): peak = 4181.039 ; gain = 1232.570 ; free physical = 5300 ; free virtual = 26718
Synthesis current peak Physical Memory [PSS] (MB): peak = 12805.366; parent = 3156.648; children = 9648.718
Synthesis current peak Virtual Memory [VSS] (MB): peak = 18702.535; parent = 4181.043; children = 14521.492
---------------------------------------------------------------------------------
Synthesis finished with 0 errors, 0 critical warnings and 411 warnings.
Synthesis Optimization Runtime : Time (s): cpu = 00:01:08 ; elapsed = 00:01:54 . Memory (MB): peak = 4184.949 ; gain = 1026.730 ; free physical = 14803 ; free virtual = 36222
Synthesis Optimization Complete : Time (s): cpu = 00:01:21 ; elapsed = 00:02:04 . Memory (MB): peak = 4184.949 ; gain = 1236.480 ; free physical = 14811 ; free virtual = 36217
INFO: [Project 1-571] Translating synthesized netlist
Netlist sorting complete. Time (s): cpu = 00:00:00.27 ; elapsed = 00:00:00.27 . Memory (MB): peak = 4184.949 ; gain = 0.000 ; free physical = 14807 ; free virtual = 36214
INFO: [Netlist 29-17] Analyzing 3128 Unisim elements for replacement
INFO: [Netlist 29-28] Unisim Transformation completed in 0 CPU seconds
INFO: [Project 1-570] Preparing netlist for logic optimization
INFO: [Opt 31-138] Pushed 0 inverter(s) to 0 load pin(s).
INFO: [Opt 31-422] The CLOCK_DOMAINS attribute on the BRAM cell inst/conv1_w_U/q0_reg has been changed from INDEPENDENT to COMMON to match the clocking topology used for the BRAM.
INFO: [Opt 31-422] The CLOCK_DOMAINS attribute on the BRAM cell inst/conv1_w_U/q1_reg has been changed from INDEPENDENT to COMMON to match the clocking topology used for the BRAM.
INFO: [Opt 31-422] The CLOCK_DOMAINS attribute on the BRAM cell inst/conv1_w_U/q2_reg has been changed from INDEPENDENT to COMMON to match the clocking topology used for the BRAM.
INFO: [Opt 31-422] The CLOCK_DOMAINS attribute on the BRAM cell inst/conv1_w_U/q3_reg has been changed from INDEPENDENT to COMMON to match the clocking topology used for the BRAM.
INFO: [Opt 31-422] The CLOCK_DOMAINS attribute on the BRAM cell inst/conv1_w_U/q4_reg has been changed from INDEPENDENT to COMMON to match the clocking topology used for the BRAM.
INFO: [Opt 31-422] The CLOCK_DOMAINS attribute on the BRAM cell inst/conv1_w_U/q5_reg has been changed from INDEPENDENT to COMMON to match the clocking topology used for the BRAM.
INFO: [Opt 31-422] The CLOCK_DOMAINS attribute on the BRAM cell inst/conv1_w_U/q6_reg has been changed from INDEPENDENT to COMMON to match the clocking topology used for the BRAM.
INFO: [Opt 31-422] The CLOCK_DOMAINS attribute on the BRAM cell inst/conv1_w_U/q7_reg has been changed from INDEPENDENT to COMMON to match the clocking topology used for the BRAM.
INFO: [Opt 31-422] The CLOCK_DOMAINS attribute on the BRAM cell inst/conv1_w_U/q8_reg has been changed from INDEPENDENT to COMMON to match the clocking topology used for the BRAM.
INFO: [Opt 31-422] The CLOCK_DOMAINS attribute on the BRAM cell inst/grp_cnn_predict_Pipeline_VITIS_LOOP_121_11_VITIS_LOOP_122_12_VITIS_LOOP_123_13_fu_372/conv2_w_U/q0_reg has been changed from INDEPENDENT to COMMON to match the clocking topology used for the BRAM.
INFO: [Opt 31-422] The CLOCK_DOMAINS attribute on the BRAM cell inst/grp_cnn_predict_Pipeline_VITIS_LOOP_121_11_VITIS_LOOP_122_12_VITIS_LOOP_123_13_fu_372/conv2_w_U/q10_reg has been changed from INDEPENDENT to COMMON to match the clocking topology used for the BRAM.
INFO: [Opt 31-422] The CLOCK_DOMAINS attribute on the BRAM cell inst/grp_cnn_predict_Pipeline_VITIS_LOOP_121_11_VITIS_LOOP_122_12_VITIS_LOOP_123_13_fu_372/conv2_w_U/q11_reg has been changed from INDEPENDENT to COMMON to match the clocking topology used for the BRAM.
INFO: [Opt 31-422] The CLOCK_DOMAINS attribute on the BRAM cell inst/grp_cnn_predict_Pipeline_VITIS_LOOP_121_11_VITIS_LOOP_122_12_VITIS_LOOP_123_13_fu_372/conv2_w_U/q1_reg has been changed from INDEPENDENT to COMMON to match the clocking topology used for the BRAM.
INFO: [Opt 31-422] The CLOCK_DOMAINS attribute on the BRAM cell inst/grp_cnn_predict_Pipeline_VITIS_LOOP_121_11_VITIS_LOOP_122_12_VITIS_LOOP_123_13_fu_372/conv2_w_U/q2_reg has been changed from INDEPENDENT to COMMON to match the clocking topology used for the BRAM.
INFO: [Opt 31-422] The CLOCK_DOMAINS attribute on the BRAM cell inst/grp_cnn_predict_Pipeline_VITIS_LOOP_121_11_VITIS_LOOP_122_12_VITIS_LOOP_123_13_fu_372/conv2_w_U/q3_reg has been changed from INDEPENDENT to COMMON to match the clocking topology used for the BRAM.
INFO: [Opt 31-422] The CLOCK_DOMAINS attribute on the BRAM cell inst/grp_cnn_predict_Pipeline_VITIS_LOOP_121_11_VITIS_LOOP_122_12_VITIS_LOOP_123_13_fu_372/conv2_w_U/q4_reg has been changed from INDEPENDENT to COMMON to match the clocking topology used for the BRAM.
INFO: [Opt 31-422] The CLOCK_DOMAINS attribute on the BRAM cell inst/grp_cnn_predict_Pipeline_VITIS_LOOP_121_11_VITIS_LOOP_122_12_VITIS_LOOP_123_13_fu_372/conv2_w_U/q5_reg has been changed from INDEPENDENT to COMMON to match the clocking topology used for the BRAM.
INFO: [Opt 31-422] The CLOCK_DOMAINS attribute on the BRAM cell inst/grp_cnn_predict_Pipeline_VITIS_LOOP_121_11_VITIS_LOOP_122_12_VITIS_LOOP_123_13_fu_372/conv2_w_U/q6_reg has been changed from INDEPENDENT to COMMON to match the clocking topology used for the BRAM.
INFO: [Opt 31-422] The CLOCK_DOMAINS attribute on the BRAM cell inst/grp_cnn_predict_Pipeline_VITIS_LOOP_121_11_VITIS_LOOP_122_12_VITIS_LOOP_123_13_fu_372/conv2_w_U/q7_reg has been changed from INDEPENDENT to COMMON to match the clocking topology used for the BRAM.
INFO: [Opt 31-422] The CLOCK_DOMAINS attribute on the BRAM cell inst/grp_cnn_predict_Pipeline_VITIS_LOOP_121_11_VITIS_LOOP_122_12_VITIS_LOOP_123_13_fu_372/conv2_w_U/q8_reg has been changed from INDEPENDENT to COMMON to match the clocking topology used for the BRAM.
INFO: [Opt 31-422] The CLOCK_DOMAINS attribute on the BRAM cell inst/grp_cnn_predict_Pipeline_VITIS_LOOP_121_11_VITIS_LOOP_122_12_VITIS_LOOP_123_13_fu_372/conv2_w_U/q9_reg has been changed from INDEPENDENT to COMMON to match the clocking topology used for the BRAM.
Netlist sorting complete. Time (s): cpu = 00:00:00 ; elapsed = 00:00:00 . Memory (MB): peak = 4245.809 ; gain = 0.000 ; free physical = 14765 ; free virtual = 36171
INFO: [Project 1-111] Unisim Transformation Summary:
  A total of 445 instances were transformed.
  (CARRY4) => CARRY8: 307 instances
  DSP48E1 => DSP48E2 (DSP_ALU, DSP_A_B_DATA, DSP_C_DATA, DSP_MULTIPLIER, DSP_M_DATA, DSP_OUTPUT, DSP_PREADD, DSP_PREADD_DATA): 67 instances
  DSP48E2 => DSP48E2 (DSP_ALU, DSP_A_B_DATA, DSP_C_DATA, DSP_MULTIPLIER, DSP_M_DATA, DSP_OUTPUT, DSP_PREADD, DSP_PREADD_DATA): 1 instance 
  FDE => FDRE: 38 instances
  RAM16X1S => RAM32X1S (RAMS32): 32 instances

Synth Design complete, checksum: 6ddbd7fe
INFO: [Common 17-83] Releasing license: Synthesis
738 Infos, 116 Warnings, 0 Critical Warnings and 0 Errors encountered.
synth_design completed successfully
synth_design: Time (s): cpu = 00:01:29 ; elapsed = 00:02:13 . Memory (MB): peak = 4245.809 ; gain = 2131.785 ; free physical = 15074 ; free virtual = 36480
INFO: [Common 17-1381] The checkpoint '/home/dani/Desktop/SDU_Master/EmbeddedSystems/final_assignment/vivado_final/cnn_project/cnn_project.runs/design_1_cnn_predict_0_1_synth_1/design_1_cnn_predict_0_1.dcp' has been generated.
INFO: [Coretcl 2-1648] Added synthesis output to IP cache for IP design_1_cnn_predict_0_1, cache-ID = 58eae580ec92cf87
INFO: [Coretcl 2-1174] Renamed 1536 cell refs.
INFO: [Common 17-1381] The checkpoint '/home/dani/Desktop/SDU_Master/EmbeddedSystems/final_assignment/vivado_final/cnn_project/cnn_project.runs/design_1_cnn_predict_0_1_synth_1/design_1_cnn_predict_0_1.dcp' has been generated.
INFO: [runtcl-4] Executing : report_utilization -file design_1_cnn_predict_0_1_utilization_synth.rpt -pb design_1_cnn_predict_0_1_utilization_synth.pb
INFO: [Common 17-206] Exiting Vivado at Tue Nov 25 14:01:58 2025...
