==============================================================
Vitis HLS - High-Level Synthesis from C, C++ and OpenCL v2022.2 (64-bit)
Tool Version Limit: 2019.12
Copyright 1986-2022 Xilinx, Inc. All Rights Reserved.
==============================================================
==============================================================
Vitis HLS - High-Level Synthesis from C, C++ and OpenCL v2022.2 (64-bit)
Tool Version Limit: 2019.12
Copyright 1986-2022 Xilinx, Inc. All Rights Reserved.
==============================================================
==============================================================
Vitis HLS - High-Level Synthesis from C, C++ and OpenCL v2022.2 (64-bit)
Tool Version Limit: 2019.12
Copyright 1986-2022 Xilinx, Inc. All Rights Reserved.
==============================================================
==============================================================
Vitis HLS - High-Level Synthesis from C, C++ and OpenCL v2022.2 (64-bit)
Tool Version Limit: 2019.12
Copyright 1986-2022 Xilinx, Inc. All Rights Reserved.
==============================================================
==============================================================
Vitis HLS - High-Level Synthesis from C, C++ and OpenCL v2022.2 (64-bit)
Tool Version Limit: 2019.12
Copyright 1986-2022 Xilinx, Inc. All Rights Reserved.
==============================================================
==============================================================
Vitis HLS - High-Level Synthesis from C, C++ and OpenCL v2022.2 (64-bit)
Tool Version Limit: 2019.12
Copyright 1986-2022 Xilinx, Inc. All Rights Reserved.
==============================================================
INFO: [SYN 201-201] Setting up clock 'default' with a period of 10ns.
INFO: [HLS 200-1611] Setting target device to 'xczu3eg-sbva484-1-i'
INFO: [HLS 200-1505] Using flow_target 'vivado'
INFO: [HLS 200-1510] Running: set_part xczu3eg-sbva484-1-i 
INFO: [HLS 200-1510] Running: create_clock -period 10 -name default 
INFO: [HLS 200-1510] Running: csynth_design 
INFO: [HLS 200-111] Finished File checks and directory preparation: CPU user time: 0.01 seconds. CPU system time: 0 seconds. Elapsed time: 10.02 seconds; current allocated memory: 227.238 MB.
INFO: [HLS 200-10] Analyzing design file 'cnn.cpp' ... 
INFO: [HLS 200-111] Finished Source Code Analysis and Preprocessing: CPU user time: 15.06 seconds. CPU system time: 1.4 seconds. Elapsed time: 16.67 seconds; current allocated memory: 231.254 MB.
INFO: [HLS 200-777] Using interface defaults for 'Vivado' flow target.
INFO: [HLS 214-131] Inlining function 'exp_reduce_::exp(float)' into 'hls::exp(float)' (/wrk/ci/prod/2022.2/hls_product/continuous/608/2022.2/src/shared/hls/clib/hlsmath/src/c++/expfloat.cpp:17:9)
INFO: [HLS 214-131] Inlining function 'hls::exp(float)' into 'sigmoid(float)' (cnn.cpp:32:27)
INFO: [HLS 214-178] Inlining function 'relu(float)' into 'cnn_predict(float volatile*, float*)' (cnn.cpp:37:0)
INFO: [HLS 214-178] Inlining function 'sigmoid(float)' into 'cnn_predict(float volatile*, float*)' (cnn.cpp:37:0)
INFO: [HLS 200-111] Finished Compiling Optimization and Transform: CPU user time: 2.23 seconds. CPU system time: 0.46 seconds. Elapsed time: 2.8 seconds; current allocated memory: 231.645 MB.
INFO: [HLS 200-111] Finished Checking Pragmas: CPU user time: 0 seconds. CPU system time: 0 seconds. Elapsed time: 0 seconds; current allocated memory: 231.645 MB.
INFO: [HLS 200-10] Starting code transformations ...
INFO: [HLS 200-111] Finished Standard Transforms: CPU user time: 1.86 seconds. CPU system time: 0.04 seconds. Elapsed time: 1.92 seconds; current allocated memory: 262.496 MB.
INFO: [HLS 200-10] Checking synthesizability ...
INFO: [HLS 200-111] Finished Checking Synthesizability: CPU user time: 1.93 seconds. CPU system time: 0.02 seconds. Elapsed time: 1.95 seconds; current allocated memory: 276.266 MB.
INFO: [XFORM 203-510] Pipelining loop 'VITIS_LOOP_65_3' (cnn.cpp:65) in function 'cnn_predict' automatically.
INFO: [XFORM 203-510] Pipelining loop 'VITIS_LOOP_92_8' (cnn.cpp:93) in function 'cnn_predict' automatically.
INFO: [XFORM 203-510] Pipelining loop 'VITIS_LOOP_110_13' (cnn.cpp:110) in function 'cnn_predict' automatically.
INFO: [XFORM 203-510] Pipelining loop 'VITIS_LOOP_136_19' (cnn.cpp:137) in function 'cnn_predict' automatically.
INFO: [XFORM 203-510] Pipelining loop 'VITIS_LOOP_156_24' (cnn.cpp:152) in function 'cnn_predict' automatically.
INFO: [XFORM 203-510] Pipelining loop 'VITIS_LOOP_167_26' (cnn.cpp:166) in function 'cnn_predict' automatically.
INFO: [XFORM 203-510] Pipelining loop 'VITIS_LOOP_179_27' (cnn.cpp:180) in function 'cnn_predict' automatically.
INFO: [XFORM 203-502] Unrolling all sub-loops inside loop 'VITIS_LOOP_65_3' (cnn.cpp:65) in function 'cnn_predict' for pipelining.
INFO: [XFORM 203-502] Unrolling all sub-loops inside loop 'VITIS_LOOP_92_8' (cnn.cpp:93) in function 'cnn_predict' for pipelining.
INFO: [XFORM 203-502] Unrolling all sub-loops inside loop 'VITIS_LOOP_110_13' (cnn.cpp:110) in function 'cnn_predict' for pipelining.
INFO: [XFORM 203-502] Unrolling all sub-loops inside loop 'VITIS_LOOP_136_19' (cnn.cpp:137) in function 'cnn_predict' for pipelining.
INFO: [HLS 200-489] Unrolling loop 'VITIS_LOOP_70_4' (cnn.cpp:70) in function 'cnn_predict' completely with a factor of 3.
INFO: [HLS 200-489] Unrolling loop 'VITIS_LOOP_71_5' (cnn.cpp:71) in function 'cnn_predict' completely with a factor of 3.
INFO: [HLS 200-489] Unrolling loop 'VITIS_LOOP_94_9' (cnn.cpp:94) in function 'cnn_predict' completely with a factor of 2.
INFO: [HLS 200-489] Unrolling loop 'VITIS_LOOP_95_10' (cnn.cpp:95) in function 'cnn_predict' completely with a factor of 2.
INFO: [HLS 200-489] Unrolling loop 'VITIS_LOOP_113_14' (cnn.cpp:113) in function 'cnn_predict' completely with a factor of 3.
INFO: [HLS 200-489] Unrolling loop 'VITIS_LOOP_114_15' (cnn.cpp:114) in function 'cnn_predict' completely with a factor of 3.
INFO: [HLS 200-489] Unrolling loop 'VITIS_LOOP_116_16' (cnn.cpp:116) in function 'cnn_predict' completely with a factor of 4.
INFO: [HLS 200-489] Unrolling loop 'VITIS_LOOP_138_20' (cnn.cpp:138) in function 'cnn_predict' completely with a factor of 2.
INFO: [HLS 200-489] Unrolling loop 'VITIS_LOOP_139_21' (cnn.cpp:139) in function 'cnn_predict' completely with a factor of 2.
INFO: [XFORM 203-102] Automatically partitioning small array 'conv1_b' completely based on array size.
INFO: [XFORM 203-101] Partitioning array 'conv1_b' in dimension 1 completely.
INFO: [XFORM 203-603] Inlining function 'aesl_mux_load.4floatP0A.i2' into 'cnn_predict'.
INFO: [HLS 200-111] Finished Loop, function and other optimizations: CPU user time: 0.77 seconds. CPU system time: 0.03 seconds. Elapsed time: 0.82 seconds; current allocated memory: 319.375 MB.
INFO: [XFORM 203-541] Flattening a loop nest 'VITIS_LOOP_64_2' (cnn.cpp:64:34) in function 'cnn_predict'.
WARNING: [HLS 200-960] Cannot flatten loop 'VITIS_LOOP_63_1' (cnn.cpp:63:30) in function 'cnn_predict' the outer loop is not a perfect loop.
INFO: [XFORM 203-541] Flattening a loop nest 'VITIS_LOOP_91_7' (cnn.cpp:91:34) in function 'cnn_predict'.
INFO: [XFORM 203-541] Flattening a loop nest 'VITIS_LOOP_90_6' (cnn.cpp:90:30) in function 'cnn_predict'.
INFO: [XFORM 203-541] Flattening a loop nest 'VITIS_LOOP_109_12' (cnn.cpp:109:36) in function 'cnn_predict'.
INFO: [XFORM 203-541] Flattening a loop nest 'VITIS_LOOP_108_11' (cnn.cpp:108:32) in function 'cnn_predict'.
INFO: [XFORM 203-541] Flattening a loop nest 'VITIS_LOOP_135_18' (cnn.cpp:135:36) in function 'cnn_predict'.
INFO: [XFORM 203-541] Flattening a loop nest 'VITIS_LOOP_134_17' (cnn.cpp:134:32) in function 'cnn_predict'.
INFO: [XFORM 203-541] Flattening a loop nest 'VITIS_LOOP_155_23' (cnn.cpp:152:9) in function 'cnn_predict'.
INFO: [XFORM 203-541] Flattening a loop nest 'VITIS_LOOP_154_22' (cnn.cpp:154:32) in function 'cnn_predict'.
WARNING: [HLS 200-960] Cannot flatten loop 'VITIS_LOOP_165_25' (cnn.cpp:165:32) in function 'cnn_predict' the outer loop is not a perfect loop.
INFO: [HLS 200-472] Inferring partial write operation for 'layer1_conv' (cnn.cpp:82:38)
INFO: [HLS 200-472] Inferring partial write operation for 'layer1_pool' (cnn.cpp:100:38)
INFO: [HLS 200-472] Inferring partial write operation for 'layer2_conv' (cnn.cpp:126:38)
INFO: [HLS 200-472] Inferring partial write operation for 'layer2_pool' (cnn.cpp:144:38)
INFO: [HLS 200-472] Inferring partial write operation for 'flat' (cnn.cpp:157:29)
INFO: [HLS 200-472] Inferring partial write operation for 'dense' (cnn.cpp:172:18)
INFO: [HLS 200-111] Finished Architecture Synthesis: CPU user time: 1.33 seconds. CPU system time: 0.03 seconds. Elapsed time: 1.37 seconds; current allocated memory: 399.473 MB.
INFO: [HLS 200-10] Starting hardware synthesis ...
INFO: [HLS 200-10] Synthesizing 'cnn_predict' ...
INFO: [HLS 200-10] ----------------------------------------------------------------
INFO: [HLS 200-42] -- Implementing module 'cnn_predict_Pipeline_VITIS_LOOP_64_2_VITIS_LOOP_65_3' 
INFO: [HLS 200-10] ----------------------------------------------------------------
INFO: [SCHED 204-11] Starting scheduling ...
INFO: [HLS 200-1457] Automatically inferring inferring RAM_1WNR storage type for array 'layer1_conv'. Use bind_storage pragma to override this type.
INFO: [SCHED 204-61] Pipelining loop 'VITIS_LOOP_64_2_VITIS_LOOP_65_3'.
WARNING: [HLS 200-880] The II Violation in module 'cnn_predict_Pipeline_VITIS_LOOP_64_2_VITIS_LOOP_65_3' (loop 'VITIS_LOOP_64_2_VITIS_LOOP_65_3'): Unable to enforce a carried dependence constraint (II = 1, distance = 1, offset = 1) between bus read operation ('gmem_addr_8_read', cnn.cpp:79) on port 'gmem' (cnn.cpp:79) and bus read operation ('gmem_addr_read', cnn.cpp:79) on port 'gmem' (cnn.cpp:79).
WARNING: [HLS 200-880] The II Violation in module 'cnn_predict_Pipeline_VITIS_LOOP_64_2_VITIS_LOOP_65_3' (loop 'VITIS_LOOP_64_2_VITIS_LOOP_65_3'): Unable to enforce a carried dependence constraint (II = 2, distance = 1, offset = 1) between bus read operation ('gmem_addr_8_read', cnn.cpp:79) on port 'gmem' (cnn.cpp:79) and bus read operation ('gmem_addr_read', cnn.cpp:79) on port 'gmem' (cnn.cpp:79).
WARNING: [HLS 200-880] The II Violation in module 'cnn_predict_Pipeline_VITIS_LOOP_64_2_VITIS_LOOP_65_3' (loop 'VITIS_LOOP_64_2_VITIS_LOOP_65_3'): Unable to enforce a carried dependence constraint (II = 3, distance = 1, offset = 1) between bus read operation ('gmem_addr_8_read', cnn.cpp:79) on port 'gmem' (cnn.cpp:79) and bus read operation ('gmem_addr_read', cnn.cpp:79) on port 'gmem' (cnn.cpp:79).
WARNING: [HLS 200-880] The II Violation in module 'cnn_predict_Pipeline_VITIS_LOOP_64_2_VITIS_LOOP_65_3' (loop 'VITIS_LOOP_64_2_VITIS_LOOP_65_3'): Unable to enforce a carried dependence constraint (II = 4, distance = 1, offset = 1) between bus read operation ('gmem_addr_8_read', cnn.cpp:79) on port 'gmem' (cnn.cpp:79) and bus read operation ('gmem_addr_read', cnn.cpp:79) on port 'gmem' (cnn.cpp:79).
WARNING: [HLS 200-880] The II Violation in module 'cnn_predict_Pipeline_VITIS_LOOP_64_2_VITIS_LOOP_65_3' (loop 'VITIS_LOOP_64_2_VITIS_LOOP_65_3'): Unable to enforce a carried dependence constraint (II = 7, distance = 1, offset = 1) between bus read operation ('gmem_addr_8_read', cnn.cpp:79) on port 'gmem' (cnn.cpp:79) and bus read operation ('gmem_addr_read', cnn.cpp:79) on port 'gmem' (cnn.cpp:79).
WARNING: [HLS 200-880] The II Violation in module 'cnn_predict_Pipeline_VITIS_LOOP_64_2_VITIS_LOOP_65_3' (loop 'VITIS_LOOP_64_2_VITIS_LOOP_65_3'): Unable to enforce a carried dependence constraint (II = 8, distance = 1, offset = 1) between bus read operation ('gmem_addr_8_read', cnn.cpp:79) on port 'gmem' (cnn.cpp:79) and bus read operation ('gmem_addr_read', cnn.cpp:79) on port 'gmem' (cnn.cpp:79).
INFO: [HLS 200-1470] Pipelining result : Target II = NA, Final II = 9, Depth = 60, loop 'VITIS_LOOP_64_2_VITIS_LOOP_65_3'
INFO: [SCHED 204-11] Finished scheduling.
INFO: [HLS 200-111] Finished Scheduling: CPU user time: 0.24 seconds. CPU system time: 0.03 seconds. Elapsed time: 0.31 seconds; current allocated memory: 401.441 MB.
INFO: [BIND 205-100] Starting micro-architecture generation ...
INFO: [BIND 205-101] Performing variable lifetime analysis.
INFO: [BIND 205-101] Exploring resource sharing.
INFO: [BIND 205-101] Binding ...
INFO: [BIND 205-100] Finished micro-architecture generation.
INFO: [HLS 200-111] Finished Binding: CPU user time: 0.22 seconds. CPU system time: 0 seconds. Elapsed time: 0.23 seconds; current allocated memory: 401.441 MB.
INFO: [HLS 200-10] ----------------------------------------------------------------
INFO: [HLS 200-42] -- Implementing module 'cnn_predict_Pipeline_VITIS_LOOP_90_6_VITIS_LOOP_91_7_VITIS_LOOP_92_8' 
INFO: [HLS 200-10] ----------------------------------------------------------------
INFO: [SCHED 204-11] Starting scheduling ...
INFO: [HLS 200-1457] Automatically inferring inferring RAM_1WNR storage type for array 'layer1_pool'. Use bind_storage pragma to override this type.
INFO: [HLS 200-1457] Automatically inferring inferring RAM_1WNR storage type for array 'layer1_conv'. Use bind_storage pragma to override this type.
INFO: [SCHED 204-61] Pipelining loop 'VITIS_LOOP_90_6_VITIS_LOOP_91_7_VITIS_LOOP_92_8'.
INFO: [HLS 200-1470] Pipelining result : Target II = NA, Final II = 1, Depth = 9, loop 'VITIS_LOOP_90_6_VITIS_LOOP_91_7_VITIS_LOOP_92_8'
INFO: [SCHED 204-11] Finished scheduling.
INFO: [HLS 200-111] Finished Scheduling: CPU user time: 0.22 seconds. CPU system time: 0.01 seconds. Elapsed time: 0.22 seconds; current allocated memory: 401.441 MB.
INFO: [BIND 205-100] Starting micro-architecture generation ...
INFO: [BIND 205-101] Performing variable lifetime analysis.
INFO: [BIND 205-101] Exploring resource sharing.
INFO: [BIND 205-101] Binding ...
INFO: [BIND 205-100] Finished micro-architecture generation.
INFO: [HLS 200-111] Finished Binding: CPU user time: 0.09 seconds. CPU system time: 0 seconds. Elapsed time: 0.09 seconds; current allocated memory: 401.441 MB.
INFO: [HLS 200-10] ----------------------------------------------------------------
INFO: [HLS 200-42] -- Implementing module 'cnn_predict_Pipeline_VITIS_LOOP_108_11_VITIS_LOOP_109_12_VITIS_LOOP_110_13' 
INFO: [HLS 200-10] ----------------------------------------------------------------
INFO: [SCHED 204-11] Starting scheduling ...
INFO: [HLS 200-486] Changing DSP latency (root=mul_ln126) to 3 in order to utilize available DSP registers.
INFO: [HLS 200-1457] Automatically inferring inferring RAM_1WNR storage type for array 'layer2_conv'. Use bind_storage pragma to override this type.
INFO: [HLS 200-1457] Automatically inferring inferring RAM_1WNR storage type for array 'layer1_pool'. Use bind_storage pragma to override this type.
INFO: [SCHED 204-61] Pipelining loop 'VITIS_LOOP_108_11_VITIS_LOOP_109_12_VITIS_LOOP_110_13'.
WARNING: [HLS 200-885] The II Violation in module 'cnn_predict_Pipeline_VITIS_LOOP_108_11_VITIS_LOOP_109_12_VITIS_LOOP_110_13' (loop 'VITIS_LOOP_108_11_VITIS_LOOP_109_12_VITIS_LOOP_110_13'): Unable to schedule 'load' operation ('layer1_pool_load_16', cnn.cpp:122) on array 'layer1_pool' due to limited memory ports (II = 1). Please consider using a memory core with more ports or partitioning the array 'layer1_pool'.
WARNING: [HLS 200-885] The II Violation in module 'cnn_predict_Pipeline_VITIS_LOOP_108_11_VITIS_LOOP_109_12_VITIS_LOOP_110_13' (loop 'VITIS_LOOP_108_11_VITIS_LOOP_109_12_VITIS_LOOP_110_13'): Unable to schedule 'load' operation ('layer1_pool_load_33', cnn.cpp:122) on array 'layer1_pool' due to limited memory ports (II = 2). Please consider using a memory core with more ports or partitioning the array 'layer1_pool'.
INFO: [HLS 200-1470] Pipelining result : Target II = NA, Final II = 3, Depth = 188, loop 'VITIS_LOOP_108_11_VITIS_LOOP_109_12_VITIS_LOOP_110_13'
INFO: [SCHED 204-11] Finished scheduling.
INFO: [HLS 200-111] Finished Scheduling: CPU user time: 0.84 seconds. CPU system time: 0 seconds. Elapsed time: 0.86 seconds; current allocated memory: 403.145 MB.
INFO: [BIND 205-100] Starting micro-architecture generation ...
INFO: [BIND 205-101] Performing variable lifetime analysis.
INFO: [BIND 205-101] Exploring resource sharing.
INFO: [BIND 205-101] Binding ...
INFO: [BIND 205-100] Finished micro-architecture generation.
INFO: [HLS 200-111] Finished Binding: CPU user time: 0.72 seconds. CPU system time: 0.01 seconds. Elapsed time: 0.74 seconds; current allocated memory: 403.145 MB.
INFO: [HLS 200-10] ----------------------------------------------------------------
INFO: [HLS 200-42] -- Implementing module 'cnn_predict_Pipeline_VITIS_LOOP_134_17_VITIS_LOOP_135_18_VITIS_LOOP_136_19' 
INFO: [HLS 200-10] ----------------------------------------------------------------
INFO: [SCHED 204-11] Starting scheduling ...
INFO: [HLS 200-1457] Automatically inferring inferring RAM_1WNR storage type for array 'layer2_conv'. Use bind_storage pragma to override this type.
INFO: [SCHED 204-61] Pipelining loop 'VITIS_LOOP_134_17_VITIS_LOOP_135_18_VITIS_LOOP_136_19'.
INFO: [HLS 200-1470] Pipelining result : Target II = NA, Final II = 1, Depth = 9, loop 'VITIS_LOOP_134_17_VITIS_LOOP_135_18_VITIS_LOOP_136_19'
INFO: [SCHED 204-11] Finished scheduling.
INFO: [HLS 200-111] Finished Scheduling: CPU user time: 0.53 seconds. CPU system time: 0 seconds. Elapsed time: 0.54 seconds; current allocated memory: 405.430 MB.
INFO: [BIND 205-100] Starting micro-architecture generation ...
INFO: [BIND 205-101] Performing variable lifetime analysis.
INFO: [BIND 205-101] Exploring resource sharing.
INFO: [BIND 205-101] Binding ...
INFO: [BIND 205-100] Finished micro-architecture generation.
INFO: [HLS 200-111] Finished Binding: CPU user time: 0.08 seconds. CPU system time: 0 seconds. Elapsed time: 0.09 seconds; current allocated memory: 405.430 MB.
INFO: [HLS 200-10] ----------------------------------------------------------------
INFO: [HLS 200-42] -- Implementing module 'cnn_predict_Pipeline_VITIS_LOOP_154_22_VITIS_LOOP_155_23_VITIS_LOOP_156_24' 
INFO: [HLS 200-10] ----------------------------------------------------------------
INFO: [SCHED 204-11] Starting scheduling ...
INFO: [SCHED 204-61] Pipelining loop 'VITIS_LOOP_154_22_VITIS_LOOP_155_23_VITIS_LOOP_156_24'.
INFO: [HLS 200-1470] Pipelining result : Target II = NA, Final II = 1, Depth = 2, loop 'VITIS_LOOP_154_22_VITIS_LOOP_155_23_VITIS_LOOP_156_24'
INFO: [SCHED 204-11] Finished scheduling.
INFO: [HLS 200-111] Finished Scheduling: CPU user time: 0.17 seconds. CPU system time: 0 seconds. Elapsed time: 0.18 seconds; current allocated memory: 405.441 MB.
INFO: [BIND 205-100] Starting micro-architecture generation ...
INFO: [BIND 205-101] Performing variable lifetime analysis.
INFO: [BIND 205-101] Exploring resource sharing.
INFO: [BIND 205-101] Binding ...
INFO: [BIND 205-100] Finished micro-architecture generation.
INFO: [HLS 200-111] Finished Binding: CPU user time: 0.03 seconds. CPU system time: 0.01 seconds. Elapsed time: 0.03 seconds; current allocated memory: 405.441 MB.
INFO: [HLS 200-10] ----------------------------------------------------------------
INFO: [HLS 200-42] -- Implementing module 'cnn_predict_Pipeline_VITIS_LOOP_167_26' 
INFO: [HLS 200-10] ----------------------------------------------------------------
INFO: [SCHED 204-11] Starting scheduling ...
INFO: [SCHED 204-61] Pipelining loop 'VITIS_LOOP_167_26'.
WARNING: [HLS 200-880] The II Violation in module 'cnn_predict_Pipeline_VITIS_LOOP_167_26' (loop 'VITIS_LOOP_167_26'): Unable to enforce a carried dependence constraint (II = 1, distance = 1, offset = 0) between 'store' operation ('sum_write_ln170', cnn.cpp:170) of variable 'sum', cnn.cpp:170 on local variable 'sum' and 'load' operation ('sum_load', cnn.cpp:170) on local variable 'sum'.
WARNING: [HLS 200-880] The II Violation in module 'cnn_predict_Pipeline_VITIS_LOOP_167_26' (loop 'VITIS_LOOP_167_26'): Unable to enforce a carried dependence constraint (II = 2, distance = 1, offset = 0) between 'store' operation ('sum_write_ln170', cnn.cpp:170) of variable 'sum', cnn.cpp:170 on local variable 'sum' and 'load' operation ('sum_load', cnn.cpp:170) on local variable 'sum'.
WARNING: [HLS 200-880] The II Violation in module 'cnn_predict_Pipeline_VITIS_LOOP_167_26' (loop 'VITIS_LOOP_167_26'): Unable to enforce a carried dependence constraint (II = 3, distance = 1, offset = 0) between 'store' operation ('sum_write_ln170', cnn.cpp:170) of variable 'sum', cnn.cpp:170 on local variable 'sum' and 'load' operation ('sum_load', cnn.cpp:170) on local variable 'sum'.
INFO: [HLS 200-1470] Pipelining result : Target II = NA, Final II = 4, Depth = 12, loop 'VITIS_LOOP_167_26'
INFO: [SCHED 204-11] Finished scheduling.
INFO: [HLS 200-111] Finished Scheduling: CPU user time: 0.09 seconds. CPU system time: 0 seconds. Elapsed time: 0.1 seconds; current allocated memory: 406.414 MB.
INFO: [BIND 205-100] Starting micro-architecture generation ...
INFO: [BIND 205-101] Performing variable lifetime analysis.
INFO: [BIND 205-101] Exploring resource sharing.
INFO: [BIND 205-101] Binding ...
INFO: [BIND 205-100] Finished micro-architecture generation.
INFO: [HLS 200-111] Finished Binding: CPU user time: 0.05 seconds. CPU system time: 0 seconds. Elapsed time: 0.06 seconds; current allocated memory: 406.414 MB.
INFO: [HLS 200-10] ----------------------------------------------------------------
INFO: [HLS 200-42] -- Implementing module 'cnn_predict_Pipeline_VITIS_LOOP_179_27' 
INFO: [HLS 200-10] ----------------------------------------------------------------
INFO: [SCHED 204-11] Starting scheduling ...
INFO: [SCHED 204-61] Pipelining loop 'VITIS_LOOP_179_27'.
WARNING: [HLS 200-880] The II Violation in module 'cnn_predict_Pipeline_VITIS_LOOP_179_27' (loop 'VITIS_LOOP_179_27'): Unable to enforce a carried dependence constraint (II = 1, distance = 1, offset = 0) between 'store' operation ('final_sum_write_ln179', cnn.cpp:179) of variable 'final_sum', cnn.cpp:181 on local variable 'final_sum' and 'load' operation ('final_sum_load', cnn.cpp:181) on local variable 'final_sum'.
WARNING: [HLS 200-880] The II Violation in module 'cnn_predict_Pipeline_VITIS_LOOP_179_27' (loop 'VITIS_LOOP_179_27'): Unable to enforce a carried dependence constraint (II = 2, distance = 1, offset = 0) between 'store' operation ('final_sum_write_ln179', cnn.cpp:179) of variable 'final_sum', cnn.cpp:181 on local variable 'final_sum' and 'load' operation ('final_sum_load', cnn.cpp:181) on local variable 'final_sum'.
WARNING: [HLS 200-880] The II Violation in module 'cnn_predict_Pipeline_VITIS_LOOP_179_27' (loop 'VITIS_LOOP_179_27'): Unable to enforce a carried dependence constraint (II = 3, distance = 1, offset = 0) between 'store' operation ('final_sum_write_ln179', cnn.cpp:179) of variable 'final_sum', cnn.cpp:181 on local variable 'final_sum' and 'load' operation ('final_sum_load', cnn.cpp:181) on local variable 'final_sum'.
INFO: [HLS 200-1470] Pipelining result : Target II = NA, Final II = 4, Depth = 10, loop 'VITIS_LOOP_179_27'
INFO: [SCHED 204-11] Finished scheduling.
INFO: [HLS 200-111] Finished Scheduling: CPU user time: 0.06 seconds. CPU system time: 0 seconds. Elapsed time: 0.07 seconds; current allocated memory: 406.754 MB.
INFO: [BIND 205-100] Starting micro-architecture generation ...
INFO: [BIND 205-101] Performing variable lifetime analysis.
INFO: [BIND 205-101] Exploring resource sharing.
INFO: [BIND 205-101] Binding ...
INFO: [BIND 205-100] Finished micro-architecture generation.
INFO: [HLS 200-111] Finished Binding: CPU user time: 0.04 seconds. CPU system time: 0 seconds. Elapsed time: 0.04 seconds; current allocated memory: 406.754 MB.
INFO: [HLS 200-10] ----------------------------------------------------------------
INFO: [HLS 200-42] -- Implementing module 'cnn_predict' 
INFO: [HLS 200-10] ----------------------------------------------------------------
INFO: [SCHED 204-11] Starting scheduling ...
INFO: [SCHED 204-11] Finished scheduling.
INFO: [HLS 200-111] Finished Scheduling: CPU user time: 0.08 seconds. CPU system time: 0.01 seconds. Elapsed time: 0.09 seconds; current allocated memory: 407.340 MB.
INFO: [BIND 205-100] Starting micro-architecture generation ...
INFO: [BIND 205-101] Performing variable lifetime analysis.
INFO: [BIND 205-101] Exploring resource sharing.
INFO: [BIND 205-101] Binding ...
INFO: [BIND 205-100] Finished micro-architecture generation.
INFO: [HLS 200-111] Finished Binding: CPU user time: 0.3 seconds. CPU system time: 0 seconds. Elapsed time: 0.31 seconds; current allocated memory: 407.340 MB.
INFO: [HLS 200-10] ----------------------------------------------------------------
INFO: [HLS 200-10] -- Generating RTL for module 'cnn_predict_Pipeline_VITIS_LOOP_64_2_VITIS_LOOP_65_3' 
INFO: [HLS 200-10] ----------------------------------------------------------------
INFO: [HLS 200-1030] Apply Unified Pipeline Control on module 'cnn_predict_Pipeline_VITIS_LOOP_64_2_VITIS_LOOP_65_3' pipeline 'VITIS_LOOP_64_2_VITIS_LOOP_65_3' pipeline type 'loop pipeline'
INFO: [RTGEN 206-100] Generating core module 'fadd_32ns_32ns_32_5_full_dsp_1': 1 instance(s).
INFO: [RTGEN 206-100] Generating core module 'fcmp_32ns_32ns_1_2_no_dsp_1': 1 instance(s).
INFO: [RTGEN 206-100] Generating core module 'fmul_32ns_32ns_32_4_max_dsp_1': 1 instance(s).
INFO: [RTGEN 206-100] Finished creating RTL model for 'cnn_predict_Pipeline_VITIS_LOOP_64_2_VITIS_LOOP_65_3'.
INFO: [HLS 200-111] Finished Creating RTL model: CPU user time: 0.6 seconds. CPU system time: 0 seconds. Elapsed time: 0.61 seconds; current allocated memory: 409.094 MB.
INFO: [HLS 200-10] ----------------------------------------------------------------
INFO: [HLS 200-10] -- Generating RTL for module 'cnn_predict_Pipeline_VITIS_LOOP_90_6_VITIS_LOOP_91_7_VITIS_LOOP_92_8' 
INFO: [HLS 200-10] ----------------------------------------------------------------
INFO: [HLS 200-1030] Apply Unified Pipeline Control on module 'cnn_predict_Pipeline_VITIS_LOOP_90_6_VITIS_LOOP_91_7_VITIS_LOOP_92_8' pipeline 'VITIS_LOOP_90_6_VITIS_LOOP_91_7_VITIS_LOOP_92_8' pipeline type 'loop pipeline'
INFO: [RTGEN 206-100] Generating core module 'fcmp_32ns_32ns_1_2_no_dsp_1': 4 instance(s).
INFO: [RTGEN 206-100] Finished creating RTL model for 'cnn_predict_Pipeline_VITIS_LOOP_90_6_VITIS_LOOP_91_7_VITIS_LOOP_92_8'.
INFO: [HLS 200-111] Finished Creating RTL model: CPU user time: 0.34 seconds. CPU system time: 0.01 seconds. Elapsed time: 0.36 seconds; current allocated memory: 413.492 MB.
INFO: [HLS 200-10] ----------------------------------------------------------------
INFO: [HLS 200-10] -- Generating RTL for module 'cnn_predict_Pipeline_VITIS_LOOP_108_11_VITIS_LOOP_109_12_VITIS_LOOP_110_13' 
INFO: [HLS 200-10] ----------------------------------------------------------------
INFO: [SYN 201-210] Renamed object name 'cnn_predict_Pipeline_VITIS_LOOP_108_11_VITIS_LOOP_109_12_VITIS_LOOP_110_13_conv2_b_ROM_AUTO_1R' to 'cnn_predict_Pipeline_VITIS_LOOP_108_11_VITIS_LOOP_109_12_VITIS_LOOP_110_13_cobkb' due to the length limit 80
INFO: [SYN 201-210] Renamed object name 'cnn_predict_Pipeline_VITIS_LOOP_108_11_VITIS_LOOP_109_12_VITIS_LOOP_110_13_conv2_w_ROM_AUTO_1R' to 'cnn_predict_Pipeline_VITIS_LOOP_108_11_VITIS_LOOP_109_12_VITIS_LOOP_110_13_cocud' due to the length limit 80
INFO: [HLS 200-1030] Apply Unified Pipeline Control on module 'cnn_predict_Pipeline_VITIS_LOOP_108_11_VITIS_LOOP_109_12_VITIS_LOOP_110_13' pipeline 'VITIS_LOOP_108_11_VITIS_LOOP_109_12_VITIS_LOOP_110_13' pipeline type 'loop pipeline'
INFO: [RTGEN 206-104] Estimated max fanout for 'cnn_predict_Pipeline_VITIS_LOOP_108_11_VITIS_LOOP_109_12_VITIS_LOOP_110_13' is 19350 from HDL expression: ((1'b0 == ap_block_pp0_stage1_11001) & (1'b1 == ap_CS_fsm_pp0_stage1))
INFO: [RTGEN 206-100] Generating core module 'fadd_32ns_32ns_32_5_full_dsp_1': 12 instance(s).
INFO: [RTGEN 206-100] Generating core module 'fcmp_32ns_32ns_1_2_no_dsp_1': 1 instance(s).
INFO: [RTGEN 206-100] Generating core module 'fmul_32ns_32ns_32_4_max_dsp_1': 12 instance(s).
INFO: [RTGEN 206-100] Generating core module 'mac_muladd_5ns_5ns_5ns_10_4_1': 1 instance(s).
INFO: [RTGEN 206-100] Finished creating RTL model for 'cnn_predict_Pipeline_VITIS_LOOP_108_11_VITIS_LOOP_109_12_VITIS_LOOP_110_13'.
INFO: [RTMG 210-279] Implementing memory 'cnn_predict_cnn_predict_Pipeline_VITIS_LOOP_108_11_VITIS_LOOP_109_12_VITIS_LOOP_110_13_cobkb' using auto ROMs.
INFO: [RTMG 210-279] Implementing memory 'cnn_predict_cnn_predict_Pipeline_VITIS_LOOP_108_11_VITIS_LOOP_109_12_VITIS_LOOP_110_13_cocud' using auto ROMs.
INFO: [HLS 200-111] Finished Creating RTL model: CPU user time: 0.49 seconds. CPU system time: 0.02 seconds. Elapsed time: 0.5 seconds; current allocated memory: 423.344 MB.
INFO: [HLS 200-10] ----------------------------------------------------------------
INFO: [HLS 200-10] -- Generating RTL for module 'cnn_predict_Pipeline_VITIS_LOOP_134_17_VITIS_LOOP_135_18_VITIS_LOOP_136_19' 
INFO: [HLS 200-10] ----------------------------------------------------------------
INFO: [HLS 200-1030] Apply Unified Pipeline Control on module 'cnn_predict_Pipeline_VITIS_LOOP_134_17_VITIS_LOOP_135_18_VITIS_LOOP_136_19' pipeline 'VITIS_LOOP_134_17_VITIS_LOOP_135_18_VITIS_LOOP_136_19' pipeline type 'loop pipeline'
INFO: [RTGEN 206-100] Generating core module 'fcmp_32ns_32ns_1_2_no_dsp_1': 4 instance(s).
INFO: [RTGEN 206-100] Generating core module 'mul_5ns_6ns_10_1_1': 2 instance(s).
INFO: [RTGEN 206-100] Finished creating RTL model for 'cnn_predict_Pipeline_VITIS_LOOP_134_17_VITIS_LOOP_135_18_VITIS_LOOP_136_19'.
INFO: [HLS 200-111] Finished Creating RTL model: CPU user time: 1.12 seconds. CPU system time: 0.03 seconds. Elapsed time: 1.15 seconds; current allocated memory: 432.785 MB.
INFO: [HLS 200-10] ----------------------------------------------------------------
INFO: [HLS 200-10] -- Generating RTL for module 'cnn_predict_Pipeline_VITIS_LOOP_154_22_VITIS_LOOP_155_23_VITIS_LOOP_156_24' 
INFO: [HLS 200-10] ----------------------------------------------------------------
INFO: [HLS 200-1030] Apply Unified Pipeline Control on module 'cnn_predict_Pipeline_VITIS_LOOP_154_22_VITIS_LOOP_155_23_VITIS_LOOP_156_24' pipeline 'VITIS_LOOP_154_22_VITIS_LOOP_155_23_VITIS_LOOP_156_24' pipeline type 'loop pipeline'
INFO: [RTGEN 206-100] Finished creating RTL model for 'cnn_predict_Pipeline_VITIS_LOOP_154_22_VITIS_LOOP_155_23_VITIS_LOOP_156_24'.
INFO: [HLS 200-111] Finished Creating RTL model: CPU user time: 0.35 seconds. CPU system time: 0.01 seconds. Elapsed time: 0.36 seconds; current allocated memory: 435.785 MB.
INFO: [HLS 200-10] ----------------------------------------------------------------
INFO: [HLS 200-10] -- Generating RTL for module 'cnn_predict_Pipeline_VITIS_LOOP_167_26' 
INFO: [HLS 200-10] ----------------------------------------------------------------
INFO: [HLS 200-1030] Apply Unified Pipeline Control on module 'cnn_predict_Pipeline_VITIS_LOOP_167_26' pipeline 'VITIS_LOOP_167_26' pipeline type 'loop pipeline'
INFO: [RTGEN 206-100] Generating core module 'fadd_32ns_32ns_32_5_full_dsp_1': 1 instance(s).
INFO: [RTGEN 206-100] Generating core module 'fcmp_32ns_32ns_1_2_no_dsp_1': 1 instance(s).
INFO: [RTGEN 206-100] Generating core module 'fmul_32ns_32ns_32_4_max_dsp_1': 1 instance(s).
INFO: [RTGEN 206-100] Finished creating RTL model for 'cnn_predict_Pipeline_VITIS_LOOP_167_26'.
INFO: [RTMG 210-279] Implementing memory 'cnn_predict_cnn_predict_Pipeline_VITIS_LOOP_167_26_dense1_w_ROM_AUTO_1R' using auto ROMs.
INFO: [HLS 200-111] Finished Creating RTL model: CPU user time: 0.18 seconds. CPU system time: 0.01 seconds. Elapsed time: 0.18 seconds; current allocated memory: 447.625 MB.
INFO: [HLS 200-10] ----------------------------------------------------------------
INFO: [HLS 200-10] -- Generating RTL for module 'cnn_predict_Pipeline_VITIS_LOOP_179_27' 
INFO: [HLS 200-10] ----------------------------------------------------------------
INFO: [HLS 200-1030] Apply Unified Pipeline Control on module 'cnn_predict_Pipeline_VITIS_LOOP_179_27' pipeline 'VITIS_LOOP_179_27' pipeline type 'loop pipeline'
INFO: [RTGEN 206-100] Generating core module 'fadd_32ns_32ns_32_5_full_dsp_1': 1 instance(s).
INFO: [RTGEN 206-100] Generating core module 'fmul_32ns_32ns_32_4_max_dsp_1': 1 instance(s).
INFO: [RTGEN 206-100] Finished creating RTL model for 'cnn_predict_Pipeline_VITIS_LOOP_179_27'.
INFO: [RTMG 210-279] Implementing memory 'cnn_predict_cnn_predict_Pipeline_VITIS_LOOP_179_27_output_w_ROM_AUTO_1R' using auto ROMs.
INFO: [HLS 200-111] Finished Creating RTL model: CPU user time: 0.09 seconds. CPU system time: 0 seconds. Elapsed time: 0.09 seconds; current allocated memory: 447.625 MB.
INFO: [HLS 200-10] ----------------------------------------------------------------
INFO: [HLS 200-10] -- Generating RTL for module 'cnn_predict' 
INFO: [HLS 200-10] ----------------------------------------------------------------
WARNING: [RTGEN 206-101] Design contains AXI ports. Reset is fixed to synchronous and active low.
INFO: [RTGEN 206-500] Setting interface mode on port 'cnn_predict/gmem' to 'm_axi'.
INFO: [RTGEN 206-500] Setting interface mode on port 'cnn_predict/img_in' to 's_axilite & ap_none'.
INFO: [RTGEN 206-500] Setting interface mode on port 'cnn_predict/steering_out' to 's_axilite & ap_vld'.
INFO: [RTGEN 206-500] Setting interface mode on function 'cnn_predict' to 's_axilite & ap_ctrl_hs'.
INFO: [RTGEN 206-100] Bundling port 'img_in', 'steering_out' and 'return' to AXI-Lite port control.
INFO: [RTGEN 206-100] Generating core module 'fadd_32ns_32ns_32_5_full_dsp_1': 1 instance(s).
INFO: [RTGEN 206-100] Generating core module 'fcmp_32ns_32ns_1_2_no_dsp_1': 4 instance(s).
INFO: [RTGEN 206-100] Generating core module 'fdiv_32ns_32ns_32_10_no_dsp_1': 1 instance(s).
INFO: [RTGEN 206-100] Generating core module 'fexp_32ns_32ns_32_8_full_dsp_1': 1 instance(s).
INFO: [RTGEN 206-100] Generating core module 'fmul_32ns_32ns_32_4_max_dsp_1': 1 instance(s).
INFO: [RTGEN 206-100] Finished creating RTL model for 'cnn_predict'.
INFO: [RTMG 210-279] Implementing memory 'cnn_predict_conv1_w_ROM_AUTO_1R' using auto ROMs.
INFO: [RTMG 210-279] Implementing memory 'cnn_predict_dense1_b_ROM_AUTO_1R' using auto ROMs.
INFO: [RTMG 210-278] Implementing memory 'cnn_predict_layer1_conv_RAM_1WNR_AUTO_1R1W' using auto RAMs.
INFO: [RTMG 210-278] Implementing memory 'cnn_predict_layer1_pool_RAM_1WNR_AUTO_1R1W' using auto RAMs.
INFO: [RTMG 210-278] Implementing memory 'cnn_predict_layer2_conv_RAM_1WNR_AUTO_1R1W' using auto RAMs.
INFO: [RTMG 210-278] Implementing memory 'cnn_predict_layer2_pool_RAM_AUTO_1R1W' using auto RAMs.
INFO: [RTMG 210-278] Implementing memory 'cnn_predict_dense_RAM_AUTO_1R1W' using auto RAMs.
INFO: [HLS 200-111] Finished Creating RTL model: CPU user time: 0.09 seconds. CPU system time: 0.01 seconds. Elapsed time: 0.12 seconds; current allocated memory: 447.625 MB.
==============================================================
Vitis HLS - High-Level Synthesis from C, C++ and OpenCL v2022.2 (64-bit)
Tool Version Limit: 2019.12
Copyright 1986-2022 Xilinx, Inc. All Rights Reserved.
==============================================================
==============================================================
Vitis HLS - High-Level Synthesis from C, C++ and OpenCL v2022.2 (64-bit)
Tool Version Limit: 2019.12
Copyright 1986-2022 Xilinx, Inc. All Rights Reserved.
==============================================================
==============================================================
Vitis HLS - High-Level Synthesis from C, C++ and OpenCL v2022.2 (64-bit)
Tool Version Limit: 2019.12
Copyright 1986-2022 Xilinx, Inc. All Rights Reserved.
==============================================================
==============================================================
Vitis HLS - High-Level Synthesis from C, C++ and OpenCL v2022.2 (64-bit)
Tool Version Limit: 2019.12
Copyright 1986-2022 Xilinx, Inc. All Rights Reserved.
==============================================================
==============================================================
Vitis HLS - High-Level Synthesis from C, C++ and OpenCL v2022.2 (64-bit)
Tool Version Limit: 2019.12
Copyright 1986-2022 Xilinx, Inc. All Rights Reserved.
==============================================================
INFO: [SYN 201-201] Setting up clock 'default' with a period of 10ns.
INFO: [HLS 200-1611] Setting target device to 'xczu3eg-sbva484-1-i'
INFO: [HLS 200-1505] Using flow_target 'vivado'
INFO: [HLS 200-1464] Running solution command: config_export -output=/home/dani/Desktop/SDU_Master/EmbeddedSystems/final_assignment/vitis_hls
INFO: [HLS 200-1464] Running solution command: config_export -format=ip_catalog
INFO: [HLS 200-1464] Running solution command: config_export -rtl=verilog
INFO: [HLS 200-1510] Running: set_part xczu3eg-sbva484-1-i 
INFO: [HLS 200-1510] Running: create_clock -period 10 -name default 
INFO: [HLS 200-1510] Running: config_export -format ip_catalog -output /home/dani/Desktop/SDU_Master/EmbeddedSystems/final_assignment/vitis_hls -rtl verilog 
INFO: [HLS 200-1510] Running: source ./cnn_hls/solution1/directives.tcl
INFO: [HLS 200-1510] Running: set_directive_top -name cnn_predict cnn_predict 
INFO: [HLS 200-1510] Running: csynth_design 
INFO: [HLS 200-111] Finished File checks and directory preparation: CPU user time: 0.01 seconds. CPU system time: 0.01 seconds. Elapsed time: 10.02 seconds; current allocated memory: 227.363 MB.
INFO: [HLS 200-10] Analyzing design file 'cnn.cpp' ... 
WARNING: [HLS 207-5572] unknown HLS pragma ignored (cnn.cpp:39:9)
WARNING: [HLS 207-5527] 'Resource pragma' is deprecated, use 'bind_op/bind_storage pragma' instead (cnn.cpp:51:9)
INFO: [HLS 200-111] Finished Source Code Analysis and Preprocessing: CPU user time: 15.03 seconds. CPU system time: 1.29 seconds. Elapsed time: 16.55 seconds; current allocated memory: 231.582 MB.
INFO: [HLS 200-777] Using interface defaults for 'Vivado' flow target.
INFO: [HLS 214-131] Inlining function 'exp_reduce_::exp(float)' into 'hls::exp(float)' (/wrk/ci/prod/2022.2/hls_product/continuous/608/2022.2/src/shared/hls/clib/hlsmath/src/c++/expfloat.cpp:17:9)
INFO: [HLS 214-131] Inlining function 'hls::exp(float)' into 'sigmoid(float)' (cnn.cpp:34:27)
INFO: [HLS 214-178] Inlining function 'memcpy(float*, float*, int)' into 'cnn_predict(float*, float*)' (cnn.cpp:46:0)
INFO: [HLS 214-178] Inlining function 'relu(float)' into 'cnn_predict(float*, float*)' (cnn.cpp:46:0)
INFO: [HLS 214-178] Inlining function 'sigmoid(float)' into 'cnn_predict(float*, float*)' (cnn.cpp:46:0)
INFO: [HLS 214-115] Multiple burst reads of length 4096 and bit width 32 in loop 'VITIS_LOOP_38_1'(cnn.cpp:38:19) has been inferred on bundle 'gmem'. These burst requests might be further partitioned into multiple requests during RTL generation, based on max_read_burst_length or max_write_burst_length settings. (cnn.cpp:38:19)
INFO: [HLS 200-111] Finished Compiling Optimization and Transform: CPU user time: 2.3 seconds. CPU system time: 0.41 seconds. Elapsed time: 2.83 seconds; current allocated memory: 232.078 MB.
INFO: [HLS 200-111] Finished Checking Pragmas: CPU user time: 0 seconds. CPU system time: 0 seconds. Elapsed time: 0 seconds; current allocated memory: 232.078 MB.
INFO: [HLS 200-10] Starting code transformations ...
INFO: [HLS 200-111] Finished Standard Transforms: CPU user time: 1.83 seconds. CPU system time: 0.03 seconds. Elapsed time: 1.88 seconds; current allocated memory: 264.383 MB.
INFO: [HLS 200-10] Checking synthesizability ...
INFO: [HLS 200-111] Finished Checking Synthesizability: CPU user time: 1.84 seconds. CPU system time: 0.01 seconds. Elapsed time: 1.85 seconds; current allocated memory: 274.805 MB.
INFO: [XFORM 203-510] Pipelining loop 'VITIS_LOOP_38_1' (cnn.cpp:38) in function 'cnn_predict' automatically.
INFO: [XFORM 203-510] Pipelining loop 'VITIS_LOOP_78_3' (cnn.cpp:78) in function 'cnn_predict' automatically.
INFO: [XFORM 203-510] Pipelining loop 'VITIS_LOOP_105_8' (cnn.cpp:106) in function 'cnn_predict' automatically.
INFO: [XFORM 203-510] Pipelining loop 'VITIS_LOOP_123_13' (cnn.cpp:123) in function 'cnn_predict' automatically.
INFO: [XFORM 203-510] Pipelining loop 'VITIS_LOOP_149_19' (cnn.cpp:150) in function 'cnn_predict' automatically.
INFO: [XFORM 203-510] Pipelining loop 'VITIS_LOOP_169_24' (cnn.cpp:165) in function 'cnn_predict' automatically.
INFO: [XFORM 203-510] Pipelining loop 'VITIS_LOOP_180_26' (cnn.cpp:179) in function 'cnn_predict' automatically.
INFO: [XFORM 203-510] Pipelining loop 'VITIS_LOOP_192_27' (cnn.cpp:193) in function 'cnn_predict' automatically.
INFO: [XFORM 203-502] Unrolling all sub-loops inside loop 'VITIS_LOOP_78_3' (cnn.cpp:78) in function 'cnn_predict' for pipelining.
INFO: [XFORM 203-502] Unrolling all sub-loops inside loop 'VITIS_LOOP_105_8' (cnn.cpp:106) in function 'cnn_predict' for pipelining.
INFO: [XFORM 203-502] Unrolling all sub-loops inside loop 'VITIS_LOOP_123_13' (cnn.cpp:123) in function 'cnn_predict' for pipelining.
INFO: [XFORM 203-502] Unrolling all sub-loops inside loop 'VITIS_LOOP_149_19' (cnn.cpp:150) in function 'cnn_predict' for pipelining.
INFO: [HLS 200-489] Unrolling loop 'VITIS_LOOP_83_4' (cnn.cpp:83) in function 'cnn_predict' completely with a factor of 3.
INFO: [HLS 200-489] Unrolling loop 'VITIS_LOOP_84_5' (cnn.cpp:84) in function 'cnn_predict' completely with a factor of 3.
INFO: [HLS 200-489] Unrolling loop 'VITIS_LOOP_107_9' (cnn.cpp:107) in function 'cnn_predict' completely with a factor of 2.
INFO: [HLS 200-489] Unrolling loop 'VITIS_LOOP_108_10' (cnn.cpp:108) in function 'cnn_predict' completely with a factor of 2.
INFO: [HLS 200-489] Unrolling loop 'VITIS_LOOP_126_14' (cnn.cpp:126) in function 'cnn_predict' completely with a factor of 3.
INFO: [HLS 200-489] Unrolling loop 'VITIS_LOOP_127_15' (cnn.cpp:127) in function 'cnn_predict' completely with a factor of 3.
INFO: [HLS 200-489] Unrolling loop 'VITIS_LOOP_129_16' (cnn.cpp:129) in function 'cnn_predict' completely with a factor of 4.
INFO: [HLS 200-489] Unrolling loop 'VITIS_LOOP_151_20' (cnn.cpp:151) in function 'cnn_predict' completely with a factor of 2.
INFO: [HLS 200-489] Unrolling loop 'VITIS_LOOP_152_21' (cnn.cpp:152) in function 'cnn_predict' completely with a factor of 2.
INFO: [XFORM 203-102] Automatically partitioning small array 'conv1_b' completely based on array size.
INFO: [XFORM 203-101] Partitioning array 'conv1_b' in dimension 1 completely.
INFO: [XFORM 203-603] Inlining function 'aesl_mux_load.4floatP0A.i2' into 'cnn_predict'.
INFO: [HLS 200-111] Finished Loop, function and other optimizations: CPU user time: 0.71 seconds. CPU system time: 0.01 seconds. Elapsed time: 0.73 seconds; current allocated memory: 294.906 MB.
INFO: [XFORM 203-541] Flattening a loop nest 'VITIS_LOOP_77_2' (cnn.cpp:77:34) in function 'cnn_predict'.
WARNING: [HLS 200-960] Cannot flatten loop 'VITIS_LOOP_76_1' (cnn.cpp:76:30) in function 'cnn_predict' the outer loop is not a perfect loop.
INFO: [XFORM 203-541] Flattening a loop nest 'VITIS_LOOP_104_7' (cnn.cpp:104:35) in function 'cnn_predict'.
INFO: [XFORM 203-541] Flattening a loop nest 'VITIS_LOOP_103_6' (cnn.cpp:103:31) in function 'cnn_predict'.
INFO: [XFORM 203-541] Flattening a loop nest 'VITIS_LOOP_122_12' (cnn.cpp:122:36) in function 'cnn_predict'.
INFO: [XFORM 203-541] Flattening a loop nest 'VITIS_LOOP_121_11' (cnn.cpp:121:32) in function 'cnn_predict'.
INFO: [XFORM 203-541] Flattening a loop nest 'VITIS_LOOP_148_18' (cnn.cpp:148:36) in function 'cnn_predict'.
INFO: [XFORM 203-541] Flattening a loop nest 'VITIS_LOOP_147_17' (cnn.cpp:147:32) in function 'cnn_predict'.
INFO: [XFORM 203-541] Flattening a loop nest 'VITIS_LOOP_168_23' (cnn.cpp:165:9) in function 'cnn_predict'.
INFO: [XFORM 203-541] Flattening a loop nest 'VITIS_LOOP_167_22' (cnn.cpp:167:32) in function 'cnn_predict'.
WARNING: [HLS 200-960] Cannot flatten loop 'VITIS_LOOP_178_25' (cnn.cpp:178:32) in function 'cnn_predict' the outer loop is not a perfect loop.
INFO: [HLS 200-472] Inferring partial write operation for 'img_read' (cnn.cpp:40:9)
INFO: [HLS 200-472] Inferring partial write operation for 'layer1_conv' (cnn.cpp:95:38)
INFO: [HLS 200-472] Inferring partial write operation for 'layer1_pool' (cnn.cpp:113:38)
INFO: [HLS 200-472] Inferring partial write operation for 'layer2_conv' (cnn.cpp:139:38)
INFO: [HLS 200-472] Inferring partial write operation for 'layer2_pool' (cnn.cpp:157:38)
INFO: [HLS 200-472] Inferring partial write operation for 'flat' (cnn.cpp:170:29)
INFO: [HLS 200-472] Inferring partial write operation for 'dense' (cnn.cpp:185:18)
INFO: [HLS 200-111] Finished Architecture Synthesis: CPU user time: 1.41 seconds. CPU system time: 0.03 seconds. Elapsed time: 1.44 seconds; current allocated memory: 380.777 MB.
INFO: [HLS 200-10] Starting hardware synthesis ...
INFO: [HLS 200-10] Synthesizing 'cnn_predict' ...
INFO: [HLS 200-10] ----------------------------------------------------------------
INFO: [HLS 200-42] -- Implementing module 'cnn_predict_Pipeline_VITIS_LOOP_38_1' 
INFO: [HLS 200-10] ----------------------------------------------------------------
INFO: [SCHED 204-11] Starting scheduling ...
INFO: [SCHED 204-61] Pipelining loop 'VITIS_LOOP_38_1'.
INFO: [HLS 200-1470] Pipelining result : Target II = NA, Final II = 1, Depth = 3, loop 'VITIS_LOOP_38_1'
INFO: [SCHED 204-11] Finished scheduling.
INFO: [HLS 200-111] Finished Scheduling: CPU user time: 0.02 seconds. CPU system time: 0.02 seconds. Elapsed time: 0.06 seconds; current allocated memory: 381.477 MB.
INFO: [BIND 205-100] Starting micro-architecture generation ...
INFO: [BIND 205-101] Performing variable lifetime analysis.
INFO: [BIND 205-101] Exploring resource sharing.
INFO: [BIND 205-101] Binding ...
INFO: [BIND 205-100] Finished micro-architecture generation.
INFO: [HLS 200-111] Finished Binding: CPU user time: 0.02 seconds. CPU system time: 0.01 seconds. Elapsed time: 0.01 seconds; current allocated memory: 381.477 MB.
INFO: [HLS 200-10] ----------------------------------------------------------------
INFO: [HLS 200-42] -- Implementing module 'cnn_predict_Pipeline_VITIS_LOOP_77_2_VITIS_LOOP_78_3' 
INFO: [HLS 200-10] ----------------------------------------------------------------
INFO: [SCHED 204-11] Starting scheduling ...
INFO: [HLS 200-1457] Automatically inferring inferring RAM_1WNR storage type for array 'layer1_conv'. Use bind_storage pragma to override this type.
INFO: [SCHED 204-61] Pipelining loop 'VITIS_LOOP_77_2_VITIS_LOOP_78_3'.
WARNING: [HLS 200-885] The II Violation in module 'cnn_predict_Pipeline_VITIS_LOOP_77_2_VITIS_LOOP_78_3' (loop 'VITIS_LOOP_77_2_VITIS_LOOP_78_3'): Unable to schedule 'load' operation ('img_read_load_1', cnn.cpp:92) on array 'img_read' due to limited memory ports (II = 1). Please consider using a memory core with more ports or partitioning the array 'img_read'.
WARNING: [HLS 200-885] The II Violation in module 'cnn_predict_Pipeline_VITIS_LOOP_77_2_VITIS_LOOP_78_3' (loop 'VITIS_LOOP_77_2_VITIS_LOOP_78_3'): Unable to schedule 'load' operation ('img_read_load_3', cnn.cpp:92) on array 'img_read' due to limited memory ports (II = 2). Please consider using a memory core with more ports or partitioning the array 'img_read'.
WARNING: [HLS 200-885] The II Violation in module 'cnn_predict_Pipeline_VITIS_LOOP_77_2_VITIS_LOOP_78_3' (loop 'VITIS_LOOP_77_2_VITIS_LOOP_78_3'): Unable to schedule 'load' operation ('img_read_load_5', cnn.cpp:92) on array 'img_read' due to limited memory ports (II = 3). Please consider using a memory core with more ports or partitioning the array 'img_read'.
WARNING: [HLS 200-885] The II Violation in module 'cnn_predict_Pipeline_VITIS_LOOP_77_2_VITIS_LOOP_78_3' (loop 'VITIS_LOOP_77_2_VITIS_LOOP_78_3'): Unable to schedule 'load' operation ('img_read_load_7', cnn.cpp:92) on array 'img_read' due to limited memory ports (II = 4). Please consider using a memory core with more ports or partitioning the array 'img_read'.
INFO: [HLS 200-1470] Pipelining result : Target II = NA, Final II = 5, Depth = 56, loop 'VITIS_LOOP_77_2_VITIS_LOOP_78_3'
INFO: [SCHED 204-11] Finished scheduling.
INFO: [HLS 200-111] Finished Scheduling: CPU user time: 0.21 seconds. CPU system time: 0 seconds. Elapsed time: 0.21 seconds; current allocated memory: 381.539 MB.
INFO: [BIND 205-100] Starting micro-architecture generation ...
INFO: [BIND 205-101] Performing variable lifetime analysis.
INFO: [BIND 205-101] Exploring resource sharing.
INFO: [BIND 205-101] Binding ...
INFO: [BIND 205-100] Finished micro-architecture generation.
INFO: [HLS 200-111] Finished Binding: CPU user time: 0.21 seconds. CPU system time: 0 seconds. Elapsed time: 0.21 seconds; current allocated memory: 381.539 MB.
INFO: [HLS 200-10] ----------------------------------------------------------------
INFO: [HLS 200-42] -- Implementing module 'cnn_predict_Pipeline_VITIS_LOOP_103_6_VITIS_LOOP_104_7_VITIS_LOOP_105_8' 
INFO: [HLS 200-10] ----------------------------------------------------------------
INFO: [SCHED 204-11] Starting scheduling ...
INFO: [HLS 200-1457] Automatically inferring inferring RAM_1WNR storage type for array 'layer1_pool'. Use bind_storage pragma to override this type.
INFO: [HLS 200-1457] Automatically inferring inferring RAM_1WNR storage type for array 'layer1_conv'. Use bind_storage pragma to override this type.
INFO: [SCHED 204-61] Pipelining loop 'VITIS_LOOP_103_6_VITIS_LOOP_104_7_VITIS_LOOP_105_8'.
INFO: [HLS 200-1470] Pipelining result : Target II = NA, Final II = 1, Depth = 9, loop 'VITIS_LOOP_103_6_VITIS_LOOP_104_7_VITIS_LOOP_105_8'
INFO: [SCHED 204-11] Finished scheduling.
INFO: [HLS 200-111] Finished Scheduling: CPU user time: 0.2 seconds. CPU system time: 0.01 seconds. Elapsed time: 0.22 seconds; current allocated memory: 382.234 MB.
INFO: [BIND 205-100] Starting micro-architecture generation ...
INFO: [BIND 205-101] Performing variable lifetime analysis.
INFO: [BIND 205-101] Exploring resource sharing.
INFO: [BIND 205-101] Binding ...
INFO: [BIND 205-100] Finished micro-architecture generation.
INFO: [HLS 200-111] Finished Binding: CPU user time: 0.09 seconds. CPU system time: 0 seconds. Elapsed time: 0.09 seconds; current allocated memory: 382.234 MB.
INFO: [HLS 200-10] ----------------------------------------------------------------
INFO: [HLS 200-42] -- Implementing module 'cnn_predict_Pipeline_VITIS_LOOP_121_11_VITIS_LOOP_122_12_VITIS_LOOP_123_13' 
INFO: [HLS 200-10] ----------------------------------------------------------------
INFO: [SCHED 204-11] Starting scheduling ...
INFO: [HLS 200-486] Changing DSP latency (root=mul_ln139) to 3 in order to utilize available DSP registers.
INFO: [HLS 200-1457] Automatically inferring inferring RAM_1WNR storage type for array 'layer2_conv'. Use bind_storage pragma to override this type.
INFO: [HLS 200-1457] Automatically inferring inferring RAM_1WNR storage type for array 'layer1_pool'. Use bind_storage pragma to override this type.
INFO: [SCHED 204-61] Pipelining loop 'VITIS_LOOP_121_11_VITIS_LOOP_122_12_VITIS_LOOP_123_13'.
WARNING: [HLS 200-885] The II Violation in module 'cnn_predict_Pipeline_VITIS_LOOP_121_11_VITIS_LOOP_122_12_VITIS_LOOP_123_13' (loop 'VITIS_LOOP_121_11_VITIS_LOOP_122_12_VITIS_LOOP_123_13'): Unable to schedule 'load' operation ('layer1_pool_load_16', cnn.cpp:135) on array 'layer1_pool' due to limited memory ports (II = 1). Please consider using a memory core with more ports or partitioning the array 'layer1_pool'.
WARNING: [HLS 200-885] The II Violation in module 'cnn_predict_Pipeline_VITIS_LOOP_121_11_VITIS_LOOP_122_12_VITIS_LOOP_123_13' (loop 'VITIS_LOOP_121_11_VITIS_LOOP_122_12_VITIS_LOOP_123_13'): Unable to schedule 'load' operation ('layer1_pool_load_33', cnn.cpp:135) on array 'layer1_pool' due to limited memory ports (II = 2). Please consider using a memory core with more ports or partitioning the array 'layer1_pool'.
INFO: [HLS 200-1470] Pipelining result : Target II = NA, Final II = 3, Depth = 188, loop 'VITIS_LOOP_121_11_VITIS_LOOP_122_12_VITIS_LOOP_123_13'
INFO: [SCHED 204-11] Finished scheduling.
INFO: [HLS 200-111] Finished Scheduling: CPU user time: 0.86 seconds. CPU system time: 0 seconds. Elapsed time: 0.86 seconds; current allocated memory: 383.469 MB.
INFO: [BIND 205-100] Starting micro-architecture generation ...
INFO: [BIND 205-101] Performing variable lifetime analysis.
INFO: [BIND 205-101] Exploring resource sharing.
INFO: [BIND 205-101] Binding ...
INFO: [BIND 205-100] Finished micro-architecture generation.
INFO: [HLS 200-111] Finished Binding: CPU user time: 0.73 seconds. CPU system time: 0 seconds. Elapsed time: 0.74 seconds; current allocated memory: 383.469 MB.
INFO: [HLS 200-10] ----------------------------------------------------------------
INFO: [HLS 200-42] -- Implementing module 'cnn_predict_Pipeline_VITIS_LOOP_147_17_VITIS_LOOP_148_18_VITIS_LOOP_149_19' 
INFO: [HLS 200-10] ----------------------------------------------------------------
INFO: [SCHED 204-11] Starting scheduling ...
INFO: [HLS 200-1457] Automatically inferring inferring RAM_1WNR storage type for array 'layer2_conv'. Use bind_storage pragma to override this type.
INFO: [SCHED 204-61] Pipelining loop 'VITIS_LOOP_147_17_VITIS_LOOP_148_18_VITIS_LOOP_149_19'.
INFO: [HLS 200-1470] Pipelining result : Target II = NA, Final II = 1, Depth = 9, loop 'VITIS_LOOP_147_17_VITIS_LOOP_148_18_VITIS_LOOP_149_19'
INFO: [SCHED 204-11] Finished scheduling.
INFO: [HLS 200-111] Finished Scheduling: CPU user time: 0.56 seconds. CPU system time: 0 seconds. Elapsed time: 0.56 seconds; current allocated memory: 385.410 MB.
INFO: [BIND 205-100] Starting micro-architecture generation ...
INFO: [BIND 205-101] Performing variable lifetime analysis.
INFO: [BIND 205-101] Exploring resource sharing.
INFO: [BIND 205-101] Binding ...
INFO: [BIND 205-100] Finished micro-architecture generation.
INFO: [HLS 200-111] Finished Binding: CPU user time: 0.09 seconds. CPU system time: 0.01 seconds. Elapsed time: 0.09 seconds; current allocated memory: 385.410 MB.
INFO: [HLS 200-10] ----------------------------------------------------------------
INFO: [HLS 200-42] -- Implementing module 'cnn_predict_Pipeline_VITIS_LOOP_167_22_VITIS_LOOP_168_23_VITIS_LOOP_169_24' 
INFO: [HLS 200-10] ----------------------------------------------------------------
INFO: [SCHED 204-11] Starting scheduling ...
INFO: [SCHED 204-61] Pipelining loop 'VITIS_LOOP_167_22_VITIS_LOOP_168_23_VITIS_LOOP_169_24'.
INFO: [HLS 200-1470] Pipelining result : Target II = NA, Final II = 1, Depth = 2, loop 'VITIS_LOOP_167_22_VITIS_LOOP_168_23_VITIS_LOOP_169_24'
INFO: [SCHED 204-11] Finished scheduling.
INFO: [HLS 200-111] Finished Scheduling: CPU user time: 0.17 seconds. CPU system time: 0 seconds. Elapsed time: 0.17 seconds; current allocated memory: 385.676 MB.
INFO: [BIND 205-100] Starting micro-architecture generation ...
INFO: [BIND 205-101] Performing variable lifetime analysis.
INFO: [BIND 205-101] Exploring resource sharing.
INFO: [BIND 205-101] Binding ...
INFO: [BIND 205-100] Finished micro-architecture generation.
INFO: [HLS 200-111] Finished Binding: CPU user time: 0.03 seconds. CPU system time: 0 seconds. Elapsed time: 0.04 seconds; current allocated memory: 385.676 MB.
INFO: [HLS 200-10] ----------------------------------------------------------------
INFO: [HLS 200-42] -- Implementing module 'cnn_predict_Pipeline_VITIS_LOOP_180_26' 
INFO: [HLS 200-10] ----------------------------------------------------------------
INFO: [SCHED 204-11] Starting scheduling ...
INFO: [SCHED 204-61] Pipelining loop 'VITIS_LOOP_180_26'.
WARNING: [HLS 200-880] The II Violation in module 'cnn_predict_Pipeline_VITIS_LOOP_180_26' (loop 'VITIS_LOOP_180_26'): Unable to enforce a carried dependence constraint (II = 1, distance = 1, offset = 0) between 'store' operation ('sum_write_ln183', cnn.cpp:183) of variable 'sum', cnn.cpp:183 on local variable 'sum' and 'load' operation ('sum_load', cnn.cpp:183) on local variable 'sum'.
WARNING: [HLS 200-880] The II Violation in module 'cnn_predict_Pipeline_VITIS_LOOP_180_26' (loop 'VITIS_LOOP_180_26'): Unable to enforce a carried dependence constraint (II = 2, distance = 1, offset = 0) between 'store' operation ('sum_write_ln183', cnn.cpp:183) of variable 'sum', cnn.cpp:183 on local variable 'sum' and 'load' operation ('sum_load', cnn.cpp:183) on local variable 'sum'.
WARNING: [HLS 200-880] The II Violation in module 'cnn_predict_Pipeline_VITIS_LOOP_180_26' (loop 'VITIS_LOOP_180_26'): Unable to enforce a carried dependence constraint (II = 3, distance = 1, offset = 0) between 'store' operation ('sum_write_ln183', cnn.cpp:183) of variable 'sum', cnn.cpp:183 on local variable 'sum' and 'load' operation ('sum_load', cnn.cpp:183) on local variable 'sum'.
INFO: [HLS 200-1470] Pipelining result : Target II = NA, Final II = 4, Depth = 12, loop 'VITIS_LOOP_180_26'
INFO: [SCHED 204-11] Finished scheduling.
INFO: [HLS 200-111] Finished Scheduling: CPU user time: 0.1 seconds. CPU system time: 0 seconds. Elapsed time: 0.1 seconds; current allocated memory: 386.246 MB.
INFO: [BIND 205-100] Starting micro-architecture generation ...
INFO: [BIND 205-101] Performing variable lifetime analysis.
INFO: [BIND 205-101] Exploring resource sharing.
INFO: [BIND 205-101] Binding ...
INFO: [BIND 205-100] Finished micro-architecture generation.
INFO: [HLS 200-111] Finished Binding: CPU user time: 0.05 seconds. CPU system time: 0.01 seconds. Elapsed time: 0.06 seconds; current allocated memory: 386.246 MB.
INFO: [HLS 200-10] ----------------------------------------------------------------
INFO: [HLS 200-42] -- Implementing module 'cnn_predict_Pipeline_VITIS_LOOP_192_27' 
INFO: [HLS 200-10] ----------------------------------------------------------------
INFO: [SCHED 204-11] Starting scheduling ...
INFO: [SCHED 204-61] Pipelining loop 'VITIS_LOOP_192_27'.
WARNING: [HLS 200-880] The II Violation in module 'cnn_predict_Pipeline_VITIS_LOOP_192_27' (loop 'VITIS_LOOP_192_27'): Unable to enforce a carried dependence constraint (II = 1, distance = 1, offset = 0) between 'store' operation ('final_sum_write_ln192', cnn.cpp:192) of variable 'final_sum', cnn.cpp:194 on local variable 'final_sum' and 'load' operation ('final_sum_load', cnn.cpp:194) on local variable 'final_sum'.
WARNING: [HLS 200-880] The II Violation in module 'cnn_predict_Pipeline_VITIS_LOOP_192_27' (loop 'VITIS_LOOP_192_27'): Unable to enforce a carried dependence constraint (II = 2, distance = 1, offset = 0) between 'store' operation ('final_sum_write_ln192', cnn.cpp:192) of variable 'final_sum', cnn.cpp:194 on local variable 'final_sum' and 'load' operation ('final_sum_load', cnn.cpp:194) on local variable 'final_sum'.
WARNING: [HLS 200-880] The II Violation in module 'cnn_predict_Pipeline_VITIS_LOOP_192_27' (loop 'VITIS_LOOP_192_27'): Unable to enforce a carried dependence constraint (II = 3, distance = 1, offset = 0) between 'store' operation ('final_sum_write_ln192', cnn.cpp:192) of variable 'final_sum', cnn.cpp:194 on local variable 'final_sum' and 'load' operation ('final_sum_load', cnn.cpp:194) on local variable 'final_sum'.
INFO: [HLS 200-1470] Pipelining result : Target II = NA, Final II = 4, Depth = 10, loop 'VITIS_LOOP_192_27'
INFO: [SCHED 204-11] Finished scheduling.
INFO: [HLS 200-111] Finished Scheduling: CPU user time: 0.08 seconds. CPU system time: 0 seconds. Elapsed time: 0.07 seconds; current allocated memory: 386.676 MB.
INFO: [BIND 205-100] Starting micro-architecture generation ...
INFO: [BIND 205-101] Performing variable lifetime analysis.
INFO: [BIND 205-101] Exploring resource sharing.
INFO: [BIND 205-101] Binding ...
INFO: [BIND 205-100] Finished micro-architecture generation.
INFO: [HLS 200-111] Finished Binding: CPU user time: 0.04 seconds. CPU system time: 0 seconds. Elapsed time: 0.04 seconds; current allocated memory: 386.676 MB.
INFO: [HLS 200-10] ----------------------------------------------------------------
INFO: [HLS 200-42] -- Implementing module 'cnn_predict' 
INFO: [HLS 200-10] ----------------------------------------------------------------
INFO: [SCHED 204-11] Starting scheduling ...
INFO: [SCHED 204-11] Finished scheduling.
INFO: [HLS 200-111] Finished Scheduling: CPU user time: 0.09 seconds. CPU system time: 0 seconds. Elapsed time: 0.1 seconds; current allocated memory: 387.250 MB.
INFO: [BIND 205-100] Starting micro-architecture generation ...
INFO: [BIND 205-101] Performing variable lifetime analysis.
INFO: [BIND 205-101] Exploring resource sharing.
INFO: [BIND 205-101] Binding ...
INFO: [BIND 205-100] Finished micro-architecture generation.
INFO: [HLS 200-111] Finished Binding: CPU user time: 0.33 seconds. CPU system time: 0 seconds. Elapsed time: 0.33 seconds; current allocated memory: 387.250 MB.
INFO: [HLS 200-10] ----------------------------------------------------------------
INFO: [HLS 200-10] -- Generating RTL for module 'cnn_predict_Pipeline_VITIS_LOOP_38_1' 
INFO: [HLS 200-10] ----------------------------------------------------------------
INFO: [HLS 200-1030] Apply Unified Pipeline Control on module 'cnn_predict_Pipeline_VITIS_LOOP_38_1' pipeline 'VITIS_LOOP_38_1' pipeline type 'loop pipeline'
WARNING: [RTGEN 206-101] Setting dangling out port 'cnn_predict_Pipeline_VITIS_LOOP_38_1/m_axi_gmem_ARVALID' to 0.
WARNING: [RTGEN 206-101] Setting dangling out port 'cnn_predict_Pipeline_VITIS_LOOP_38_1/m_axi_gmem_ARADDR' to 0.
WARNING: [RTGEN 206-101] Setting dangling out port 'cnn_predict_Pipeline_VITIS_LOOP_38_1/m_axi_gmem_ARID' to 0.
WARNING: [RTGEN 206-101] Setting dangling out port 'cnn_predict_Pipeline_VITIS_LOOP_38_1/m_axi_gmem_ARLEN' to 0.
WARNING: [RTGEN 206-101] Setting dangling out port 'cnn_predict_Pipeline_VITIS_LOOP_38_1/m_axi_gmem_ARSIZE' to 0.
WARNING: [RTGEN 206-101] Setting dangling out port 'cnn_predict_Pipeline_VITIS_LOOP_38_1/m_axi_gmem_ARBURST' to 0.
WARNING: [RTGEN 206-101] Setting dangling out port 'cnn_predict_Pipeline_VITIS_LOOP_38_1/m_axi_gmem_ARLOCK' to 0.
WARNING: [RTGEN 206-101] Setting dangling out port 'cnn_predict_Pipeline_VITIS_LOOP_38_1/m_axi_gmem_ARCACHE' to 0.
WARNING: [RTGEN 206-101] Setting dangling out port 'cnn_predict_Pipeline_VITIS_LOOP_38_1/m_axi_gmem_ARPROT' to 0.
WARNING: [RTGEN 206-101] Setting dangling out port 'cnn_predict_Pipeline_VITIS_LOOP_38_1/m_axi_gmem_ARQOS' to 0.
WARNING: [RTGEN 206-101] Setting dangling out port 'cnn_predict_Pipeline_VITIS_LOOP_38_1/m_axi_gmem_ARREGION' to 0.
WARNING: [RTGEN 206-101] Setting dangling out port 'cnn_predict_Pipeline_VITIS_LOOP_38_1/m_axi_gmem_ARUSER' to 0.
INFO: [RTGEN 206-100] Finished creating RTL model for 'cnn_predict_Pipeline_VITIS_LOOP_38_1'.
INFO: [HLS 200-111] Finished Creating RTL model: CPU user time: 0.59 seconds. CPU system time: 0.01 seconds. Elapsed time: 0.6 seconds; current allocated memory: 387.629 MB.
INFO: [HLS 200-10] ----------------------------------------------------------------
INFO: [HLS 200-10] -- Generating RTL for module 'cnn_predict_Pipeline_VITIS_LOOP_77_2_VITIS_LOOP_78_3' 
INFO: [HLS 200-10] ----------------------------------------------------------------
INFO: [HLS 200-1030] Apply Unified Pipeline Control on module 'cnn_predict_Pipeline_VITIS_LOOP_77_2_VITIS_LOOP_78_3' pipeline 'VITIS_LOOP_77_2_VITIS_LOOP_78_3' pipeline type 'loop pipeline'
INFO: [RTGEN 206-100] Generating core module 'fadd_32ns_32ns_32_5_full_dsp_1': 2 instance(s).
INFO: [RTGEN 206-100] Generating core module 'fcmp_32ns_32ns_1_2_no_dsp_1': 1 instance(s).
INFO: [RTGEN 206-100] Generating core module 'fmul_32ns_32ns_32_4_max_dsp_1': 2 instance(s).
INFO: [RTGEN 206-100] Finished creating RTL model for 'cnn_predict_Pipeline_VITIS_LOOP_77_2_VITIS_LOOP_78_3'.
INFO: [HLS 200-111] Finished Creating RTL model: CPU user time: 0.06 seconds. CPU system time: 0 seconds. Elapsed time: 0.07 seconds; current allocated memory: 389.660 MB.
INFO: [HLS 200-10] ----------------------------------------------------------------
INFO: [HLS 200-10] -- Generating RTL for module 'cnn_predict_Pipeline_VITIS_LOOP_103_6_VITIS_LOOP_104_7_VITIS_LOOP_105_8' 
INFO: [HLS 200-10] ----------------------------------------------------------------
INFO: [HLS 200-1030] Apply Unified Pipeline Control on module 'cnn_predict_Pipeline_VITIS_LOOP_103_6_VITIS_LOOP_104_7_VITIS_LOOP_105_8' pipeline 'VITIS_LOOP_103_6_VITIS_LOOP_104_7_VITIS_LOOP_105_8' pipeline type 'loop pipeline'
INFO: [RTGEN 206-100] Generating core module 'fcmp_32ns_32ns_1_2_no_dsp_1': 4 instance(s).
INFO: [RTGEN 206-100] Finished creating RTL model for 'cnn_predict_Pipeline_VITIS_LOOP_103_6_VITIS_LOOP_104_7_VITIS_LOOP_105_8'.
INFO: [HLS 200-111] Finished Creating RTL model: CPU user time: 0.28 seconds. CPU system time: 0.01 seconds. Elapsed time: 0.28 seconds; current allocated memory: 393.195 MB.
INFO: [HLS 200-10] ----------------------------------------------------------------
INFO: [HLS 200-10] -- Generating RTL for module 'cnn_predict_Pipeline_VITIS_LOOP_121_11_VITIS_LOOP_122_12_VITIS_LOOP_123_13' 
INFO: [HLS 200-10] ----------------------------------------------------------------
INFO: [SYN 201-210] Renamed object name 'cnn_predict_Pipeline_VITIS_LOOP_121_11_VITIS_LOOP_122_12_VITIS_LOOP_123_13_conv2_b_ROM_AUTO_1R' to 'cnn_predict_Pipeline_VITIS_LOOP_121_11_VITIS_LOOP_122_12_VITIS_LOOP_123_13_cobkb' due to the length limit 80
INFO: [SYN 201-210] Renamed object name 'cnn_predict_Pipeline_VITIS_LOOP_121_11_VITIS_LOOP_122_12_VITIS_LOOP_123_13_conv2_w_ROM_AUTO_1R' to 'cnn_predict_Pipeline_VITIS_LOOP_121_11_VITIS_LOOP_122_12_VITIS_LOOP_123_13_cocud' due to the length limit 80
INFO: [HLS 200-1030] Apply Unified Pipeline Control on module 'cnn_predict_Pipeline_VITIS_LOOP_121_11_VITIS_LOOP_122_12_VITIS_LOOP_123_13' pipeline 'VITIS_LOOP_121_11_VITIS_LOOP_122_12_VITIS_LOOP_123_13' pipeline type 'loop pipeline'
INFO: [RTGEN 206-104] Estimated max fanout for 'cnn_predict_Pipeline_VITIS_LOOP_121_11_VITIS_LOOP_122_12_VITIS_LOOP_123_13' is 19350 from HDL expression: ((1'b0 == ap_block_pp0_stage1_11001) & (1'b1 == ap_CS_fsm_pp0_stage1))
INFO: [RTGEN 206-100] Generating core module 'fadd_32ns_32ns_32_5_full_dsp_1': 12 instance(s).
INFO: [RTGEN 206-100] Generating core module 'fcmp_32ns_32ns_1_2_no_dsp_1': 1 instance(s).
INFO: [RTGEN 206-100] Generating core module 'fmul_32ns_32ns_32_4_max_dsp_1': 12 instance(s).
INFO: [RTGEN 206-100] Generating core module 'mac_muladd_5ns_5ns_5ns_10_4_1': 1 instance(s).
INFO: [RTGEN 206-100] Finished creating RTL model for 'cnn_predict_Pipeline_VITIS_LOOP_121_11_VITIS_LOOP_122_12_VITIS_LOOP_123_13'.
INFO: [RTMG 210-279] Implementing memory 'cnn_predict_cnn_predict_Pipeline_VITIS_LOOP_121_11_VITIS_LOOP_122_12_VITIS_LOOP_123_13_cobkb' using auto ROMs.
INFO: [RTMG 210-279] Implementing memory 'cnn_predict_cnn_predict_Pipeline_VITIS_LOOP_121_11_VITIS_LOOP_122_12_VITIS_LOOP_123_13_cocud' using auto ROMs.
INFO: [HLS 200-111] Finished Creating RTL model: CPU user time: 0.48 seconds. CPU system time: 0.01 seconds. Elapsed time: 0.49 seconds; current allocated memory: 403.020 MB.
INFO: [HLS 200-10] ----------------------------------------------------------------
INFO: [HLS 200-10] -- Generating RTL for module 'cnn_predict_Pipeline_VITIS_LOOP_147_17_VITIS_LOOP_148_18_VITIS_LOOP_149_19' 
INFO: [HLS 200-10] ----------------------------------------------------------------
INFO: [HLS 200-1030] Apply Unified Pipeline Control on module 'cnn_predict_Pipeline_VITIS_LOOP_147_17_VITIS_LOOP_148_18_VITIS_LOOP_149_19' pipeline 'VITIS_LOOP_147_17_VITIS_LOOP_148_18_VITIS_LOOP_149_19' pipeline type 'loop pipeline'
INFO: [RTGEN 206-100] Generating core module 'fcmp_32ns_32ns_1_2_no_dsp_1': 4 instance(s).
INFO: [RTGEN 206-100] Generating core module 'mul_5ns_6ns_10_1_1': 2 instance(s).
INFO: [RTGEN 206-100] Finished creating RTL model for 'cnn_predict_Pipeline_VITIS_LOOP_147_17_VITIS_LOOP_148_18_VITIS_LOOP_149_19'.
INFO: [HLS 200-111] Finished Creating RTL model: CPU user time: 1.1 seconds. CPU system time: 0.03 seconds. Elapsed time: 1.13 seconds; current allocated memory: 414.457 MB.
INFO: [HLS 200-10] ----------------------------------------------------------------
INFO: [HLS 200-10] -- Generating RTL for module 'cnn_predict_Pipeline_VITIS_LOOP_167_22_VITIS_LOOP_168_23_VITIS_LOOP_169_24' 
INFO: [HLS 200-10] ----------------------------------------------------------------
INFO: [HLS 200-1030] Apply Unified Pipeline Control on module 'cnn_predict_Pipeline_VITIS_LOOP_167_22_VITIS_LOOP_168_23_VITIS_LOOP_169_24' pipeline 'VITIS_LOOP_167_22_VITIS_LOOP_168_23_VITIS_LOOP_169_24' pipeline type 'loop pipeline'
INFO: [RTGEN 206-100] Finished creating RTL model for 'cnn_predict_Pipeline_VITIS_LOOP_167_22_VITIS_LOOP_168_23_VITIS_LOOP_169_24'.
INFO: [HLS 200-111] Finished Creating RTL model: CPU user time: 0.36 seconds. CPU system time: 0.01 seconds. Elapsed time: 0.37 seconds; current allocated memory: 417.590 MB.
INFO: [HLS 200-10] ----------------------------------------------------------------
INFO: [HLS 200-10] -- Generating RTL for module 'cnn_predict_Pipeline_VITIS_LOOP_180_26' 
INFO: [HLS 200-10] ----------------------------------------------------------------
INFO: [HLS 200-1030] Apply Unified Pipeline Control on module 'cnn_predict_Pipeline_VITIS_LOOP_180_26' pipeline 'VITIS_LOOP_180_26' pipeline type 'loop pipeline'
==============================================================
Vitis HLS - High-Level Synthesis from C, C++ and OpenCL v2022.2 (64-bit)
Tool Version Limit: 2019.12
Copyright 1986-2022 Xilinx, Inc. All Rights Reserved.
==============================================================
==============================================================
Vitis HLS - High-Level Synthesis from C, C++ and OpenCL v2022.2 (64-bit)
Tool Version Limit: 2019.12
Copyright 1986-2022 Xilinx, Inc. All Rights Reserved.
==============================================================
==============================================================
Vitis HLS - High-Level Synthesis from C, C++ and OpenCL v2022.2 (64-bit)
Tool Version Limit: 2019.12
Copyright 1986-2022 Xilinx, Inc. All Rights Reserved.
==============================================================
==============================================================
Vitis HLS - High-Level Synthesis from C, C++ and OpenCL v2022.2 (64-bit)
Tool Version Limit: 2019.12
Copyright 1986-2022 Xilinx, Inc. All Rights Reserved.
==============================================================
==============================================================
Vitis HLS - High-Level Synthesis from C, C++ and OpenCL v2022.2 (64-bit)
Tool Version Limit: 2019.12
Copyright 1986-2022 Xilinx, Inc. All Rights Reserved.
==============================================================
INFO: [SYN 201-201] Setting up clock 'default' with a period of 10ns.
INFO: [HLS 200-1611] Setting target device to 'xczu3eg-sbva484-1-i'
INFO: [HLS 200-1505] Using flow_target 'vivado'
INFO: [HLS 200-1464] Running solution command: config_export -format=ip_catalog
INFO: [HLS 200-1464] Running solution command: config_export -output=/home/dani/Desktop/SDU_Master/EmbeddedSystems/final_assignment
INFO: [HLS 200-1464] Running solution command: config_export -rtl=verilog
INFO: [HLS 200-1510] Running: set_part xczu3eg-sbva484-1-i 
INFO: [HLS 200-1510] Running: create_clock -period 10 -name default 
INFO: [HLS 200-1510] Running: config_export -format ip_catalog -output /home/dani/Desktop/SDU_Master/EmbeddedSystems/final_assignment -rtl verilog 
INFO: [HLS 200-1510] Running: source ./cnn_hls/solution1/directives.tcl
INFO: [HLS 200-1510] Running: set_directive_top -name cnn_predict cnn_predict 
INFO: [HLS 200-1510] Running: csynth_design 
INFO: [HLS 200-111] Finished File checks and directory preparation: CPU user time: 0.01 seconds. CPU system time: 0.01 seconds. Elapsed time: 10.03 seconds; current allocated memory: 261.996 MB.
INFO: [HLS 200-10] Analyzing design file 'cnn.cpp' ... 
WARNING: [HLS 207-5527] 'Resource pragma' is deprecated, use 'bind_op/bind_storage pragma' instead (cnn.cpp:51:9)
INFO: [HLS 200-111] Finished Source Code Analysis and Preprocessing: CPU user time: 15.06 seconds. CPU system time: 1.23 seconds. Elapsed time: 16.29 seconds; current allocated memory: 266.172 MB.
INFO: [HLS 200-777] Using interface defaults for 'Vivado' flow target.
INFO: [HLS 214-131] Inlining function 'exp_reduce_::exp(float)' into 'hls::exp(float)' (/wrk/ci/prod/2022.2/hls_product/continuous/608/2022.2/src/shared/hls/clib/hlsmath/src/c++/expfloat.cpp:17:9)
INFO: [HLS 214-131] Inlining function 'hls::exp(float)' into 'sigmoid(float)' (cnn.cpp:34:27)
INFO: [HLS 214-188] Unrolling loop 'VITIS_LOOP_38_1' (cnn.cpp:38:19) in function 'memcpy' partially with a factor of 16 (cnn.cpp:37:0)
INFO: [HLS 214-178] Inlining function 'memcpy(float*, float*, int)' into 'cnn_predict(float*, float*)' (cnn.cpp:46:0)
INFO: [HLS 214-178] Inlining function 'relu(float)' into 'cnn_predict(float*, float*)' (cnn.cpp:46:0)
INFO: [HLS 214-178] Inlining function 'sigmoid(float)' into 'cnn_predict(float*, float*)' (cnn.cpp:46:0)
INFO: [HLS 214-115] Multiple burst reads of length 4096 and bit width 32 in loop 'VITIS_LOOP_38_1'(cnn.cpp:38:19) has been inferred on bundle 'gmem'. These burst requests might be further partitioned into multiple requests during RTL generation, based on max_read_burst_length or max_write_burst_length settings. (cnn.cpp:38:19)
INFO: [HLS 200-111] Finished Compiling Optimization and Transform: CPU user time: 2.26 seconds. CPU system time: 0.43 seconds. Elapsed time: 2.7 seconds; current allocated memory: 266.715 MB.
INFO: [HLS 200-111] Finished Checking Pragmas: CPU user time: 0 seconds. CPU system time: 0 seconds. Elapsed time: 0 seconds; current allocated memory: 266.715 MB.
INFO: [HLS 200-10] Starting code transformations ...
INFO: [HLS 200-111] Finished Standard Transforms: CPU user time: 2.52 seconds. CPU system time: 0.04 seconds. Elapsed time: 2.56 seconds; current allocated memory: 299.133 MB.
INFO: [HLS 200-10] Checking synthesizability ...
INFO: [HLS 200-111] Finished Checking Synthesizability: CPU user time: 2.49 seconds. CPU system time: 0.01 seconds. Elapsed time: 2.5 seconds; current allocated memory: 309.488 MB.
INFO: [XFORM 203-510] Pipelining loop 'VITIS_LOOP_38_1' (cnn.cpp:38) in function 'cnn_predict' automatically.
INFO: [XFORM 203-510] Pipelining loop 'VITIS_LOOP_78_3' (cnn.cpp:78) in function 'cnn_predict' automatically.
INFO: [XFORM 203-510] Pipelining loop 'VITIS_LOOP_105_8' (cnn.cpp:106) in function 'cnn_predict' automatically.
INFO: [XFORM 203-510] Pipelining loop 'VITIS_LOOP_123_13' (cnn.cpp:123) in function 'cnn_predict' automatically.
INFO: [XFORM 203-510] Pipelining loop 'VITIS_LOOP_149_19' (cnn.cpp:150) in function 'cnn_predict' automatically.
INFO: [XFORM 203-510] Pipelining loop 'VITIS_LOOP_169_24' (cnn.cpp:165) in function 'cnn_predict' automatically.
INFO: [XFORM 203-510] Pipelining loop 'VITIS_LOOP_180_26' (cnn.cpp:179) in function 'cnn_predict' automatically.
INFO: [XFORM 203-510] Pipelining loop 'VITIS_LOOP_192_27' (cnn.cpp:193) in function 'cnn_predict' automatically.
INFO: [XFORM 203-502] Unrolling all sub-loops inside loop 'VITIS_LOOP_78_3' (cnn.cpp:78) in function 'cnn_predict' for pipelining.
INFO: [XFORM 203-502] Unrolling all sub-loops inside loop 'VITIS_LOOP_105_8' (cnn.cpp:106) in function 'cnn_predict' for pipelining.
INFO: [XFORM 203-502] Unrolling all sub-loops inside loop 'VITIS_LOOP_123_13' (cnn.cpp:123) in function 'cnn_predict' for pipelining.
INFO: [XFORM 203-502] Unrolling all sub-loops inside loop 'VITIS_LOOP_149_19' (cnn.cpp:150) in function 'cnn_predict' for pipelining.
INFO: [HLS 200-489] Unrolling loop 'VITIS_LOOP_83_4' (cnn.cpp:83) in function 'cnn_predict' completely with a factor of 3.
INFO: [HLS 200-489] Unrolling loop 'VITIS_LOOP_84_5' (cnn.cpp:84) in function 'cnn_predict' completely with a factor of 3.
INFO: [HLS 200-489] Unrolling loop 'VITIS_LOOP_107_9' (cnn.cpp:107) in function 'cnn_predict' completely with a factor of 2.
INFO: [HLS 200-489] Unrolling loop 'VITIS_LOOP_108_10' (cnn.cpp:108) in function 'cnn_predict' completely with a factor of 2.
INFO: [HLS 200-489] Unrolling loop 'VITIS_LOOP_126_14' (cnn.cpp:126) in function 'cnn_predict' completely with a factor of 3.
INFO: [HLS 200-489] Unrolling loop 'VITIS_LOOP_127_15' (cnn.cpp:127) in function 'cnn_predict' completely with a factor of 3.
INFO: [HLS 200-489] Unrolling loop 'VITIS_LOOP_129_16' (cnn.cpp:129) in function 'cnn_predict' completely with a factor of 4.
INFO: [HLS 200-489] Unrolling loop 'VITIS_LOOP_151_20' (cnn.cpp:151) in function 'cnn_predict' completely with a factor of 2.
INFO: [HLS 200-489] Unrolling loop 'VITIS_LOOP_152_21' (cnn.cpp:152) in function 'cnn_predict' completely with a factor of 2.
INFO: [XFORM 203-102] Automatically partitioning small array 'conv1_b' completely based on array size.
INFO: [XFORM 203-101] Partitioning array 'conv1_b' in dimension 1 completely.
INFO: [XFORM 203-603] Inlining function 'aesl_mux_load.4floatP0A.i2' into 'cnn_predict'.
INFO: [HLS 200-111] Finished Loop, function and other optimizations: CPU user time: 0.96 seconds. CPU system time: 0.01 seconds. Elapsed time: 0.98 seconds; current allocated memory: 321.801 MB.
INFO: [XFORM 203-541] Flattening a loop nest 'VITIS_LOOP_77_2' (cnn.cpp:77:34) in function 'cnn_predict'.
WARNING: [HLS 200-960] Cannot flatten loop 'VITIS_LOOP_76_1' (cnn.cpp:76:30) in function 'cnn_predict' the outer loop is not a perfect loop.
INFO: [XFORM 203-541] Flattening a loop nest 'VITIS_LOOP_104_7' (cnn.cpp:104:35) in function 'cnn_predict'.
INFO: [XFORM 203-541] Flattening a loop nest 'VITIS_LOOP_103_6' (cnn.cpp:103:31) in function 'cnn_predict'.
INFO: [XFORM 203-541] Flattening a loop nest 'VITIS_LOOP_122_12' (cnn.cpp:122:36) in function 'cnn_predict'.
INFO: [XFORM 203-541] Flattening a loop nest 'VITIS_LOOP_121_11' (cnn.cpp:121:32) in function 'cnn_predict'.
INFO: [XFORM 203-541] Flattening a loop nest 'VITIS_LOOP_148_18' (cnn.cpp:148:36) in function 'cnn_predict'.
INFO: [XFORM 203-541] Flattening a loop nest 'VITIS_LOOP_147_17' (cnn.cpp:147:32) in function 'cnn_predict'.
INFO: [XFORM 203-541] Flattening a loop nest 'VITIS_LOOP_168_23' (cnn.cpp:165:9) in function 'cnn_predict'.
INFO: [XFORM 203-541] Flattening a loop nest 'VITIS_LOOP_167_22' (cnn.cpp:167:32) in function 'cnn_predict'.
WARNING: [HLS 200-960] Cannot flatten loop 'VITIS_LOOP_178_25' (cnn.cpp:178:32) in function 'cnn_predict' the outer loop is not a perfect loop.
INFO: [HLS 200-472] Inferring partial write operation for 'img_read' (cnn.cpp:40:10)
INFO: [HLS 200-472] Inferring partial write operation for 'layer1_conv' (cnn.cpp:95:38)
INFO: [HLS 200-472] Inferring partial write operation for 'layer1_pool' (cnn.cpp:113:38)
INFO: [HLS 200-472] Inferring partial write operation for 'layer2_conv' (cnn.cpp:139:38)
INFO: [HLS 200-472] Inferring partial write operation for 'layer2_pool' (cnn.cpp:157:38)
INFO: [HLS 200-472] Inferring partial write operation for 'flat' (cnn.cpp:170:29)
INFO: [HLS 200-472] Inferring partial write operation for 'dense' (cnn.cpp:185:18)
INFO: [HLS 200-111] Finished Architecture Synthesis: CPU user time: 1.44 seconds. CPU system time: 0.03 seconds. Elapsed time: 1.48 seconds; current allocated memory: 416.062 MB.
INFO: [HLS 200-10] Starting hardware synthesis ...
INFO: [HLS 200-10] Synthesizing 'cnn_predict' ...
INFO: [HLS 200-10] ----------------------------------------------------------------
INFO: [HLS 200-42] -- Implementing module 'cnn_predict_Pipeline_VITIS_LOOP_38_1' 
INFO: [HLS 200-10] ----------------------------------------------------------------
INFO: [SCHED 204-11] Starting scheduling ...
INFO: [SCHED 204-61] Pipelining loop 'VITIS_LOOP_38_1'.
WARNING: [HLS 200-880] The II Violation in module 'cnn_predict_Pipeline_VITIS_LOOP_38_1' (loop 'VITIS_LOOP_38_1'): Unable to enforce a carried dependence constraint (II = 1, distance = 1, offset = 1) between bus read operation ('gmem_addr_read_15', cnn.cpp:40) on port 'gmem' (cnn.cpp:40) and bus read operation ('gmem_addr_read', cnn.cpp:40) on port 'gmem' (cnn.cpp:40).
WARNING: [HLS 200-880] The II Violation in module 'cnn_predict_Pipeline_VITIS_LOOP_38_1' (loop 'VITIS_LOOP_38_1'): Unable to enforce a carried dependence constraint (II = 2, distance = 1, offset = 1) between bus read operation ('gmem_addr_read_15', cnn.cpp:40) on port 'gmem' (cnn.cpp:40) and bus read operation ('gmem_addr_read', cnn.cpp:40) on port 'gmem' (cnn.cpp:40).
WARNING: [HLS 200-880] The II Violation in module 'cnn_predict_Pipeline_VITIS_LOOP_38_1' (loop 'VITIS_LOOP_38_1'): Unable to enforce a carried dependence constraint (II = 3, distance = 1, offset = 1) between bus read operation ('gmem_addr_read_15', cnn.cpp:40) on port 'gmem' (cnn.cpp:40) and bus read operation ('gmem_addr_read', cnn.cpp:40) on port 'gmem' (cnn.cpp:40).
WARNING: [HLS 200-880] The II Violation in module 'cnn_predict_Pipeline_VITIS_LOOP_38_1' (loop 'VITIS_LOOP_38_1'): Unable to enforce a carried dependence constraint (II = 4, distance = 1, offset = 1) between bus read operation ('gmem_addr_read_15', cnn.cpp:40) on port 'gmem' (cnn.cpp:40) and bus read operation ('gmem_addr_read', cnn.cpp:40) on port 'gmem' (cnn.cpp:40).
WARNING: [HLS 200-880] The II Violation in module 'cnn_predict_Pipeline_VITIS_LOOP_38_1' (loop 'VITIS_LOOP_38_1'): Unable to enforce a carried dependence constraint (II = 11, distance = 1, offset = 1) between bus read operation ('gmem_addr_read_15', cnn.cpp:40) on port 'gmem' (cnn.cpp:40) and bus read operation ('gmem_addr_read', cnn.cpp:40) on port 'gmem' (cnn.cpp:40).
WARNING: [HLS 200-880] The II Violation in module 'cnn_predict_Pipeline_VITIS_LOOP_38_1' (loop 'VITIS_LOOP_38_1'): Unable to enforce a carried dependence constraint (II = 15, distance = 1, offset = 1) between bus read operation ('gmem_addr_read_15', cnn.cpp:40) on port 'gmem' (cnn.cpp:40) and bus read operation ('gmem_addr_read', cnn.cpp:40) on port 'gmem' (cnn.cpp:40).
INFO: [HLS 200-1470] Pipelining result : Target II = NA, Final II = 16, Depth = 18, loop 'VITIS_LOOP_38_1'
INFO: [SCHED 204-11] Finished scheduling.
INFO: [HLS 200-111] Finished Scheduling: CPU user time: 0.09 seconds. CPU system time: 0.03 seconds. Elapsed time: 0.11 seconds; current allocated memory: 417.113 MB.
INFO: [BIND 205-100] Starting micro-architecture generation ...
INFO: [BIND 205-101] Performing variable lifetime analysis.
INFO: [BIND 205-101] Exploring resource sharing.
INFO: [BIND 205-101] Binding ...
INFO: [BIND 205-100] Finished micro-architecture generation.
INFO: [HLS 200-111] Finished Binding: CPU user time: 0.06 seconds. CPU system time: 0 seconds. Elapsed time: 0.06 seconds; current allocated memory: 417.113 MB.
INFO: [HLS 200-10] ----------------------------------------------------------------
INFO: [HLS 200-42] -- Implementing module 'cnn_predict_Pipeline_VITIS_LOOP_77_2_VITIS_LOOP_78_3' 
INFO: [HLS 200-10] ----------------------------------------------------------------
INFO: [SCHED 204-11] Starting scheduling ...
INFO: [HLS 200-1457] Automatically inferring inferring RAM_1WNR storage type for array 'layer1_conv'. Use bind_storage pragma to override this type.
INFO: [SCHED 204-61] Pipelining loop 'VITIS_LOOP_77_2_VITIS_LOOP_78_3'.
WARNING: [HLS 200-885] The II Violation in module 'cnn_predict_Pipeline_VITIS_LOOP_77_2_VITIS_LOOP_78_3' (loop 'VITIS_LOOP_77_2_VITIS_LOOP_78_3'): Unable to schedule 'load' operation ('img_read_load_1', cnn.cpp:92) on array 'img_read' due to limited memory ports (II = 1). Please consider using a memory core with more ports or partitioning the array 'img_read'.
WARNING: [HLS 200-885] The II Violation in module 'cnn_predict_Pipeline_VITIS_LOOP_77_2_VITIS_LOOP_78_3' (loop 'VITIS_LOOP_77_2_VITIS_LOOP_78_3'): Unable to schedule 'load' operation ('img_read_load_3', cnn.cpp:92) on array 'img_read' due to limited memory ports (II = 2). Please consider using a memory core with more ports or partitioning the array 'img_read'.
WARNING: [HLS 200-885] The II Violation in module 'cnn_predict_Pipeline_VITIS_LOOP_77_2_VITIS_LOOP_78_3' (loop 'VITIS_LOOP_77_2_VITIS_LOOP_78_3'): Unable to schedule 'load' operation ('img_read_load_5', cnn.cpp:92) on array 'img_read' due to limited memory ports (II = 3). Please consider using a memory core with more ports or partitioning the array 'img_read'.
WARNING: [HLS 200-885] The II Violation in module 'cnn_predict_Pipeline_VITIS_LOOP_77_2_VITIS_LOOP_78_3' (loop 'VITIS_LOOP_77_2_VITIS_LOOP_78_3'): Unable to schedule 'load' operation ('img_read_load_7', cnn.cpp:92) on array 'img_read' due to limited memory ports (II = 4). Please consider using a memory core with more ports or partitioning the array 'img_read'.
INFO: [HLS 200-1470] Pipelining result : Target II = NA, Final II = 5, Depth = 56, loop 'VITIS_LOOP_77_2_VITIS_LOOP_78_3'
INFO: [SCHED 204-11] Finished scheduling.
INFO: [HLS 200-111] Finished Scheduling: CPU user time: 0.22 seconds. CPU system time: 0.01 seconds. Elapsed time: 0.24 seconds; current allocated memory: 417.172 MB.
INFO: [BIND 205-100] Starting micro-architecture generation ...
INFO: [BIND 205-101] Performing variable lifetime analysis.
INFO: [BIND 205-101] Exploring resource sharing.
INFO: [BIND 205-101] Binding ...
INFO: [BIND 205-100] Finished micro-architecture generation.
INFO: [HLS 200-111] Finished Binding: CPU user time: 0.21 seconds. CPU system time: 0 seconds. Elapsed time: 0.21 seconds; current allocated memory: 417.172 MB.
INFO: [HLS 200-10] ----------------------------------------------------------------
INFO: [HLS 200-42] -- Implementing module 'cnn_predict_Pipeline_VITIS_LOOP_103_6_VITIS_LOOP_104_7_VITIS_LOOP_105_8' 
INFO: [HLS 200-10] ----------------------------------------------------------------
INFO: [SCHED 204-11] Starting scheduling ...
INFO: [HLS 200-1457] Automatically inferring inferring RAM_1WNR storage type for array 'layer1_pool'. Use bind_storage pragma to override this type.
INFO: [HLS 200-1457] Automatically inferring inferring RAM_1WNR storage type for array 'layer1_conv'. Use bind_storage pragma to override this type.
INFO: [SCHED 204-61] Pipelining loop 'VITIS_LOOP_103_6_VITIS_LOOP_104_7_VITIS_LOOP_105_8'.
INFO: [HLS 200-1470] Pipelining result : Target II = NA, Final II = 1, Depth = 9, loop 'VITIS_LOOP_103_6_VITIS_LOOP_104_7_VITIS_LOOP_105_8'
INFO: [SCHED 204-11] Finished scheduling.
INFO: [HLS 200-111] Finished Scheduling: CPU user time: 0.2 seconds. CPU system time: 0 seconds. Elapsed time: 0.21 seconds; current allocated memory: 417.621 MB.
INFO: [BIND 205-100] Starting micro-architecture generation ...
INFO: [BIND 205-101] Performing variable lifetime analysis.
INFO: [BIND 205-101] Exploring resource sharing.
INFO: [BIND 205-101] Binding ...
INFO: [BIND 205-100] Finished micro-architecture generation.
INFO: [HLS 200-111] Finished Binding: CPU user time: 0.09 seconds. CPU system time: 0 seconds. Elapsed time: 0.09 seconds; current allocated memory: 417.621 MB.
INFO: [HLS 200-10] ----------------------------------------------------------------
INFO: [HLS 200-42] -- Implementing module 'cnn_predict_Pipeline_VITIS_LOOP_121_11_VITIS_LOOP_122_12_VITIS_LOOP_123_13' 
INFO: [HLS 200-10] ----------------------------------------------------------------
INFO: [SCHED 204-11] Starting scheduling ...
INFO: [HLS 200-486] Changing DSP latency (root=mul_ln139) to 3 in order to utilize available DSP registers.
INFO: [HLS 200-1457] Automatically inferring inferring RAM_1WNR storage type for array 'layer2_conv'. Use bind_storage pragma to override this type.
INFO: [HLS 200-1457] Automatically inferring inferring RAM_1WNR storage type for array 'layer1_pool'. Use bind_storage pragma to override this type.
INFO: [SCHED 204-61] Pipelining loop 'VITIS_LOOP_121_11_VITIS_LOOP_122_12_VITIS_LOOP_123_13'.
WARNING: [HLS 200-885] The II Violation in module 'cnn_predict_Pipeline_VITIS_LOOP_121_11_VITIS_LOOP_122_12_VITIS_LOOP_123_13' (loop 'VITIS_LOOP_121_11_VITIS_LOOP_122_12_VITIS_LOOP_123_13'): Unable to schedule 'load' operation ('layer1_pool_load_16', cnn.cpp:135) on array 'layer1_pool' due to limited memory ports (II = 1). Please consider using a memory core with more ports or partitioning the array 'layer1_pool'.
WARNING: [HLS 200-885] The II Violation in module 'cnn_predict_Pipeline_VITIS_LOOP_121_11_VITIS_LOOP_122_12_VITIS_LOOP_123_13' (loop 'VITIS_LOOP_121_11_VITIS_LOOP_122_12_VITIS_LOOP_123_13'): Unable to schedule 'load' operation ('layer1_pool_load_33', cnn.cpp:135) on array 'layer1_pool' due to limited memory ports (II = 2). Please consider using a memory core with more ports or partitioning the array 'layer1_pool'.
INFO: [HLS 200-1470] Pipelining result : Target II = NA, Final II = 3, Depth = 188, loop 'VITIS_LOOP_121_11_VITIS_LOOP_122_12_VITIS_LOOP_123_13'
INFO: [SCHED 204-11] Finished scheduling.
INFO: [HLS 200-111] Finished Scheduling: CPU user time: 0.86 seconds. CPU system time: 0.01 seconds. Elapsed time: 0.87 seconds; current allocated memory: 419.047 MB.
INFO: [BIND 205-100] Starting micro-architecture generation ...
INFO: [BIND 205-101] Performing variable lifetime analysis.
INFO: [BIND 205-101] Exploring resource sharing.
INFO: [BIND 205-101] Binding ...
INFO: [BIND 205-100] Finished micro-architecture generation.
INFO: [HLS 200-111] Finished Binding: CPU user time: 0.73 seconds. CPU system time: 0 seconds. Elapsed time: 0.73 seconds; current allocated memory: 419.047 MB.
INFO: [HLS 200-10] ----------------------------------------------------------------
INFO: [HLS 200-42] -- Implementing module 'cnn_predict_Pipeline_VITIS_LOOP_147_17_VITIS_LOOP_148_18_VITIS_LOOP_149_19' 
INFO: [HLS 200-10] ----------------------------------------------------------------
INFO: [SCHED 204-11] Starting scheduling ...
INFO: [HLS 200-1457] Automatically inferring inferring RAM_1WNR storage type for array 'layer2_conv'. Use bind_storage pragma to override this type.
INFO: [SCHED 204-61] Pipelining loop 'VITIS_LOOP_147_17_VITIS_LOOP_148_18_VITIS_LOOP_149_19'.
INFO: [HLS 200-1470] Pipelining result : Target II = NA, Final II = 1, Depth = 9, loop 'VITIS_LOOP_147_17_VITIS_LOOP_148_18_VITIS_LOOP_149_19'
INFO: [SCHED 204-11] Finished scheduling.
INFO: [HLS 200-111] Finished Scheduling: CPU user time: 0.54 seconds. CPU system time: 0.01 seconds. Elapsed time: 0.55 seconds; current allocated memory: 421.344 MB.
INFO: [BIND 205-100] Starting micro-architecture generation ...
INFO: [BIND 205-101] Performing variable lifetime analysis.
INFO: [BIND 205-101] Exploring resource sharing.
INFO: [BIND 205-101] Binding ...
INFO: [BIND 205-100] Finished micro-architecture generation.
INFO: [HLS 200-111] Finished Binding: CPU user time: 0.09 seconds. CPU system time: 0 seconds. Elapsed time: 0.09 seconds; current allocated memory: 421.344 MB.
INFO: [HLS 200-10] ----------------------------------------------------------------
INFO: [HLS 200-42] -- Implementing module 'cnn_predict_Pipeline_VITIS_LOOP_167_22_VITIS_LOOP_168_23_VITIS_LOOP_169_24' 
INFO: [HLS 200-10] ----------------------------------------------------------------
INFO: [SCHED 204-11] Starting scheduling ...
INFO: [SCHED 204-61] Pipelining loop 'VITIS_LOOP_167_22_VITIS_LOOP_168_23_VITIS_LOOP_169_24'.
INFO: [HLS 200-1470] Pipelining result : Target II = NA, Final II = 1, Depth = 2, loop 'VITIS_LOOP_167_22_VITIS_LOOP_168_23_VITIS_LOOP_169_24'
INFO: [SCHED 204-11] Finished scheduling.
INFO: [HLS 200-111] Finished Scheduling: CPU user time: 0.17 seconds. CPU system time: 0 seconds. Elapsed time: 0.18 seconds; current allocated memory: 421.652 MB.
INFO: [BIND 205-100] Starting micro-architecture generation ...
INFO: [BIND 205-101] Performing variable lifetime analysis.
INFO: [BIND 205-101] Exploring resource sharing.
INFO: [BIND 205-101] Binding ...
INFO: [BIND 205-100] Finished micro-architecture generation.
INFO: [HLS 200-111] Finished Binding: CPU user time: 0.03 seconds. CPU system time: 0 seconds. Elapsed time: 0.03 seconds; current allocated memory: 421.652 MB.
INFO: [HLS 200-10] ----------------------------------------------------------------
INFO: [HLS 200-42] -- Implementing module 'cnn_predict_Pipeline_VITIS_LOOP_180_26' 
INFO: [HLS 200-10] ----------------------------------------------------------------
INFO: [SCHED 204-11] Starting scheduling ...
INFO: [SCHED 204-61] Pipelining loop 'VITIS_LOOP_180_26'.
WARNING: [HLS 200-880] The II Violation in module 'cnn_predict_Pipeline_VITIS_LOOP_180_26' (loop 'VITIS_LOOP_180_26'): Unable to enforce a carried dependence constraint (II = 1, distance = 1, offset = 0) between 'store' operation ('sum_write_ln183', cnn.cpp:183) of variable 'sum', cnn.cpp:183 on local variable 'sum' and 'load' operation ('sum_load', cnn.cpp:183) on local variable 'sum'.
WARNING: [HLS 200-880] The II Violation in module 'cnn_predict_Pipeline_VITIS_LOOP_180_26' (loop 'VITIS_LOOP_180_26'): Unable to enforce a carried dependence constraint (II = 2, distance = 1, offset = 0) between 'store' operation ('sum_write_ln183', cnn.cpp:183) of variable 'sum', cnn.cpp:183 on local variable 'sum' and 'load' operation ('sum_load', cnn.cpp:183) on local variable 'sum'.
WARNING: [HLS 200-880] The II Violation in module 'cnn_predict_Pipeline_VITIS_LOOP_180_26' (loop 'VITIS_LOOP_180_26'): Unable to enforce a carried dependence constraint (II = 3, distance = 1, offset = 0) between 'store' operation ('sum_write_ln183', cnn.cpp:183) of variable 'sum', cnn.cpp:183 on local variable 'sum' and 'load' operation ('sum_load', cnn.cpp:183) on local variable 'sum'.
INFO: [HLS 200-1470] Pipelining result : Target II = NA, Final II = 4, Depth = 12, loop 'VITIS_LOOP_180_26'
INFO: [SCHED 204-11] Finished scheduling.
INFO: [HLS 200-111] Finished Scheduling: CPU user time: 0.1 seconds. CPU system time: 0 seconds. Elapsed time: 0.11 seconds; current allocated memory: 422.262 MB.
INFO: [BIND 205-100] Starting micro-architecture generation ...
INFO: [BIND 205-101] Performing variable lifetime analysis.
INFO: [BIND 205-101] Exploring resource sharing.
INFO: [BIND 205-101] Binding ...
INFO: [BIND 205-100] Finished micro-architecture generation.
INFO: [HLS 200-111] Finished Binding: CPU user time: 0.05 seconds. CPU system time: 0 seconds. Elapsed time: 0.05 seconds; current allocated memory: 422.262 MB.
INFO: [HLS 200-10] ----------------------------------------------------------------
INFO: [HLS 200-42] -- Implementing module 'cnn_predict_Pipeline_VITIS_LOOP_192_27' 
INFO: [HLS 200-10] ----------------------------------------------------------------
INFO: [SCHED 204-11] Starting scheduling ...
INFO: [SCHED 204-61] Pipelining loop 'VITIS_LOOP_192_27'.
WARNING: [HLS 200-880] The II Violation in module 'cnn_predict_Pipeline_VITIS_LOOP_192_27' (loop 'VITIS_LOOP_192_27'): Unable to enforce a carried dependence constraint (II = 1, distance = 1, offset = 0) between 'store' operation ('final_sum_write_ln192', cnn.cpp:192) of variable 'final_sum', cnn.cpp:194 on local variable 'final_sum' and 'load' operation ('final_sum_load', cnn.cpp:194) on local variable 'final_sum'.
WARNING: [HLS 200-880] The II Violation in module 'cnn_predict_Pipeline_VITIS_LOOP_192_27' (loop 'VITIS_LOOP_192_27'): Unable to enforce a carried dependence constraint (II = 2, distance = 1, offset = 0) between 'store' operation ('final_sum_write_ln192', cnn.cpp:192) of variable 'final_sum', cnn.cpp:194 on local variable 'final_sum' and 'load' operation ('final_sum_load', cnn.cpp:194) on local variable 'final_sum'.
WARNING: [HLS 200-880] The II Violation in module 'cnn_predict_Pipeline_VITIS_LOOP_192_27' (loop 'VITIS_LOOP_192_27'): Unable to enforce a carried dependence constraint (II = 3, distance = 1, offset = 0) between 'store' operation ('final_sum_write_ln192', cnn.cpp:192) of variable 'final_sum', cnn.cpp:194 on local variable 'final_sum' and 'load' operation ('final_sum_load', cnn.cpp:194) on local variable 'final_sum'.
INFO: [HLS 200-1470] Pipelining result : Target II = NA, Final II = 4, Depth = 10, loop 'VITIS_LOOP_192_27'
INFO: [SCHED 204-11] Finished scheduling.
INFO: [HLS 200-111] Finished Scheduling: CPU user time: 0.08 seconds. CPU system time: 0 seconds. Elapsed time: 0.08 seconds; current allocated memory: 422.641 MB.
INFO: [BIND 205-100] Starting micro-architecture generation ...
INFO: [BIND 205-101] Performing variable lifetime analysis.
INFO: [BIND 205-101] Exploring resource sharing.
INFO: [BIND 205-101] Binding ...
INFO: [BIND 205-100] Finished micro-architecture generation.
INFO: [HLS 200-111] Finished Binding: CPU user time: 0.04 seconds. CPU system time: 0 seconds. Elapsed time: 0.04 seconds; current allocated memory: 422.641 MB.
INFO: [HLS 200-10] ----------------------------------------------------------------
INFO: [HLS 200-42] -- Implementing module 'cnn_predict' 
INFO: [HLS 200-10] ----------------------------------------------------------------
INFO: [SCHED 204-11] Starting scheduling ...
INFO: [SCHED 204-11] Finished scheduling.
INFO: [HLS 200-111] Finished Scheduling: CPU user time: 0.09 seconds. CPU system time: 0 seconds. Elapsed time: 0.1 seconds; current allocated memory: 423.188 MB.
INFO: [BIND 205-100] Starting micro-architecture generation ...
INFO: [BIND 205-101] Performing variable lifetime analysis.
INFO: [BIND 205-101] Exploring resource sharing.
INFO: [BIND 205-101] Binding ...
INFO: [BIND 205-100] Finished micro-architecture generation.
INFO: [HLS 200-111] Finished Binding: CPU user time: 0.32 seconds. CPU system time: 0 seconds. Elapsed time: 0.32 seconds; current allocated memory: 423.188 MB.
INFO: [HLS 200-10] ----------------------------------------------------------------
INFO: [HLS 200-10] -- Generating RTL for module 'cnn_predict_Pipeline_VITIS_LOOP_38_1' 
INFO: [HLS 200-10] ----------------------------------------------------------------
INFO: [HLS 200-1030] Apply Unified Pipeline Control on module 'cnn_predict_Pipeline_VITIS_LOOP_38_1' pipeline 'VITIS_LOOP_38_1' pipeline type 'loop pipeline'
WARNING: [RTGEN 206-101] Setting dangling out port 'cnn_predict_Pipeline_VITIS_LOOP_38_1/m_axi_gmem_ARVALID' to 0.
WARNING: [RTGEN 206-101] Setting dangling out port 'cnn_predict_Pipeline_VITIS_LOOP_38_1/m_axi_gmem_ARADDR' to 0.
WARNING: [RTGEN 206-101] Setting dangling out port 'cnn_predict_Pipeline_VITIS_LOOP_38_1/m_axi_gmem_ARID' to 0.
WARNING: [RTGEN 206-101] Setting dangling out port 'cnn_predict_Pipeline_VITIS_LOOP_38_1/m_axi_gmem_ARLEN' to 0.
WARNING: [RTGEN 206-101] Setting dangling out port 'cnn_predict_Pipeline_VITIS_LOOP_38_1/m_axi_gmem_ARSIZE' to 0.
WARNING: [RTGEN 206-101] Setting dangling out port 'cnn_predict_Pipeline_VITIS_LOOP_38_1/m_axi_gmem_ARBURST' to 0.
WARNING: [RTGEN 206-101] Setting dangling out port 'cnn_predict_Pipeline_VITIS_LOOP_38_1/m_axi_gmem_ARLOCK' to 0.
WARNING: [RTGEN 206-101] Setting dangling out port 'cnn_predict_Pipeline_VITIS_LOOP_38_1/m_axi_gmem_ARCACHE' to 0.
WARNING: [RTGEN 206-101] Setting dangling out port 'cnn_predict_Pipeline_VITIS_LOOP_38_1/m_axi_gmem_ARPROT' to 0.
WARNING: [RTGEN 206-101] Setting dangling out port 'cnn_predict_Pipeline_VITIS_LOOP_38_1/m_axi_gmem_ARQOS' to 0.
WARNING: [RTGEN 206-101] Setting dangling out port 'cnn_predict_Pipeline_VITIS_LOOP_38_1/m_axi_gmem_ARREGION' to 0.
WARNING: [RTGEN 206-101] Setting dangling out port 'cnn_predict_Pipeline_VITIS_LOOP_38_1/m_axi_gmem_ARUSER' to 0.
INFO: [RTGEN 206-100] Finished creating RTL model for 'cnn_predict_Pipeline_VITIS_LOOP_38_1'.
INFO: [HLS 200-111] Finished Creating RTL model: CPU user time: 0.58 seconds. CPU system time: 0.01 seconds. Elapsed time: 0.59 seconds; current allocated memory: 424.359 MB.
INFO: [HLS 200-10] ----------------------------------------------------------------
INFO: [HLS 200-10] -- Generating RTL for module 'cnn_predict_Pipeline_VITIS_LOOP_77_2_VITIS_LOOP_78_3' 
INFO: [HLS 200-10] ----------------------------------------------------------------
INFO: [HLS 200-1030] Apply Unified Pipeline Control on module 'cnn_predict_Pipeline_VITIS_LOOP_77_2_VITIS_LOOP_78_3' pipeline 'VITIS_LOOP_77_2_VITIS_LOOP_78_3' pipeline type 'loop pipeline'
INFO: [RTGEN 206-100] Generating core module 'fadd_32ns_32ns_32_5_full_dsp_1': 2 instance(s).
INFO: [RTGEN 206-100] Generating core module 'fcmp_32ns_32ns_1_2_no_dsp_1': 1 instance(s).
INFO: [RTGEN 206-100] Generating core module 'fmul_32ns_32ns_32_4_max_dsp_1': 2 instance(s).
INFO: [RTGEN 206-100] Finished creating RTL model for 'cnn_predict_Pipeline_VITIS_LOOP_77_2_VITIS_LOOP_78_3'.
INFO: [HLS 200-111] Finished Creating RTL model: CPU user time: 0.11 seconds. CPU system time: 0.01 seconds. Elapsed time: 0.11 seconds; current allocated memory: 427.520 MB.
INFO: [HLS 200-10] ----------------------------------------------------------------
INFO: [HLS 200-10] -- Generating RTL for module 'cnn_predict_Pipeline_VITIS_LOOP_103_6_VITIS_LOOP_104_7_VITIS_LOOP_105_8' 
INFO: [HLS 200-10] ----------------------------------------------------------------
INFO: [HLS 200-1030] Apply Unified Pipeline Control on module 'cnn_predict_Pipeline_VITIS_LOOP_103_6_VITIS_LOOP_104_7_VITIS_LOOP_105_8' pipeline 'VITIS_LOOP_103_6_VITIS_LOOP_104_7_VITIS_LOOP_105_8' pipeline type 'loop pipeline'
INFO: [RTGEN 206-100] Generating core module 'fcmp_32ns_32ns_1_2_no_dsp_1': 4 instance(s).
INFO: [RTGEN 206-100] Finished creating RTL model for 'cnn_predict_Pipeline_VITIS_LOOP_103_6_VITIS_LOOP_104_7_VITIS_LOOP_105_8'.
INFO: [HLS 200-111] Finished Creating RTL model: CPU user time: 0.28 seconds. CPU system time: 0.01 seconds. Elapsed time: 0.29 seconds; current allocated memory: 431.078 MB.
INFO: [HLS 200-10] ----------------------------------------------------------------
INFO: [HLS 200-10] -- Generating RTL for module 'cnn_predict_Pipeline_VITIS_LOOP_121_11_VITIS_LOOP_122_12_VITIS_LOOP_123_13' 
INFO: [HLS 200-10] ----------------------------------------------------------------
INFO: [SYN 201-210] Renamed object name 'cnn_predict_Pipeline_VITIS_LOOP_121_11_VITIS_LOOP_122_12_VITIS_LOOP_123_13_conv2_b_ROM_AUTO_1R' to 'cnn_predict_Pipeline_VITIS_LOOP_121_11_VITIS_LOOP_122_12_VITIS_LOOP_123_13_cobkb' due to the length limit 80
INFO: [SYN 201-210] Renamed object name 'cnn_predict_Pipeline_VITIS_LOOP_121_11_VITIS_LOOP_122_12_VITIS_LOOP_123_13_conv2_w_ROM_AUTO_1R' to 'cnn_predict_Pipeline_VITIS_LOOP_121_11_VITIS_LOOP_122_12_VITIS_LOOP_123_13_cocud' due to the length limit 80
INFO: [HLS 200-1030] Apply Unified Pipeline Control on module 'cnn_predict_Pipeline_VITIS_LOOP_121_11_VITIS_LOOP_122_12_VITIS_LOOP_123_13' pipeline 'VITIS_LOOP_121_11_VITIS_LOOP_122_12_VITIS_LOOP_123_13' pipeline type 'loop pipeline'
INFO: [RTGEN 206-104] Estimated max fanout for 'cnn_predict_Pipeline_VITIS_LOOP_121_11_VITIS_LOOP_122_12_VITIS_LOOP_123_13' is 19350 from HDL expression: ((1'b0 == ap_block_pp0_stage1_11001) & (1'b1 == ap_CS_fsm_pp0_stage1))
INFO: [RTGEN 206-100] Generating core module 'fadd_32ns_32ns_32_5_full_dsp_1': 12 instance(s).
INFO: [RTGEN 206-100] Generating core module 'fcmp_32ns_32ns_1_2_no_dsp_1': 1 instance(s).
INFO: [RTGEN 206-100] Generating core module 'fmul_32ns_32ns_32_4_max_dsp_1': 12 instance(s).
INFO: [RTGEN 206-100] Generating core module 'mac_muladd_5ns_5ns_5ns_10_4_1': 1 instance(s).
INFO: [RTGEN 206-100] Finished creating RTL model for 'cnn_predict_Pipeline_VITIS_LOOP_121_11_VITIS_LOOP_122_12_VITIS_LOOP_123_13'.
INFO: [RTMG 210-279] Implementing memory 'cnn_predict_cnn_predict_Pipeline_VITIS_LOOP_121_11_VITIS_LOOP_122_12_VITIS_LOOP_123_13_cobkb' using auto ROMs.
INFO: [RTMG 210-279] Implementing memory 'cnn_predict_cnn_predict_Pipeline_VITIS_LOOP_121_11_VITIS_LOOP_122_12_VITIS_LOOP_123_13_cocud' using auto ROMs.
INFO: [HLS 200-111] Finished Creating RTL model: CPU user time: 0.48 seconds. CPU system time: 0.01 seconds. Elapsed time: 0.49 seconds; current allocated memory: 440.840 MB.
==============================================================
Vitis HLS - High-Level Synthesis from C, C++ and OpenCL v2022.2 (64-bit)
Tool Version Limit: 2019.12
Copyright 1986-2022 Xilinx, Inc. All Rights Reserved.
==============================================================
==============================================================
Vitis HLS - High-Level Synthesis from C, C++ and OpenCL v2022.2 (64-bit)
Tool Version Limit: 2019.12
Copyright 1986-2022 Xilinx, Inc. All Rights Reserved.
==============================================================
==============================================================
Vitis HLS - High-Level Synthesis from C, C++ and OpenCL v2022.2 (64-bit)
Tool Version Limit: 2019.12
Copyright 1986-2022 Xilinx, Inc. All Rights Reserved.
==============================================================
==============================================================
Vitis HLS - High-Level Synthesis from C, C++ and OpenCL v2022.2 (64-bit)
Tool Version Limit: 2019.12
Copyright 1986-2022 Xilinx, Inc. All Rights Reserved.
==============================================================
