14:20:46 DEBUG : Logs will be stored at '/home/dani/Desktop/SDU_Master/EmbeddedSystems/final_assignment/vitis_ide/IDE.log'.
14:20:47 INFO  : Launching XSCT server: xsct -n  -interactive /home/dani/Desktop/SDU_Master/EmbeddedSystems/final_assignment/vitis_ide/temp_xsdb_launch_script.tcl
14:20:47 INFO  : Platform repository initialization has completed.
14:20:47 INFO  : Registering command handlers for Vitis TCF services
14:20:49 INFO  : XSCT server has started successfully.
14:20:49 INFO  : Successfully done setting XSCT server connection channel  
14:20:49 INFO  : plnx-install-location is set to ''
14:20:49 INFO  : Successfully done query RDI_DATADIR 
14:20:49 INFO  : Successfully done setting workspace for the tool. 
14:22:25 INFO  : Result from executing command 'getProjects': cnn_project
14:22:25 INFO  : Result from executing command 'getPlatforms': xilinx_zcu102_base_202220_1|/home/dani/Xilinx/Vitis/2022.2/base_platforms/xilinx_zcu102_base_202220_1/xilinx_zcu102_base_202220_1.xpfm;xilinx_zcu102_base_dfx_202220_1|/home/dani/Xilinx/Vitis/2022.2/base_platforms/xilinx_zcu102_base_dfx_202220_1/xilinx_zcu102_base_dfx_202220_1.xpfm;xilinx_zcu104_base_202220_1|/home/dani/Xilinx/Vitis/2022.2/base_platforms/xilinx_zcu104_base_202220_1/xilinx_zcu104_base_202220_1.xpfm
14:23:04 INFO  : No changes in MSS file content so sources will not be generated.
15:11:22 INFO  : Result from executing command 'getProjects': cnn_project
15:11:22 INFO  : Result from executing command 'getPlatforms': cnn_project|/home/dani/Desktop/SDU_Master/EmbeddedSystems/final_assignment/vitis_ide/cnn_project/export/cnn_project/cnn_project.xpfm;xilinx_zcu102_base_202220_1|/home/dani/Xilinx/Vitis/2022.2/base_platforms/xilinx_zcu102_base_202220_1/xilinx_zcu102_base_202220_1.xpfm;xilinx_zcu102_base_dfx_202220_1|/home/dani/Xilinx/Vitis/2022.2/base_platforms/xilinx_zcu102_base_dfx_202220_1/xilinx_zcu102_base_dfx_202220_1.xpfm;xilinx_zcu104_base_202220_1|/home/dani/Xilinx/Vitis/2022.2/base_platforms/xilinx_zcu104_base_202220_1/xilinx_zcu104_base_202220_1.xpfm
15:11:25 INFO  : Checking for BSP changes to sync application flags for project 'cnn_predict_application'...
15:15:08 INFO  : Result from executing command 'removePlatformRepo': 
15:16:24 INFO  : Result from executing command 'getProjects': cnn_project
15:16:24 INFO  : Result from executing command 'getPlatforms': xilinx_zcu102_base_202220_1|/home/dani/Xilinx/Vitis/2022.2/base_platforms/xilinx_zcu102_base_202220_1/xilinx_zcu102_base_202220_1.xpfm;xilinx_zcu102_base_dfx_202220_1|/home/dani/Xilinx/Vitis/2022.2/base_platforms/xilinx_zcu102_base_dfx_202220_1/xilinx_zcu102_base_dfx_202220_1.xpfm;xilinx_zcu104_base_202220_1|/home/dani/Xilinx/Vitis/2022.2/base_platforms/xilinx_zcu104_base_202220_1/xilinx_zcu104_base_202220_1.xpfm
15:16:27 INFO  : Checking for BSP changes to sync application flags for project 'cnn_predict_application'...
15:16:32 INFO  : Updating application flags with new BSP settings...
15:16:32 INFO  : Successfully updated application flags for project cnn_predict_application.
15:20:21 INFO  : No changes in MSS file content so sources will not be generated.
15:21:29 INFO  : Result from executing command 'getProjects': cnn_project
15:21:29 INFO  : Result from executing command 'getPlatforms': cnn_project|/home/dani/Desktop/SDU_Master/EmbeddedSystems/final_assignment/vitis_ide/cnn_project/export/cnn_project/cnn_project.xpfm;xilinx_zcu102_base_202220_1|/home/dani/Xilinx/Vitis/2022.2/base_platforms/xilinx_zcu102_base_202220_1/xilinx_zcu102_base_202220_1.xpfm;xilinx_zcu102_base_dfx_202220_1|/home/dani/Xilinx/Vitis/2022.2/base_platforms/xilinx_zcu102_base_dfx_202220_1/xilinx_zcu102_base_dfx_202220_1.xpfm;xilinx_zcu104_base_202220_1|/home/dani/Xilinx/Vitis/2022.2/base_platforms/xilinx_zcu104_base_202220_1/xilinx_zcu104_base_202220_1.xpfm
15:21:32 INFO  : Checking for BSP changes to sync application flags for project 'cnn_predict_application'...
15:21:36 INFO  : Updating application flags with new BSP settings...
15:21:36 INFO  : Successfully updated application flags for project cnn_predict_application.
15:22:42 INFO  : No changes in MSS file content so sources will not be generated.
15:23:07 INFO  : No changes in MSS file content so sources will not be generated.
15:24:28 INFO  : No changes in MSS file content so sources will not be generated.
15:29:18 INFO  : Result from executing command 'getProjects': cnn_project
15:29:18 INFO  : Result from executing command 'getPlatforms': cnn_project|/home/dani/Desktop/SDU_Master/EmbeddedSystems/final_assignment/vitis_ide/cnn_project/export/cnn_project/cnn_project.xpfm;xilinx_zcu102_base_202220_1|/home/dani/Xilinx/Vitis/2022.2/base_platforms/xilinx_zcu102_base_202220_1/xilinx_zcu102_base_202220_1.xpfm;xilinx_zcu102_base_dfx_202220_1|/home/dani/Xilinx/Vitis/2022.2/base_platforms/xilinx_zcu102_base_dfx_202220_1/xilinx_zcu102_base_dfx_202220_1.xpfm;xilinx_zcu104_base_202220_1|/home/dani/Xilinx/Vitis/2022.2/base_platforms/xilinx_zcu104_base_202220_1/xilinx_zcu104_base_202220_1.xpfm
15:29:22 INFO  : Checking for BSP changes to sync application flags for project 'read_sd'...
15:29:29 ERROR : (XSDB Server)readelf: Error: '/home/dani/Desktop/SDU_Master/EmbeddedSystems/final_assignment/vitis_ide/cnn_project/export/cnn_project/sw/fsbl.elf': No such file

15:30:57 INFO  : Connected to target on host '127.0.0.1' and port '3121'.
15:30:58 INFO  : 'targets -set -filter {jtag_cable_name =~ "Avnet USB-to-JTAG/UART Pod V1 1234-oj1A" && level==0 && jtag_device_ctx=="jsn-USB-to-JTAG/UART Pod V1-1234-oj1A-14710093-0"}' command is executed.
15:31:01 INFO  : Device configured successfully with "/home/dani/Desktop/SDU_Master/EmbeddedSystems/final_assignment/vitis_ide/read_sd/_ide/bitstream/final_bitstream.bit"
15:31:24 INFO  : Connected to target on host '127.0.0.1' and port '3121'.
15:31:25 INFO  : Jtag cable 'Avnet USB-to-JTAG/UART Pod V1 1234-oj1A' is selected.
15:31:25 INFO  : 'jtag frequency' command is executed.
15:31:25 INFO  : Sourcing of '/home/dani/Xilinx/Vitis/2022.2/scripts/vitis/util/zynqmp_utils.tcl' is done.
15:31:25 INFO  : Context for 'APU' is selected.
15:31:25 INFO  : System reset is completed.
15:31:28 INFO  : 'after 3000' command is executed.
15:31:28 INFO  : 'targets -set -filter {jtag_cable_name =~ "Avnet USB-to-JTAG/UART Pod V1 1234-oj1A" && level==0 && jtag_device_ctx=="jsn-USB-to-JTAG/UART Pod V1-1234-oj1A-14710093-0"}' command is executed.
15:31:31 INFO  : Device configured successfully with "/home/dani/Desktop/SDU_Master/EmbeddedSystems/final_assignment/vitis_ide/read_sd/_ide/bitstream/final_bitstream.bit"
15:31:31 INFO  : Context for 'APU' is selected.
15:31:32 INFO  : Hardware design and registers information is loaded from '/home/dani/Desktop/SDU_Master/EmbeddedSystems/final_assignment/vitis_ide/cnn_project/export/cnn_project/hw/final_bitstream.xsa'.
15:31:32 INFO  : 'configparams force-mem-access 1' command is executed.
15:31:32 INFO  : Context for 'APU' is selected.
15:31:32 INFO  : Boot mode is read from the target.
15:31:32 INFO  : Context for processor 'psu_cortexa53_0' is selected.
15:31:32 INFO  : Processor reset is completed for 'psu_cortexa53_0'.
15:31:32 INFO  : The application '/home/dani/Desktop/SDU_Master/EmbeddedSystems/final_assignment/vitis_ide/cnn_project/export/cnn_project/sw/cnn_project/boot/fsbl.elf' is downloaded to processor 'psu_cortexa53_0'.
15:31:32 INFO  : 'set bp_31_32_fsbl_bp [bpadd -addr &XFsbl_Exit]' command is executed.
15:31:33 INFO  : 'con -block -timeout 60' command is executed.
15:31:33 INFO  : 'bpremove $bp_31_32_fsbl_bp' command is executed.
15:31:33 INFO  : Context for processor 'psu_cortexa53_0' is selected.
15:31:33 INFO  : Processor reset is completed for 'psu_cortexa53_0'.
15:31:34 INFO  : The application '/home/dani/Desktop/SDU_Master/EmbeddedSystems/final_assignment/vitis_ide/read_sd/Debug/read_sd.elf' is downloaded to processor 'psu_cortexa53_0'.
15:31:34 INFO  : 'configparams force-mem-access 0' command is executed.
15:31:34 INFO  : ----------------XSDB Script----------------
connect -url tcp:127.0.0.1:3121
source /home/dani/Xilinx/Vitis/2022.2/scripts/vitis/util/zynqmp_utils.tcl
targets -set -nocase -filter {name =~"APU*"}
rst -system
after 3000
targets -set -filter {jtag_cable_name =~ "Avnet USB-to-JTAG/UART Pod V1 1234-oj1A" && level==0 && jtag_device_ctx=="jsn-USB-to-JTAG/UART Pod V1-1234-oj1A-14710093-0"}
fpga -file /home/dani/Desktop/SDU_Master/EmbeddedSystems/final_assignment/vitis_ide/read_sd/_ide/bitstream/final_bitstream.bit
targets -set -nocase -filter {name =~"APU*"}
loadhw -hw /home/dani/Desktop/SDU_Master/EmbeddedSystems/final_assignment/vitis_ide/cnn_project/export/cnn_project/hw/final_bitstream.xsa -mem-ranges [list {0x80000000 0xbfffffff} {0x400000000 0x5ffffffff} {0x1000000000 0x7fffffffff}] -regs
configparams force-mem-access 1
targets -set -nocase -filter {name =~"APU*"}
set mode [expr [mrd -value 0xFF5E0200] & 0xf]
targets -set -nocase -filter {name =~ "*A53*#0"}
rst -processor
dow /home/dani/Desktop/SDU_Master/EmbeddedSystems/final_assignment/vitis_ide/cnn_project/export/cnn_project/sw/cnn_project/boot/fsbl.elf
set bp_31_32_fsbl_bp [bpadd -addr &XFsbl_Exit]
con -block -timeout 60
bpremove $bp_31_32_fsbl_bp
targets -set -nocase -filter {name =~ "*A53*#0"}
rst -processor
dow /home/dani/Desktop/SDU_Master/EmbeddedSystems/final_assignment/vitis_ide/read_sd/Debug/read_sd.elf
configparams force-mem-access 0
----------------End of Script----------------

15:31:34 INFO  : Context for processor 'psu_cortexa53_0' is selected.
15:31:34 INFO  : 'con' command is executed.
15:31:34 INFO  : ----------------XSDB Script (After Launch)----------------
targets -set -nocase -filter {name =~ "*A53*#0"}
con
----------------End of Script----------------

15:31:34 INFO  : Launch script is exported to file '/home/dani/Desktop/SDU_Master/EmbeddedSystems/final_assignment/vitis_ide/read_sd_system/_ide/scripts/systemdebugger_read_sd_system_standalone.tcl'
15:32:11 INFO  : Disconnected from the channel tcfchan#7.
15:32:11 INFO  : Connected to target on host '127.0.0.1' and port '3121'.
15:32:11 INFO  : Jtag cable 'Avnet USB-to-JTAG/UART Pod V1 1234-oj1A' is selected.
15:32:11 INFO  : 'jtag frequency' command is executed.
15:32:11 INFO  : Sourcing of '/home/dani/Xilinx/Vitis/2022.2/scripts/vitis/util/zynqmp_utils.tcl' is done.
15:32:11 INFO  : Context for 'APU' is selected.
15:32:11 INFO  : System reset is completed.
15:32:14 INFO  : 'after 3000' command is executed.
15:32:14 INFO  : 'targets -set -filter {jtag_cable_name =~ "Avnet USB-to-JTAG/UART Pod V1 1234-oj1A" && level==0 && jtag_device_ctx=="jsn-USB-to-JTAG/UART Pod V1-1234-oj1A-14710093-0"}' command is executed.
15:32:17 INFO  : Device configured successfully with "/home/dani/Desktop/SDU_Master/EmbeddedSystems/final_assignment/vitis_ide/read_sd/_ide/bitstream/final_bitstream.bit"
15:32:17 INFO  : Context for 'APU' is selected.
15:32:17 INFO  : Hardware design and registers information is loaded from '/home/dani/Desktop/SDU_Master/EmbeddedSystems/final_assignment/vitis_ide/cnn_project/export/cnn_project/hw/final_bitstream.xsa'.
15:32:17 INFO  : 'configparams force-mem-access 1' command is executed.
15:32:17 INFO  : Context for 'APU' is selected.
15:32:17 INFO  : Boot mode is read from the target.
15:32:17 INFO  : Context for processor 'psu_cortexa53_0' is selected.
15:32:17 INFO  : Processor reset is completed for 'psu_cortexa53_0'.
15:32:18 INFO  : The application '/home/dani/Desktop/SDU_Master/EmbeddedSystems/final_assignment/vitis_ide/cnn_project/export/cnn_project/sw/cnn_project/boot/fsbl.elf' is downloaded to processor 'psu_cortexa53_0'.
15:32:18 INFO  : 'set bp_32_18_fsbl_bp [bpadd -addr &XFsbl_Exit]' command is executed.
15:32:19 INFO  : 'con -block -timeout 60' command is executed.
15:32:19 INFO  : 'bpremove $bp_32_18_fsbl_bp' command is executed.
15:32:19 INFO  : Context for processor 'psu_cortexa53_0' is selected.
15:32:19 INFO  : Processor reset is completed for 'psu_cortexa53_0'.
15:32:19 INFO  : The application '/home/dani/Desktop/SDU_Master/EmbeddedSystems/final_assignment/vitis_ide/read_sd/Debug/read_sd.elf' is downloaded to processor 'psu_cortexa53_0'.
15:32:19 INFO  : 'configparams force-mem-access 0' command is executed.
15:32:19 INFO  : ----------------XSDB Script----------------
connect -url tcp:127.0.0.1:3121
source /home/dani/Xilinx/Vitis/2022.2/scripts/vitis/util/zynqmp_utils.tcl
targets -set -nocase -filter {name =~"APU*"}
rst -system
after 3000
targets -set -filter {jtag_cable_name =~ "Avnet USB-to-JTAG/UART Pod V1 1234-oj1A" && level==0 && jtag_device_ctx=="jsn-USB-to-JTAG/UART Pod V1-1234-oj1A-14710093-0"}
fpga -file /home/dani/Desktop/SDU_Master/EmbeddedSystems/final_assignment/vitis_ide/read_sd/_ide/bitstream/final_bitstream.bit
targets -set -nocase -filter {name =~"APU*"}
loadhw -hw /home/dani/Desktop/SDU_Master/EmbeddedSystems/final_assignment/vitis_ide/cnn_project/export/cnn_project/hw/final_bitstream.xsa -mem-ranges [list {0x80000000 0xbfffffff} {0x400000000 0x5ffffffff} {0x1000000000 0x7fffffffff}] -regs
configparams force-mem-access 1
targets -set -nocase -filter {name =~"APU*"}
set mode [expr [mrd -value 0xFF5E0200] & 0xf]
targets -set -nocase -filter {name =~ "*A53*#0"}
rst -processor
dow /home/dani/Desktop/SDU_Master/EmbeddedSystems/final_assignment/vitis_ide/cnn_project/export/cnn_project/sw/cnn_project/boot/fsbl.elf
set bp_32_18_fsbl_bp [bpadd -addr &XFsbl_Exit]
con -block -timeout 60
bpremove $bp_32_18_fsbl_bp
targets -set -nocase -filter {name =~ "*A53*#0"}
rst -processor
dow /home/dani/Desktop/SDU_Master/EmbeddedSystems/final_assignment/vitis_ide/read_sd/Debug/read_sd.elf
configparams force-mem-access 0
----------------End of Script----------------

15:32:19 INFO  : Context for processor 'psu_cortexa53_0' is selected.
15:32:19 INFO  : 'con' command is executed.
15:32:19 INFO  : ----------------XSDB Script (After Launch)----------------
targets -set -nocase -filter {name =~ "*A53*#0"}
con
----------------End of Script----------------

15:32:19 INFO  : Launch script is exported to file '/home/dani/Desktop/SDU_Master/EmbeddedSystems/final_assignment/vitis_ide/read_sd_system/_ide/scripts/systemdebugger_read_sd_system_standalone.tcl'
15:36:15 INFO  : Connected to target on host '127.0.0.1' and port '3121'.
15:36:15 INFO  : 'targets -set -filter {jtag_cable_name =~ "Avnet USB-to-JTAG/UART Pod V1 1234-oj1A" && level==0 && jtag_device_ctx=="jsn-USB-to-JTAG/UART Pod V1-1234-oj1A-14710093-0"}' command is executed.
15:36:18 INFO  : Device configured successfully with "/home/dani/Desktop/SDU_Master/EmbeddedSystems/final_assignment/vitis_ide/read_sd/_ide/bitstream/final_bitstream.bit"
15:36:31 INFO  : Disconnected from the channel tcfchan#8.
15:36:31 INFO  : Connected to target on host '127.0.0.1' and port '3121'.
15:36:31 INFO  : Jtag cable 'Avnet USB-to-JTAG/UART Pod V1 1234-oj1A' is selected.
15:36:31 INFO  : 'jtag frequency' command is executed.
15:36:31 INFO  : Sourcing of '/home/dani/Xilinx/Vitis/2022.2/scripts/vitis/util/zynqmp_utils.tcl' is done.
15:36:31 INFO  : Context for 'APU' is selected.
15:36:32 INFO  : System reset is completed.
15:36:35 INFO  : 'after 3000' command is executed.
15:36:35 INFO  : 'targets -set -filter {jtag_cable_name =~ "Avnet USB-to-JTAG/UART Pod V1 1234-oj1A" && level==0 && jtag_device_ctx=="jsn-USB-to-JTAG/UART Pod V1-1234-oj1A-14710093-0"}' command is executed.
15:36:38 INFO  : Device configured successfully with "/home/dani/Desktop/SDU_Master/EmbeddedSystems/final_assignment/vitis_ide/read_sd/_ide/bitstream/final_bitstream.bit"
15:36:38 INFO  : Context for 'APU' is selected.
15:36:38 INFO  : Hardware design and registers information is loaded from '/home/dani/Desktop/SDU_Master/EmbeddedSystems/final_assignment/vitis_ide/cnn_project/export/cnn_project/hw/final_bitstream.xsa'.
15:36:38 INFO  : 'configparams force-mem-access 1' command is executed.
15:36:38 INFO  : Context for 'APU' is selected.
15:36:38 INFO  : Boot mode is read from the target.
15:36:38 INFO  : Context for processor 'psu_cortexa53_0' is selected.
15:36:38 INFO  : Processor reset is completed for 'psu_cortexa53_0'.
15:36:39 INFO  : The application '/home/dani/Desktop/SDU_Master/EmbeddedSystems/final_assignment/vitis_ide/cnn_project/export/cnn_project/sw/cnn_project/boot/fsbl.elf' is downloaded to processor 'psu_cortexa53_0'.
15:36:39 INFO  : 'set bp_36_39_fsbl_bp [bpadd -addr &XFsbl_Exit]' command is executed.
15:36:40 INFO  : 'con -block -timeout 60' command is executed.
15:36:40 INFO  : 'bpremove $bp_36_39_fsbl_bp' command is executed.
15:36:40 INFO  : Context for processor 'psu_cortexa53_0' is selected.
15:36:40 INFO  : Processor reset is completed for 'psu_cortexa53_0'.
15:36:40 INFO  : The application '/home/dani/Desktop/SDU_Master/EmbeddedSystems/final_assignment/vitis_ide/read_sd/Debug/read_sd.elf' is downloaded to processor 'psu_cortexa53_0'.
15:36:40 INFO  : 'configparams force-mem-access 0' command is executed.
15:36:40 INFO  : ----------------XSDB Script----------------
connect -url tcp:127.0.0.1:3121
source /home/dani/Xilinx/Vitis/2022.2/scripts/vitis/util/zynqmp_utils.tcl
targets -set -nocase -filter {name =~"APU*"}
rst -system
after 3000
targets -set -filter {jtag_cable_name =~ "Avnet USB-to-JTAG/UART Pod V1 1234-oj1A" && level==0 && jtag_device_ctx=="jsn-USB-to-JTAG/UART Pod V1-1234-oj1A-14710093-0"}
fpga -file /home/dani/Desktop/SDU_Master/EmbeddedSystems/final_assignment/vitis_ide/read_sd/_ide/bitstream/final_bitstream.bit
targets -set -nocase -filter {name =~"APU*"}
loadhw -hw /home/dani/Desktop/SDU_Master/EmbeddedSystems/final_assignment/vitis_ide/cnn_project/export/cnn_project/hw/final_bitstream.xsa -mem-ranges [list {0x80000000 0xbfffffff} {0x400000000 0x5ffffffff} {0x1000000000 0x7fffffffff}] -regs
configparams force-mem-access 1
targets -set -nocase -filter {name =~"APU*"}
set mode [expr [mrd -value 0xFF5E0200] & 0xf]
targets -set -nocase -filter {name =~ "*A53*#0"}
rst -processor
dow /home/dani/Desktop/SDU_Master/EmbeddedSystems/final_assignment/vitis_ide/cnn_project/export/cnn_project/sw/cnn_project/boot/fsbl.elf
set bp_36_39_fsbl_bp [bpadd -addr &XFsbl_Exit]
con -block -timeout 60
bpremove $bp_36_39_fsbl_bp
targets -set -nocase -filter {name =~ "*A53*#0"}
rst -processor
dow /home/dani/Desktop/SDU_Master/EmbeddedSystems/final_assignment/vitis_ide/read_sd/Debug/read_sd.elf
configparams force-mem-access 0
----------------End of Script----------------

15:36:40 INFO  : Context for processor 'psu_cortexa53_0' is selected.
15:36:40 INFO  : 'con' command is executed.
15:36:40 INFO  : ----------------XSDB Script (After Launch)----------------
targets -set -nocase -filter {name =~ "*A53*#0"}
con
----------------End of Script----------------

15:36:40 INFO  : Launch script is exported to file '/home/dani/Desktop/SDU_Master/EmbeddedSystems/final_assignment/vitis_ide/read_sd_system/_ide/scripts/systemdebugger_read_sd_system_standalone.tcl'
15:37:39 INFO  : Disconnected from the channel tcfchan#9.
15:37:39 INFO  : Connected to target on host '127.0.0.1' and port '3121'.
15:37:39 INFO  : Jtag cable 'Avnet USB-to-JTAG/UART Pod V1 1234-oj1A' is selected.
15:37:39 INFO  : 'jtag frequency' command is executed.
15:37:39 INFO  : Sourcing of '/home/dani/Xilinx/Vitis/2022.2/scripts/vitis/util/zynqmp_utils.tcl' is done.
15:37:39 INFO  : Context for 'APU' is selected.
15:37:40 INFO  : System reset is completed.
15:37:43 INFO  : 'after 3000' command is executed.
15:37:43 INFO  : 'targets -set -filter {jtag_cable_name =~ "Avnet USB-to-JTAG/UART Pod V1 1234-oj1A" && level==0 && jtag_device_ctx=="jsn-USB-to-JTAG/UART Pod V1-1234-oj1A-14710093-0"}' command is executed.
15:37:46 INFO  : Device configured successfully with "/home/dani/Desktop/SDU_Master/EmbeddedSystems/final_assignment/vitis_ide/read_sd/_ide/bitstream/final_bitstream.bit"
15:37:46 INFO  : Context for 'APU' is selected.
15:37:46 INFO  : Hardware design and registers information is loaded from '/home/dani/Desktop/SDU_Master/EmbeddedSystems/final_assignment/vitis_ide/cnn_project/export/cnn_project/hw/final_bitstream.xsa'.
15:37:46 INFO  : 'configparams force-mem-access 1' command is executed.
15:37:46 INFO  : Context for 'APU' is selected.
15:37:46 INFO  : Boot mode is read from the target.
15:37:46 INFO  : Context for processor 'psu_cortexa53_0' is selected.
15:37:46 INFO  : Processor reset is completed for 'psu_cortexa53_0'.
15:37:47 INFO  : The application '/home/dani/Desktop/SDU_Master/EmbeddedSystems/final_assignment/vitis_ide/cnn_project/export/cnn_project/sw/cnn_project/boot/fsbl.elf' is downloaded to processor 'psu_cortexa53_0'.
15:37:47 INFO  : 'set bp_37_47_fsbl_bp [bpadd -addr &XFsbl_Exit]' command is executed.
15:37:48 INFO  : 'con -block -timeout 60' command is executed.
15:37:48 INFO  : 'bpremove $bp_37_47_fsbl_bp' command is executed.
15:37:48 INFO  : Context for processor 'psu_cortexa53_0' is selected.
15:37:48 INFO  : Processor reset is completed for 'psu_cortexa53_0'.
15:37:48 INFO  : The application '/home/dani/Desktop/SDU_Master/EmbeddedSystems/final_assignment/vitis_ide/read_sd/Debug/read_sd.elf' is downloaded to processor 'psu_cortexa53_0'.
15:37:48 INFO  : 'configparams force-mem-access 0' command is executed.
15:37:48 INFO  : ----------------XSDB Script----------------
connect -url tcp:127.0.0.1:3121
source /home/dani/Xilinx/Vitis/2022.2/scripts/vitis/util/zynqmp_utils.tcl
targets -set -nocase -filter {name =~"APU*"}
rst -system
after 3000
targets -set -filter {jtag_cable_name =~ "Avnet USB-to-JTAG/UART Pod V1 1234-oj1A" && level==0 && jtag_device_ctx=="jsn-USB-to-JTAG/UART Pod V1-1234-oj1A-14710093-0"}
fpga -file /home/dani/Desktop/SDU_Master/EmbeddedSystems/final_assignment/vitis_ide/read_sd/_ide/bitstream/final_bitstream.bit
targets -set -nocase -filter {name =~"APU*"}
loadhw -hw /home/dani/Desktop/SDU_Master/EmbeddedSystems/final_assignment/vitis_ide/cnn_project/export/cnn_project/hw/final_bitstream.xsa -mem-ranges [list {0x80000000 0xbfffffff} {0x400000000 0x5ffffffff} {0x1000000000 0x7fffffffff}] -regs
configparams force-mem-access 1
targets -set -nocase -filter {name =~"APU*"}
set mode [expr [mrd -value 0xFF5E0200] & 0xf]
targets -set -nocase -filter {name =~ "*A53*#0"}
rst -processor
dow /home/dani/Desktop/SDU_Master/EmbeddedSystems/final_assignment/vitis_ide/cnn_project/export/cnn_project/sw/cnn_project/boot/fsbl.elf
set bp_37_47_fsbl_bp [bpadd -addr &XFsbl_Exit]
con -block -timeout 60
bpremove $bp_37_47_fsbl_bp
targets -set -nocase -filter {name =~ "*A53*#0"}
rst -processor
dow /home/dani/Desktop/SDU_Master/EmbeddedSystems/final_assignment/vitis_ide/read_sd/Debug/read_sd.elf
configparams force-mem-access 0
----------------End of Script----------------

15:37:48 INFO  : Context for processor 'psu_cortexa53_0' is selected.
15:37:48 INFO  : 'con' command is executed.
15:37:48 INFO  : ----------------XSDB Script (After Launch)----------------
targets -set -nocase -filter {name =~ "*A53*#0"}
con
----------------End of Script----------------

15:37:48 INFO  : Launch script is exported to file '/home/dani/Desktop/SDU_Master/EmbeddedSystems/final_assignment/vitis_ide/read_sd_system/_ide/scripts/systemdebugger_read_sd_system_standalone.tcl'
15:38:42 INFO  : Disconnected from the channel tcfchan#10.
15:38:42 INFO  : Connected to target on host '127.0.0.1' and port '3121'.
15:38:42 INFO  : Jtag cable 'Avnet USB-to-JTAG/UART Pod V1 1234-oj1A' is selected.
15:38:42 INFO  : 'jtag frequency' command is executed.
15:38:42 INFO  : Sourcing of '/home/dani/Xilinx/Vitis/2022.2/scripts/vitis/util/zynqmp_utils.tcl' is done.
15:38:42 INFO  : Context for 'APU' is selected.
15:38:42 INFO  : System reset is completed.
15:38:45 INFO  : 'after 3000' command is executed.
15:38:45 INFO  : 'targets -set -filter {jtag_cable_name =~ "Avnet USB-to-JTAG/UART Pod V1 1234-oj1A" && level==0 && jtag_device_ctx=="jsn-USB-to-JTAG/UART Pod V1-1234-oj1A-14710093-0"}' command is executed.
15:38:49 INFO  : Device configured successfully with "/home/dani/Desktop/SDU_Master/EmbeddedSystems/final_assignment/vitis_ide/read_sd/_ide/bitstream/final_bitstream.bit"
15:38:49 INFO  : Context for 'APU' is selected.
15:38:49 INFO  : Hardware design and registers information is loaded from '/home/dani/Desktop/SDU_Master/EmbeddedSystems/final_assignment/vitis_ide/cnn_project/export/cnn_project/hw/final_bitstream.xsa'.
15:38:49 INFO  : 'configparams force-mem-access 1' command is executed.
15:38:49 INFO  : Context for 'APU' is selected.
15:38:49 INFO  : Boot mode is read from the target.
15:38:49 INFO  : Context for processor 'psu_cortexa53_0' is selected.
15:38:49 INFO  : Processor reset is completed for 'psu_cortexa53_0'.
15:38:49 INFO  : The application '/home/dani/Desktop/SDU_Master/EmbeddedSystems/final_assignment/vitis_ide/cnn_project/export/cnn_project/sw/cnn_project/boot/fsbl.elf' is downloaded to processor 'psu_cortexa53_0'.
15:38:49 INFO  : 'set bp_38_49_fsbl_bp [bpadd -addr &XFsbl_Exit]' command is executed.
15:38:50 INFO  : 'con -block -timeout 60' command is executed.
15:38:50 INFO  : 'bpremove $bp_38_49_fsbl_bp' command is executed.
15:38:50 INFO  : Context for processor 'psu_cortexa53_0' is selected.
15:38:50 INFO  : Processor reset is completed for 'psu_cortexa53_0'.
15:38:50 INFO  : The application '/home/dani/Desktop/SDU_Master/EmbeddedSystems/final_assignment/vitis_ide/read_sd/Debug/read_sd.elf' is downloaded to processor 'psu_cortexa53_0'.
15:38:50 INFO  : 'configparams force-mem-access 0' command is executed.
15:38:50 INFO  : ----------------XSDB Script----------------
connect -url tcp:127.0.0.1:3121
source /home/dani/Xilinx/Vitis/2022.2/scripts/vitis/util/zynqmp_utils.tcl
targets -set -nocase -filter {name =~"APU*"}
rst -system
after 3000
targets -set -filter {jtag_cable_name =~ "Avnet USB-to-JTAG/UART Pod V1 1234-oj1A" && level==0 && jtag_device_ctx=="jsn-USB-to-JTAG/UART Pod V1-1234-oj1A-14710093-0"}
fpga -file /home/dani/Desktop/SDU_Master/EmbeddedSystems/final_assignment/vitis_ide/read_sd/_ide/bitstream/final_bitstream.bit
targets -set -nocase -filter {name =~"APU*"}
loadhw -hw /home/dani/Desktop/SDU_Master/EmbeddedSystems/final_assignment/vitis_ide/cnn_project/export/cnn_project/hw/final_bitstream.xsa -mem-ranges [list {0x80000000 0xbfffffff} {0x400000000 0x5ffffffff} {0x1000000000 0x7fffffffff}] -regs
configparams force-mem-access 1
targets -set -nocase -filter {name =~"APU*"}
set mode [expr [mrd -value 0xFF5E0200] & 0xf]
targets -set -nocase -filter {name =~ "*A53*#0"}
rst -processor
dow /home/dani/Desktop/SDU_Master/EmbeddedSystems/final_assignment/vitis_ide/cnn_project/export/cnn_project/sw/cnn_project/boot/fsbl.elf
set bp_38_49_fsbl_bp [bpadd -addr &XFsbl_Exit]
con -block -timeout 60
bpremove $bp_38_49_fsbl_bp
targets -set -nocase -filter {name =~ "*A53*#0"}
rst -processor
dow /home/dani/Desktop/SDU_Master/EmbeddedSystems/final_assignment/vitis_ide/read_sd/Debug/read_sd.elf
configparams force-mem-access 0
----------------End of Script----------------

15:38:51 INFO  : Context for processor 'psu_cortexa53_0' is selected.
15:38:51 INFO  : 'con' command is executed.
15:38:51 INFO  : ----------------XSDB Script (After Launch)----------------
targets -set -nocase -filter {name =~ "*A53*#0"}
con
----------------End of Script----------------

15:38:51 INFO  : Launch script is exported to file '/home/dani/Desktop/SDU_Master/EmbeddedSystems/final_assignment/vitis_ide/read_sd_system/_ide/scripts/systemdebugger_read_sd_system_standalone.tcl'
15:39:17 INFO  : Disconnected from the channel tcfchan#11.
15:39:17 INFO  : Connected to target on host '127.0.0.1' and port '3121'.
15:39:17 INFO  : Jtag cable 'Avnet USB-to-JTAG/UART Pod V1 1234-oj1A' is selected.
15:39:17 INFO  : 'jtag frequency' command is executed.
15:39:17 INFO  : Sourcing of '/home/dani/Xilinx/Vitis/2022.2/scripts/vitis/util/zynqmp_utils.tcl' is done.
15:39:17 INFO  : Context for 'APU' is selected.
15:39:17 INFO  : System reset is completed.
15:39:20 INFO  : 'after 3000' command is executed.
15:39:20 INFO  : 'targets -set -filter {jtag_cable_name =~ "Avnet USB-to-JTAG/UART Pod V1 1234-oj1A" && level==0 && jtag_device_ctx=="jsn-USB-to-JTAG/UART Pod V1-1234-oj1A-14710093-0"}' command is executed.
15:39:24 INFO  : Device configured successfully with "/home/dani/Desktop/SDU_Master/EmbeddedSystems/final_assignment/vitis_ide/read_sd/_ide/bitstream/final_bitstream.bit"
15:39:24 INFO  : Context for 'APU' is selected.
15:39:24 INFO  : Hardware design and registers information is loaded from '/home/dani/Desktop/SDU_Master/EmbeddedSystems/final_assignment/vitis_ide/cnn_project/export/cnn_project/hw/final_bitstream.xsa'.
15:39:24 INFO  : 'configparams force-mem-access 1' command is executed.
15:39:24 INFO  : Context for 'APU' is selected.
15:39:24 INFO  : Boot mode is read from the target.
15:39:24 INFO  : Context for processor 'psu_cortexa53_0' is selected.
15:39:24 INFO  : Processor reset is completed for 'psu_cortexa53_0'.
15:39:24 INFO  : The application '/home/dani/Desktop/SDU_Master/EmbeddedSystems/final_assignment/vitis_ide/cnn_project/export/cnn_project/sw/cnn_project/boot/fsbl.elf' is downloaded to processor 'psu_cortexa53_0'.
15:39:24 INFO  : 'set bp_39_24_fsbl_bp [bpadd -addr &XFsbl_Exit]' command is executed.
15:39:25 INFO  : 'con -block -timeout 60' command is executed.
15:39:25 INFO  : 'bpremove $bp_39_24_fsbl_bp' command is executed.
15:39:25 INFO  : Context for processor 'psu_cortexa53_0' is selected.
15:39:25 INFO  : Processor reset is completed for 'psu_cortexa53_0'.
15:39:26 INFO  : The application '/home/dani/Desktop/SDU_Master/EmbeddedSystems/final_assignment/vitis_ide/read_sd/Debug/read_sd.elf' is downloaded to processor 'psu_cortexa53_0'.
15:39:26 INFO  : 'configparams force-mem-access 0' command is executed.
15:39:26 INFO  : ----------------XSDB Script----------------
connect -url tcp:127.0.0.1:3121
source /home/dani/Xilinx/Vitis/2022.2/scripts/vitis/util/zynqmp_utils.tcl
targets -set -nocase -filter {name =~"APU*"}
rst -system
after 3000
targets -set -filter {jtag_cable_name =~ "Avnet USB-to-JTAG/UART Pod V1 1234-oj1A" && level==0 && jtag_device_ctx=="jsn-USB-to-JTAG/UART Pod V1-1234-oj1A-14710093-0"}
fpga -file /home/dani/Desktop/SDU_Master/EmbeddedSystems/final_assignment/vitis_ide/read_sd/_ide/bitstream/final_bitstream.bit
targets -set -nocase -filter {name =~"APU*"}
loadhw -hw /home/dani/Desktop/SDU_Master/EmbeddedSystems/final_assignment/vitis_ide/cnn_project/export/cnn_project/hw/final_bitstream.xsa -mem-ranges [list {0x80000000 0xbfffffff} {0x400000000 0x5ffffffff} {0x1000000000 0x7fffffffff}] -regs
configparams force-mem-access 1
targets -set -nocase -filter {name =~"APU*"}
set mode [expr [mrd -value 0xFF5E0200] & 0xf]
targets -set -nocase -filter {name =~ "*A53*#0"}
rst -processor
dow /home/dani/Desktop/SDU_Master/EmbeddedSystems/final_assignment/vitis_ide/cnn_project/export/cnn_project/sw/cnn_project/boot/fsbl.elf
set bp_39_24_fsbl_bp [bpadd -addr &XFsbl_Exit]
con -block -timeout 60
bpremove $bp_39_24_fsbl_bp
targets -set -nocase -filter {name =~ "*A53*#0"}
rst -processor
dow /home/dani/Desktop/SDU_Master/EmbeddedSystems/final_assignment/vitis_ide/read_sd/Debug/read_sd.elf
configparams force-mem-access 0
----------------End of Script----------------

15:39:26 INFO  : Context for processor 'psu_cortexa53_0' is selected.
15:39:26 INFO  : 'con' command is executed.
15:39:26 INFO  : ----------------XSDB Script (After Launch)----------------
targets -set -nocase -filter {name =~ "*A53*#0"}
con
----------------End of Script----------------

15:39:26 INFO  : Launch script is exported to file '/home/dani/Desktop/SDU_Master/EmbeddedSystems/final_assignment/vitis_ide/read_sd_system/_ide/scripts/systemdebugger_read_sd_system_standalone.tcl'
15:39:56 INFO  : Disconnected from the channel tcfchan#12.
15:39:56 INFO  : Connected to target on host '127.0.0.1' and port '3121'.
15:39:56 INFO  : Jtag cable 'Avnet USB-to-JTAG/UART Pod V1 1234-oj1A' is selected.
15:39:56 INFO  : 'jtag frequency' command is executed.
15:39:56 INFO  : Sourcing of '/home/dani/Xilinx/Vitis/2022.2/scripts/vitis/util/zynqmp_utils.tcl' is done.
15:39:56 INFO  : Context for 'APU' is selected.
15:39:57 INFO  : System reset is completed.
15:40:00 INFO  : 'after 3000' command is executed.
15:40:00 INFO  : 'targets -set -filter {jtag_cable_name =~ "Avnet USB-to-JTAG/UART Pod V1 1234-oj1A" && level==0 && jtag_device_ctx=="jsn-USB-to-JTAG/UART Pod V1-1234-oj1A-14710093-0"}' command is executed.
15:40:03 INFO  : Device configured successfully with "/home/dani/Desktop/SDU_Master/EmbeddedSystems/final_assignment/vitis_ide/read_sd/_ide/bitstream/final_bitstream.bit"
15:40:03 INFO  : Context for 'APU' is selected.
15:40:03 INFO  : Hardware design and registers information is loaded from '/home/dani/Desktop/SDU_Master/EmbeddedSystems/final_assignment/vitis_ide/cnn_project/export/cnn_project/hw/final_bitstream.xsa'.
15:40:03 INFO  : 'configparams force-mem-access 1' command is executed.
15:40:03 INFO  : Context for 'APU' is selected.
15:40:03 INFO  : Boot mode is read from the target.
15:40:03 INFO  : Context for processor 'psu_cortexa53_0' is selected.
15:40:03 INFO  : Processor reset is completed for 'psu_cortexa53_0'.
15:40:04 INFO  : The application '/home/dani/Desktop/SDU_Master/EmbeddedSystems/final_assignment/vitis_ide/cnn_project/export/cnn_project/sw/cnn_project/boot/fsbl.elf' is downloaded to processor 'psu_cortexa53_0'.
15:40:04 INFO  : 'set bp_40_4_fsbl_bp [bpadd -addr &XFsbl_Exit]' command is executed.
15:40:05 INFO  : 'con -block -timeout 60' command is executed.
15:40:05 INFO  : 'bpremove $bp_40_4_fsbl_bp' command is executed.
15:40:05 INFO  : Context for processor 'psu_cortexa53_0' is selected.
15:40:05 INFO  : Processor reset is completed for 'psu_cortexa53_0'.
15:40:05 INFO  : The application '/home/dani/Desktop/SDU_Master/EmbeddedSystems/final_assignment/vitis_ide/read_sd/Debug/read_sd.elf' is downloaded to processor 'psu_cortexa53_0'.
15:40:05 INFO  : 'configparams force-mem-access 0' command is executed.
15:40:05 INFO  : ----------------XSDB Script----------------
connect -url tcp:127.0.0.1:3121
source /home/dani/Xilinx/Vitis/2022.2/scripts/vitis/util/zynqmp_utils.tcl
targets -set -nocase -filter {name =~"APU*"}
rst -system
after 3000
targets -set -filter {jtag_cable_name =~ "Avnet USB-to-JTAG/UART Pod V1 1234-oj1A" && level==0 && jtag_device_ctx=="jsn-USB-to-JTAG/UART Pod V1-1234-oj1A-14710093-0"}
fpga -file /home/dani/Desktop/SDU_Master/EmbeddedSystems/final_assignment/vitis_ide/read_sd/_ide/bitstream/final_bitstream.bit
targets -set -nocase -filter {name =~"APU*"}
loadhw -hw /home/dani/Desktop/SDU_Master/EmbeddedSystems/final_assignment/vitis_ide/cnn_project/export/cnn_project/hw/final_bitstream.xsa -mem-ranges [list {0x80000000 0xbfffffff} {0x400000000 0x5ffffffff} {0x1000000000 0x7fffffffff}] -regs
configparams force-mem-access 1
targets -set -nocase -filter {name =~"APU*"}
set mode [expr [mrd -value 0xFF5E0200] & 0xf]
targets -set -nocase -filter {name =~ "*A53*#0"}
rst -processor
dow /home/dani/Desktop/SDU_Master/EmbeddedSystems/final_assignment/vitis_ide/cnn_project/export/cnn_project/sw/cnn_project/boot/fsbl.elf
set bp_40_4_fsbl_bp [bpadd -addr &XFsbl_Exit]
con -block -timeout 60
bpremove $bp_40_4_fsbl_bp
targets -set -nocase -filter {name =~ "*A53*#0"}
rst -processor
dow /home/dani/Desktop/SDU_Master/EmbeddedSystems/final_assignment/vitis_ide/read_sd/Debug/read_sd.elf
configparams force-mem-access 0
----------------End of Script----------------

15:40:05 INFO  : Context for processor 'psu_cortexa53_0' is selected.
15:40:05 INFO  : 'con' command is executed.
15:40:05 INFO  : ----------------XSDB Script (After Launch)----------------
targets -set -nocase -filter {name =~ "*A53*#0"}
con
----------------End of Script----------------

15:40:05 INFO  : Launch script is exported to file '/home/dani/Desktop/SDU_Master/EmbeddedSystems/final_assignment/vitis_ide/read_sd_system/_ide/scripts/systemdebugger_read_sd_system_standalone.tcl'
15:40:49 INFO  : Disconnected from the channel tcfchan#13.
15:40:49 INFO  : Connected to target on host '127.0.0.1' and port '3121'.
15:40:49 INFO  : Jtag cable 'Avnet USB-to-JTAG/UART Pod V1 1234-oj1A' is selected.
15:40:49 INFO  : 'jtag frequency' command is executed.
15:40:49 INFO  : Sourcing of '/home/dani/Xilinx/Vitis/2022.2/scripts/vitis/util/zynqmp_utils.tcl' is done.
15:40:49 INFO  : Context for 'APU' is selected.
15:40:49 INFO  : System reset is completed.
15:40:52 INFO  : 'after 3000' command is executed.
15:40:52 INFO  : 'targets -set -filter {jtag_cable_name =~ "Avnet USB-to-JTAG/UART Pod V1 1234-oj1A" && level==0 && jtag_device_ctx=="jsn-USB-to-JTAG/UART Pod V1-1234-oj1A-14710093-0"}' command is executed.
15:40:55 INFO  : Device configured successfully with "/home/dani/Desktop/SDU_Master/EmbeddedSystems/final_assignment/vitis_ide/read_sd/_ide/bitstream/final_bitstream.bit"
15:40:55 INFO  : Context for 'APU' is selected.
15:40:55 INFO  : Hardware design and registers information is loaded from '/home/dani/Desktop/SDU_Master/EmbeddedSystems/final_assignment/vitis_ide/cnn_project/export/cnn_project/hw/final_bitstream.xsa'.
15:40:55 INFO  : 'configparams force-mem-access 1' command is executed.
15:40:55 INFO  : Context for 'APU' is selected.
15:40:55 INFO  : Boot mode is read from the target.
15:40:55 INFO  : Context for processor 'psu_cortexa53_0' is selected.
15:40:55 INFO  : Processor reset is completed for 'psu_cortexa53_0'.
15:40:56 INFO  : The application '/home/dani/Desktop/SDU_Master/EmbeddedSystems/final_assignment/vitis_ide/cnn_project/export/cnn_project/sw/cnn_project/boot/fsbl.elf' is downloaded to processor 'psu_cortexa53_0'.
15:40:56 INFO  : 'set bp_40_56_fsbl_bp [bpadd -addr &XFsbl_Exit]' command is executed.
15:40:57 INFO  : 'con -block -timeout 60' command is executed.
15:40:57 INFO  : 'bpremove $bp_40_56_fsbl_bp' command is executed.
15:40:57 INFO  : Context for processor 'psu_cortexa53_0' is selected.
15:40:57 INFO  : Processor reset is completed for 'psu_cortexa53_0'.
15:40:57 INFO  : The application '/home/dani/Desktop/SDU_Master/EmbeddedSystems/final_assignment/vitis_ide/read_sd/Debug/read_sd.elf' is downloaded to processor 'psu_cortexa53_0'.
15:40:57 INFO  : 'configparams force-mem-access 0' command is executed.
15:40:57 INFO  : ----------------XSDB Script----------------
connect -url tcp:127.0.0.1:3121
source /home/dani/Xilinx/Vitis/2022.2/scripts/vitis/util/zynqmp_utils.tcl
targets -set -nocase -filter {name =~"APU*"}
rst -system
after 3000
targets -set -filter {jtag_cable_name =~ "Avnet USB-to-JTAG/UART Pod V1 1234-oj1A" && level==0 && jtag_device_ctx=="jsn-USB-to-JTAG/UART Pod V1-1234-oj1A-14710093-0"}
fpga -file /home/dani/Desktop/SDU_Master/EmbeddedSystems/final_assignment/vitis_ide/read_sd/_ide/bitstream/final_bitstream.bit
targets -set -nocase -filter {name =~"APU*"}
loadhw -hw /home/dani/Desktop/SDU_Master/EmbeddedSystems/final_assignment/vitis_ide/cnn_project/export/cnn_project/hw/final_bitstream.xsa -mem-ranges [list {0x80000000 0xbfffffff} {0x400000000 0x5ffffffff} {0x1000000000 0x7fffffffff}] -regs
configparams force-mem-access 1
targets -set -nocase -filter {name =~"APU*"}
set mode [expr [mrd -value 0xFF5E0200] & 0xf]
targets -set -nocase -filter {name =~ "*A53*#0"}
rst -processor
dow /home/dani/Desktop/SDU_Master/EmbeddedSystems/final_assignment/vitis_ide/cnn_project/export/cnn_project/sw/cnn_project/boot/fsbl.elf
set bp_40_56_fsbl_bp [bpadd -addr &XFsbl_Exit]
con -block -timeout 60
bpremove $bp_40_56_fsbl_bp
targets -set -nocase -filter {name =~ "*A53*#0"}
rst -processor
dow /home/dani/Desktop/SDU_Master/EmbeddedSystems/final_assignment/vitis_ide/read_sd/Debug/read_sd.elf
configparams force-mem-access 0
----------------End of Script----------------

15:40:57 INFO  : Context for processor 'psu_cortexa53_0' is selected.
15:40:57 INFO  : 'con' command is executed.
15:40:57 INFO  : ----------------XSDB Script (After Launch)----------------
targets -set -nocase -filter {name =~ "*A53*#0"}
con
----------------End of Script----------------

15:40:57 INFO  : Launch script is exported to file '/home/dani/Desktop/SDU_Master/EmbeddedSystems/final_assignment/vitis_ide/read_sd_system/_ide/scripts/systemdebugger_read_sd_system_standalone.tcl'
15:42:40 INFO  : Disconnected from the channel tcfchan#14.
15:42:40 INFO  : Connected to target on host '127.0.0.1' and port '3121'.
15:42:40 INFO  : Jtag cable 'Avnet USB-to-JTAG/UART Pod V1 1234-oj1A' is selected.
15:42:40 INFO  : 'jtag frequency' command is executed.
15:42:40 INFO  : Sourcing of '/home/dani/Xilinx/Vitis/2022.2/scripts/vitis/util/zynqmp_utils.tcl' is done.
15:42:40 INFO  : Context for 'APU' is selected.
15:42:40 INFO  : System reset is completed.
15:42:43 INFO  : 'after 3000' command is executed.
15:42:44 INFO  : 'targets -set -filter {jtag_cable_name =~ "Avnet USB-to-JTAG/UART Pod V1 1234-oj1A" && level==0 && jtag_device_ctx=="jsn-USB-to-JTAG/UART Pod V1-1234-oj1A-14710093-0"}' command is executed.
15:42:47 INFO  : Device configured successfully with "/home/dani/Desktop/SDU_Master/EmbeddedSystems/final_assignment/vitis_ide/read_sd/_ide/bitstream/final_bitstream.bit"
15:42:47 INFO  : Context for 'APU' is selected.
15:42:47 INFO  : Hardware design and registers information is loaded from '/home/dani/Desktop/SDU_Master/EmbeddedSystems/final_assignment/vitis_ide/cnn_project/export/cnn_project/hw/final_bitstream.xsa'.
15:42:47 INFO  : 'configparams force-mem-access 1' command is executed.
15:42:47 INFO  : Context for 'APU' is selected.
15:42:47 INFO  : Boot mode is read from the target.
15:42:47 INFO  : Context for processor 'psu_cortexa53_0' is selected.
15:42:47 INFO  : Processor reset is completed for 'psu_cortexa53_0'.
15:42:47 INFO  : The application '/home/dani/Desktop/SDU_Master/EmbeddedSystems/final_assignment/vitis_ide/cnn_project/export/cnn_project/sw/cnn_project/boot/fsbl.elf' is downloaded to processor 'psu_cortexa53_0'.
15:42:47 INFO  : 'set bp_42_47_fsbl_bp [bpadd -addr &XFsbl_Exit]' command is executed.
15:42:48 INFO  : 'con -block -timeout 60' command is executed.
15:42:48 INFO  : 'bpremove $bp_42_47_fsbl_bp' command is executed.
15:42:48 INFO  : Context for processor 'psu_cortexa53_0' is selected.
15:42:48 INFO  : Processor reset is completed for 'psu_cortexa53_0'.
15:42:49 INFO  : The application '/home/dani/Desktop/SDU_Master/EmbeddedSystems/final_assignment/vitis_ide/read_sd/Debug/read_sd.elf' is downloaded to processor 'psu_cortexa53_0'.
15:42:49 INFO  : 'configparams force-mem-access 0' command is executed.
15:42:49 INFO  : ----------------XSDB Script----------------
connect -url tcp:127.0.0.1:3121
source /home/dani/Xilinx/Vitis/2022.2/scripts/vitis/util/zynqmp_utils.tcl
targets -set -nocase -filter {name =~"APU*"}
rst -system
after 3000
targets -set -filter {jtag_cable_name =~ "Avnet USB-to-JTAG/UART Pod V1 1234-oj1A" && level==0 && jtag_device_ctx=="jsn-USB-to-JTAG/UART Pod V1-1234-oj1A-14710093-0"}
fpga -file /home/dani/Desktop/SDU_Master/EmbeddedSystems/final_assignment/vitis_ide/read_sd/_ide/bitstream/final_bitstream.bit
targets -set -nocase -filter {name =~"APU*"}
loadhw -hw /home/dani/Desktop/SDU_Master/EmbeddedSystems/final_assignment/vitis_ide/cnn_project/export/cnn_project/hw/final_bitstream.xsa -mem-ranges [list {0x80000000 0xbfffffff} {0x400000000 0x5ffffffff} {0x1000000000 0x7fffffffff}] -regs
configparams force-mem-access 1
targets -set -nocase -filter {name =~"APU*"}
set mode [expr [mrd -value 0xFF5E0200] & 0xf]
targets -set -nocase -filter {name =~ "*A53*#0"}
rst -processor
dow /home/dani/Desktop/SDU_Master/EmbeddedSystems/final_assignment/vitis_ide/cnn_project/export/cnn_project/sw/cnn_project/boot/fsbl.elf
set bp_42_47_fsbl_bp [bpadd -addr &XFsbl_Exit]
con -block -timeout 60
bpremove $bp_42_47_fsbl_bp
targets -set -nocase -filter {name =~ "*A53*#0"}
rst -processor
dow /home/dani/Desktop/SDU_Master/EmbeddedSystems/final_assignment/vitis_ide/read_sd/Debug/read_sd.elf
configparams force-mem-access 0
----------------End of Script----------------

15:42:49 INFO  : Context for processor 'psu_cortexa53_0' is selected.
15:42:49 INFO  : 'con' command is executed.
15:42:49 INFO  : ----------------XSDB Script (After Launch)----------------
targets -set -nocase -filter {name =~ "*A53*#0"}
con
----------------End of Script----------------

15:42:49 INFO  : Launch script is exported to file '/home/dani/Desktop/SDU_Master/EmbeddedSystems/final_assignment/vitis_ide/read_sd_system/_ide/scripts/systemdebugger_read_sd_system_standalone.tcl'
15:43:03 INFO  : Result from executing command 'removePlatformRepo': 
15:43:34 INFO  : Result from executing command 'getProjects': cnn_project
15:43:34 INFO  : Result from executing command 'getPlatforms': xilinx_zcu102_base_202220_1|/home/dani/Xilinx/Vitis/2022.2/base_platforms/xilinx_zcu102_base_202220_1/xilinx_zcu102_base_202220_1.xpfm;xilinx_zcu102_base_dfx_202220_1|/home/dani/Xilinx/Vitis/2022.2/base_platforms/xilinx_zcu102_base_dfx_202220_1/xilinx_zcu102_base_dfx_202220_1.xpfm;xilinx_zcu104_base_202220_1|/home/dani/Xilinx/Vitis/2022.2/base_platforms/xilinx_zcu104_base_202220_1/xilinx_zcu104_base_202220_1.xpfm
15:43:37 INFO  : Checking for BSP changes to sync application flags for project 'read_sd'...
15:43:46 ERROR : (XSDB Server)readelf: Error: '/home/dani/Desktop/SDU_Master/EmbeddedSystems/final_assignment/vitis_ide/cnn_project/export/cnn_project/sw/fsbl.elf': No such file

15:44:10 ERROR : XSCT server calls should not be made from TCF thread.
java.lang.RuntimeException: XSCT server calls should not be made from TCF thread.
	at com.xilinx.sdk.xsdb.XSDBCommandManager.issueAndWait(XSDBCommandManager.java:392) [com.xilinx.sdk.xsdb_1.0.0.202210132147.jar:?]
	at com.xilinx.sdk.xsdb.XsdbCommandUtils.executeAndRespond(XsdbCommandUtils.java:325) [com.xilinx.sdk.xsdb_1.0.0.202210132147.jar:?]
	at com.xilinx.sdk.hw.internal.HwPlatform.populateDesignProps(HwPlatform.java:521) [com.xilinx.sdk.hw_1.0.0.202210132147.jar:?]
	at com.xilinx.sdk.hw.internal.HwPlatform.isZynq(HwPlatform.java:1101) [com.xilinx.sdk.hw_1.0.0.202210132147.jar:?]
	at com.xilinx.sdk.hw.internal.HwPlatform.getArchFamily(HwPlatform.java:587) [com.xilinx.sdk.hw_1.0.0.202210132147.jar:?]
	at com.xilinx.sdk.tcf.internal.debug.ui.common.BaseLaunchConfigModel.readCrossTriggerModel(BaseLaunchConfigModel.java:174) [com.xilinx.sdk.tcf.debug_1.0.0.202210132147.jar:?]
	at com.xilinx.sdk.tcf.internal.debug.ui.common.BaseLaunchConfigModel.readAndSetAttributes(BaseLaunchConfigModel.java:156) [com.xilinx.sdk.tcf.debug_1.0.0.202210132147.jar:?]
	at com.xilinx.sdx.sdsoc.debug.ui.SdsLaunchConfigModel.newInstance(SdsLaunchConfigModel.java:109) [com.xilinx.sdx.sdsoc.debug.ui_1.0.0.202210132147.jar:?]
	at com.xilinx.sdx.sdsoc.debug.launch.SdsTcfLaunchDelegate.createConfigModel(SdsTcfLaunchDelegate.java:85) [com.xilinx.sdx.sdsoc.debug_1.0.0.202210132147.jar:?]
	at com.xilinx.sdx.sdsoc.debug.launch.SdsTcfLaunchDelegate.generateReports(SdsTcfLaunchDelegate.java:641) [com.xilinx.sdx.sdsoc.debug_1.0.0.202210132147.jar:?]
	at com.xilinx.sdx.sdsoc.debug.launch.SdsTcfLaunchDelegate.onDisconnected(SdsTcfLaunchDelegate.java:615) [com.xilinx.sdx.sdsoc.debug_1.0.0.202210132147.jar:?]
	at org.eclipse.tcf.internal.debug.ui.model.TCFModelManager$1.onDisconnected(TCFModelManager.java:79) [org.eclipse.tcf.debug.ui_1.7.0.202210132147.jar:?]
	at org.eclipse.tcf.internal.debug.model.TCFLaunch.onDisconnected(TCFLaunch.java:532) [org.eclipse.tcf.debug_1.7.0.202210132147.jar:?]
	at org.eclipse.tcf.internal.debug.model.TCFLaunch$43.onChannelClosed(TCFLaunch.java:1643) [org.eclipse.tcf.debug_1.7.0.202210132147.jar:?]
	at org.eclipse.tcf.core.AbstractChannel$9.run(AbstractChannel.java:858) [org.eclipse.tcf.core_1.7.0.202210132147.jar:?]
	at org.eclipse.tcf.EventQueue.run(EventQueue.java:98) [org.eclipse.tcf_1.7.0.202210132147.jar:?]
	at java.lang.Thread.run(Thread.java:829) [?:?]
15:44:11 INFO  : Disconnected from the channel tcfchan#15.
15:44:11 INFO  : Connected to target on host '127.0.0.1' and port '3121'.
15:44:11 INFO  : Jtag cable 'Avnet USB-to-JTAG/UART Pod V1 1234-oj1A' is selected.
15:44:11 INFO  : 'jtag frequency' command is executed.
15:44:11 INFO  : Sourcing of '/home/dani/Xilinx/Vitis/2022.2/scripts/vitis/util/zynqmp_utils.tcl' is done.
15:44:11 INFO  : Context for 'APU' is selected.
15:44:11 INFO  : System reset is completed.
15:44:14 INFO  : 'after 3000' command is executed.
15:44:14 INFO  : 'targets -set -filter {jtag_cable_name =~ "Avnet USB-to-JTAG/UART Pod V1 1234-oj1A" && level==0 && jtag_device_ctx=="jsn-USB-to-JTAG/UART Pod V1-1234-oj1A-14710093-0"}' command is executed.
15:44:17 INFO  : Device configured successfully with "/home/dani/Desktop/SDU_Master/EmbeddedSystems/final_assignment/vitis_ide/read_sd/_ide/bitstream/final_bitstream.bit"
15:44:17 INFO  : Context for 'APU' is selected.
15:44:18 INFO  : Hardware design and registers information is loaded from '/home/dani/Desktop/SDU_Master/EmbeddedSystems/final_assignment/vitis_ide/cnn_project/export/cnn_project/hw/final_bitstream.xsa'.
15:44:18 INFO  : 'configparams force-mem-access 1' command is executed.
15:44:18 INFO  : Context for 'APU' is selected.
15:44:18 INFO  : Boot mode is read from the target.
15:44:18 INFO  : Context for processor 'psu_cortexa53_0' is selected.
15:44:18 INFO  : Processor reset is completed for 'psu_cortexa53_0'.
15:44:18 INFO  : The application '/home/dani/Desktop/SDU_Master/EmbeddedSystems/final_assignment/vitis_ide/cnn_project/export/cnn_project/sw/cnn_project/boot/fsbl.elf' is downloaded to processor 'psu_cortexa53_0'.
15:44:18 INFO  : 'set bp_44_18_fsbl_bp [bpadd -addr &XFsbl_Exit]' command is executed.
15:44:19 INFO  : 'con -block -timeout 60' command is executed.
15:44:19 INFO  : 'bpremove $bp_44_18_fsbl_bp' command is executed.
15:44:19 INFO  : Context for processor 'psu_cortexa53_0' is selected.
15:44:19 INFO  : Processor reset is completed for 'psu_cortexa53_0'.
15:44:20 INFO  : The application '/home/dani/Desktop/SDU_Master/EmbeddedSystems/final_assignment/vitis_ide/read_sd/Debug/read_sd.elf' is downloaded to processor 'psu_cortexa53_0'.
15:44:20 INFO  : 'configparams force-mem-access 0' command is executed.
15:44:20 INFO  : ----------------XSDB Script----------------
connect -url tcp:127.0.0.1:3121
source /home/dani/Xilinx/Vitis/2022.2/scripts/vitis/util/zynqmp_utils.tcl
targets -set -nocase -filter {name =~"APU*"}
rst -system
after 3000
targets -set -filter {jtag_cable_name =~ "Avnet USB-to-JTAG/UART Pod V1 1234-oj1A" && level==0 && jtag_device_ctx=="jsn-USB-to-JTAG/UART Pod V1-1234-oj1A-14710093-0"}
fpga -file /home/dani/Desktop/SDU_Master/EmbeddedSystems/final_assignment/vitis_ide/read_sd/_ide/bitstream/final_bitstream.bit
targets -set -nocase -filter {name =~"APU*"}
loadhw -hw /home/dani/Desktop/SDU_Master/EmbeddedSystems/final_assignment/vitis_ide/cnn_project/export/cnn_project/hw/final_bitstream.xsa -mem-ranges [list {0x80000000 0xbfffffff} {0x400000000 0x5ffffffff} {0x1000000000 0x7fffffffff}] -regs
configparams force-mem-access 1
targets -set -nocase -filter {name =~"APU*"}
set mode [expr [mrd -value 0xFF5E0200] & 0xf]
targets -set -nocase -filter {name =~ "*A53*#0"}
rst -processor
dow /home/dani/Desktop/SDU_Master/EmbeddedSystems/final_assignment/vitis_ide/cnn_project/export/cnn_project/sw/cnn_project/boot/fsbl.elf
set bp_44_18_fsbl_bp [bpadd -addr &XFsbl_Exit]
con -block -timeout 60
bpremove $bp_44_18_fsbl_bp
targets -set -nocase -filter {name =~ "*A53*#0"}
rst -processor
dow /home/dani/Desktop/SDU_Master/EmbeddedSystems/final_assignment/vitis_ide/read_sd/Debug/read_sd.elf
configparams force-mem-access 0
----------------End of Script----------------

15:44:20 INFO  : Context for processor 'psu_cortexa53_0' is selected.
15:44:20 INFO  : 'con' command is executed.
15:44:20 INFO  : ----------------XSDB Script (After Launch)----------------
targets -set -nocase -filter {name =~ "*A53*#0"}
con
----------------End of Script----------------

15:44:20 INFO  : Launch script is exported to file '/home/dani/Desktop/SDU_Master/EmbeddedSystems/final_assignment/vitis_ide/read_sd_system/_ide/scripts/systemdebugger_read_sd_system_standalone.tcl'
15:47:06 INFO  : Checking for BSP changes to sync application flags for project 'read_sd'...
15:47:08 ERROR : (XSDB Server)readelf: Error: '/home/dani/Desktop/SDU_Master/EmbeddedSystems/final_assignment/vitis_ide/cnn_project/export/cnn_project/sw/fsbl.elf': No such file

15:47:16 INFO  : Disconnected from the channel tcfchan#19.
15:47:16 INFO  : Connected to target on host '127.0.0.1' and port '3121'.
15:47:16 INFO  : Jtag cable 'Avnet USB-to-JTAG/UART Pod V1 1234-oj1A' is selected.
15:47:16 INFO  : 'jtag frequency' command is executed.
15:47:16 INFO  : Sourcing of '/home/dani/Xilinx/Vitis/2022.2/scripts/vitis/util/zynqmp_utils.tcl' is done.
15:47:16 INFO  : Context for 'APU' is selected.
15:47:17 INFO  : System reset is completed.
15:47:20 INFO  : 'after 3000' command is executed.
15:47:20 INFO  : 'targets -set -filter {jtag_cable_name =~ "Avnet USB-to-JTAG/UART Pod V1 1234-oj1A" && level==0 && jtag_device_ctx=="jsn-USB-to-JTAG/UART Pod V1-1234-oj1A-14710093-0"}' command is executed.
15:47:23 INFO  : Device configured successfully with "/home/dani/Desktop/SDU_Master/EmbeddedSystems/final_assignment/vitis_ide/read_sd/_ide/bitstream/final_bitstream.bit"
15:47:23 INFO  : Context for 'APU' is selected.
15:47:23 INFO  : Hardware design and registers information is loaded from '/home/dani/Desktop/SDU_Master/EmbeddedSystems/final_assignment/vitis_ide/cnn_project/export/cnn_project/hw/final_bitstream.xsa'.
15:47:23 INFO  : 'configparams force-mem-access 1' command is executed.
15:47:23 INFO  : Context for 'APU' is selected.
15:47:23 INFO  : Boot mode is read from the target.
15:47:23 INFO  : Context for processor 'psu_cortexa53_0' is selected.
15:47:23 INFO  : Processor reset is completed for 'psu_cortexa53_0'.
15:47:24 INFO  : The application '/home/dani/Desktop/SDU_Master/EmbeddedSystems/final_assignment/vitis_ide/cnn_project/export/cnn_project/sw/cnn_project/boot/fsbl.elf' is downloaded to processor 'psu_cortexa53_0'.
15:47:24 INFO  : 'set bp_47_24_fsbl_bp [bpadd -addr &XFsbl_Exit]' command is executed.
15:47:25 INFO  : 'con -block -timeout 60' command is executed.
15:47:25 INFO  : 'bpremove $bp_47_24_fsbl_bp' command is executed.
15:47:25 INFO  : Context for processor 'psu_cortexa53_0' is selected.
15:47:25 INFO  : Processor reset is completed for 'psu_cortexa53_0'.
15:47:25 INFO  : The application '/home/dani/Desktop/SDU_Master/EmbeddedSystems/final_assignment/vitis_ide/read_sd/Debug/read_sd.elf' is downloaded to processor 'psu_cortexa53_0'.
15:47:25 INFO  : 'configparams force-mem-access 0' command is executed.
15:47:25 INFO  : ----------------XSDB Script----------------
connect -url tcp:127.0.0.1:3121
source /home/dani/Xilinx/Vitis/2022.2/scripts/vitis/util/zynqmp_utils.tcl
targets -set -nocase -filter {name =~"APU*"}
rst -system
after 3000
targets -set -filter {jtag_cable_name =~ "Avnet USB-to-JTAG/UART Pod V1 1234-oj1A" && level==0 && jtag_device_ctx=="jsn-USB-to-JTAG/UART Pod V1-1234-oj1A-14710093-0"}
fpga -file /home/dani/Desktop/SDU_Master/EmbeddedSystems/final_assignment/vitis_ide/read_sd/_ide/bitstream/final_bitstream.bit
targets -set -nocase -filter {name =~"APU*"}
loadhw -hw /home/dani/Desktop/SDU_Master/EmbeddedSystems/final_assignment/vitis_ide/cnn_project/export/cnn_project/hw/final_bitstream.xsa -mem-ranges [list {0x80000000 0xbfffffff} {0x400000000 0x5ffffffff} {0x1000000000 0x7fffffffff}] -regs
configparams force-mem-access 1
targets -set -nocase -filter {name =~"APU*"}
set mode [expr [mrd -value 0xFF5E0200] & 0xf]
targets -set -nocase -filter {name =~ "*A53*#0"}
rst -processor
dow /home/dani/Desktop/SDU_Master/EmbeddedSystems/final_assignment/vitis_ide/cnn_project/export/cnn_project/sw/cnn_project/boot/fsbl.elf
set bp_47_24_fsbl_bp [bpadd -addr &XFsbl_Exit]
con -block -timeout 60
bpremove $bp_47_24_fsbl_bp
targets -set -nocase -filter {name =~ "*A53*#0"}
rst -processor
dow /home/dani/Desktop/SDU_Master/EmbeddedSystems/final_assignment/vitis_ide/read_sd/Debug/read_sd.elf
configparams force-mem-access 0
----------------End of Script----------------

15:47:25 INFO  : Context for processor 'psu_cortexa53_0' is selected.
15:47:25 INFO  : 'con' command is executed.
15:47:25 INFO  : ----------------XSDB Script (After Launch)----------------
targets -set -nocase -filter {name =~ "*A53*#0"}
con
----------------End of Script----------------

15:47:25 INFO  : Launch script is exported to file '/home/dani/Desktop/SDU_Master/EmbeddedSystems/final_assignment/vitis_ide/read_sd_system/_ide/scripts/systemdebugger_read_sd_system_standalone.tcl'
15:50:08 INFO  : Checking for BSP changes to sync application flags for project 'read_sd'...
15:50:10 ERROR : (XSDB Server)readelf: Error: '/home/dani/Desktop/SDU_Master/EmbeddedSystems/final_assignment/vitis_ide/cnn_project/export/cnn_project/sw/fsbl.elf': No such file

15:50:18 INFO  : Disconnected from the channel tcfchan#21.
15:50:18 INFO  : Connected to target on host '127.0.0.1' and port '3121'.
15:50:18 INFO  : Jtag cable 'Avnet USB-to-JTAG/UART Pod V1 1234-oj1A' is selected.
15:50:18 INFO  : 'jtag frequency' command is executed.
15:50:18 INFO  : Sourcing of '/home/dani/Xilinx/Vitis/2022.2/scripts/vitis/util/zynqmp_utils.tcl' is done.
15:50:18 INFO  : Context for 'APU' is selected.
15:50:18 INFO  : System reset is completed.
15:50:21 INFO  : 'after 3000' command is executed.
15:50:21 INFO  : 'targets -set -filter {jtag_cable_name =~ "Avnet USB-to-JTAG/UART Pod V1 1234-oj1A" && level==0 && jtag_device_ctx=="jsn-USB-to-JTAG/UART Pod V1-1234-oj1A-14710093-0"}' command is executed.
15:50:24 INFO  : Device configured successfully with "/home/dani/Desktop/SDU_Master/EmbeddedSystems/final_assignment/vitis_ide/read_sd/_ide/bitstream/final_bitstream.bit"
15:50:24 INFO  : Context for 'APU' is selected.
15:50:24 INFO  : Hardware design and registers information is loaded from '/home/dani/Desktop/SDU_Master/EmbeddedSystems/final_assignment/vitis_ide/cnn_project/export/cnn_project/hw/final_bitstream.xsa'.
15:50:24 INFO  : 'configparams force-mem-access 1' command is executed.
15:50:24 INFO  : Context for 'APU' is selected.
15:50:24 INFO  : Boot mode is read from the target.
15:50:24 INFO  : Context for processor 'psu_cortexa53_0' is selected.
15:50:25 INFO  : Processor reset is completed for 'psu_cortexa53_0'.
15:50:25 INFO  : The application '/home/dani/Desktop/SDU_Master/EmbeddedSystems/final_assignment/vitis_ide/cnn_project/export/cnn_project/sw/cnn_project/boot/fsbl.elf' is downloaded to processor 'psu_cortexa53_0'.
15:50:25 INFO  : 'set bp_50_25_fsbl_bp [bpadd -addr &XFsbl_Exit]' command is executed.
15:50:26 INFO  : 'con -block -timeout 60' command is executed.
15:50:26 INFO  : 'bpremove $bp_50_25_fsbl_bp' command is executed.
15:50:26 INFO  : Context for processor 'psu_cortexa53_0' is selected.
15:50:26 INFO  : Processor reset is completed for 'psu_cortexa53_0'.
15:50:26 INFO  : The application '/home/dani/Desktop/SDU_Master/EmbeddedSystems/final_assignment/vitis_ide/read_sd/Debug/read_sd.elf' is downloaded to processor 'psu_cortexa53_0'.
15:50:26 INFO  : 'configparams force-mem-access 0' command is executed.
15:50:26 INFO  : ----------------XSDB Script----------------
connect -url tcp:127.0.0.1:3121
source /home/dani/Xilinx/Vitis/2022.2/scripts/vitis/util/zynqmp_utils.tcl
targets -set -nocase -filter {name =~"APU*"}
rst -system
after 3000
targets -set -filter {jtag_cable_name =~ "Avnet USB-to-JTAG/UART Pod V1 1234-oj1A" && level==0 && jtag_device_ctx=="jsn-USB-to-JTAG/UART Pod V1-1234-oj1A-14710093-0"}
fpga -file /home/dani/Desktop/SDU_Master/EmbeddedSystems/final_assignment/vitis_ide/read_sd/_ide/bitstream/final_bitstream.bit
targets -set -nocase -filter {name =~"APU*"}
loadhw -hw /home/dani/Desktop/SDU_Master/EmbeddedSystems/final_assignment/vitis_ide/cnn_project/export/cnn_project/hw/final_bitstream.xsa -mem-ranges [list {0x80000000 0xbfffffff} {0x400000000 0x5ffffffff} {0x1000000000 0x7fffffffff}] -regs
configparams force-mem-access 1
targets -set -nocase -filter {name =~"APU*"}
set mode [expr [mrd -value 0xFF5E0200] & 0xf]
targets -set -nocase -filter {name =~ "*A53*#0"}
rst -processor
dow /home/dani/Desktop/SDU_Master/EmbeddedSystems/final_assignment/vitis_ide/cnn_project/export/cnn_project/sw/cnn_project/boot/fsbl.elf
set bp_50_25_fsbl_bp [bpadd -addr &XFsbl_Exit]
con -block -timeout 60
bpremove $bp_50_25_fsbl_bp
targets -set -nocase -filter {name =~ "*A53*#0"}
rst -processor
dow /home/dani/Desktop/SDU_Master/EmbeddedSystems/final_assignment/vitis_ide/read_sd/Debug/read_sd.elf
configparams force-mem-access 0
----------------End of Script----------------

15:50:26 INFO  : Context for processor 'psu_cortexa53_0' is selected.
15:50:26 INFO  : 'con' command is executed.
15:50:26 INFO  : ----------------XSDB Script (After Launch)----------------
targets -set -nocase -filter {name =~ "*A53*#0"}
con
----------------End of Script----------------

15:50:26 INFO  : Launch script is exported to file '/home/dani/Desktop/SDU_Master/EmbeddedSystems/final_assignment/vitis_ide/read_sd_system/_ide/scripts/systemdebugger_read_sd_system_standalone.tcl'
16:12:58 INFO  : Checking for BSP changes to sync application flags for project 'read_sd'...
16:13:00 ERROR : (XSDB Server)readelf: Error: '/home/dani/Desktop/SDU_Master/EmbeddedSystems/final_assignment/vitis_ide/cnn_project/export/cnn_project/sw/fsbl.elf': No such file

16:13:17 INFO  : Disconnected from the channel tcfchan#23.
16:13:17 INFO  : Connected to target on host '127.0.0.1' and port '3121'.
16:13:17 INFO  : Jtag cable 'Avnet USB-to-JTAG/UART Pod V1 1234-oj1A' is selected.
16:13:17 INFO  : 'jtag frequency' command is executed.
16:13:17 INFO  : Sourcing of '/home/dani/Xilinx/Vitis/2022.2/scripts/vitis/util/zynqmp_utils.tcl' is done.
16:13:17 INFO  : Context for 'APU' is selected.
16:13:18 INFO  : System reset is completed.
16:13:21 INFO  : 'after 3000' command is executed.
16:13:21 INFO  : 'targets -set -filter {jtag_cable_name =~ "Avnet USB-to-JTAG/UART Pod V1 1234-oj1A" && level==0 && jtag_device_ctx=="jsn-USB-to-JTAG/UART Pod V1-1234-oj1A-14710093-0"}' command is executed.
16:13:24 INFO  : Device configured successfully with "/home/dani/Desktop/SDU_Master/EmbeddedSystems/final_assignment/vitis_ide/read_sd/_ide/bitstream/final_bitstream.bit"
16:13:24 INFO  : Context for 'APU' is selected.
16:13:24 INFO  : Hardware design and registers information is loaded from '/home/dani/Desktop/SDU_Master/EmbeddedSystems/final_assignment/vitis_ide/cnn_project/export/cnn_project/hw/final_bitstream.xsa'.
16:13:24 INFO  : 'configparams force-mem-access 1' command is executed.
16:13:24 INFO  : Context for 'APU' is selected.
16:13:24 INFO  : Boot mode is read from the target.
16:13:24 INFO  : Context for processor 'psu_cortexa53_0' is selected.
16:13:24 INFO  : Processor reset is completed for 'psu_cortexa53_0'.
16:13:24 INFO  : The application '/home/dani/Desktop/SDU_Master/EmbeddedSystems/final_assignment/vitis_ide/cnn_project/export/cnn_project/sw/cnn_project/boot/fsbl.elf' is downloaded to processor 'psu_cortexa53_0'.
16:13:24 INFO  : 'set bp_13_24_fsbl_bp [bpadd -addr &XFsbl_Exit]' command is executed.
16:13:25 INFO  : 'con -block -timeout 60' command is executed.
16:13:25 INFO  : 'bpremove $bp_13_24_fsbl_bp' command is executed.
16:13:25 INFO  : Context for processor 'psu_cortexa53_0' is selected.
16:13:25 INFO  : Processor reset is completed for 'psu_cortexa53_0'.
16:13:26 INFO  : The application '/home/dani/Desktop/SDU_Master/EmbeddedSystems/final_assignment/vitis_ide/read_sd/Debug/read_sd.elf' is downloaded to processor 'psu_cortexa53_0'.
16:13:26 INFO  : 'configparams force-mem-access 0' command is executed.
16:13:26 INFO  : ----------------XSDB Script----------------
connect -url tcp:127.0.0.1:3121
source /home/dani/Xilinx/Vitis/2022.2/scripts/vitis/util/zynqmp_utils.tcl
targets -set -nocase -filter {name =~"APU*"}
rst -system
after 3000
targets -set -filter {jtag_cable_name =~ "Avnet USB-to-JTAG/UART Pod V1 1234-oj1A" && level==0 && jtag_device_ctx=="jsn-USB-to-JTAG/UART Pod V1-1234-oj1A-14710093-0"}
fpga -file /home/dani/Desktop/SDU_Master/EmbeddedSystems/final_assignment/vitis_ide/read_sd/_ide/bitstream/final_bitstream.bit
targets -set -nocase -filter {name =~"APU*"}
loadhw -hw /home/dani/Desktop/SDU_Master/EmbeddedSystems/final_assignment/vitis_ide/cnn_project/export/cnn_project/hw/final_bitstream.xsa -mem-ranges [list {0x80000000 0xbfffffff} {0x400000000 0x5ffffffff} {0x1000000000 0x7fffffffff}] -regs
configparams force-mem-access 1
targets -set -nocase -filter {name =~"APU*"}
set mode [expr [mrd -value 0xFF5E0200] & 0xf]
targets -set -nocase -filter {name =~ "*A53*#0"}
rst -processor
dow /home/dani/Desktop/SDU_Master/EmbeddedSystems/final_assignment/vitis_ide/cnn_project/export/cnn_project/sw/cnn_project/boot/fsbl.elf
set bp_13_24_fsbl_bp [bpadd -addr &XFsbl_Exit]
con -block -timeout 60
bpremove $bp_13_24_fsbl_bp
targets -set -nocase -filter {name =~ "*A53*#0"}
rst -processor
dow /home/dani/Desktop/SDU_Master/EmbeddedSystems/final_assignment/vitis_ide/read_sd/Debug/read_sd.elf
configparams force-mem-access 0
----------------End of Script----------------

16:13:26 INFO  : Context for processor 'psu_cortexa53_0' is selected.
16:13:26 INFO  : 'con' command is executed.
16:13:26 INFO  : ----------------XSDB Script (After Launch)----------------
targets -set -nocase -filter {name =~ "*A53*#0"}
con
----------------End of Script----------------

16:13:26 INFO  : Launch script is exported to file '/home/dani/Desktop/SDU_Master/EmbeddedSystems/final_assignment/vitis_ide/read_sd_system/_ide/scripts/systemdebugger_read_sd_system_standalone.tcl'
16:35:32 INFO  : Checking for BSP changes to sync application flags for project 'read_sd'...
16:35:35 ERROR : (XSDB Server)readelf: Error: '/home/dani/Desktop/SDU_Master/EmbeddedSystems/final_assignment/vitis_ide/cnn_project/export/cnn_project/sw/fsbl.elf': No such file

16:35:59 INFO  : Disconnected from the channel tcfchan#25.
16:35:59 INFO  : Connected to target on host '127.0.0.1' and port '3121'.
16:36:00 INFO  : Jtag cable 'Avnet USB-to-JTAG/UART Pod V1 1234-oj1A' is selected.
16:36:00 INFO  : 'jtag frequency' command is executed.
16:36:00 INFO  : Sourcing of '/home/dani/Xilinx/Vitis/2022.2/scripts/vitis/util/zynqmp_utils.tcl' is done.
16:36:00 INFO  : Context for 'APU' is selected.
16:36:00 INFO  : System reset is completed.
16:36:03 INFO  : 'after 3000' command is executed.
16:36:03 INFO  : 'targets -set -filter {jtag_cable_name =~ "Avnet USB-to-JTAG/UART Pod V1 1234-oj1A" && level==0 && jtag_device_ctx=="jsn-USB-to-JTAG/UART Pod V1-1234-oj1A-14710093-0"}' command is executed.
16:36:06 INFO  : Device configured successfully with "/home/dani/Desktop/SDU_Master/EmbeddedSystems/final_assignment/vitis_ide/read_sd/_ide/bitstream/final_bitstream.bit"
16:36:06 INFO  : Context for 'APU' is selected.
16:36:06 INFO  : Hardware design and registers information is loaded from '/home/dani/Desktop/SDU_Master/EmbeddedSystems/final_assignment/vitis_ide/cnn_project/export/cnn_project/hw/final_bitstream.xsa'.
16:36:06 INFO  : 'configparams force-mem-access 1' command is executed.
16:36:06 INFO  : Context for 'APU' is selected.
16:36:06 INFO  : Boot mode is read from the target.
16:36:06 INFO  : Context for processor 'psu_cortexa53_0' is selected.
16:36:06 INFO  : Processor reset is completed for 'psu_cortexa53_0'.
16:36:07 INFO  : The application '/home/dani/Desktop/SDU_Master/EmbeddedSystems/final_assignment/vitis_ide/cnn_project/export/cnn_project/sw/cnn_project/boot/fsbl.elf' is downloaded to processor 'psu_cortexa53_0'.
16:36:07 INFO  : 'set bp_36_7_fsbl_bp [bpadd -addr &XFsbl_Exit]' command is executed.
16:36:08 INFO  : 'con -block -timeout 60' command is executed.
16:36:08 INFO  : 'bpremove $bp_36_7_fsbl_bp' command is executed.
16:36:08 INFO  : Context for processor 'psu_cortexa53_0' is selected.
16:36:08 INFO  : Processor reset is completed for 'psu_cortexa53_0'.
16:36:08 INFO  : The application '/home/dani/Desktop/SDU_Master/EmbeddedSystems/final_assignment/vitis_ide/read_sd/Debug/read_sd.elf' is downloaded to processor 'psu_cortexa53_0'.
16:36:08 INFO  : 'configparams force-mem-access 0' command is executed.
16:36:08 INFO  : ----------------XSDB Script----------------
connect -url tcp:127.0.0.1:3121
source /home/dani/Xilinx/Vitis/2022.2/scripts/vitis/util/zynqmp_utils.tcl
targets -set -nocase -filter {name =~"APU*"}
rst -system
after 3000
targets -set -filter {jtag_cable_name =~ "Avnet USB-to-JTAG/UART Pod V1 1234-oj1A" && level==0 && jtag_device_ctx=="jsn-USB-to-JTAG/UART Pod V1-1234-oj1A-14710093-0"}
fpga -file /home/dani/Desktop/SDU_Master/EmbeddedSystems/final_assignment/vitis_ide/read_sd/_ide/bitstream/final_bitstream.bit
targets -set -nocase -filter {name =~"APU*"}
loadhw -hw /home/dani/Desktop/SDU_Master/EmbeddedSystems/final_assignment/vitis_ide/cnn_project/export/cnn_project/hw/final_bitstream.xsa -mem-ranges [list {0x80000000 0xbfffffff} {0x400000000 0x5ffffffff} {0x1000000000 0x7fffffffff}] -regs
configparams force-mem-access 1
targets -set -nocase -filter {name =~"APU*"}
set mode [expr [mrd -value 0xFF5E0200] & 0xf]
targets -set -nocase -filter {name =~ "*A53*#0"}
rst -processor
dow /home/dani/Desktop/SDU_Master/EmbeddedSystems/final_assignment/vitis_ide/cnn_project/export/cnn_project/sw/cnn_project/boot/fsbl.elf
set bp_36_7_fsbl_bp [bpadd -addr &XFsbl_Exit]
con -block -timeout 60
bpremove $bp_36_7_fsbl_bp
targets -set -nocase -filter {name =~ "*A53*#0"}
rst -processor
dow /home/dani/Desktop/SDU_Master/EmbeddedSystems/final_assignment/vitis_ide/read_sd/Debug/read_sd.elf
configparams force-mem-access 0
----------------End of Script----------------

16:36:08 INFO  : Context for processor 'psu_cortexa53_0' is selected.
16:36:08 INFO  : 'con' command is executed.
16:36:08 INFO  : ----------------XSDB Script (After Launch)----------------
targets -set -nocase -filter {name =~ "*A53*#0"}
con
----------------End of Script----------------

16:36:08 INFO  : Launch script is exported to file '/home/dani/Desktop/SDU_Master/EmbeddedSystems/final_assignment/vitis_ide/read_sd_system/_ide/scripts/systemdebugger_read_sd_system_standalone.tcl'
16:39:50 INFO  : Checking for BSP changes to sync application flags for project 'cnn_predict_application'...
16:44:53 INFO  : Result from executing command 'removePlatformRepo': 
16:45:23 INFO  : Result from executing command 'getProjects': cnn_project
16:45:23 INFO  : Result from executing command 'getPlatforms': xilinx_zcu102_base_202220_1|/home/dani/Xilinx/Vitis/2022.2/base_platforms/xilinx_zcu102_base_202220_1/xilinx_zcu102_base_202220_1.xpfm;xilinx_zcu102_base_dfx_202220_1|/home/dani/Xilinx/Vitis/2022.2/base_platforms/xilinx_zcu102_base_dfx_202220_1/xilinx_zcu102_base_dfx_202220_1.xpfm;xilinx_zcu104_base_202220_1|/home/dani/Xilinx/Vitis/2022.2/base_platforms/xilinx_zcu104_base_202220_1/xilinx_zcu104_base_202220_1.xpfm
16:45:26 INFO  : Checking for BSP changes to sync application flags for project 'cnn_predict_application'...
16:48:18 INFO  : No changes in MSS file content so sources will not be generated.
16:51:39 INFO  : Result from executing command 'getProjects': cnn_project
16:51:39 INFO  : Result from executing command 'getPlatforms': cnn_project|/home/dani/Desktop/SDU_Master/EmbeddedSystems/final_assignment/vitis_ide/cnn_project/export/cnn_project/cnn_project.xpfm;xilinx_zcu102_base_202220_1|/home/dani/Xilinx/Vitis/2022.2/base_platforms/xilinx_zcu102_base_202220_1/xilinx_zcu102_base_202220_1.xpfm;xilinx_zcu102_base_dfx_202220_1|/home/dani/Xilinx/Vitis/2022.2/base_platforms/xilinx_zcu102_base_dfx_202220_1/xilinx_zcu102_base_dfx_202220_1.xpfm;xilinx_zcu104_base_202220_1|/home/dani/Xilinx/Vitis/2022.2/base_platforms/xilinx_zcu104_base_202220_1/xilinx_zcu104_base_202220_1.xpfm
16:51:42 INFO  : Checking for BSP changes to sync application flags for project 'cnn_predict_application'...
16:51:48 INFO  : Updating application flags with new BSP settings...
16:51:48 INFO  : Successfully updated application flags for project cnn_predict_application.
16:51:50 ERROR : (XSDB Server)readelf: Error: '/home/dani/Desktop/SDU_Master/EmbeddedSystems/final_assignment/vitis_ide/cnn_project/export/cnn_project/sw/fsbl.elf': No such file

16:52:09 ERROR : XSCT server calls should not be made from TCF thread.
java.lang.RuntimeException: XSCT server calls should not be made from TCF thread.
	at com.xilinx.sdk.xsdb.XSDBCommandManager.issueAndWait(XSDBCommandManager.java:392) [com.xilinx.sdk.xsdb_1.0.0.202210132147.jar:?]
	at com.xilinx.sdk.xsdb.XsdbCommandUtils.executeAndRespond(XsdbCommandUtils.java:325) [com.xilinx.sdk.xsdb_1.0.0.202210132147.jar:?]
	at com.xilinx.sdk.hw.internal.HwPlatform.populateDesignProps(HwPlatform.java:521) [com.xilinx.sdk.hw_1.0.0.202210132147.jar:?]
	at com.xilinx.sdk.hw.internal.HwPlatform.isZynq(HwPlatform.java:1101) [com.xilinx.sdk.hw_1.0.0.202210132147.jar:?]
	at com.xilinx.sdk.hw.internal.HwPlatform.getArchFamily(HwPlatform.java:587) [com.xilinx.sdk.hw_1.0.0.202210132147.jar:?]
	at com.xilinx.sdk.tcf.internal.debug.ui.common.BaseLaunchConfigModel.readCrossTriggerModel(BaseLaunchConfigModel.java:174) [com.xilinx.sdk.tcf.debug_1.0.0.202210132147.jar:?]
	at com.xilinx.sdk.tcf.internal.debug.ui.common.BaseLaunchConfigModel.readAndSetAttributes(BaseLaunchConfigModel.java:156) [com.xilinx.sdk.tcf.debug_1.0.0.202210132147.jar:?]
	at com.xilinx.sdx.sdsoc.debug.ui.SdsLaunchConfigModel.newInstance(SdsLaunchConfigModel.java:109) [com.xilinx.sdx.sdsoc.debug.ui_1.0.0.202210132147.jar:?]
	at com.xilinx.sdx.sdsoc.debug.launch.SdsTcfLaunchDelegate.createConfigModel(SdsTcfLaunchDelegate.java:85) [com.xilinx.sdx.sdsoc.debug_1.0.0.202210132147.jar:?]
	at com.xilinx.sdx.sdsoc.debug.launch.SdsTcfLaunchDelegate.generateReports(SdsTcfLaunchDelegate.java:641) [com.xilinx.sdx.sdsoc.debug_1.0.0.202210132147.jar:?]
	at com.xilinx.sdx.sdsoc.debug.launch.SdsTcfLaunchDelegate.onDisconnected(SdsTcfLaunchDelegate.java:615) [com.xilinx.sdx.sdsoc.debug_1.0.0.202210132147.jar:?]
	at org.eclipse.tcf.internal.debug.ui.model.TCFModelManager$1.onDisconnected(TCFModelManager.java:79) [org.eclipse.tcf.debug.ui_1.7.0.202210132147.jar:?]
	at org.eclipse.tcf.internal.debug.model.TCFLaunch.onDisconnected(TCFLaunch.java:532) [org.eclipse.tcf.debug_1.7.0.202210132147.jar:?]
	at org.eclipse.tcf.internal.debug.model.TCFLaunch$43.onChannelClosed(TCFLaunch.java:1643) [org.eclipse.tcf.debug_1.7.0.202210132147.jar:?]
	at org.eclipse.tcf.core.AbstractChannel$9.run(AbstractChannel.java:858) [org.eclipse.tcf.core_1.7.0.202210132147.jar:?]
	at org.eclipse.tcf.EventQueue.run(EventQueue.java:98) [org.eclipse.tcf_1.7.0.202210132147.jar:?]
	at java.lang.Thread.run(Thread.java:829) [?:?]
16:52:09 INFO  : Disconnected from the channel tcfchan#27.
16:52:09 INFO  : Connected to target on host '127.0.0.1' and port '3121'.
16:52:09 INFO  : Jtag cable 'Avnet USB-to-JTAG/UART Pod V1 1234-oj1A' is selected.
16:52:09 INFO  : 'jtag frequency' command is executed.
16:52:09 INFO  : Sourcing of '/home/dani/Xilinx/Vitis/2022.2/scripts/vitis/util/zynqmp_utils.tcl' is done.
16:52:09 INFO  : Context for 'APU' is selected.
16:52:09 INFO  : System reset is completed.
16:52:12 INFO  : 'after 3000' command is executed.
16:52:12 INFO  : 'targets -set -filter {jtag_cable_name =~ "Avnet USB-to-JTAG/UART Pod V1 1234-oj1A" && level==0 && jtag_device_ctx=="jsn-USB-to-JTAG/UART Pod V1-1234-oj1A-14710093-0"}' command is executed.
16:52:15 INFO  : Device configured successfully with "/home/dani/Desktop/SDU_Master/EmbeddedSystems/final_assignment/vitis_ide/read_sd/_ide/bitstream/final_bitstream.bit"
16:52:15 INFO  : Context for 'APU' is selected.
16:52:16 INFO  : Hardware design and registers information is loaded from '/home/dani/Desktop/SDU_Master/EmbeddedSystems/final_assignment/vitis_ide/cnn_project/export/cnn_project/hw/final_bitstream.xsa'.
16:52:16 INFO  : 'configparams force-mem-access 1' command is executed.
16:52:16 INFO  : Context for 'APU' is selected.
16:52:16 INFO  : Boot mode is read from the target.
16:52:16 INFO  : Context for processor 'psu_cortexa53_0' is selected.
16:52:16 INFO  : Processor reset is completed for 'psu_cortexa53_0'.
16:52:16 INFO  : The application '/home/dani/Desktop/SDU_Master/EmbeddedSystems/final_assignment/vitis_ide/cnn_project/export/cnn_project/sw/cnn_project/boot/fsbl.elf' is downloaded to processor 'psu_cortexa53_0'.
16:52:16 INFO  : 'set bp_52_16_fsbl_bp [bpadd -addr &XFsbl_Exit]' command is executed.
16:52:17 INFO  : 'con -block -timeout 60' command is executed.
16:52:17 INFO  : 'bpremove $bp_52_16_fsbl_bp' command is executed.
16:52:17 INFO  : Context for processor 'psu_cortexa53_0' is selected.
16:52:17 INFO  : Processor reset is completed for 'psu_cortexa53_0'.
16:52:18 INFO  : The application '/home/dani/Desktop/SDU_Master/EmbeddedSystems/final_assignment/vitis_ide/read_sd/Debug/read_sd.elf' is downloaded to processor 'psu_cortexa53_0'.
16:52:18 INFO  : 'configparams force-mem-access 0' command is executed.
16:52:18 INFO  : ----------------XSDB Script----------------
connect -url tcp:127.0.0.1:3121
source /home/dani/Xilinx/Vitis/2022.2/scripts/vitis/util/zynqmp_utils.tcl
targets -set -nocase -filter {name =~"APU*"}
rst -system
after 3000
targets -set -filter {jtag_cable_name =~ "Avnet USB-to-JTAG/UART Pod V1 1234-oj1A" && level==0 && jtag_device_ctx=="jsn-USB-to-JTAG/UART Pod V1-1234-oj1A-14710093-0"}
fpga -file /home/dani/Desktop/SDU_Master/EmbeddedSystems/final_assignment/vitis_ide/read_sd/_ide/bitstream/final_bitstream.bit
targets -set -nocase -filter {name =~"APU*"}
loadhw -hw /home/dani/Desktop/SDU_Master/EmbeddedSystems/final_assignment/vitis_ide/cnn_project/export/cnn_project/hw/final_bitstream.xsa -mem-ranges [list {0x80000000 0xbfffffff} {0x400000000 0x5ffffffff} {0x1000000000 0x7fffffffff}] -regs
configparams force-mem-access 1
targets -set -nocase -filter {name =~"APU*"}
set mode [expr [mrd -value 0xFF5E0200] & 0xf]
targets -set -nocase -filter {name =~ "*A53*#0"}
rst -processor
dow /home/dani/Desktop/SDU_Master/EmbeddedSystems/final_assignment/vitis_ide/cnn_project/export/cnn_project/sw/cnn_project/boot/fsbl.elf
set bp_52_16_fsbl_bp [bpadd -addr &XFsbl_Exit]
con -block -timeout 60
bpremove $bp_52_16_fsbl_bp
targets -set -nocase -filter {name =~ "*A53*#0"}
rst -processor
dow /home/dani/Desktop/SDU_Master/EmbeddedSystems/final_assignment/vitis_ide/read_sd/Debug/read_sd.elf
configparams force-mem-access 0
----------------End of Script----------------

16:52:18 INFO  : Context for processor 'psu_cortexa53_0' is selected.
16:52:18 INFO  : 'con' command is executed.
16:52:18 INFO  : ----------------XSDB Script (After Launch)----------------
targets -set -nocase -filter {name =~ "*A53*#0"}
con
----------------End of Script----------------

16:52:18 INFO  : Launch script is exported to file '/home/dani/Desktop/SDU_Master/EmbeddedSystems/final_assignment/vitis_ide/read_sd_system/_ide/scripts/systemdebugger_read_sd_system_standalone.tcl'
16:52:55 INFO  : Connected to target on host '127.0.0.1' and port '3121'.
16:52:55 INFO  : 'targets -set -filter {jtag_cable_name =~ "Avnet USB-to-JTAG/UART Pod V1 1234-oj1A" && level==0 && jtag_device_ctx=="jsn-USB-to-JTAG/UART Pod V1-1234-oj1A-14710093-0"}' command is executed.
16:52:58 INFO  : Device configured successfully with "/home/dani/Desktop/SDU_Master/EmbeddedSystems/final_assignment/vitis_ide/cnn_predict_application/_ide/bitstream/final_bitstream.bit"
16:53:12 INFO  : Disconnected from the channel tcfchan#32.
16:53:13 INFO  : Connected to target on host '127.0.0.1' and port '3121'.
16:53:22 INFO  : ----------------XSDB Script----------------
connect -url tcp:127.0.0.1:3121
----------------End of Script----------------

16:53:22 ERROR : Could not find ARM device on the board for connection 'Local'.
Check if the target is in:
1. Split JTAG - No operations are possible with ARM DAP.
2. Non JTAG bootmode - Bootrom may need time to enable DAP.
Please try again.


Troubleshooting hints:
1. Check whether board is connected to system properly.
2. In case of zynq board, check whether Digilent/Xilinx cable switch settings are correct.
3. If you are using Xilinx Platform Cable USB, ensure that status LED is green.
16:53:51 INFO  : Connected to target on host '127.0.0.1' and port '3121'.
16:53:51 INFO  : Jtag cable 'Avnet USB-to-JTAG/UART Pod V1 1234-oj1A' is selected.
16:53:51 INFO  : 'jtag frequency' command is executed.
16:53:51 INFO  : Sourcing of '/home/dani/Xilinx/Vitis/2022.2/scripts/vitis/util/zynqmp_utils.tcl' is done.
16:53:51 INFO  : Context for 'APU' is selected.
16:53:51 INFO  : System reset is completed.
16:53:54 INFO  : 'after 3000' command is executed.
16:53:54 INFO  : 'targets -set -filter {jtag_cable_name =~ "Avnet USB-to-JTAG/UART Pod V1 1234-oj1A" && level==0 && jtag_device_ctx=="jsn-USB-to-JTAG/UART Pod V1-1234-oj1A-14710093-0"}' command is executed.
16:53:57 INFO  : Device configured successfully with "/home/dani/Desktop/SDU_Master/EmbeddedSystems/final_assignment/vitis_ide/cnn_predict_application/_ide/bitstream/final_bitstream.bit"
16:53:57 INFO  : Context for 'APU' is selected.
16:53:57 INFO  : Hardware design and registers information is loaded from '/home/dani/Desktop/SDU_Master/EmbeddedSystems/final_assignment/vitis_ide/cnn_project/export/cnn_project/hw/final_bitstream.xsa'.
16:53:57 INFO  : 'configparams force-mem-access 1' command is executed.
16:53:57 INFO  : Context for 'APU' is selected.
16:53:57 INFO  : Boot mode is read from the target.
16:53:57 INFO  : Context for processor 'psu_cortexa53_0' is selected.
16:53:57 INFO  : Processor reset is completed for 'psu_cortexa53_0'.
16:53:58 INFO  : The application '/home/dani/Desktop/SDU_Master/EmbeddedSystems/final_assignment/vitis_ide/cnn_project/export/cnn_project/sw/cnn_project/boot/fsbl.elf' is downloaded to processor 'psu_cortexa53_0'.
16:53:58 INFO  : 'set bp_53_58_fsbl_bp [bpadd -addr &XFsbl_Exit]' command is executed.
16:53:59 INFO  : 'con -block -timeout 60' command is executed.
16:53:59 INFO  : 'bpremove $bp_53_58_fsbl_bp' command is executed.
16:53:59 INFO  : Context for processor 'psu_cortexa53_0' is selected.
16:53:59 INFO  : Processor reset is completed for 'psu_cortexa53_0'.
16:54:00 INFO  : The application '/home/dani/Desktop/SDU_Master/EmbeddedSystems/final_assignment/vitis_ide/cnn_predict_application/Debug/cnn_predict_application.elf' is downloaded to processor 'psu_cortexa53_0'.
16:54:00 INFO  : 'configparams force-mem-access 0' command is executed.
16:54:00 INFO  : ----------------XSDB Script----------------
connect -url tcp:127.0.0.1:3121
source /home/dani/Xilinx/Vitis/2022.2/scripts/vitis/util/zynqmp_utils.tcl
targets -set -nocase -filter {name =~"APU*"}
rst -system
after 3000
targets -set -filter {jtag_cable_name =~ "Avnet USB-to-JTAG/UART Pod V1 1234-oj1A" && level==0 && jtag_device_ctx=="jsn-USB-to-JTAG/UART Pod V1-1234-oj1A-14710093-0"}
fpga -file /home/dani/Desktop/SDU_Master/EmbeddedSystems/final_assignment/vitis_ide/cnn_predict_application/_ide/bitstream/final_bitstream.bit
targets -set -nocase -filter {name =~"APU*"}
loadhw -hw /home/dani/Desktop/SDU_Master/EmbeddedSystems/final_assignment/vitis_ide/cnn_project/export/cnn_project/hw/final_bitstream.xsa -mem-ranges [list {0x80000000 0xbfffffff} {0x400000000 0x5ffffffff} {0x1000000000 0x7fffffffff}] -regs
configparams force-mem-access 1
targets -set -nocase -filter {name =~"APU*"}
set mode [expr [mrd -value 0xFF5E0200] & 0xf]
targets -set -nocase -filter {name =~ "*A53*#0"}
rst -processor
dow /home/dani/Desktop/SDU_Master/EmbeddedSystems/final_assignment/vitis_ide/cnn_project/export/cnn_project/sw/cnn_project/boot/fsbl.elf
set bp_53_58_fsbl_bp [bpadd -addr &XFsbl_Exit]
con -block -timeout 60
bpremove $bp_53_58_fsbl_bp
targets -set -nocase -filter {name =~ "*A53*#0"}
rst -processor
dow /home/dani/Desktop/SDU_Master/EmbeddedSystems/final_assignment/vitis_ide/cnn_predict_application/Debug/cnn_predict_application.elf
configparams force-mem-access 0
----------------End of Script----------------

16:54:00 INFO  : Context for processor 'psu_cortexa53_0' is selected.
16:54:00 INFO  : 'con' command is executed.
16:54:00 INFO  : ----------------XSDB Script (After Launch)----------------
targets -set -nocase -filter {name =~ "*A53*#0"}
con
----------------End of Script----------------

16:54:00 INFO  : Launch script is exported to file '/home/dani/Desktop/SDU_Master/EmbeddedSystems/final_assignment/vitis_ide/cnn_predict_application_system/_ide/scripts/systemdebugger_cnn_predict_application_system_standalone.tcl'
16:54:23 INFO  : Disconnected from the channel tcfchan#33.
16:54:23 INFO  : Connected to target on host '127.0.0.1' and port '3121'.
16:54:23 INFO  : Jtag cable 'Avnet USB-to-JTAG/UART Pod V1 1234-oj1A' is selected.
16:54:23 INFO  : 'jtag frequency' command is executed.
16:54:23 INFO  : Sourcing of '/home/dani/Xilinx/Vitis/2022.2/scripts/vitis/util/zynqmp_utils.tcl' is done.
16:54:23 INFO  : Context for 'APU' is selected.
16:54:24 INFO  : System reset is completed.
16:54:27 INFO  : 'after 3000' command is executed.
16:54:27 INFO  : 'targets -set -filter {jtag_cable_name =~ "Avnet USB-to-JTAG/UART Pod V1 1234-oj1A" && level==0 && jtag_device_ctx=="jsn-USB-to-JTAG/UART Pod V1-1234-oj1A-14710093-0"}' command is executed.
16:54:30 INFO  : Device configured successfully with "/home/dani/Desktop/SDU_Master/EmbeddedSystems/final_assignment/vitis_ide/cnn_predict_application/_ide/bitstream/final_bitstream.bit"
16:54:30 INFO  : Context for 'APU' is selected.
16:54:30 INFO  : Hardware design and registers information is loaded from '/home/dani/Desktop/SDU_Master/EmbeddedSystems/final_assignment/vitis_ide/cnn_project/export/cnn_project/hw/final_bitstream.xsa'.
16:54:30 INFO  : 'configparams force-mem-access 1' command is executed.
16:54:30 INFO  : Context for 'APU' is selected.
16:54:30 INFO  : Boot mode is read from the target.
16:54:30 INFO  : Context for processor 'psu_cortexa53_0' is selected.
16:54:30 INFO  : Processor reset is completed for 'psu_cortexa53_0'.
16:54:30 INFO  : The application '/home/dani/Desktop/SDU_Master/EmbeddedSystems/final_assignment/vitis_ide/cnn_project/export/cnn_project/sw/cnn_project/boot/fsbl.elf' is downloaded to processor 'psu_cortexa53_0'.
16:54:30 INFO  : 'set bp_54_30_fsbl_bp [bpadd -addr &XFsbl_Exit]' command is executed.
16:54:31 INFO  : 'con -block -timeout 60' command is executed.
16:54:31 INFO  : 'bpremove $bp_54_30_fsbl_bp' command is executed.
16:54:31 INFO  : Context for processor 'psu_cortexa53_0' is selected.
16:54:31 INFO  : Processor reset is completed for 'psu_cortexa53_0'.
16:54:32 INFO  : The application '/home/dani/Desktop/SDU_Master/EmbeddedSystems/final_assignment/vitis_ide/cnn_predict_application/Debug/cnn_predict_application.elf' is downloaded to processor 'psu_cortexa53_0'.
16:54:32 INFO  : 'configparams force-mem-access 0' command is executed.
16:54:32 INFO  : ----------------XSDB Script----------------
connect -url tcp:127.0.0.1:3121
source /home/dani/Xilinx/Vitis/2022.2/scripts/vitis/util/zynqmp_utils.tcl
targets -set -nocase -filter {name =~"APU*"}
rst -system
after 3000
targets -set -filter {jtag_cable_name =~ "Avnet USB-to-JTAG/UART Pod V1 1234-oj1A" && level==0 && jtag_device_ctx=="jsn-USB-to-JTAG/UART Pod V1-1234-oj1A-14710093-0"}
fpga -file /home/dani/Desktop/SDU_Master/EmbeddedSystems/final_assignment/vitis_ide/cnn_predict_application/_ide/bitstream/final_bitstream.bit
targets -set -nocase -filter {name =~"APU*"}
loadhw -hw /home/dani/Desktop/SDU_Master/EmbeddedSystems/final_assignment/vitis_ide/cnn_project/export/cnn_project/hw/final_bitstream.xsa -mem-ranges [list {0x80000000 0xbfffffff} {0x400000000 0x5ffffffff} {0x1000000000 0x7fffffffff}] -regs
configparams force-mem-access 1
targets -set -nocase -filter {name =~"APU*"}
set mode [expr [mrd -value 0xFF5E0200] & 0xf]
targets -set -nocase -filter {name =~ "*A53*#0"}
rst -processor
dow /home/dani/Desktop/SDU_Master/EmbeddedSystems/final_assignment/vitis_ide/cnn_project/export/cnn_project/sw/cnn_project/boot/fsbl.elf
set bp_54_30_fsbl_bp [bpadd -addr &XFsbl_Exit]
con -block -timeout 60
bpremove $bp_54_30_fsbl_bp
targets -set -nocase -filter {name =~ "*A53*#0"}
rst -processor
dow /home/dani/Desktop/SDU_Master/EmbeddedSystems/final_assignment/vitis_ide/cnn_predict_application/Debug/cnn_predict_application.elf
configparams force-mem-access 0
----------------End of Script----------------

16:54:32 INFO  : Context for processor 'psu_cortexa53_0' is selected.
16:54:32 INFO  : 'con' command is executed.
16:54:32 INFO  : ----------------XSDB Script (After Launch)----------------
targets -set -nocase -filter {name =~ "*A53*#0"}
con
----------------End of Script----------------

16:54:32 INFO  : Launch script is exported to file '/home/dani/Desktop/SDU_Master/EmbeddedSystems/final_assignment/vitis_ide/cnn_predict_application_system/_ide/scripts/systemdebugger_cnn_predict_application_system_standalone.tcl'
16:55:30 INFO  : Checking for BSP changes to sync application flags for project 'cnn_predict_application'...
16:55:32 ERROR : (XSDB Server)readelf: Error: '/home/dani/Desktop/SDU_Master/EmbeddedSystems/final_assignment/vitis_ide/cnn_project/export/cnn_project/sw/fsbl.elf': No such file

16:55:40 INFO  : Disconnected from the channel tcfchan#34.
16:55:40 INFO  : Connected to target on host '127.0.0.1' and port '3121'.
16:55:40 INFO  : Jtag cable 'Avnet USB-to-JTAG/UART Pod V1 1234-oj1A' is selected.
16:55:40 INFO  : 'jtag frequency' command is executed.
16:55:40 INFO  : Sourcing of '/home/dani/Xilinx/Vitis/2022.2/scripts/vitis/util/zynqmp_utils.tcl' is done.
16:55:40 INFO  : Context for 'APU' is selected.
16:55:40 INFO  : System reset is completed.
16:55:43 INFO  : 'after 3000' command is executed.
16:55:44 INFO  : 'targets -set -filter {jtag_cable_name =~ "Avnet USB-to-JTAG/UART Pod V1 1234-oj1A" && level==0 && jtag_device_ctx=="jsn-USB-to-JTAG/UART Pod V1-1234-oj1A-14710093-0"}' command is executed.
16:55:47 INFO  : Device configured successfully with "/home/dani/Desktop/SDU_Master/EmbeddedSystems/final_assignment/vitis_ide/cnn_predict_application/_ide/bitstream/final_bitstream.bit"
16:55:47 INFO  : Context for 'APU' is selected.
16:55:47 INFO  : Hardware design and registers information is loaded from '/home/dani/Desktop/SDU_Master/EmbeddedSystems/final_assignment/vitis_ide/cnn_project/export/cnn_project/hw/final_bitstream.xsa'.
16:55:47 INFO  : 'configparams force-mem-access 1' command is executed.
16:55:47 INFO  : Context for 'APU' is selected.
16:55:47 INFO  : Boot mode is read from the target.
16:55:47 INFO  : Context for processor 'psu_cortexa53_0' is selected.
16:55:47 INFO  : Processor reset is completed for 'psu_cortexa53_0'.
16:55:47 INFO  : The application '/home/dani/Desktop/SDU_Master/EmbeddedSystems/final_assignment/vitis_ide/cnn_project/export/cnn_project/sw/cnn_project/boot/fsbl.elf' is downloaded to processor 'psu_cortexa53_0'.
16:55:47 INFO  : 'set bp_55_47_fsbl_bp [bpadd -addr &XFsbl_Exit]' command is executed.
16:55:48 INFO  : 'con -block -timeout 60' command is executed.
16:55:48 INFO  : 'bpremove $bp_55_47_fsbl_bp' command is executed.
16:55:48 INFO  : Context for processor 'psu_cortexa53_0' is selected.
16:55:48 INFO  : Processor reset is completed for 'psu_cortexa53_0'.
16:55:49 INFO  : The application '/home/dani/Desktop/SDU_Master/EmbeddedSystems/final_assignment/vitis_ide/cnn_predict_application/Debug/cnn_predict_application.elf' is downloaded to processor 'psu_cortexa53_0'.
16:55:49 INFO  : 'configparams force-mem-access 0' command is executed.
16:55:49 INFO  : ----------------XSDB Script----------------
connect -url tcp:127.0.0.1:3121
source /home/dani/Xilinx/Vitis/2022.2/scripts/vitis/util/zynqmp_utils.tcl
targets -set -nocase -filter {name =~"APU*"}
rst -system
after 3000
targets -set -filter {jtag_cable_name =~ "Avnet USB-to-JTAG/UART Pod V1 1234-oj1A" && level==0 && jtag_device_ctx=="jsn-USB-to-JTAG/UART Pod V1-1234-oj1A-14710093-0"}
fpga -file /home/dani/Desktop/SDU_Master/EmbeddedSystems/final_assignment/vitis_ide/cnn_predict_application/_ide/bitstream/final_bitstream.bit
targets -set -nocase -filter {name =~"APU*"}
loadhw -hw /home/dani/Desktop/SDU_Master/EmbeddedSystems/final_assignment/vitis_ide/cnn_project/export/cnn_project/hw/final_bitstream.xsa -mem-ranges [list {0x80000000 0xbfffffff} {0x400000000 0x5ffffffff} {0x1000000000 0x7fffffffff}] -regs
configparams force-mem-access 1
targets -set -nocase -filter {name =~"APU*"}
set mode [expr [mrd -value 0xFF5E0200] & 0xf]
targets -set -nocase -filter {name =~ "*A53*#0"}
rst -processor
dow /home/dani/Desktop/SDU_Master/EmbeddedSystems/final_assignment/vitis_ide/cnn_project/export/cnn_project/sw/cnn_project/boot/fsbl.elf
set bp_55_47_fsbl_bp [bpadd -addr &XFsbl_Exit]
con -block -timeout 60
bpremove $bp_55_47_fsbl_bp
targets -set -nocase -filter {name =~ "*A53*#0"}
rst -processor
dow /home/dani/Desktop/SDU_Master/EmbeddedSystems/final_assignment/vitis_ide/cnn_predict_application/Debug/cnn_predict_application.elf
configparams force-mem-access 0
----------------End of Script----------------

16:55:49 INFO  : Context for processor 'psu_cortexa53_0' is selected.
16:55:49 INFO  : 'con' command is executed.
16:55:49 INFO  : ----------------XSDB Script (After Launch)----------------
targets -set -nocase -filter {name =~ "*A53*#0"}
con
----------------End of Script----------------

16:55:49 INFO  : Launch script is exported to file '/home/dani/Desktop/SDU_Master/EmbeddedSystems/final_assignment/vitis_ide/cnn_predict_application_system/_ide/scripts/systemdebugger_cnn_predict_application_system_standalone.tcl'
16:59:40 INFO  : Checking for BSP changes to sync application flags for project 'cnn_predict_application'...
16:59:42 ERROR : (XSDB Server)readelf: Error: '/home/dani/Desktop/SDU_Master/EmbeddedSystems/final_assignment/vitis_ide/cnn_project/export/cnn_project/sw/fsbl.elf': No such file

17:00:11 INFO  : Disconnected from the channel tcfchan#36.
17:00:11 INFO  : Connected to target on host '127.0.0.1' and port '3121'.
17:00:12 INFO  : Jtag cable 'Avnet USB-to-JTAG/UART Pod V1 1234-oj1A' is selected.
17:00:12 INFO  : 'jtag frequency' command is executed.
17:00:12 INFO  : Sourcing of '/home/dani/Xilinx/Vitis/2022.2/scripts/vitis/util/zynqmp_utils.tcl' is done.
17:00:12 INFO  : Context for 'APU' is selected.
17:00:12 INFO  : System reset is completed.
17:00:15 INFO  : 'after 3000' command is executed.
17:00:15 INFO  : 'targets -set -filter {jtag_cable_name =~ "Avnet USB-to-JTAG/UART Pod V1 1234-oj1A" && level==0 && jtag_device_ctx=="jsn-USB-to-JTAG/UART Pod V1-1234-oj1A-14710093-0"}' command is executed.
17:00:18 INFO  : Device configured successfully with "/home/dani/Desktop/SDU_Master/EmbeddedSystems/final_assignment/vitis_ide/cnn_predict_application/_ide/bitstream/final_bitstream.bit"
17:00:18 INFO  : Context for 'APU' is selected.
17:00:18 INFO  : Hardware design and registers information is loaded from '/home/dani/Desktop/SDU_Master/EmbeddedSystems/final_assignment/vitis_ide/cnn_project/export/cnn_project/hw/final_bitstream.xsa'.
17:00:18 INFO  : 'configparams force-mem-access 1' command is executed.
17:00:18 INFO  : Context for 'APU' is selected.
17:00:18 INFO  : Boot mode is read from the target.
17:00:18 INFO  : Context for processor 'psu_cortexa53_0' is selected.
17:00:18 INFO  : Processor reset is completed for 'psu_cortexa53_0'.
17:00:19 INFO  : The application '/home/dani/Desktop/SDU_Master/EmbeddedSystems/final_assignment/vitis_ide/cnn_project/export/cnn_project/sw/cnn_project/boot/fsbl.elf' is downloaded to processor 'psu_cortexa53_0'.
17:00:19 INFO  : 'set bp_0_19_fsbl_bp [bpadd -addr &XFsbl_Exit]' command is executed.
17:00:20 INFO  : 'con -block -timeout 60' command is executed.
17:00:20 INFO  : 'bpremove $bp_0_19_fsbl_bp' command is executed.
17:00:20 INFO  : Context for processor 'psu_cortexa53_0' is selected.
17:00:20 INFO  : Processor reset is completed for 'psu_cortexa53_0'.
17:00:21 INFO  : The application '/home/dani/Desktop/SDU_Master/EmbeddedSystems/final_assignment/vitis_ide/cnn_predict_application/Debug/cnn_predict_application.elf' is downloaded to processor 'psu_cortexa53_0'.
17:00:21 INFO  : 'configparams force-mem-access 0' command is executed.
17:00:21 INFO  : ----------------XSDB Script----------------
connect -url tcp:127.0.0.1:3121
source /home/dani/Xilinx/Vitis/2022.2/scripts/vitis/util/zynqmp_utils.tcl
targets -set -nocase -filter {name =~"APU*"}
rst -system
after 3000
targets -set -filter {jtag_cable_name =~ "Avnet USB-to-JTAG/UART Pod V1 1234-oj1A" && level==0 && jtag_device_ctx=="jsn-USB-to-JTAG/UART Pod V1-1234-oj1A-14710093-0"}
fpga -file /home/dani/Desktop/SDU_Master/EmbeddedSystems/final_assignment/vitis_ide/cnn_predict_application/_ide/bitstream/final_bitstream.bit
targets -set -nocase -filter {name =~"APU*"}
loadhw -hw /home/dani/Desktop/SDU_Master/EmbeddedSystems/final_assignment/vitis_ide/cnn_project/export/cnn_project/hw/final_bitstream.xsa -mem-ranges [list {0x80000000 0xbfffffff} {0x400000000 0x5ffffffff} {0x1000000000 0x7fffffffff}] -regs
configparams force-mem-access 1
targets -set -nocase -filter {name =~"APU*"}
set mode [expr [mrd -value 0xFF5E0200] & 0xf]
targets -set -nocase -filter {name =~ "*A53*#0"}
rst -processor
dow /home/dani/Desktop/SDU_Master/EmbeddedSystems/final_assignment/vitis_ide/cnn_project/export/cnn_project/sw/cnn_project/boot/fsbl.elf
set bp_0_19_fsbl_bp [bpadd -addr &XFsbl_Exit]
con -block -timeout 60
bpremove $bp_0_19_fsbl_bp
targets -set -nocase -filter {name =~ "*A53*#0"}
rst -processor
dow /home/dani/Desktop/SDU_Master/EmbeddedSystems/final_assignment/vitis_ide/cnn_predict_application/Debug/cnn_predict_application.elf
configparams force-mem-access 0
----------------End of Script----------------

17:00:21 INFO  : Context for processor 'psu_cortexa53_0' is selected.
17:00:21 INFO  : 'con' command is executed.
17:00:21 INFO  : ----------------XSDB Script (After Launch)----------------
targets -set -nocase -filter {name =~ "*A53*#0"}
con
----------------End of Script----------------

17:00:21 INFO  : Launch script is exported to file '/home/dani/Desktop/SDU_Master/EmbeddedSystems/final_assignment/vitis_ide/cnn_predict_application_system/_ide/scripts/systemdebugger_cnn_predict_application_system_standalone.tcl'
17:07:16 INFO  : Checking for BSP changes to sync application flags for project 'cnn_predict_application'...
17:07:19 ERROR : (XSDB Server)readelf: Error: '/home/dani/Desktop/SDU_Master/EmbeddedSystems/final_assignment/vitis_ide/cnn_project/export/cnn_project/sw/fsbl.elf': No such file

17:07:31 INFO  : Disconnected from the channel tcfchan#38.
17:07:31 INFO  : Connected to target on host '127.0.0.1' and port '3121'.
17:07:31 INFO  : Jtag cable 'Avnet USB-to-JTAG/UART Pod V1 1234-oj1A' is selected.
17:07:31 INFO  : 'jtag frequency' command is executed.
17:07:31 INFO  : Sourcing of '/home/dani/Xilinx/Vitis/2022.2/scripts/vitis/util/zynqmp_utils.tcl' is done.
17:07:31 INFO  : Context for 'APU' is selected.
17:07:32 INFO  : System reset is completed.
17:07:35 INFO  : 'after 3000' command is executed.
17:07:35 INFO  : 'targets -set -filter {jtag_cable_name =~ "Avnet USB-to-JTAG/UART Pod V1 1234-oj1A" && level==0 && jtag_device_ctx=="jsn-USB-to-JTAG/UART Pod V1-1234-oj1A-14710093-0"}' command is executed.
17:07:38 INFO  : Device configured successfully with "/home/dani/Desktop/SDU_Master/EmbeddedSystems/final_assignment/vitis_ide/cnn_predict_application/_ide/bitstream/final_bitstream.bit"
17:07:38 INFO  : Context for 'APU' is selected.
17:07:38 INFO  : Hardware design and registers information is loaded from '/home/dani/Desktop/SDU_Master/EmbeddedSystems/final_assignment/vitis_ide/cnn_project/export/cnn_project/hw/final_bitstream.xsa'.
17:07:38 INFO  : 'configparams force-mem-access 1' command is executed.
17:07:38 INFO  : Context for 'APU' is selected.
17:07:38 INFO  : Boot mode is read from the target.
17:07:38 INFO  : Context for processor 'psu_cortexa53_0' is selected.
17:07:38 INFO  : Processor reset is completed for 'psu_cortexa53_0'.
17:07:38 INFO  : The application '/home/dani/Desktop/SDU_Master/EmbeddedSystems/final_assignment/vitis_ide/cnn_project/export/cnn_project/sw/cnn_project/boot/fsbl.elf' is downloaded to processor 'psu_cortexa53_0'.
17:07:38 INFO  : 'set bp_7_38_fsbl_bp [bpadd -addr &XFsbl_Exit]' command is executed.
17:07:39 INFO  : 'con -block -timeout 60' command is executed.
17:07:39 INFO  : 'bpremove $bp_7_38_fsbl_bp' command is executed.
17:07:39 INFO  : Context for processor 'psu_cortexa53_0' is selected.
17:07:39 INFO  : Processor reset is completed for 'psu_cortexa53_0'.
17:07:40 INFO  : The application '/home/dani/Desktop/SDU_Master/EmbeddedSystems/final_assignment/vitis_ide/cnn_predict_application/Debug/cnn_predict_application.elf' is downloaded to processor 'psu_cortexa53_0'.
17:07:40 INFO  : 'configparams force-mem-access 0' command is executed.
17:07:40 INFO  : ----------------XSDB Script----------------
connect -url tcp:127.0.0.1:3121
source /home/dani/Xilinx/Vitis/2022.2/scripts/vitis/util/zynqmp_utils.tcl
targets -set -nocase -filter {name =~"APU*"}
rst -system
after 3000
targets -set -filter {jtag_cable_name =~ "Avnet USB-to-JTAG/UART Pod V1 1234-oj1A" && level==0 && jtag_device_ctx=="jsn-USB-to-JTAG/UART Pod V1-1234-oj1A-14710093-0"}
fpga -file /home/dani/Desktop/SDU_Master/EmbeddedSystems/final_assignment/vitis_ide/cnn_predict_application/_ide/bitstream/final_bitstream.bit
targets -set -nocase -filter {name =~"APU*"}
loadhw -hw /home/dani/Desktop/SDU_Master/EmbeddedSystems/final_assignment/vitis_ide/cnn_project/export/cnn_project/hw/final_bitstream.xsa -mem-ranges [list {0x80000000 0xbfffffff} {0x400000000 0x5ffffffff} {0x1000000000 0x7fffffffff}] -regs
configparams force-mem-access 1
targets -set -nocase -filter {name =~"APU*"}
set mode [expr [mrd -value 0xFF5E0200] & 0xf]
targets -set -nocase -filter {name =~ "*A53*#0"}
rst -processor
dow /home/dani/Desktop/SDU_Master/EmbeddedSystems/final_assignment/vitis_ide/cnn_project/export/cnn_project/sw/cnn_project/boot/fsbl.elf
set bp_7_38_fsbl_bp [bpadd -addr &XFsbl_Exit]
con -block -timeout 60
bpremove $bp_7_38_fsbl_bp
targets -set -nocase -filter {name =~ "*A53*#0"}
rst -processor
dow /home/dani/Desktop/SDU_Master/EmbeddedSystems/final_assignment/vitis_ide/cnn_predict_application/Debug/cnn_predict_application.elf
configparams force-mem-access 0
----------------End of Script----------------

17:07:40 INFO  : Context for processor 'psu_cortexa53_0' is selected.
17:07:40 INFO  : 'con' command is executed.
17:07:40 INFO  : ----------------XSDB Script (After Launch)----------------
targets -set -nocase -filter {name =~ "*A53*#0"}
con
----------------End of Script----------------

17:07:40 INFO  : Launch script is exported to file '/home/dani/Desktop/SDU_Master/EmbeddedSystems/final_assignment/vitis_ide/cnn_predict_application_system/_ide/scripts/systemdebugger_cnn_predict_application_system_standalone.tcl'
17:09:59 INFO  : Checking for BSP changes to sync application flags for project 'cnn_predict_application'...
17:10:01 ERROR : (XSDB Server)readelf: Error: '/home/dani/Desktop/SDU_Master/EmbeddedSystems/final_assignment/vitis_ide/cnn_project/export/cnn_project/sw/fsbl.elf': No such file

17:11:27 INFO  : Checking for BSP changes to sync application flags for project 'cnn_predict_application'...
17:11:29 ERROR : (XSDB Server)readelf: Error: '/home/dani/Desktop/SDU_Master/EmbeddedSystems/final_assignment/vitis_ide/cnn_project/export/cnn_project/sw/fsbl.elf': No such file

17:11:37 INFO  : Disconnected from the channel tcfchan#40.
17:11:37 INFO  : Connected to target on host '127.0.0.1' and port '3121'.
17:11:37 INFO  : Jtag cable 'Avnet USB-to-JTAG/UART Pod V1 1234-oj1A' is selected.
17:11:37 INFO  : 'jtag frequency' command is executed.
17:11:37 INFO  : Sourcing of '/home/dani/Xilinx/Vitis/2022.2/scripts/vitis/util/zynqmp_utils.tcl' is done.
17:11:37 INFO  : Context for 'APU' is selected.
17:11:38 INFO  : System reset is completed.
17:11:41 INFO  : 'after 3000' command is executed.
17:11:41 INFO  : 'targets -set -filter {jtag_cable_name =~ "Avnet USB-to-JTAG/UART Pod V1 1234-oj1A" && level==0 && jtag_device_ctx=="jsn-USB-to-JTAG/UART Pod V1-1234-oj1A-14710093-0"}' command is executed.
17:11:44 INFO  : Device configured successfully with "/home/dani/Desktop/SDU_Master/EmbeddedSystems/final_assignment/vitis_ide/cnn_predict_application/_ide/bitstream/final_bitstream.bit"
17:11:44 INFO  : Context for 'APU' is selected.
17:11:44 INFO  : Hardware design and registers information is loaded from '/home/dani/Desktop/SDU_Master/EmbeddedSystems/final_assignment/vitis_ide/cnn_project/export/cnn_project/hw/final_bitstream.xsa'.
17:11:44 INFO  : 'configparams force-mem-access 1' command is executed.
17:11:44 INFO  : Context for 'APU' is selected.
17:11:44 INFO  : Boot mode is read from the target.
17:11:44 INFO  : Context for processor 'psu_cortexa53_0' is selected.
17:11:44 INFO  : Processor reset is completed for 'psu_cortexa53_0'.
17:11:44 INFO  : The application '/home/dani/Desktop/SDU_Master/EmbeddedSystems/final_assignment/vitis_ide/cnn_project/export/cnn_project/sw/cnn_project/boot/fsbl.elf' is downloaded to processor 'psu_cortexa53_0'.
17:11:44 INFO  : 'set bp_11_44_fsbl_bp [bpadd -addr &XFsbl_Exit]' command is executed.
17:11:45 INFO  : 'con -block -timeout 60' command is executed.
17:11:45 INFO  : 'bpremove $bp_11_44_fsbl_bp' command is executed.
17:11:45 INFO  : Context for processor 'psu_cortexa53_0' is selected.
17:11:45 INFO  : Processor reset is completed for 'psu_cortexa53_0'.
17:11:46 INFO  : The application '/home/dani/Desktop/SDU_Master/EmbeddedSystems/final_assignment/vitis_ide/cnn_predict_application/Debug/cnn_predict_application.elf' is downloaded to processor 'psu_cortexa53_0'.
17:11:46 INFO  : 'configparams force-mem-access 0' command is executed.
17:11:46 INFO  : ----------------XSDB Script----------------
connect -url tcp:127.0.0.1:3121
source /home/dani/Xilinx/Vitis/2022.2/scripts/vitis/util/zynqmp_utils.tcl
targets -set -nocase -filter {name =~"APU*"}
rst -system
after 3000
targets -set -filter {jtag_cable_name =~ "Avnet USB-to-JTAG/UART Pod V1 1234-oj1A" && level==0 && jtag_device_ctx=="jsn-USB-to-JTAG/UART Pod V1-1234-oj1A-14710093-0"}
fpga -file /home/dani/Desktop/SDU_Master/EmbeddedSystems/final_assignment/vitis_ide/cnn_predict_application/_ide/bitstream/final_bitstream.bit
targets -set -nocase -filter {name =~"APU*"}
loadhw -hw /home/dani/Desktop/SDU_Master/EmbeddedSystems/final_assignment/vitis_ide/cnn_project/export/cnn_project/hw/final_bitstream.xsa -mem-ranges [list {0x80000000 0xbfffffff} {0x400000000 0x5ffffffff} {0x1000000000 0x7fffffffff}] -regs
configparams force-mem-access 1
targets -set -nocase -filter {name =~"APU*"}
set mode [expr [mrd -value 0xFF5E0200] & 0xf]
targets -set -nocase -filter {name =~ "*A53*#0"}
rst -processor
dow /home/dani/Desktop/SDU_Master/EmbeddedSystems/final_assignment/vitis_ide/cnn_project/export/cnn_project/sw/cnn_project/boot/fsbl.elf
set bp_11_44_fsbl_bp [bpadd -addr &XFsbl_Exit]
con -block -timeout 60
bpremove $bp_11_44_fsbl_bp
targets -set -nocase -filter {name =~ "*A53*#0"}
rst -processor
dow /home/dani/Desktop/SDU_Master/EmbeddedSystems/final_assignment/vitis_ide/cnn_predict_application/Debug/cnn_predict_application.elf
configparams force-mem-access 0
----------------End of Script----------------

17:11:46 INFO  : Context for processor 'psu_cortexa53_0' is selected.
17:11:46 INFO  : 'con' command is executed.
17:11:46 INFO  : ----------------XSDB Script (After Launch)----------------
targets -set -nocase -filter {name =~ "*A53*#0"}
con
----------------End of Script----------------

17:11:46 INFO  : Launch script is exported to file '/home/dani/Desktop/SDU_Master/EmbeddedSystems/final_assignment/vitis_ide/cnn_predict_application_system/_ide/scripts/systemdebugger_cnn_predict_application_system_standalone.tcl'
17:17:39 INFO  : Disconnected from the channel tcfchan#43.
10:22:33 DEBUG : Logs will be stored at '/home/dani/Desktop/SDU_Master/EmbeddedSystems/final_assignment/vitis_ide/IDE.log'.
10:22:33 INFO  : Launching XSCT server: xsct -n  -interactive /home/dani/Desktop/SDU_Master/EmbeddedSystems/final_assignment/vitis_ide/temp_xsdb_launch_script.tcl
10:22:35 INFO  : Platform repository initialization has completed.
10:22:35 INFO  : Registering command handlers for Vitis TCF services
10:22:35 INFO  : XSCT server has started successfully.
10:22:36 INFO  : Successfully done setting XSCT server connection channel  
10:22:36 INFO  : plnx-install-location is set to ''
10:22:36 INFO  : Successfully done query RDI_DATADIR 
10:22:36 INFO  : Successfully done setting workspace for the tool. 
10:31:46 INFO  : Checking for BSP changes to sync application flags for project 'read_sd'...
10:31:50 INFO  : Updating application flags with new BSP settings...
10:31:51 INFO  : Successfully updated application flags for project read_sd.
10:31:53 ERROR : (XSDB Server)ERROR: [Hsi 55-1571] The design file /home/dani/Desktop/SDU_Master/EmbeddedSystems/final_assignment/vitis_ide/cnn_project/export/cnn_project/hw/final_bitstream.xsa is already opened

10:31:53 ERROR : (XSDB Server)readelf: Error: '/home/dani/Desktop/SDU_Master/EmbeddedSystems/final_assignment/vitis_ide/cnn_project/export/cnn_project/sw/fsbl.elf': No such file

10:32:05 INFO  : Connected to target on host '127.0.0.1' and port '3121'.
10:32:06 INFO  : 'targets -set -filter {jtag_cable_name =~ "Avnet USB-to-JTAG/UART Pod V1 1234-oj1A" && level==0 && jtag_device_ctx=="jsn-USB-to-JTAG/UART Pod V1-1234-oj1A-14710093-0"}' command is executed.
10:32:09 INFO  : Device configured successfully with "/home/dani/Desktop/SDU_Master/EmbeddedSystems/final_assignment/vitis_ide/read_sd/_ide/bitstream/final_bitstream.bit"
10:33:08 INFO  : Connected to target on host '127.0.0.1' and port '3121'.
10:33:08 INFO  : 'targets -set -filter {jtag_cable_name =~ "Avnet USB-to-JTAG/UART Pod V1 1234-oj1A" && level==0 && jtag_device_ctx=="jsn-USB-to-JTAG/UART Pod V1-1234-oj1A-14710093-0"}' command is executed.
10:33:11 INFO  : Device configured successfully with "/home/dani/Desktop/SDU_Master/EmbeddedSystems/final_assignment/vitis_ide/read_sd/_ide/bitstream/final_bitstream.bit"
10:33:18 INFO  : Connected to target on host '127.0.0.1' and port '3121'.
10:33:18 INFO  : Jtag cable 'Avnet USB-to-JTAG/UART Pod V1 1234-oj1A' is selected.
10:33:18 INFO  : 'jtag frequency' command is executed.
10:33:18 INFO  : Sourcing of '/home/dani/Xilinx/Vitis/2022.2/scripts/vitis/util/zynqmp_utils.tcl' is done.
10:33:18 INFO  : Context for 'APU' is selected.
10:33:18 INFO  : System reset is completed.
10:33:21 INFO  : 'after 3000' command is executed.
10:33:21 INFO  : 'targets -set -filter {jtag_cable_name =~ "Avnet USB-to-JTAG/UART Pod V1 1234-oj1A" && level==0 && jtag_device_ctx=="jsn-USB-to-JTAG/UART Pod V1-1234-oj1A-14710093-0"}' command is executed.
10:33:25 INFO  : Device configured successfully with "/home/dani/Desktop/SDU_Master/EmbeddedSystems/final_assignment/vitis_ide/cnn_predict_application/_ide/bitstream/final_bitstream.bit"
10:33:25 INFO  : Context for 'APU' is selected.
10:33:25 INFO  : Hardware design and registers information is loaded from '/home/dani/Desktop/SDU_Master/EmbeddedSystems/final_assignment/vitis_ide/cnn_project/export/cnn_project/hw/final_bitstream.xsa'.
10:33:25 INFO  : 'configparams force-mem-access 1' command is executed.
10:33:25 INFO  : Context for 'APU' is selected.
10:33:25 INFO  : Boot mode is read from the target.
10:33:25 INFO  : Context for processor 'psu_cortexa53_0' is selected.
10:33:25 INFO  : Processor reset is completed for 'psu_cortexa53_0'.
10:33:25 INFO  : The application '/home/dani/Desktop/SDU_Master/EmbeddedSystems/final_assignment/vitis_ide/cnn_project/export/cnn_project/sw/cnn_project/boot/fsbl.elf' is downloaded to processor 'psu_cortexa53_0'.
10:33:25 INFO  : 'set bp_33_25_fsbl_bp [bpadd -addr &XFsbl_Exit]' command is executed.
10:33:27 INFO  : 'con -block -timeout 60' command is executed.
10:33:27 INFO  : 'bpremove $bp_33_25_fsbl_bp' command is executed.
10:33:27 INFO  : Context for processor 'psu_cortexa53_0' is selected.
10:33:27 INFO  : Processor reset is completed for 'psu_cortexa53_0'.
10:33:27 INFO  : The application '/home/dani/Desktop/SDU_Master/EmbeddedSystems/final_assignment/vitis_ide/cnn_predict_application/Debug/cnn_predict_application.elf' is downloaded to processor 'psu_cortexa53_0'.
10:33:27 INFO  : 'configparams force-mem-access 0' command is executed.
10:33:27 INFO  : ----------------XSDB Script----------------
connect -url tcp:127.0.0.1:3121
source /home/dani/Xilinx/Vitis/2022.2/scripts/vitis/util/zynqmp_utils.tcl
targets -set -nocase -filter {name =~"APU*"}
rst -system
after 3000
targets -set -filter {jtag_cable_name =~ "Avnet USB-to-JTAG/UART Pod V1 1234-oj1A" && level==0 && jtag_device_ctx=="jsn-USB-to-JTAG/UART Pod V1-1234-oj1A-14710093-0"}
fpga -file /home/dani/Desktop/SDU_Master/EmbeddedSystems/final_assignment/vitis_ide/cnn_predict_application/_ide/bitstream/final_bitstream.bit
targets -set -nocase -filter {name =~"APU*"}
loadhw -hw /home/dani/Desktop/SDU_Master/EmbeddedSystems/final_assignment/vitis_ide/cnn_project/export/cnn_project/hw/final_bitstream.xsa -mem-ranges [list {0x80000000 0xbfffffff} {0x400000000 0x5ffffffff} {0x1000000000 0x7fffffffff}] -regs
configparams force-mem-access 1
targets -set -nocase -filter {name =~"APU*"}
set mode [expr [mrd -value 0xFF5E0200] & 0xf]
targets -set -nocase -filter {name =~ "*A53*#0"}
rst -processor
dow /home/dani/Desktop/SDU_Master/EmbeddedSystems/final_assignment/vitis_ide/cnn_project/export/cnn_project/sw/cnn_project/boot/fsbl.elf
set bp_33_25_fsbl_bp [bpadd -addr &XFsbl_Exit]
con -block -timeout 60
bpremove $bp_33_25_fsbl_bp
targets -set -nocase -filter {name =~ "*A53*#0"}
rst -processor
dow /home/dani/Desktop/SDU_Master/EmbeddedSystems/final_assignment/vitis_ide/cnn_predict_application/Debug/cnn_predict_application.elf
configparams force-mem-access 0
----------------End of Script----------------

10:33:27 INFO  : Context for processor 'psu_cortexa53_0' is selected.
10:33:27 INFO  : 'con' command is executed.
10:33:27 INFO  : ----------------XSDB Script (After Launch)----------------
targets -set -nocase -filter {name =~ "*A53*#0"}
con
----------------End of Script----------------

10:33:27 INFO  : Launch script is exported to file '/home/dani/Desktop/SDU_Master/EmbeddedSystems/final_assignment/vitis_ide/cnn_predict_application_system/_ide/scripts/systemdebugger_cnn_predict_application_system_standalone.tcl'
10:33:47 INFO  : Disconnected from the channel tcfchan#2.
10:33:48 INFO  : Connected to target on host '127.0.0.1' and port '3121'.
10:33:57 INFO  : ----------------XSDB Script----------------
connect -url tcp:127.0.0.1:3121
----------------End of Script----------------

10:33:57 ERROR : Could not find ARM device on the board for connection 'Local'.
Check if the target is in:
1. Split JTAG - No operations are possible with ARM DAP.
2. Non JTAG bootmode - Bootrom may need time to enable DAP.
Please try again.


Troubleshooting hints:
1. Check whether board is connected to system properly.
2. In case of zynq board, check whether Digilent/Xilinx cable switch settings are correct.
3. If you are using Xilinx Platform Cable USB, ensure that status LED is green.
10:34:22 INFO  : Connected to target on host '127.0.0.1' and port '3121'.
10:34:22 INFO  : 'targets -set -filter {jtag_cable_name =~ "Avnet USB-to-JTAG/UART Pod V1 1234-oj1A" && level==0 && jtag_device_ctx=="jsn-USB-to-JTAG/UART Pod V1-1234-oj1A-14710093-0"}' command is executed.
10:34:26 INFO  : Device configured successfully with "/home/dani/Desktop/SDU_Master/EmbeddedSystems/final_assignment/vitis_ide/read_sd/_ide/bitstream/final_bitstream.bit"
10:34:33 INFO  : Connected to target on host '127.0.0.1' and port '3121'.
10:34:33 INFO  : Jtag cable 'Avnet USB-to-JTAG/UART Pod V1 1234-oj1A' is selected.
10:34:33 INFO  : 'jtag frequency' command is executed.
10:34:33 INFO  : Sourcing of '/home/dani/Xilinx/Vitis/2022.2/scripts/vitis/util/zynqmp_utils.tcl' is done.
10:34:33 INFO  : Context for 'APU' is selected.
10:34:34 INFO  : System reset is completed.
10:34:37 INFO  : 'after 3000' command is executed.
10:34:37 INFO  : 'targets -set -filter {jtag_cable_name =~ "Avnet USB-to-JTAG/UART Pod V1 1234-oj1A" && level==0 && jtag_device_ctx=="jsn-USB-to-JTAG/UART Pod V1-1234-oj1A-14710093-0"}' command is executed.
10:34:40 INFO  : Device configured successfully with "/home/dani/Desktop/SDU_Master/EmbeddedSystems/final_assignment/vitis_ide/read_sd/_ide/bitstream/final_bitstream.bit"
10:34:40 INFO  : Context for 'APU' is selected.
10:34:40 INFO  : Hardware design and registers information is loaded from '/home/dani/Desktop/SDU_Master/EmbeddedSystems/final_assignment/vitis_ide/cnn_project/export/cnn_project/hw/final_bitstream.xsa'.
10:34:40 INFO  : 'configparams force-mem-access 1' command is executed.
10:34:40 INFO  : Context for 'APU' is selected.
10:34:40 INFO  : Boot mode is read from the target.
10:34:40 INFO  : Context for processor 'psu_cortexa53_0' is selected.
10:34:40 INFO  : Processor reset is completed for 'psu_cortexa53_0'.
10:34:41 INFO  : The application '/home/dani/Desktop/SDU_Master/EmbeddedSystems/final_assignment/vitis_ide/cnn_project/export/cnn_project/sw/cnn_project/boot/fsbl.elf' is downloaded to processor 'psu_cortexa53_0'.
10:34:41 INFO  : 'set bp_34_41_fsbl_bp [bpadd -addr &XFsbl_Exit]' command is executed.
10:34:42 INFO  : 'con -block -timeout 60' command is executed.
10:34:42 INFO  : 'bpremove $bp_34_41_fsbl_bp' command is executed.
10:34:42 INFO  : Context for processor 'psu_cortexa53_0' is selected.
10:34:42 INFO  : Processor reset is completed for 'psu_cortexa53_0'.
10:34:42 INFO  : The application '/home/dani/Desktop/SDU_Master/EmbeddedSystems/final_assignment/vitis_ide/read_sd/Debug/read_sd.elf' is downloaded to processor 'psu_cortexa53_0'.
10:34:42 INFO  : 'configparams force-mem-access 0' command is executed.
10:34:42 INFO  : ----------------XSDB Script----------------
connect -url tcp:127.0.0.1:3121
source /home/dani/Xilinx/Vitis/2022.2/scripts/vitis/util/zynqmp_utils.tcl
targets -set -nocase -filter {name =~"APU*"}
rst -system
after 3000
targets -set -filter {jtag_cable_name =~ "Avnet USB-to-JTAG/UART Pod V1 1234-oj1A" && level==0 && jtag_device_ctx=="jsn-USB-to-JTAG/UART Pod V1-1234-oj1A-14710093-0"}
fpga -file /home/dani/Desktop/SDU_Master/EmbeddedSystems/final_assignment/vitis_ide/read_sd/_ide/bitstream/final_bitstream.bit
targets -set -nocase -filter {name =~"APU*"}
loadhw -hw /home/dani/Desktop/SDU_Master/EmbeddedSystems/final_assignment/vitis_ide/cnn_project/export/cnn_project/hw/final_bitstream.xsa -mem-ranges [list {0x80000000 0xbfffffff} {0x400000000 0x5ffffffff} {0x1000000000 0x7fffffffff}] -regs
configparams force-mem-access 1
targets -set -nocase -filter {name =~"APU*"}
set mode [expr [mrd -value 0xFF5E0200] & 0xf]
targets -set -nocase -filter {name =~ "*A53*#0"}
rst -processor
dow /home/dani/Desktop/SDU_Master/EmbeddedSystems/final_assignment/vitis_ide/cnn_project/export/cnn_project/sw/cnn_project/boot/fsbl.elf
set bp_34_41_fsbl_bp [bpadd -addr &XFsbl_Exit]
con -block -timeout 60
bpremove $bp_34_41_fsbl_bp
targets -set -nocase -filter {name =~ "*A53*#0"}
rst -processor
dow /home/dani/Desktop/SDU_Master/EmbeddedSystems/final_assignment/vitis_ide/read_sd/Debug/read_sd.elf
configparams force-mem-access 0
----------------End of Script----------------

10:34:42 INFO  : Context for processor 'psu_cortexa53_0' is selected.
10:34:42 INFO  : 'con' command is executed.
10:34:42 INFO  : ----------------XSDB Script (After Launch)----------------
targets -set -nocase -filter {name =~ "*A53*#0"}
con
----------------End of Script----------------

10:34:42 INFO  : Launch script is exported to file '/home/dani/Desktop/SDU_Master/EmbeddedSystems/final_assignment/vitis_ide/read_sd_system/_ide/scripts/systemdebugger_read_sd_system_standalone.tcl'
10:53:46 INFO  : Checking for BSP changes to sync application flags for project 'cnn_predict_application'...
11:02:45 INFO  : Checking for BSP changes to sync application flags for project 'cnn_predict_application'...
11:02:59 INFO  : Checking for BSP changes to sync application flags for project 'cnn_predict_application'...
11:03:01 ERROR : (XSDB Server)ERROR: [Hsi 55-1571] The design file /home/dani/Desktop/SDU_Master/EmbeddedSystems/final_assignment/vitis_ide/cnn_project/export/cnn_project/hw/final_bitstream.xsa is already opened

11:03:01 ERROR : (XSDB Server)readelf: Error: '/home/dani/Desktop/SDU_Master/EmbeddedSystems/final_assignment/vitis_ide/cnn_project/export/cnn_project/sw/fsbl.elf': No such file

11:03:42 INFO  : Connected to target on host '127.0.0.1' and port '3121'.
11:03:42 INFO  : 'targets -set -filter {jtag_cable_name =~ "Avnet USB-to-JTAG/UART Pod V1 1234-oj1A" && level==0 && jtag_device_ctx=="jsn-USB-to-JTAG/UART Pod V1-1234-oj1A-14710093-0"}' command is executed.
11:03:46 INFO  : Device configured successfully with "/home/dani/Desktop/SDU_Master/EmbeddedSystems/final_assignment/vitis_ide/cnn_predict_application/_ide/bitstream/final_bitstream.bit"
11:03:55 INFO  : Disconnected from the channel tcfchan#3.
11:03:56 INFO  : Connected to target on host '127.0.0.1' and port '3121'.
11:04:05 INFO  : ----------------XSDB Script----------------
connect -url tcp:127.0.0.1:3121
----------------End of Script----------------

11:04:05 ERROR : Could not find ARM device on the board for connection 'Local'.
Check if the target is in:
1. Split JTAG - No operations are possible with ARM DAP.
2. Non JTAG bootmode - Bootrom may need time to enable DAP.
Please try again.


Troubleshooting hints:
1. Check whether board is connected to system properly.
2. In case of zynq board, check whether Digilent/Xilinx cable switch settings are correct.
3. If you are using Xilinx Platform Cable USB, ensure that status LED is green.
11:05:28 INFO  : Connected to target on host '127.0.0.1' and port '3121'.
11:05:28 INFO  : Jtag cable 'Avnet USB-to-JTAG/UART Pod V1 1234-oj1A' is selected.
11:05:28 INFO  : 'jtag frequency' command is executed.
11:05:28 INFO  : Sourcing of '/home/dani/Xilinx/Vitis/2022.2/scripts/vitis/util/zynqmp_utils.tcl' is done.
11:05:28 INFO  : Context for 'APU' is selected.
11:05:28 INFO  : System reset is completed.
11:05:31 INFO  : 'after 3000' command is executed.
11:05:31 INFO  : 'targets -set -filter {jtag_cable_name =~ "Avnet USB-to-JTAG/UART Pod V1 1234-oj1A" && level==0 && jtag_device_ctx=="jsn-USB-to-JTAG/UART Pod V1-1234-oj1A-14710093-0"}' command is executed.
11:05:34 INFO  : Device configured successfully with "/home/dani/Desktop/SDU_Master/EmbeddedSystems/final_assignment/vitis_ide/cnn_predict_application/_ide/bitstream/final_bitstream.bit"
11:05:34 INFO  : Context for 'APU' is selected.
11:05:39 INFO  : Hardware design and registers information is loaded from '/home/dani/Desktop/SDU_Master/EmbeddedSystems/final_assignment/vitis_ide/cnn_project/export/cnn_project/hw/final_bitstream.xsa'.
11:05:39 INFO  : 'configparams force-mem-access 1' command is executed.
11:05:39 INFO  : Context for 'APU' is selected.
11:05:39 INFO  : Boot mode is read from the target.
11:05:39 INFO  : Context for processor 'psu_cortexa53_0' is selected.
11:05:39 INFO  : Processor reset is completed for 'psu_cortexa53_0'.
11:05:40 INFO  : The application '/home/dani/Desktop/SDU_Master/EmbeddedSystems/final_assignment/vitis_ide/cnn_project/export/cnn_project/sw/cnn_project/boot/fsbl.elf' is downloaded to processor 'psu_cortexa53_0'.
11:05:40 INFO  : 'set bp_5_40_fsbl_bp [bpadd -addr &XFsbl_Exit]' command is executed.
11:05:41 INFO  : 'con -block -timeout 60' command is executed.
11:05:41 INFO  : 'bpremove $bp_5_40_fsbl_bp' command is executed.
11:05:41 INFO  : Context for processor 'psu_cortexa53_0' is selected.
11:05:41 INFO  : Processor reset is completed for 'psu_cortexa53_0'.
11:05:41 INFO  : The application '/home/dani/Desktop/SDU_Master/EmbeddedSystems/final_assignment/vitis_ide/cnn_predict_application/Debug/cnn_predict_application.elf' is downloaded to processor 'psu_cortexa53_0'.
11:05:41 INFO  : 'configparams force-mem-access 0' command is executed.
11:05:41 INFO  : ----------------XSDB Script----------------
connect -url tcp:127.0.0.1:3121
source /home/dani/Xilinx/Vitis/2022.2/scripts/vitis/util/zynqmp_utils.tcl
targets -set -nocase -filter {name =~"APU*"}
rst -system
after 3000
targets -set -filter {jtag_cable_name =~ "Avnet USB-to-JTAG/UART Pod V1 1234-oj1A" && level==0 && jtag_device_ctx=="jsn-USB-to-JTAG/UART Pod V1-1234-oj1A-14710093-0"}
fpga -file /home/dani/Desktop/SDU_Master/EmbeddedSystems/final_assignment/vitis_ide/cnn_predict_application/_ide/bitstream/final_bitstream.bit
targets -set -nocase -filter {name =~"APU*"}
loadhw -hw /home/dani/Desktop/SDU_Master/EmbeddedSystems/final_assignment/vitis_ide/cnn_project/export/cnn_project/hw/final_bitstream.xsa -mem-ranges [list {0x80000000 0xbfffffff} {0x400000000 0x5ffffffff} {0x1000000000 0x7fffffffff}] -regs
configparams force-mem-access 1
targets -set -nocase -filter {name =~"APU*"}
set mode [expr [mrd -value 0xFF5E0200] & 0xf]
targets -set -nocase -filter {name =~ "*A53*#0"}
rst -processor
dow /home/dani/Desktop/SDU_Master/EmbeddedSystems/final_assignment/vitis_ide/cnn_project/export/cnn_project/sw/cnn_project/boot/fsbl.elf
set bp_5_40_fsbl_bp [bpadd -addr &XFsbl_Exit]
con -block -timeout 60
bpremove $bp_5_40_fsbl_bp
targets -set -nocase -filter {name =~ "*A53*#0"}
rst -processor
dow /home/dani/Desktop/SDU_Master/EmbeddedSystems/final_assignment/vitis_ide/cnn_predict_application/Debug/cnn_predict_application.elf
configparams force-mem-access 0
----------------End of Script----------------

11:05:41 INFO  : Context for processor 'psu_cortexa53_0' is selected.
11:05:42 INFO  : 'con' command is executed.
11:05:42 INFO  : ----------------XSDB Script (After Launch)----------------
targets -set -nocase -filter {name =~ "*A53*#0"}
con
----------------End of Script----------------

11:05:42 INFO  : Launch script is exported to file '/home/dani/Desktop/SDU_Master/EmbeddedSystems/final_assignment/vitis_ide/cnn_predict_application_system/_ide/scripts/systemdebugger_cnn_predict_application_system_standalone.tcl'
11:06:34 INFO  : Disconnected from the channel tcfchan#5.
11:06:34 INFO  : Connected to target on host '127.0.0.1' and port '3121'.
11:06:34 INFO  : Jtag cable 'Avnet USB-to-JTAG/UART Pod V1 1234-oj1A' is selected.
11:06:34 INFO  : 'jtag frequency' command is executed.
11:06:34 INFO  : Sourcing of '/home/dani/Xilinx/Vitis/2022.2/scripts/vitis/util/zynqmp_utils.tcl' is done.
11:06:34 INFO  : Context for 'APU' is selected.
11:06:35 INFO  : System reset is completed.
11:06:38 INFO  : 'after 3000' command is executed.
11:06:38 INFO  : 'targets -set -filter {jtag_cable_name =~ "Avnet USB-to-JTAG/UART Pod V1 1234-oj1A" && level==0 && jtag_device_ctx=="jsn-USB-to-JTAG/UART Pod V1-1234-oj1A-14710093-0"}' command is executed.
11:06:41 INFO  : Device configured successfully with "/home/dani/Desktop/SDU_Master/EmbeddedSystems/final_assignment/vitis_ide/cnn_predict_application/_ide/bitstream/final_bitstream.bit"
11:06:41 INFO  : Context for 'APU' is selected.
11:06:45 INFO  : Hardware design and registers information is loaded from '/home/dani/Desktop/SDU_Master/EmbeddedSystems/final_assignment/vitis_ide/cnn_project/export/cnn_project/hw/final_bitstream.xsa'.
11:06:45 INFO  : 'configparams force-mem-access 1' command is executed.
11:06:45 INFO  : Context for 'APU' is selected.
11:06:45 INFO  : Boot mode is read from the target.
11:06:45 INFO  : Context for processor 'psu_cortexa53_0' is selected.
11:06:45 INFO  : Processor reset is completed for 'psu_cortexa53_0'.
11:06:46 INFO  : The application '/home/dani/Desktop/SDU_Master/EmbeddedSystems/final_assignment/vitis_ide/cnn_project/export/cnn_project/sw/cnn_project/boot/fsbl.elf' is downloaded to processor 'psu_cortexa53_0'.
11:06:46 INFO  : 'set bp_6_46_fsbl_bp [bpadd -addr &XFsbl_Exit]' command is executed.
11:06:47 INFO  : 'con -block -timeout 60' command is executed.
11:06:47 INFO  : 'bpremove $bp_6_46_fsbl_bp' command is executed.
11:06:47 INFO  : Context for processor 'psu_cortexa53_0' is selected.
11:06:47 INFO  : Processor reset is completed for 'psu_cortexa53_0'.
11:06:47 INFO  : The application '/home/dani/Desktop/SDU_Master/EmbeddedSystems/final_assignment/vitis_ide/cnn_predict_application/Debug/cnn_predict_application.elf' is downloaded to processor 'psu_cortexa53_0'.
11:06:47 INFO  : 'configparams force-mem-access 0' command is executed.
11:06:47 INFO  : ----------------XSDB Script----------------
connect -url tcp:127.0.0.1:3121
source /home/dani/Xilinx/Vitis/2022.2/scripts/vitis/util/zynqmp_utils.tcl
targets -set -nocase -filter {name =~"APU*"}
rst -system
after 3000
targets -set -filter {jtag_cable_name =~ "Avnet USB-to-JTAG/UART Pod V1 1234-oj1A" && level==0 && jtag_device_ctx=="jsn-USB-to-JTAG/UART Pod V1-1234-oj1A-14710093-0"}
fpga -file /home/dani/Desktop/SDU_Master/EmbeddedSystems/final_assignment/vitis_ide/cnn_predict_application/_ide/bitstream/final_bitstream.bit
targets -set -nocase -filter {name =~"APU*"}
loadhw -hw /home/dani/Desktop/SDU_Master/EmbeddedSystems/final_assignment/vitis_ide/cnn_project/export/cnn_project/hw/final_bitstream.xsa -mem-ranges [list {0x80000000 0xbfffffff} {0x400000000 0x5ffffffff} {0x1000000000 0x7fffffffff}] -regs
configparams force-mem-access 1
targets -set -nocase -filter {name =~"APU*"}
set mode [expr [mrd -value 0xFF5E0200] & 0xf]
targets -set -nocase -filter {name =~ "*A53*#0"}
rst -processor
dow /home/dani/Desktop/SDU_Master/EmbeddedSystems/final_assignment/vitis_ide/cnn_project/export/cnn_project/sw/cnn_project/boot/fsbl.elf
set bp_6_46_fsbl_bp [bpadd -addr &XFsbl_Exit]
con -block -timeout 60
bpremove $bp_6_46_fsbl_bp
targets -set -nocase -filter {name =~ "*A53*#0"}
rst -processor
dow /home/dani/Desktop/SDU_Master/EmbeddedSystems/final_assignment/vitis_ide/cnn_predict_application/Debug/cnn_predict_application.elf
configparams force-mem-access 0
----------------End of Script----------------

11:06:47 INFO  : Context for processor 'psu_cortexa53_0' is selected.
11:06:47 INFO  : 'con' command is executed.
11:06:47 INFO  : ----------------XSDB Script (After Launch)----------------
targets -set -nocase -filter {name =~ "*A53*#0"}
con
----------------End of Script----------------

11:06:47 INFO  : Launch script is exported to file '/home/dani/Desktop/SDU_Master/EmbeddedSystems/final_assignment/vitis_ide/cnn_predict_application_system/_ide/scripts/systemdebugger_cnn_predict_application_system_standalone.tcl'
11:14:42 INFO  : Checking for BSP changes to sync application flags for project 'cnn_predict_application'...
11:14:49 INFO  : Checking for BSP changes to sync application flags for project 'cnn_predict_application'...
11:14:51 ERROR : (XSDB Server)ERROR: [Hsi 55-1571] The design file /home/dani/Desktop/SDU_Master/EmbeddedSystems/final_assignment/vitis_ide/cnn_project/export/cnn_project/hw/final_bitstream.xsa is already opened

11:14:51 ERROR : (XSDB Server)readelf: Error: '/home/dani/Desktop/SDU_Master/EmbeddedSystems/final_assignment/vitis_ide/cnn_project/export/cnn_project/sw/fsbl.elf': No such file

11:15:07 INFO  : Connected to target on host '127.0.0.1' and port '3121'.
11:15:07 INFO  : 'targets -set -filter {jtag_cable_name =~ "Avnet USB-to-JTAG/UART Pod V1 1234-oj1A" && level==0 && jtag_device_ctx=="jsn-USB-to-JTAG/UART Pod V1-1234-oj1A-14710093-0"}' command is executed.
11:15:11 INFO  : Device configured successfully with "/home/dani/Desktop/SDU_Master/EmbeddedSystems/final_assignment/vitis_ide/cnn_predict_application/_ide/bitstream/final_bitstream.bit"
11:15:20 INFO  : Disconnected from the channel tcfchan#6.
11:15:20 INFO  : Connected to target on host '127.0.0.1' and port '3121'.
11:15:20 INFO  : Jtag cable 'Avnet USB-to-JTAG/UART Pod V1 1234-oj1A' is selected.
11:15:20 INFO  : 'jtag frequency' command is executed.
11:15:20 INFO  : Sourcing of '/home/dani/Xilinx/Vitis/2022.2/scripts/vitis/util/zynqmp_utils.tcl' is done.
11:15:20 INFO  : Context for 'APU' is selected.
11:15:21 INFO  : System reset is completed.
11:15:24 INFO  : 'after 3000' command is executed.
11:15:24 INFO  : 'targets -set -filter {jtag_cable_name =~ "Avnet USB-to-JTAG/UART Pod V1 1234-oj1A" && level==0 && jtag_device_ctx=="jsn-USB-to-JTAG/UART Pod V1-1234-oj1A-14710093-0"}' command is executed.
11:15:27 INFO  : Device configured successfully with "/home/dani/Desktop/SDU_Master/EmbeddedSystems/final_assignment/vitis_ide/cnn_predict_application/_ide/bitstream/final_bitstream.bit"
11:15:27 INFO  : Context for 'APU' is selected.
11:15:33 INFO  : Hardware design and registers information is loaded from '/home/dani/Desktop/SDU_Master/EmbeddedSystems/final_assignment/vitis_ide/cnn_project/export/cnn_project/hw/final_bitstream.xsa'.
11:15:33 INFO  : 'configparams force-mem-access 1' command is executed.
11:15:33 INFO  : Context for 'APU' is selected.
11:15:33 INFO  : Boot mode is read from the target.
11:15:33 INFO  : Context for processor 'psu_cortexa53_0' is selected.
11:15:33 INFO  : Processor reset is completed for 'psu_cortexa53_0'.
11:15:33 INFO  : The application '/home/dani/Desktop/SDU_Master/EmbeddedSystems/final_assignment/vitis_ide/cnn_project/export/cnn_project/sw/cnn_project/boot/fsbl.elf' is downloaded to processor 'psu_cortexa53_0'.
11:15:33 INFO  : 'set bp_15_33_fsbl_bp [bpadd -addr &XFsbl_Exit]' command is executed.
11:15:34 INFO  : 'con -block -timeout 60' command is executed.
11:15:35 INFO  : 'bpremove $bp_15_33_fsbl_bp' command is executed.
11:15:35 INFO  : Context for processor 'psu_cortexa53_0' is selected.
11:15:35 INFO  : Processor reset is completed for 'psu_cortexa53_0'.
11:15:35 INFO  : The application '/home/dani/Desktop/SDU_Master/EmbeddedSystems/final_assignment/vitis_ide/cnn_predict_application/Debug/cnn_predict_application.elf' is downloaded to processor 'psu_cortexa53_0'.
11:15:35 INFO  : 'configparams force-mem-access 0' command is executed.
11:15:35 INFO  : ----------------XSDB Script----------------
connect -url tcp:127.0.0.1:3121
source /home/dani/Xilinx/Vitis/2022.2/scripts/vitis/util/zynqmp_utils.tcl
targets -set -nocase -filter {name =~"APU*"}
rst -system
after 3000
targets -set -filter {jtag_cable_name =~ "Avnet USB-to-JTAG/UART Pod V1 1234-oj1A" && level==0 && jtag_device_ctx=="jsn-USB-to-JTAG/UART Pod V1-1234-oj1A-14710093-0"}
fpga -file /home/dani/Desktop/SDU_Master/EmbeddedSystems/final_assignment/vitis_ide/cnn_predict_application/_ide/bitstream/final_bitstream.bit
targets -set -nocase -filter {name =~"APU*"}
loadhw -hw /home/dani/Desktop/SDU_Master/EmbeddedSystems/final_assignment/vitis_ide/cnn_project/export/cnn_project/hw/final_bitstream.xsa -mem-ranges [list {0x80000000 0xbfffffff} {0x400000000 0x5ffffffff} {0x1000000000 0x7fffffffff}] -regs
configparams force-mem-access 1
targets -set -nocase -filter {name =~"APU*"}
set mode [expr [mrd -value 0xFF5E0200] & 0xf]
targets -set -nocase -filter {name =~ "*A53*#0"}
rst -processor
dow /home/dani/Desktop/SDU_Master/EmbeddedSystems/final_assignment/vitis_ide/cnn_project/export/cnn_project/sw/cnn_project/boot/fsbl.elf
set bp_15_33_fsbl_bp [bpadd -addr &XFsbl_Exit]
con -block -timeout 60
bpremove $bp_15_33_fsbl_bp
targets -set -nocase -filter {name =~ "*A53*#0"}
rst -processor
dow /home/dani/Desktop/SDU_Master/EmbeddedSystems/final_assignment/vitis_ide/cnn_predict_application/Debug/cnn_predict_application.elf
configparams force-mem-access 0
----------------End of Script----------------

11:15:35 INFO  : Context for processor 'psu_cortexa53_0' is selected.
11:15:35 INFO  : 'con' command is executed.
11:15:35 INFO  : ----------------XSDB Script (After Launch)----------------
targets -set -nocase -filter {name =~ "*A53*#0"}
con
----------------End of Script----------------

11:15:35 INFO  : Launch script is exported to file '/home/dani/Desktop/SDU_Master/EmbeddedSystems/final_assignment/vitis_ide/cnn_predict_application_system/_ide/scripts/systemdebugger_cnn_predict_application_system_standalone.tcl'
11:21:13 INFO  : Checking for BSP changes to sync application flags for project 'cnn_predict_application'...
11:21:15 ERROR : (XSDB Server)ERROR: [Hsi 55-1571] The design file /home/dani/Desktop/SDU_Master/EmbeddedSystems/final_assignment/vitis_ide/cnn_project/export/cnn_project/hw/final_bitstream.xsa is already opened

11:21:15 ERROR : (XSDB Server)readelf: Error: '/home/dani/Desktop/SDU_Master/EmbeddedSystems/final_assignment/vitis_ide/cnn_project/export/cnn_project/sw/fsbl.elf': No such file

11:22:06 INFO  : Disconnected from the channel tcfchan#8.
11:22:06 INFO  : Connected to target on host '127.0.0.1' and port '3121'.
11:22:06 INFO  : Jtag cable 'Avnet USB-to-JTAG/UART Pod V1 1234-oj1A' is selected.
11:22:06 INFO  : 'jtag frequency' command is executed.
11:22:06 INFO  : Sourcing of '/home/dani/Xilinx/Vitis/2022.2/scripts/vitis/util/zynqmp_utils.tcl' is done.
11:22:06 INFO  : Context for 'APU' is selected.
11:22:07 INFO  : System reset is completed.
11:22:10 INFO  : 'after 3000' command is executed.
11:22:10 INFO  : 'targets -set -filter {jtag_cable_name =~ "Avnet USB-to-JTAG/UART Pod V1 1234-oj1A" && level==0 && jtag_device_ctx=="jsn-USB-to-JTAG/UART Pod V1-1234-oj1A-14710093-0"}' command is executed.
11:22:13 INFO  : Device configured successfully with "/home/dani/Desktop/SDU_Master/EmbeddedSystems/final_assignment/vitis_ide/cnn_predict_application/_ide/bitstream/final_bitstream.bit"
11:22:13 INFO  : Context for 'APU' is selected.
11:22:18 INFO  : Hardware design and registers information is loaded from '/home/dani/Desktop/SDU_Master/EmbeddedSystems/final_assignment/vitis_ide/cnn_project/export/cnn_project/hw/final_bitstream.xsa'.
11:22:18 INFO  : 'configparams force-mem-access 1' command is executed.
11:22:18 INFO  : Context for 'APU' is selected.
11:22:18 INFO  : Boot mode is read from the target.
11:22:18 INFO  : Context for processor 'psu_cortexa53_0' is selected.
11:22:18 INFO  : Processor reset is completed for 'psu_cortexa53_0'.
11:22:19 INFO  : The application '/home/dani/Desktop/SDU_Master/EmbeddedSystems/final_assignment/vitis_ide/cnn_project/export/cnn_project/sw/cnn_project/boot/fsbl.elf' is downloaded to processor 'psu_cortexa53_0'.
11:22:19 INFO  : 'set bp_22_19_fsbl_bp [bpadd -addr &XFsbl_Exit]' command is executed.
11:22:20 INFO  : 'con -block -timeout 60' command is executed.
11:22:20 INFO  : 'bpremove $bp_22_19_fsbl_bp' command is executed.
11:22:20 INFO  : Context for processor 'psu_cortexa53_0' is selected.
11:22:20 INFO  : Processor reset is completed for 'psu_cortexa53_0'.
11:22:20 INFO  : The application '/home/dani/Desktop/SDU_Master/EmbeddedSystems/final_assignment/vitis_ide/cnn_predict_application/Debug/cnn_predict_application.elf' is downloaded to processor 'psu_cortexa53_0'.
11:22:20 INFO  : 'configparams force-mem-access 0' command is executed.
11:22:20 INFO  : ----------------XSDB Script----------------
connect -url tcp:127.0.0.1:3121
source /home/dani/Xilinx/Vitis/2022.2/scripts/vitis/util/zynqmp_utils.tcl
targets -set -nocase -filter {name =~"APU*"}
rst -system
after 3000
targets -set -filter {jtag_cable_name =~ "Avnet USB-to-JTAG/UART Pod V1 1234-oj1A" && level==0 && jtag_device_ctx=="jsn-USB-to-JTAG/UART Pod V1-1234-oj1A-14710093-0"}
fpga -file /home/dani/Desktop/SDU_Master/EmbeddedSystems/final_assignment/vitis_ide/cnn_predict_application/_ide/bitstream/final_bitstream.bit
targets -set -nocase -filter {name =~"APU*"}
loadhw -hw /home/dani/Desktop/SDU_Master/EmbeddedSystems/final_assignment/vitis_ide/cnn_project/export/cnn_project/hw/final_bitstream.xsa -mem-ranges [list {0x80000000 0xbfffffff} {0x400000000 0x5ffffffff} {0x1000000000 0x7fffffffff}] -regs
configparams force-mem-access 1
targets -set -nocase -filter {name =~"APU*"}
set mode [expr [mrd -value 0xFF5E0200] & 0xf]
targets -set -nocase -filter {name =~ "*A53*#0"}
rst -processor
dow /home/dani/Desktop/SDU_Master/EmbeddedSystems/final_assignment/vitis_ide/cnn_project/export/cnn_project/sw/cnn_project/boot/fsbl.elf
set bp_22_19_fsbl_bp [bpadd -addr &XFsbl_Exit]
con -block -timeout 60
bpremove $bp_22_19_fsbl_bp
targets -set -nocase -filter {name =~ "*A53*#0"}
rst -processor
dow /home/dani/Desktop/SDU_Master/EmbeddedSystems/final_assignment/vitis_ide/cnn_predict_application/Debug/cnn_predict_application.elf
configparams force-mem-access 0
----------------End of Script----------------

11:22:20 INFO  : Context for processor 'psu_cortexa53_0' is selected.
11:22:20 INFO  : 'con' command is executed.
11:22:20 INFO  : ----------------XSDB Script (After Launch)----------------
targets -set -nocase -filter {name =~ "*A53*#0"}
con
----------------End of Script----------------

11:22:20 INFO  : Launch script is exported to file '/home/dani/Desktop/SDU_Master/EmbeddedSystems/final_assignment/vitis_ide/cnn_predict_application_system/_ide/scripts/systemdebugger_cnn_predict_application_system_standalone.tcl'
11:24:16 INFO  : Disconnected from the channel tcfchan#10.
11:24:16 INFO  : Connected to target on host '127.0.0.1' and port '3121'.
11:24:16 INFO  : Jtag cable 'Avnet USB-to-JTAG/UART Pod V1 1234-oj1A' is selected.
11:24:16 INFO  : 'jtag frequency' command is executed.
11:24:16 INFO  : Sourcing of '/home/dani/Xilinx/Vitis/2022.2/scripts/vitis/util/zynqmp_utils.tcl' is done.
11:24:16 INFO  : Context for 'APU' is selected.
11:24:17 INFO  : System reset is completed.
11:24:20 INFO  : 'after 3000' command is executed.
11:24:20 INFO  : 'targets -set -filter {jtag_cable_name =~ "Avnet USB-to-JTAG/UART Pod V1 1234-oj1A" && level==0 && jtag_device_ctx=="jsn-USB-to-JTAG/UART Pod V1-1234-oj1A-14710093-0"}' command is executed.
11:24:23 INFO  : Device configured successfully with "/home/dani/Desktop/SDU_Master/EmbeddedSystems/final_assignment/vitis_ide/cnn_predict_application/_ide/bitstream/final_bitstream.bit"
11:24:23 INFO  : Context for 'APU' is selected.
11:24:27 INFO  : Hardware design and registers information is loaded from '/home/dani/Desktop/SDU_Master/EmbeddedSystems/final_assignment/vitis_ide/cnn_project/export/cnn_project/hw/final_bitstream.xsa'.
11:24:27 INFO  : 'configparams force-mem-access 1' command is executed.
11:24:27 INFO  : Context for 'APU' is selected.
11:24:27 INFO  : Boot mode is read from the target.
11:24:27 INFO  : Context for processor 'psu_cortexa53_0' is selected.
11:24:27 INFO  : Processor reset is completed for 'psu_cortexa53_0'.
11:24:27 INFO  : The application '/home/dani/Desktop/SDU_Master/EmbeddedSystems/final_assignment/vitis_ide/cnn_project/export/cnn_project/sw/cnn_project/boot/fsbl.elf' is downloaded to processor 'psu_cortexa53_0'.
11:24:27 INFO  : 'set bp_24_27_fsbl_bp [bpadd -addr &XFsbl_Exit]' command is executed.
11:24:28 INFO  : 'con -block -timeout 60' command is executed.
11:24:28 INFO  : 'bpremove $bp_24_27_fsbl_bp' command is executed.
11:24:28 INFO  : Context for processor 'psu_cortexa53_0' is selected.
11:24:28 INFO  : Processor reset is completed for 'psu_cortexa53_0'.
11:24:29 INFO  : The application '/home/dani/Desktop/SDU_Master/EmbeddedSystems/final_assignment/vitis_ide/cnn_predict_application/Debug/cnn_predict_application.elf' is downloaded to processor 'psu_cortexa53_0'.
11:24:29 INFO  : 'configparams force-mem-access 0' command is executed.
11:24:29 INFO  : ----------------XSDB Script----------------
connect -url tcp:127.0.0.1:3121
source /home/dani/Xilinx/Vitis/2022.2/scripts/vitis/util/zynqmp_utils.tcl
targets -set -nocase -filter {name =~"APU*"}
rst -system
after 3000
targets -set -filter {jtag_cable_name =~ "Avnet USB-to-JTAG/UART Pod V1 1234-oj1A" && level==0 && jtag_device_ctx=="jsn-USB-to-JTAG/UART Pod V1-1234-oj1A-14710093-0"}
fpga -file /home/dani/Desktop/SDU_Master/EmbeddedSystems/final_assignment/vitis_ide/cnn_predict_application/_ide/bitstream/final_bitstream.bit
targets -set -nocase -filter {name =~"APU*"}
loadhw -hw /home/dani/Desktop/SDU_Master/EmbeddedSystems/final_assignment/vitis_ide/cnn_project/export/cnn_project/hw/final_bitstream.xsa -mem-ranges [list {0x80000000 0xbfffffff} {0x400000000 0x5ffffffff} {0x1000000000 0x7fffffffff}] -regs
configparams force-mem-access 1
targets -set -nocase -filter {name =~"APU*"}
set mode [expr [mrd -value 0xFF5E0200] & 0xf]
targets -set -nocase -filter {name =~ "*A53*#0"}
rst -processor
dow /home/dani/Desktop/SDU_Master/EmbeddedSystems/final_assignment/vitis_ide/cnn_project/export/cnn_project/sw/cnn_project/boot/fsbl.elf
set bp_24_27_fsbl_bp [bpadd -addr &XFsbl_Exit]
con -block -timeout 60
bpremove $bp_24_27_fsbl_bp
targets -set -nocase -filter {name =~ "*A53*#0"}
rst -processor
dow /home/dani/Desktop/SDU_Master/EmbeddedSystems/final_assignment/vitis_ide/cnn_predict_application/Debug/cnn_predict_application.elf
configparams force-mem-access 0
----------------End of Script----------------

11:24:29 INFO  : Context for processor 'psu_cortexa53_0' is selected.
11:24:29 INFO  : 'con' command is executed.
11:24:29 INFO  : ----------------XSDB Script (After Launch)----------------
targets -set -nocase -filter {name =~ "*A53*#0"}
con
----------------End of Script----------------

11:24:29 INFO  : Launch script is exported to file '/home/dani/Desktop/SDU_Master/EmbeddedSystems/final_assignment/vitis_ide/cnn_predict_application_system/_ide/scripts/systemdebugger_cnn_predict_application_system_standalone.tcl'
11:24:40 INFO  : Checking for BSP changes to sync application flags for project 'cnn_predict_application'...
11:24:43 ERROR : (XSDB Server)ERROR: [Hsi 55-1571] The design file /home/dani/Desktop/SDU_Master/EmbeddedSystems/final_assignment/vitis_ide/cnn_project/export/cnn_project/hw/final_bitstream.xsa is already opened

11:24:43 ERROR : (XSDB Server)readelf: Error: '/home/dani/Desktop/SDU_Master/EmbeddedSystems/final_assignment/vitis_ide/cnn_project/export/cnn_project/sw/fsbl.elf': No such file

11:24:51 INFO  : Disconnected from the channel tcfchan#11.
11:24:51 INFO  : Connected to target on host '127.0.0.1' and port '3121'.
11:24:51 INFO  : Jtag cable 'Avnet USB-to-JTAG/UART Pod V1 1234-oj1A' is selected.
11:24:51 INFO  : 'jtag frequency' command is executed.
11:24:51 INFO  : Sourcing of '/home/dani/Xilinx/Vitis/2022.2/scripts/vitis/util/zynqmp_utils.tcl' is done.
11:24:51 INFO  : Context for 'APU' is selected.
11:24:52 INFO  : System reset is completed.
11:24:55 INFO  : 'after 3000' command is executed.
11:24:55 INFO  : 'targets -set -filter {jtag_cable_name =~ "Avnet USB-to-JTAG/UART Pod V1 1234-oj1A" && level==0 && jtag_device_ctx=="jsn-USB-to-JTAG/UART Pod V1-1234-oj1A-14710093-0"}' command is executed.
11:24:58 INFO  : Device configured successfully with "/home/dani/Desktop/SDU_Master/EmbeddedSystems/final_assignment/vitis_ide/cnn_predict_application/_ide/bitstream/final_bitstream.bit"
11:24:58 INFO  : Context for 'APU' is selected.
11:25:04 INFO  : Hardware design and registers information is loaded from '/home/dani/Desktop/SDU_Master/EmbeddedSystems/final_assignment/vitis_ide/cnn_project/export/cnn_project/hw/final_bitstream.xsa'.
11:25:04 INFO  : 'configparams force-mem-access 1' command is executed.
11:25:04 INFO  : Context for 'APU' is selected.
11:25:04 INFO  : Boot mode is read from the target.
11:25:04 INFO  : Context for processor 'psu_cortexa53_0' is selected.
11:25:04 INFO  : Processor reset is completed for 'psu_cortexa53_0'.
11:25:04 INFO  : The application '/home/dani/Desktop/SDU_Master/EmbeddedSystems/final_assignment/vitis_ide/cnn_project/export/cnn_project/sw/cnn_project/boot/fsbl.elf' is downloaded to processor 'psu_cortexa53_0'.
11:25:04 INFO  : 'set bp_25_4_fsbl_bp [bpadd -addr &XFsbl_Exit]' command is executed.
11:25:05 INFO  : 'con -block -timeout 60' command is executed.
11:25:05 INFO  : 'bpremove $bp_25_4_fsbl_bp' command is executed.
11:25:05 INFO  : Context for processor 'psu_cortexa53_0' is selected.
11:25:05 INFO  : Processor reset is completed for 'psu_cortexa53_0'.
11:25:06 INFO  : The application '/home/dani/Desktop/SDU_Master/EmbeddedSystems/final_assignment/vitis_ide/cnn_predict_application/Debug/cnn_predict_application.elf' is downloaded to processor 'psu_cortexa53_0'.
11:25:06 INFO  : 'configparams force-mem-access 0' command is executed.
11:25:06 INFO  : ----------------XSDB Script----------------
connect -url tcp:127.0.0.1:3121
source /home/dani/Xilinx/Vitis/2022.2/scripts/vitis/util/zynqmp_utils.tcl
targets -set -nocase -filter {name =~"APU*"}
rst -system
after 3000
targets -set -filter {jtag_cable_name =~ "Avnet USB-to-JTAG/UART Pod V1 1234-oj1A" && level==0 && jtag_device_ctx=="jsn-USB-to-JTAG/UART Pod V1-1234-oj1A-14710093-0"}
fpga -file /home/dani/Desktop/SDU_Master/EmbeddedSystems/final_assignment/vitis_ide/cnn_predict_application/_ide/bitstream/final_bitstream.bit
targets -set -nocase -filter {name =~"APU*"}
loadhw -hw /home/dani/Desktop/SDU_Master/EmbeddedSystems/final_assignment/vitis_ide/cnn_project/export/cnn_project/hw/final_bitstream.xsa -mem-ranges [list {0x80000000 0xbfffffff} {0x400000000 0x5ffffffff} {0x1000000000 0x7fffffffff}] -regs
configparams force-mem-access 1
targets -set -nocase -filter {name =~"APU*"}
set mode [expr [mrd -value 0xFF5E0200] & 0xf]
targets -set -nocase -filter {name =~ "*A53*#0"}
rst -processor
dow /home/dani/Desktop/SDU_Master/EmbeddedSystems/final_assignment/vitis_ide/cnn_project/export/cnn_project/sw/cnn_project/boot/fsbl.elf
set bp_25_4_fsbl_bp [bpadd -addr &XFsbl_Exit]
con -block -timeout 60
bpremove $bp_25_4_fsbl_bp
targets -set -nocase -filter {name =~ "*A53*#0"}
rst -processor
dow /home/dani/Desktop/SDU_Master/EmbeddedSystems/final_assignment/vitis_ide/cnn_predict_application/Debug/cnn_predict_application.elf
configparams force-mem-access 0
----------------End of Script----------------

11:25:06 INFO  : Context for processor 'psu_cortexa53_0' is selected.
11:25:06 INFO  : 'con' command is executed.
11:25:06 INFO  : ----------------XSDB Script (After Launch)----------------
targets -set -nocase -filter {name =~ "*A53*#0"}
con
----------------End of Script----------------

11:25:06 INFO  : Launch script is exported to file '/home/dani/Desktop/SDU_Master/EmbeddedSystems/final_assignment/vitis_ide/cnn_predict_application_system/_ide/scripts/systemdebugger_cnn_predict_application_system_standalone.tcl'
11:26:21 INFO  : Checking for BSP changes to sync application flags for project 'cnn_predict_application'...
11:26:24 ERROR : (XSDB Server)ERROR: [Hsi 55-1571] The design file /home/dani/Desktop/SDU_Master/EmbeddedSystems/final_assignment/vitis_ide/cnn_project/export/cnn_project/hw/final_bitstream.xsa is already opened

11:26:24 ERROR : (XSDB Server)readelf: Error: '/home/dani/Desktop/SDU_Master/EmbeddedSystems/final_assignment/vitis_ide/cnn_project/export/cnn_project/sw/fsbl.elf': No such file

11:26:36 INFO  : Disconnected from the channel tcfchan#13.
11:26:36 INFO  : Connected to target on host '127.0.0.1' and port '3121'.
11:26:36 INFO  : Jtag cable 'Avnet USB-to-JTAG/UART Pod V1 1234-oj1A' is selected.
11:26:36 INFO  : 'jtag frequency' command is executed.
11:26:36 INFO  : Sourcing of '/home/dani/Xilinx/Vitis/2022.2/scripts/vitis/util/zynqmp_utils.tcl' is done.
11:26:36 INFO  : Context for 'APU' is selected.
11:26:37 INFO  : System reset is completed.
11:26:40 INFO  : 'after 3000' command is executed.
11:26:40 INFO  : 'targets -set -filter {jtag_cable_name =~ "Avnet USB-to-JTAG/UART Pod V1 1234-oj1A" && level==0 && jtag_device_ctx=="jsn-USB-to-JTAG/UART Pod V1-1234-oj1A-14710093-0"}' command is executed.
11:26:43 INFO  : Device configured successfully with "/home/dani/Desktop/SDU_Master/EmbeddedSystems/final_assignment/vitis_ide/cnn_predict_application/_ide/bitstream/final_bitstream.bit"
11:26:43 INFO  : Context for 'APU' is selected.
11:26:48 INFO  : Hardware design and registers information is loaded from '/home/dani/Desktop/SDU_Master/EmbeddedSystems/final_assignment/vitis_ide/cnn_project/export/cnn_project/hw/final_bitstream.xsa'.
11:26:48 INFO  : 'configparams force-mem-access 1' command is executed.
11:26:48 INFO  : Context for 'APU' is selected.
11:26:48 INFO  : Boot mode is read from the target.
11:26:48 INFO  : Context for processor 'psu_cortexa53_0' is selected.
11:26:48 INFO  : Processor reset is completed for 'psu_cortexa53_0'.
11:26:49 INFO  : The application '/home/dani/Desktop/SDU_Master/EmbeddedSystems/final_assignment/vitis_ide/cnn_project/export/cnn_project/sw/cnn_project/boot/fsbl.elf' is downloaded to processor 'psu_cortexa53_0'.
11:26:49 INFO  : 'set bp_26_49_fsbl_bp [bpadd -addr &XFsbl_Exit]' command is executed.
11:26:50 INFO  : 'con -block -timeout 60' command is executed.
11:26:50 INFO  : 'bpremove $bp_26_49_fsbl_bp' command is executed.
11:26:50 INFO  : Context for processor 'psu_cortexa53_0' is selected.
11:26:50 INFO  : Processor reset is completed for 'psu_cortexa53_0'.
11:26:50 INFO  : The application '/home/dani/Desktop/SDU_Master/EmbeddedSystems/final_assignment/vitis_ide/cnn_predict_application/Debug/cnn_predict_application.elf' is downloaded to processor 'psu_cortexa53_0'.
11:26:50 INFO  : 'configparams force-mem-access 0' command is executed.
11:26:50 INFO  : ----------------XSDB Script----------------
connect -url tcp:127.0.0.1:3121
source /home/dani/Xilinx/Vitis/2022.2/scripts/vitis/util/zynqmp_utils.tcl
targets -set -nocase -filter {name =~"APU*"}
rst -system
after 3000
targets -set -filter {jtag_cable_name =~ "Avnet USB-to-JTAG/UART Pod V1 1234-oj1A" && level==0 && jtag_device_ctx=="jsn-USB-to-JTAG/UART Pod V1-1234-oj1A-14710093-0"}
fpga -file /home/dani/Desktop/SDU_Master/EmbeddedSystems/final_assignment/vitis_ide/cnn_predict_application/_ide/bitstream/final_bitstream.bit
targets -set -nocase -filter {name =~"APU*"}
loadhw -hw /home/dani/Desktop/SDU_Master/EmbeddedSystems/final_assignment/vitis_ide/cnn_project/export/cnn_project/hw/final_bitstream.xsa -mem-ranges [list {0x80000000 0xbfffffff} {0x400000000 0x5ffffffff} {0x1000000000 0x7fffffffff}] -regs
configparams force-mem-access 1
targets -set -nocase -filter {name =~"APU*"}
set mode [expr [mrd -value 0xFF5E0200] & 0xf]
targets -set -nocase -filter {name =~ "*A53*#0"}
rst -processor
dow /home/dani/Desktop/SDU_Master/EmbeddedSystems/final_assignment/vitis_ide/cnn_project/export/cnn_project/sw/cnn_project/boot/fsbl.elf
set bp_26_49_fsbl_bp [bpadd -addr &XFsbl_Exit]
con -block -timeout 60
bpremove $bp_26_49_fsbl_bp
targets -set -nocase -filter {name =~ "*A53*#0"}
rst -processor
dow /home/dani/Desktop/SDU_Master/EmbeddedSystems/final_assignment/vitis_ide/cnn_predict_application/Debug/cnn_predict_application.elf
configparams force-mem-access 0
----------------End of Script----------------

11:26:50 INFO  : Context for processor 'psu_cortexa53_0' is selected.
11:26:50 INFO  : 'con' command is executed.
11:26:50 INFO  : ----------------XSDB Script (After Launch)----------------
targets -set -nocase -filter {name =~ "*A53*#0"}
con
----------------End of Script----------------

11:26:50 INFO  : Launch script is exported to file '/home/dani/Desktop/SDU_Master/EmbeddedSystems/final_assignment/vitis_ide/cnn_predict_application_system/_ide/scripts/systemdebugger_cnn_predict_application_system_standalone.tcl'
11:38:49 INFO  : Checking for BSP changes to sync application flags for project 'cnn_predict_application'...
11:38:51 ERROR : (XSDB Server)ERROR: [Hsi 55-1571] The design file /home/dani/Desktop/SDU_Master/EmbeddedSystems/final_assignment/vitis_ide/cnn_project/export/cnn_project/hw/final_bitstream.xsa is already opened

11:38:51 ERROR : (XSDB Server)readelf: Error: '/home/dani/Desktop/SDU_Master/EmbeddedSystems/final_assignment/vitis_ide/cnn_project/export/cnn_project/sw/fsbl.elf': No such file

11:39:23 INFO  : Checking for BSP changes to sync application flags for project 'cnn_predict_application'...
11:39:25 ERROR : (XSDB Server)ERROR: [Hsi 55-1571] The design file /home/dani/Desktop/SDU_Master/EmbeddedSystems/final_assignment/vitis_ide/cnn_project/export/cnn_project/hw/final_bitstream.xsa is already opened

11:39:25 ERROR : (XSDB Server)readelf: Error: '/home/dani/Desktop/SDU_Master/EmbeddedSystems/final_assignment/vitis_ide/cnn_project/export/cnn_project/sw/fsbl.elf': No such file

11:39:34 INFO  : Disconnected from the channel tcfchan#15.
11:39:34 INFO  : Connected to target on host '127.0.0.1' and port '3121'.
11:39:34 INFO  : Jtag cable 'Avnet USB-to-JTAG/UART Pod V1 1234-oj1A' is selected.
11:39:34 INFO  : 'jtag frequency' command is executed.
11:39:34 INFO  : Sourcing of '/home/dani/Xilinx/Vitis/2022.2/scripts/vitis/util/zynqmp_utils.tcl' is done.
11:39:34 INFO  : Context for 'APU' is selected.
11:39:34 INFO  : System reset is completed.
11:39:37 INFO  : 'after 3000' command is executed.
11:39:38 INFO  : 'targets -set -filter {jtag_cable_name =~ "Avnet USB-to-JTAG/UART Pod V1 1234-oj1A" && level==0 && jtag_device_ctx=="jsn-USB-to-JTAG/UART Pod V1-1234-oj1A-14710093-0"}' command is executed.
11:39:41 INFO  : Device configured successfully with "/home/dani/Desktop/SDU_Master/EmbeddedSystems/final_assignment/vitis_ide/cnn_predict_application/_ide/bitstream/final_bitstream.bit"
11:39:41 INFO  : Context for 'APU' is selected.
11:39:46 INFO  : Hardware design and registers information is loaded from '/home/dani/Desktop/SDU_Master/EmbeddedSystems/final_assignment/vitis_ide/cnn_project/export/cnn_project/hw/final_bitstream.xsa'.
11:39:46 INFO  : 'configparams force-mem-access 1' command is executed.
11:39:46 INFO  : Context for 'APU' is selected.
11:39:46 INFO  : Boot mode is read from the target.
11:39:46 INFO  : Context for processor 'psu_cortexa53_0' is selected.
11:39:46 INFO  : Processor reset is completed for 'psu_cortexa53_0'.
11:39:47 INFO  : The application '/home/dani/Desktop/SDU_Master/EmbeddedSystems/final_assignment/vitis_ide/cnn_project/export/cnn_project/sw/cnn_project/boot/fsbl.elf' is downloaded to processor 'psu_cortexa53_0'.
11:39:47 INFO  : 'set bp_39_47_fsbl_bp [bpadd -addr &XFsbl_Exit]' command is executed.
11:39:48 INFO  : 'con -block -timeout 60' command is executed.
11:39:48 INFO  : 'bpremove $bp_39_47_fsbl_bp' command is executed.
11:39:48 INFO  : Context for processor 'psu_cortexa53_0' is selected.
11:39:48 INFO  : Processor reset is completed for 'psu_cortexa53_0'.
11:39:48 INFO  : The application '/home/dani/Desktop/SDU_Master/EmbeddedSystems/final_assignment/vitis_ide/cnn_predict_application/Debug/cnn_predict_application.elf' is downloaded to processor 'psu_cortexa53_0'.
11:39:48 INFO  : 'configparams force-mem-access 0' command is executed.
11:39:48 INFO  : ----------------XSDB Script----------------
connect -url tcp:127.0.0.1:3121
source /home/dani/Xilinx/Vitis/2022.2/scripts/vitis/util/zynqmp_utils.tcl
targets -set -nocase -filter {name =~"APU*"}
rst -system
after 3000
targets -set -filter {jtag_cable_name =~ "Avnet USB-to-JTAG/UART Pod V1 1234-oj1A" && level==0 && jtag_device_ctx=="jsn-USB-to-JTAG/UART Pod V1-1234-oj1A-14710093-0"}
fpga -file /home/dani/Desktop/SDU_Master/EmbeddedSystems/final_assignment/vitis_ide/cnn_predict_application/_ide/bitstream/final_bitstream.bit
targets -set -nocase -filter {name =~"APU*"}
loadhw -hw /home/dani/Desktop/SDU_Master/EmbeddedSystems/final_assignment/vitis_ide/cnn_project/export/cnn_project/hw/final_bitstream.xsa -mem-ranges [list {0x80000000 0xbfffffff} {0x400000000 0x5ffffffff} {0x1000000000 0x7fffffffff}] -regs
configparams force-mem-access 1
targets -set -nocase -filter {name =~"APU*"}
set mode [expr [mrd -value 0xFF5E0200] & 0xf]
targets -set -nocase -filter {name =~ "*A53*#0"}
rst -processor
dow /home/dani/Desktop/SDU_Master/EmbeddedSystems/final_assignment/vitis_ide/cnn_project/export/cnn_project/sw/cnn_project/boot/fsbl.elf
set bp_39_47_fsbl_bp [bpadd -addr &XFsbl_Exit]
con -block -timeout 60
bpremove $bp_39_47_fsbl_bp
targets -set -nocase -filter {name =~ "*A53*#0"}
rst -processor
dow /home/dani/Desktop/SDU_Master/EmbeddedSystems/final_assignment/vitis_ide/cnn_predict_application/Debug/cnn_predict_application.elf
configparams force-mem-access 0
----------------End of Script----------------

11:39:48 INFO  : Context for processor 'psu_cortexa53_0' is selected.
11:39:48 INFO  : 'con' command is executed.
11:39:48 INFO  : ----------------XSDB Script (After Launch)----------------
targets -set -nocase -filter {name =~ "*A53*#0"}
con
----------------End of Script----------------

11:39:48 INFO  : Launch script is exported to file '/home/dani/Desktop/SDU_Master/EmbeddedSystems/final_assignment/vitis_ide/cnn_predict_application_system/_ide/scripts/systemdebugger_cnn_predict_application_system_standalone.tcl'
11:41:19 INFO  : Checking for BSP changes to sync application flags for project 'cnn_predict_application'...
11:41:21 ERROR : (XSDB Server)ERROR: [Hsi 55-1571] The design file /home/dani/Desktop/SDU_Master/EmbeddedSystems/final_assignment/vitis_ide/cnn_project/export/cnn_project/hw/final_bitstream.xsa is already opened

11:41:21 ERROR : (XSDB Server)readelf: Error: '/home/dani/Desktop/SDU_Master/EmbeddedSystems/final_assignment/vitis_ide/cnn_project/export/cnn_project/sw/fsbl.elf': No such file

11:41:31 INFO  : Disconnected from the channel tcfchan#18.
11:41:31 INFO  : Connected to target on host '127.0.0.1' and port '3121'.
11:41:31 INFO  : Jtag cable 'Avnet USB-to-JTAG/UART Pod V1 1234-oj1A' is selected.
11:41:31 INFO  : 'jtag frequency' command is executed.
11:41:31 INFO  : Sourcing of '/home/dani/Xilinx/Vitis/2022.2/scripts/vitis/util/zynqmp_utils.tcl' is done.
11:41:31 INFO  : Context for 'APU' is selected.
11:41:32 INFO  : System reset is completed.
11:41:35 INFO  : 'after 3000' command is executed.
11:41:35 INFO  : 'targets -set -filter {jtag_cable_name =~ "Avnet USB-to-JTAG/UART Pod V1 1234-oj1A" && level==0 && jtag_device_ctx=="jsn-USB-to-JTAG/UART Pod V1-1234-oj1A-14710093-0"}' command is executed.
11:41:38 INFO  : Device configured successfully with "/home/dani/Desktop/SDU_Master/EmbeddedSystems/final_assignment/vitis_ide/cnn_predict_application/_ide/bitstream/final_bitstream.bit"
11:41:38 INFO  : Context for 'APU' is selected.
11:41:44 INFO  : Hardware design and registers information is loaded from '/home/dani/Desktop/SDU_Master/EmbeddedSystems/final_assignment/vitis_ide/cnn_project/export/cnn_project/hw/final_bitstream.xsa'.
11:41:44 INFO  : 'configparams force-mem-access 1' command is executed.
11:41:44 INFO  : Context for 'APU' is selected.
11:41:44 INFO  : Boot mode is read from the target.
11:41:44 INFO  : Context for processor 'psu_cortexa53_0' is selected.
11:41:44 INFO  : Processor reset is completed for 'psu_cortexa53_0'.
11:41:44 INFO  : The application '/home/dani/Desktop/SDU_Master/EmbeddedSystems/final_assignment/vitis_ide/cnn_project/export/cnn_project/sw/cnn_project/boot/fsbl.elf' is downloaded to processor 'psu_cortexa53_0'.
11:41:44 INFO  : 'set bp_41_44_fsbl_bp [bpadd -addr &XFsbl_Exit]' command is executed.
11:41:45 INFO  : 'con -block -timeout 60' command is executed.
11:41:45 INFO  : 'bpremove $bp_41_44_fsbl_bp' command is executed.
11:41:45 INFO  : Context for processor 'psu_cortexa53_0' is selected.
11:41:45 INFO  : Processor reset is completed for 'psu_cortexa53_0'.
11:41:46 INFO  : The application '/home/dani/Desktop/SDU_Master/EmbeddedSystems/final_assignment/vitis_ide/cnn_predict_application/Debug/cnn_predict_application.elf' is downloaded to processor 'psu_cortexa53_0'.
11:41:46 INFO  : 'configparams force-mem-access 0' command is executed.
11:41:46 INFO  : ----------------XSDB Script----------------
connect -url tcp:127.0.0.1:3121
source /home/dani/Xilinx/Vitis/2022.2/scripts/vitis/util/zynqmp_utils.tcl
targets -set -nocase -filter {name =~"APU*"}
rst -system
after 3000
targets -set -filter {jtag_cable_name =~ "Avnet USB-to-JTAG/UART Pod V1 1234-oj1A" && level==0 && jtag_device_ctx=="jsn-USB-to-JTAG/UART Pod V1-1234-oj1A-14710093-0"}
fpga -file /home/dani/Desktop/SDU_Master/EmbeddedSystems/final_assignment/vitis_ide/cnn_predict_application/_ide/bitstream/final_bitstream.bit
targets -set -nocase -filter {name =~"APU*"}
loadhw -hw /home/dani/Desktop/SDU_Master/EmbeddedSystems/final_assignment/vitis_ide/cnn_project/export/cnn_project/hw/final_bitstream.xsa -mem-ranges [list {0x80000000 0xbfffffff} {0x400000000 0x5ffffffff} {0x1000000000 0x7fffffffff}] -regs
configparams force-mem-access 1
targets -set -nocase -filter {name =~"APU*"}
set mode [expr [mrd -value 0xFF5E0200] & 0xf]
targets -set -nocase -filter {name =~ "*A53*#0"}
rst -processor
dow /home/dani/Desktop/SDU_Master/EmbeddedSystems/final_assignment/vitis_ide/cnn_project/export/cnn_project/sw/cnn_project/boot/fsbl.elf
set bp_41_44_fsbl_bp [bpadd -addr &XFsbl_Exit]
con -block -timeout 60
bpremove $bp_41_44_fsbl_bp
targets -set -nocase -filter {name =~ "*A53*#0"}
rst -processor
dow /home/dani/Desktop/SDU_Master/EmbeddedSystems/final_assignment/vitis_ide/cnn_predict_application/Debug/cnn_predict_application.elf
configparams force-mem-access 0
----------------End of Script----------------

11:41:46 INFO  : Context for processor 'psu_cortexa53_0' is selected.
11:41:46 INFO  : 'con' command is executed.
11:41:46 INFO  : ----------------XSDB Script (After Launch)----------------
targets -set -nocase -filter {name =~ "*A53*#0"}
con
----------------End of Script----------------

11:41:46 INFO  : Launch script is exported to file '/home/dani/Desktop/SDU_Master/EmbeddedSystems/final_assignment/vitis_ide/cnn_predict_application_system/_ide/scripts/systemdebugger_cnn_predict_application_system_standalone.tcl'
11:44:35 INFO  : Disconnected from the channel tcfchan#20.
12:53:29 DEBUG : Logs will be stored at '/home/dani/Desktop/SDU_Master/EmbeddedSystems/final_assignment/vitis_ide/IDE.log'.
12:53:29 INFO  : Launching XSCT server: xsct -n  -interactive /home/dani/Desktop/SDU_Master/EmbeddedSystems/final_assignment/vitis_ide/temp_xsdb_launch_script.tcl
12:53:31 INFO  : Platform repository initialization has completed.
12:53:31 INFO  : Registering command handlers for Vitis TCF services
12:53:31 INFO  : XSCT server has started successfully.
12:53:31 INFO  : Successfully done setting XSCT server connection channel  
12:53:31 INFO  : plnx-install-location is set to ''
12:53:32 INFO  : Successfully done setting workspace for the tool. 
12:53:32 INFO  : Successfully done query RDI_DATADIR 
12:54:33 INFO  : Connected to target on host '127.0.0.1' and port '3121'.
12:54:33 INFO  : 'targets -set -filter {jtag_cable_name =~ "Avnet USB-to-JTAG/UART Pod V1 1234-oj1A" && level==0 && jtag_device_ctx=="jsn-USB-to-JTAG/UART Pod V1-1234-oj1A-14710093-0"}' command is executed.
12:54:37 INFO  : Device configured successfully with "/home/dani/Desktop/SDU_Master/EmbeddedSystems/final_assignment/vitis_ide/cnn_predict_application/_ide/bitstream/final_bitstream.bit"
12:54:47 INFO  : Connected to target on host '127.0.0.1' and port '3121'.
12:54:47 INFO  : Jtag cable 'Avnet USB-to-JTAG/UART Pod V1 1234-oj1A' is selected.
12:54:47 INFO  : 'jtag frequency' command is executed.
12:54:47 INFO  : Sourcing of '/home/dani/Xilinx/Vitis/2022.2/scripts/vitis/util/zynqmp_utils.tcl' is done.
12:54:47 INFO  : Context for 'APU' is selected.
12:54:47 INFO  : System reset is completed.
12:54:50 INFO  : 'after 3000' command is executed.
12:54:50 INFO  : 'targets -set -filter {jtag_cable_name =~ "Avnet USB-to-JTAG/UART Pod V1 1234-oj1A" && level==0 && jtag_device_ctx=="jsn-USB-to-JTAG/UART Pod V1-1234-oj1A-14710093-0"}' command is executed.
12:54:54 INFO  : Device configured successfully with "/home/dani/Desktop/SDU_Master/EmbeddedSystems/final_assignment/vitis_ide/cnn_predict_application/_ide/bitstream/final_bitstream.bit"
12:54:54 INFO  : Context for 'APU' is selected.
12:54:54 INFO  : Hardware design and registers information is loaded from '/home/dani/Desktop/SDU_Master/EmbeddedSystems/final_assignment/vitis_ide/cnn_project/export/cnn_project/hw/final_bitstream.xsa'.
12:54:54 INFO  : 'configparams force-mem-access 1' command is executed.
12:54:54 INFO  : Context for 'APU' is selected.
12:54:54 INFO  : Boot mode is read from the target.
12:54:54 INFO  : Context for processor 'psu_cortexa53_0' is selected.
12:54:54 INFO  : Processor reset is completed for 'psu_cortexa53_0'.
12:54:54 INFO  : The application '/home/dani/Desktop/SDU_Master/EmbeddedSystems/final_assignment/vitis_ide/cnn_project/export/cnn_project/sw/cnn_project/boot/fsbl.elf' is downloaded to processor 'psu_cortexa53_0'.
12:54:54 INFO  : 'set bp_54_54_fsbl_bp [bpadd -addr &XFsbl_Exit]' command is executed.
12:54:55 INFO  : 'con -block -timeout 60' command is executed.
12:54:55 INFO  : 'bpremove $bp_54_54_fsbl_bp' command is executed.
12:54:56 INFO  : Context for processor 'psu_cortexa53_0' is selected.
12:54:56 INFO  : Processor reset is completed for 'psu_cortexa53_0'.
12:54:56 INFO  : The application '/home/dani/Desktop/SDU_Master/EmbeddedSystems/final_assignment/vitis_ide/cnn_predict_application/Debug/cnn_predict_application.elf' is downloaded to processor 'psu_cortexa53_0'.
12:54:56 INFO  : 'configparams force-mem-access 0' command is executed.
12:54:56 INFO  : ----------------XSDB Script----------------
connect -url tcp:127.0.0.1:3121
source /home/dani/Xilinx/Vitis/2022.2/scripts/vitis/util/zynqmp_utils.tcl
targets -set -nocase -filter {name =~"APU*"}
rst -system
after 3000
targets -set -filter {jtag_cable_name =~ "Avnet USB-to-JTAG/UART Pod V1 1234-oj1A" && level==0 && jtag_device_ctx=="jsn-USB-to-JTAG/UART Pod V1-1234-oj1A-14710093-0"}
fpga -file /home/dani/Desktop/SDU_Master/EmbeddedSystems/final_assignment/vitis_ide/cnn_predict_application/_ide/bitstream/final_bitstream.bit
targets -set -nocase -filter {name =~"APU*"}
loadhw -hw /home/dani/Desktop/SDU_Master/EmbeddedSystems/final_assignment/vitis_ide/cnn_project/export/cnn_project/hw/final_bitstream.xsa -mem-ranges [list {0x80000000 0xbfffffff} {0x400000000 0x5ffffffff} {0x1000000000 0x7fffffffff}] -regs
configparams force-mem-access 1
targets -set -nocase -filter {name =~"APU*"}
set mode [expr [mrd -value 0xFF5E0200] & 0xf]
targets -set -nocase -filter {name =~ "*A53*#0"}
rst -processor
dow /home/dani/Desktop/SDU_Master/EmbeddedSystems/final_assignment/vitis_ide/cnn_project/export/cnn_project/sw/cnn_project/boot/fsbl.elf
set bp_54_54_fsbl_bp [bpadd -addr &XFsbl_Exit]
con -block -timeout 60
bpremove $bp_54_54_fsbl_bp
targets -set -nocase -filter {name =~ "*A53*#0"}
rst -processor
dow /home/dani/Desktop/SDU_Master/EmbeddedSystems/final_assignment/vitis_ide/cnn_predict_application/Debug/cnn_predict_application.elf
configparams force-mem-access 0
----------------End of Script----------------

12:54:56 INFO  : Context for processor 'psu_cortexa53_0' is selected.
12:54:56 INFO  : 'con' command is executed.
12:54:56 INFO  : ----------------XSDB Script (After Launch)----------------
targets -set -nocase -filter {name =~ "*A53*#0"}
con
----------------End of Script----------------

12:54:56 INFO  : Launch script is exported to file '/home/dani/Desktop/SDU_Master/EmbeddedSystems/final_assignment/vitis_ide/cnn_predict_application_system/_ide/scripts/systemdebugger_cnn_predict_application_system_standalone.tcl'
13:03:23 INFO  : Checking for BSP changes to sync application flags for project 'cnn_predict_application'...
13:03:25 ERROR : (XSDB Server)ERROR: [Hsi 55-1571] The design file /home/dani/Desktop/SDU_Master/EmbeddedSystems/final_assignment/vitis_ide/cnn_project/export/cnn_project/hw/final_bitstream.xsa is already opened

13:03:25 ERROR : (XSDB Server)readelf: Error: '/home/dani/Desktop/SDU_Master/EmbeddedSystems/final_assignment/vitis_ide/cnn_project/export/cnn_project/sw/fsbl.elf': No such file

13:03:43 INFO  : Disconnected from the channel tcfchan#1.
13:03:43 INFO  : Connected to target on host '127.0.0.1' and port '3121'.
13:03:43 INFO  : Jtag cable 'Avnet USB-to-JTAG/UART Pod V1 1234-oj1A' is selected.
13:03:43 INFO  : 'jtag frequency' command is executed.
13:03:43 INFO  : Sourcing of '/home/dani/Xilinx/Vitis/2022.2/scripts/vitis/util/zynqmp_utils.tcl' is done.
13:03:43 INFO  : Context for 'APU' is selected.
13:03:43 INFO  : System reset is completed.
13:03:46 INFO  : 'after 3000' command is executed.
13:03:46 INFO  : 'targets -set -filter {jtag_cable_name =~ "Avnet USB-to-JTAG/UART Pod V1 1234-oj1A" && level==0 && jtag_device_ctx=="jsn-USB-to-JTAG/UART Pod V1-1234-oj1A-14710093-0"}' command is executed.
13:03:50 INFO  : Device configured successfully with "/home/dani/Desktop/SDU_Master/EmbeddedSystems/final_assignment/vitis_ide/cnn_predict_application/_ide/bitstream/final_bitstream.bit"
13:03:50 INFO  : Context for 'APU' is selected.
13:03:54 INFO  : Hardware design and registers information is loaded from '/home/dani/Desktop/SDU_Master/EmbeddedSystems/final_assignment/vitis_ide/cnn_project/export/cnn_project/hw/final_bitstream.xsa'.
13:03:54 INFO  : 'configparams force-mem-access 1' command is executed.
13:03:54 INFO  : Context for 'APU' is selected.
13:03:54 INFO  : Boot mode is read from the target.
13:03:54 INFO  : Context for processor 'psu_cortexa53_0' is selected.
13:03:54 INFO  : Processor reset is completed for 'psu_cortexa53_0'.
13:03:55 INFO  : The application '/home/dani/Desktop/SDU_Master/EmbeddedSystems/final_assignment/vitis_ide/cnn_project/export/cnn_project/sw/cnn_project/boot/fsbl.elf' is downloaded to processor 'psu_cortexa53_0'.
13:03:55 INFO  : 'set bp_3_55_fsbl_bp [bpadd -addr &XFsbl_Exit]' command is executed.
13:03:56 INFO  : 'con -block -timeout 60' command is executed.
13:03:56 INFO  : 'bpremove $bp_3_55_fsbl_bp' command is executed.
13:03:56 INFO  : Context for processor 'psu_cortexa53_0' is selected.
13:03:56 INFO  : Processor reset is completed for 'psu_cortexa53_0'.
13:03:56 INFO  : The application '/home/dani/Desktop/SDU_Master/EmbeddedSystems/final_assignment/vitis_ide/cnn_predict_application/Debug/cnn_predict_application.elf' is downloaded to processor 'psu_cortexa53_0'.
13:03:56 INFO  : 'configparams force-mem-access 0' command is executed.
13:03:56 INFO  : ----------------XSDB Script----------------
connect -url tcp:127.0.0.1:3121
source /home/dani/Xilinx/Vitis/2022.2/scripts/vitis/util/zynqmp_utils.tcl
targets -set -nocase -filter {name =~"APU*"}
rst -system
after 3000
targets -set -filter {jtag_cable_name =~ "Avnet USB-to-JTAG/UART Pod V1 1234-oj1A" && level==0 && jtag_device_ctx=="jsn-USB-to-JTAG/UART Pod V1-1234-oj1A-14710093-0"}
fpga -file /home/dani/Desktop/SDU_Master/EmbeddedSystems/final_assignment/vitis_ide/cnn_predict_application/_ide/bitstream/final_bitstream.bit
targets -set -nocase -filter {name =~"APU*"}
loadhw -hw /home/dani/Desktop/SDU_Master/EmbeddedSystems/final_assignment/vitis_ide/cnn_project/export/cnn_project/hw/final_bitstream.xsa -mem-ranges [list {0x80000000 0xbfffffff} {0x400000000 0x5ffffffff} {0x1000000000 0x7fffffffff}] -regs
configparams force-mem-access 1
targets -set -nocase -filter {name =~"APU*"}
set mode [expr [mrd -value 0xFF5E0200] & 0xf]
targets -set -nocase -filter {name =~ "*A53*#0"}
rst -processor
dow /home/dani/Desktop/SDU_Master/EmbeddedSystems/final_assignment/vitis_ide/cnn_project/export/cnn_project/sw/cnn_project/boot/fsbl.elf
set bp_3_55_fsbl_bp [bpadd -addr &XFsbl_Exit]
con -block -timeout 60
bpremove $bp_3_55_fsbl_bp
targets -set -nocase -filter {name =~ "*A53*#0"}
rst -processor
dow /home/dani/Desktop/SDU_Master/EmbeddedSystems/final_assignment/vitis_ide/cnn_predict_application/Debug/cnn_predict_application.elf
configparams force-mem-access 0
----------------End of Script----------------

13:03:56 INFO  : Context for processor 'psu_cortexa53_0' is selected.
13:03:56 INFO  : 'con' command is executed.
13:03:56 INFO  : ----------------XSDB Script (After Launch)----------------
targets -set -nocase -filter {name =~ "*A53*#0"}
con
----------------End of Script----------------

13:03:56 INFO  : Launch script is exported to file '/home/dani/Desktop/SDU_Master/EmbeddedSystems/final_assignment/vitis_ide/cnn_predict_application_system/_ide/scripts/systemdebugger_cnn_predict_application_system_standalone.tcl'
13:04:35 INFO  : Checking for BSP changes to sync application flags for project 'cnn_predict_application'...
13:04:37 ERROR : (XSDB Server)ERROR: [Hsi 55-1571] The design file /home/dani/Desktop/SDU_Master/EmbeddedSystems/final_assignment/vitis_ide/cnn_project/export/cnn_project/hw/final_bitstream.xsa is already opened

13:04:37 ERROR : (XSDB Server)readelf: Error: '/home/dani/Desktop/SDU_Master/EmbeddedSystems/final_assignment/vitis_ide/cnn_project/export/cnn_project/sw/fsbl.elf': No such file

13:04:44 INFO  : Disconnected from the channel tcfchan#3.
13:04:44 INFO  : Connected to target on host '127.0.0.1' and port '3121'.
13:04:44 INFO  : Jtag cable 'Avnet USB-to-JTAG/UART Pod V1 1234-oj1A' is selected.
13:04:44 INFO  : 'jtag frequency' command is executed.
13:04:44 INFO  : Sourcing of '/home/dani/Xilinx/Vitis/2022.2/scripts/vitis/util/zynqmp_utils.tcl' is done.
13:04:44 INFO  : Context for 'APU' is selected.
13:04:44 INFO  : System reset is completed.
13:04:47 INFO  : 'after 3000' command is executed.
13:04:47 INFO  : 'targets -set -filter {jtag_cable_name =~ "Avnet USB-to-JTAG/UART Pod V1 1234-oj1A" && level==0 && jtag_device_ctx=="jsn-USB-to-JTAG/UART Pod V1-1234-oj1A-14710093-0"}' command is executed.
13:04:51 INFO  : Device configured successfully with "/home/dani/Desktop/SDU_Master/EmbeddedSystems/final_assignment/vitis_ide/cnn_predict_application/_ide/bitstream/final_bitstream.bit"
13:04:51 INFO  : Context for 'APU' is selected.
13:04:55 INFO  : Hardware design and registers information is loaded from '/home/dani/Desktop/SDU_Master/EmbeddedSystems/final_assignment/vitis_ide/cnn_project/export/cnn_project/hw/final_bitstream.xsa'.
13:04:55 INFO  : 'configparams force-mem-access 1' command is executed.
13:04:55 INFO  : Context for 'APU' is selected.
13:04:55 INFO  : Boot mode is read from the target.
13:04:55 INFO  : Context for processor 'psu_cortexa53_0' is selected.
13:04:55 INFO  : Processor reset is completed for 'psu_cortexa53_0'.
13:04:56 INFO  : The application '/home/dani/Desktop/SDU_Master/EmbeddedSystems/final_assignment/vitis_ide/cnn_project/export/cnn_project/sw/cnn_project/boot/fsbl.elf' is downloaded to processor 'psu_cortexa53_0'.
13:04:56 INFO  : 'set bp_4_56_fsbl_bp [bpadd -addr &XFsbl_Exit]' command is executed.
13:04:57 INFO  : 'con -block -timeout 60' command is executed.
13:04:57 INFO  : 'bpremove $bp_4_56_fsbl_bp' command is executed.
13:04:57 INFO  : Context for processor 'psu_cortexa53_0' is selected.
13:04:57 INFO  : Processor reset is completed for 'psu_cortexa53_0'.
13:04:57 INFO  : The application '/home/dani/Desktop/SDU_Master/EmbeddedSystems/final_assignment/vitis_ide/cnn_predict_application/Debug/cnn_predict_application.elf' is downloaded to processor 'psu_cortexa53_0'.
13:04:57 INFO  : 'configparams force-mem-access 0' command is executed.
13:04:57 INFO  : ----------------XSDB Script----------------
connect -url tcp:127.0.0.1:3121
source /home/dani/Xilinx/Vitis/2022.2/scripts/vitis/util/zynqmp_utils.tcl
targets -set -nocase -filter {name =~"APU*"}
rst -system
after 3000
targets -set -filter {jtag_cable_name =~ "Avnet USB-to-JTAG/UART Pod V1 1234-oj1A" && level==0 && jtag_device_ctx=="jsn-USB-to-JTAG/UART Pod V1-1234-oj1A-14710093-0"}
fpga -file /home/dani/Desktop/SDU_Master/EmbeddedSystems/final_assignment/vitis_ide/cnn_predict_application/_ide/bitstream/final_bitstream.bit
targets -set -nocase -filter {name =~"APU*"}
loadhw -hw /home/dani/Desktop/SDU_Master/EmbeddedSystems/final_assignment/vitis_ide/cnn_project/export/cnn_project/hw/final_bitstream.xsa -mem-ranges [list {0x80000000 0xbfffffff} {0x400000000 0x5ffffffff} {0x1000000000 0x7fffffffff}] -regs
configparams force-mem-access 1
targets -set -nocase -filter {name =~"APU*"}
set mode [expr [mrd -value 0xFF5E0200] & 0xf]
targets -set -nocase -filter {name =~ "*A53*#0"}
rst -processor
dow /home/dani/Desktop/SDU_Master/EmbeddedSystems/final_assignment/vitis_ide/cnn_project/export/cnn_project/sw/cnn_project/boot/fsbl.elf
set bp_4_56_fsbl_bp [bpadd -addr &XFsbl_Exit]
con -block -timeout 60
bpremove $bp_4_56_fsbl_bp
targets -set -nocase -filter {name =~ "*A53*#0"}
rst -processor
dow /home/dani/Desktop/SDU_Master/EmbeddedSystems/final_assignment/vitis_ide/cnn_predict_application/Debug/cnn_predict_application.elf
configparams force-mem-access 0
----------------End of Script----------------

13:04:57 INFO  : Context for processor 'psu_cortexa53_0' is selected.
13:04:57 INFO  : 'con' command is executed.
13:04:57 INFO  : ----------------XSDB Script (After Launch)----------------
targets -set -nocase -filter {name =~ "*A53*#0"}
con
----------------End of Script----------------

13:04:57 INFO  : Launch script is exported to file '/home/dani/Desktop/SDU_Master/EmbeddedSystems/final_assignment/vitis_ide/cnn_predict_application_system/_ide/scripts/systemdebugger_cnn_predict_application_system_standalone.tcl'
13:06:10 INFO  : Checking for BSP changes to sync application flags for project 'cnn_predict_application'...
13:06:12 ERROR : (XSDB Server)ERROR: [Hsi 55-1571] The design file /home/dani/Desktop/SDU_Master/EmbeddedSystems/final_assignment/vitis_ide/cnn_project/export/cnn_project/hw/final_bitstream.xsa is already opened

13:06:12 ERROR : (XSDB Server)readelf: Error: '/home/dani/Desktop/SDU_Master/EmbeddedSystems/final_assignment/vitis_ide/cnn_project/export/cnn_project/sw/fsbl.elf': No such file

13:06:26 INFO  : Disconnected from the channel tcfchan#5.
13:06:27 INFO  : Connected to target on host '127.0.0.1' and port '3121'.
13:06:28 INFO  : Jtag cable 'Avnet USB-to-JTAG/UART Pod V1 1234-oj1A' is selected.
13:06:28 INFO  : 'jtag frequency' command is executed.
13:06:28 INFO  : Sourcing of '/home/dani/Xilinx/Vitis/2022.2/scripts/vitis/util/zynqmp_utils.tcl' is done.
13:06:28 INFO  : Context for 'APU' is selected.
13:06:28 INFO  : System reset is completed.
13:06:31 INFO  : 'after 3000' command is executed.
13:06:31 INFO  : 'targets -set -filter {jtag_cable_name =~ "Avnet USB-to-JTAG/UART Pod V1 1234-oj1A" && level==0 && jtag_device_ctx=="jsn-USB-to-JTAG/UART Pod V1-1234-oj1A-14710093-0"}' command is executed.
13:06:34 INFO  : Device configured successfully with "/home/dani/Desktop/SDU_Master/EmbeddedSystems/final_assignment/vitis_ide/cnn_predict_application/_ide/bitstream/final_bitstream.bit"
13:06:34 INFO  : Context for 'APU' is selected.
13:06:38 INFO  : Hardware design and registers information is loaded from '/home/dani/Desktop/SDU_Master/EmbeddedSystems/final_assignment/vitis_ide/cnn_project/export/cnn_project/hw/final_bitstream.xsa'.
13:06:38 INFO  : 'configparams force-mem-access 1' command is executed.
13:06:38 INFO  : Context for 'APU' is selected.
13:06:38 INFO  : Boot mode is read from the target.
13:06:38 INFO  : Context for processor 'psu_cortexa53_0' is selected.
13:06:38 INFO  : Processor reset is completed for 'psu_cortexa53_0'.
13:06:39 INFO  : The application '/home/dani/Desktop/SDU_Master/EmbeddedSystems/final_assignment/vitis_ide/cnn_project/export/cnn_project/sw/cnn_project/boot/fsbl.elf' is downloaded to processor 'psu_cortexa53_0'.
13:06:39 INFO  : 'set bp_6_39_fsbl_bp [bpadd -addr &XFsbl_Exit]' command is executed.
13:06:40 INFO  : 'con -block -timeout 60' command is executed.
13:06:40 INFO  : 'bpremove $bp_6_39_fsbl_bp' command is executed.
13:06:40 INFO  : Context for processor 'psu_cortexa53_0' is selected.
13:06:40 INFO  : Processor reset is completed for 'psu_cortexa53_0'.
13:06:41 INFO  : The application '/home/dani/Desktop/SDU_Master/EmbeddedSystems/final_assignment/vitis_ide/cnn_predict_application/Debug/cnn_predict_application.elf' is downloaded to processor 'psu_cortexa53_0'.
13:06:41 INFO  : 'configparams force-mem-access 0' command is executed.
13:06:41 INFO  : ----------------XSDB Script----------------
connect -url tcp:127.0.0.1:3121
source /home/dani/Xilinx/Vitis/2022.2/scripts/vitis/util/zynqmp_utils.tcl
targets -set -nocase -filter {name =~"APU*"}
rst -system
after 3000
targets -set -filter {jtag_cable_name =~ "Avnet USB-to-JTAG/UART Pod V1 1234-oj1A" && level==0 && jtag_device_ctx=="jsn-USB-to-JTAG/UART Pod V1-1234-oj1A-14710093-0"}
fpga -file /home/dani/Desktop/SDU_Master/EmbeddedSystems/final_assignment/vitis_ide/cnn_predict_application/_ide/bitstream/final_bitstream.bit
targets -set -nocase -filter {name =~"APU*"}
loadhw -hw /home/dani/Desktop/SDU_Master/EmbeddedSystems/final_assignment/vitis_ide/cnn_project/export/cnn_project/hw/final_bitstream.xsa -mem-ranges [list {0x80000000 0xbfffffff} {0x400000000 0x5ffffffff} {0x1000000000 0x7fffffffff}] -regs
configparams force-mem-access 1
targets -set -nocase -filter {name =~"APU*"}
set mode [expr [mrd -value 0xFF5E0200] & 0xf]
targets -set -nocase -filter {name =~ "*A53*#0"}
rst -processor
dow /home/dani/Desktop/SDU_Master/EmbeddedSystems/final_assignment/vitis_ide/cnn_project/export/cnn_project/sw/cnn_project/boot/fsbl.elf
set bp_6_39_fsbl_bp [bpadd -addr &XFsbl_Exit]
con -block -timeout 60
bpremove $bp_6_39_fsbl_bp
targets -set -nocase -filter {name =~ "*A53*#0"}
rst -processor
dow /home/dani/Desktop/SDU_Master/EmbeddedSystems/final_assignment/vitis_ide/cnn_predict_application/Debug/cnn_predict_application.elf
configparams force-mem-access 0
----------------End of Script----------------

13:06:41 INFO  : Context for processor 'psu_cortexa53_0' is selected.
13:06:41 INFO  : 'con' command is executed.
13:06:41 INFO  : ----------------XSDB Script (After Launch)----------------
targets -set -nocase -filter {name =~ "*A53*#0"}
con
----------------End of Script----------------

13:06:41 INFO  : Launch script is exported to file '/home/dani/Desktop/SDU_Master/EmbeddedSystems/final_assignment/vitis_ide/cnn_predict_application_system/_ide/scripts/systemdebugger_cnn_predict_application_system_standalone.tcl'
13:07:05 INFO  : Checking for BSP changes to sync application flags for project 'cnn_predict_application'...
13:07:08 ERROR : (XSDB Server)ERROR: [Hsi 55-1571] The design file /home/dani/Desktop/SDU_Master/EmbeddedSystems/final_assignment/vitis_ide/cnn_project/export/cnn_project/hw/final_bitstream.xsa is already opened

13:07:08 ERROR : (XSDB Server)readelf: Error: '/home/dani/Desktop/SDU_Master/EmbeddedSystems/final_assignment/vitis_ide/cnn_project/export/cnn_project/sw/fsbl.elf': No such file

13:07:43 INFO  : Disconnected from the channel tcfchan#7.
13:07:43 INFO  : Connected to target on host '127.0.0.1' and port '3121'.
13:07:43 INFO  : Jtag cable 'Avnet USB-to-JTAG/UART Pod V1 1234-oj1A' is selected.
13:07:43 INFO  : 'jtag frequency' command is executed.
13:07:43 INFO  : Sourcing of '/home/dani/Xilinx/Vitis/2022.2/scripts/vitis/util/zynqmp_utils.tcl' is done.
13:07:43 INFO  : Context for 'APU' is selected.
13:07:44 INFO  : System reset is completed.
13:07:47 INFO  : 'after 3000' command is executed.
13:07:47 INFO  : 'targets -set -filter {jtag_cable_name =~ "Avnet USB-to-JTAG/UART Pod V1 1234-oj1A" && level==0 && jtag_device_ctx=="jsn-USB-to-JTAG/UART Pod V1-1234-oj1A-14710093-0"}' command is executed.
13:07:50 INFO  : Device configured successfully with "/home/dani/Desktop/SDU_Master/EmbeddedSystems/final_assignment/vitis_ide/cnn_predict_application/_ide/bitstream/final_bitstream.bit"
13:07:50 INFO  : Context for 'APU' is selected.
13:07:54 INFO  : Hardware design and registers information is loaded from '/home/dani/Desktop/SDU_Master/EmbeddedSystems/final_assignment/vitis_ide/cnn_project/export/cnn_project/hw/final_bitstream.xsa'.
13:07:54 INFO  : 'configparams force-mem-access 1' command is executed.
13:07:54 INFO  : Context for 'APU' is selected.
13:07:54 INFO  : Boot mode is read from the target.
13:07:54 INFO  : Context for processor 'psu_cortexa53_0' is selected.
13:07:54 INFO  : Processor reset is completed for 'psu_cortexa53_0'.
13:07:55 INFO  : The application '/home/dani/Desktop/SDU_Master/EmbeddedSystems/final_assignment/vitis_ide/cnn_project/export/cnn_project/sw/cnn_project/boot/fsbl.elf' is downloaded to processor 'psu_cortexa53_0'.
13:07:55 INFO  : 'set bp_7_55_fsbl_bp [bpadd -addr &XFsbl_Exit]' command is executed.
13:07:56 INFO  : 'con -block -timeout 60' command is executed.
13:07:56 INFO  : 'bpremove $bp_7_55_fsbl_bp' command is executed.
13:07:56 INFO  : Context for processor 'psu_cortexa53_0' is selected.
13:07:56 INFO  : Processor reset is completed for 'psu_cortexa53_0'.
13:07:57 INFO  : The application '/home/dani/Desktop/SDU_Master/EmbeddedSystems/final_assignment/vitis_ide/cnn_predict_application/Debug/cnn_predict_application.elf' is downloaded to processor 'psu_cortexa53_0'.
13:07:57 INFO  : 'configparams force-mem-access 0' command is executed.
13:07:57 INFO  : ----------------XSDB Script----------------
connect -url tcp:127.0.0.1:3121
source /home/dani/Xilinx/Vitis/2022.2/scripts/vitis/util/zynqmp_utils.tcl
targets -set -nocase -filter {name =~"APU*"}
rst -system
after 3000
targets -set -filter {jtag_cable_name =~ "Avnet USB-to-JTAG/UART Pod V1 1234-oj1A" && level==0 && jtag_device_ctx=="jsn-USB-to-JTAG/UART Pod V1-1234-oj1A-14710093-0"}
fpga -file /home/dani/Desktop/SDU_Master/EmbeddedSystems/final_assignment/vitis_ide/cnn_predict_application/_ide/bitstream/final_bitstream.bit
targets -set -nocase -filter {name =~"APU*"}
loadhw -hw /home/dani/Desktop/SDU_Master/EmbeddedSystems/final_assignment/vitis_ide/cnn_project/export/cnn_project/hw/final_bitstream.xsa -mem-ranges [list {0x80000000 0xbfffffff} {0x400000000 0x5ffffffff} {0x1000000000 0x7fffffffff}] -regs
configparams force-mem-access 1
targets -set -nocase -filter {name =~"APU*"}
set mode [expr [mrd -value 0xFF5E0200] & 0xf]
targets -set -nocase -filter {name =~ "*A53*#0"}
rst -processor
dow /home/dani/Desktop/SDU_Master/EmbeddedSystems/final_assignment/vitis_ide/cnn_project/export/cnn_project/sw/cnn_project/boot/fsbl.elf
set bp_7_55_fsbl_bp [bpadd -addr &XFsbl_Exit]
con -block -timeout 60
bpremove $bp_7_55_fsbl_bp
targets -set -nocase -filter {name =~ "*A53*#0"}
rst -processor
dow /home/dani/Desktop/SDU_Master/EmbeddedSystems/final_assignment/vitis_ide/cnn_predict_application/Debug/cnn_predict_application.elf
configparams force-mem-access 0
----------------End of Script----------------

13:07:57 INFO  : Context for processor 'psu_cortexa53_0' is selected.
13:07:57 INFO  : 'con' command is executed.
13:07:57 INFO  : ----------------XSDB Script (After Launch)----------------
targets -set -nocase -filter {name =~ "*A53*#0"}
con
----------------End of Script----------------

13:07:57 INFO  : Launch script is exported to file '/home/dani/Desktop/SDU_Master/EmbeddedSystems/final_assignment/vitis_ide/cnn_predict_application_system/_ide/scripts/systemdebugger_cnn_predict_application_system_standalone.tcl'
14:09:34 INFO  : No changes in MSS file content so sources will not be generated.
14:09:50 INFO  : No changes in MSS file content so sources will not be generated.
14:09:59 INFO  : No changes in MSS file content so sources will not be generated.
14:19:30 INFO  : Disconnected from the channel tcfchan#9.
14:08:57 DEBUG : Logs will be stored at '/home/dani/Desktop/SDU_Master/EmbeddedSystems/final_assignment/vitis_ide/IDE.log'.
14:08:58 INFO  : Launching XSCT server: xsct -n  -interactive /home/dani/Desktop/SDU_Master/EmbeddedSystems/final_assignment/vitis_ide/temp_xsdb_launch_script.tcl
14:08:59 INFO  : Platform repository initialization has completed.
14:08:59 INFO  : Registering command handlers for Vitis TCF services
14:09:00 INFO  : XSCT server has started successfully.
14:09:00 INFO  : Successfully done setting XSCT server connection channel  
14:09:00 INFO  : Successfully done setting workspace for the tool. 
14:09:00 INFO  : plnx-install-location is set to ''
14:09:00 INFO  : Successfully done query RDI_DATADIR 
09:56:59 DEBUG : Logs will be stored at '/home/dani/Desktop/SDU_Master/EmbeddedSystems/final_assignment/vitis_ide/IDE.log'.
09:57:00 INFO  : Launching XSCT server: xsct -n  -interactive /home/dani/Desktop/SDU_Master/EmbeddedSystems/final_assignment/vitis_ide/temp_xsdb_launch_script.tcl
09:57:01 INFO  : Platform repository initialization has completed.
09:57:01 INFO  : Registering command handlers for Vitis TCF services
09:57:02 INFO  : XSCT server has started successfully.
09:57:02 INFO  : plnx-install-location is set to ''
09:57:02 INFO  : Successfully done setting XSCT server connection channel  
09:57:02 INFO  : Successfully done query RDI_DATADIR 
09:57:02 INFO  : Successfully done setting workspace for the tool. 
11:35:20 INFO  : Result from executing command 'getProjects': cnn_project
11:35:20 INFO  : Result from executing command 'getPlatforms': cnn_project|/home/dani/Desktop/SDU_Master/EmbeddedSystems/final_assignment/vitis_ide/cnn_project/export/cnn_project/cnn_project.xpfm;xilinx_zcu102_base_202220_1|/home/dani/Xilinx/Vitis/2022.2/base_platforms/xilinx_zcu102_base_202220_1/xilinx_zcu102_base_202220_1.xpfm;xilinx_zcu102_base_dfx_202220_1|/home/dani/Xilinx/Vitis/2022.2/base_platforms/xilinx_zcu102_base_dfx_202220_1/xilinx_zcu102_base_dfx_202220_1.xpfm;xilinx_zcu104_base_202220_1|/home/dani/Xilinx/Vitis/2022.2/base_platforms/xilinx_zcu104_base_202220_1/xilinx_zcu104_base_202220_1.xpfm
11:35:23 INFO  : Checking for BSP changes to sync application flags for project 'images_uart_application'...
11:35:31 ERROR : (XSDB Server)readelf: Error: '/home/dani/Desktop/SDU_Master/EmbeddedSystems/final_assignment/vitis_ide/cnn_project/export/cnn_project/sw/fsbl.elf': No such file

11:36:19 INFO  : Checking for BSP changes to sync application flags for project 'images_uart_application'...
11:36:46 INFO  : Connected to target on host '127.0.0.1' and port '3121'.
11:36:47 INFO  : Jtag cable 'Avnet USB-to-JTAG/UART Pod V1 1234-oj1A' is selected.
11:36:47 INFO  : 'jtag frequency' command is executed.
11:36:47 INFO  : Sourcing of '/home/dani/Xilinx/Vitis/2022.2/scripts/vitis/util/zynqmp_utils.tcl' is done.
11:36:47 INFO  : Context for 'APU' is selected.
11:36:47 INFO  : System reset is completed.
11:36:50 INFO  : 'after 3000' command is executed.
11:36:50 INFO  : 'targets -set -filter {jtag_cable_name =~ "Avnet USB-to-JTAG/UART Pod V1 1234-oj1A" && level==0 && jtag_device_ctx=="jsn-USB-to-JTAG/UART Pod V1-1234-oj1A-14710093-0"}' command is executed.
11:36:54 INFO  : Device configured successfully with "/home/dani/Desktop/SDU_Master/EmbeddedSystems/final_assignment/vitis_ide/images_uart_application/_ide/bitstream/final_bitstream.bit"
11:36:54 INFO  : Context for 'APU' is selected.
11:36:54 INFO  : Hardware design and registers information is loaded from '/home/dani/Desktop/SDU_Master/EmbeddedSystems/final_assignment/vitis_ide/cnn_project/export/cnn_project/hw/final_bitstream.xsa'.
11:36:54 INFO  : 'configparams force-mem-access 1' command is executed.
11:36:54 INFO  : Context for 'APU' is selected.
11:36:54 INFO  : Boot mode is read from the target.
11:36:54 INFO  : Context for processor 'psu_cortexa53_0' is selected.
11:36:54 INFO  : Processor reset is completed for 'psu_cortexa53_0'.
11:36:55 INFO  : The application '/home/dani/Desktop/SDU_Master/EmbeddedSystems/final_assignment/vitis_ide/cnn_project/export/cnn_project/sw/cnn_project/boot/fsbl.elf' is downloaded to processor 'psu_cortexa53_0'.
11:36:55 INFO  : 'set bp_36_55_fsbl_bp [bpadd -addr &XFsbl_Exit]' command is executed.
11:36:56 INFO  : 'con -block -timeout 60' command is executed.
11:36:56 INFO  : 'bpremove $bp_36_55_fsbl_bp' command is executed.
11:36:56 INFO  : Context for processor 'psu_cortexa53_0' is selected.
11:36:56 INFO  : Processor reset is completed for 'psu_cortexa53_0'.
11:36:56 INFO  : The application '/home/dani/Desktop/SDU_Master/EmbeddedSystems/final_assignment/vitis_ide/images_uart_application/Debug/images_uart_application.elf' is downloaded to processor 'psu_cortexa53_0'.
11:36:56 INFO  : 'configparams force-mem-access 0' command is executed.
11:36:56 INFO  : ----------------XSDB Script----------------
connect -url tcp:127.0.0.1:3121
source /home/dani/Xilinx/Vitis/2022.2/scripts/vitis/util/zynqmp_utils.tcl
targets -set -nocase -filter {name =~"APU*"}
rst -system
after 3000
targets -set -filter {jtag_cable_name =~ "Avnet USB-to-JTAG/UART Pod V1 1234-oj1A" && level==0 && jtag_device_ctx=="jsn-USB-to-JTAG/UART Pod V1-1234-oj1A-14710093-0"}
fpga -file /home/dani/Desktop/SDU_Master/EmbeddedSystems/final_assignment/vitis_ide/images_uart_application/_ide/bitstream/final_bitstream.bit
targets -set -nocase -filter {name =~"APU*"}
loadhw -hw /home/dani/Desktop/SDU_Master/EmbeddedSystems/final_assignment/vitis_ide/cnn_project/export/cnn_project/hw/final_bitstream.xsa -mem-ranges [list {0x80000000 0xbfffffff} {0x400000000 0x5ffffffff} {0x1000000000 0x7fffffffff}] -regs
configparams force-mem-access 1
targets -set -nocase -filter {name =~"APU*"}
set mode [expr [mrd -value 0xFF5E0200] & 0xf]
targets -set -nocase -filter {name =~ "*A53*#0"}
rst -processor
dow /home/dani/Desktop/SDU_Master/EmbeddedSystems/final_assignment/vitis_ide/cnn_project/export/cnn_project/sw/cnn_project/boot/fsbl.elf
set bp_36_55_fsbl_bp [bpadd -addr &XFsbl_Exit]
con -block -timeout 60
bpremove $bp_36_55_fsbl_bp
targets -set -nocase -filter {name =~ "*A53*#0"}
rst -processor
dow /home/dani/Desktop/SDU_Master/EmbeddedSystems/final_assignment/vitis_ide/images_uart_application/Debug/images_uart_application.elf
configparams force-mem-access 0
----------------End of Script----------------

11:36:56 INFO  : Context for processor 'psu_cortexa53_0' is selected.
11:36:56 INFO  : 'con' command is executed.
11:36:56 INFO  : ----------------XSDB Script (After Launch)----------------
targets -set -nocase -filter {name =~ "*A53*#0"}
con
----------------End of Script----------------

11:36:56 INFO  : Launch script is exported to file '/home/dani/Desktop/SDU_Master/EmbeddedSystems/final_assignment/vitis_ide/images_uart_application_system/_ide/scripts/debugger_images_uart_application-default.tcl'
11:43:38 INFO  : Checking for BSP changes to sync application flags for project 'images_uart_application'...
11:43:40 ERROR : (XSDB Server)readelf: Error: '/home/dani/Desktop/SDU_Master/EmbeddedSystems/final_assignment/vitis_ide/cnn_project/export/cnn_project/sw/fsbl.elf': No such file

11:44:38 INFO  : Disconnected from the channel tcfchan#3.
11:44:39 INFO  : Connected to target on host '127.0.0.1' and port '3121'.
11:44:48 INFO  : ----------------XSDB Script----------------
connect -url tcp:127.0.0.1:3121
----------------End of Script----------------

11:44:48 ERROR : Could not find ARM device on the board for connection 'Local'.
Check if the target is in:
1. Split JTAG - No operations are possible with ARM DAP.
2. Non JTAG bootmode - Bootrom may need time to enable DAP.
Please try again.


Troubleshooting hints:
1. Check whether board is connected to system properly.
2. In case of zynq board, check whether Digilent/Xilinx cable switch settings are correct.
3. If you are using Xilinx Platform Cable USB, ensure that status LED is green.
11:45:47 INFO  : Connected to target on host '127.0.0.1' and port '3121'.
11:45:47 INFO  : 'targets -set -filter {jtag_cable_name =~ "Avnet USB-to-JTAG/UART Pod V1 1234-oj1A" && level==0 && jtag_device_ctx=="jsn-USB-to-JTAG/UART Pod V1-1234-oj1A-14710093-0"}' command is executed.
11:45:51 INFO  : Device configured successfully with "/home/dani/Desktop/SDU_Master/EmbeddedSystems/final_assignment/vitis_ide/images_uart_application/_ide/bitstream/final_bitstream.bit"
11:45:58 INFO  : Connected to target on host '127.0.0.1' and port '3121'.
11:45:58 INFO  : Jtag cable 'Avnet USB-to-JTAG/UART Pod V1 1234-oj1A' is selected.
11:45:58 INFO  : 'jtag frequency' command is executed.
11:45:58 INFO  : Sourcing of '/home/dani/Xilinx/Vitis/2022.2/scripts/vitis/util/zynqmp_utils.tcl' is done.
11:45:58 INFO  : Context for 'APU' is selected.
11:45:59 INFO  : System reset is completed.
11:46:02 INFO  : 'after 3000' command is executed.
11:46:02 INFO  : 'targets -set -filter {jtag_cable_name =~ "Avnet USB-to-JTAG/UART Pod V1 1234-oj1A" && level==0 && jtag_device_ctx=="jsn-USB-to-JTAG/UART Pod V1-1234-oj1A-14710093-0"}' command is executed.
11:46:05 INFO  : Device configured successfully with "/home/dani/Desktop/SDU_Master/EmbeddedSystems/final_assignment/vitis_ide/images_uart_application/_ide/bitstream/final_bitstream.bit"
11:46:05 INFO  : Context for 'APU' is selected.
11:46:05 INFO  : Hardware design and registers information is loaded from '/home/dani/Desktop/SDU_Master/EmbeddedSystems/final_assignment/vitis_ide/cnn_project/export/cnn_project/hw/final_bitstream.xsa'.
11:46:05 INFO  : 'configparams force-mem-access 1' command is executed.
11:46:05 INFO  : Context for 'APU' is selected.
11:46:05 INFO  : Boot mode is read from the target.
11:46:05 INFO  : Context for processor 'psu_cortexa53_0' is selected.
11:46:05 INFO  : Processor reset is completed for 'psu_cortexa53_0'.
11:46:06 INFO  : The application '/home/dani/Desktop/SDU_Master/EmbeddedSystems/final_assignment/vitis_ide/cnn_project/export/cnn_project/sw/cnn_project/boot/fsbl.elf' is downloaded to processor 'psu_cortexa53_0'.
11:46:06 INFO  : 'set bp_46_6_fsbl_bp [bpadd -addr &XFsbl_Exit]' command is executed.
11:46:07 INFO  : 'con -block -timeout 60' command is executed.
11:46:07 INFO  : 'bpremove $bp_46_6_fsbl_bp' command is executed.
11:46:07 INFO  : Context for processor 'psu_cortexa53_0' is selected.
11:46:07 INFO  : Processor reset is completed for 'psu_cortexa53_0'.
11:46:07 INFO  : The application '/home/dani/Desktop/SDU_Master/EmbeddedSystems/final_assignment/vitis_ide/images_uart_application/Debug/images_uart_application.elf' is downloaded to processor 'psu_cortexa53_0'.
11:46:07 INFO  : 'configparams force-mem-access 0' command is executed.
11:46:07 INFO  : ----------------XSDB Script----------------
connect -url tcp:127.0.0.1:3121
source /home/dani/Xilinx/Vitis/2022.2/scripts/vitis/util/zynqmp_utils.tcl
targets -set -nocase -filter {name =~"APU*"}
rst -system
after 3000
targets -set -filter {jtag_cable_name =~ "Avnet USB-to-JTAG/UART Pod V1 1234-oj1A" && level==0 && jtag_device_ctx=="jsn-USB-to-JTAG/UART Pod V1-1234-oj1A-14710093-0"}
fpga -file /home/dani/Desktop/SDU_Master/EmbeddedSystems/final_assignment/vitis_ide/images_uart_application/_ide/bitstream/final_bitstream.bit
targets -set -nocase -filter {name =~"APU*"}
loadhw -hw /home/dani/Desktop/SDU_Master/EmbeddedSystems/final_assignment/vitis_ide/cnn_project/export/cnn_project/hw/final_bitstream.xsa -mem-ranges [list {0x80000000 0xbfffffff} {0x400000000 0x5ffffffff} {0x1000000000 0x7fffffffff}] -regs
configparams force-mem-access 1
targets -set -nocase -filter {name =~"APU*"}
set mode [expr [mrd -value 0xFF5E0200] & 0xf]
targets -set -nocase -filter {name =~ "*A53*#0"}
rst -processor
dow /home/dani/Desktop/SDU_Master/EmbeddedSystems/final_assignment/vitis_ide/cnn_project/export/cnn_project/sw/cnn_project/boot/fsbl.elf
set bp_46_6_fsbl_bp [bpadd -addr &XFsbl_Exit]
con -block -timeout 60
bpremove $bp_46_6_fsbl_bp
targets -set -nocase -filter {name =~ "*A53*#0"}
rst -processor
dow /home/dani/Desktop/SDU_Master/EmbeddedSystems/final_assignment/vitis_ide/images_uart_application/Debug/images_uart_application.elf
configparams force-mem-access 0
----------------End of Script----------------

11:46:07 INFO  : Context for processor 'psu_cortexa53_0' is selected.
11:46:07 INFO  : 'con' command is executed.
11:46:07 INFO  : ----------------XSDB Script (After Launch)----------------
targets -set -nocase -filter {name =~ "*A53*#0"}
con
----------------End of Script----------------

11:46:07 INFO  : Launch script is exported to file '/home/dani/Desktop/SDU_Master/EmbeddedSystems/final_assignment/vitis_ide/images_uart_application_system/_ide/scripts/systemdebugger_images_uart_application_system_standalone.tcl'
11:48:54 INFO  : Disconnected from the channel tcfchan#5.
12:56:47 DEBUG : Logs will be stored at '/home/dani/Desktop/SDU_Master/EmbeddedSystems/final_assignment/vitis_ide/IDE.log'.
12:56:48 INFO  : Launching XSCT server: xsct -n  -interactive /home/dani/Desktop/SDU_Master/EmbeddedSystems/final_assignment/vitis_ide/temp_xsdb_launch_script.tcl
12:56:49 INFO  : Platform repository initialization has completed.
12:56:49 INFO  : Registering command handlers for Vitis TCF services
12:56:50 INFO  : XSCT server has started successfully.
12:56:50 INFO  : Successfully done setting XSCT server connection channel  
12:56:50 INFO  : Successfully done setting workspace for the tool. 
12:56:50 INFO  : plnx-install-location is set to ''
12:56:50 INFO  : Successfully done query RDI_DATADIR 
13:33:13 INFO  : Connected to target on host '127.0.0.1' and port '3121'.
13:33:13 INFO  : Jtag cable 'Avnet USB-to-JTAG/UART Pod V1 1234-oj1A' is selected.
13:33:13 INFO  : 'jtag frequency' command is executed.
13:33:13 INFO  : Sourcing of '/home/dani/Xilinx/Vitis/2022.2/scripts/vitis/util/zynqmp_utils.tcl' is done.
13:33:13 INFO  : Context for 'APU' is selected.
13:33:14 INFO  : System reset is completed.
13:33:17 INFO  : 'after 3000' command is executed.
13:33:17 INFO  : 'targets -set -filter {jtag_cable_name =~ "Avnet USB-to-JTAG/UART Pod V1 1234-oj1A" && level==0 && jtag_device_ctx=="jsn-USB-to-JTAG/UART Pod V1-1234-oj1A-14710093-0"}' command is executed.
13:33:20 INFO  : Device configured successfully with "/home/dani/Desktop/SDU_Master/EmbeddedSystems/final_assignment/vitis_ide/images_uart_application/_ide/bitstream/final_bitstream.bit"
13:33:20 INFO  : Context for 'APU' is selected.
13:33:20 INFO  : Hardware design and registers information is loaded from '/home/dani/Desktop/SDU_Master/EmbeddedSystems/final_assignment/vitis_ide/cnn_project/export/cnn_project/hw/final_bitstream.xsa'.
13:33:20 INFO  : 'configparams force-mem-access 1' command is executed.
13:33:20 INFO  : Context for 'APU' is selected.
13:33:20 INFO  : Boot mode is read from the target.
13:33:20 INFO  : Context for processor 'psu_cortexa53_0' is selected.
13:33:20 INFO  : Processor reset is completed for 'psu_cortexa53_0'.
13:33:21 INFO  : The application '/home/dani/Desktop/SDU_Master/EmbeddedSystems/final_assignment/vitis_ide/cnn_project/export/cnn_project/sw/cnn_project/boot/fsbl.elf' is downloaded to processor 'psu_cortexa53_0'.
13:33:21 INFO  : 'set bp_33_21_fsbl_bp [bpadd -addr &XFsbl_Exit]' command is executed.
13:33:22 INFO  : 'con -block -timeout 60' command is executed.
13:33:22 INFO  : 'bpremove $bp_33_21_fsbl_bp' command is executed.
13:33:22 INFO  : Context for processor 'psu_cortexa53_0' is selected.
13:33:22 INFO  : Processor reset is completed for 'psu_cortexa53_0'.
13:33:22 INFO  : The application '/home/dani/Desktop/SDU_Master/EmbeddedSystems/final_assignment/vitis_ide/images_uart_application/Debug/images_uart_application.elf' is downloaded to processor 'psu_cortexa53_0'.
13:33:22 INFO  : 'configparams force-mem-access 0' command is executed.
13:33:22 INFO  : ----------------XSDB Script----------------
connect -url tcp:127.0.0.1:3121
source /home/dani/Xilinx/Vitis/2022.2/scripts/vitis/util/zynqmp_utils.tcl
targets -set -nocase -filter {name =~"APU*"}
rst -system
after 3000
targets -set -filter {jtag_cable_name =~ "Avnet USB-to-JTAG/UART Pod V1 1234-oj1A" && level==0 && jtag_device_ctx=="jsn-USB-to-JTAG/UART Pod V1-1234-oj1A-14710093-0"}
fpga -file /home/dani/Desktop/SDU_Master/EmbeddedSystems/final_assignment/vitis_ide/images_uart_application/_ide/bitstream/final_bitstream.bit
targets -set -nocase -filter {name =~"APU*"}
loadhw -hw /home/dani/Desktop/SDU_Master/EmbeddedSystems/final_assignment/vitis_ide/cnn_project/export/cnn_project/hw/final_bitstream.xsa -mem-ranges [list {0x80000000 0xbfffffff} {0x400000000 0x5ffffffff} {0x1000000000 0x7fffffffff}] -regs
configparams force-mem-access 1
targets -set -nocase -filter {name =~"APU*"}
set mode [expr [mrd -value 0xFF5E0200] & 0xf]
targets -set -nocase -filter {name =~ "*A53*#0"}
rst -processor
dow /home/dani/Desktop/SDU_Master/EmbeddedSystems/final_assignment/vitis_ide/cnn_project/export/cnn_project/sw/cnn_project/boot/fsbl.elf
set bp_33_21_fsbl_bp [bpadd -addr &XFsbl_Exit]
con -block -timeout 60
bpremove $bp_33_21_fsbl_bp
targets -set -nocase -filter {name =~ "*A53*#0"}
rst -processor
dow /home/dani/Desktop/SDU_Master/EmbeddedSystems/final_assignment/vitis_ide/images_uart_application/Debug/images_uart_application.elf
configparams force-mem-access 0
----------------End of Script----------------

13:33:22 INFO  : Context for processor 'psu_cortexa53_0' is selected.
13:33:22 INFO  : 'con' command is executed.
13:33:22 INFO  : ----------------XSDB Script (After Launch)----------------
targets -set -nocase -filter {name =~ "*A53*#0"}
con
----------------End of Script----------------

13:33:22 INFO  : Launch script is exported to file '/home/dani/Desktop/SDU_Master/EmbeddedSystems/final_assignment/vitis_ide/images_uart_application_system/_ide/scripts/systemdebugger_images_uart_application_system_standalone.tcl'
13:45:14 INFO  : Checking for BSP changes to sync application flags for project 'images_uart_application'...
13:45:17 ERROR : (XSDB Server)ERROR: [Hsi 55-1571] The design file /home/dani/Desktop/SDU_Master/EmbeddedSystems/final_assignment/vitis_ide/cnn_project/export/cnn_project/hw/final_bitstream.xsa is already opened

13:45:17 ERROR : (XSDB Server)readelf: Error: '/home/dani/Desktop/SDU_Master/EmbeddedSystems/final_assignment/vitis_ide/cnn_project/export/cnn_project/sw/fsbl.elf': No such file

13:47:44 INFO  : Disconnected from the channel tcfchan#1.
13:47:44 INFO  : Connected to target on host '127.0.0.1' and port '3121'.
13:47:44 INFO  : Jtag cable 'Avnet USB-to-JTAG/UART Pod V1 1234-oj1A' is selected.
13:47:44 INFO  : 'jtag frequency' command is executed.
13:47:44 INFO  : Sourcing of '/home/dani/Xilinx/Vitis/2022.2/scripts/vitis/util/zynqmp_utils.tcl' is done.
13:47:44 INFO  : Context for 'APU' is selected.
13:47:44 INFO  : System reset is completed.
13:47:47 INFO  : 'after 3000' command is executed.
13:47:47 INFO  : 'targets -set -filter {jtag_cable_name =~ "Avnet USB-to-JTAG/UART Pod V1 1234-oj1A" && level==0 && jtag_device_ctx=="jsn-USB-to-JTAG/UART Pod V1-1234-oj1A-14710093-0"}' command is executed.
13:47:50 INFO  : Device configured successfully with "/home/dani/Desktop/SDU_Master/EmbeddedSystems/final_assignment/vitis_ide/images_uart_application/_ide/bitstream/final_bitstream.bit"
13:47:50 INFO  : Context for 'APU' is selected.
13:47:55 INFO  : Hardware design and registers information is loaded from '/home/dani/Desktop/SDU_Master/EmbeddedSystems/final_assignment/vitis_ide/cnn_project/export/cnn_project/hw/final_bitstream.xsa'.
13:47:55 INFO  : 'configparams force-mem-access 1' command is executed.
13:47:55 INFO  : Context for 'APU' is selected.
13:47:55 INFO  : Boot mode is read from the target.
13:47:55 INFO  : Context for processor 'psu_cortexa53_0' is selected.
13:47:55 INFO  : Processor reset is completed for 'psu_cortexa53_0'.
13:47:56 INFO  : The application '/home/dani/Desktop/SDU_Master/EmbeddedSystems/final_assignment/vitis_ide/cnn_project/export/cnn_project/sw/cnn_project/boot/fsbl.elf' is downloaded to processor 'psu_cortexa53_0'.
13:47:56 INFO  : 'set bp_47_56_fsbl_bp [bpadd -addr &XFsbl_Exit]' command is executed.
13:47:57 INFO  : 'con -block -timeout 60' command is executed.
13:47:57 INFO  : 'bpremove $bp_47_56_fsbl_bp' command is executed.
13:47:57 INFO  : Context for processor 'psu_cortexa53_0' is selected.
13:47:57 INFO  : Processor reset is completed for 'psu_cortexa53_0'.
13:47:57 INFO  : The application '/home/dani/Desktop/SDU_Master/EmbeddedSystems/final_assignment/vitis_ide/images_uart_application/Debug/images_uart_application.elf' is downloaded to processor 'psu_cortexa53_0'.
13:47:57 INFO  : 'configparams force-mem-access 0' command is executed.
13:47:57 INFO  : ----------------XSDB Script----------------
connect -url tcp:127.0.0.1:3121
source /home/dani/Xilinx/Vitis/2022.2/scripts/vitis/util/zynqmp_utils.tcl
targets -set -nocase -filter {name =~"APU*"}
rst -system
after 3000
targets -set -filter {jtag_cable_name =~ "Avnet USB-to-JTAG/UART Pod V1 1234-oj1A" && level==0 && jtag_device_ctx=="jsn-USB-to-JTAG/UART Pod V1-1234-oj1A-14710093-0"}
fpga -file /home/dani/Desktop/SDU_Master/EmbeddedSystems/final_assignment/vitis_ide/images_uart_application/_ide/bitstream/final_bitstream.bit
targets -set -nocase -filter {name =~"APU*"}
loadhw -hw /home/dani/Desktop/SDU_Master/EmbeddedSystems/final_assignment/vitis_ide/cnn_project/export/cnn_project/hw/final_bitstream.xsa -mem-ranges [list {0x80000000 0xbfffffff} {0x400000000 0x5ffffffff} {0x1000000000 0x7fffffffff}] -regs
configparams force-mem-access 1
targets -set -nocase -filter {name =~"APU*"}
set mode [expr [mrd -value 0xFF5E0200] & 0xf]
targets -set -nocase -filter {name =~ "*A53*#0"}
rst -processor
dow /home/dani/Desktop/SDU_Master/EmbeddedSystems/final_assignment/vitis_ide/cnn_project/export/cnn_project/sw/cnn_project/boot/fsbl.elf
set bp_47_56_fsbl_bp [bpadd -addr &XFsbl_Exit]
con -block -timeout 60
bpremove $bp_47_56_fsbl_bp
targets -set -nocase -filter {name =~ "*A53*#0"}
rst -processor
dow /home/dani/Desktop/SDU_Master/EmbeddedSystems/final_assignment/vitis_ide/images_uart_application/Debug/images_uart_application.elf
configparams force-mem-access 0
----------------End of Script----------------

13:47:57 INFO  : Context for processor 'psu_cortexa53_0' is selected.
13:47:57 INFO  : 'con' command is executed.
13:47:57 INFO  : ----------------XSDB Script (After Launch)----------------
targets -set -nocase -filter {name =~ "*A53*#0"}
con
----------------End of Script----------------

13:47:57 INFO  : Launch script is exported to file '/home/dani/Desktop/SDU_Master/EmbeddedSystems/final_assignment/vitis_ide/images_uart_application_system/_ide/scripts/systemdebugger_images_uart_application_system_standalone.tcl'
14:36:51 INFO  : Checking for BSP changes to sync application flags for project 'images_uart_application'...
14:42:10 INFO  : Checking for BSP changes to sync application flags for project 'images_uart_application'...
14:42:12 ERROR : (XSDB Server)ERROR: [Hsi 55-1571] The design file /home/dani/Desktop/SDU_Master/EmbeddedSystems/final_assignment/vitis_ide/cnn_project/export/cnn_project/hw/final_bitstream.xsa is already opened

14:42:12 ERROR : (XSDB Server)readelf: Error: '/home/dani/Desktop/SDU_Master/EmbeddedSystems/final_assignment/vitis_ide/cnn_project/export/cnn_project/sw/fsbl.elf': No such file

14:42:37 INFO  : Disconnected from the channel tcfchan#3.
14:42:37 INFO  : Connected to target on host '127.0.0.1' and port '3121'.
14:42:38 INFO  : Jtag cable 'Avnet USB-to-JTAG/UART Pod V1 1234-oj1A' is selected.
14:42:38 INFO  : 'jtag frequency' command is executed.
14:42:38 INFO  : Sourcing of '/home/dani/Xilinx/Vitis/2022.2/scripts/vitis/util/zynqmp_utils.tcl' is done.
14:42:38 INFO  : Context for 'APU' is selected.
14:42:38 INFO  : System reset is completed.
14:42:41 INFO  : 'after 3000' command is executed.
14:42:41 INFO  : 'targets -set -filter {jtag_cable_name =~ "Avnet USB-to-JTAG/UART Pod V1 1234-oj1A" && level==0 && jtag_device_ctx=="jsn-USB-to-JTAG/UART Pod V1-1234-oj1A-14710093-0"}' command is executed.
14:42:44 INFO  : Device configured successfully with "/home/dani/Desktop/SDU_Master/EmbeddedSystems/final_assignment/vitis_ide/images_uart_application/_ide/bitstream/final_bitstream.bit"
14:42:44 INFO  : Context for 'APU' is selected.
14:42:49 INFO  : Hardware design and registers information is loaded from '/home/dani/Desktop/SDU_Master/EmbeddedSystems/final_assignment/vitis_ide/cnn_project/export/cnn_project/hw/final_bitstream.xsa'.
14:42:49 INFO  : 'configparams force-mem-access 1' command is executed.
14:42:49 INFO  : Context for 'APU' is selected.
14:42:49 INFO  : Boot mode is read from the target.
14:42:49 INFO  : Context for processor 'psu_cortexa53_0' is selected.
14:42:50 INFO  : Processor reset is completed for 'psu_cortexa53_0'.
14:42:50 INFO  : The application '/home/dani/Desktop/SDU_Master/EmbeddedSystems/final_assignment/vitis_ide/cnn_project/export/cnn_project/sw/cnn_project/boot/fsbl.elf' is downloaded to processor 'psu_cortexa53_0'.
14:42:50 INFO  : 'set bp_42_50_fsbl_bp [bpadd -addr &XFsbl_Exit]' command is executed.
14:42:51 INFO  : 'con -block -timeout 60' command is executed.
14:42:51 INFO  : 'bpremove $bp_42_50_fsbl_bp' command is executed.
14:42:51 INFO  : Context for processor 'psu_cortexa53_0' is selected.
14:42:51 INFO  : Processor reset is completed for 'psu_cortexa53_0'.
14:42:52 INFO  : The application '/home/dani/Desktop/SDU_Master/EmbeddedSystems/final_assignment/vitis_ide/images_uart_application/Debug/images_uart_application.elf' is downloaded to processor 'psu_cortexa53_0'.
14:42:52 INFO  : 'configparams force-mem-access 0' command is executed.
14:42:52 INFO  : ----------------XSDB Script----------------
connect -url tcp:127.0.0.1:3121
source /home/dani/Xilinx/Vitis/2022.2/scripts/vitis/util/zynqmp_utils.tcl
targets -set -nocase -filter {name =~"APU*"}
rst -system
after 3000
targets -set -filter {jtag_cable_name =~ "Avnet USB-to-JTAG/UART Pod V1 1234-oj1A" && level==0 && jtag_device_ctx=="jsn-USB-to-JTAG/UART Pod V1-1234-oj1A-14710093-0"}
fpga -file /home/dani/Desktop/SDU_Master/EmbeddedSystems/final_assignment/vitis_ide/images_uart_application/_ide/bitstream/final_bitstream.bit
targets -set -nocase -filter {name =~"APU*"}
loadhw -hw /home/dani/Desktop/SDU_Master/EmbeddedSystems/final_assignment/vitis_ide/cnn_project/export/cnn_project/hw/final_bitstream.xsa -mem-ranges [list {0x80000000 0xbfffffff} {0x400000000 0x5ffffffff} {0x1000000000 0x7fffffffff}] -regs
configparams force-mem-access 1
targets -set -nocase -filter {name =~"APU*"}
set mode [expr [mrd -value 0xFF5E0200] & 0xf]
targets -set -nocase -filter {name =~ "*A53*#0"}
rst -processor
dow /home/dani/Desktop/SDU_Master/EmbeddedSystems/final_assignment/vitis_ide/cnn_project/export/cnn_project/sw/cnn_project/boot/fsbl.elf
set bp_42_50_fsbl_bp [bpadd -addr &XFsbl_Exit]
con -block -timeout 60
bpremove $bp_42_50_fsbl_bp
targets -set -nocase -filter {name =~ "*A53*#0"}
rst -processor
dow /home/dani/Desktop/SDU_Master/EmbeddedSystems/final_assignment/vitis_ide/images_uart_application/Debug/images_uart_application.elf
configparams force-mem-access 0
----------------End of Script----------------

14:42:52 INFO  : Context for processor 'psu_cortexa53_0' is selected.
14:42:52 INFO  : 'con' command is executed.
14:42:52 INFO  : ----------------XSDB Script (After Launch)----------------
targets -set -nocase -filter {name =~ "*A53*#0"}
con
----------------End of Script----------------

14:42:52 INFO  : Launch script is exported to file '/home/dani/Desktop/SDU_Master/EmbeddedSystems/final_assignment/vitis_ide/images_uart_application_system/_ide/scripts/systemdebugger_images_uart_application_system_standalone.tcl'
14:53:13 INFO  : Checking for BSP changes to sync application flags for project 'images_uart_application'...
14:54:02 INFO  : Checking for BSP changes to sync application flags for project 'images_uart_application'...
14:54:49 INFO  : Checking for BSP changes to sync application flags for project 'images_uart_application'...
14:55:32 INFO  : Checking for BSP changes to sync application flags for project 'images_uart_application'...
14:56:20 INFO  : Checking for BSP changes to sync application flags for project 'images_uart_application'...
14:56:23 ERROR : (XSDB Server)ERROR: [Hsi 55-1571] The design file /home/dani/Desktop/SDU_Master/EmbeddedSystems/final_assignment/vitis_ide/cnn_project/export/cnn_project/hw/final_bitstream.xsa is already opened

14:56:23 ERROR : (XSDB Server)readelf: Error: '/home/dani/Desktop/SDU_Master/EmbeddedSystems/final_assignment/vitis_ide/cnn_project/export/cnn_project/sw/fsbl.elf': No such file

14:56:57 INFO  : Disconnected from the channel tcfchan#5.
14:56:57 INFO  : Connected to target on host '127.0.0.1' and port '3121'.
14:56:57 INFO  : Jtag cable 'Avnet USB-to-JTAG/UART Pod V1 1234-oj1A' is selected.
14:56:57 INFO  : 'jtag frequency' command is executed.
14:56:57 INFO  : Sourcing of '/home/dani/Xilinx/Vitis/2022.2/scripts/vitis/util/zynqmp_utils.tcl' is done.
14:56:57 INFO  : Context for 'APU' is selected.
14:56:57 INFO  : System reset is completed.
14:57:00 INFO  : 'after 3000' command is executed.
14:57:00 INFO  : 'targets -set -filter {jtag_cable_name =~ "Avnet USB-to-JTAG/UART Pod V1 1234-oj1A" && level==0 && jtag_device_ctx=="jsn-USB-to-JTAG/UART Pod V1-1234-oj1A-14710093-0"}' command is executed.
14:57:03 INFO  : Device configured successfully with "/home/dani/Desktop/SDU_Master/EmbeddedSystems/final_assignment/vitis_ide/images_uart_application/_ide/bitstream/final_bitstream.bit"
14:57:03 INFO  : Context for 'APU' is selected.
14:57:08 INFO  : Hardware design and registers information is loaded from '/home/dani/Desktop/SDU_Master/EmbeddedSystems/final_assignment/vitis_ide/cnn_project/export/cnn_project/hw/final_bitstream.xsa'.
14:57:08 INFO  : 'configparams force-mem-access 1' command is executed.
14:57:08 INFO  : Context for 'APU' is selected.
14:57:08 INFO  : Boot mode is read from the target.
14:57:08 INFO  : Context for processor 'psu_cortexa53_0' is selected.
14:57:08 INFO  : Processor reset is completed for 'psu_cortexa53_0'.
14:57:09 INFO  : The application '/home/dani/Desktop/SDU_Master/EmbeddedSystems/final_assignment/vitis_ide/cnn_project/export/cnn_project/sw/cnn_project/boot/fsbl.elf' is downloaded to processor 'psu_cortexa53_0'.
14:57:09 INFO  : 'set bp_57_9_fsbl_bp [bpadd -addr &XFsbl_Exit]' command is executed.
14:57:10 INFO  : 'con -block -timeout 60' command is executed.
14:57:10 INFO  : 'bpremove $bp_57_9_fsbl_bp' command is executed.
14:57:10 INFO  : Context for processor 'psu_cortexa53_0' is selected.
14:57:10 INFO  : Processor reset is completed for 'psu_cortexa53_0'.
14:57:10 INFO  : The application '/home/dani/Desktop/SDU_Master/EmbeddedSystems/final_assignment/vitis_ide/images_uart_application/Debug/images_uart_application.elf' is downloaded to processor 'psu_cortexa53_0'.
14:57:10 INFO  : 'configparams force-mem-access 0' command is executed.
14:57:10 INFO  : ----------------XSDB Script----------------
connect -url tcp:127.0.0.1:3121
source /home/dani/Xilinx/Vitis/2022.2/scripts/vitis/util/zynqmp_utils.tcl
targets -set -nocase -filter {name =~"APU*"}
rst -system
after 3000
targets -set -filter {jtag_cable_name =~ "Avnet USB-to-JTAG/UART Pod V1 1234-oj1A" && level==0 && jtag_device_ctx=="jsn-USB-to-JTAG/UART Pod V1-1234-oj1A-14710093-0"}
fpga -file /home/dani/Desktop/SDU_Master/EmbeddedSystems/final_assignment/vitis_ide/images_uart_application/_ide/bitstream/final_bitstream.bit
targets -set -nocase -filter {name =~"APU*"}
loadhw -hw /home/dani/Desktop/SDU_Master/EmbeddedSystems/final_assignment/vitis_ide/cnn_project/export/cnn_project/hw/final_bitstream.xsa -mem-ranges [list {0x80000000 0xbfffffff} {0x400000000 0x5ffffffff} {0x1000000000 0x7fffffffff}] -regs
configparams force-mem-access 1
targets -set -nocase -filter {name =~"APU*"}
set mode [expr [mrd -value 0xFF5E0200] & 0xf]
targets -set -nocase -filter {name =~ "*A53*#0"}
rst -processor
dow /home/dani/Desktop/SDU_Master/EmbeddedSystems/final_assignment/vitis_ide/cnn_project/export/cnn_project/sw/cnn_project/boot/fsbl.elf
set bp_57_9_fsbl_bp [bpadd -addr &XFsbl_Exit]
con -block -timeout 60
bpremove $bp_57_9_fsbl_bp
targets -set -nocase -filter {name =~ "*A53*#0"}
rst -processor
dow /home/dani/Desktop/SDU_Master/EmbeddedSystems/final_assignment/vitis_ide/images_uart_application/Debug/images_uart_application.elf
configparams force-mem-access 0
----------------End of Script----------------

14:57:10 INFO  : Context for processor 'psu_cortexa53_0' is selected.
14:57:10 INFO  : 'con' command is executed.
14:57:10 INFO  : ----------------XSDB Script (After Launch)----------------
targets -set -nocase -filter {name =~ "*A53*#0"}
con
----------------End of Script----------------

14:57:10 INFO  : Launch script is exported to file '/home/dani/Desktop/SDU_Master/EmbeddedSystems/final_assignment/vitis_ide/images_uart_application_system/_ide/scripts/systemdebugger_images_uart_application_system_standalone.tcl'
14:58:23 INFO  : Checking for BSP changes to sync application flags for project 'images_uart_application'...
14:58:25 ERROR : (XSDB Server)ERROR: [Hsi 55-1571] The design file /home/dani/Desktop/SDU_Master/EmbeddedSystems/final_assignment/vitis_ide/cnn_project/export/cnn_project/hw/final_bitstream.xsa is already opened

14:58:25 ERROR : (XSDB Server)readelf: Error: '/home/dani/Desktop/SDU_Master/EmbeddedSystems/final_assignment/vitis_ide/cnn_project/export/cnn_project/sw/fsbl.elf': No such file

14:58:49 INFO  : Disconnected from the channel tcfchan#7.
14:58:49 INFO  : Connected to target on host '127.0.0.1' and port '3121'.
14:58:49 INFO  : Jtag cable 'Avnet USB-to-JTAG/UART Pod V1 1234-oj1A' is selected.
14:58:49 INFO  : 'jtag frequency' command is executed.
14:58:49 INFO  : Sourcing of '/home/dani/Xilinx/Vitis/2022.2/scripts/vitis/util/zynqmp_utils.tcl' is done.
14:58:49 INFO  : Context for 'APU' is selected.
14:58:50 INFO  : System reset is completed.
14:58:53 INFO  : 'after 3000' command is executed.
14:58:53 INFO  : 'targets -set -filter {jtag_cable_name =~ "Avnet USB-to-JTAG/UART Pod V1 1234-oj1A" && level==0 && jtag_device_ctx=="jsn-USB-to-JTAG/UART Pod V1-1234-oj1A-14710093-0"}' command is executed.
14:58:56 INFO  : Device configured successfully with "/home/dani/Desktop/SDU_Master/EmbeddedSystems/final_assignment/vitis_ide/images_uart_application/_ide/bitstream/final_bitstream.bit"
14:58:56 INFO  : Context for 'APU' is selected.
14:59:02 INFO  : Hardware design and registers information is loaded from '/home/dani/Desktop/SDU_Master/EmbeddedSystems/final_assignment/vitis_ide/cnn_project/export/cnn_project/hw/final_bitstream.xsa'.
14:59:02 INFO  : 'configparams force-mem-access 1' command is executed.
14:59:02 INFO  : Context for 'APU' is selected.
14:59:02 INFO  : Boot mode is read from the target.
14:59:02 INFO  : Context for processor 'psu_cortexa53_0' is selected.
14:59:02 INFO  : Processor reset is completed for 'psu_cortexa53_0'.
14:59:02 INFO  : The application '/home/dani/Desktop/SDU_Master/EmbeddedSystems/final_assignment/vitis_ide/cnn_project/export/cnn_project/sw/cnn_project/boot/fsbl.elf' is downloaded to processor 'psu_cortexa53_0'.
14:59:02 INFO  : 'set bp_59_2_fsbl_bp [bpadd -addr &XFsbl_Exit]' command is executed.
14:59:03 INFO  : 'con -block -timeout 60' command is executed.
14:59:03 INFO  : 'bpremove $bp_59_2_fsbl_bp' command is executed.
14:59:03 INFO  : Context for processor 'psu_cortexa53_0' is selected.
14:59:03 INFO  : Processor reset is completed for 'psu_cortexa53_0'.
14:59:04 INFO  : The application '/home/dani/Desktop/SDU_Master/EmbeddedSystems/final_assignment/vitis_ide/images_uart_application/Debug/images_uart_application.elf' is downloaded to processor 'psu_cortexa53_0'.
14:59:04 INFO  : 'configparams force-mem-access 0' command is executed.
14:59:04 INFO  : ----------------XSDB Script----------------
connect -url tcp:127.0.0.1:3121
source /home/dani/Xilinx/Vitis/2022.2/scripts/vitis/util/zynqmp_utils.tcl
targets -set -nocase -filter {name =~"APU*"}
rst -system
after 3000
targets -set -filter {jtag_cable_name =~ "Avnet USB-to-JTAG/UART Pod V1 1234-oj1A" && level==0 && jtag_device_ctx=="jsn-USB-to-JTAG/UART Pod V1-1234-oj1A-14710093-0"}
fpga -file /home/dani/Desktop/SDU_Master/EmbeddedSystems/final_assignment/vitis_ide/images_uart_application/_ide/bitstream/final_bitstream.bit
targets -set -nocase -filter {name =~"APU*"}
loadhw -hw /home/dani/Desktop/SDU_Master/EmbeddedSystems/final_assignment/vitis_ide/cnn_project/export/cnn_project/hw/final_bitstream.xsa -mem-ranges [list {0x80000000 0xbfffffff} {0x400000000 0x5ffffffff} {0x1000000000 0x7fffffffff}] -regs
configparams force-mem-access 1
targets -set -nocase -filter {name =~"APU*"}
set mode [expr [mrd -value 0xFF5E0200] & 0xf]
targets -set -nocase -filter {name =~ "*A53*#0"}
rst -processor
dow /home/dani/Desktop/SDU_Master/EmbeddedSystems/final_assignment/vitis_ide/cnn_project/export/cnn_project/sw/cnn_project/boot/fsbl.elf
set bp_59_2_fsbl_bp [bpadd -addr &XFsbl_Exit]
con -block -timeout 60
bpremove $bp_59_2_fsbl_bp
targets -set -nocase -filter {name =~ "*A53*#0"}
rst -processor
dow /home/dani/Desktop/SDU_Master/EmbeddedSystems/final_assignment/vitis_ide/images_uart_application/Debug/images_uart_application.elf
configparams force-mem-access 0
----------------End of Script----------------

14:59:04 INFO  : Context for processor 'psu_cortexa53_0' is selected.
14:59:04 INFO  : 'con' command is executed.
14:59:04 INFO  : ----------------XSDB Script (After Launch)----------------
targets -set -nocase -filter {name =~ "*A53*#0"}
con
----------------End of Script----------------

14:59:04 INFO  : Launch script is exported to file '/home/dani/Desktop/SDU_Master/EmbeddedSystems/final_assignment/vitis_ide/images_uart_application_system/_ide/scripts/systemdebugger_images_uart_application_system_standalone.tcl'
15:09:47 INFO  : Disconnected from the channel tcfchan#9.
15:09:47 INFO  : Connected to target on host '127.0.0.1' and port '3121'.
15:09:47 INFO  : Jtag cable 'Avnet USB-to-JTAG/UART Pod V1 1234-oj1A' is selected.
15:09:47 INFO  : 'jtag frequency' command is executed.
15:09:47 INFO  : Sourcing of '/home/dani/Xilinx/Vitis/2022.2/scripts/vitis/util/zynqmp_utils.tcl' is done.
15:09:47 INFO  : Context for 'APU' is selected.
15:09:47 INFO  : System reset is completed.
15:09:50 INFO  : 'after 3000' command is executed.
15:09:50 INFO  : 'targets -set -filter {jtag_cable_name =~ "Avnet USB-to-JTAG/UART Pod V1 1234-oj1A" && level==0 && jtag_device_ctx=="jsn-USB-to-JTAG/UART Pod V1-1234-oj1A-14710093-0"}' command is executed.
15:09:54 INFO  : Device configured successfully with "/home/dani/Desktop/SDU_Master/EmbeddedSystems/final_assignment/vitis_ide/images_uart_application/_ide/bitstream/final_bitstream.bit"
15:09:54 INFO  : Context for 'APU' is selected.
15:09:58 INFO  : Hardware design and registers information is loaded from '/home/dani/Desktop/SDU_Master/EmbeddedSystems/final_assignment/vitis_ide/cnn_project/export/cnn_project/hw/final_bitstream.xsa'.
15:09:58 INFO  : 'configparams force-mem-access 1' command is executed.
15:09:58 INFO  : Context for 'APU' is selected.
15:09:58 INFO  : Boot mode is read from the target.
15:09:58 INFO  : Context for processor 'psu_cortexa53_0' is selected.
15:09:58 INFO  : Processor reset is completed for 'psu_cortexa53_0'.
15:09:58 INFO  : The application '/home/dani/Desktop/SDU_Master/EmbeddedSystems/final_assignment/vitis_ide/cnn_project/export/cnn_project/sw/cnn_project/boot/fsbl.elf' is downloaded to processor 'psu_cortexa53_0'.
15:09:58 INFO  : 'set bp_9_58_fsbl_bp [bpadd -addr &XFsbl_Exit]' command is executed.
15:09:59 INFO  : 'con -block -timeout 60' command is executed.
15:09:59 INFO  : 'bpremove $bp_9_58_fsbl_bp' command is executed.
15:09:59 INFO  : Context for processor 'psu_cortexa53_0' is selected.
15:09:59 INFO  : Processor reset is completed for 'psu_cortexa53_0'.
15:10:00 INFO  : The application '/home/dani/Desktop/SDU_Master/EmbeddedSystems/final_assignment/vitis_ide/images_uart_application/Debug/images_uart_application.elf' is downloaded to processor 'psu_cortexa53_0'.
15:10:00 INFO  : 'configparams force-mem-access 0' command is executed.
15:10:00 INFO  : ----------------XSDB Script----------------
connect -url tcp:127.0.0.1:3121
source /home/dani/Xilinx/Vitis/2022.2/scripts/vitis/util/zynqmp_utils.tcl
targets -set -nocase -filter {name =~"APU*"}
rst -system
after 3000
targets -set -filter {jtag_cable_name =~ "Avnet USB-to-JTAG/UART Pod V1 1234-oj1A" && level==0 && jtag_device_ctx=="jsn-USB-to-JTAG/UART Pod V1-1234-oj1A-14710093-0"}
fpga -file /home/dani/Desktop/SDU_Master/EmbeddedSystems/final_assignment/vitis_ide/images_uart_application/_ide/bitstream/final_bitstream.bit
targets -set -nocase -filter {name =~"APU*"}
loadhw -hw /home/dani/Desktop/SDU_Master/EmbeddedSystems/final_assignment/vitis_ide/cnn_project/export/cnn_project/hw/final_bitstream.xsa -mem-ranges [list {0x80000000 0xbfffffff} {0x400000000 0x5ffffffff} {0x1000000000 0x7fffffffff}] -regs
configparams force-mem-access 1
targets -set -nocase -filter {name =~"APU*"}
set mode [expr [mrd -value 0xFF5E0200] & 0xf]
targets -set -nocase -filter {name =~ "*A53*#0"}
rst -processor
dow /home/dani/Desktop/SDU_Master/EmbeddedSystems/final_assignment/vitis_ide/cnn_project/export/cnn_project/sw/cnn_project/boot/fsbl.elf
set bp_9_58_fsbl_bp [bpadd -addr &XFsbl_Exit]
con -block -timeout 60
bpremove $bp_9_58_fsbl_bp
targets -set -nocase -filter {name =~ "*A53*#0"}
rst -processor
dow /home/dani/Desktop/SDU_Master/EmbeddedSystems/final_assignment/vitis_ide/images_uart_application/Debug/images_uart_application.elf
configparams force-mem-access 0
----------------End of Script----------------

15:10:00 INFO  : Context for processor 'psu_cortexa53_0' is selected.
15:10:00 INFO  : 'con' command is executed.
15:10:00 INFO  : ----------------XSDB Script (After Launch)----------------
targets -set -nocase -filter {name =~ "*A53*#0"}
con
----------------End of Script----------------

15:10:00 INFO  : Launch script is exported to file '/home/dani/Desktop/SDU_Master/EmbeddedSystems/final_assignment/vitis_ide/images_uart_application_system/_ide/scripts/systemdebugger_images_uart_application_system_standalone.tcl'
15:11:34 INFO  : Disconnected from the channel tcfchan#10.
15:11:34 INFO  : Connected to target on host '127.0.0.1' and port '3121'.
15:11:35 INFO  : Jtag cable 'Avnet USB-to-JTAG/UART Pod V1 1234-oj1A' is selected.
15:11:35 INFO  : 'jtag frequency' command is executed.
15:11:35 INFO  : Sourcing of '/home/dani/Xilinx/Vitis/2022.2/scripts/vitis/util/zynqmp_utils.tcl' is done.
15:11:35 INFO  : Context for 'APU' is selected.
15:11:35 INFO  : System reset is completed.
15:11:38 INFO  : 'after 3000' command is executed.
15:11:38 INFO  : 'targets -set -filter {jtag_cable_name =~ "Avnet USB-to-JTAG/UART Pod V1 1234-oj1A" && level==0 && jtag_device_ctx=="jsn-USB-to-JTAG/UART Pod V1-1234-oj1A-14710093-0"}' command is executed.
15:11:41 INFO  : Device configured successfully with "/home/dani/Desktop/SDU_Master/EmbeddedSystems/final_assignment/vitis_ide/images_uart_application/_ide/bitstream/final_bitstream.bit"
15:11:41 INFO  : Context for 'APU' is selected.
15:11:46 INFO  : Hardware design and registers information is loaded from '/home/dani/Desktop/SDU_Master/EmbeddedSystems/final_assignment/vitis_ide/cnn_project/export/cnn_project/hw/final_bitstream.xsa'.
15:11:46 INFO  : 'configparams force-mem-access 1' command is executed.
15:11:46 INFO  : Context for 'APU' is selected.
15:11:46 INFO  : Boot mode is read from the target.
15:11:46 INFO  : Context for processor 'psu_cortexa53_0' is selected.
15:11:46 INFO  : Processor reset is completed for 'psu_cortexa53_0'.
15:11:46 INFO  : The application '/home/dani/Desktop/SDU_Master/EmbeddedSystems/final_assignment/vitis_ide/cnn_project/export/cnn_project/sw/cnn_project/boot/fsbl.elf' is downloaded to processor 'psu_cortexa53_0'.
15:11:46 INFO  : 'set bp_11_46_fsbl_bp [bpadd -addr &XFsbl_Exit]' command is executed.
15:11:47 INFO  : 'con -block -timeout 60' command is executed.
15:11:47 INFO  : 'bpremove $bp_11_46_fsbl_bp' command is executed.
15:11:47 INFO  : Context for processor 'psu_cortexa53_0' is selected.
15:11:47 INFO  : Processor reset is completed for 'psu_cortexa53_0'.
15:11:48 INFO  : The application '/home/dani/Desktop/SDU_Master/EmbeddedSystems/final_assignment/vitis_ide/images_uart_application/Debug/images_uart_application.elf' is downloaded to processor 'psu_cortexa53_0'.
15:11:48 INFO  : 'configparams force-mem-access 0' command is executed.
15:11:48 INFO  : ----------------XSDB Script----------------
connect -url tcp:127.0.0.1:3121
source /home/dani/Xilinx/Vitis/2022.2/scripts/vitis/util/zynqmp_utils.tcl
targets -set -nocase -filter {name =~"APU*"}
rst -system
after 3000
targets -set -filter {jtag_cable_name =~ "Avnet USB-to-JTAG/UART Pod V1 1234-oj1A" && level==0 && jtag_device_ctx=="jsn-USB-to-JTAG/UART Pod V1-1234-oj1A-14710093-0"}
fpga -file /home/dani/Desktop/SDU_Master/EmbeddedSystems/final_assignment/vitis_ide/images_uart_application/_ide/bitstream/final_bitstream.bit
targets -set -nocase -filter {name =~"APU*"}
loadhw -hw /home/dani/Desktop/SDU_Master/EmbeddedSystems/final_assignment/vitis_ide/cnn_project/export/cnn_project/hw/final_bitstream.xsa -mem-ranges [list {0x80000000 0xbfffffff} {0x400000000 0x5ffffffff} {0x1000000000 0x7fffffffff}] -regs
configparams force-mem-access 1
targets -set -nocase -filter {name =~"APU*"}
set mode [expr [mrd -value 0xFF5E0200] & 0xf]
targets -set -nocase -filter {name =~ "*A53*#0"}
rst -processor
dow /home/dani/Desktop/SDU_Master/EmbeddedSystems/final_assignment/vitis_ide/cnn_project/export/cnn_project/sw/cnn_project/boot/fsbl.elf
set bp_11_46_fsbl_bp [bpadd -addr &XFsbl_Exit]
con -block -timeout 60
bpremove $bp_11_46_fsbl_bp
targets -set -nocase -filter {name =~ "*A53*#0"}
rst -processor
dow /home/dani/Desktop/SDU_Master/EmbeddedSystems/final_assignment/vitis_ide/images_uart_application/Debug/images_uart_application.elf
configparams force-mem-access 0
----------------End of Script----------------

15:11:48 INFO  : Context for processor 'psu_cortexa53_0' is selected.
15:11:48 INFO  : 'con' command is executed.
15:11:48 INFO  : ----------------XSDB Script (After Launch)----------------
targets -set -nocase -filter {name =~ "*A53*#0"}
con
----------------End of Script----------------

15:11:48 INFO  : Launch script is exported to file '/home/dani/Desktop/SDU_Master/EmbeddedSystems/final_assignment/vitis_ide/images_uart_application_system/_ide/scripts/systemdebugger_images_uart_application_system_standalone.tcl'
15:38:23 INFO  : Disconnected from the channel tcfchan#11.
16:10:26 DEBUG : Logs will be stored at '/home/dani/Desktop/SDU_Master/EmbeddedSystems/final_assignment/vitis_ide/IDE.log'.
16:10:26 INFO  : Launching XSCT server: xsct -n  -interactive /home/dani/Desktop/SDU_Master/EmbeddedSystems/final_assignment/vitis_ide/temp_xsdb_launch_script.tcl
16:10:28 INFO  : Platform repository initialization has completed.
16:10:28 INFO  : Registering command handlers for Vitis TCF services
16:10:28 INFO  : XSCT server has started successfully.
16:10:28 INFO  : plnx-install-location is set to ''
16:10:28 INFO  : Successfully done setting XSCT server connection channel  
16:10:29 INFO  : Successfully done setting workspace for the tool. 
16:10:29 INFO  : Successfully done query RDI_DATADIR 
16:11:10 INFO  : Connected to target on host '127.0.0.1' and port '3121'.
16:11:10 INFO  : Jtag cable 'Avnet USB-to-JTAG/UART Pod V1 1234-oj1A' is selected.
16:11:10 INFO  : 'jtag frequency' command is executed.
16:11:10 INFO  : Sourcing of '/home/dani/Xilinx/Vitis/2022.2/scripts/vitis/util/zynqmp_utils.tcl' is done.
16:11:10 INFO  : Context for 'APU' is selected.
16:11:11 INFO  : System reset is completed.
16:11:14 INFO  : 'after 3000' command is executed.
16:11:14 INFO  : 'targets -set -filter {jtag_cable_name =~ "Avnet USB-to-JTAG/UART Pod V1 1234-oj1A" && level==0 && jtag_device_ctx=="jsn-USB-to-JTAG/UART Pod V1-1234-oj1A-14710093-0"}' command is executed.
16:11:17 INFO  : Device configured successfully with "/home/dani/Desktop/SDU_Master/EmbeddedSystems/final_assignment/vitis_ide/images_uart_application/_ide/bitstream/final_bitstream.bit"
16:11:17 INFO  : Context for 'APU' is selected.
16:11:18 INFO  : Hardware design and registers information is loaded from '/home/dani/Desktop/SDU_Master/EmbeddedSystems/final_assignment/vitis_ide/cnn_project/export/cnn_project/hw/final_bitstream.xsa'.
16:11:18 INFO  : 'configparams force-mem-access 1' command is executed.
16:11:18 INFO  : Context for 'APU' is selected.
16:11:18 INFO  : Boot mode is read from the target.
16:11:18 INFO  : Context for processor 'psu_cortexa53_0' is selected.
16:11:18 INFO  : Processor reset is completed for 'psu_cortexa53_0'.
16:11:18 INFO  : The application '/home/dani/Desktop/SDU_Master/EmbeddedSystems/final_assignment/vitis_ide/cnn_project/export/cnn_project/sw/cnn_project/boot/fsbl.elf' is downloaded to processor 'psu_cortexa53_0'.
16:11:18 INFO  : 'set bp_11_18_fsbl_bp [bpadd -addr &XFsbl_Exit]' command is executed.
16:11:19 INFO  : 'con -block -timeout 60' command is executed.
16:11:19 INFO  : 'bpremove $bp_11_18_fsbl_bp' command is executed.
16:11:19 INFO  : Context for processor 'psu_cortexa53_0' is selected.
16:11:19 INFO  : Processor reset is completed for 'psu_cortexa53_0'.
16:11:20 INFO  : The application '/home/dani/Desktop/SDU_Master/EmbeddedSystems/final_assignment/vitis_ide/images_uart_application/Debug/images_uart_application.elf' is downloaded to processor 'psu_cortexa53_0'.
16:11:20 INFO  : 'configparams force-mem-access 0' command is executed.
16:11:20 INFO  : ----------------XSDB Script----------------
connect -url tcp:127.0.0.1:3121
source /home/dani/Xilinx/Vitis/2022.2/scripts/vitis/util/zynqmp_utils.tcl
targets -set -nocase -filter {name =~"APU*"}
rst -system
after 3000
targets -set -filter {jtag_cable_name =~ "Avnet USB-to-JTAG/UART Pod V1 1234-oj1A" && level==0 && jtag_device_ctx=="jsn-USB-to-JTAG/UART Pod V1-1234-oj1A-14710093-0"}
fpga -file /home/dani/Desktop/SDU_Master/EmbeddedSystems/final_assignment/vitis_ide/images_uart_application/_ide/bitstream/final_bitstream.bit
targets -set -nocase -filter {name =~"APU*"}
loadhw -hw /home/dani/Desktop/SDU_Master/EmbeddedSystems/final_assignment/vitis_ide/cnn_project/export/cnn_project/hw/final_bitstream.xsa -mem-ranges [list {0x80000000 0xbfffffff} {0x400000000 0x5ffffffff} {0x1000000000 0x7fffffffff}] -regs
configparams force-mem-access 1
targets -set -nocase -filter {name =~"APU*"}
set mode [expr [mrd -value 0xFF5E0200] & 0xf]
targets -set -nocase -filter {name =~ "*A53*#0"}
rst -processor
dow /home/dani/Desktop/SDU_Master/EmbeddedSystems/final_assignment/vitis_ide/cnn_project/export/cnn_project/sw/cnn_project/boot/fsbl.elf
set bp_11_18_fsbl_bp [bpadd -addr &XFsbl_Exit]
con -block -timeout 60
bpremove $bp_11_18_fsbl_bp
targets -set -nocase -filter {name =~ "*A53*#0"}
rst -processor
dow /home/dani/Desktop/SDU_Master/EmbeddedSystems/final_assignment/vitis_ide/images_uart_application/Debug/images_uart_application.elf
configparams force-mem-access 0
----------------End of Script----------------

16:11:20 INFO  : Context for processor 'psu_cortexa53_0' is selected.
16:11:20 INFO  : 'con' command is executed.
16:11:20 INFO  : ----------------XSDB Script (After Launch)----------------
targets -set -nocase -filter {name =~ "*A53*#0"}
con
----------------End of Script----------------

16:11:20 INFO  : Launch script is exported to file '/home/dani/Desktop/SDU_Master/EmbeddedSystems/final_assignment/vitis_ide/images_uart_application_system/_ide/scripts/systemdebugger_images_uart_application_system_standalone.tcl'
16:18:05 INFO  : Disconnected from the channel tcfchan#1.
16:18:05 INFO  : Connected to target on host '127.0.0.1' and port '3121'.
16:18:05 INFO  : Jtag cable 'Avnet USB-to-JTAG/UART Pod V1 1234-oj1A' is selected.
16:18:05 INFO  : 'jtag frequency' command is executed.
16:18:05 INFO  : Sourcing of '/home/dani/Xilinx/Vitis/2022.2/scripts/vitis/util/zynqmp_utils.tcl' is done.
16:18:05 INFO  : Context for 'APU' is selected.
16:18:05 INFO  : System reset is completed.
16:18:08 INFO  : 'after 3000' command is executed.
16:18:08 INFO  : 'targets -set -filter {jtag_cable_name =~ "Avnet USB-to-JTAG/UART Pod V1 1234-oj1A" && level==0 && jtag_device_ctx=="jsn-USB-to-JTAG/UART Pod V1-1234-oj1A-14710093-0"}' command is executed.
16:18:12 INFO  : Device configured successfully with "/home/dani/Desktop/SDU_Master/EmbeddedSystems/final_assignment/vitis_ide/images_uart_application/_ide/bitstream/final_bitstream.bit"
16:18:12 INFO  : Context for 'APU' is selected.
16:18:16 INFO  : Hardware design and registers information is loaded from '/home/dani/Desktop/SDU_Master/EmbeddedSystems/final_assignment/vitis_ide/cnn_project/export/cnn_project/hw/final_bitstream.xsa'.
16:18:16 INFO  : 'configparams force-mem-access 1' command is executed.
16:18:16 INFO  : Context for 'APU' is selected.
16:18:16 INFO  : Boot mode is read from the target.
16:18:16 INFO  : Context for processor 'psu_cortexa53_0' is selected.
16:18:17 INFO  : Processor reset is completed for 'psu_cortexa53_0'.
16:18:17 INFO  : The application '/home/dani/Desktop/SDU_Master/EmbeddedSystems/final_assignment/vitis_ide/cnn_project/export/cnn_project/sw/cnn_project/boot/fsbl.elf' is downloaded to processor 'psu_cortexa53_0'.
16:18:17 INFO  : 'set bp_18_17_fsbl_bp [bpadd -addr &XFsbl_Exit]' command is executed.
16:18:18 INFO  : 'con -block -timeout 60' command is executed.
16:18:18 INFO  : 'bpremove $bp_18_17_fsbl_bp' command is executed.
16:18:18 INFO  : Context for processor 'psu_cortexa53_0' is selected.
16:18:18 INFO  : Processor reset is completed for 'psu_cortexa53_0'.
16:18:19 INFO  : The application '/home/dani/Desktop/SDU_Master/EmbeddedSystems/final_assignment/vitis_ide/images_uart_application/Debug/images_uart_application.elf' is downloaded to processor 'psu_cortexa53_0'.
16:18:19 INFO  : 'configparams force-mem-access 0' command is executed.
16:18:19 INFO  : ----------------XSDB Script----------------
connect -url tcp:127.0.0.1:3121
source /home/dani/Xilinx/Vitis/2022.2/scripts/vitis/util/zynqmp_utils.tcl
targets -set -nocase -filter {name =~"APU*"}
rst -system
after 3000
targets -set -filter {jtag_cable_name =~ "Avnet USB-to-JTAG/UART Pod V1 1234-oj1A" && level==0 && jtag_device_ctx=="jsn-USB-to-JTAG/UART Pod V1-1234-oj1A-14710093-0"}
fpga -file /home/dani/Desktop/SDU_Master/EmbeddedSystems/final_assignment/vitis_ide/images_uart_application/_ide/bitstream/final_bitstream.bit
targets -set -nocase -filter {name =~"APU*"}
loadhw -hw /home/dani/Desktop/SDU_Master/EmbeddedSystems/final_assignment/vitis_ide/cnn_project/export/cnn_project/hw/final_bitstream.xsa -mem-ranges [list {0x80000000 0xbfffffff} {0x400000000 0x5ffffffff} {0x1000000000 0x7fffffffff}] -regs
configparams force-mem-access 1
targets -set -nocase -filter {name =~"APU*"}
set mode [expr [mrd -value 0xFF5E0200] & 0xf]
targets -set -nocase -filter {name =~ "*A53*#0"}
rst -processor
dow /home/dani/Desktop/SDU_Master/EmbeddedSystems/final_assignment/vitis_ide/cnn_project/export/cnn_project/sw/cnn_project/boot/fsbl.elf
set bp_18_17_fsbl_bp [bpadd -addr &XFsbl_Exit]
con -block -timeout 60
bpremove $bp_18_17_fsbl_bp
targets -set -nocase -filter {name =~ "*A53*#0"}
rst -processor
dow /home/dani/Desktop/SDU_Master/EmbeddedSystems/final_assignment/vitis_ide/images_uart_application/Debug/images_uart_application.elf
configparams force-mem-access 0
----------------End of Script----------------

16:18:19 INFO  : Context for processor 'psu_cortexa53_0' is selected.
16:18:19 INFO  : 'con' command is executed.
16:18:19 INFO  : ----------------XSDB Script (After Launch)----------------
targets -set -nocase -filter {name =~ "*A53*#0"}
con
----------------End of Script----------------

16:18:19 INFO  : Launch script is exported to file '/home/dani/Desktop/SDU_Master/EmbeddedSystems/final_assignment/vitis_ide/images_uart_application_system/_ide/scripts/systemdebugger_images_uart_application_system_standalone.tcl'
16:59:32 INFO  : Disconnected from the channel tcfchan#2.
16:59:32 INFO  : Connected to target on host '127.0.0.1' and port '3121'.
16:59:32 INFO  : Jtag cable 'Avnet USB-to-JTAG/UART Pod V1 1234-oj1A' is selected.
16:59:32 INFO  : 'jtag frequency' command is executed.
16:59:32 INFO  : Sourcing of '/home/dani/Xilinx/Vitis/2022.2/scripts/vitis/util/zynqmp_utils.tcl' is done.
16:59:32 INFO  : Context for 'APU' is selected.
16:59:33 INFO  : System reset is completed.
16:59:36 INFO  : 'after 3000' command is executed.
16:59:36 INFO  : 'targets -set -filter {jtag_cable_name =~ "Avnet USB-to-JTAG/UART Pod V1 1234-oj1A" && level==0 && jtag_device_ctx=="jsn-USB-to-JTAG/UART Pod V1-1234-oj1A-14710093-0"}' command is executed.
16:59:39 INFO  : Device configured successfully with "/home/dani/Desktop/SDU_Master/EmbeddedSystems/final_assignment/vitis_ide/images_uart_application/_ide/bitstream/final_bitstream.bit"
16:59:39 INFO  : Context for 'APU' is selected.
16:59:44 INFO  : Hardware design and registers information is loaded from '/home/dani/Desktop/SDU_Master/EmbeddedSystems/final_assignment/vitis_ide/cnn_project/export/cnn_project/hw/final_bitstream.xsa'.
16:59:44 INFO  : 'configparams force-mem-access 1' command is executed.
16:59:44 INFO  : Context for 'APU' is selected.
16:59:44 INFO  : Boot mode is read from the target.
16:59:44 INFO  : Context for processor 'psu_cortexa53_0' is selected.
16:59:44 INFO  : Processor reset is completed for 'psu_cortexa53_0'.
16:59:45 INFO  : The application '/home/dani/Desktop/SDU_Master/EmbeddedSystems/final_assignment/vitis_ide/cnn_project/export/cnn_project/sw/cnn_project/boot/fsbl.elf' is downloaded to processor 'psu_cortexa53_0'.
16:59:45 INFO  : 'set bp_59_45_fsbl_bp [bpadd -addr &XFsbl_Exit]' command is executed.
16:59:46 INFO  : 'con -block -timeout 60' command is executed.
16:59:46 INFO  : 'bpremove $bp_59_45_fsbl_bp' command is executed.
16:59:46 INFO  : Context for processor 'psu_cortexa53_0' is selected.
16:59:46 INFO  : Processor reset is completed for 'psu_cortexa53_0'.
16:59:46 INFO  : The application '/home/dani/Desktop/SDU_Master/EmbeddedSystems/final_assignment/vitis_ide/images_uart_application/Debug/images_uart_application.elf' is downloaded to processor 'psu_cortexa53_0'.
16:59:46 INFO  : 'configparams force-mem-access 0' command is executed.
16:59:46 INFO  : ----------------XSDB Script----------------
connect -url tcp:127.0.0.1:3121
source /home/dani/Xilinx/Vitis/2022.2/scripts/vitis/util/zynqmp_utils.tcl
targets -set -nocase -filter {name =~"APU*"}
rst -system
after 3000
targets -set -filter {jtag_cable_name =~ "Avnet USB-to-JTAG/UART Pod V1 1234-oj1A" && level==0 && jtag_device_ctx=="jsn-USB-to-JTAG/UART Pod V1-1234-oj1A-14710093-0"}
fpga -file /home/dani/Desktop/SDU_Master/EmbeddedSystems/final_assignment/vitis_ide/images_uart_application/_ide/bitstream/final_bitstream.bit
targets -set -nocase -filter {name =~"APU*"}
loadhw -hw /home/dani/Desktop/SDU_Master/EmbeddedSystems/final_assignment/vitis_ide/cnn_project/export/cnn_project/hw/final_bitstream.xsa -mem-ranges [list {0x80000000 0xbfffffff} {0x400000000 0x5ffffffff} {0x1000000000 0x7fffffffff}] -regs
configparams force-mem-access 1
targets -set -nocase -filter {name =~"APU*"}
set mode [expr [mrd -value 0xFF5E0200] & 0xf]
targets -set -nocase -filter {name =~ "*A53*#0"}
rst -processor
dow /home/dani/Desktop/SDU_Master/EmbeddedSystems/final_assignment/vitis_ide/cnn_project/export/cnn_project/sw/cnn_project/boot/fsbl.elf
set bp_59_45_fsbl_bp [bpadd -addr &XFsbl_Exit]
con -block -timeout 60
bpremove $bp_59_45_fsbl_bp
targets -set -nocase -filter {name =~ "*A53*#0"}
rst -processor
dow /home/dani/Desktop/SDU_Master/EmbeddedSystems/final_assignment/vitis_ide/images_uart_application/Debug/images_uart_application.elf
configparams force-mem-access 0
----------------End of Script----------------

16:59:46 INFO  : Context for processor 'psu_cortexa53_0' is selected.
16:59:46 INFO  : 'con' command is executed.
16:59:46 INFO  : ----------------XSDB Script (After Launch)----------------
targets -set -nocase -filter {name =~ "*A53*#0"}
con
----------------End of Script----------------

16:59:46 INFO  : Launch script is exported to file '/home/dani/Desktop/SDU_Master/EmbeddedSystems/final_assignment/vitis_ide/images_uart_application_system/_ide/scripts/systemdebugger_images_uart_application_system_standalone.tcl'
17:11:54 INFO  : Checking for BSP changes to sync application flags for project 'cnn_predict_application'...
17:11:57 ERROR : (XSDB Server)ERROR: [Hsi 55-1571] The design file /home/dani/Desktop/SDU_Master/EmbeddedSystems/final_assignment/vitis_ide/cnn_project/export/cnn_project/hw/final_bitstream.xsa is already opened

17:11:57 ERROR : (XSDB Server)readelf: Error: '/home/dani/Desktop/SDU_Master/EmbeddedSystems/final_assignment/vitis_ide/cnn_project/export/cnn_project/sw/fsbl.elf': No such file

17:12:19 INFO  : Disconnected from the channel tcfchan#3.
17:12:20 INFO  : Connected to target on host '127.0.0.1' and port '3121'.
17:12:21 INFO  : Jtag cable 'Avnet USB-to-JTAG/UART Pod V1 1234-oj1A' is selected.
17:12:21 INFO  : 'jtag frequency' command is executed.
17:12:21 INFO  : Sourcing of '/home/dani/Xilinx/Vitis/2022.2/scripts/vitis/util/zynqmp_utils.tcl' is done.
17:12:21 INFO  : Context for 'APU' is selected.
17:12:21 INFO  : System reset is completed.
17:12:24 INFO  : 'after 3000' command is executed.
17:12:24 INFO  : 'targets -set -filter {jtag_cable_name =~ "Avnet USB-to-JTAG/UART Pod V1 1234-oj1A" && level==0 && jtag_device_ctx=="jsn-USB-to-JTAG/UART Pod V1-1234-oj1A-14710093-0"}' command is executed.
17:12:27 INFO  : Device configured successfully with "/home/dani/Desktop/SDU_Master/EmbeddedSystems/final_assignment/vitis_ide/cnn_predict_application/_ide/bitstream/final_bitstream.bit"
17:12:27 INFO  : Context for 'APU' is selected.
17:12:31 INFO  : Hardware design and registers information is loaded from '/home/dani/Desktop/SDU_Master/EmbeddedSystems/final_assignment/vitis_ide/cnn_project/export/cnn_project/hw/final_bitstream.xsa'.
17:12:31 INFO  : 'configparams force-mem-access 1' command is executed.
17:12:31 INFO  : Context for 'APU' is selected.
17:12:31 INFO  : Boot mode is read from the target.
17:12:31 INFO  : Context for processor 'psu_cortexa53_0' is selected.
17:12:31 INFO  : Processor reset is completed for 'psu_cortexa53_0'.
17:12:32 INFO  : The application '/home/dani/Desktop/SDU_Master/EmbeddedSystems/final_assignment/vitis_ide/cnn_project/export/cnn_project/sw/cnn_project/boot/fsbl.elf' is downloaded to processor 'psu_cortexa53_0'.
17:12:32 INFO  : 'set bp_12_32_fsbl_bp [bpadd -addr &XFsbl_Exit]' command is executed.
17:12:33 INFO  : 'con -block -timeout 60' command is executed.
17:12:33 INFO  : 'bpremove $bp_12_32_fsbl_bp' command is executed.
17:12:33 INFO  : Context for processor 'psu_cortexa53_0' is selected.
17:12:33 INFO  : Processor reset is completed for 'psu_cortexa53_0'.
17:12:33 INFO  : The application '/home/dani/Desktop/SDU_Master/EmbeddedSystems/final_assignment/vitis_ide/cnn_predict_application/Debug/cnn_predict_application.elf' is downloaded to processor 'psu_cortexa53_0'.
17:12:33 INFO  : 'configparams force-mem-access 0' command is executed.
17:12:33 INFO  : ----------------XSDB Script----------------
connect -url tcp:127.0.0.1:3121
source /home/dani/Xilinx/Vitis/2022.2/scripts/vitis/util/zynqmp_utils.tcl
targets -set -nocase -filter {name =~"APU*"}
rst -system
after 3000
targets -set -filter {jtag_cable_name =~ "Avnet USB-to-JTAG/UART Pod V1 1234-oj1A" && level==0 && jtag_device_ctx=="jsn-USB-to-JTAG/UART Pod V1-1234-oj1A-14710093-0"}
fpga -file /home/dani/Desktop/SDU_Master/EmbeddedSystems/final_assignment/vitis_ide/cnn_predict_application/_ide/bitstream/final_bitstream.bit
targets -set -nocase -filter {name =~"APU*"}
loadhw -hw /home/dani/Desktop/SDU_Master/EmbeddedSystems/final_assignment/vitis_ide/cnn_project/export/cnn_project/hw/final_bitstream.xsa -mem-ranges [list {0x80000000 0xbfffffff} {0x400000000 0x5ffffffff} {0x1000000000 0x7fffffffff}] -regs
configparams force-mem-access 1
targets -set -nocase -filter {name =~"APU*"}
set mode [expr [mrd -value 0xFF5E0200] & 0xf]
targets -set -nocase -filter {name =~ "*A53*#0"}
rst -processor
dow /home/dani/Desktop/SDU_Master/EmbeddedSystems/final_assignment/vitis_ide/cnn_project/export/cnn_project/sw/cnn_project/boot/fsbl.elf
set bp_12_32_fsbl_bp [bpadd -addr &XFsbl_Exit]
con -block -timeout 60
bpremove $bp_12_32_fsbl_bp
targets -set -nocase -filter {name =~ "*A53*#0"}
rst -processor
dow /home/dani/Desktop/SDU_Master/EmbeddedSystems/final_assignment/vitis_ide/cnn_predict_application/Debug/cnn_predict_application.elf
configparams force-mem-access 0
----------------End of Script----------------

17:12:33 INFO  : Context for processor 'psu_cortexa53_0' is selected.
17:12:33 INFO  : 'con' command is executed.
17:12:33 INFO  : ----------------XSDB Script (After Launch)----------------
targets -set -nocase -filter {name =~ "*A53*#0"}
con
----------------End of Script----------------

17:12:33 INFO  : Launch script is exported to file '/home/dani/Desktop/SDU_Master/EmbeddedSystems/final_assignment/vitis_ide/cnn_predict_application_system/_ide/scripts/systemdebugger_cnn_predict_application_system_standalone.tcl'
17:19:49 INFO  : Disconnected from the channel tcfchan#5.
17:19:49 INFO  : Connected to target on host '127.0.0.1' and port '3121'.
17:19:49 INFO  : Jtag cable 'Avnet USB-to-JTAG/UART Pod V1 1234-oj1A' is selected.
17:19:49 INFO  : 'jtag frequency' command is executed.
17:19:49 INFO  : Sourcing of '/home/dani/Xilinx/Vitis/2022.2/scripts/vitis/util/zynqmp_utils.tcl' is done.
17:19:49 INFO  : Context for 'APU' is selected.
17:19:50 INFO  : System reset is completed.
17:19:53 INFO  : 'after 3000' command is executed.
17:19:53 INFO  : 'targets -set -filter {jtag_cable_name =~ "Avnet USB-to-JTAG/UART Pod V1 1234-oj1A" && level==0 && jtag_device_ctx=="jsn-USB-to-JTAG/UART Pod V1-1234-oj1A-14710093-0"}' command is executed.
17:19:56 INFO  : Device configured successfully with "/home/dani/Desktop/SDU_Master/EmbeddedSystems/final_assignment/vitis_ide/cnn_predict_application/_ide/bitstream/final_bitstream.bit"
17:19:56 INFO  : Context for 'APU' is selected.
17:20:01 INFO  : Hardware design and registers information is loaded from '/home/dani/Desktop/SDU_Master/EmbeddedSystems/final_assignment/vitis_ide/cnn_project/export/cnn_project/hw/final_bitstream.xsa'.
17:20:01 INFO  : 'configparams force-mem-access 1' command is executed.
17:20:01 INFO  : Context for 'APU' is selected.
17:20:01 INFO  : Boot mode is read from the target.
17:20:01 INFO  : Context for processor 'psu_cortexa53_0' is selected.
17:20:01 INFO  : Processor reset is completed for 'psu_cortexa53_0'.
17:20:01 INFO  : The application '/home/dani/Desktop/SDU_Master/EmbeddedSystems/final_assignment/vitis_ide/cnn_project/export/cnn_project/sw/cnn_project/boot/fsbl.elf' is downloaded to processor 'psu_cortexa53_0'.
17:20:01 INFO  : 'set bp_20_1_fsbl_bp [bpadd -addr &XFsbl_Exit]' command is executed.
17:20:02 INFO  : 'con -block -timeout 60' command is executed.
17:20:02 INFO  : 'bpremove $bp_20_1_fsbl_bp' command is executed.
17:20:02 INFO  : Context for processor 'psu_cortexa53_0' is selected.
17:20:02 INFO  : Processor reset is completed for 'psu_cortexa53_0'.
17:20:03 INFO  : The application '/home/dani/Desktop/SDU_Master/EmbeddedSystems/final_assignment/vitis_ide/cnn_predict_application/Debug/cnn_predict_application.elf' is downloaded to processor 'psu_cortexa53_0'.
17:20:03 INFO  : 'configparams force-mem-access 0' command is executed.
17:20:03 INFO  : ----------------XSDB Script----------------
connect -url tcp:127.0.0.1:3121
source /home/dani/Xilinx/Vitis/2022.2/scripts/vitis/util/zynqmp_utils.tcl
targets -set -nocase -filter {name =~"APU*"}
rst -system
after 3000
targets -set -filter {jtag_cable_name =~ "Avnet USB-to-JTAG/UART Pod V1 1234-oj1A" && level==0 && jtag_device_ctx=="jsn-USB-to-JTAG/UART Pod V1-1234-oj1A-14710093-0"}
fpga -file /home/dani/Desktop/SDU_Master/EmbeddedSystems/final_assignment/vitis_ide/cnn_predict_application/_ide/bitstream/final_bitstream.bit
targets -set -nocase -filter {name =~"APU*"}
loadhw -hw /home/dani/Desktop/SDU_Master/EmbeddedSystems/final_assignment/vitis_ide/cnn_project/export/cnn_project/hw/final_bitstream.xsa -mem-ranges [list {0x80000000 0xbfffffff} {0x400000000 0x5ffffffff} {0x1000000000 0x7fffffffff}] -regs
configparams force-mem-access 1
targets -set -nocase -filter {name =~"APU*"}
set mode [expr [mrd -value 0xFF5E0200] & 0xf]
targets -set -nocase -filter {name =~ "*A53*#0"}
rst -processor
dow /home/dani/Desktop/SDU_Master/EmbeddedSystems/final_assignment/vitis_ide/cnn_project/export/cnn_project/sw/cnn_project/boot/fsbl.elf
set bp_20_1_fsbl_bp [bpadd -addr &XFsbl_Exit]
con -block -timeout 60
bpremove $bp_20_1_fsbl_bp
targets -set -nocase -filter {name =~ "*A53*#0"}
rst -processor
dow /home/dani/Desktop/SDU_Master/EmbeddedSystems/final_assignment/vitis_ide/cnn_predict_application/Debug/cnn_predict_application.elf
configparams force-mem-access 0
----------------End of Script----------------

17:20:03 INFO  : Context for processor 'psu_cortexa53_0' is selected.
17:20:03 INFO  : 'con' command is executed.
17:20:03 INFO  : ----------------XSDB Script (After Launch)----------------
targets -set -nocase -filter {name =~ "*A53*#0"}
con
----------------End of Script----------------

17:20:03 INFO  : Launch script is exported to file '/home/dani/Desktop/SDU_Master/EmbeddedSystems/final_assignment/vitis_ide/cnn_predict_application_system/_ide/scripts/systemdebugger_cnn_predict_application_system_standalone.tcl'
17:21:03 INFO  : Checking for BSP changes to sync application flags for project 'cnn_predict_application'...
17:21:05 ERROR : (XSDB Server)ERROR: [Hsi 55-1571] The design file /home/dani/Desktop/SDU_Master/EmbeddedSystems/final_assignment/vitis_ide/cnn_project/export/cnn_project/hw/final_bitstream.xsa is already opened

17:21:05 ERROR : (XSDB Server)readelf: Error: '/home/dani/Desktop/SDU_Master/EmbeddedSystems/final_assignment/vitis_ide/cnn_project/export/cnn_project/sw/fsbl.elf': No such file

17:21:12 INFO  : Disconnected from the channel tcfchan#6.
17:21:12 INFO  : Connected to target on host '127.0.0.1' and port '3121'.
17:21:12 INFO  : Jtag cable 'Avnet USB-to-JTAG/UART Pod V1 1234-oj1A' is selected.
17:21:12 INFO  : 'jtag frequency' command is executed.
17:21:12 INFO  : Sourcing of '/home/dani/Xilinx/Vitis/2022.2/scripts/vitis/util/zynqmp_utils.tcl' is done.
17:21:12 INFO  : Context for 'APU' is selected.
17:21:12 INFO  : System reset is completed.
17:21:15 INFO  : 'after 3000' command is executed.
17:21:15 INFO  : 'targets -set -filter {jtag_cable_name =~ "Avnet USB-to-JTAG/UART Pod V1 1234-oj1A" && level==0 && jtag_device_ctx=="jsn-USB-to-JTAG/UART Pod V1-1234-oj1A-14710093-0"}' command is executed.
17:21:18 INFO  : Device configured successfully with "/home/dani/Desktop/SDU_Master/EmbeddedSystems/final_assignment/vitis_ide/cnn_predict_application/_ide/bitstream/final_bitstream.bit"
17:21:18 INFO  : Context for 'APU' is selected.
17:21:22 INFO  : Hardware design and registers information is loaded from '/home/dani/Desktop/SDU_Master/EmbeddedSystems/final_assignment/vitis_ide/cnn_project/export/cnn_project/hw/final_bitstream.xsa'.
17:21:22 INFO  : 'configparams force-mem-access 1' command is executed.
17:21:22 INFO  : Context for 'APU' is selected.
17:21:22 INFO  : Boot mode is read from the target.
17:21:22 INFO  : Context for processor 'psu_cortexa53_0' is selected.
17:21:22 INFO  : Processor reset is completed for 'psu_cortexa53_0'.
17:21:23 INFO  : The application '/home/dani/Desktop/SDU_Master/EmbeddedSystems/final_assignment/vitis_ide/cnn_project/export/cnn_project/sw/cnn_project/boot/fsbl.elf' is downloaded to processor 'psu_cortexa53_0'.
17:21:23 INFO  : 'set bp_21_23_fsbl_bp [bpadd -addr &XFsbl_Exit]' command is executed.
17:21:24 INFO  : 'con -block -timeout 60' command is executed.
17:21:24 INFO  : 'bpremove $bp_21_23_fsbl_bp' command is executed.
17:21:24 INFO  : Context for processor 'psu_cortexa53_0' is selected.
17:21:24 INFO  : Processor reset is completed for 'psu_cortexa53_0'.
17:21:25 INFO  : The application '/home/dani/Desktop/SDU_Master/EmbeddedSystems/final_assignment/vitis_ide/cnn_predict_application/Debug/cnn_predict_application.elf' is downloaded to processor 'psu_cortexa53_0'.
17:21:25 INFO  : 'configparams force-mem-access 0' command is executed.
17:21:25 INFO  : ----------------XSDB Script----------------
connect -url tcp:127.0.0.1:3121
source /home/dani/Xilinx/Vitis/2022.2/scripts/vitis/util/zynqmp_utils.tcl
targets -set -nocase -filter {name =~"APU*"}
rst -system
after 3000
targets -set -filter {jtag_cable_name =~ "Avnet USB-to-JTAG/UART Pod V1 1234-oj1A" && level==0 && jtag_device_ctx=="jsn-USB-to-JTAG/UART Pod V1-1234-oj1A-14710093-0"}
fpga -file /home/dani/Desktop/SDU_Master/EmbeddedSystems/final_assignment/vitis_ide/cnn_predict_application/_ide/bitstream/final_bitstream.bit
targets -set -nocase -filter {name =~"APU*"}
loadhw -hw /home/dani/Desktop/SDU_Master/EmbeddedSystems/final_assignment/vitis_ide/cnn_project/export/cnn_project/hw/final_bitstream.xsa -mem-ranges [list {0x80000000 0xbfffffff} {0x400000000 0x5ffffffff} {0x1000000000 0x7fffffffff}] -regs
configparams force-mem-access 1
targets -set -nocase -filter {name =~"APU*"}
set mode [expr [mrd -value 0xFF5E0200] & 0xf]
targets -set -nocase -filter {name =~ "*A53*#0"}
rst -processor
dow /home/dani/Desktop/SDU_Master/EmbeddedSystems/final_assignment/vitis_ide/cnn_project/export/cnn_project/sw/cnn_project/boot/fsbl.elf
set bp_21_23_fsbl_bp [bpadd -addr &XFsbl_Exit]
con -block -timeout 60
bpremove $bp_21_23_fsbl_bp
targets -set -nocase -filter {name =~ "*A53*#0"}
rst -processor
dow /home/dani/Desktop/SDU_Master/EmbeddedSystems/final_assignment/vitis_ide/cnn_predict_application/Debug/cnn_predict_application.elf
configparams force-mem-access 0
----------------End of Script----------------

17:21:25 INFO  : Context for processor 'psu_cortexa53_0' is selected.
17:21:25 INFO  : 'con' command is executed.
17:21:25 INFO  : ----------------XSDB Script (After Launch)----------------
targets -set -nocase -filter {name =~ "*A53*#0"}
con
----------------End of Script----------------

17:21:25 INFO  : Launch script is exported to file '/home/dani/Desktop/SDU_Master/EmbeddedSystems/final_assignment/vitis_ide/cnn_predict_application_system/_ide/scripts/systemdebugger_cnn_predict_application_system_standalone.tcl'
17:23:12 INFO  : Disconnected from the channel tcfchan#8.
22:45:15 DEBUG : Logs will be stored at '/home/dani/Desktop/SDU_Master/EmbeddedSystems/final_assignment/vitis_ide/IDE.log'.
22:45:15 INFO  : Launching XSCT server: xsct -n  -interactive /home/dani/Desktop/SDU_Master/EmbeddedSystems/final_assignment/vitis_ide/temp_xsdb_launch_script.tcl
22:45:16 INFO  : Registering command handlers for Vitis TCF services
22:45:17 INFO  : Platform repository initialization has completed.
22:45:17 INFO  : XSCT server has started successfully.
22:45:17 INFO  : plnx-install-location is set to ''
22:45:17 INFO  : Successfully done setting XSCT server connection channel  
22:45:18 INFO  : Successfully done setting workspace for the tool. 
22:45:18 INFO  : Successfully done query RDI_DATADIR 
10:04:32 DEBUG : Logs will be stored at '/home/dani/Desktop/SDU_Master/EmbeddedSystems/final_assignment/vitis_ide/IDE.log'.
10:04:32 INFO  : Launching XSCT server: xsct -n  -interactive /home/dani/Desktop/SDU_Master/EmbeddedSystems/final_assignment/vitis_ide/temp_xsdb_launch_script.tcl
10:04:34 INFO  : Platform repository initialization has completed.
10:04:34 INFO  : Registering command handlers for Vitis TCF services
10:04:34 INFO  : XSCT server has started successfully.
10:04:34 INFO  : Successfully done setting XSCT server connection channel  
10:04:35 INFO  : plnx-install-location is set to ''
10:04:35 INFO  : Successfully done setting workspace for the tool. 
10:04:35 INFO  : Successfully done query RDI_DATADIR 
18:12:42 DEBUG : Logs will be stored at '/home/dani/Desktop/SDU_Master/EmbeddedSystems/final_assignment/vitis_ide/IDE.log'.
18:12:42 INFO  : Launching XSCT server: xsct -n  -interactive /home/dani/Desktop/SDU_Master/EmbeddedSystems/final_assignment/vitis_ide/temp_xsdb_launch_script.tcl
18:12:43 INFO  : Platform repository initialization has completed.
18:12:43 INFO  : Registering command handlers for Vitis TCF services
18:12:44 INFO  : XSCT server has started successfully.
18:12:44 INFO  : plnx-install-location is set to ''
18:12:44 INFO  : Successfully done setting XSCT server connection channel  
18:12:44 INFO  : Successfully done query RDI_DATADIR 
18:12:44 INFO  : Successfully done setting workspace for the tool. 
18:14:01 INFO  : Result from executing command 'getProjects': cnn_project
18:14:01 INFO  : Result from executing command 'getPlatforms': cnn_project|/home/dani/Desktop/SDU_Master/EmbeddedSystems/final_assignment/vitis_ide/cnn_project/export/cnn_project/cnn_project.xpfm;xilinx_zcu102_base_202220_1|/home/dani/Xilinx/Vitis/2022.2/base_platforms/xilinx_zcu102_base_202220_1/xilinx_zcu102_base_202220_1.xpfm;xilinx_zcu102_base_dfx_202220_1|/home/dani/Xilinx/Vitis/2022.2/base_platforms/xilinx_zcu102_base_dfx_202220_1/xilinx_zcu102_base_dfx_202220_1.xpfm;xilinx_zcu104_base_202220_1|/home/dani/Xilinx/Vitis/2022.2/base_platforms/xilinx_zcu104_base_202220_1/xilinx_zcu104_base_202220_1.xpfm
18:14:05 INFO  : Checking for BSP changes to sync application flags for project 'images_uart_application'...
18:14:12 ERROR : (XSDB Server)readelf: Error: '/home/dani/Desktop/SDU_Master/EmbeddedSystems/final_assignment/vitis_ide/cnn_project/export/cnn_project/sw/fsbl.elf': No such file

18:14:48 INFO  : Connected to target on host '127.0.0.1' and port '3121'.
18:14:48 INFO  : Jtag cable 'Avnet USB-to-JTAG/UART Pod V1 1234-oj1A' is selected.
18:14:48 INFO  : 'jtag frequency' command is executed.
18:14:48 INFO  : Sourcing of '/home/dani/Xilinx/Vitis/2022.2/scripts/vitis/util/zynqmp_utils.tcl' is done.
18:14:48 INFO  : Context for 'APU' is selected.
18:14:49 INFO  : System reset is completed.
18:14:52 INFO  : 'after 3000' command is executed.
18:14:52 INFO  : 'targets -set -filter {jtag_cable_name =~ "Avnet USB-to-JTAG/UART Pod V1 1234-oj1A" && level==0 && jtag_device_ctx=="jsn-USB-to-JTAG/UART Pod V1-1234-oj1A-14710093-0"}' command is executed.
18:14:55 INFO  : Device configured successfully with "/home/dani/Desktop/SDU_Master/EmbeddedSystems/final_assignment/vitis_ide/images_uart_application/_ide/bitstream/final_bitstream.bit"
18:14:55 INFO  : Context for 'APU' is selected.
18:14:56 INFO  : Hardware design and registers information is loaded from '/home/dani/Desktop/SDU_Master/EmbeddedSystems/final_assignment/vitis_ide/cnn_project/export/cnn_project/hw/final_bitstream.xsa'.
18:14:56 INFO  : 'configparams force-mem-access 1' command is executed.
18:14:56 INFO  : Context for 'APU' is selected.
18:14:56 INFO  : Boot mode is read from the target.
18:14:56 INFO  : Context for processor 'psu_cortexa53_0' is selected.
18:14:56 INFO  : Processor reset is completed for 'psu_cortexa53_0'.
18:14:56 INFO  : The application '/home/dani/Desktop/SDU_Master/EmbeddedSystems/final_assignment/vitis_ide/cnn_project/export/cnn_project/sw/cnn_project/boot/fsbl.elf' is downloaded to processor 'psu_cortexa53_0'.
18:14:56 INFO  : 'set bp_14_56_fsbl_bp [bpadd -addr &XFsbl_Exit]' command is executed.
18:14:57 INFO  : 'con -block -timeout 60' command is executed.
18:14:57 INFO  : 'bpremove $bp_14_56_fsbl_bp' command is executed.
18:14:57 INFO  : Context for processor 'psu_cortexa53_0' is selected.
18:14:57 INFO  : Processor reset is completed for 'psu_cortexa53_0'.
18:14:58 INFO  : The application '/home/dani/Desktop/SDU_Master/EmbeddedSystems/final_assignment/vitis_ide/images_uart_application/Debug/images_uart_application.elf' is downloaded to processor 'psu_cortexa53_0'.
18:14:58 INFO  : 'configparams force-mem-access 0' command is executed.
18:14:58 INFO  : ----------------XSDB Script----------------
connect -url tcp:127.0.0.1:3121
source /home/dani/Xilinx/Vitis/2022.2/scripts/vitis/util/zynqmp_utils.tcl
targets -set -nocase -filter {name =~"APU*"}
rst -system
after 3000
targets -set -filter {jtag_cable_name =~ "Avnet USB-to-JTAG/UART Pod V1 1234-oj1A" && level==0 && jtag_device_ctx=="jsn-USB-to-JTAG/UART Pod V1-1234-oj1A-14710093-0"}
fpga -file /home/dani/Desktop/SDU_Master/EmbeddedSystems/final_assignment/vitis_ide/images_uart_application/_ide/bitstream/final_bitstream.bit
targets -set -nocase -filter {name =~"APU*"}
loadhw -hw /home/dani/Desktop/SDU_Master/EmbeddedSystems/final_assignment/vitis_ide/cnn_project/export/cnn_project/hw/final_bitstream.xsa -mem-ranges [list {0x80000000 0xbfffffff} {0x400000000 0x5ffffffff} {0x1000000000 0x7fffffffff}] -regs
configparams force-mem-access 1
targets -set -nocase -filter {name =~"APU*"}
set mode [expr [mrd -value 0xFF5E0200] & 0xf]
targets -set -nocase -filter {name =~ "*A53*#0"}
rst -processor
dow /home/dani/Desktop/SDU_Master/EmbeddedSystems/final_assignment/vitis_ide/cnn_project/export/cnn_project/sw/cnn_project/boot/fsbl.elf
set bp_14_56_fsbl_bp [bpadd -addr &XFsbl_Exit]
con -block -timeout 60
bpremove $bp_14_56_fsbl_bp
targets -set -nocase -filter {name =~ "*A53*#0"}
rst -processor
dow /home/dani/Desktop/SDU_Master/EmbeddedSystems/final_assignment/vitis_ide/images_uart_application/Debug/images_uart_application.elf
configparams force-mem-access 0
----------------End of Script----------------

18:14:58 INFO  : Context for processor 'psu_cortexa53_0' is selected.
18:14:58 INFO  : 'con' command is executed.
18:14:58 INFO  : ----------------XSDB Script (After Launch)----------------
targets -set -nocase -filter {name =~ "*A53*#0"}
con
----------------End of Script----------------

18:14:58 INFO  : Launch script is exported to file '/home/dani/Desktop/SDU_Master/EmbeddedSystems/final_assignment/vitis_ide/images_uart_application_system/_ide/scripts/systemdebugger_images_uart_application_system_standalone.tcl'
18:25:42 INFO  : Checking for BSP changes to sync application flags for project 'cnn_predict_application'...
18:25:44 ERROR : (XSDB Server)readelf: Error: '/home/dani/Desktop/SDU_Master/EmbeddedSystems/final_assignment/vitis_ide/cnn_project/export/cnn_project/sw/fsbl.elf': No such file

18:26:13 INFO  : Disconnected from the channel tcfchan#3.
18:26:14 INFO  : Connected to target on host '127.0.0.1' and port '3121'.
18:26:23 INFO  : ----------------XSDB Script----------------
connect -url tcp:127.0.0.1:3121
----------------End of Script----------------

18:26:23 ERROR : Could not find ARM device on the board for connection 'Local'.
Check if the target is in:
1. Split JTAG - No operations are possible with ARM DAP.
2. Non JTAG bootmode - Bootrom may need time to enable DAP.
Please try again.


Troubleshooting hints:
1. Check whether board is connected to system properly.
2. In case of zynq board, check whether Digilent/Xilinx cable switch settings are correct.
3. If you are using Xilinx Platform Cable USB, ensure that status LED is green.
18:26:50 INFO  : Connected to target on host '127.0.0.1' and port '3121'.
18:26:50 INFO  : Jtag cable 'Avnet USB-to-JTAG/UART Pod V1 1234-oj1A' is selected.
18:26:50 INFO  : 'jtag frequency' command is executed.
18:26:50 INFO  : Sourcing of '/home/dani/Xilinx/Vitis/2022.2/scripts/vitis/util/zynqmp_utils.tcl' is done.
18:26:50 INFO  : Context for 'APU' is selected.
18:26:50 INFO  : System reset is completed.
18:26:53 INFO  : 'after 3000' command is executed.
18:26:53 INFO  : 'targets -set -filter {jtag_cable_name =~ "Avnet USB-to-JTAG/UART Pod V1 1234-oj1A" && level==0 && jtag_device_ctx=="jsn-USB-to-JTAG/UART Pod V1-1234-oj1A-14710093-0"}' command is executed.
18:26:56 INFO  : Device configured successfully with "/home/dani/Desktop/SDU_Master/EmbeddedSystems/final_assignment/vitis_ide/cnn_predict_application/_ide/bitstream/final_bitstream.bit"
18:26:56 INFO  : Context for 'APU' is selected.
18:26:56 INFO  : Hardware design and registers information is loaded from '/home/dani/Desktop/SDU_Master/EmbeddedSystems/final_assignment/vitis_ide/cnn_project/export/cnn_project/hw/final_bitstream.xsa'.
18:26:56 INFO  : 'configparams force-mem-access 1' command is executed.
18:26:56 INFO  : Context for 'APU' is selected.
18:26:56 INFO  : Boot mode is read from the target.
18:26:56 INFO  : Context for processor 'psu_cortexa53_0' is selected.
18:26:56 INFO  : Processor reset is completed for 'psu_cortexa53_0'.
18:26:57 INFO  : The application '/home/dani/Desktop/SDU_Master/EmbeddedSystems/final_assignment/vitis_ide/cnn_project/export/cnn_project/sw/cnn_project/boot/fsbl.elf' is downloaded to processor 'psu_cortexa53_0'.
18:26:57 INFO  : 'set bp_26_57_fsbl_bp [bpadd -addr &XFsbl_Exit]' command is executed.
18:26:58 INFO  : 'con -block -timeout 60' command is executed.
18:26:58 INFO  : 'bpremove $bp_26_57_fsbl_bp' command is executed.
18:26:58 INFO  : Context for processor 'psu_cortexa53_0' is selected.
18:26:58 INFO  : Processor reset is completed for 'psu_cortexa53_0'.
18:26:58 INFO  : The application '/home/dani/Desktop/SDU_Master/EmbeddedSystems/final_assignment/vitis_ide/cnn_predict_application/Debug/cnn_predict_application.elf' is downloaded to processor 'psu_cortexa53_0'.
18:26:58 INFO  : 'configparams force-mem-access 0' command is executed.
18:26:58 INFO  : ----------------XSDB Script----------------
connect -url tcp:127.0.0.1:3121
source /home/dani/Xilinx/Vitis/2022.2/scripts/vitis/util/zynqmp_utils.tcl
targets -set -nocase -filter {name =~"APU*"}
rst -system
after 3000
targets -set -filter {jtag_cable_name =~ "Avnet USB-to-JTAG/UART Pod V1 1234-oj1A" && level==0 && jtag_device_ctx=="jsn-USB-to-JTAG/UART Pod V1-1234-oj1A-14710093-0"}
fpga -file /home/dani/Desktop/SDU_Master/EmbeddedSystems/final_assignment/vitis_ide/cnn_predict_application/_ide/bitstream/final_bitstream.bit
targets -set -nocase -filter {name =~"APU*"}
loadhw -hw /home/dani/Desktop/SDU_Master/EmbeddedSystems/final_assignment/vitis_ide/cnn_project/export/cnn_project/hw/final_bitstream.xsa -mem-ranges [list {0x80000000 0xbfffffff} {0x400000000 0x5ffffffff} {0x1000000000 0x7fffffffff}] -regs
configparams force-mem-access 1
targets -set -nocase -filter {name =~"APU*"}
set mode [expr [mrd -value 0xFF5E0200] & 0xf]
targets -set -nocase -filter {name =~ "*A53*#0"}
rst -processor
dow /home/dani/Desktop/SDU_Master/EmbeddedSystems/final_assignment/vitis_ide/cnn_project/export/cnn_project/sw/cnn_project/boot/fsbl.elf
set bp_26_57_fsbl_bp [bpadd -addr &XFsbl_Exit]
con -block -timeout 60
bpremove $bp_26_57_fsbl_bp
targets -set -nocase -filter {name =~ "*A53*#0"}
rst -processor
dow /home/dani/Desktop/SDU_Master/EmbeddedSystems/final_assignment/vitis_ide/cnn_predict_application/Debug/cnn_predict_application.elf
configparams force-mem-access 0
----------------End of Script----------------

18:26:58 INFO  : Context for processor 'psu_cortexa53_0' is selected.
18:26:58 INFO  : 'con' command is executed.
18:26:58 INFO  : ----------------XSDB Script (After Launch)----------------
targets -set -nocase -filter {name =~ "*A53*#0"}
con
----------------End of Script----------------

18:26:58 INFO  : Launch script is exported to file '/home/dani/Desktop/SDU_Master/EmbeddedSystems/final_assignment/vitis_ide/cnn_predict_application_system/_ide/scripts/systemdebugger_cnn_predict_application_system_standalone.tcl'
18:27:24 INFO  : Disconnected from the channel tcfchan#5.
18:27:24 INFO  : Connected to target on host '127.0.0.1' and port '3121'.
18:27:24 INFO  : Jtag cable 'Avnet USB-to-JTAG/UART Pod V1 1234-oj1A' is selected.
18:27:24 INFO  : 'jtag frequency' command is executed.
18:27:24 INFO  : Sourcing of '/home/dani/Xilinx/Vitis/2022.2/scripts/vitis/util/zynqmp_utils.tcl' is done.
18:27:24 INFO  : Context for 'APU' is selected.
18:27:25 INFO  : System reset is completed.
18:27:28 INFO  : 'after 3000' command is executed.
18:27:28 INFO  : 'targets -set -filter {jtag_cable_name =~ "Avnet USB-to-JTAG/UART Pod V1 1234-oj1A" && level==0 && jtag_device_ctx=="jsn-USB-to-JTAG/UART Pod V1-1234-oj1A-14710093-0"}' command is executed.
18:27:31 INFO  : Device configured successfully with "/home/dani/Desktop/SDU_Master/EmbeddedSystems/final_assignment/vitis_ide/cnn_predict_application/_ide/bitstream/final_bitstream.bit"
18:27:31 INFO  : Context for 'APU' is selected.
18:27:31 INFO  : Hardware design and registers information is loaded from '/home/dani/Desktop/SDU_Master/EmbeddedSystems/final_assignment/vitis_ide/cnn_project/export/cnn_project/hw/final_bitstream.xsa'.
18:27:31 INFO  : 'configparams force-mem-access 1' command is executed.
18:27:31 INFO  : Context for 'APU' is selected.
18:27:31 INFO  : Boot mode is read from the target.
18:27:31 INFO  : Context for processor 'psu_cortexa53_0' is selected.
18:27:31 INFO  : Processor reset is completed for 'psu_cortexa53_0'.
18:27:31 INFO  : The application '/home/dani/Desktop/SDU_Master/EmbeddedSystems/final_assignment/vitis_ide/cnn_project/export/cnn_project/sw/cnn_project/boot/fsbl.elf' is downloaded to processor 'psu_cortexa53_0'.
18:27:31 INFO  : 'set bp_27_31_fsbl_bp [bpadd -addr &XFsbl_Exit]' command is executed.
18:27:32 INFO  : 'con -block -timeout 60' command is executed.
18:27:32 INFO  : 'bpremove $bp_27_31_fsbl_bp' command is executed.
18:27:32 INFO  : Context for processor 'psu_cortexa53_0' is selected.
18:27:32 INFO  : Processor reset is completed for 'psu_cortexa53_0'.
18:27:33 INFO  : The application '/home/dani/Desktop/SDU_Master/EmbeddedSystems/final_assignment/vitis_ide/cnn_predict_application/Debug/cnn_predict_application.elf' is downloaded to processor 'psu_cortexa53_0'.
18:27:33 INFO  : 'configparams force-mem-access 0' command is executed.
18:27:33 INFO  : ----------------XSDB Script----------------
connect -url tcp:127.0.0.1:3121
source /home/dani/Xilinx/Vitis/2022.2/scripts/vitis/util/zynqmp_utils.tcl
targets -set -nocase -filter {name =~"APU*"}
rst -system
after 3000
targets -set -filter {jtag_cable_name =~ "Avnet USB-to-JTAG/UART Pod V1 1234-oj1A" && level==0 && jtag_device_ctx=="jsn-USB-to-JTAG/UART Pod V1-1234-oj1A-14710093-0"}
fpga -file /home/dani/Desktop/SDU_Master/EmbeddedSystems/final_assignment/vitis_ide/cnn_predict_application/_ide/bitstream/final_bitstream.bit
targets -set -nocase -filter {name =~"APU*"}
loadhw -hw /home/dani/Desktop/SDU_Master/EmbeddedSystems/final_assignment/vitis_ide/cnn_project/export/cnn_project/hw/final_bitstream.xsa -mem-ranges [list {0x80000000 0xbfffffff} {0x400000000 0x5ffffffff} {0x1000000000 0x7fffffffff}] -regs
configparams force-mem-access 1
targets -set -nocase -filter {name =~"APU*"}
set mode [expr [mrd -value 0xFF5E0200] & 0xf]
targets -set -nocase -filter {name =~ "*A53*#0"}
rst -processor
dow /home/dani/Desktop/SDU_Master/EmbeddedSystems/final_assignment/vitis_ide/cnn_project/export/cnn_project/sw/cnn_project/boot/fsbl.elf
set bp_27_31_fsbl_bp [bpadd -addr &XFsbl_Exit]
con -block -timeout 60
bpremove $bp_27_31_fsbl_bp
targets -set -nocase -filter {name =~ "*A53*#0"}
rst -processor
dow /home/dani/Desktop/SDU_Master/EmbeddedSystems/final_assignment/vitis_ide/cnn_predict_application/Debug/cnn_predict_application.elf
configparams force-mem-access 0
----------------End of Script----------------

18:27:33 INFO  : Context for processor 'psu_cortexa53_0' is selected.
18:27:33 INFO  : 'con' command is executed.
18:27:33 INFO  : ----------------XSDB Script (After Launch)----------------
targets -set -nocase -filter {name =~ "*A53*#0"}
con
----------------End of Script----------------

18:27:33 INFO  : Launch script is exported to file '/home/dani/Desktop/SDU_Master/EmbeddedSystems/final_assignment/vitis_ide/cnn_predict_application_system/_ide/scripts/systemdebugger_cnn_predict_application_system_standalone.tcl'
18:29:43 INFO  : Checking for BSP changes to sync application flags for project 'cnn_predict_application'...
18:29:45 ERROR : (XSDB Server)readelf: Error: '/home/dani/Desktop/SDU_Master/EmbeddedSystems/final_assignment/vitis_ide/cnn_project/export/cnn_project/sw/fsbl.elf': No such file

18:33:49 INFO  : Disconnected from the channel tcfchan#6.
18:33:49 INFO  : Connected to target on host '127.0.0.1' and port '3121'.
18:33:49 INFO  : Jtag cable 'Avnet USB-to-JTAG/UART Pod V1 1234-oj1A' is selected.
18:33:49 INFO  : 'jtag frequency' command is executed.
18:33:49 INFO  : Sourcing of '/home/dani/Xilinx/Vitis/2022.2/scripts/vitis/util/zynqmp_utils.tcl' is done.
18:33:49 INFO  : Context for 'APU' is selected.
18:33:49 INFO  : System reset is completed.
18:33:52 INFO  : 'after 3000' command is executed.
18:33:52 INFO  : 'targets -set -filter {jtag_cable_name =~ "Avnet USB-to-JTAG/UART Pod V1 1234-oj1A" && level==0 && jtag_device_ctx=="jsn-USB-to-JTAG/UART Pod V1-1234-oj1A-14710093-0"}' command is executed.
18:33:55 INFO  : Device configured successfully with "/home/dani/Desktop/SDU_Master/EmbeddedSystems/final_assignment/vitis_ide/cnn_predict_application/_ide/bitstream/final_bitstream.bit"
18:33:55 INFO  : Context for 'APU' is selected.
18:33:55 INFO  : Hardware design and registers information is loaded from '/home/dani/Desktop/SDU_Master/EmbeddedSystems/final_assignment/vitis_ide/cnn_project/export/cnn_project/hw/final_bitstream.xsa'.
18:33:55 INFO  : 'configparams force-mem-access 1' command is executed.
18:33:55 INFO  : Context for 'APU' is selected.
18:33:55 INFO  : Boot mode is read from the target.
18:33:55 INFO  : Context for processor 'psu_cortexa53_0' is selected.
18:33:55 INFO  : Processor reset is completed for 'psu_cortexa53_0'.
18:33:56 INFO  : The application '/home/dani/Desktop/SDU_Master/EmbeddedSystems/final_assignment/vitis_ide/cnn_project/export/cnn_project/sw/cnn_project/boot/fsbl.elf' is downloaded to processor 'psu_cortexa53_0'.
18:33:56 INFO  : 'set bp_33_56_fsbl_bp [bpadd -addr &XFsbl_Exit]' command is executed.
18:33:57 INFO  : 'con -block -timeout 60' command is executed.
18:33:57 INFO  : 'bpremove $bp_33_56_fsbl_bp' command is executed.
18:33:57 INFO  : Context for processor 'psu_cortexa53_0' is selected.
18:33:57 INFO  : Processor reset is completed for 'psu_cortexa53_0'.
18:33:58 INFO  : The application '/home/dani/Desktop/SDU_Master/EmbeddedSystems/final_assignment/vitis_ide/cnn_predict_application/Debug/cnn_predict_application.elf' is downloaded to processor 'psu_cortexa53_0'.
18:33:58 INFO  : 'configparams force-mem-access 0' command is executed.
18:33:58 INFO  : ----------------XSDB Script----------------
connect -url tcp:127.0.0.1:3121
source /home/dani/Xilinx/Vitis/2022.2/scripts/vitis/util/zynqmp_utils.tcl
targets -set -nocase -filter {name =~"APU*"}
rst -system
after 3000
targets -set -filter {jtag_cable_name =~ "Avnet USB-to-JTAG/UART Pod V1 1234-oj1A" && level==0 && jtag_device_ctx=="jsn-USB-to-JTAG/UART Pod V1-1234-oj1A-14710093-0"}
fpga -file /home/dani/Desktop/SDU_Master/EmbeddedSystems/final_assignment/vitis_ide/cnn_predict_application/_ide/bitstream/final_bitstream.bit
targets -set -nocase -filter {name =~"APU*"}
loadhw -hw /home/dani/Desktop/SDU_Master/EmbeddedSystems/final_assignment/vitis_ide/cnn_project/export/cnn_project/hw/final_bitstream.xsa -mem-ranges [list {0x80000000 0xbfffffff} {0x400000000 0x5ffffffff} {0x1000000000 0x7fffffffff}] -regs
configparams force-mem-access 1
targets -set -nocase -filter {name =~"APU*"}
set mode [expr [mrd -value 0xFF5E0200] & 0xf]
targets -set -nocase -filter {name =~ "*A53*#0"}
rst -processor
dow /home/dani/Desktop/SDU_Master/EmbeddedSystems/final_assignment/vitis_ide/cnn_project/export/cnn_project/sw/cnn_project/boot/fsbl.elf
set bp_33_56_fsbl_bp [bpadd -addr &XFsbl_Exit]
con -block -timeout 60
bpremove $bp_33_56_fsbl_bp
targets -set -nocase -filter {name =~ "*A53*#0"}
rst -processor
dow /home/dani/Desktop/SDU_Master/EmbeddedSystems/final_assignment/vitis_ide/cnn_predict_application/Debug/cnn_predict_application.elf
configparams force-mem-access 0
----------------End of Script----------------

18:33:58 INFO  : Context for processor 'psu_cortexa53_0' is selected.
18:33:58 INFO  : 'con' command is executed.
18:33:58 INFO  : ----------------XSDB Script (After Launch)----------------
targets -set -nocase -filter {name =~ "*A53*#0"}
con
----------------End of Script----------------

18:33:58 INFO  : Launch script is exported to file '/home/dani/Desktop/SDU_Master/EmbeddedSystems/final_assignment/vitis_ide/cnn_predict_application_system/_ide/scripts/systemdebugger_cnn_predict_application_system_standalone.tcl'
18:34:41 INFO  : Checking for BSP changes to sync application flags for project 'cnn_predict_application'...
18:34:43 ERROR : (XSDB Server)readelf: Error: '/home/dani/Desktop/SDU_Master/EmbeddedSystems/final_assignment/vitis_ide/cnn_project/export/cnn_project/sw/fsbl.elf': No such file

18:34:54 INFO  : Disconnected from the channel tcfchan#8.
18:34:54 INFO  : Connected to target on host '127.0.0.1' and port '3121'.
18:34:54 INFO  : Jtag cable 'Avnet USB-to-JTAG/UART Pod V1 1234-oj1A' is selected.
18:34:54 INFO  : 'jtag frequency' command is executed.
18:34:54 INFO  : Sourcing of '/home/dani/Xilinx/Vitis/2022.2/scripts/vitis/util/zynqmp_utils.tcl' is done.
18:34:54 INFO  : Context for 'APU' is selected.
18:34:55 INFO  : System reset is completed.
18:34:58 INFO  : 'after 3000' command is executed.
18:34:58 INFO  : 'targets -set -filter {jtag_cable_name =~ "Avnet USB-to-JTAG/UART Pod V1 1234-oj1A" && level==0 && jtag_device_ctx=="jsn-USB-to-JTAG/UART Pod V1-1234-oj1A-14710093-0"}' command is executed.
18:35:01 INFO  : Device configured successfully with "/home/dani/Desktop/SDU_Master/EmbeddedSystems/final_assignment/vitis_ide/cnn_predict_application/_ide/bitstream/final_bitstream.bit"
18:35:01 INFO  : Context for 'APU' is selected.
18:35:01 INFO  : Hardware design and registers information is loaded from '/home/dani/Desktop/SDU_Master/EmbeddedSystems/final_assignment/vitis_ide/cnn_project/export/cnn_project/hw/final_bitstream.xsa'.
18:35:01 INFO  : 'configparams force-mem-access 1' command is executed.
18:35:01 INFO  : Context for 'APU' is selected.
18:35:01 INFO  : Boot mode is read from the target.
18:35:01 INFO  : Context for processor 'psu_cortexa53_0' is selected.
18:35:01 INFO  : Processor reset is completed for 'psu_cortexa53_0'.
18:35:02 INFO  : The application '/home/dani/Desktop/SDU_Master/EmbeddedSystems/final_assignment/vitis_ide/cnn_project/export/cnn_project/sw/cnn_project/boot/fsbl.elf' is downloaded to processor 'psu_cortexa53_0'.
18:35:02 INFO  : 'set bp_35_2_fsbl_bp [bpadd -addr &XFsbl_Exit]' command is executed.
18:35:03 INFO  : 'con -block -timeout 60' command is executed.
18:35:03 INFO  : 'bpremove $bp_35_2_fsbl_bp' command is executed.
18:35:03 INFO  : Context for processor 'psu_cortexa53_0' is selected.
18:35:03 INFO  : Processor reset is completed for 'psu_cortexa53_0'.
18:35:03 INFO  : The application '/home/dani/Desktop/SDU_Master/EmbeddedSystems/final_assignment/vitis_ide/cnn_predict_application/Debug/cnn_predict_application.elf' is downloaded to processor 'psu_cortexa53_0'.
18:35:03 INFO  : 'configparams force-mem-access 0' command is executed.
18:35:03 INFO  : ----------------XSDB Script----------------
connect -url tcp:127.0.0.1:3121
source /home/dani/Xilinx/Vitis/2022.2/scripts/vitis/util/zynqmp_utils.tcl
targets -set -nocase -filter {name =~"APU*"}
rst -system
after 3000
targets -set -filter {jtag_cable_name =~ "Avnet USB-to-JTAG/UART Pod V1 1234-oj1A" && level==0 && jtag_device_ctx=="jsn-USB-to-JTAG/UART Pod V1-1234-oj1A-14710093-0"}
fpga -file /home/dani/Desktop/SDU_Master/EmbeddedSystems/final_assignment/vitis_ide/cnn_predict_application/_ide/bitstream/final_bitstream.bit
targets -set -nocase -filter {name =~"APU*"}
loadhw -hw /home/dani/Desktop/SDU_Master/EmbeddedSystems/final_assignment/vitis_ide/cnn_project/export/cnn_project/hw/final_bitstream.xsa -mem-ranges [list {0x80000000 0xbfffffff} {0x400000000 0x5ffffffff} {0x1000000000 0x7fffffffff}] -regs
configparams force-mem-access 1
targets -set -nocase -filter {name =~"APU*"}
set mode [expr [mrd -value 0xFF5E0200] & 0xf]
targets -set -nocase -filter {name =~ "*A53*#0"}
rst -processor
dow /home/dani/Desktop/SDU_Master/EmbeddedSystems/final_assignment/vitis_ide/cnn_project/export/cnn_project/sw/cnn_project/boot/fsbl.elf
set bp_35_2_fsbl_bp [bpadd -addr &XFsbl_Exit]
con -block -timeout 60
bpremove $bp_35_2_fsbl_bp
targets -set -nocase -filter {name =~ "*A53*#0"}
rst -processor
dow /home/dani/Desktop/SDU_Master/EmbeddedSystems/final_assignment/vitis_ide/cnn_predict_application/Debug/cnn_predict_application.elf
configparams force-mem-access 0
----------------End of Script----------------

18:35:03 INFO  : Context for processor 'psu_cortexa53_0' is selected.
18:35:03 INFO  : 'con' command is executed.
18:35:03 INFO  : ----------------XSDB Script (After Launch)----------------
targets -set -nocase -filter {name =~ "*A53*#0"}
con
----------------End of Script----------------

18:35:03 INFO  : Launch script is exported to file '/home/dani/Desktop/SDU_Master/EmbeddedSystems/final_assignment/vitis_ide/cnn_predict_application_system/_ide/scripts/systemdebugger_cnn_predict_application_system_standalone.tcl'
19:35:45 INFO  : Disconnected from the channel tcfchan#10.
10:36:33 DEBUG : Logs will be stored at '/home/dani/Desktop/SDU_Master/EmbeddedSystems/final_assignment/vitis_ide/IDE.log'.
10:36:33 INFO  : Launching XSCT server: xsct -n  -interactive /home/dani/Desktop/SDU_Master/EmbeddedSystems/final_assignment/vitis_ide/temp_xsdb_launch_script.tcl
10:36:35 INFO  : Platform repository initialization has completed.
10:36:35 INFO  : Registering command handlers for Vitis TCF services
10:36:35 INFO  : XSCT server has started successfully.
10:36:35 INFO  : Successfully done setting XSCT server connection channel  
10:36:36 INFO  : plnx-install-location is set to ''
10:36:36 INFO  : Successfully done setting workspace for the tool. 
10:36:36 INFO  : Successfully done query RDI_DATADIR 
10:40:50 INFO  : Checking for BSP changes to sync application flags for project 'images_uart_application'...
10:40:57 ERROR : (XSDB Server)ERROR: [Hsi 55-1571] The design file /home/dani/Desktop/SDU_Master/EmbeddedSystems/final_assignment/vitis_ide/cnn_project/export/cnn_project/hw/final_bitstream.xsa is already opened

10:40:57 ERROR : (XSDB Server)readelf: Error: '/home/dani/Desktop/SDU_Master/EmbeddedSystems/final_assignment/vitis_ide/cnn_project/export/cnn_project/sw/fsbl.elf': No such file

10:42:20 INFO  : Connected to target on host '127.0.0.1' and port '3121'.
10:42:20 INFO  : Jtag cable 'Avnet USB-to-JTAG/UART Pod V1 1234-oj1A' is selected.
10:42:20 INFO  : 'jtag frequency' command is executed.
10:42:20 INFO  : Sourcing of '/home/dani/Xilinx/Vitis/2022.2/scripts/vitis/util/zynqmp_utils.tcl' is done.
10:42:20 INFO  : Context for 'APU' is selected.
10:42:21 INFO  : System reset is completed.
10:42:24 INFO  : 'after 3000' command is executed.
10:42:24 INFO  : 'targets -set -filter {jtag_cable_name =~ "Avnet USB-to-JTAG/UART Pod V1 1234-oj1A" && level==0 && jtag_device_ctx=="jsn-USB-to-JTAG/UART Pod V1-1234-oj1A-14710093-0"}' command is executed.
10:42:27 INFO  : Device configured successfully with "/home/dani/Desktop/SDU_Master/EmbeddedSystems/final_assignment/vitis_ide/images_uart_application/_ide/bitstream/final_bitstream.bit"
10:42:27 INFO  : Context for 'APU' is selected.
10:42:27 INFO  : Hardware design and registers information is loaded from '/home/dani/Desktop/SDU_Master/EmbeddedSystems/final_assignment/vitis_ide/cnn_project/export/cnn_project/hw/final_bitstream.xsa'.
10:42:27 INFO  : 'configparams force-mem-access 1' command is executed.
10:42:27 INFO  : Context for 'APU' is selected.
10:42:27 INFO  : Boot mode is read from the target.
10:42:27 INFO  : Context for processor 'psu_cortexa53_0' is selected.
10:42:27 INFO  : Processor reset is completed for 'psu_cortexa53_0'.
10:42:28 INFO  : The application '/home/dani/Desktop/SDU_Master/EmbeddedSystems/final_assignment/vitis_ide/cnn_project/export/cnn_project/sw/cnn_project/boot/fsbl.elf' is downloaded to processor 'psu_cortexa53_0'.
10:42:28 INFO  : 'set bp_42_28_fsbl_bp [bpadd -addr &XFsbl_Exit]' command is executed.
10:42:29 INFO  : 'con -block -timeout 60' command is executed.
10:42:29 INFO  : 'bpremove $bp_42_28_fsbl_bp' command is executed.
10:42:29 INFO  : Context for processor 'psu_cortexa53_0' is selected.
10:42:29 INFO  : Processor reset is completed for 'psu_cortexa53_0'.
10:42:29 INFO  : The application '/home/dani/Desktop/SDU_Master/EmbeddedSystems/final_assignment/vitis_ide/images_uart_application/Debug/images_uart_application.elf' is downloaded to processor 'psu_cortexa53_0'.
10:42:29 INFO  : 'configparams force-mem-access 0' command is executed.
10:42:29 INFO  : ----------------XSDB Script----------------
connect -url tcp:127.0.0.1:3121
source /home/dani/Xilinx/Vitis/2022.2/scripts/vitis/util/zynqmp_utils.tcl
targets -set -nocase -filter {name =~"APU*"}
rst -system
after 3000
targets -set -filter {jtag_cable_name =~ "Avnet USB-to-JTAG/UART Pod V1 1234-oj1A" && level==0 && jtag_device_ctx=="jsn-USB-to-JTAG/UART Pod V1-1234-oj1A-14710093-0"}
fpga -file /home/dani/Desktop/SDU_Master/EmbeddedSystems/final_assignment/vitis_ide/images_uart_application/_ide/bitstream/final_bitstream.bit
targets -set -nocase -filter {name =~"APU*"}
loadhw -hw /home/dani/Desktop/SDU_Master/EmbeddedSystems/final_assignment/vitis_ide/cnn_project/export/cnn_project/hw/final_bitstream.xsa -mem-ranges [list {0x80000000 0xbfffffff} {0x400000000 0x5ffffffff} {0x1000000000 0x7fffffffff}] -regs
configparams force-mem-access 1
targets -set -nocase -filter {name =~"APU*"}
set mode [expr [mrd -value 0xFF5E0200] & 0xf]
targets -set -nocase -filter {name =~ "*A53*#0"}
rst -processor
dow /home/dani/Desktop/SDU_Master/EmbeddedSystems/final_assignment/vitis_ide/cnn_project/export/cnn_project/sw/cnn_project/boot/fsbl.elf
set bp_42_28_fsbl_bp [bpadd -addr &XFsbl_Exit]
con -block -timeout 60
bpremove $bp_42_28_fsbl_bp
targets -set -nocase -filter {name =~ "*A53*#0"}
rst -processor
dow /home/dani/Desktop/SDU_Master/EmbeddedSystems/final_assignment/vitis_ide/images_uart_application/Debug/images_uart_application.elf
configparams force-mem-access 0
----------------End of Script----------------

10:42:29 INFO  : Context for processor 'psu_cortexa53_0' is selected.
10:42:29 INFO  : 'con' command is executed.
10:42:29 INFO  : ----------------XSDB Script (After Launch)----------------
targets -set -nocase -filter {name =~ "*A53*#0"}
con
----------------End of Script----------------

10:42:29 INFO  : Launch script is exported to file '/home/dani/Desktop/SDU_Master/EmbeddedSystems/final_assignment/vitis_ide/images_uart_application_system/_ide/scripts/systemdebugger_images_uart_application_system_standalone.tcl'
10:46:59 INFO  : Disconnected from the channel tcfchan#2.
10:46:59 INFO  : Connected to target on host '127.0.0.1' and port '3121'.
10:46:59 INFO  : Jtag cable 'Avnet USB-to-JTAG/UART Pod V1 1234-oj1A' is selected.
10:46:59 INFO  : 'jtag frequency' command is executed.
10:46:59 INFO  : Sourcing of '/home/dani/Xilinx/Vitis/2022.2/scripts/vitis/util/zynqmp_utils.tcl' is done.
10:46:59 INFO  : Context for 'APU' is selected.
10:47:00 INFO  : System reset is completed.
10:47:03 INFO  : 'after 3000' command is executed.
10:47:03 INFO  : 'targets -set -filter {jtag_cable_name =~ "Avnet USB-to-JTAG/UART Pod V1 1234-oj1A" && level==0 && jtag_device_ctx=="jsn-USB-to-JTAG/UART Pod V1-1234-oj1A-14710093-0"}' command is executed.
10:47:06 INFO  : Device configured successfully with "/home/dani/Desktop/SDU_Master/EmbeddedSystems/final_assignment/vitis_ide/images_uart_application/_ide/bitstream/final_bitstream.bit"
10:47:06 INFO  : Context for 'APU' is selected.
10:47:10 INFO  : Hardware design and registers information is loaded from '/home/dani/Desktop/SDU_Master/EmbeddedSystems/final_assignment/vitis_ide/cnn_project/export/cnn_project/hw/final_bitstream.xsa'.
10:47:10 INFO  : 'configparams force-mem-access 1' command is executed.
10:47:10 INFO  : Context for 'APU' is selected.
10:47:10 INFO  : Boot mode is read from the target.
10:47:10 INFO  : Context for processor 'psu_cortexa53_0' is selected.
10:47:10 INFO  : Processor reset is completed for 'psu_cortexa53_0'.
10:47:11 INFO  : The application '/home/dani/Desktop/SDU_Master/EmbeddedSystems/final_assignment/vitis_ide/cnn_project/export/cnn_project/sw/cnn_project/boot/fsbl.elf' is downloaded to processor 'psu_cortexa53_0'.
10:47:11 INFO  : 'set bp_47_11_fsbl_bp [bpadd -addr &XFsbl_Exit]' command is executed.
10:47:12 INFO  : 'con -block -timeout 60' command is executed.
10:47:12 INFO  : 'bpremove $bp_47_11_fsbl_bp' command is executed.
10:47:12 INFO  : Context for processor 'psu_cortexa53_0' is selected.
10:47:12 INFO  : Processor reset is completed for 'psu_cortexa53_0'.
10:47:12 INFO  : The application '/home/dani/Desktop/SDU_Master/EmbeddedSystems/final_assignment/vitis_ide/images_uart_application/Debug/images_uart_application.elf' is downloaded to processor 'psu_cortexa53_0'.
10:47:12 INFO  : 'configparams force-mem-access 0' command is executed.
10:47:12 INFO  : ----------------XSDB Script----------------
connect -url tcp:127.0.0.1:3121
source /home/dani/Xilinx/Vitis/2022.2/scripts/vitis/util/zynqmp_utils.tcl
targets -set -nocase -filter {name =~"APU*"}
rst -system
after 3000
targets -set -filter {jtag_cable_name =~ "Avnet USB-to-JTAG/UART Pod V1 1234-oj1A" && level==0 && jtag_device_ctx=="jsn-USB-to-JTAG/UART Pod V1-1234-oj1A-14710093-0"}
fpga -file /home/dani/Desktop/SDU_Master/EmbeddedSystems/final_assignment/vitis_ide/images_uart_application/_ide/bitstream/final_bitstream.bit
targets -set -nocase -filter {name =~"APU*"}
loadhw -hw /home/dani/Desktop/SDU_Master/EmbeddedSystems/final_assignment/vitis_ide/cnn_project/export/cnn_project/hw/final_bitstream.xsa -mem-ranges [list {0x80000000 0xbfffffff} {0x400000000 0x5ffffffff} {0x1000000000 0x7fffffffff}] -regs
configparams force-mem-access 1
targets -set -nocase -filter {name =~"APU*"}
set mode [expr [mrd -value 0xFF5E0200] & 0xf]
targets -set -nocase -filter {name =~ "*A53*#0"}
rst -processor
dow /home/dani/Desktop/SDU_Master/EmbeddedSystems/final_assignment/vitis_ide/cnn_project/export/cnn_project/sw/cnn_project/boot/fsbl.elf
set bp_47_11_fsbl_bp [bpadd -addr &XFsbl_Exit]
con -block -timeout 60
bpremove $bp_47_11_fsbl_bp
targets -set -nocase -filter {name =~ "*A53*#0"}
rst -processor
dow /home/dani/Desktop/SDU_Master/EmbeddedSystems/final_assignment/vitis_ide/images_uart_application/Debug/images_uart_application.elf
configparams force-mem-access 0
----------------End of Script----------------

10:47:12 INFO  : Context for processor 'psu_cortexa53_0' is selected.
10:47:12 INFO  : 'con' command is executed.
10:47:12 INFO  : ----------------XSDB Script (After Launch)----------------
targets -set -nocase -filter {name =~ "*A53*#0"}
con
----------------End of Script----------------

10:47:12 INFO  : Launch script is exported to file '/home/dani/Desktop/SDU_Master/EmbeddedSystems/final_assignment/vitis_ide/images_uart_application_system/_ide/scripts/systemdebugger_images_uart_application_system_standalone.tcl'
10:56:42 INFO  : Disconnected from the channel tcfchan#3.
