[0.075s] DEBUG:colcon:Command line arguments: ['/usr/bin/colcon', 'build']
[0.075s] DEBUG:colcon:Parsed command line arguments: Namespace(log_base=None, log_level=None, verb_name='build', build_base='build', install_base='install', merge_install=False, symlink_install=False, test_result_base=None, continue_on_error=False, executor='parallel', parallel_workers=16, event_handlers=None, ignore_user_meta=False, metas=['./colcon.meta'], base_paths=['.'], packages_ignore=None, packages_ignore_regex=None, paths=None, packages_up_to=None, packages_up_to_regex=None, packages_above=None, packages_above_and_dependencies=None, packages_above_depth=None, packages_select_by_dep=None, packages_skip_by_dep=None, packages_skip_up_to=None, packages_select_build_failed=False, packages_skip_build_finished=False, packages_select_test_failures=False, packages_skip_test_passed=False, packages_select=None, packages_skip=None, packages_select_regex=None, packages_skip_regex=None, packages_start=None, packages_end=None, allow_overriding=[], cmake_args=None, cmake_target=None, cmake_target_skip_unavailable=False, cmake_clean_cache=False, cmake_clean_first=False, cmake_force_configure=False, ament_cmake_args=None, catkin_cmake_args=None, catkin_skip_building_tests=False, mixin_files=None, mixin=None, verb_parser=<colcon_mixin.mixin.mixin_argument.MixinArgumentDecorator object at 0x77908933e6e0>, verb_extension=<colcon_core.verb.build.BuildVerb object at 0x77908933e170>, main=<bound method BuildVerb.main of <colcon_core.verb.build.BuildVerb object at 0x77908933e170>>, mixin_verb=('build',))
[0.191s] Level 1:colcon.colcon_core.package_discovery:discover_packages(colcon_meta) check parameters
[0.191s] Level 1:colcon.colcon_core.package_discovery:discover_packages(recursive) check parameters
[0.191s] Level 1:colcon.colcon_core.package_discovery:discover_packages(ignore) check parameters
[0.191s] Level 1:colcon.colcon_core.package_discovery:discover_packages(path) check parameters
[0.192s] Level 1:colcon.colcon_core.package_discovery:discover_packages(colcon_meta) discover
[0.192s] Level 1:colcon.colcon_core.package_discovery:discover_packages(recursive) discover
[0.192s] INFO:colcon.colcon_core.package_discovery:Crawling recursively for packages in '/home/dani/Desktop/SDU_Master/EmbeddedSystems/final_assignment/ros2_ws'
[0.192s] Level 1:colcon.colcon_core.package_identification:_identify(.) by extensions ['ignore', 'ignore_ament_install']
[0.192s] Level 1:colcon.colcon_core.package_identification:_identify(.) by extension 'ignore'
[0.192s] Level 1:colcon.colcon_core.package_identification:_identify(.) by extension 'ignore_ament_install'
[0.192s] Level 1:colcon.colcon_core.package_identification:_identify(.) by extensions ['colcon_pkg']
[0.192s] Level 1:colcon.colcon_core.package_identification:_identify(.) by extension 'colcon_pkg'
[0.192s] Level 1:colcon.colcon_core.package_identification:_identify(.) by extensions ['colcon_meta']
[0.192s] Level 1:colcon.colcon_core.package_identification:_identify(.) by extension 'colcon_meta'
[0.192s] Level 1:colcon.colcon_core.package_identification:_identify(.) by extensions ['ros']
[0.192s] Level 1:colcon.colcon_core.package_identification:_identify(.) by extension 'ros'
[0.215s] Level 1:colcon.colcon_core.package_identification:_identify(.) by extensions ['cmake', 'python']
[0.215s] Level 1:colcon.colcon_core.package_identification:_identify(.) by extension 'cmake'
[0.215s] Level 1:colcon.colcon_core.package_identification:_identify(.) by extension 'python'
[0.215s] Level 1:colcon.colcon_core.package_identification:_identify(.) by extensions ['python_setup_py']
[0.215s] Level 1:colcon.colcon_core.package_identification:_identify(.) by extension 'python_setup_py'
[0.216s] Level 1:colcon.colcon_core.package_identification:_identify(build) by extensions ['ignore', 'ignore_ament_install']
[0.216s] Level 1:colcon.colcon_core.package_identification:_identify(build) by extension 'ignore'
[0.216s] Level 1:colcon.colcon_core.package_identification:_identify(build) ignored
[0.216s] Level 1:colcon.colcon_core.package_identification:_identify(install) by extensions ['ignore', 'ignore_ament_install']
[0.216s] Level 1:colcon.colcon_core.package_identification:_identify(install) by extension 'ignore'
[0.216s] Level 1:colcon.colcon_core.package_identification:_identify(install) ignored
[0.216s] Level 1:colcon.colcon_core.package_identification:_identify(log) by extensions ['ignore', 'ignore_ament_install']
[0.216s] Level 1:colcon.colcon_core.package_identification:_identify(log) by extension 'ignore'
[0.216s] Level 1:colcon.colcon_core.package_identification:_identify(log) ignored
[0.216s] Level 1:colcon.colcon_core.package_identification:_identify(src) by extensions ['ignore', 'ignore_ament_install']
[0.216s] Level 1:colcon.colcon_core.package_identification:_identify(src) by extension 'ignore'
[0.216s] Level 1:colcon.colcon_core.package_identification:_identify(src) by extension 'ignore_ament_install'
[0.216s] Level 1:colcon.colcon_core.package_identification:_identify(src) by extensions ['colcon_pkg']
[0.216s] Level 1:colcon.colcon_core.package_identification:_identify(src) by extension 'colcon_pkg'
[0.216s] Level 1:colcon.colcon_core.package_identification:_identify(src) by extensions ['colcon_meta']
[0.216s] Level 1:colcon.colcon_core.package_identification:_identify(src) by extension 'colcon_meta'
[0.216s] Level 1:colcon.colcon_core.package_identification:_identify(src) by extensions ['ros']
[0.216s] Level 1:colcon.colcon_core.package_identification:_identify(src) by extension 'ros'
[0.216s] Level 1:colcon.colcon_core.package_identification:_identify(src) by extensions ['cmake', 'python']
[0.216s] Level 1:colcon.colcon_core.package_identification:_identify(src) by extension 'cmake'
[0.216s] Level 1:colcon.colcon_core.package_identification:_identify(src) by extension 'python'
[0.216s] Level 1:colcon.colcon_core.package_identification:_identify(src) by extensions ['python_setup_py']
[0.216s] Level 1:colcon.colcon_core.package_identification:_identify(src) by extension 'python_setup_py'
[0.217s] Level 1:colcon.colcon_core.package_identification:_identify(src/img_to_uart) by extensions ['ignore', 'ignore_ament_install']
[0.217s] Level 1:colcon.colcon_core.package_identification:_identify(src/img_to_uart) by extension 'ignore'
[0.217s] Level 1:colcon.colcon_core.package_identification:_identify(src/img_to_uart) by extension 'ignore_ament_install'
[0.217s] Level 1:colcon.colcon_core.package_identification:_identify(src/img_to_uart) by extensions ['colcon_pkg']
[0.217s] Level 1:colcon.colcon_core.package_identification:_identify(src/img_to_uart) by extension 'colcon_pkg'
[0.217s] Level 1:colcon.colcon_core.package_identification:_identify(src/img_to_uart) by extensions ['colcon_meta']
[0.217s] Level 1:colcon.colcon_core.package_identification:_identify(src/img_to_uart) by extension 'colcon_meta'
[0.217s] Level 1:colcon.colcon_core.package_identification:_identify(src/img_to_uart) by extensions ['ros']
[0.217s] Level 1:colcon.colcon_core.package_identification:_identify(src/img_to_uart) by extension 'ros'
[0.219s] DEBUG:colcon.colcon_core.package_identification:Package 'src/img_to_uart' with type 'ros.ament_python' and name 'img_to_uart'
[0.219s] Level 1:colcon.colcon_core.package_identification:_identify(venv) by extensions ['ignore', 'ignore_ament_install']
[0.219s] Level 1:colcon.colcon_core.package_identification:_identify(venv) by extension 'ignore'
[0.219s] Level 1:colcon.colcon_core.package_identification:_identify(venv) by extension 'ignore_ament_install'
[0.219s] Level 1:colcon.colcon_core.package_identification:_identify(venv) by extensions ['colcon_pkg']
[0.219s] Level 1:colcon.colcon_core.package_identification:_identify(venv) by extension 'colcon_pkg'
[0.219s] Level 1:colcon.colcon_core.package_identification:_identify(venv) by extensions ['colcon_meta']
[0.219s] Level 1:colcon.colcon_core.package_identification:_identify(venv) by extension 'colcon_meta'
[0.219s] Level 1:colcon.colcon_core.package_identification:_identify(venv) by extensions ['ros']
[0.219s] Level 1:colcon.colcon_core.package_identification:_identify(venv) by extension 'ros'
[0.219s] Level 1:colcon.colcon_core.package_identification:_identify(venv) by extensions ['cmake', 'python']
[0.219s] Level 1:colcon.colcon_core.package_identification:_identify(venv) by extension 'cmake'
[0.219s] Level 1:colcon.colcon_core.package_identification:_identify(venv) by extension 'python'
[0.219s] Level 1:colcon.colcon_core.package_identification:_identify(venv) by extensions ['python_setup_py']
[0.219s] Level 1:colcon.colcon_core.package_identification:_identify(venv) by extension 'python_setup_py'
[0.219s] Level 1:colcon.colcon_core.package_identification:_identify(venv/bin) by extensions ['ignore', 'ignore_ament_install']
[0.219s] Level 1:colcon.colcon_core.package_identification:_identify(venv/bin) by extension 'ignore'
[0.219s] Level 1:colcon.colcon_core.package_identification:_identify(venv/bin) by extension 'ignore_ament_install'
[0.219s] Level 1:colcon.colcon_core.package_identification:_identify(venv/bin) by extensions ['colcon_pkg']
[0.219s] Level 1:colcon.colcon_core.package_identification:_identify(venv/bin) by extension 'colcon_pkg'
[0.219s] Level 1:colcon.colcon_core.package_identification:_identify(venv/bin) by extensions ['colcon_meta']
[0.219s] Level 1:colcon.colcon_core.package_identification:_identify(venv/bin) by extension 'colcon_meta'
[0.219s] Level 1:colcon.colcon_core.package_identification:_identify(venv/bin) by extensions ['ros']
[0.219s] Level 1:colcon.colcon_core.package_identification:_identify(venv/bin) by extension 'ros'
[0.219s] Level 1:colcon.colcon_core.package_identification:_identify(venv/bin) by extensions ['cmake', 'python']
[0.219s] Level 1:colcon.colcon_core.package_identification:_identify(venv/bin) by extension 'cmake'
[0.220s] Level 1:colcon.colcon_core.package_identification:_identify(venv/bin) by extension 'python'
[0.220s] Level 1:colcon.colcon_core.package_identification:_identify(venv/bin) by extensions ['python_setup_py']
[0.220s] Level 1:colcon.colcon_core.package_identification:_identify(venv/bin) by extension 'python_setup_py'
[0.220s] Level 1:colcon.colcon_core.package_identification:_identify(venv/include) by extensions ['ignore', 'ignore_ament_install']
[0.220s] Level 1:colcon.colcon_core.package_identification:_identify(venv/include) by extension 'ignore'
[0.220s] Level 1:colcon.colcon_core.package_identification:_identify(venv/include) by extension 'ignore_ament_install'
[0.220s] Level 1:colcon.colcon_core.package_identification:_identify(venv/include) by extensions ['colcon_pkg']
[0.220s] Level 1:colcon.colcon_core.package_identification:_identify(venv/include) by extension 'colcon_pkg'
[0.220s] Level 1:colcon.colcon_core.package_identification:_identify(venv/include) by extensions ['colcon_meta']
[0.220s] Level 1:colcon.colcon_core.package_identification:_identify(venv/include) by extension 'colcon_meta'
[0.220s] Level 1:colcon.colcon_core.package_identification:_identify(venv/include) by extensions ['ros']
[0.220s] Level 1:colcon.colcon_core.package_identification:_identify(venv/include) by extension 'ros'
[0.220s] Level 1:colcon.colcon_core.package_identification:_identify(venv/include) by extensions ['cmake', 'python']
[0.220s] Level 1:colcon.colcon_core.package_identification:_identify(venv/include) by extension 'cmake'
[0.220s] Level 1:colcon.colcon_core.package_identification:_identify(venv/include) by extension 'python'
[0.220s] Level 1:colcon.colcon_core.package_identification:_identify(venv/include) by extensions ['python_setup_py']
[0.220s] Level 1:colcon.colcon_core.package_identification:_identify(venv/include) by extension 'python_setup_py'
[0.220s] Level 1:colcon.colcon_core.package_identification:_identify(venv/lib) by extensions ['ignore', 'ignore_ament_install']
[0.220s] Level 1:colcon.colcon_core.package_identification:_identify(venv/lib) by extension 'ignore'
[0.220s] Level 1:colcon.colcon_core.package_identification:_identify(venv/lib) by extension 'ignore_ament_install'
[0.220s] Level 1:colcon.colcon_core.package_identification:_identify(venv/lib) by extensions ['colcon_pkg']
[0.220s] Level 1:colcon.colcon_core.package_identification:_identify(venv/lib) by extension 'colcon_pkg'
[0.220s] Level 1:colcon.colcon_core.package_identification:_identify(venv/lib) by extensions ['colcon_meta']
[0.220s] Level 1:colcon.colcon_core.package_identification:_identify(venv/lib) by extension 'colcon_meta'
[0.220s] Level 1:colcon.colcon_core.package_identification:_identify(venv/lib) by extensions ['ros']
[0.220s] Level 1:colcon.colcon_core.package_identification:_identify(venv/lib) by extension 'ros'
[0.220s] Level 1:colcon.colcon_core.package_identification:_identify(venv/lib) by extensions ['cmake', 'python']
[0.220s] Level 1:colcon.colcon_core.package_identification:_identify(venv/lib) by extension 'cmake'
[0.220s] Level 1:colcon.colcon_core.package_identification:_identify(venv/lib) by extension 'python'
[0.221s] Level 1:colcon.colcon_core.package_identification:_identify(venv/lib) by extensions ['python_setup_py']
[0.221s] Level 1:colcon.colcon_core.package_identification:_identify(venv/lib) by extension 'python_setup_py'
[0.221s] Level 1:colcon.colcon_core.package_identification:_identify(venv/lib/python3.10) by extensions ['ignore', 'ignore_ament_install']
[0.221s] Level 1:colcon.colcon_core.package_identification:_identify(venv/lib/python3.10) by extension 'ignore'
[0.221s] Level 1:colcon.colcon_core.package_identification:_identify(venv/lib/python3.10) by extension 'ignore_ament_install'
[0.221s] Level 1:colcon.colcon_core.package_identification:_identify(venv/lib/python3.10) by extensions ['colcon_pkg']
[0.221s] Level 1:colcon.colcon_core.package_identification:_identify(venv/lib/python3.10) by extension 'colcon_pkg'
[0.221s] Level 1:colcon.colcon_core.package_identification:_identify(venv/lib/python3.10) by extensions ['colcon_meta']
[0.221s] Level 1:colcon.colcon_core.package_identification:_identify(venv/lib/python3.10) by extension 'colcon_meta'
[0.221s] Level 1:colcon.colcon_core.package_identification:_identify(venv/lib/python3.10) by extensions ['ros']
[0.221s] Level 1:colcon.colcon_core.package_identification:_identify(venv/lib/python3.10) by extension 'ros'
[0.221s] Level 1:colcon.colcon_core.package_identification:_identify(venv/lib/python3.10) by extensions ['cmake', 'python']
[0.221s] Level 1:colcon.colcon_core.package_identification:_identify(venv/lib/python3.10) by extension 'cmake'
[0.221s] Level 1:colcon.colcon_core.package_identification:_identify(venv/lib/python3.10) by extension 'python'
[0.221s] Level 1:colcon.colcon_core.package_identification:_identify(venv/lib/python3.10) by extensions ['python_setup_py']
[0.221s] Level 1:colcon.colcon_core.package_identification:_identify(venv/lib/python3.10) by extension 'python_setup_py'
[0.221s] Level 1:colcon.colcon_core.package_identification:_identify(venv/lib/python3.10/site-packages) by extensions ['ignore', 'ignore_ament_install']
[0.221s] Level 1:colcon.colcon_core.package_identification:_identify(venv/lib/python3.10/site-packages) by extension 'ignore'
[0.221s] Level 1:colcon.colcon_core.package_identification:_identify(venv/lib/python3.10/site-packages) by extension 'ignore_ament_install'
[0.221s] Level 1:colcon.colcon_core.package_identification:_identify(venv/lib/python3.10/site-packages) by extensions ['colcon_pkg']
[0.221s] Level 1:colcon.colcon_core.package_identification:_identify(venv/lib/python3.10/site-packages) by extension 'colcon_pkg'
[0.221s] Level 1:colcon.colcon_core.package_identification:_identify(venv/lib/python3.10/site-packages) by extensions ['colcon_meta']
[0.221s] Level 1:colcon.colcon_core.package_identification:_identify(venv/lib/python3.10/site-packages) by extension 'colcon_meta'
[0.221s] Level 1:colcon.colcon_core.package_identification:_identify(venv/lib/python3.10/site-packages) by extensions ['ros']
[0.221s] Level 1:colcon.colcon_core.package_identification:_identify(venv/lib/python3.10/site-packages) by extension 'ros'
[0.221s] Level 1:colcon.colcon_core.package_identification:_identify(venv/lib/python3.10/site-packages) by extensions ['cmake', 'python']
[0.221s] Level 1:colcon.colcon_core.package_identification:_identify(venv/lib/python3.10/site-packages) by extension 'cmake'
[0.221s] Level 1:colcon.colcon_core.package_identification:_identify(venv/lib/python3.10/site-packages) by extension 'python'
[0.222s] Level 1:colcon.colcon_core.package_identification:_identify(venv/lib/python3.10/site-packages) by extensions ['python_setup_py']
[0.222s] Level 1:colcon.colcon_core.package_identification:_identify(venv/lib/python3.10/site-packages) by extension 'python_setup_py'
[0.222s] Level 1:colcon.colcon_core.package_identification:_identify(venv/lib/python3.10/site-packages/_distutils_hack) by extensions ['ignore', 'ignore_ament_install']
[0.222s] Level 1:colcon.colcon_core.package_identification:_identify(venv/lib/python3.10/site-packages/_distutils_hack) by extension 'ignore'
[0.222s] Level 1:colcon.colcon_core.package_identification:_identify(venv/lib/python3.10/site-packages/_distutils_hack) by extension 'ignore_ament_install'
[0.222s] Level 1:colcon.colcon_core.package_identification:_identify(venv/lib/python3.10/site-packages/_distutils_hack) by extensions ['colcon_pkg']
[0.222s] Level 1:colcon.colcon_core.package_identification:_identify(venv/lib/python3.10/site-packages/_distutils_hack) by extension 'colcon_pkg'
[0.222s] Level 1:colcon.colcon_core.package_identification:_identify(venv/lib/python3.10/site-packages/_distutils_hack) by extensions ['colcon_meta']
[0.222s] Level 1:colcon.colcon_core.package_identification:_identify(venv/lib/python3.10/site-packages/_distutils_hack) by extension 'colcon_meta'
[0.222s] Level 1:colcon.colcon_core.package_identification:_identify(venv/lib/python3.10/site-packages/_distutils_hack) by extensions ['ros']
[0.222s] Level 1:colcon.colcon_core.package_identification:_identify(venv/lib/python3.10/site-packages/_distutils_hack) by extension 'ros'
[0.222s] Level 1:colcon.colcon_core.package_identification:_identify(venv/lib/python3.10/site-packages/_distutils_hack) by extensions ['cmake', 'python']
[0.222s] Level 1:colcon.colcon_core.package_identification:_identify(venv/lib/python3.10/site-packages/_distutils_hack) by extension 'cmake'
[0.222s] Level 1:colcon.colcon_core.package_identification:_identify(venv/lib/python3.10/site-packages/_distutils_hack) by extension 'python'
[0.222s] Level 1:colcon.colcon_core.package_identification:_identify(venv/lib/python3.10/site-packages/_distutils_hack) by extensions ['python_setup_py']
[0.222s] Level 1:colcon.colcon_core.package_identification:_identify(venv/lib/python3.10/site-packages/_distutils_hack) by extension 'python_setup_py'
[0.222s] Level 1:colcon.colcon_core.package_identification:_identify(venv/lib/python3.10/site-packages/_distutils_hack/__pycache__) by extensions ['ignore', 'ignore_ament_install']
[0.222s] Level 1:colcon.colcon_core.package_identification:_identify(venv/lib/python3.10/site-packages/_distutils_hack/__pycache__) by extension 'ignore'
[0.222s] Level 1:colcon.colcon_core.package_identification:_identify(venv/lib/python3.10/site-packages/_distutils_hack/__pycache__) by extension 'ignore_ament_install'
[0.222s] Level 1:colcon.colcon_core.package_identification:_identify(venv/lib/python3.10/site-packages/_distutils_hack/__pycache__) by extensions ['colcon_pkg']
[0.222s] Level 1:colcon.colcon_core.package_identification:_identify(venv/lib/python3.10/site-packages/_distutils_hack/__pycache__) by extension 'colcon_pkg'
[0.222s] Level 1:colcon.colcon_core.package_identification:_identify(venv/lib/python3.10/site-packages/_distutils_hack/__pycache__) by extensions ['colcon_meta']
[0.222s] Level 1:colcon.colcon_core.package_identification:_identify(venv/lib/python3.10/site-packages/_distutils_hack/__pycache__) by extension 'colcon_meta'
[0.222s] Level 1:colcon.colcon_core.package_identification:_identify(venv/lib/python3.10/site-packages/_distutils_hack/__pycache__) by extensions ['ros']
[0.222s] Level 1:colcon.colcon_core.package_identification:_identify(venv/lib/python3.10/site-packages/_distutils_hack/__pycache__) by extension 'ros'
[0.222s] Level 1:colcon.colcon_core.package_identification:_identify(venv/lib/python3.10/site-packages/_distutils_hack/__pycache__) by extensions ['cmake', 'python']
[0.222s] Level 1:colcon.colcon_core.package_identification:_identify(venv/lib/python3.10/site-packages/_distutils_hack/__pycache__) by extension 'cmake'
[0.222s] Level 1:colcon.colcon_core.package_identification:_identify(venv/lib/python3.10/site-packages/_distutils_hack/__pycache__) by extension 'python'
[0.223s] Level 1:colcon.colcon_core.package_identification:_identify(venv/lib/python3.10/site-packages/_distutils_hack/__pycache__) by extensions ['python_setup_py']
[0.223s] Level 1:colcon.colcon_core.package_identification:_identify(venv/lib/python3.10/site-packages/_distutils_hack/__pycache__) by extension 'python_setup_py'
[0.223s] Level 1:colcon.colcon_core.package_identification:_identify(venv/lib/python3.10/site-packages/cv2) by extensions ['ignore', 'ignore_ament_install']
[0.223s] Level 1:colcon.colcon_core.package_identification:_identify(venv/lib/python3.10/site-packages/cv2) by extension 'ignore'
[0.223s] Level 1:colcon.colcon_core.package_identification:_identify(venv/lib/python3.10/site-packages/cv2) by extension 'ignore_ament_install'
[0.223s] Level 1:colcon.colcon_core.package_identification:_identify(venv/lib/python3.10/site-packages/cv2) by extensions ['colcon_pkg']
[0.223s] Level 1:colcon.colcon_core.package_identification:_identify(venv/lib/python3.10/site-packages/cv2) by extension 'colcon_pkg'
[0.223s] Level 1:colcon.colcon_core.package_identification:_identify(venv/lib/python3.10/site-packages/cv2) by extensions ['colcon_meta']
[0.223s] Level 1:colcon.colcon_core.package_identification:_identify(venv/lib/python3.10/site-packages/cv2) by extension 'colcon_meta'
[0.223s] Level 1:colcon.colcon_core.package_identification:_identify(venv/lib/python3.10/site-packages/cv2) by extensions ['ros']
[0.223s] Level 1:colcon.colcon_core.package_identification:_identify(venv/lib/python3.10/site-packages/cv2) by extension 'ros'
[0.223s] Level 1:colcon.colcon_core.package_identification:_identify(venv/lib/python3.10/site-packages/cv2) by extensions ['cmake', 'python']
[0.223s] Level 1:colcon.colcon_core.package_identification:_identify(venv/lib/python3.10/site-packages/cv2) by extension 'cmake'
[0.223s] Level 1:colcon.colcon_core.package_identification:_identify(venv/lib/python3.10/site-packages/cv2) by extension 'python'
[0.223s] Level 1:colcon.colcon_core.package_identification:_identify(venv/lib/python3.10/site-packages/cv2) by extensions ['python_setup_py']
[0.223s] Level 1:colcon.colcon_core.package_identification:_identify(venv/lib/python3.10/site-packages/cv2) by extension 'python_setup_py'
[0.223s] Level 1:colcon.colcon_core.package_identification:_identify(venv/lib/python3.10/site-packages/cv2/Error) by extensions ['ignore', 'ignore_ament_install']
[0.223s] Level 1:colcon.colcon_core.package_identification:_identify(venv/lib/python3.10/site-packages/cv2/Error) by extension 'ignore'
[0.223s] Level 1:colcon.colcon_core.package_identification:_identify(venv/lib/python3.10/site-packages/cv2/Error) by extension 'ignore_ament_install'
[0.223s] Level 1:colcon.colcon_core.package_identification:_identify(venv/lib/python3.10/site-packages/cv2/Error) by extensions ['colcon_pkg']
[0.223s] Level 1:colcon.colcon_core.package_identification:_identify(venv/lib/python3.10/site-packages/cv2/Error) by extension 'colcon_pkg'
[0.223s] Level 1:colcon.colcon_core.package_identification:_identify(venv/lib/python3.10/site-packages/cv2/Error) by extensions ['colcon_meta']
[0.223s] Level 1:colcon.colcon_core.package_identification:_identify(venv/lib/python3.10/site-packages/cv2/Error) by extension 'colcon_meta'
[0.223s] Level 1:colcon.colcon_core.package_identification:_identify(venv/lib/python3.10/site-packages/cv2/Error) by extensions ['ros']
[0.223s] Level 1:colcon.colcon_core.package_identification:_identify(venv/lib/python3.10/site-packages/cv2/Error) by extension 'ros'
[0.223s] Level 1:colcon.colcon_core.package_identification:_identify(venv/lib/python3.10/site-packages/cv2/Error) by extensions ['cmake', 'python']
[0.223s] Level 1:colcon.colcon_core.package_identification:_identify(venv/lib/python3.10/site-packages/cv2/Error) by extension 'cmake'
[0.223s] Level 1:colcon.colcon_core.package_identification:_identify(venv/lib/python3.10/site-packages/cv2/Error) by extension 'python'
[0.224s] Level 1:colcon.colcon_core.package_identification:_identify(venv/lib/python3.10/site-packages/cv2/Error) by extensions ['python_setup_py']
[0.224s] Level 1:colcon.colcon_core.package_identification:_identify(venv/lib/python3.10/site-packages/cv2/Error) by extension 'python_setup_py'
[0.224s] Level 1:colcon.colcon_core.package_identification:_identify(venv/lib/python3.10/site-packages/cv2/__pycache__) by extensions ['ignore', 'ignore_ament_install']
[0.224s] Level 1:colcon.colcon_core.package_identification:_identify(venv/lib/python3.10/site-packages/cv2/__pycache__) by extension 'ignore'
[0.224s] Level 1:colcon.colcon_core.package_identification:_identify(venv/lib/python3.10/site-packages/cv2/__pycache__) by extension 'ignore_ament_install'
[0.224s] Level 1:colcon.colcon_core.package_identification:_identify(venv/lib/python3.10/site-packages/cv2/__pycache__) by extensions ['colcon_pkg']
[0.224s] Level 1:colcon.colcon_core.package_identification:_identify(venv/lib/python3.10/site-packages/cv2/__pycache__) by extension 'colcon_pkg'
[0.224s] Level 1:colcon.colcon_core.package_identification:_identify(venv/lib/python3.10/site-packages/cv2/__pycache__) by extensions ['colcon_meta']
[0.224s] Level 1:colcon.colcon_core.package_identification:_identify(venv/lib/python3.10/site-packages/cv2/__pycache__) by extension 'colcon_meta'
[0.224s] Level 1:colcon.colcon_core.package_identification:_identify(venv/lib/python3.10/site-packages/cv2/__pycache__) by extensions ['ros']
[0.224s] Level 1:colcon.colcon_core.package_identification:_identify(venv/lib/python3.10/site-packages/cv2/__pycache__) by extension 'ros'
[0.224s] Level 1:colcon.colcon_core.package_identification:_identify(venv/lib/python3.10/site-packages/cv2/__pycache__) by extensions ['cmake', 'python']
[0.224s] Level 1:colcon.colcon_core.package_identification:_identify(venv/lib/python3.10/site-packages/cv2/__pycache__) by extension 'cmake'
[0.224s] Level 1:colcon.colcon_core.package_identification:_identify(venv/lib/python3.10/site-packages/cv2/__pycache__) by extension 'python'
[0.224s] Level 1:colcon.colcon_core.package_identification:_identify(venv/lib/python3.10/site-packages/cv2/__pycache__) by extensions ['python_setup_py']
[0.224s] Level 1:colcon.colcon_core.package_identification:_identify(venv/lib/python3.10/site-packages/cv2/__pycache__) by extension 'python_setup_py'
[0.224s] Level 1:colcon.colcon_core.package_identification:_identify(venv/lib/python3.10/site-packages/cv2/aruco) by extensions ['ignore', 'ignore_ament_install']
[0.224s] Level 1:colcon.colcon_core.package_identification:_identify(venv/lib/python3.10/site-packages/cv2/aruco) by extension 'ignore'
[0.224s] Level 1:colcon.colcon_core.package_identification:_identify(venv/lib/python3.10/site-packages/cv2/aruco) by extension 'ignore_ament_install'
[0.224s] Level 1:colcon.colcon_core.package_identification:_identify(venv/lib/python3.10/site-packages/cv2/aruco) by extensions ['colcon_pkg']
[0.224s] Level 1:colcon.colcon_core.package_identification:_identify(venv/lib/python3.10/site-packages/cv2/aruco) by extension 'colcon_pkg'
[0.224s] Level 1:colcon.colcon_core.package_identification:_identify(venv/lib/python3.10/site-packages/cv2/aruco) by extensions ['colcon_meta']
[0.224s] Level 1:colcon.colcon_core.package_identification:_identify(venv/lib/python3.10/site-packages/cv2/aruco) by extension 'colcon_meta'
[0.224s] Level 1:colcon.colcon_core.package_identification:_identify(venv/lib/python3.10/site-packages/cv2/aruco) by extensions ['ros']
[0.224s] Level 1:colcon.colcon_core.package_identification:_identify(venv/lib/python3.10/site-packages/cv2/aruco) by extension 'ros'
[0.224s] Level 1:colcon.colcon_core.package_identification:_identify(venv/lib/python3.10/site-packages/cv2/aruco) by extensions ['cmake', 'python']
[0.224s] Level 1:colcon.colcon_core.package_identification:_identify(venv/lib/python3.10/site-packages/cv2/aruco) by extension 'cmake'
[0.224s] Level 1:colcon.colcon_core.package_identification:_identify(venv/lib/python3.10/site-packages/cv2/aruco) by extension 'python'
[0.224s] Level 1:colcon.colcon_core.package_identification:_identify(venv/lib/python3.10/site-packages/cv2/aruco) by extensions ['python_setup_py']
[0.225s] Level 1:colcon.colcon_core.package_identification:_identify(venv/lib/python3.10/site-packages/cv2/aruco) by extension 'python_setup_py'
[0.225s] Level 1:colcon.colcon_core.package_identification:_identify(venv/lib/python3.10/site-packages/cv2/barcode) by extensions ['ignore', 'ignore_ament_install']
[0.225s] Level 1:colcon.colcon_core.package_identification:_identify(venv/lib/python3.10/site-packages/cv2/barcode) by extension 'ignore'
[0.225s] Level 1:colcon.colcon_core.package_identification:_identify(venv/lib/python3.10/site-packages/cv2/barcode) by extension 'ignore_ament_install'
[0.225s] Level 1:colcon.colcon_core.package_identification:_identify(venv/lib/python3.10/site-packages/cv2/barcode) by extensions ['colcon_pkg']
[0.225s] Level 1:colcon.colcon_core.package_identification:_identify(venv/lib/python3.10/site-packages/cv2/barcode) by extension 'colcon_pkg'
[0.225s] Level 1:colcon.colcon_core.package_identification:_identify(venv/lib/python3.10/site-packages/cv2/barcode) by extensions ['colcon_meta']
[0.225s] Level 1:colcon.colcon_core.package_identification:_identify(venv/lib/python3.10/site-packages/cv2/barcode) by extension 'colcon_meta'
[0.225s] Level 1:colcon.colcon_core.package_identification:_identify(venv/lib/python3.10/site-packages/cv2/barcode) by extensions ['ros']
[0.225s] Level 1:colcon.colcon_core.package_identification:_identify(venv/lib/python3.10/site-packages/cv2/barcode) by extension 'ros'
[0.225s] Level 1:colcon.colcon_core.package_identification:_identify(venv/lib/python3.10/site-packages/cv2/barcode) by extensions ['cmake', 'python']
[0.225s] Level 1:colcon.colcon_core.package_identification:_identify(venv/lib/python3.10/site-packages/cv2/barcode) by extension 'cmake'
[0.225s] Level 1:colcon.colcon_core.package_identification:_identify(venv/lib/python3.10/site-packages/cv2/barcode) by extension 'python'
[0.225s] Level 1:colcon.colcon_core.package_identification:_identify(venv/lib/python3.10/site-packages/cv2/barcode) by extensions ['python_setup_py']
[0.225s] Level 1:colcon.colcon_core.package_identification:_identify(venv/lib/python3.10/site-packages/cv2/barcode) by extension 'python_setup_py'
[0.225s] Level 1:colcon.colcon_core.package_identification:_identify(venv/lib/python3.10/site-packages/cv2/cuda) by extensions ['ignore', 'ignore_ament_install']
[0.225s] Level 1:colcon.colcon_core.package_identification:_identify(venv/lib/python3.10/site-packages/cv2/cuda) by extension 'ignore'
[0.225s] Level 1:colcon.colcon_core.package_identification:_identify(venv/lib/python3.10/site-packages/cv2/cuda) by extension 'ignore_ament_install'
[0.225s] Level 1:colcon.colcon_core.package_identification:_identify(venv/lib/python3.10/site-packages/cv2/cuda) by extensions ['colcon_pkg']
[0.225s] Level 1:colcon.colcon_core.package_identification:_identify(venv/lib/python3.10/site-packages/cv2/cuda) by extension 'colcon_pkg'
[0.225s] Level 1:colcon.colcon_core.package_identification:_identify(venv/lib/python3.10/site-packages/cv2/cuda) by extensions ['colcon_meta']
[0.225s] Level 1:colcon.colcon_core.package_identification:_identify(venv/lib/python3.10/site-packages/cv2/cuda) by extension 'colcon_meta'
[0.225s] Level 1:colcon.colcon_core.package_identification:_identify(venv/lib/python3.10/site-packages/cv2/cuda) by extensions ['ros']
[0.225s] Level 1:colcon.colcon_core.package_identification:_identify(venv/lib/python3.10/site-packages/cv2/cuda) by extension 'ros'
[0.225s] Level 1:colcon.colcon_core.package_identification:_identify(venv/lib/python3.10/site-packages/cv2/cuda) by extensions ['cmake', 'python']
[0.225s] Level 1:colcon.colcon_core.package_identification:_identify(venv/lib/python3.10/site-packages/cv2/cuda) by extension 'cmake'
[0.225s] Level 1:colcon.colcon_core.package_identification:_identify(venv/lib/python3.10/site-packages/cv2/cuda) by extension 'python'
[0.225s] Level 1:colcon.colcon_core.package_identification:_identify(venv/lib/python3.10/site-packages/cv2/cuda) by extensions ['python_setup_py']
[0.225s] Level 1:colcon.colcon_core.package_identification:_identify(venv/lib/python3.10/site-packages/cv2/cuda) by extension 'python_setup_py'
[0.226s] Level 1:colcon.colcon_core.package_identification:_identify(venv/lib/python3.10/site-packages/cv2/data) by extensions ['ignore', 'ignore_ament_install']
[0.226s] Level 1:colcon.colcon_core.package_identification:_identify(venv/lib/python3.10/site-packages/cv2/data) by extension 'ignore'
[0.226s] Level 1:colcon.colcon_core.package_identification:_identify(venv/lib/python3.10/site-packages/cv2/data) by extension 'ignore_ament_install'
[0.226s] Level 1:colcon.colcon_core.package_identification:_identify(venv/lib/python3.10/site-packages/cv2/data) by extensions ['colcon_pkg']
[0.226s] Level 1:colcon.colcon_core.package_identification:_identify(venv/lib/python3.10/site-packages/cv2/data) by extension 'colcon_pkg'
[0.226s] Level 1:colcon.colcon_core.package_identification:_identify(venv/lib/python3.10/site-packages/cv2/data) by extensions ['colcon_meta']
[0.226s] Level 1:colcon.colcon_core.package_identification:_identify(venv/lib/python3.10/site-packages/cv2/data) by extension 'colcon_meta'
[0.226s] Level 1:colcon.colcon_core.package_identification:_identify(venv/lib/python3.10/site-packages/cv2/data) by extensions ['ros']
[0.226s] Level 1:colcon.colcon_core.package_identification:_identify(venv/lib/python3.10/site-packages/cv2/data) by extension 'ros'
[0.226s] Level 1:colcon.colcon_core.package_identification:_identify(venv/lib/python3.10/site-packages/cv2/data) by extensions ['cmake', 'python']
[0.226s] Level 1:colcon.colcon_core.package_identification:_identify(venv/lib/python3.10/site-packages/cv2/data) by extension 'cmake'
[0.226s] Level 1:colcon.colcon_core.package_identification:_identify(venv/lib/python3.10/site-packages/cv2/data) by extension 'python'
[0.226s] Level 1:colcon.colcon_core.package_identification:_identify(venv/lib/python3.10/site-packages/cv2/data) by extensions ['python_setup_py']
[0.226s] Level 1:colcon.colcon_core.package_identification:_identify(venv/lib/python3.10/site-packages/cv2/data) by extension 'python_setup_py'
[0.226s] Level 1:colcon.colcon_core.package_identification:_identify(venv/lib/python3.10/site-packages/cv2/data/__pycache__) by extensions ['ignore', 'ignore_ament_install']
[0.226s] Level 1:colcon.colcon_core.package_identification:_identify(venv/lib/python3.10/site-packages/cv2/data/__pycache__) by extension 'ignore'
[0.226s] Level 1:colcon.colcon_core.package_identification:_identify(venv/lib/python3.10/site-packages/cv2/data/__pycache__) by extension 'ignore_ament_install'
[0.226s] Level 1:colcon.colcon_core.package_identification:_identify(venv/lib/python3.10/site-packages/cv2/data/__pycache__) by extensions ['colcon_pkg']
[0.226s] Level 1:colcon.colcon_core.package_identification:_identify(venv/lib/python3.10/site-packages/cv2/data/__pycache__) by extension 'colcon_pkg'
[0.226s] Level 1:colcon.colcon_core.package_identification:_identify(venv/lib/python3.10/site-packages/cv2/data/__pycache__) by extensions ['colcon_meta']
[0.226s] Level 1:colcon.colcon_core.package_identification:_identify(venv/lib/python3.10/site-packages/cv2/data/__pycache__) by extension 'colcon_meta'
[0.226s] Level 1:colcon.colcon_core.package_identification:_identify(venv/lib/python3.10/site-packages/cv2/data/__pycache__) by extensions ['ros']
[0.226s] Level 1:colcon.colcon_core.package_identification:_identify(venv/lib/python3.10/site-packages/cv2/data/__pycache__) by extension 'ros'
[0.226s] Level 1:colcon.colcon_core.package_identification:_identify(venv/lib/python3.10/site-packages/cv2/data/__pycache__) by extensions ['cmake', 'python']
[0.226s] Level 1:colcon.colcon_core.package_identification:_identify(venv/lib/python3.10/site-packages/cv2/data/__pycache__) by extension 'cmake'
[0.226s] Level 1:colcon.colcon_core.package_identification:_identify(venv/lib/python3.10/site-packages/cv2/data/__pycache__) by extension 'python'
[0.226s] Level 1:colcon.colcon_core.package_identification:_identify(venv/lib/python3.10/site-packages/cv2/data/__pycache__) by extensions ['python_setup_py']
[0.227s] Level 1:colcon.colcon_core.package_identification:_identify(venv/lib/python3.10/site-packages/cv2/data/__pycache__) by extension 'python_setup_py'
[0.227s] Level 1:colcon.colcon_core.package_identification:_identify(venv/lib/python3.10/site-packages/cv2/detail) by extensions ['ignore', 'ignore_ament_install']
[0.227s] Level 1:colcon.colcon_core.package_identification:_identify(venv/lib/python3.10/site-packages/cv2/detail) by extension 'ignore'
[0.227s] Level 1:colcon.colcon_core.package_identification:_identify(venv/lib/python3.10/site-packages/cv2/detail) by extension 'ignore_ament_install'
[0.227s] Level 1:colcon.colcon_core.package_identification:_identify(venv/lib/python3.10/site-packages/cv2/detail) by extensions ['colcon_pkg']
[0.227s] Level 1:colcon.colcon_core.package_identification:_identify(venv/lib/python3.10/site-packages/cv2/detail) by extension 'colcon_pkg'
[0.227s] Level 1:colcon.colcon_core.package_identification:_identify(venv/lib/python3.10/site-packages/cv2/detail) by extensions ['colcon_meta']
[0.227s] Level 1:colcon.colcon_core.package_identification:_identify(venv/lib/python3.10/site-packages/cv2/detail) by extension 'colcon_meta'
[0.227s] Level 1:colcon.colcon_core.package_identification:_identify(venv/lib/python3.10/site-packages/cv2/detail) by extensions ['ros']
[0.227s] Level 1:colcon.colcon_core.package_identification:_identify(venv/lib/python3.10/site-packages/cv2/detail) by extension 'ros'
[0.227s] Level 1:colcon.colcon_core.package_identification:_identify(venv/lib/python3.10/site-packages/cv2/detail) by extensions ['cmake', 'python']
[0.227s] Level 1:colcon.colcon_core.package_identification:_identify(venv/lib/python3.10/site-packages/cv2/detail) by extension 'cmake'
[0.227s] Level 1:colcon.colcon_core.package_identification:_identify(venv/lib/python3.10/site-packages/cv2/detail) by extension 'python'
[0.227s] Level 1:colcon.colcon_core.package_identification:_identify(venv/lib/python3.10/site-packages/cv2/detail) by extensions ['python_setup_py']
[0.227s] Level 1:colcon.colcon_core.package_identification:_identify(venv/lib/python3.10/site-packages/cv2/detail) by extension 'python_setup_py'
[0.227s] Level 1:colcon.colcon_core.package_identification:_identify(venv/lib/python3.10/site-packages/cv2/dnn) by extensions ['ignore', 'ignore_ament_install']
[0.227s] Level 1:colcon.colcon_core.package_identification:_identify(venv/lib/python3.10/site-packages/cv2/dnn) by extension 'ignore'
[0.227s] Level 1:colcon.colcon_core.package_identification:_identify(venv/lib/python3.10/site-packages/cv2/dnn) by extension 'ignore_ament_install'
[0.227s] Level 1:colcon.colcon_core.package_identification:_identify(venv/lib/python3.10/site-packages/cv2/dnn) by extensions ['colcon_pkg']
[0.227s] Level 1:colcon.colcon_core.package_identification:_identify(venv/lib/python3.10/site-packages/cv2/dnn) by extension 'colcon_pkg'
[0.227s] Level 1:colcon.colcon_core.package_identification:_identify(venv/lib/python3.10/site-packages/cv2/dnn) by extensions ['colcon_meta']
[0.227s] Level 1:colcon.colcon_core.package_identification:_identify(venv/lib/python3.10/site-packages/cv2/dnn) by extension 'colcon_meta'
[0.227s] Level 1:colcon.colcon_core.package_identification:_identify(venv/lib/python3.10/site-packages/cv2/dnn) by extensions ['ros']
[0.227s] Level 1:colcon.colcon_core.package_identification:_identify(venv/lib/python3.10/site-packages/cv2/dnn) by extension 'ros'
[0.227s] Level 1:colcon.colcon_core.package_identification:_identify(venv/lib/python3.10/site-packages/cv2/dnn) by extensions ['cmake', 'python']
[0.227s] Level 1:colcon.colcon_core.package_identification:_identify(venv/lib/python3.10/site-packages/cv2/dnn) by extension 'cmake'
[0.227s] Level 1:colcon.colcon_core.package_identification:_identify(venv/lib/python3.10/site-packages/cv2/dnn) by extension 'python'
[0.227s] Level 1:colcon.colcon_core.package_identification:_identify(venv/lib/python3.10/site-packages/cv2/dnn) by extensions ['python_setup_py']
[0.227s] Level 1:colcon.colcon_core.package_identification:_identify(venv/lib/python3.10/site-packages/cv2/dnn) by extension 'python_setup_py'
[0.228s] Level 1:colcon.colcon_core.package_identification:_identify(venv/lib/python3.10/site-packages/cv2/fisheye) by extensions ['ignore', 'ignore_ament_install']
[0.228s] Level 1:colcon.colcon_core.package_identification:_identify(venv/lib/python3.10/site-packages/cv2/fisheye) by extension 'ignore'
[0.228s] Level 1:colcon.colcon_core.package_identification:_identify(venv/lib/python3.10/site-packages/cv2/fisheye) by extension 'ignore_ament_install'
[0.228s] Level 1:colcon.colcon_core.package_identification:_identify(venv/lib/python3.10/site-packages/cv2/fisheye) by extensions ['colcon_pkg']
[0.228s] Level 1:colcon.colcon_core.package_identification:_identify(venv/lib/python3.10/site-packages/cv2/fisheye) by extension 'colcon_pkg'
[0.228s] Level 1:colcon.colcon_core.package_identification:_identify(venv/lib/python3.10/site-packages/cv2/fisheye) by extensions ['colcon_meta']
[0.228s] Level 1:colcon.colcon_core.package_identification:_identify(venv/lib/python3.10/site-packages/cv2/fisheye) by extension 'colcon_meta'
[0.228s] Level 1:colcon.colcon_core.package_identification:_identify(venv/lib/python3.10/site-packages/cv2/fisheye) by extensions ['ros']
[0.228s] Level 1:colcon.colcon_core.package_identification:_identify(venv/lib/python3.10/site-packages/cv2/fisheye) by extension 'ros'
[0.228s] Level 1:colcon.colcon_core.package_identification:_identify(venv/lib/python3.10/site-packages/cv2/fisheye) by extensions ['cmake', 'python']
[0.228s] Level 1:colcon.colcon_core.package_identification:_identify(venv/lib/python3.10/site-packages/cv2/fisheye) by extension 'cmake'
[0.228s] Level 1:colcon.colcon_core.package_identification:_identify(venv/lib/python3.10/site-packages/cv2/fisheye) by extension 'python'
[0.228s] Level 1:colcon.colcon_core.package_identification:_identify(venv/lib/python3.10/site-packages/cv2/fisheye) by extensions ['python_setup_py']
[0.228s] Level 1:colcon.colcon_core.package_identification:_identify(venv/lib/python3.10/site-packages/cv2/fisheye) by extension 'python_setup_py'
[0.228s] Level 1:colcon.colcon_core.package_identification:_identify(venv/lib/python3.10/site-packages/cv2/flann) by extensions ['ignore', 'ignore_ament_install']
[0.228s] Level 1:colcon.colcon_core.package_identification:_identify(venv/lib/python3.10/site-packages/cv2/flann) by extension 'ignore'
[0.228s] Level 1:colcon.colcon_core.package_identification:_identify(venv/lib/python3.10/site-packages/cv2/flann) by extension 'ignore_ament_install'
[0.228s] Level 1:colcon.colcon_core.package_identification:_identify(venv/lib/python3.10/site-packages/cv2/flann) by extensions ['colcon_pkg']
[0.228s] Level 1:colcon.colcon_core.package_identification:_identify(venv/lib/python3.10/site-packages/cv2/flann) by extension 'colcon_pkg'
[0.228s] Level 1:colcon.colcon_core.package_identification:_identify(venv/lib/python3.10/site-packages/cv2/flann) by extensions ['colcon_meta']
[0.228s] Level 1:colcon.colcon_core.package_identification:_identify(venv/lib/python3.10/site-packages/cv2/flann) by extension 'colcon_meta'
[0.228s] Level 1:colcon.colcon_core.package_identification:_identify(venv/lib/python3.10/site-packages/cv2/flann) by extensions ['ros']
[0.228s] Level 1:colcon.colcon_core.package_identification:_identify(venv/lib/python3.10/site-packages/cv2/flann) by extension 'ros'
[0.228s] Level 1:colcon.colcon_core.package_identification:_identify(venv/lib/python3.10/site-packages/cv2/flann) by extensions ['cmake', 'python']
[0.228s] Level 1:colcon.colcon_core.package_identification:_identify(venv/lib/python3.10/site-packages/cv2/flann) by extension 'cmake'
[0.228s] Level 1:colcon.colcon_core.package_identification:_identify(venv/lib/python3.10/site-packages/cv2/flann) by extension 'python'
[0.228s] Level 1:colcon.colcon_core.package_identification:_identify(venv/lib/python3.10/site-packages/cv2/flann) by extensions ['python_setup_py']
[0.228s] Level 1:colcon.colcon_core.package_identification:_identify(venv/lib/python3.10/site-packages/cv2/flann) by extension 'python_setup_py'
[0.229s] Level 1:colcon.colcon_core.package_identification:_identify(venv/lib/python3.10/site-packages/cv2/gapi) by extensions ['ignore', 'ignore_ament_install']
[0.229s] Level 1:colcon.colcon_core.package_identification:_identify(venv/lib/python3.10/site-packages/cv2/gapi) by extension 'ignore'
[0.229s] Level 1:colcon.colcon_core.package_identification:_identify(venv/lib/python3.10/site-packages/cv2/gapi) by extension 'ignore_ament_install'
[0.229s] Level 1:colcon.colcon_core.package_identification:_identify(venv/lib/python3.10/site-packages/cv2/gapi) by extensions ['colcon_pkg']
[0.229s] Level 1:colcon.colcon_core.package_identification:_identify(venv/lib/python3.10/site-packages/cv2/gapi) by extension 'colcon_pkg'
[0.229s] Level 1:colcon.colcon_core.package_identification:_identify(venv/lib/python3.10/site-packages/cv2/gapi) by extensions ['colcon_meta']
[0.229s] Level 1:colcon.colcon_core.package_identification:_identify(venv/lib/python3.10/site-packages/cv2/gapi) by extension 'colcon_meta'
[0.229s] Level 1:colcon.colcon_core.package_identification:_identify(venv/lib/python3.10/site-packages/cv2/gapi) by extensions ['ros']
[0.229s] Level 1:colcon.colcon_core.package_identification:_identify(venv/lib/python3.10/site-packages/cv2/gapi) by extension 'ros'
[0.229s] Level 1:colcon.colcon_core.package_identification:_identify(venv/lib/python3.10/site-packages/cv2/gapi) by extensions ['cmake', 'python']
[0.229s] Level 1:colcon.colcon_core.package_identification:_identify(venv/lib/python3.10/site-packages/cv2/gapi) by extension 'cmake'
[0.229s] Level 1:colcon.colcon_core.package_identification:_identify(venv/lib/python3.10/site-packages/cv2/gapi) by extension 'python'
[0.229s] Level 1:colcon.colcon_core.package_identification:_identify(venv/lib/python3.10/site-packages/cv2/gapi) by extensions ['python_setup_py']
[0.229s] Level 1:colcon.colcon_core.package_identification:_identify(venv/lib/python3.10/site-packages/cv2/gapi) by extension 'python_setup_py'
[0.229s] Level 1:colcon.colcon_core.package_identification:_identify(venv/lib/python3.10/site-packages/cv2/gapi/__pycache__) by extensions ['ignore', 'ignore_ament_install']
[0.229s] Level 1:colcon.colcon_core.package_identification:_identify(venv/lib/python3.10/site-packages/cv2/gapi/__pycache__) by extension 'ignore'
[0.229s] Level 1:colcon.colcon_core.package_identification:_identify(venv/lib/python3.10/site-packages/cv2/gapi/__pycache__) by extension 'ignore_ament_install'
[0.229s] Level 1:colcon.colcon_core.package_identification:_identify(venv/lib/python3.10/site-packages/cv2/gapi/__pycache__) by extensions ['colcon_pkg']
[0.229s] Level 1:colcon.colcon_core.package_identification:_identify(venv/lib/python3.10/site-packages/cv2/gapi/__pycache__) by extension 'colcon_pkg'
[0.229s] Level 1:colcon.colcon_core.package_identification:_identify(venv/lib/python3.10/site-packages/cv2/gapi/__pycache__) by extensions ['colcon_meta']
[0.229s] Level 1:colcon.colcon_core.package_identification:_identify(venv/lib/python3.10/site-packages/cv2/gapi/__pycache__) by extension 'colcon_meta'
[0.229s] Level 1:colcon.colcon_core.package_identification:_identify(venv/lib/python3.10/site-packages/cv2/gapi/__pycache__) by extensions ['ros']
[0.229s] Level 1:colcon.colcon_core.package_identification:_identify(venv/lib/python3.10/site-packages/cv2/gapi/__pycache__) by extension 'ros'
[0.229s] Level 1:colcon.colcon_core.package_identification:_identify(venv/lib/python3.10/site-packages/cv2/gapi/__pycache__) by extensions ['cmake', 'python']
[0.229s] Level 1:colcon.colcon_core.package_identification:_identify(venv/lib/python3.10/site-packages/cv2/gapi/__pycache__) by extension 'cmake'
[0.229s] Level 1:colcon.colcon_core.package_identification:_identify(venv/lib/python3.10/site-packages/cv2/gapi/__pycache__) by extension 'python'
[0.229s] Level 1:colcon.colcon_core.package_identification:_identify(venv/lib/python3.10/site-packages/cv2/gapi/__pycache__) by extensions ['python_setup_py']
[0.230s] Level 1:colcon.colcon_core.package_identification:_identify(venv/lib/python3.10/site-packages/cv2/gapi/__pycache__) by extension 'python_setup_py'
[0.230s] Level 1:colcon.colcon_core.package_identification:_identify(venv/lib/python3.10/site-packages/cv2/gapi/core) by extensions ['ignore', 'ignore_ament_install']
[0.230s] Level 1:colcon.colcon_core.package_identification:_identify(venv/lib/python3.10/site-packages/cv2/gapi/core) by extension 'ignore'
[0.230s] Level 1:colcon.colcon_core.package_identification:_identify(venv/lib/python3.10/site-packages/cv2/gapi/core) by extension 'ignore_ament_install'
[0.230s] Level 1:colcon.colcon_core.package_identification:_identify(venv/lib/python3.10/site-packages/cv2/gapi/core) by extensions ['colcon_pkg']
[0.230s] Level 1:colcon.colcon_core.package_identification:_identify(venv/lib/python3.10/site-packages/cv2/gapi/core) by extension 'colcon_pkg'
[0.230s] Level 1:colcon.colcon_core.package_identification:_identify(venv/lib/python3.10/site-packages/cv2/gapi/core) by extensions ['colcon_meta']
[0.230s] Level 1:colcon.colcon_core.package_identification:_identify(venv/lib/python3.10/site-packages/cv2/gapi/core) by extension 'colcon_meta'
[0.230s] Level 1:colcon.colcon_core.package_identification:_identify(venv/lib/python3.10/site-packages/cv2/gapi/core) by extensions ['ros']
[0.230s] Level 1:colcon.colcon_core.package_identification:_identify(venv/lib/python3.10/site-packages/cv2/gapi/core) by extension 'ros'
[0.230s] Level 1:colcon.colcon_core.package_identification:_identify(venv/lib/python3.10/site-packages/cv2/gapi/core) by extensions ['cmake', 'python']
[0.230s] Level 1:colcon.colcon_core.package_identification:_identify(venv/lib/python3.10/site-packages/cv2/gapi/core) by extension 'cmake'
[0.230s] Level 1:colcon.colcon_core.package_identification:_identify(venv/lib/python3.10/site-packages/cv2/gapi/core) by extension 'python'
[0.230s] Level 1:colcon.colcon_core.package_identification:_identify(venv/lib/python3.10/site-packages/cv2/gapi/core) by extensions ['python_setup_py']
[0.230s] Level 1:colcon.colcon_core.package_identification:_identify(venv/lib/python3.10/site-packages/cv2/gapi/core) by extension 'python_setup_py'
[0.230s] Level 1:colcon.colcon_core.package_identification:_identify(venv/lib/python3.10/site-packages/cv2/gapi/core/cpu) by extensions ['ignore', 'ignore_ament_install']
[0.230s] Level 1:colcon.colcon_core.package_identification:_identify(venv/lib/python3.10/site-packages/cv2/gapi/core/cpu) by extension 'ignore'
[0.230s] Level 1:colcon.colcon_core.package_identification:_identify(venv/lib/python3.10/site-packages/cv2/gapi/core/cpu) by extension 'ignore_ament_install'
[0.230s] Level 1:colcon.colcon_core.package_identification:_identify(venv/lib/python3.10/site-packages/cv2/gapi/core/cpu) by extensions ['colcon_pkg']
[0.230s] Level 1:colcon.colcon_core.package_identification:_identify(venv/lib/python3.10/site-packages/cv2/gapi/core/cpu) by extension 'colcon_pkg'
[0.230s] Level 1:colcon.colcon_core.package_identification:_identify(venv/lib/python3.10/site-packages/cv2/gapi/core/cpu) by extensions ['colcon_meta']
[0.230s] Level 1:colcon.colcon_core.package_identification:_identify(venv/lib/python3.10/site-packages/cv2/gapi/core/cpu) by extension 'colcon_meta'
[0.230s] Level 1:colcon.colcon_core.package_identification:_identify(venv/lib/python3.10/site-packages/cv2/gapi/core/cpu) by extensions ['ros']
[0.230s] Level 1:colcon.colcon_core.package_identification:_identify(venv/lib/python3.10/site-packages/cv2/gapi/core/cpu) by extension 'ros'
[0.231s] Level 1:colcon.colcon_core.package_identification:_identify(venv/lib/python3.10/site-packages/cv2/gapi/core/cpu) by extensions ['cmake', 'python']
[0.231s] Level 1:colcon.colcon_core.package_identification:_identify(venv/lib/python3.10/site-packages/cv2/gapi/core/cpu) by extension 'cmake'
[0.231s] Level 1:colcon.colcon_core.package_identification:_identify(venv/lib/python3.10/site-packages/cv2/gapi/core/cpu) by extension 'python'
[0.231s] Level 1:colcon.colcon_core.package_identification:_identify(venv/lib/python3.10/site-packages/cv2/gapi/core/cpu) by extensions ['python_setup_py']
[0.231s] Level 1:colcon.colcon_core.package_identification:_identify(venv/lib/python3.10/site-packages/cv2/gapi/core/cpu) by extension 'python_setup_py'
[0.231s] Level 1:colcon.colcon_core.package_identification:_identify(venv/lib/python3.10/site-packages/cv2/gapi/core/fluid) by extensions ['ignore', 'ignore_ament_install']
[0.231s] Level 1:colcon.colcon_core.package_identification:_identify(venv/lib/python3.10/site-packages/cv2/gapi/core/fluid) by extension 'ignore'
[0.231s] Level 1:colcon.colcon_core.package_identification:_identify(venv/lib/python3.10/site-packages/cv2/gapi/core/fluid) by extension 'ignore_ament_install'
[0.231s] Level 1:colcon.colcon_core.package_identification:_identify(venv/lib/python3.10/site-packages/cv2/gapi/core/fluid) by extensions ['colcon_pkg']
[0.231s] Level 1:colcon.colcon_core.package_identification:_identify(venv/lib/python3.10/site-packages/cv2/gapi/core/fluid) by extension 'colcon_pkg'
[0.231s] Level 1:colcon.colcon_core.package_identification:_identify(venv/lib/python3.10/site-packages/cv2/gapi/core/fluid) by extensions ['colcon_meta']
[0.231s] Level 1:colcon.colcon_core.package_identification:_identify(venv/lib/python3.10/site-packages/cv2/gapi/core/fluid) by extension 'colcon_meta'
[0.231s] Level 1:colcon.colcon_core.package_identification:_identify(venv/lib/python3.10/site-packages/cv2/gapi/core/fluid) by extensions ['ros']
[0.231s] Level 1:colcon.colcon_core.package_identification:_identify(venv/lib/python3.10/site-packages/cv2/gapi/core/fluid) by extension 'ros'
[0.231s] Level 1:colcon.colcon_core.package_identification:_identify(venv/lib/python3.10/site-packages/cv2/gapi/core/fluid) by extensions ['cmake', 'python']
[0.231s] Level 1:colcon.colcon_core.package_identification:_identify(venv/lib/python3.10/site-packages/cv2/gapi/core/fluid) by extension 'cmake'
[0.231s] Level 1:colcon.colcon_core.package_identification:_identify(venv/lib/python3.10/site-packages/cv2/gapi/core/fluid) by extension 'python'
[0.231s] Level 1:colcon.colcon_core.package_identification:_identify(venv/lib/python3.10/site-packages/cv2/gapi/core/fluid) by extensions ['python_setup_py']
[0.231s] Level 1:colcon.colcon_core.package_identification:_identify(venv/lib/python3.10/site-packages/cv2/gapi/core/fluid) by extension 'python_setup_py'
[0.231s] Level 1:colcon.colcon_core.package_identification:_identify(venv/lib/python3.10/site-packages/cv2/gapi/core/ocl) by extensions ['ignore', 'ignore_ament_install']
[0.231s] Level 1:colcon.colcon_core.package_identification:_identify(venv/lib/python3.10/site-packages/cv2/gapi/core/ocl) by extension 'ignore'
[0.231s] Level 1:colcon.colcon_core.package_identification:_identify(venv/lib/python3.10/site-packages/cv2/gapi/core/ocl) by extension 'ignore_ament_install'
[0.231s] Level 1:colcon.colcon_core.package_identification:_identify(venv/lib/python3.10/site-packages/cv2/gapi/core/ocl) by extensions ['colcon_pkg']
[0.231s] Level 1:colcon.colcon_core.package_identification:_identify(venv/lib/python3.10/site-packages/cv2/gapi/core/ocl) by extension 'colcon_pkg'
[0.231s] Level 1:colcon.colcon_core.package_identification:_identify(venv/lib/python3.10/site-packages/cv2/gapi/core/ocl) by extensions ['colcon_meta']
[0.232s] Level 1:colcon.colcon_core.package_identification:_identify(venv/lib/python3.10/site-packages/cv2/gapi/core/ocl) by extension 'colcon_meta'
[0.232s] Level 1:colcon.colcon_core.package_identification:_identify(venv/lib/python3.10/site-packages/cv2/gapi/core/ocl) by extensions ['ros']
[0.232s] Level 1:colcon.colcon_core.package_identification:_identify(venv/lib/python3.10/site-packages/cv2/gapi/core/ocl) by extension 'ros'
[0.232s] Level 1:colcon.colcon_core.package_identification:_identify(venv/lib/python3.10/site-packages/cv2/gapi/core/ocl) by extensions ['cmake', 'python']
[0.232s] Level 1:colcon.colcon_core.package_identification:_identify(venv/lib/python3.10/site-packages/cv2/gapi/core/ocl) by extension 'cmake'
[0.232s] Level 1:colcon.colcon_core.package_identification:_identify(venv/lib/python3.10/site-packages/cv2/gapi/core/ocl) by extension 'python'
[0.232s] Level 1:colcon.colcon_core.package_identification:_identify(venv/lib/python3.10/site-packages/cv2/gapi/core/ocl) by extensions ['python_setup_py']
[0.232s] Level 1:colcon.colcon_core.package_identification:_identify(venv/lib/python3.10/site-packages/cv2/gapi/core/ocl) by extension 'python_setup_py'
[0.232s] Level 1:colcon.colcon_core.package_identification:_identify(venv/lib/python3.10/site-packages/cv2/gapi/ie) by extensions ['ignore', 'ignore_ament_install']
[0.232s] Level 1:colcon.colcon_core.package_identification:_identify(venv/lib/python3.10/site-packages/cv2/gapi/ie) by extension 'ignore'
[0.232s] Level 1:colcon.colcon_core.package_identification:_identify(venv/lib/python3.10/site-packages/cv2/gapi/ie) by extension 'ignore_ament_install'
[0.232s] Level 1:colcon.colcon_core.package_identification:_identify(venv/lib/python3.10/site-packages/cv2/gapi/ie) by extensions ['colcon_pkg']
[0.232s] Level 1:colcon.colcon_core.package_identification:_identify(venv/lib/python3.10/site-packages/cv2/gapi/ie) by extension 'colcon_pkg'
[0.232s] Level 1:colcon.colcon_core.package_identification:_identify(venv/lib/python3.10/site-packages/cv2/gapi/ie) by extensions ['colcon_meta']
[0.232s] Level 1:colcon.colcon_core.package_identification:_identify(venv/lib/python3.10/site-packages/cv2/gapi/ie) by extension 'colcon_meta'
[0.232s] Level 1:colcon.colcon_core.package_identification:_identify(venv/lib/python3.10/site-packages/cv2/gapi/ie) by extensions ['ros']
[0.232s] Level 1:colcon.colcon_core.package_identification:_identify(venv/lib/python3.10/site-packages/cv2/gapi/ie) by extension 'ros'
[0.232s] Level 1:colcon.colcon_core.package_identification:_identify(venv/lib/python3.10/site-packages/cv2/gapi/ie) by extensions ['cmake', 'python']
[0.232s] Level 1:colcon.colcon_core.package_identification:_identify(venv/lib/python3.10/site-packages/cv2/gapi/ie) by extension 'cmake'
[0.232s] Level 1:colcon.colcon_core.package_identification:_identify(venv/lib/python3.10/site-packages/cv2/gapi/ie) by extension 'python'
[0.232s] Level 1:colcon.colcon_core.package_identification:_identify(venv/lib/python3.10/site-packages/cv2/gapi/ie) by extensions ['python_setup_py']
[0.232s] Level 1:colcon.colcon_core.package_identification:_identify(venv/lib/python3.10/site-packages/cv2/gapi/ie) by extension 'python_setup_py'
[0.232s] Level 1:colcon.colcon_core.package_identification:_identify(venv/lib/python3.10/site-packages/cv2/gapi/ie/detail) by extensions ['ignore', 'ignore_ament_install']
[0.232s] Level 1:colcon.colcon_core.package_identification:_identify(venv/lib/python3.10/site-packages/cv2/gapi/ie/detail) by extension 'ignore'
[0.232s] Level 1:colcon.colcon_core.package_identification:_identify(venv/lib/python3.10/site-packages/cv2/gapi/ie/detail) by extension 'ignore_ament_install'
[0.232s] Level 1:colcon.colcon_core.package_identification:_identify(venv/lib/python3.10/site-packages/cv2/gapi/ie/detail) by extensions ['colcon_pkg']
[0.232s] Level 1:colcon.colcon_core.package_identification:_identify(venv/lib/python3.10/site-packages/cv2/gapi/ie/detail) by extension 'colcon_pkg'
[0.232s] Level 1:colcon.colcon_core.package_identification:_identify(venv/lib/python3.10/site-packages/cv2/gapi/ie/detail) by extensions ['colcon_meta']
[0.233s] Level 1:colcon.colcon_core.package_identification:_identify(venv/lib/python3.10/site-packages/cv2/gapi/ie/detail) by extension 'colcon_meta'
[0.233s] Level 1:colcon.colcon_core.package_identification:_identify(venv/lib/python3.10/site-packages/cv2/gapi/ie/detail) by extensions ['ros']
[0.233s] Level 1:colcon.colcon_core.package_identification:_identify(venv/lib/python3.10/site-packages/cv2/gapi/ie/detail) by extension 'ros'
[0.233s] Level 1:colcon.colcon_core.package_identification:_identify(venv/lib/python3.10/site-packages/cv2/gapi/ie/detail) by extensions ['cmake', 'python']
[0.233s] Level 1:colcon.colcon_core.package_identification:_identify(venv/lib/python3.10/site-packages/cv2/gapi/ie/detail) by extension 'cmake'
[0.233s] Level 1:colcon.colcon_core.package_identification:_identify(venv/lib/python3.10/site-packages/cv2/gapi/ie/detail) by extension 'python'
[0.233s] Level 1:colcon.colcon_core.package_identification:_identify(venv/lib/python3.10/site-packages/cv2/gapi/ie/detail) by extensions ['python_setup_py']
[0.233s] Level 1:colcon.colcon_core.package_identification:_identify(venv/lib/python3.10/site-packages/cv2/gapi/ie/detail) by extension 'python_setup_py'
[0.233s] Level 1:colcon.colcon_core.package_identification:_identify(venv/lib/python3.10/site-packages/cv2/gapi/imgproc) by extensions ['ignore', 'ignore_ament_install']
[0.233s] Level 1:colcon.colcon_core.package_identification:_identify(venv/lib/python3.10/site-packages/cv2/gapi/imgproc) by extension 'ignore'
[0.233s] Level 1:colcon.colcon_core.package_identification:_identify(venv/lib/python3.10/site-packages/cv2/gapi/imgproc) by extension 'ignore_ament_install'
[0.233s] Level 1:colcon.colcon_core.package_identification:_identify(venv/lib/python3.10/site-packages/cv2/gapi/imgproc) by extensions ['colcon_pkg']
[0.233s] Level 1:colcon.colcon_core.package_identification:_identify(venv/lib/python3.10/site-packages/cv2/gapi/imgproc) by extension 'colcon_pkg'
[0.233s] Level 1:colcon.colcon_core.package_identification:_identify(venv/lib/python3.10/site-packages/cv2/gapi/imgproc) by extensions ['colcon_meta']
[0.233s] Level 1:colcon.colcon_core.package_identification:_identify(venv/lib/python3.10/site-packages/cv2/gapi/imgproc) by extension 'colcon_meta'
[0.233s] Level 1:colcon.colcon_core.package_identification:_identify(venv/lib/python3.10/site-packages/cv2/gapi/imgproc) by extensions ['ros']
[0.233s] Level 1:colcon.colcon_core.package_identification:_identify(venv/lib/python3.10/site-packages/cv2/gapi/imgproc) by extension 'ros'
[0.233s] Level 1:colcon.colcon_core.package_identification:_identify(venv/lib/python3.10/site-packages/cv2/gapi/imgproc) by extensions ['cmake', 'python']
[0.233s] Level 1:colcon.colcon_core.package_identification:_identify(venv/lib/python3.10/site-packages/cv2/gapi/imgproc) by extension 'cmake'
[0.233s] Level 1:colcon.colcon_core.package_identification:_identify(venv/lib/python3.10/site-packages/cv2/gapi/imgproc) by extension 'python'
[0.233s] Level 1:colcon.colcon_core.package_identification:_identify(venv/lib/python3.10/site-packages/cv2/gapi/imgproc) by extensions ['python_setup_py']
[0.233s] Level 1:colcon.colcon_core.package_identification:_identify(venv/lib/python3.10/site-packages/cv2/gapi/imgproc) by extension 'python_setup_py'
[0.233s] Level 1:colcon.colcon_core.package_identification:_identify(venv/lib/python3.10/site-packages/cv2/gapi/imgproc/fluid) by extensions ['ignore', 'ignore_ament_install']
[0.233s] Level 1:colcon.colcon_core.package_identification:_identify(venv/lib/python3.10/site-packages/cv2/gapi/imgproc/fluid) by extension 'ignore'
[0.233s] Level 1:colcon.colcon_core.package_identification:_identify(venv/lib/python3.10/site-packages/cv2/gapi/imgproc/fluid) by extension 'ignore_ament_install'
[0.234s] Level 1:colcon.colcon_core.package_identification:_identify(venv/lib/python3.10/site-packages/cv2/gapi/imgproc/fluid) by extensions ['colcon_pkg']
[0.234s] Level 1:colcon.colcon_core.package_identification:_identify(venv/lib/python3.10/site-packages/cv2/gapi/imgproc/fluid) by extension 'colcon_pkg'
[0.234s] Level 1:colcon.colcon_core.package_identification:_identify(venv/lib/python3.10/site-packages/cv2/gapi/imgproc/fluid) by extensions ['colcon_meta']
[0.234s] Level 1:colcon.colcon_core.package_identification:_identify(venv/lib/python3.10/site-packages/cv2/gapi/imgproc/fluid) by extension 'colcon_meta'
[0.234s] Level 1:colcon.colcon_core.package_identification:_identify(venv/lib/python3.10/site-packages/cv2/gapi/imgproc/fluid) by extensions ['ros']
[0.234s] Level 1:colcon.colcon_core.package_identification:_identify(venv/lib/python3.10/site-packages/cv2/gapi/imgproc/fluid) by extension 'ros'
[0.234s] Level 1:colcon.colcon_core.package_identification:_identify(venv/lib/python3.10/site-packages/cv2/gapi/imgproc/fluid) by extensions ['cmake', 'python']
[0.234s] Level 1:colcon.colcon_core.package_identification:_identify(venv/lib/python3.10/site-packages/cv2/gapi/imgproc/fluid) by extension 'cmake'
[0.234s] Level 1:colcon.colcon_core.package_identification:_identify(venv/lib/python3.10/site-packages/cv2/gapi/imgproc/fluid) by extension 'python'
[0.234s] Level 1:colcon.colcon_core.package_identification:_identify(venv/lib/python3.10/site-packages/cv2/gapi/imgproc/fluid) by extensions ['python_setup_py']
[0.234s] Level 1:colcon.colcon_core.package_identification:_identify(venv/lib/python3.10/site-packages/cv2/gapi/imgproc/fluid) by extension 'python_setup_py'
[0.234s] Level 1:colcon.colcon_core.package_identification:_identify(venv/lib/python3.10/site-packages/cv2/gapi/oak) by extensions ['ignore', 'ignore_ament_install']
[0.234s] Level 1:colcon.colcon_core.package_identification:_identify(venv/lib/python3.10/site-packages/cv2/gapi/oak) by extension 'ignore'
[0.234s] Level 1:colcon.colcon_core.package_identification:_identify(venv/lib/python3.10/site-packages/cv2/gapi/oak) by extension 'ignore_ament_install'
[0.234s] Level 1:colcon.colcon_core.package_identification:_identify(venv/lib/python3.10/site-packages/cv2/gapi/oak) by extensions ['colcon_pkg']
[0.234s] Level 1:colcon.colcon_core.package_identification:_identify(venv/lib/python3.10/site-packages/cv2/gapi/oak) by extension 'colcon_pkg'
[0.234s] Level 1:colcon.colcon_core.package_identification:_identify(venv/lib/python3.10/site-packages/cv2/gapi/oak) by extensions ['colcon_meta']
[0.234s] Level 1:colcon.colcon_core.package_identification:_identify(venv/lib/python3.10/site-packages/cv2/gapi/oak) by extension 'colcon_meta'
[0.234s] Level 1:colcon.colcon_core.package_identification:_identify(venv/lib/python3.10/site-packages/cv2/gapi/oak) by extensions ['ros']
[0.234s] Level 1:colcon.colcon_core.package_identification:_identify(venv/lib/python3.10/site-packages/cv2/gapi/oak) by extension 'ros'
[0.234s] Level 1:colcon.colcon_core.package_identification:_identify(venv/lib/python3.10/site-packages/cv2/gapi/oak) by extensions ['cmake', 'python']
[0.234s] Level 1:colcon.colcon_core.package_identification:_identify(venv/lib/python3.10/site-packages/cv2/gapi/oak) by extension 'cmake'
[0.234s] Level 1:colcon.colcon_core.package_identification:_identify(venv/lib/python3.10/site-packages/cv2/gapi/oak) by extension 'python'
[0.234s] Level 1:colcon.colcon_core.package_identification:_identify(venv/lib/python3.10/site-packages/cv2/gapi/oak) by extensions ['python_setup_py']
[0.234s] Level 1:colcon.colcon_core.package_identification:_identify(venv/lib/python3.10/site-packages/cv2/gapi/oak) by extension 'python_setup_py'
[0.234s] Level 1:colcon.colcon_core.package_identification:_identify(venv/lib/python3.10/site-packages/cv2/gapi/onnx) by extensions ['ignore', 'ignore_ament_install']
[0.235s] Level 1:colcon.colcon_core.package_identification:_identify(venv/lib/python3.10/site-packages/cv2/gapi/onnx) by extension 'ignore'
[0.235s] Level 1:colcon.colcon_core.package_identification:_identify(venv/lib/python3.10/site-packages/cv2/gapi/onnx) by extension 'ignore_ament_install'
[0.235s] Level 1:colcon.colcon_core.package_identification:_identify(venv/lib/python3.10/site-packages/cv2/gapi/onnx) by extensions ['colcon_pkg']
[0.235s] Level 1:colcon.colcon_core.package_identification:_identify(venv/lib/python3.10/site-packages/cv2/gapi/onnx) by extension 'colcon_pkg'
[0.235s] Level 1:colcon.colcon_core.package_identification:_identify(venv/lib/python3.10/site-packages/cv2/gapi/onnx) by extensions ['colcon_meta']
[0.235s] Level 1:colcon.colcon_core.package_identification:_identify(venv/lib/python3.10/site-packages/cv2/gapi/onnx) by extension 'colcon_meta'
[0.235s] Level 1:colcon.colcon_core.package_identification:_identify(venv/lib/python3.10/site-packages/cv2/gapi/onnx) by extensions ['ros']
[0.235s] Level 1:colcon.colcon_core.package_identification:_identify(venv/lib/python3.10/site-packages/cv2/gapi/onnx) by extension 'ros'
[0.235s] Level 1:colcon.colcon_core.package_identification:_identify(venv/lib/python3.10/site-packages/cv2/gapi/onnx) by extensions ['cmake', 'python']
[0.235s] Level 1:colcon.colcon_core.package_identification:_identify(venv/lib/python3.10/site-packages/cv2/gapi/onnx) by extension 'cmake'
[0.235s] Level 1:colcon.colcon_core.package_identification:_identify(venv/lib/python3.10/site-packages/cv2/gapi/onnx) by extension 'python'
[0.235s] Level 1:colcon.colcon_core.package_identification:_identify(venv/lib/python3.10/site-packages/cv2/gapi/onnx) by extensions ['python_setup_py']
[0.235s] Level 1:colcon.colcon_core.package_identification:_identify(venv/lib/python3.10/site-packages/cv2/gapi/onnx) by extension 'python_setup_py'
[0.235s] Level 1:colcon.colcon_core.package_identification:_identify(venv/lib/python3.10/site-packages/cv2/gapi/onnx/ep) by extensions ['ignore', 'ignore_ament_install']
[0.235s] Level 1:colcon.colcon_core.package_identification:_identify(venv/lib/python3.10/site-packages/cv2/gapi/onnx/ep) by extension 'ignore'
[0.235s] Level 1:colcon.colcon_core.package_identification:_identify(venv/lib/python3.10/site-packages/cv2/gapi/onnx/ep) by extension 'ignore_ament_install'
[0.235s] Level 1:colcon.colcon_core.package_identification:_identify(venv/lib/python3.10/site-packages/cv2/gapi/onnx/ep) by extensions ['colcon_pkg']
[0.235s] Level 1:colcon.colcon_core.package_identification:_identify(venv/lib/python3.10/site-packages/cv2/gapi/onnx/ep) by extension 'colcon_pkg'
[0.235s] Level 1:colcon.colcon_core.package_identification:_identify(venv/lib/python3.10/site-packages/cv2/gapi/onnx/ep) by extensions ['colcon_meta']
[0.235s] Level 1:colcon.colcon_core.package_identification:_identify(venv/lib/python3.10/site-packages/cv2/gapi/onnx/ep) by extension 'colcon_meta'
[0.235s] Level 1:colcon.colcon_core.package_identification:_identify(venv/lib/python3.10/site-packages/cv2/gapi/onnx/ep) by extensions ['ros']
[0.235s] Level 1:colcon.colcon_core.package_identification:_identify(venv/lib/python3.10/site-packages/cv2/gapi/onnx/ep) by extension 'ros'
[0.235s] Level 1:colcon.colcon_core.package_identification:_identify(venv/lib/python3.10/site-packages/cv2/gapi/onnx/ep) by extensions ['cmake', 'python']
[0.235s] Level 1:colcon.colcon_core.package_identification:_identify(venv/lib/python3.10/site-packages/cv2/gapi/onnx/ep) by extension 'cmake'
[0.235s] Level 1:colcon.colcon_core.package_identification:_identify(venv/lib/python3.10/site-packages/cv2/gapi/onnx/ep) by extension 'python'
[0.235s] Level 1:colcon.colcon_core.package_identification:_identify(venv/lib/python3.10/site-packages/cv2/gapi/onnx/ep) by extensions ['python_setup_py']
[0.235s] Level 1:colcon.colcon_core.package_identification:_identify(venv/lib/python3.10/site-packages/cv2/gapi/onnx/ep) by extension 'python_setup_py'
[0.235s] Level 1:colcon.colcon_core.package_identification:_identify(venv/lib/python3.10/site-packages/cv2/gapi/ot) by extensions ['ignore', 'ignore_ament_install']
[0.236s] Level 1:colcon.colcon_core.package_identification:_identify(venv/lib/python3.10/site-packages/cv2/gapi/ot) by extension 'ignore'
[0.236s] Level 1:colcon.colcon_core.package_identification:_identify(venv/lib/python3.10/site-packages/cv2/gapi/ot) by extension 'ignore_ament_install'
[0.236s] Level 1:colcon.colcon_core.package_identification:_identify(venv/lib/python3.10/site-packages/cv2/gapi/ot) by extensions ['colcon_pkg']
[0.236s] Level 1:colcon.colcon_core.package_identification:_identify(venv/lib/python3.10/site-packages/cv2/gapi/ot) by extension 'colcon_pkg'
[0.236s] Level 1:colcon.colcon_core.package_identification:_identify(venv/lib/python3.10/site-packages/cv2/gapi/ot) by extensions ['colcon_meta']
[0.236s] Level 1:colcon.colcon_core.package_identification:_identify(venv/lib/python3.10/site-packages/cv2/gapi/ot) by extension 'colcon_meta'
[0.236s] Level 1:colcon.colcon_core.package_identification:_identify(venv/lib/python3.10/site-packages/cv2/gapi/ot) by extensions ['ros']
[0.236s] Level 1:colcon.colcon_core.package_identification:_identify(venv/lib/python3.10/site-packages/cv2/gapi/ot) by extension 'ros'
[0.236s] Level 1:colcon.colcon_core.package_identification:_identify(venv/lib/python3.10/site-packages/cv2/gapi/ot) by extensions ['cmake', 'python']
[0.236s] Level 1:colcon.colcon_core.package_identification:_identify(venv/lib/python3.10/site-packages/cv2/gapi/ot) by extension 'cmake'
[0.236s] Level 1:colcon.colcon_core.package_identification:_identify(venv/lib/python3.10/site-packages/cv2/gapi/ot) by extension 'python'
[0.236s] Level 1:colcon.colcon_core.package_identification:_identify(venv/lib/python3.10/site-packages/cv2/gapi/ot) by extensions ['python_setup_py']
[0.236s] Level 1:colcon.colcon_core.package_identification:_identify(venv/lib/python3.10/site-packages/cv2/gapi/ot) by extension 'python_setup_py'
[0.236s] Level 1:colcon.colcon_core.package_identification:_identify(venv/lib/python3.10/site-packages/cv2/gapi/ot/cpu) by extensions ['ignore', 'ignore_ament_install']
[0.236s] Level 1:colcon.colcon_core.package_identification:_identify(venv/lib/python3.10/site-packages/cv2/gapi/ot/cpu) by extension 'ignore'
[0.236s] Level 1:colcon.colcon_core.package_identification:_identify(venv/lib/python3.10/site-packages/cv2/gapi/ot/cpu) by extension 'ignore_ament_install'
[0.236s] Level 1:colcon.colcon_core.package_identification:_identify(venv/lib/python3.10/site-packages/cv2/gapi/ot/cpu) by extensions ['colcon_pkg']
[0.236s] Level 1:colcon.colcon_core.package_identification:_identify(venv/lib/python3.10/site-packages/cv2/gapi/ot/cpu) by extension 'colcon_pkg'
[0.236s] Level 1:colcon.colcon_core.package_identification:_identify(venv/lib/python3.10/site-packages/cv2/gapi/ot/cpu) by extensions ['colcon_meta']
[0.236s] Level 1:colcon.colcon_core.package_identification:_identify(venv/lib/python3.10/site-packages/cv2/gapi/ot/cpu) by extension 'colcon_meta'
[0.236s] Level 1:colcon.colcon_core.package_identification:_identify(venv/lib/python3.10/site-packages/cv2/gapi/ot/cpu) by extensions ['ros']
[0.236s] Level 1:colcon.colcon_core.package_identification:_identify(venv/lib/python3.10/site-packages/cv2/gapi/ot/cpu) by extension 'ros'
[0.236s] Level 1:colcon.colcon_core.package_identification:_identify(venv/lib/python3.10/site-packages/cv2/gapi/ot/cpu) by extensions ['cmake', 'python']
[0.236s] Level 1:colcon.colcon_core.package_identification:_identify(venv/lib/python3.10/site-packages/cv2/gapi/ot/cpu) by extension 'cmake'
[0.236s] Level 1:colcon.colcon_core.package_identification:_identify(venv/lib/python3.10/site-packages/cv2/gapi/ot/cpu) by extension 'python'
[0.236s] Level 1:colcon.colcon_core.package_identification:_identify(venv/lib/python3.10/site-packages/cv2/gapi/ot/cpu) by extensions ['python_setup_py']
[0.236s] Level 1:colcon.colcon_core.package_identification:_identify(venv/lib/python3.10/site-packages/cv2/gapi/ot/cpu) by extension 'python_setup_py'
[0.237s] Level 1:colcon.colcon_core.package_identification:_identify(venv/lib/python3.10/site-packages/cv2/gapi/ov) by extensions ['ignore', 'ignore_ament_install']
[0.237s] Level 1:colcon.colcon_core.package_identification:_identify(venv/lib/python3.10/site-packages/cv2/gapi/ov) by extension 'ignore'
[0.237s] Level 1:colcon.colcon_core.package_identification:_identify(venv/lib/python3.10/site-packages/cv2/gapi/ov) by extension 'ignore_ament_install'
[0.237s] Level 1:colcon.colcon_core.package_identification:_identify(venv/lib/python3.10/site-packages/cv2/gapi/ov) by extensions ['colcon_pkg']
[0.237s] Level 1:colcon.colcon_core.package_identification:_identify(venv/lib/python3.10/site-packages/cv2/gapi/ov) by extension 'colcon_pkg'
[0.237s] Level 1:colcon.colcon_core.package_identification:_identify(venv/lib/python3.10/site-packages/cv2/gapi/ov) by extensions ['colcon_meta']
[0.237s] Level 1:colcon.colcon_core.package_identification:_identify(venv/lib/python3.10/site-packages/cv2/gapi/ov) by extension 'colcon_meta'
[0.237s] Level 1:colcon.colcon_core.package_identification:_identify(venv/lib/python3.10/site-packages/cv2/gapi/ov) by extensions ['ros']
[0.237s] Level 1:colcon.colcon_core.package_identification:_identify(venv/lib/python3.10/site-packages/cv2/gapi/ov) by extension 'ros'
[0.237s] Level 1:colcon.colcon_core.package_identification:_identify(venv/lib/python3.10/site-packages/cv2/gapi/ov) by extensions ['cmake', 'python']
[0.237s] Level 1:colcon.colcon_core.package_identification:_identify(venv/lib/python3.10/site-packages/cv2/gapi/ov) by extension 'cmake'
[0.237s] Level 1:colcon.colcon_core.package_identification:_identify(venv/lib/python3.10/site-packages/cv2/gapi/ov) by extension 'python'
[0.237s] Level 1:colcon.colcon_core.package_identification:_identify(venv/lib/python3.10/site-packages/cv2/gapi/ov) by extensions ['python_setup_py']
[0.237s] Level 1:colcon.colcon_core.package_identification:_identify(venv/lib/python3.10/site-packages/cv2/gapi/ov) by extension 'python_setup_py'
[0.237s] Level 1:colcon.colcon_core.package_identification:_identify(venv/lib/python3.10/site-packages/cv2/gapi/own) by extensions ['ignore', 'ignore_ament_install']
[0.237s] Level 1:colcon.colcon_core.package_identification:_identify(venv/lib/python3.10/site-packages/cv2/gapi/own) by extension 'ignore'
[0.237s] Level 1:colcon.colcon_core.package_identification:_identify(venv/lib/python3.10/site-packages/cv2/gapi/own) by extension 'ignore_ament_install'
[0.237s] Level 1:colcon.colcon_core.package_identification:_identify(venv/lib/python3.10/site-packages/cv2/gapi/own) by extensions ['colcon_pkg']
[0.237s] Level 1:colcon.colcon_core.package_identification:_identify(venv/lib/python3.10/site-packages/cv2/gapi/own) by extension 'colcon_pkg'
[0.237s] Level 1:colcon.colcon_core.package_identification:_identify(venv/lib/python3.10/site-packages/cv2/gapi/own) by extensions ['colcon_meta']
[0.237s] Level 1:colcon.colcon_core.package_identification:_identify(venv/lib/python3.10/site-packages/cv2/gapi/own) by extension 'colcon_meta'
[0.237s] Level 1:colcon.colcon_core.package_identification:_identify(venv/lib/python3.10/site-packages/cv2/gapi/own) by extensions ['ros']
[0.237s] Level 1:colcon.colcon_core.package_identification:_identify(venv/lib/python3.10/site-packages/cv2/gapi/own) by extension 'ros'
[0.237s] Level 1:colcon.colcon_core.package_identification:_identify(venv/lib/python3.10/site-packages/cv2/gapi/own) by extensions ['cmake', 'python']
[0.237s] Level 1:colcon.colcon_core.package_identification:_identify(venv/lib/python3.10/site-packages/cv2/gapi/own) by extension 'cmake'
[0.237s] Level 1:colcon.colcon_core.package_identification:_identify(venv/lib/python3.10/site-packages/cv2/gapi/own) by extension 'python'
[0.237s] Level 1:colcon.colcon_core.package_identification:_identify(venv/lib/python3.10/site-packages/cv2/gapi/own) by extensions ['python_setup_py']
[0.237s] Level 1:colcon.colcon_core.package_identification:_identify(venv/lib/python3.10/site-packages/cv2/gapi/own) by extension 'python_setup_py'
[0.238s] Level 1:colcon.colcon_core.package_identification:_identify(venv/lib/python3.10/site-packages/cv2/gapi/own/detail) by extensions ['ignore', 'ignore_ament_install']
[0.238s] Level 1:colcon.colcon_core.package_identification:_identify(venv/lib/python3.10/site-packages/cv2/gapi/own/detail) by extension 'ignore'
[0.238s] Level 1:colcon.colcon_core.package_identification:_identify(venv/lib/python3.10/site-packages/cv2/gapi/own/detail) by extension 'ignore_ament_install'
[0.238s] Level 1:colcon.colcon_core.package_identification:_identify(venv/lib/python3.10/site-packages/cv2/gapi/own/detail) by extensions ['colcon_pkg']
[0.238s] Level 1:colcon.colcon_core.package_identification:_identify(venv/lib/python3.10/site-packages/cv2/gapi/own/detail) by extension 'colcon_pkg'
[0.238s] Level 1:colcon.colcon_core.package_identification:_identify(venv/lib/python3.10/site-packages/cv2/gapi/own/detail) by extensions ['colcon_meta']
[0.238s] Level 1:colcon.colcon_core.package_identification:_identify(venv/lib/python3.10/site-packages/cv2/gapi/own/detail) by extension 'colcon_meta'
[0.238s] Level 1:colcon.colcon_core.package_identification:_identify(venv/lib/python3.10/site-packages/cv2/gapi/own/detail) by extensions ['ros']
[0.238s] Level 1:colcon.colcon_core.package_identification:_identify(venv/lib/python3.10/site-packages/cv2/gapi/own/detail) by extension 'ros'
[0.238s] Level 1:colcon.colcon_core.package_identification:_identify(venv/lib/python3.10/site-packages/cv2/gapi/own/detail) by extensions ['cmake', 'python']
[0.238s] Level 1:colcon.colcon_core.package_identification:_identify(venv/lib/python3.10/site-packages/cv2/gapi/own/detail) by extension 'cmake'
[0.238s] Level 1:colcon.colcon_core.package_identification:_identify(venv/lib/python3.10/site-packages/cv2/gapi/own/detail) by extension 'python'
[0.238s] Level 1:colcon.colcon_core.package_identification:_identify(venv/lib/python3.10/site-packages/cv2/gapi/own/detail) by extensions ['python_setup_py']
[0.238s] Level 1:colcon.colcon_core.package_identification:_identify(venv/lib/python3.10/site-packages/cv2/gapi/own/detail) by extension 'python_setup_py'
[0.238s] Level 1:colcon.colcon_core.package_identification:_identify(venv/lib/python3.10/site-packages/cv2/gapi/render) by extensions ['ignore', 'ignore_ament_install']
[0.238s] Level 1:colcon.colcon_core.package_identification:_identify(venv/lib/python3.10/site-packages/cv2/gapi/render) by extension 'ignore'
[0.238s] Level 1:colcon.colcon_core.package_identification:_identify(venv/lib/python3.10/site-packages/cv2/gapi/render) by extension 'ignore_ament_install'
[0.238s] Level 1:colcon.colcon_core.package_identification:_identify(venv/lib/python3.10/site-packages/cv2/gapi/render) by extensions ['colcon_pkg']
[0.238s] Level 1:colcon.colcon_core.package_identification:_identify(venv/lib/python3.10/site-packages/cv2/gapi/render) by extension 'colcon_pkg'
[0.238s] Level 1:colcon.colcon_core.package_identification:_identify(venv/lib/python3.10/site-packages/cv2/gapi/render) by extensions ['colcon_meta']
[0.238s] Level 1:colcon.colcon_core.package_identification:_identify(venv/lib/python3.10/site-packages/cv2/gapi/render) by extension 'colcon_meta'
[0.238s] Level 1:colcon.colcon_core.package_identification:_identify(venv/lib/python3.10/site-packages/cv2/gapi/render) by extensions ['ros']
[0.238s] Level 1:colcon.colcon_core.package_identification:_identify(venv/lib/python3.10/site-packages/cv2/gapi/render) by extension 'ros'
[0.238s] Level 1:colcon.colcon_core.package_identification:_identify(venv/lib/python3.10/site-packages/cv2/gapi/render) by extensions ['cmake', 'python']
[0.238s] Level 1:colcon.colcon_core.package_identification:_identify(venv/lib/python3.10/site-packages/cv2/gapi/render) by extension 'cmake'
[0.238s] Level 1:colcon.colcon_core.package_identification:_identify(venv/lib/python3.10/site-packages/cv2/gapi/render) by extension 'python'
[0.238s] Level 1:colcon.colcon_core.package_identification:_identify(venv/lib/python3.10/site-packages/cv2/gapi/render) by extensions ['python_setup_py']
[0.238s] Level 1:colcon.colcon_core.package_identification:_identify(venv/lib/python3.10/site-packages/cv2/gapi/render) by extension 'python_setup_py'
[0.238s] Level 1:colcon.colcon_core.package_identification:_identify(venv/lib/python3.10/site-packages/cv2/gapi/render/ocv) by extensions ['ignore', 'ignore_ament_install']
[0.239s] Level 1:colcon.colcon_core.package_identification:_identify(venv/lib/python3.10/site-packages/cv2/gapi/render/ocv) by extension 'ignore'
[0.239s] Level 1:colcon.colcon_core.package_identification:_identify(venv/lib/python3.10/site-packages/cv2/gapi/render/ocv) by extension 'ignore_ament_install'
[0.239s] Level 1:colcon.colcon_core.package_identification:_identify(venv/lib/python3.10/site-packages/cv2/gapi/render/ocv) by extensions ['colcon_pkg']
[0.239s] Level 1:colcon.colcon_core.package_identification:_identify(venv/lib/python3.10/site-packages/cv2/gapi/render/ocv) by extension 'colcon_pkg'
[0.239s] Level 1:colcon.colcon_core.package_identification:_identify(venv/lib/python3.10/site-packages/cv2/gapi/render/ocv) by extensions ['colcon_meta']
[0.239s] Level 1:colcon.colcon_core.package_identification:_identify(venv/lib/python3.10/site-packages/cv2/gapi/render/ocv) by extension 'colcon_meta'
[0.239s] Level 1:colcon.colcon_core.package_identification:_identify(venv/lib/python3.10/site-packages/cv2/gapi/render/ocv) by extensions ['ros']
[0.239s] Level 1:colcon.colcon_core.package_identification:_identify(venv/lib/python3.10/site-packages/cv2/gapi/render/ocv) by extension 'ros'
[0.239s] Level 1:colcon.colcon_core.package_identification:_identify(venv/lib/python3.10/site-packages/cv2/gapi/render/ocv) by extensions ['cmake', 'python']
[0.239s] Level 1:colcon.colcon_core.package_identification:_identify(venv/lib/python3.10/site-packages/cv2/gapi/render/ocv) by extension 'cmake'
[0.239s] Level 1:colcon.colcon_core.package_identification:_identify(venv/lib/python3.10/site-packages/cv2/gapi/render/ocv) by extension 'python'
[0.239s] Level 1:colcon.colcon_core.package_identification:_identify(venv/lib/python3.10/site-packages/cv2/gapi/render/ocv) by extensions ['python_setup_py']
[0.239s] Level 1:colcon.colcon_core.package_identification:_identify(venv/lib/python3.10/site-packages/cv2/gapi/render/ocv) by extension 'python_setup_py'
[0.239s] Level 1:colcon.colcon_core.package_identification:_identify(venv/lib/python3.10/site-packages/cv2/gapi/streaming) by extensions ['ignore', 'ignore_ament_install']
[0.239s] Level 1:colcon.colcon_core.package_identification:_identify(venv/lib/python3.10/site-packages/cv2/gapi/streaming) by extension 'ignore'
[0.239s] Level 1:colcon.colcon_core.package_identification:_identify(venv/lib/python3.10/site-packages/cv2/gapi/streaming) by extension 'ignore_ament_install'
[0.239s] Level 1:colcon.colcon_core.package_identification:_identify(venv/lib/python3.10/site-packages/cv2/gapi/streaming) by extensions ['colcon_pkg']
[0.239s] Level 1:colcon.colcon_core.package_identification:_identify(venv/lib/python3.10/site-packages/cv2/gapi/streaming) by extension 'colcon_pkg'
[0.239s] Level 1:colcon.colcon_core.package_identification:_identify(venv/lib/python3.10/site-packages/cv2/gapi/streaming) by extensions ['colcon_meta']
[0.239s] Level 1:colcon.colcon_core.package_identification:_identify(venv/lib/python3.10/site-packages/cv2/gapi/streaming) by extension 'colcon_meta'
[0.239s] Level 1:colcon.colcon_core.package_identification:_identify(venv/lib/python3.10/site-packages/cv2/gapi/streaming) by extensions ['ros']
[0.239s] Level 1:colcon.colcon_core.package_identification:_identify(venv/lib/python3.10/site-packages/cv2/gapi/streaming) by extension 'ros'
[0.239s] Level 1:colcon.colcon_core.package_identification:_identify(venv/lib/python3.10/site-packages/cv2/gapi/streaming) by extensions ['cmake', 'python']
[0.239s] Level 1:colcon.colcon_core.package_identification:_identify(venv/lib/python3.10/site-packages/cv2/gapi/streaming) by extension 'cmake'
[0.239s] Level 1:colcon.colcon_core.package_identification:_identify(venv/lib/python3.10/site-packages/cv2/gapi/streaming) by extension 'python'
[0.239s] Level 1:colcon.colcon_core.package_identification:_identify(venv/lib/python3.10/site-packages/cv2/gapi/streaming) by extensions ['python_setup_py']
[0.239s] Level 1:colcon.colcon_core.package_identification:_identify(venv/lib/python3.10/site-packages/cv2/gapi/streaming) by extension 'python_setup_py'
[0.240s] Level 1:colcon.colcon_core.package_identification:_identify(venv/lib/python3.10/site-packages/cv2/gapi/video) by extensions ['ignore', 'ignore_ament_install']
[0.240s] Level 1:colcon.colcon_core.package_identification:_identify(venv/lib/python3.10/site-packages/cv2/gapi/video) by extension 'ignore'
[0.240s] Level 1:colcon.colcon_core.package_identification:_identify(venv/lib/python3.10/site-packages/cv2/gapi/video) by extension 'ignore_ament_install'
[0.240s] Level 1:colcon.colcon_core.package_identification:_identify(venv/lib/python3.10/site-packages/cv2/gapi/video) by extensions ['colcon_pkg']
[0.240s] Level 1:colcon.colcon_core.package_identification:_identify(venv/lib/python3.10/site-packages/cv2/gapi/video) by extension 'colcon_pkg'
[0.240s] Level 1:colcon.colcon_core.package_identification:_identify(venv/lib/python3.10/site-packages/cv2/gapi/video) by extensions ['colcon_meta']
[0.240s] Level 1:colcon.colcon_core.package_identification:_identify(venv/lib/python3.10/site-packages/cv2/gapi/video) by extension 'colcon_meta'
[0.240s] Level 1:colcon.colcon_core.package_identification:_identify(venv/lib/python3.10/site-packages/cv2/gapi/video) by extensions ['ros']
[0.240s] Level 1:colcon.colcon_core.package_identification:_identify(venv/lib/python3.10/site-packages/cv2/gapi/video) by extension 'ros'
[0.240s] Level 1:colcon.colcon_core.package_identification:_identify(venv/lib/python3.10/site-packages/cv2/gapi/video) by extensions ['cmake', 'python']
[0.240s] Level 1:colcon.colcon_core.package_identification:_identify(venv/lib/python3.10/site-packages/cv2/gapi/video) by extension 'cmake'
[0.240s] Level 1:colcon.colcon_core.package_identification:_identify(venv/lib/python3.10/site-packages/cv2/gapi/video) by extension 'python'
[0.240s] Level 1:colcon.colcon_core.package_identification:_identify(venv/lib/python3.10/site-packages/cv2/gapi/video) by extensions ['python_setup_py']
[0.240s] Level 1:colcon.colcon_core.package_identification:_identify(venv/lib/python3.10/site-packages/cv2/gapi/video) by extension 'python_setup_py'
[0.240s] Level 1:colcon.colcon_core.package_identification:_identify(venv/lib/python3.10/site-packages/cv2/gapi/wip) by extensions ['ignore', 'ignore_ament_install']
[0.240s] Level 1:colcon.colcon_core.package_identification:_identify(venv/lib/python3.10/site-packages/cv2/gapi/wip) by extension 'ignore'
[0.240s] Level 1:colcon.colcon_core.package_identification:_identify(venv/lib/python3.10/site-packages/cv2/gapi/wip) by extension 'ignore_ament_install'
[0.240s] Level 1:colcon.colcon_core.package_identification:_identify(venv/lib/python3.10/site-packages/cv2/gapi/wip) by extensions ['colcon_pkg']
[0.240s] Level 1:colcon.colcon_core.package_identification:_identify(venv/lib/python3.10/site-packages/cv2/gapi/wip) by extension 'colcon_pkg'
[0.240s] Level 1:colcon.colcon_core.package_identification:_identify(venv/lib/python3.10/site-packages/cv2/gapi/wip) by extensions ['colcon_meta']
[0.240s] Level 1:colcon.colcon_core.package_identification:_identify(venv/lib/python3.10/site-packages/cv2/gapi/wip) by extension 'colcon_meta'
[0.240s] Level 1:colcon.colcon_core.package_identification:_identify(venv/lib/python3.10/site-packages/cv2/gapi/wip) by extensions ['ros']
[0.240s] Level 1:colcon.colcon_core.package_identification:_identify(venv/lib/python3.10/site-packages/cv2/gapi/wip) by extension 'ros'
[0.240s] Level 1:colcon.colcon_core.package_identification:_identify(venv/lib/python3.10/site-packages/cv2/gapi/wip) by extensions ['cmake', 'python']
[0.240s] Level 1:colcon.colcon_core.package_identification:_identify(venv/lib/python3.10/site-packages/cv2/gapi/wip) by extension 'cmake'
[0.240s] Level 1:colcon.colcon_core.package_identification:_identify(venv/lib/python3.10/site-packages/cv2/gapi/wip) by extension 'python'
[0.240s] Level 1:colcon.colcon_core.package_identification:_identify(venv/lib/python3.10/site-packages/cv2/gapi/wip) by extensions ['python_setup_py']
[0.240s] Level 1:colcon.colcon_core.package_identification:_identify(venv/lib/python3.10/site-packages/cv2/gapi/wip) by extension 'python_setup_py'
[0.241s] Level 1:colcon.colcon_core.package_identification:_identify(venv/lib/python3.10/site-packages/cv2/gapi/wip/draw) by extensions ['ignore', 'ignore_ament_install']
[0.241s] Level 1:colcon.colcon_core.package_identification:_identify(venv/lib/python3.10/site-packages/cv2/gapi/wip/draw) by extension 'ignore'
[0.241s] Level 1:colcon.colcon_core.package_identification:_identify(venv/lib/python3.10/site-packages/cv2/gapi/wip/draw) by extension 'ignore_ament_install'
[0.241s] Level 1:colcon.colcon_core.package_identification:_identify(venv/lib/python3.10/site-packages/cv2/gapi/wip/draw) by extensions ['colcon_pkg']
[0.241s] Level 1:colcon.colcon_core.package_identification:_identify(venv/lib/python3.10/site-packages/cv2/gapi/wip/draw) by extension 'colcon_pkg'
[0.241s] Level 1:colcon.colcon_core.package_identification:_identify(venv/lib/python3.10/site-packages/cv2/gapi/wip/draw) by extensions ['colcon_meta']
[0.241s] Level 1:colcon.colcon_core.package_identification:_identify(venv/lib/python3.10/site-packages/cv2/gapi/wip/draw) by extension 'colcon_meta'
[0.241s] Level 1:colcon.colcon_core.package_identification:_identify(venv/lib/python3.10/site-packages/cv2/gapi/wip/draw) by extensions ['ros']
[0.241s] Level 1:colcon.colcon_core.package_identification:_identify(venv/lib/python3.10/site-packages/cv2/gapi/wip/draw) by extension 'ros'
[0.241s] Level 1:colcon.colcon_core.package_identification:_identify(venv/lib/python3.10/site-packages/cv2/gapi/wip/draw) by extensions ['cmake', 'python']
[0.241s] Level 1:colcon.colcon_core.package_identification:_identify(venv/lib/python3.10/site-packages/cv2/gapi/wip/draw) by extension 'cmake'
[0.241s] Level 1:colcon.colcon_core.package_identification:_identify(venv/lib/python3.10/site-packages/cv2/gapi/wip/draw) by extension 'python'
[0.241s] Level 1:colcon.colcon_core.package_identification:_identify(venv/lib/python3.10/site-packages/cv2/gapi/wip/draw) by extensions ['python_setup_py']
[0.241s] Level 1:colcon.colcon_core.package_identification:_identify(venv/lib/python3.10/site-packages/cv2/gapi/wip/draw) by extension 'python_setup_py'
[0.241s] Level 1:colcon.colcon_core.package_identification:_identify(venv/lib/python3.10/site-packages/cv2/gapi/wip/gst) by extensions ['ignore', 'ignore_ament_install']
[0.241s] Level 1:colcon.colcon_core.package_identification:_identify(venv/lib/python3.10/site-packages/cv2/gapi/wip/gst) by extension 'ignore'
[0.241s] Level 1:colcon.colcon_core.package_identification:_identify(venv/lib/python3.10/site-packages/cv2/gapi/wip/gst) by extension 'ignore_ament_install'
[0.241s] Level 1:colcon.colcon_core.package_identification:_identify(venv/lib/python3.10/site-packages/cv2/gapi/wip/gst) by extensions ['colcon_pkg']
[0.241s] Level 1:colcon.colcon_core.package_identification:_identify(venv/lib/python3.10/site-packages/cv2/gapi/wip/gst) by extension 'colcon_pkg'
[0.241s] Level 1:colcon.colcon_core.package_identification:_identify(venv/lib/python3.10/site-packages/cv2/gapi/wip/gst) by extensions ['colcon_meta']
[0.241s] Level 1:colcon.colcon_core.package_identification:_identify(venv/lib/python3.10/site-packages/cv2/gapi/wip/gst) by extension 'colcon_meta'
[0.241s] Level 1:colcon.colcon_core.package_identification:_identify(venv/lib/python3.10/site-packages/cv2/gapi/wip/gst) by extensions ['ros']
[0.241s] Level 1:colcon.colcon_core.package_identification:_identify(venv/lib/python3.10/site-packages/cv2/gapi/wip/gst) by extension 'ros'
[0.241s] Level 1:colcon.colcon_core.package_identification:_identify(venv/lib/python3.10/site-packages/cv2/gapi/wip/gst) by extensions ['cmake', 'python']
[0.241s] Level 1:colcon.colcon_core.package_identification:_identify(venv/lib/python3.10/site-packages/cv2/gapi/wip/gst) by extension 'cmake'
[0.241s] Level 1:colcon.colcon_core.package_identification:_identify(venv/lib/python3.10/site-packages/cv2/gapi/wip/gst) by extension 'python'
[0.241s] Level 1:colcon.colcon_core.package_identification:_identify(venv/lib/python3.10/site-packages/cv2/gapi/wip/gst) by extensions ['python_setup_py']
[0.241s] Level 1:colcon.colcon_core.package_identification:_identify(venv/lib/python3.10/site-packages/cv2/gapi/wip/gst) by extension 'python_setup_py'
[0.242s] Level 1:colcon.colcon_core.package_identification:_identify(venv/lib/python3.10/site-packages/cv2/gapi/wip/onevpl) by extensions ['ignore', 'ignore_ament_install']
[0.242s] Level 1:colcon.colcon_core.package_identification:_identify(venv/lib/python3.10/site-packages/cv2/gapi/wip/onevpl) by extension 'ignore'
[0.242s] Level 1:colcon.colcon_core.package_identification:_identify(venv/lib/python3.10/site-packages/cv2/gapi/wip/onevpl) by extension 'ignore_ament_install'
[0.242s] Level 1:colcon.colcon_core.package_identification:_identify(venv/lib/python3.10/site-packages/cv2/gapi/wip/onevpl) by extensions ['colcon_pkg']
[0.242s] Level 1:colcon.colcon_core.package_identification:_identify(venv/lib/python3.10/site-packages/cv2/gapi/wip/onevpl) by extension 'colcon_pkg'
[0.242s] Level 1:colcon.colcon_core.package_identification:_identify(venv/lib/python3.10/site-packages/cv2/gapi/wip/onevpl) by extensions ['colcon_meta']
[0.242s] Level 1:colcon.colcon_core.package_identification:_identify(venv/lib/python3.10/site-packages/cv2/gapi/wip/onevpl) by extension 'colcon_meta'
[0.242s] Level 1:colcon.colcon_core.package_identification:_identify(venv/lib/python3.10/site-packages/cv2/gapi/wip/onevpl) by extensions ['ros']
[0.242s] Level 1:colcon.colcon_core.package_identification:_identify(venv/lib/python3.10/site-packages/cv2/gapi/wip/onevpl) by extension 'ros'
[0.242s] Level 1:colcon.colcon_core.package_identification:_identify(venv/lib/python3.10/site-packages/cv2/gapi/wip/onevpl) by extensions ['cmake', 'python']
[0.242s] Level 1:colcon.colcon_core.package_identification:_identify(venv/lib/python3.10/site-packages/cv2/gapi/wip/onevpl) by extension 'cmake'
[0.242s] Level 1:colcon.colcon_core.package_identification:_identify(venv/lib/python3.10/site-packages/cv2/gapi/wip/onevpl) by extension 'python'
[0.242s] Level 1:colcon.colcon_core.package_identification:_identify(venv/lib/python3.10/site-packages/cv2/gapi/wip/onevpl) by extensions ['python_setup_py']
[0.242s] Level 1:colcon.colcon_core.package_identification:_identify(venv/lib/python3.10/site-packages/cv2/gapi/wip/onevpl) by extension 'python_setup_py'
[0.242s] Level 1:colcon.colcon_core.package_identification:_identify(venv/lib/python3.10/site-packages/cv2/ipp) by extensions ['ignore', 'ignore_ament_install']
[0.242s] Level 1:colcon.colcon_core.package_identification:_identify(venv/lib/python3.10/site-packages/cv2/ipp) by extension 'ignore'
[0.242s] Level 1:colcon.colcon_core.package_identification:_identify(venv/lib/python3.10/site-packages/cv2/ipp) by extension 'ignore_ament_install'
[0.242s] Level 1:colcon.colcon_core.package_identification:_identify(venv/lib/python3.10/site-packages/cv2/ipp) by extensions ['colcon_pkg']
[0.242s] Level 1:colcon.colcon_core.package_identification:_identify(venv/lib/python3.10/site-packages/cv2/ipp) by extension 'colcon_pkg'
[0.242s] Level 1:colcon.colcon_core.package_identification:_identify(venv/lib/python3.10/site-packages/cv2/ipp) by extensions ['colcon_meta']
[0.242s] Level 1:colcon.colcon_core.package_identification:_identify(venv/lib/python3.10/site-packages/cv2/ipp) by extension 'colcon_meta'
[0.242s] Level 1:colcon.colcon_core.package_identification:_identify(venv/lib/python3.10/site-packages/cv2/ipp) by extensions ['ros']
[0.242s] Level 1:colcon.colcon_core.package_identification:_identify(venv/lib/python3.10/site-packages/cv2/ipp) by extension 'ros'
[0.242s] Level 1:colcon.colcon_core.package_identification:_identify(venv/lib/python3.10/site-packages/cv2/ipp) by extensions ['cmake', 'python']
[0.242s] Level 1:colcon.colcon_core.package_identification:_identify(venv/lib/python3.10/site-packages/cv2/ipp) by extension 'cmake'
[0.242s] Level 1:colcon.colcon_core.package_identification:_identify(venv/lib/python3.10/site-packages/cv2/ipp) by extension 'python'
[0.242s] Level 1:colcon.colcon_core.package_identification:_identify(venv/lib/python3.10/site-packages/cv2/ipp) by extensions ['python_setup_py']
[0.242s] Level 1:colcon.colcon_core.package_identification:_identify(venv/lib/python3.10/site-packages/cv2/ipp) by extension 'python_setup_py'
[0.243s] Level 1:colcon.colcon_core.package_identification:_identify(venv/lib/python3.10/site-packages/cv2/mat_wrapper) by extensions ['ignore', 'ignore_ament_install']
[0.243s] Level 1:colcon.colcon_core.package_identification:_identify(venv/lib/python3.10/site-packages/cv2/mat_wrapper) by extension 'ignore'
[0.243s] Level 1:colcon.colcon_core.package_identification:_identify(venv/lib/python3.10/site-packages/cv2/mat_wrapper) by extension 'ignore_ament_install'
[0.243s] Level 1:colcon.colcon_core.package_identification:_identify(venv/lib/python3.10/site-packages/cv2/mat_wrapper) by extensions ['colcon_pkg']
[0.243s] Level 1:colcon.colcon_core.package_identification:_identify(venv/lib/python3.10/site-packages/cv2/mat_wrapper) by extension 'colcon_pkg'
[0.243s] Level 1:colcon.colcon_core.package_identification:_identify(venv/lib/python3.10/site-packages/cv2/mat_wrapper) by extensions ['colcon_meta']
[0.243s] Level 1:colcon.colcon_core.package_identification:_identify(venv/lib/python3.10/site-packages/cv2/mat_wrapper) by extension 'colcon_meta'
[0.243s] Level 1:colcon.colcon_core.package_identification:_identify(venv/lib/python3.10/site-packages/cv2/mat_wrapper) by extensions ['ros']
[0.243s] Level 1:colcon.colcon_core.package_identification:_identify(venv/lib/python3.10/site-packages/cv2/mat_wrapper) by extension 'ros'
[0.243s] Level 1:colcon.colcon_core.package_identification:_identify(venv/lib/python3.10/site-packages/cv2/mat_wrapper) by extensions ['cmake', 'python']
[0.243s] Level 1:colcon.colcon_core.package_identification:_identify(venv/lib/python3.10/site-packages/cv2/mat_wrapper) by extension 'cmake'
[0.243s] Level 1:colcon.colcon_core.package_identification:_identify(venv/lib/python3.10/site-packages/cv2/mat_wrapper) by extension 'python'
[0.243s] Level 1:colcon.colcon_core.package_identification:_identify(venv/lib/python3.10/site-packages/cv2/mat_wrapper) by extensions ['python_setup_py']
[0.243s] Level 1:colcon.colcon_core.package_identification:_identify(venv/lib/python3.10/site-packages/cv2/mat_wrapper) by extension 'python_setup_py'
[0.243s] Level 1:colcon.colcon_core.package_identification:_identify(venv/lib/python3.10/site-packages/cv2/mat_wrapper/__pycache__) by extensions ['ignore', 'ignore_ament_install']
[0.243s] Level 1:colcon.colcon_core.package_identification:_identify(venv/lib/python3.10/site-packages/cv2/mat_wrapper/__pycache__) by extension 'ignore'
[0.243s] Level 1:colcon.colcon_core.package_identification:_identify(venv/lib/python3.10/site-packages/cv2/mat_wrapper/__pycache__) by extension 'ignore_ament_install'
[0.243s] Level 1:colcon.colcon_core.package_identification:_identify(venv/lib/python3.10/site-packages/cv2/mat_wrapper/__pycache__) by extensions ['colcon_pkg']
[0.243s] Level 1:colcon.colcon_core.package_identification:_identify(venv/lib/python3.10/site-packages/cv2/mat_wrapper/__pycache__) by extension 'colcon_pkg'
[0.243s] Level 1:colcon.colcon_core.package_identification:_identify(venv/lib/python3.10/site-packages/cv2/mat_wrapper/__pycache__) by extensions ['colcon_meta']
[0.243s] Level 1:colcon.colcon_core.package_identification:_identify(venv/lib/python3.10/site-packages/cv2/mat_wrapper/__pycache__) by extension 'colcon_meta'
[0.243s] Level 1:colcon.colcon_core.package_identification:_identify(venv/lib/python3.10/site-packages/cv2/mat_wrapper/__pycache__) by extensions ['ros']
[0.243s] Level 1:colcon.colcon_core.package_identification:_identify(venv/lib/python3.10/site-packages/cv2/mat_wrapper/__pycache__) by extension 'ros'
[0.243s] Level 1:colcon.colcon_core.package_identification:_identify(venv/lib/python3.10/site-packages/cv2/mat_wrapper/__pycache__) by extensions ['cmake', 'python']
[0.243s] Level 1:colcon.colcon_core.package_identification:_identify(venv/lib/python3.10/site-packages/cv2/mat_wrapper/__pycache__) by extension 'cmake'
[0.243s] Level 1:colcon.colcon_core.package_identification:_identify(venv/lib/python3.10/site-packages/cv2/mat_wrapper/__pycache__) by extension 'python'
[0.243s] Level 1:colcon.colcon_core.package_identification:_identify(venv/lib/python3.10/site-packages/cv2/mat_wrapper/__pycache__) by extensions ['python_setup_py']
[0.243s] Level 1:colcon.colcon_core.package_identification:_identify(venv/lib/python3.10/site-packages/cv2/mat_wrapper/__pycache__) by extension 'python_setup_py'
[0.244s] Level 1:colcon.colcon_core.package_identification:_identify(venv/lib/python3.10/site-packages/cv2/misc) by extensions ['ignore', 'ignore_ament_install']
[0.244s] Level 1:colcon.colcon_core.package_identification:_identify(venv/lib/python3.10/site-packages/cv2/misc) by extension 'ignore'
[0.244s] Level 1:colcon.colcon_core.package_identification:_identify(venv/lib/python3.10/site-packages/cv2/misc) by extension 'ignore_ament_install'
[0.244s] Level 1:colcon.colcon_core.package_identification:_identify(venv/lib/python3.10/site-packages/cv2/misc) by extensions ['colcon_pkg']
[0.244s] Level 1:colcon.colcon_core.package_identification:_identify(venv/lib/python3.10/site-packages/cv2/misc) by extension 'colcon_pkg'
[0.244s] Level 1:colcon.colcon_core.package_identification:_identify(venv/lib/python3.10/site-packages/cv2/misc) by extensions ['colcon_meta']
[0.244s] Level 1:colcon.colcon_core.package_identification:_identify(venv/lib/python3.10/site-packages/cv2/misc) by extension 'colcon_meta'
[0.244s] Level 1:colcon.colcon_core.package_identification:_identify(venv/lib/python3.10/site-packages/cv2/misc) by extensions ['ros']
[0.244s] Level 1:colcon.colcon_core.package_identification:_identify(venv/lib/python3.10/site-packages/cv2/misc) by extension 'ros'
[0.244s] Level 1:colcon.colcon_core.package_identification:_identify(venv/lib/python3.10/site-packages/cv2/misc) by extensions ['cmake', 'python']
[0.244s] Level 1:colcon.colcon_core.package_identification:_identify(venv/lib/python3.10/site-packages/cv2/misc) by extension 'cmake'
[0.244s] Level 1:colcon.colcon_core.package_identification:_identify(venv/lib/python3.10/site-packages/cv2/misc) by extension 'python'
[0.244s] Level 1:colcon.colcon_core.package_identification:_identify(venv/lib/python3.10/site-packages/cv2/misc) by extensions ['python_setup_py']
[0.244s] Level 1:colcon.colcon_core.package_identification:_identify(venv/lib/python3.10/site-packages/cv2/misc) by extension 'python_setup_py'
[0.244s] Level 1:colcon.colcon_core.package_identification:_identify(venv/lib/python3.10/site-packages/cv2/misc/__pycache__) by extensions ['ignore', 'ignore_ament_install']
[0.244s] Level 1:colcon.colcon_core.package_identification:_identify(venv/lib/python3.10/site-packages/cv2/misc/__pycache__) by extension 'ignore'
[0.244s] Level 1:colcon.colcon_core.package_identification:_identify(venv/lib/python3.10/site-packages/cv2/misc/__pycache__) by extension 'ignore_ament_install'
[0.244s] Level 1:colcon.colcon_core.package_identification:_identify(venv/lib/python3.10/site-packages/cv2/misc/__pycache__) by extensions ['colcon_pkg']
[0.244s] Level 1:colcon.colcon_core.package_identification:_identify(venv/lib/python3.10/site-packages/cv2/misc/__pycache__) by extension 'colcon_pkg'
[0.244s] Level 1:colcon.colcon_core.package_identification:_identify(venv/lib/python3.10/site-packages/cv2/misc/__pycache__) by extensions ['colcon_meta']
[0.244s] Level 1:colcon.colcon_core.package_identification:_identify(venv/lib/python3.10/site-packages/cv2/misc/__pycache__) by extension 'colcon_meta'
[0.244s] Level 1:colcon.colcon_core.package_identification:_identify(venv/lib/python3.10/site-packages/cv2/misc/__pycache__) by extensions ['ros']
[0.244s] Level 1:colcon.colcon_core.package_identification:_identify(venv/lib/python3.10/site-packages/cv2/misc/__pycache__) by extension 'ros'
[0.244s] Level 1:colcon.colcon_core.package_identification:_identify(venv/lib/python3.10/site-packages/cv2/misc/__pycache__) by extensions ['cmake', 'python']
[0.244s] Level 1:colcon.colcon_core.package_identification:_identify(venv/lib/python3.10/site-packages/cv2/misc/__pycache__) by extension 'cmake'
[0.244s] Level 1:colcon.colcon_core.package_identification:_identify(venv/lib/python3.10/site-packages/cv2/misc/__pycache__) by extension 'python'
[0.244s] Level 1:colcon.colcon_core.package_identification:_identify(venv/lib/python3.10/site-packages/cv2/misc/__pycache__) by extensions ['python_setup_py']
[0.244s] Level 1:colcon.colcon_core.package_identification:_identify(venv/lib/python3.10/site-packages/cv2/misc/__pycache__) by extension 'python_setup_py'
[0.245s] Level 1:colcon.colcon_core.package_identification:_identify(venv/lib/python3.10/site-packages/cv2/ml) by extensions ['ignore', 'ignore_ament_install']
[0.245s] Level 1:colcon.colcon_core.package_identification:_identify(venv/lib/python3.10/site-packages/cv2/ml) by extension 'ignore'
[0.245s] Level 1:colcon.colcon_core.package_identification:_identify(venv/lib/python3.10/site-packages/cv2/ml) by extension 'ignore_ament_install'
[0.245s] Level 1:colcon.colcon_core.package_identification:_identify(venv/lib/python3.10/site-packages/cv2/ml) by extensions ['colcon_pkg']
[0.245s] Level 1:colcon.colcon_core.package_identification:_identify(venv/lib/python3.10/site-packages/cv2/ml) by extension 'colcon_pkg'
[0.245s] Level 1:colcon.colcon_core.package_identification:_identify(venv/lib/python3.10/site-packages/cv2/ml) by extensions ['colcon_meta']
[0.245s] Level 1:colcon.colcon_core.package_identification:_identify(venv/lib/python3.10/site-packages/cv2/ml) by extension 'colcon_meta'
[0.245s] Level 1:colcon.colcon_core.package_identification:_identify(venv/lib/python3.10/site-packages/cv2/ml) by extensions ['ros']
[0.245s] Level 1:colcon.colcon_core.package_identification:_identify(venv/lib/python3.10/site-packages/cv2/ml) by extension 'ros'
[0.245s] Level 1:colcon.colcon_core.package_identification:_identify(venv/lib/python3.10/site-packages/cv2/ml) by extensions ['cmake', 'python']
[0.245s] Level 1:colcon.colcon_core.package_identification:_identify(venv/lib/python3.10/site-packages/cv2/ml) by extension 'cmake'
[0.245s] Level 1:colcon.colcon_core.package_identification:_identify(venv/lib/python3.10/site-packages/cv2/ml) by extension 'python'
[0.245s] Level 1:colcon.colcon_core.package_identification:_identify(venv/lib/python3.10/site-packages/cv2/ml) by extensions ['python_setup_py']
[0.245s] Level 1:colcon.colcon_core.package_identification:_identify(venv/lib/python3.10/site-packages/cv2/ml) by extension 'python_setup_py'
[0.245s] Level 1:colcon.colcon_core.package_identification:_identify(venv/lib/python3.10/site-packages/cv2/ocl) by extensions ['ignore', 'ignore_ament_install']
[0.245s] Level 1:colcon.colcon_core.package_identification:_identify(venv/lib/python3.10/site-packages/cv2/ocl) by extension 'ignore'
[0.245s] Level 1:colcon.colcon_core.package_identification:_identify(venv/lib/python3.10/site-packages/cv2/ocl) by extension 'ignore_ament_install'
[0.245s] Level 1:colcon.colcon_core.package_identification:_identify(venv/lib/python3.10/site-packages/cv2/ocl) by extensions ['colcon_pkg']
[0.245s] Level 1:colcon.colcon_core.package_identification:_identify(venv/lib/python3.10/site-packages/cv2/ocl) by extension 'colcon_pkg'
[0.245s] Level 1:colcon.colcon_core.package_identification:_identify(venv/lib/python3.10/site-packages/cv2/ocl) by extensions ['colcon_meta']
[0.245s] Level 1:colcon.colcon_core.package_identification:_identify(venv/lib/python3.10/site-packages/cv2/ocl) by extension 'colcon_meta'
[0.245s] Level 1:colcon.colcon_core.package_identification:_identify(venv/lib/python3.10/site-packages/cv2/ocl) by extensions ['ros']
[0.245s] Level 1:colcon.colcon_core.package_identification:_identify(venv/lib/python3.10/site-packages/cv2/ocl) by extension 'ros'
[0.245s] Level 1:colcon.colcon_core.package_identification:_identify(venv/lib/python3.10/site-packages/cv2/ocl) by extensions ['cmake', 'python']
[0.245s] Level 1:colcon.colcon_core.package_identification:_identify(venv/lib/python3.10/site-packages/cv2/ocl) by extension 'cmake'
[0.245s] Level 1:colcon.colcon_core.package_identification:_identify(venv/lib/python3.10/site-packages/cv2/ocl) by extension 'python'
[0.245s] Level 1:colcon.colcon_core.package_identification:_identify(venv/lib/python3.10/site-packages/cv2/ocl) by extensions ['python_setup_py']
[0.245s] Level 1:colcon.colcon_core.package_identification:_identify(venv/lib/python3.10/site-packages/cv2/ocl) by extension 'python_setup_py'
[0.245s] Level 1:colcon.colcon_core.package_identification:_identify(venv/lib/python3.10/site-packages/cv2/ogl) by extensions ['ignore', 'ignore_ament_install']
[0.246s] Level 1:colcon.colcon_core.package_identification:_identify(venv/lib/python3.10/site-packages/cv2/ogl) by extension 'ignore'
[0.246s] Level 1:colcon.colcon_core.package_identification:_identify(venv/lib/python3.10/site-packages/cv2/ogl) by extension 'ignore_ament_install'
[0.246s] Level 1:colcon.colcon_core.package_identification:_identify(venv/lib/python3.10/site-packages/cv2/ogl) by extensions ['colcon_pkg']
[0.246s] Level 1:colcon.colcon_core.package_identification:_identify(venv/lib/python3.10/site-packages/cv2/ogl) by extension 'colcon_pkg'
[0.246s] Level 1:colcon.colcon_core.package_identification:_identify(venv/lib/python3.10/site-packages/cv2/ogl) by extensions ['colcon_meta']
[0.246s] Level 1:colcon.colcon_core.package_identification:_identify(venv/lib/python3.10/site-packages/cv2/ogl) by extension 'colcon_meta'
[0.246s] Level 1:colcon.colcon_core.package_identification:_identify(venv/lib/python3.10/site-packages/cv2/ogl) by extensions ['ros']
[0.246s] Level 1:colcon.colcon_core.package_identification:_identify(venv/lib/python3.10/site-packages/cv2/ogl) by extension 'ros'
[0.246s] Level 1:colcon.colcon_core.package_identification:_identify(venv/lib/python3.10/site-packages/cv2/ogl) by extensions ['cmake', 'python']
[0.246s] Level 1:colcon.colcon_core.package_identification:_identify(venv/lib/python3.10/site-packages/cv2/ogl) by extension 'cmake'
[0.246s] Level 1:colcon.colcon_core.package_identification:_identify(venv/lib/python3.10/site-packages/cv2/ogl) by extension 'python'
[0.246s] Level 1:colcon.colcon_core.package_identification:_identify(venv/lib/python3.10/site-packages/cv2/ogl) by extensions ['python_setup_py']
[0.246s] Level 1:colcon.colcon_core.package_identification:_identify(venv/lib/python3.10/site-packages/cv2/ogl) by extension 'python_setup_py'
[0.246s] Level 1:colcon.colcon_core.package_identification:_identify(venv/lib/python3.10/site-packages/cv2/parallel) by extensions ['ignore', 'ignore_ament_install']
[0.246s] Level 1:colcon.colcon_core.package_identification:_identify(venv/lib/python3.10/site-packages/cv2/parallel) by extension 'ignore'
[0.246s] Level 1:colcon.colcon_core.package_identification:_identify(venv/lib/python3.10/site-packages/cv2/parallel) by extension 'ignore_ament_install'
[0.246s] Level 1:colcon.colcon_core.package_identification:_identify(venv/lib/python3.10/site-packages/cv2/parallel) by extensions ['colcon_pkg']
[0.246s] Level 1:colcon.colcon_core.package_identification:_identify(venv/lib/python3.10/site-packages/cv2/parallel) by extension 'colcon_pkg'
[0.246s] Level 1:colcon.colcon_core.package_identification:_identify(venv/lib/python3.10/site-packages/cv2/parallel) by extensions ['colcon_meta']
[0.246s] Level 1:colcon.colcon_core.package_identification:_identify(venv/lib/python3.10/site-packages/cv2/parallel) by extension 'colcon_meta'
[0.246s] Level 1:colcon.colcon_core.package_identification:_identify(venv/lib/python3.10/site-packages/cv2/parallel) by extensions ['ros']
[0.246s] Level 1:colcon.colcon_core.package_identification:_identify(venv/lib/python3.10/site-packages/cv2/parallel) by extension 'ros'
[0.246s] Level 1:colcon.colcon_core.package_identification:_identify(venv/lib/python3.10/site-packages/cv2/parallel) by extensions ['cmake', 'python']
[0.246s] Level 1:colcon.colcon_core.package_identification:_identify(venv/lib/python3.10/site-packages/cv2/parallel) by extension 'cmake'
[0.246s] Level 1:colcon.colcon_core.package_identification:_identify(venv/lib/python3.10/site-packages/cv2/parallel) by extension 'python'
[0.246s] Level 1:colcon.colcon_core.package_identification:_identify(venv/lib/python3.10/site-packages/cv2/parallel) by extensions ['python_setup_py']
[0.246s] Level 1:colcon.colcon_core.package_identification:_identify(venv/lib/python3.10/site-packages/cv2/parallel) by extension 'python_setup_py'
[0.247s] Level 1:colcon.colcon_core.package_identification:_identify(venv/lib/python3.10/site-packages/cv2/qt) by extensions ['ignore', 'ignore_ament_install']
[0.247s] Level 1:colcon.colcon_core.package_identification:_identify(venv/lib/python3.10/site-packages/cv2/qt) by extension 'ignore'
[0.247s] Level 1:colcon.colcon_core.package_identification:_identify(venv/lib/python3.10/site-packages/cv2/qt) by extension 'ignore_ament_install'
[0.247s] Level 1:colcon.colcon_core.package_identification:_identify(venv/lib/python3.10/site-packages/cv2/qt) by extensions ['colcon_pkg']
[0.247s] Level 1:colcon.colcon_core.package_identification:_identify(venv/lib/python3.10/site-packages/cv2/qt) by extension 'colcon_pkg'
[0.247s] Level 1:colcon.colcon_core.package_identification:_identify(venv/lib/python3.10/site-packages/cv2/qt) by extensions ['colcon_meta']
[0.247s] Level 1:colcon.colcon_core.package_identification:_identify(venv/lib/python3.10/site-packages/cv2/qt) by extension 'colcon_meta'
[0.247s] Level 1:colcon.colcon_core.package_identification:_identify(venv/lib/python3.10/site-packages/cv2/qt) by extensions ['ros']
[0.247s] Level 1:colcon.colcon_core.package_identification:_identify(venv/lib/python3.10/site-packages/cv2/qt) by extension 'ros'
[0.247s] Level 1:colcon.colcon_core.package_identification:_identify(venv/lib/python3.10/site-packages/cv2/qt) by extensions ['cmake', 'python']
[0.247s] Level 1:colcon.colcon_core.package_identification:_identify(venv/lib/python3.10/site-packages/cv2/qt) by extension 'cmake'
[0.247s] Level 1:colcon.colcon_core.package_identification:_identify(venv/lib/python3.10/site-packages/cv2/qt) by extension 'python'
[0.247s] Level 1:colcon.colcon_core.package_identification:_identify(venv/lib/python3.10/site-packages/cv2/qt) by extensions ['python_setup_py']
[0.247s] Level 1:colcon.colcon_core.package_identification:_identify(venv/lib/python3.10/site-packages/cv2/qt) by extension 'python_setup_py'
[0.247s] Level 1:colcon.colcon_core.package_identification:_identify(venv/lib/python3.10/site-packages/cv2/qt/fonts) by extensions ['ignore', 'ignore_ament_install']
[0.247s] Level 1:colcon.colcon_core.package_identification:_identify(venv/lib/python3.10/site-packages/cv2/qt/fonts) by extension 'ignore'
[0.247s] Level 1:colcon.colcon_core.package_identification:_identify(venv/lib/python3.10/site-packages/cv2/qt/fonts) by extension 'ignore_ament_install'
[0.247s] Level 1:colcon.colcon_core.package_identification:_identify(venv/lib/python3.10/site-packages/cv2/qt/fonts) by extensions ['colcon_pkg']
[0.247s] Level 1:colcon.colcon_core.package_identification:_identify(venv/lib/python3.10/site-packages/cv2/qt/fonts) by extension 'colcon_pkg'
[0.247s] Level 1:colcon.colcon_core.package_identification:_identify(venv/lib/python3.10/site-packages/cv2/qt/fonts) by extensions ['colcon_meta']
[0.247s] Level 1:colcon.colcon_core.package_identification:_identify(venv/lib/python3.10/site-packages/cv2/qt/fonts) by extension 'colcon_meta'
[0.247s] Level 1:colcon.colcon_core.package_identification:_identify(venv/lib/python3.10/site-packages/cv2/qt/fonts) by extensions ['ros']
[0.247s] Level 1:colcon.colcon_core.package_identification:_identify(venv/lib/python3.10/site-packages/cv2/qt/fonts) by extension 'ros'
[0.247s] Level 1:colcon.colcon_core.package_identification:_identify(venv/lib/python3.10/site-packages/cv2/qt/fonts) by extensions ['cmake', 'python']
[0.247s] Level 1:colcon.colcon_core.package_identification:_identify(venv/lib/python3.10/site-packages/cv2/qt/fonts) by extension 'cmake'
[0.248s] Level 1:colcon.colcon_core.package_identification:_identify(venv/lib/python3.10/site-packages/cv2/qt/fonts) by extension 'python'
[0.248s] Level 1:colcon.colcon_core.package_identification:_identify(venv/lib/python3.10/site-packages/cv2/qt/fonts) by extensions ['python_setup_py']
[0.248s] Level 1:colcon.colcon_core.package_identification:_identify(venv/lib/python3.10/site-packages/cv2/qt/fonts) by extension 'python_setup_py'
[0.248s] Level 1:colcon.colcon_core.package_identification:_identify(venv/lib/python3.10/site-packages/cv2/qt/plugins) by extensions ['ignore', 'ignore_ament_install']
[0.248s] Level 1:colcon.colcon_core.package_identification:_identify(venv/lib/python3.10/site-packages/cv2/qt/plugins) by extension 'ignore'
[0.248s] Level 1:colcon.colcon_core.package_identification:_identify(venv/lib/python3.10/site-packages/cv2/qt/plugins) by extension 'ignore_ament_install'
[0.248s] Level 1:colcon.colcon_core.package_identification:_identify(venv/lib/python3.10/site-packages/cv2/qt/plugins) by extensions ['colcon_pkg']
[0.248s] Level 1:colcon.colcon_core.package_identification:_identify(venv/lib/python3.10/site-packages/cv2/qt/plugins) by extension 'colcon_pkg'
[0.248s] Level 1:colcon.colcon_core.package_identification:_identify(venv/lib/python3.10/site-packages/cv2/qt/plugins) by extensions ['colcon_meta']
[0.248s] Level 1:colcon.colcon_core.package_identification:_identify(venv/lib/python3.10/site-packages/cv2/qt/plugins) by extension 'colcon_meta'
[0.248s] Level 1:colcon.colcon_core.package_identification:_identify(venv/lib/python3.10/site-packages/cv2/qt/plugins) by extensions ['ros']
[0.248s] Level 1:colcon.colcon_core.package_identification:_identify(venv/lib/python3.10/site-packages/cv2/qt/plugins) by extension 'ros'
[0.248s] Level 1:colcon.colcon_core.package_identification:_identify(venv/lib/python3.10/site-packages/cv2/qt/plugins) by extensions ['cmake', 'python']
[0.248s] Level 1:colcon.colcon_core.package_identification:_identify(venv/lib/python3.10/site-packages/cv2/qt/plugins) by extension 'cmake'
[0.248s] Level 1:colcon.colcon_core.package_identification:_identify(venv/lib/python3.10/site-packages/cv2/qt/plugins) by extension 'python'
[0.248s] Level 1:colcon.colcon_core.package_identification:_identify(venv/lib/python3.10/site-packages/cv2/qt/plugins) by extensions ['python_setup_py']
[0.248s] Level 1:colcon.colcon_core.package_identification:_identify(venv/lib/python3.10/site-packages/cv2/qt/plugins) by extension 'python_setup_py'
[0.248s] Level 1:colcon.colcon_core.package_identification:_identify(venv/lib/python3.10/site-packages/cv2/qt/plugins/platforms) by extensions ['ignore', 'ignore_ament_install']
[0.248s] Level 1:colcon.colcon_core.package_identification:_identify(venv/lib/python3.10/site-packages/cv2/qt/plugins/platforms) by extension 'ignore'
[0.248s] Level 1:colcon.colcon_core.package_identification:_identify(venv/lib/python3.10/site-packages/cv2/qt/plugins/platforms) by extension 'ignore_ament_install'
[0.248s] Level 1:colcon.colcon_core.package_identification:_identify(venv/lib/python3.10/site-packages/cv2/qt/plugins/platforms) by extensions ['colcon_pkg']
[0.248s] Level 1:colcon.colcon_core.package_identification:_identify(venv/lib/python3.10/site-packages/cv2/qt/plugins/platforms) by extension 'colcon_pkg'
[0.248s] Level 1:colcon.colcon_core.package_identification:_identify(venv/lib/python3.10/site-packages/cv2/qt/plugins/platforms) by extensions ['colcon_meta']
[0.248s] Level 1:colcon.colcon_core.package_identification:_identify(venv/lib/python3.10/site-packages/cv2/qt/plugins/platforms) by extension 'colcon_meta'
[0.248s] Level 1:colcon.colcon_core.package_identification:_identify(venv/lib/python3.10/site-packages/cv2/qt/plugins/platforms) by extensions ['ros']
[0.248s] Level 1:colcon.colcon_core.package_identification:_identify(venv/lib/python3.10/site-packages/cv2/qt/plugins/platforms) by extension 'ros'
[0.249s] Level 1:colcon.colcon_core.package_identification:_identify(venv/lib/python3.10/site-packages/cv2/qt/plugins/platforms) by extensions ['cmake', 'python']
[0.249s] Level 1:colcon.colcon_core.package_identification:_identify(venv/lib/python3.10/site-packages/cv2/qt/plugins/platforms) by extension 'cmake'
[0.249s] Level 1:colcon.colcon_core.package_identification:_identify(venv/lib/python3.10/site-packages/cv2/qt/plugins/platforms) by extension 'python'
[0.249s] Level 1:colcon.colcon_core.package_identification:_identify(venv/lib/python3.10/site-packages/cv2/qt/plugins/platforms) by extensions ['python_setup_py']
[0.249s] Level 1:colcon.colcon_core.package_identification:_identify(venv/lib/python3.10/site-packages/cv2/qt/plugins/platforms) by extension 'python_setup_py'
[0.249s] Level 1:colcon.colcon_core.package_identification:_identify(venv/lib/python3.10/site-packages/cv2/samples) by extensions ['ignore', 'ignore_ament_install']
[0.249s] Level 1:colcon.colcon_core.package_identification:_identify(venv/lib/python3.10/site-packages/cv2/samples) by extension 'ignore'
[0.249s] Level 1:colcon.colcon_core.package_identification:_identify(venv/lib/python3.10/site-packages/cv2/samples) by extension 'ignore_ament_install'
[0.249s] Level 1:colcon.colcon_core.package_identification:_identify(venv/lib/python3.10/site-packages/cv2/samples) by extensions ['colcon_pkg']
[0.249s] Level 1:colcon.colcon_core.package_identification:_identify(venv/lib/python3.10/site-packages/cv2/samples) by extension 'colcon_pkg'
[0.249s] Level 1:colcon.colcon_core.package_identification:_identify(venv/lib/python3.10/site-packages/cv2/samples) by extensions ['colcon_meta']
[0.249s] Level 1:colcon.colcon_core.package_identification:_identify(venv/lib/python3.10/site-packages/cv2/samples) by extension 'colcon_meta'
[0.249s] Level 1:colcon.colcon_core.package_identification:_identify(venv/lib/python3.10/site-packages/cv2/samples) by extensions ['ros']
[0.249s] Level 1:colcon.colcon_core.package_identification:_identify(venv/lib/python3.10/site-packages/cv2/samples) by extension 'ros'
[0.249s] Level 1:colcon.colcon_core.package_identification:_identify(venv/lib/python3.10/site-packages/cv2/samples) by extensions ['cmake', 'python']
[0.249s] Level 1:colcon.colcon_core.package_identification:_identify(venv/lib/python3.10/site-packages/cv2/samples) by extension 'cmake'
[0.249s] Level 1:colcon.colcon_core.package_identification:_identify(venv/lib/python3.10/site-packages/cv2/samples) by extension 'python'
[0.249s] Level 1:colcon.colcon_core.package_identification:_identify(venv/lib/python3.10/site-packages/cv2/samples) by extensions ['python_setup_py']
[0.249s] Level 1:colcon.colcon_core.package_identification:_identify(venv/lib/python3.10/site-packages/cv2/samples) by extension 'python_setup_py'
[0.249s] Level 1:colcon.colcon_core.package_identification:_identify(venv/lib/python3.10/site-packages/cv2/segmentation) by extensions ['ignore', 'ignore_ament_install']
[0.249s] Level 1:colcon.colcon_core.package_identification:_identify(venv/lib/python3.10/site-packages/cv2/segmentation) by extension 'ignore'
[0.249s] Level 1:colcon.colcon_core.package_identification:_identify(venv/lib/python3.10/site-packages/cv2/segmentation) by extension 'ignore_ament_install'
[0.249s] Level 1:colcon.colcon_core.package_identification:_identify(venv/lib/python3.10/site-packages/cv2/segmentation) by extensions ['colcon_pkg']
[0.249s] Level 1:colcon.colcon_core.package_identification:_identify(venv/lib/python3.10/site-packages/cv2/segmentation) by extension 'colcon_pkg'
[0.249s] Level 1:colcon.colcon_core.package_identification:_identify(venv/lib/python3.10/site-packages/cv2/segmentation) by extensions ['colcon_meta']
[0.249s] Level 1:colcon.colcon_core.package_identification:_identify(venv/lib/python3.10/site-packages/cv2/segmentation) by extension 'colcon_meta'
[0.249s] Level 1:colcon.colcon_core.package_identification:_identify(venv/lib/python3.10/site-packages/cv2/segmentation) by extensions ['ros']
[0.249s] Level 1:colcon.colcon_core.package_identification:_identify(venv/lib/python3.10/site-packages/cv2/segmentation) by extension 'ros'
[0.249s] Level 1:colcon.colcon_core.package_identification:_identify(venv/lib/python3.10/site-packages/cv2/segmentation) by extensions ['cmake', 'python']
[0.249s] Level 1:colcon.colcon_core.package_identification:_identify(venv/lib/python3.10/site-packages/cv2/segmentation) by extension 'cmake'
[0.250s] Level 1:colcon.colcon_core.package_identification:_identify(venv/lib/python3.10/site-packages/cv2/segmentation) by extension 'python'
[0.250s] Level 1:colcon.colcon_core.package_identification:_identify(venv/lib/python3.10/site-packages/cv2/segmentation) by extensions ['python_setup_py']
[0.250s] Level 1:colcon.colcon_core.package_identification:_identify(venv/lib/python3.10/site-packages/cv2/segmentation) by extension 'python_setup_py'
[0.250s] Level 1:colcon.colcon_core.package_identification:_identify(venv/lib/python3.10/site-packages/cv2/typing) by extensions ['ignore', 'ignore_ament_install']
[0.250s] Level 1:colcon.colcon_core.package_identification:_identify(venv/lib/python3.10/site-packages/cv2/typing) by extension 'ignore'
[0.250s] Level 1:colcon.colcon_core.package_identification:_identify(venv/lib/python3.10/site-packages/cv2/typing) by extension 'ignore_ament_install'
[0.250s] Level 1:colcon.colcon_core.package_identification:_identify(venv/lib/python3.10/site-packages/cv2/typing) by extensions ['colcon_pkg']
[0.250s] Level 1:colcon.colcon_core.package_identification:_identify(venv/lib/python3.10/site-packages/cv2/typing) by extension 'colcon_pkg'
[0.250s] Level 1:colcon.colcon_core.package_identification:_identify(venv/lib/python3.10/site-packages/cv2/typing) by extensions ['colcon_meta']
[0.250s] Level 1:colcon.colcon_core.package_identification:_identify(venv/lib/python3.10/site-packages/cv2/typing) by extension 'colcon_meta'
[0.250s] Level 1:colcon.colcon_core.package_identification:_identify(venv/lib/python3.10/site-packages/cv2/typing) by extensions ['ros']
[0.250s] Level 1:colcon.colcon_core.package_identification:_identify(venv/lib/python3.10/site-packages/cv2/typing) by extension 'ros'
[0.250s] Level 1:colcon.colcon_core.package_identification:_identify(venv/lib/python3.10/site-packages/cv2/typing) by extensions ['cmake', 'python']
[0.250s] Level 1:colcon.colcon_core.package_identification:_identify(venv/lib/python3.10/site-packages/cv2/typing) by extension 'cmake'
[0.250s] Level 1:colcon.colcon_core.package_identification:_identify(venv/lib/python3.10/site-packages/cv2/typing) by extension 'python'
[0.250s] Level 1:colcon.colcon_core.package_identification:_identify(venv/lib/python3.10/site-packages/cv2/typing) by extensions ['python_setup_py']
[0.250s] Level 1:colcon.colcon_core.package_identification:_identify(venv/lib/python3.10/site-packages/cv2/typing) by extension 'python_setup_py'
[0.250s] Level 1:colcon.colcon_core.package_identification:_identify(venv/lib/python3.10/site-packages/cv2/typing/__pycache__) by extensions ['ignore', 'ignore_ament_install']
[0.250s] Level 1:colcon.colcon_core.package_identification:_identify(venv/lib/python3.10/site-packages/cv2/typing/__pycache__) by extension 'ignore'
[0.250s] Level 1:colcon.colcon_core.package_identification:_identify(venv/lib/python3.10/site-packages/cv2/typing/__pycache__) by extension 'ignore_ament_install'
[0.250s] Level 1:colcon.colcon_core.package_identification:_identify(venv/lib/python3.10/site-packages/cv2/typing/__pycache__) by extensions ['colcon_pkg']
[0.250s] Level 1:colcon.colcon_core.package_identification:_identify(venv/lib/python3.10/site-packages/cv2/typing/__pycache__) by extension 'colcon_pkg'
[0.250s] Level 1:colcon.colcon_core.package_identification:_identify(venv/lib/python3.10/site-packages/cv2/typing/__pycache__) by extensions ['colcon_meta']
[0.250s] Level 1:colcon.colcon_core.package_identification:_identify(venv/lib/python3.10/site-packages/cv2/typing/__pycache__) by extension 'colcon_meta'
[0.250s] Level 1:colcon.colcon_core.package_identification:_identify(venv/lib/python3.10/site-packages/cv2/typing/__pycache__) by extensions ['ros']
[0.250s] Level 1:colcon.colcon_core.package_identification:_identify(venv/lib/python3.10/site-packages/cv2/typing/__pycache__) by extension 'ros'
[0.250s] Level 1:colcon.colcon_core.package_identification:_identify(venv/lib/python3.10/site-packages/cv2/typing/__pycache__) by extensions ['cmake', 'python']
[0.250s] Level 1:colcon.colcon_core.package_identification:_identify(venv/lib/python3.10/site-packages/cv2/typing/__pycache__) by extension 'cmake'
[0.250s] Level 1:colcon.colcon_core.package_identification:_identify(venv/lib/python3.10/site-packages/cv2/typing/__pycache__) by extension 'python'
[0.251s] Level 1:colcon.colcon_core.package_identification:_identify(venv/lib/python3.10/site-packages/cv2/typing/__pycache__) by extensions ['python_setup_py']
[0.251s] Level 1:colcon.colcon_core.package_identification:_identify(venv/lib/python3.10/site-packages/cv2/typing/__pycache__) by extension 'python_setup_py'
[0.251s] Level 1:colcon.colcon_core.package_identification:_identify(venv/lib/python3.10/site-packages/cv2/utils) by extensions ['ignore', 'ignore_ament_install']
[0.251s] Level 1:colcon.colcon_core.package_identification:_identify(venv/lib/python3.10/site-packages/cv2/utils) by extension 'ignore'
[0.251s] Level 1:colcon.colcon_core.package_identification:_identify(venv/lib/python3.10/site-packages/cv2/utils) by extension 'ignore_ament_install'
[0.251s] Level 1:colcon.colcon_core.package_identification:_identify(venv/lib/python3.10/site-packages/cv2/utils) by extensions ['colcon_pkg']
[0.251s] Level 1:colcon.colcon_core.package_identification:_identify(venv/lib/python3.10/site-packages/cv2/utils) by extension 'colcon_pkg'
[0.251s] Level 1:colcon.colcon_core.package_identification:_identify(venv/lib/python3.10/site-packages/cv2/utils) by extensions ['colcon_meta']
[0.251s] Level 1:colcon.colcon_core.package_identification:_identify(venv/lib/python3.10/site-packages/cv2/utils) by extension 'colcon_meta'
[0.251s] Level 1:colcon.colcon_core.package_identification:_identify(venv/lib/python3.10/site-packages/cv2/utils) by extensions ['ros']
[0.251s] Level 1:colcon.colcon_core.package_identification:_identify(venv/lib/python3.10/site-packages/cv2/utils) by extension 'ros'
[0.251s] Level 1:colcon.colcon_core.package_identification:_identify(venv/lib/python3.10/site-packages/cv2/utils) by extensions ['cmake', 'python']
[0.251s] Level 1:colcon.colcon_core.package_identification:_identify(venv/lib/python3.10/site-packages/cv2/utils) by extension 'cmake'
[0.251s] Level 1:colcon.colcon_core.package_identification:_identify(venv/lib/python3.10/site-packages/cv2/utils) by extension 'python'
[0.251s] Level 1:colcon.colcon_core.package_identification:_identify(venv/lib/python3.10/site-packages/cv2/utils) by extensions ['python_setup_py']
[0.251s] Level 1:colcon.colcon_core.package_identification:_identify(venv/lib/python3.10/site-packages/cv2/utils) by extension 'python_setup_py'
[0.251s] Level 1:colcon.colcon_core.package_identification:_identify(venv/lib/python3.10/site-packages/cv2/utils/__pycache__) by extensions ['ignore', 'ignore_ament_install']
[0.251s] Level 1:colcon.colcon_core.package_identification:_identify(venv/lib/python3.10/site-packages/cv2/utils/__pycache__) by extension 'ignore'
[0.251s] Level 1:colcon.colcon_core.package_identification:_identify(venv/lib/python3.10/site-packages/cv2/utils/__pycache__) by extension 'ignore_ament_install'
[0.251s] Level 1:colcon.colcon_core.package_identification:_identify(venv/lib/python3.10/site-packages/cv2/utils/__pycache__) by extensions ['colcon_pkg']
[0.251s] Level 1:colcon.colcon_core.package_identification:_identify(venv/lib/python3.10/site-packages/cv2/utils/__pycache__) by extension 'colcon_pkg'
[0.251s] Level 1:colcon.colcon_core.package_identification:_identify(venv/lib/python3.10/site-packages/cv2/utils/__pycache__) by extensions ['colcon_meta']
[0.251s] Level 1:colcon.colcon_core.package_identification:_identify(venv/lib/python3.10/site-packages/cv2/utils/__pycache__) by extension 'colcon_meta'
[0.251s] Level 1:colcon.colcon_core.package_identification:_identify(venv/lib/python3.10/site-packages/cv2/utils/__pycache__) by extensions ['ros']
[0.251s] Level 1:colcon.colcon_core.package_identification:_identify(venv/lib/python3.10/site-packages/cv2/utils/__pycache__) by extension 'ros'
[0.251s] Level 1:colcon.colcon_core.package_identification:_identify(venv/lib/python3.10/site-packages/cv2/utils/__pycache__) by extensions ['cmake', 'python']
[0.251s] Level 1:colcon.colcon_core.package_identification:_identify(venv/lib/python3.10/site-packages/cv2/utils/__pycache__) by extension 'cmake'
[0.251s] Level 1:colcon.colcon_core.package_identification:_identify(venv/lib/python3.10/site-packages/cv2/utils/__pycache__) by extension 'python'
[0.251s] Level 1:colcon.colcon_core.package_identification:_identify(venv/lib/python3.10/site-packages/cv2/utils/__pycache__) by extensions ['python_setup_py']
[0.252s] Level 1:colcon.colcon_core.package_identification:_identify(venv/lib/python3.10/site-packages/cv2/utils/__pycache__) by extension 'python_setup_py'
[0.252s] Level 1:colcon.colcon_core.package_identification:_identify(venv/lib/python3.10/site-packages/cv2/utils/fs) by extensions ['ignore', 'ignore_ament_install']
[0.252s] Level 1:colcon.colcon_core.package_identification:_identify(venv/lib/python3.10/site-packages/cv2/utils/fs) by extension 'ignore'
[0.252s] Level 1:colcon.colcon_core.package_identification:_identify(venv/lib/python3.10/site-packages/cv2/utils/fs) by extension 'ignore_ament_install'
[0.252s] Level 1:colcon.colcon_core.package_identification:_identify(venv/lib/python3.10/site-packages/cv2/utils/fs) by extensions ['colcon_pkg']
[0.252s] Level 1:colcon.colcon_core.package_identification:_identify(venv/lib/python3.10/site-packages/cv2/utils/fs) by extension 'colcon_pkg'
[0.252s] Level 1:colcon.colcon_core.package_identification:_identify(venv/lib/python3.10/site-packages/cv2/utils/fs) by extensions ['colcon_meta']
[0.252s] Level 1:colcon.colcon_core.package_identification:_identify(venv/lib/python3.10/site-packages/cv2/utils/fs) by extension 'colcon_meta'
[0.252s] Level 1:colcon.colcon_core.package_identification:_identify(venv/lib/python3.10/site-packages/cv2/utils/fs) by extensions ['ros']
[0.252s] Level 1:colcon.colcon_core.package_identification:_identify(venv/lib/python3.10/site-packages/cv2/utils/fs) by extension 'ros'
[0.252s] Level 1:colcon.colcon_core.package_identification:_identify(venv/lib/python3.10/site-packages/cv2/utils/fs) by extensions ['cmake', 'python']
[0.252s] Level 1:colcon.colcon_core.package_identification:_identify(venv/lib/python3.10/site-packages/cv2/utils/fs) by extension 'cmake'
[0.252s] Level 1:colcon.colcon_core.package_identification:_identify(venv/lib/python3.10/site-packages/cv2/utils/fs) by extension 'python'
[0.252s] Level 1:colcon.colcon_core.package_identification:_identify(venv/lib/python3.10/site-packages/cv2/utils/fs) by extensions ['python_setup_py']
[0.252s] Level 1:colcon.colcon_core.package_identification:_identify(venv/lib/python3.10/site-packages/cv2/utils/fs) by extension 'python_setup_py'
[0.252s] Level 1:colcon.colcon_core.package_identification:_identify(venv/lib/python3.10/site-packages/cv2/utils/nested) by extensions ['ignore', 'ignore_ament_install']
[0.252s] Level 1:colcon.colcon_core.package_identification:_identify(venv/lib/python3.10/site-packages/cv2/utils/nested) by extension 'ignore'
[0.252s] Level 1:colcon.colcon_core.package_identification:_identify(venv/lib/python3.10/site-packages/cv2/utils/nested) by extension 'ignore_ament_install'
[0.252s] Level 1:colcon.colcon_core.package_identification:_identify(venv/lib/python3.10/site-packages/cv2/utils/nested) by extensions ['colcon_pkg']
[0.252s] Level 1:colcon.colcon_core.package_identification:_identify(venv/lib/python3.10/site-packages/cv2/utils/nested) by extension 'colcon_pkg'
[0.252s] Level 1:colcon.colcon_core.package_identification:_identify(venv/lib/python3.10/site-packages/cv2/utils/nested) by extensions ['colcon_meta']
[0.252s] Level 1:colcon.colcon_core.package_identification:_identify(venv/lib/python3.10/site-packages/cv2/utils/nested) by extension 'colcon_meta'
[0.252s] Level 1:colcon.colcon_core.package_identification:_identify(venv/lib/python3.10/site-packages/cv2/utils/nested) by extensions ['ros']
[0.252s] Level 1:colcon.colcon_core.package_identification:_identify(venv/lib/python3.10/site-packages/cv2/utils/nested) by extension 'ros'
[0.252s] Level 1:colcon.colcon_core.package_identification:_identify(venv/lib/python3.10/site-packages/cv2/utils/nested) by extensions ['cmake', 'python']
[0.252s] Level 1:colcon.colcon_core.package_identification:_identify(venv/lib/python3.10/site-packages/cv2/utils/nested) by extension 'cmake'
[0.252s] Level 1:colcon.colcon_core.package_identification:_identify(venv/lib/python3.10/site-packages/cv2/utils/nested) by extension 'python'
[0.252s] Level 1:colcon.colcon_core.package_identification:_identify(venv/lib/python3.10/site-packages/cv2/utils/nested) by extensions ['python_setup_py']
[0.252s] Level 1:colcon.colcon_core.package_identification:_identify(venv/lib/python3.10/site-packages/cv2/utils/nested) by extension 'python_setup_py'
[0.253s] Level 1:colcon.colcon_core.package_identification:_identify(venv/lib/python3.10/site-packages/cv2/videoio_registry) by extensions ['ignore', 'ignore_ament_install']
[0.253s] Level 1:colcon.colcon_core.package_identification:_identify(venv/lib/python3.10/site-packages/cv2/videoio_registry) by extension 'ignore'
[0.253s] Level 1:colcon.colcon_core.package_identification:_identify(venv/lib/python3.10/site-packages/cv2/videoio_registry) by extension 'ignore_ament_install'
[0.253s] Level 1:colcon.colcon_core.package_identification:_identify(venv/lib/python3.10/site-packages/cv2/videoio_registry) by extensions ['colcon_pkg']
[0.253s] Level 1:colcon.colcon_core.package_identification:_identify(venv/lib/python3.10/site-packages/cv2/videoio_registry) by extension 'colcon_pkg'
[0.253s] Level 1:colcon.colcon_core.package_identification:_identify(venv/lib/python3.10/site-packages/cv2/videoio_registry) by extensions ['colcon_meta']
[0.253s] Level 1:colcon.colcon_core.package_identification:_identify(venv/lib/python3.10/site-packages/cv2/videoio_registry) by extension 'colcon_meta'
[0.253s] Level 1:colcon.colcon_core.package_identification:_identify(venv/lib/python3.10/site-packages/cv2/videoio_registry) by extensions ['ros']
[0.253s] Level 1:colcon.colcon_core.package_identification:_identify(venv/lib/python3.10/site-packages/cv2/videoio_registry) by extension 'ros'
[0.253s] Level 1:colcon.colcon_core.package_identification:_identify(venv/lib/python3.10/site-packages/cv2/videoio_registry) by extensions ['cmake', 'python']
[0.253s] Level 1:colcon.colcon_core.package_identification:_identify(venv/lib/python3.10/site-packages/cv2/videoio_registry) by extension 'cmake'
[0.253s] Level 1:colcon.colcon_core.package_identification:_identify(venv/lib/python3.10/site-packages/cv2/videoio_registry) by extension 'python'
[0.253s] Level 1:colcon.colcon_core.package_identification:_identify(venv/lib/python3.10/site-packages/cv2/videoio_registry) by extensions ['python_setup_py']
[0.253s] Level 1:colcon.colcon_core.package_identification:_identify(venv/lib/python3.10/site-packages/cv2/videoio_registry) by extension 'python_setup_py'
[0.253s] Level 1:colcon.colcon_core.package_identification:_identify(venv/lib/python3.10/site-packages/cycler) by extensions ['ignore', 'ignore_ament_install']
[0.253s] Level 1:colcon.colcon_core.package_identification:_identify(venv/lib/python3.10/site-packages/cycler) by extension 'ignore'
[0.253s] Level 1:colcon.colcon_core.package_identification:_identify(venv/lib/python3.10/site-packages/cycler) by extension 'ignore_ament_install'
[0.253s] Level 1:colcon.colcon_core.package_identification:_identify(venv/lib/python3.10/site-packages/cycler) by extensions ['colcon_pkg']
[0.253s] Level 1:colcon.colcon_core.package_identification:_identify(venv/lib/python3.10/site-packages/cycler) by extension 'colcon_pkg'
[0.253s] Level 1:colcon.colcon_core.package_identification:_identify(venv/lib/python3.10/site-packages/cycler) by extensions ['colcon_meta']
[0.253s] Level 1:colcon.colcon_core.package_identification:_identify(venv/lib/python3.10/site-packages/cycler) by extension 'colcon_meta'
[0.253s] Level 1:colcon.colcon_core.package_identification:_identify(venv/lib/python3.10/site-packages/cycler) by extensions ['ros']
[0.253s] Level 1:colcon.colcon_core.package_identification:_identify(venv/lib/python3.10/site-packages/cycler) by extension 'ros'
[0.253s] Level 1:colcon.colcon_core.package_identification:_identify(venv/lib/python3.10/site-packages/cycler) by extensions ['cmake', 'python']
[0.253s] Level 1:colcon.colcon_core.package_identification:_identify(venv/lib/python3.10/site-packages/cycler) by extension 'cmake'
[0.253s] Level 1:colcon.colcon_core.package_identification:_identify(venv/lib/python3.10/site-packages/cycler) by extension 'python'
[0.253s] Level 1:colcon.colcon_core.package_identification:_identify(venv/lib/python3.10/site-packages/cycler) by extensions ['python_setup_py']
[0.253s] Level 1:colcon.colcon_core.package_identification:_identify(venv/lib/python3.10/site-packages/cycler) by extension 'python_setup_py'
[0.254s] Level 1:colcon.colcon_core.package_identification:_identify(venv/lib/python3.10/site-packages/cycler/__pycache__) by extensions ['ignore', 'ignore_ament_install']
[0.254s] Level 1:colcon.colcon_core.package_identification:_identify(venv/lib/python3.10/site-packages/cycler/__pycache__) by extension 'ignore'
[0.254s] Level 1:colcon.colcon_core.package_identification:_identify(venv/lib/python3.10/site-packages/cycler/__pycache__) by extension 'ignore_ament_install'
[0.254s] Level 1:colcon.colcon_core.package_identification:_identify(venv/lib/python3.10/site-packages/cycler/__pycache__) by extensions ['colcon_pkg']
[0.254s] Level 1:colcon.colcon_core.package_identification:_identify(venv/lib/python3.10/site-packages/cycler/__pycache__) by extension 'colcon_pkg'
[0.254s] Level 1:colcon.colcon_core.package_identification:_identify(venv/lib/python3.10/site-packages/cycler/__pycache__) by extensions ['colcon_meta']
[0.254s] Level 1:colcon.colcon_core.package_identification:_identify(venv/lib/python3.10/site-packages/cycler/__pycache__) by extension 'colcon_meta'
[0.254s] Level 1:colcon.colcon_core.package_identification:_identify(venv/lib/python3.10/site-packages/cycler/__pycache__) by extensions ['ros']
[0.254s] Level 1:colcon.colcon_core.package_identification:_identify(venv/lib/python3.10/site-packages/cycler/__pycache__) by extension 'ros'
[0.254s] Level 1:colcon.colcon_core.package_identification:_identify(venv/lib/python3.10/site-packages/cycler/__pycache__) by extensions ['cmake', 'python']
[0.254s] Level 1:colcon.colcon_core.package_identification:_identify(venv/lib/python3.10/site-packages/cycler/__pycache__) by extension 'cmake'
[0.254s] Level 1:colcon.colcon_core.package_identification:_identify(venv/lib/python3.10/site-packages/cycler/__pycache__) by extension 'python'
[0.254s] Level 1:colcon.colcon_core.package_identification:_identify(venv/lib/python3.10/site-packages/cycler/__pycache__) by extensions ['python_setup_py']
[0.254s] Level 1:colcon.colcon_core.package_identification:_identify(venv/lib/python3.10/site-packages/cycler/__pycache__) by extension 'python_setup_py'
[0.254s] Level 1:colcon.colcon_core.package_identification:_identify(venv/lib/python3.10/site-packages/cycler-0.12.1.dist-info) by extensions ['ignore', 'ignore_ament_install']
[0.254s] Level 1:colcon.colcon_core.package_identification:_identify(venv/lib/python3.10/site-packages/cycler-0.12.1.dist-info) by extension 'ignore'
[0.254s] Level 1:colcon.colcon_core.package_identification:_identify(venv/lib/python3.10/site-packages/cycler-0.12.1.dist-info) by extension 'ignore_ament_install'
[0.254s] Level 1:colcon.colcon_core.package_identification:_identify(venv/lib/python3.10/site-packages/cycler-0.12.1.dist-info) by extensions ['colcon_pkg']
[0.254s] Level 1:colcon.colcon_core.package_identification:_identify(venv/lib/python3.10/site-packages/cycler-0.12.1.dist-info) by extension 'colcon_pkg'
[0.254s] Level 1:colcon.colcon_core.package_identification:_identify(venv/lib/python3.10/site-packages/cycler-0.12.1.dist-info) by extensions ['colcon_meta']
[0.254s] Level 1:colcon.colcon_core.package_identification:_identify(venv/lib/python3.10/site-packages/cycler-0.12.1.dist-info) by extension 'colcon_meta'
[0.254s] Level 1:colcon.colcon_core.package_identification:_identify(venv/lib/python3.10/site-packages/cycler-0.12.1.dist-info) by extensions ['ros']
[0.254s] Level 1:colcon.colcon_core.package_identification:_identify(venv/lib/python3.10/site-packages/cycler-0.12.1.dist-info) by extension 'ros'
[0.254s] Level 1:colcon.colcon_core.package_identification:_identify(venv/lib/python3.10/site-packages/cycler-0.12.1.dist-info) by extensions ['cmake', 'python']
[0.254s] Level 1:colcon.colcon_core.package_identification:_identify(venv/lib/python3.10/site-packages/cycler-0.12.1.dist-info) by extension 'cmake'
[0.254s] Level 1:colcon.colcon_core.package_identification:_identify(venv/lib/python3.10/site-packages/cycler-0.12.1.dist-info) by extension 'python'
[0.254s] Level 1:colcon.colcon_core.package_identification:_identify(venv/lib/python3.10/site-packages/cycler-0.12.1.dist-info) by extensions ['python_setup_py']
[0.254s] Level 1:colcon.colcon_core.package_identification:_identify(venv/lib/python3.10/site-packages/cycler-0.12.1.dist-info) by extension 'python_setup_py'
[0.254s] Level 1:colcon.colcon_core.package_identification:_identify(venv/lib/python3.10/site-packages/kiwisolver) by extensions ['ignore', 'ignore_ament_install']
[0.255s] Level 1:colcon.colcon_core.package_identification:_identify(venv/lib/python3.10/site-packages/kiwisolver) by extension 'ignore'
[0.255s] Level 1:colcon.colcon_core.package_identification:_identify(venv/lib/python3.10/site-packages/kiwisolver) by extension 'ignore_ament_install'
[0.255s] Level 1:colcon.colcon_core.package_identification:_identify(venv/lib/python3.10/site-packages/kiwisolver) by extensions ['colcon_pkg']
[0.255s] Level 1:colcon.colcon_core.package_identification:_identify(venv/lib/python3.10/site-packages/kiwisolver) by extension 'colcon_pkg'
[0.255s] Level 1:colcon.colcon_core.package_identification:_identify(venv/lib/python3.10/site-packages/kiwisolver) by extensions ['colcon_meta']
[0.255s] Level 1:colcon.colcon_core.package_identification:_identify(venv/lib/python3.10/site-packages/kiwisolver) by extension 'colcon_meta'
[0.255s] Level 1:colcon.colcon_core.package_identification:_identify(venv/lib/python3.10/site-packages/kiwisolver) by extensions ['ros']
[0.255s] Level 1:colcon.colcon_core.package_identification:_identify(venv/lib/python3.10/site-packages/kiwisolver) by extension 'ros'
[0.255s] Level 1:colcon.colcon_core.package_identification:_identify(venv/lib/python3.10/site-packages/kiwisolver) by extensions ['cmake', 'python']
[0.255s] Level 1:colcon.colcon_core.package_identification:_identify(venv/lib/python3.10/site-packages/kiwisolver) by extension 'cmake'
[0.255s] Level 1:colcon.colcon_core.package_identification:_identify(venv/lib/python3.10/site-packages/kiwisolver) by extension 'python'
[0.255s] Level 1:colcon.colcon_core.package_identification:_identify(venv/lib/python3.10/site-packages/kiwisolver) by extensions ['python_setup_py']
[0.255s] Level 1:colcon.colcon_core.package_identification:_identify(venv/lib/python3.10/site-packages/kiwisolver) by extension 'python_setup_py'
[0.255s] Level 1:colcon.colcon_core.package_identification:_identify(venv/lib/python3.10/site-packages/kiwisolver/__pycache__) by extensions ['ignore', 'ignore_ament_install']
[0.255s] Level 1:colcon.colcon_core.package_identification:_identify(venv/lib/python3.10/site-packages/kiwisolver/__pycache__) by extension 'ignore'
[0.255s] Level 1:colcon.colcon_core.package_identification:_identify(venv/lib/python3.10/site-packages/kiwisolver/__pycache__) by extension 'ignore_ament_install'
[0.255s] Level 1:colcon.colcon_core.package_identification:_identify(venv/lib/python3.10/site-packages/kiwisolver/__pycache__) by extensions ['colcon_pkg']
[0.255s] Level 1:colcon.colcon_core.package_identification:_identify(venv/lib/python3.10/site-packages/kiwisolver/__pycache__) by extension 'colcon_pkg'
[0.255s] Level 1:colcon.colcon_core.package_identification:_identify(venv/lib/python3.10/site-packages/kiwisolver/__pycache__) by extensions ['colcon_meta']
[0.255s] Level 1:colcon.colcon_core.package_identification:_identify(venv/lib/python3.10/site-packages/kiwisolver/__pycache__) by extension 'colcon_meta'
[0.255s] Level 1:colcon.colcon_core.package_identification:_identify(venv/lib/python3.10/site-packages/kiwisolver/__pycache__) by extensions ['ros']
[0.255s] Level 1:colcon.colcon_core.package_identification:_identify(venv/lib/python3.10/site-packages/kiwisolver/__pycache__) by extension 'ros'
[0.255s] Level 1:colcon.colcon_core.package_identification:_identify(venv/lib/python3.10/site-packages/kiwisolver/__pycache__) by extensions ['cmake', 'python']
[0.255s] Level 1:colcon.colcon_core.package_identification:_identify(venv/lib/python3.10/site-packages/kiwisolver/__pycache__) by extension 'cmake'
[0.255s] Level 1:colcon.colcon_core.package_identification:_identify(venv/lib/python3.10/site-packages/kiwisolver/__pycache__) by extension 'python'
[0.255s] Level 1:colcon.colcon_core.package_identification:_identify(venv/lib/python3.10/site-packages/kiwisolver/__pycache__) by extensions ['python_setup_py']
[0.255s] Level 1:colcon.colcon_core.package_identification:_identify(venv/lib/python3.10/site-packages/kiwisolver/__pycache__) by extension 'python_setup_py'
[0.255s] Level 1:colcon.colcon_core.package_identification:_identify(venv/lib/python3.10/site-packages/kiwisolver-1.4.9.dist-info) by extensions ['ignore', 'ignore_ament_install']
[0.255s] Level 1:colcon.colcon_core.package_identification:_identify(venv/lib/python3.10/site-packages/kiwisolver-1.4.9.dist-info) by extension 'ignore'
[0.256s] Level 1:colcon.colcon_core.package_identification:_identify(venv/lib/python3.10/site-packages/kiwisolver-1.4.9.dist-info) by extension 'ignore_ament_install'
[0.256s] Level 1:colcon.colcon_core.package_identification:_identify(venv/lib/python3.10/site-packages/kiwisolver-1.4.9.dist-info) by extensions ['colcon_pkg']
[0.256s] Level 1:colcon.colcon_core.package_identification:_identify(venv/lib/python3.10/site-packages/kiwisolver-1.4.9.dist-info) by extension 'colcon_pkg'
[0.256s] Level 1:colcon.colcon_core.package_identification:_identify(venv/lib/python3.10/site-packages/kiwisolver-1.4.9.dist-info) by extensions ['colcon_meta']
[0.256s] Level 1:colcon.colcon_core.package_identification:_identify(venv/lib/python3.10/site-packages/kiwisolver-1.4.9.dist-info) by extension 'colcon_meta'
[0.256s] Level 1:colcon.colcon_core.package_identification:_identify(venv/lib/python3.10/site-packages/kiwisolver-1.4.9.dist-info) by extensions ['ros']
[0.256s] Level 1:colcon.colcon_core.package_identification:_identify(venv/lib/python3.10/site-packages/kiwisolver-1.4.9.dist-info) by extension 'ros'
[0.256s] Level 1:colcon.colcon_core.package_identification:_identify(venv/lib/python3.10/site-packages/kiwisolver-1.4.9.dist-info) by extensions ['cmake', 'python']
[0.256s] Level 1:colcon.colcon_core.package_identification:_identify(venv/lib/python3.10/site-packages/kiwisolver-1.4.9.dist-info) by extension 'cmake'
[0.256s] Level 1:colcon.colcon_core.package_identification:_identify(venv/lib/python3.10/site-packages/kiwisolver-1.4.9.dist-info) by extension 'python'
[0.256s] Level 1:colcon.colcon_core.package_identification:_identify(venv/lib/python3.10/site-packages/kiwisolver-1.4.9.dist-info) by extensions ['python_setup_py']
[0.256s] Level 1:colcon.colcon_core.package_identification:_identify(venv/lib/python3.10/site-packages/kiwisolver-1.4.9.dist-info) by extension 'python_setup_py'
[0.256s] Level 1:colcon.colcon_core.package_identification:_identify(venv/lib/python3.10/site-packages/kiwisolver-1.4.9.dist-info/licenses) by extensions ['ignore', 'ignore_ament_install']
[0.256s] Level 1:colcon.colcon_core.package_identification:_identify(venv/lib/python3.10/site-packages/kiwisolver-1.4.9.dist-info/licenses) by extension 'ignore'
[0.256s] Level 1:colcon.colcon_core.package_identification:_identify(venv/lib/python3.10/site-packages/kiwisolver-1.4.9.dist-info/licenses) by extension 'ignore_ament_install'
[0.256s] Level 1:colcon.colcon_core.package_identification:_identify(venv/lib/python3.10/site-packages/kiwisolver-1.4.9.dist-info/licenses) by extensions ['colcon_pkg']
[0.256s] Level 1:colcon.colcon_core.package_identification:_identify(venv/lib/python3.10/site-packages/kiwisolver-1.4.9.dist-info/licenses) by extension 'colcon_pkg'
[0.256s] Level 1:colcon.colcon_core.package_identification:_identify(venv/lib/python3.10/site-packages/kiwisolver-1.4.9.dist-info/licenses) by extensions ['colcon_meta']
[0.256s] Level 1:colcon.colcon_core.package_identification:_identify(venv/lib/python3.10/site-packages/kiwisolver-1.4.9.dist-info/licenses) by extension 'colcon_meta'
[0.256s] Level 1:colcon.colcon_core.package_identification:_identify(venv/lib/python3.10/site-packages/kiwisolver-1.4.9.dist-info/licenses) by extensions ['ros']
[0.256s] Level 1:colcon.colcon_core.package_identification:_identify(venv/lib/python3.10/site-packages/kiwisolver-1.4.9.dist-info/licenses) by extension 'ros'
[0.256s] Level 1:colcon.colcon_core.package_identification:_identify(venv/lib/python3.10/site-packages/kiwisolver-1.4.9.dist-info/licenses) by extensions ['cmake', 'python']
[0.256s] Level 1:colcon.colcon_core.package_identification:_identify(venv/lib/python3.10/site-packages/kiwisolver-1.4.9.dist-info/licenses) by extension 'cmake'
[0.256s] Level 1:colcon.colcon_core.package_identification:_identify(venv/lib/python3.10/site-packages/kiwisolver-1.4.9.dist-info/licenses) by extension 'python'
[0.256s] Level 1:colcon.colcon_core.package_identification:_identify(venv/lib/python3.10/site-packages/kiwisolver-1.4.9.dist-info/licenses) by extensions ['python_setup_py']
[0.256s] Level 1:colcon.colcon_core.package_identification:_identify(venv/lib/python3.10/site-packages/kiwisolver-1.4.9.dist-info/licenses) by extension 'python_setup_py'
[0.256s] Level 1:colcon.colcon_core.package_identification:_identify(venv/lib/python3.10/site-packages/numpy) by extensions ['ignore', 'ignore_ament_install']
[0.256s] Level 1:colcon.colcon_core.package_identification:_identify(venv/lib/python3.10/site-packages/numpy) by extension 'ignore'
[0.257s] Level 1:colcon.colcon_core.package_identification:_identify(venv/lib/python3.10/site-packages/numpy) by extension 'ignore_ament_install'
[0.257s] Level 1:colcon.colcon_core.package_identification:_identify(venv/lib/python3.10/site-packages/numpy) by extensions ['colcon_pkg']
[0.257s] Level 1:colcon.colcon_core.package_identification:_identify(venv/lib/python3.10/site-packages/numpy) by extension 'colcon_pkg'
[0.257s] Level 1:colcon.colcon_core.package_identification:_identify(venv/lib/python3.10/site-packages/numpy) by extensions ['colcon_meta']
[0.257s] Level 1:colcon.colcon_core.package_identification:_identify(venv/lib/python3.10/site-packages/numpy) by extension 'colcon_meta'
[0.257s] Level 1:colcon.colcon_core.package_identification:_identify(venv/lib/python3.10/site-packages/numpy) by extensions ['ros']
[0.257s] Level 1:colcon.colcon_core.package_identification:_identify(venv/lib/python3.10/site-packages/numpy) by extension 'ros'
[0.257s] Level 1:colcon.colcon_core.package_identification:_identify(venv/lib/python3.10/site-packages/numpy) by extensions ['cmake', 'python']
[0.257s] Level 1:colcon.colcon_core.package_identification:_identify(venv/lib/python3.10/site-packages/numpy) by extension 'cmake'
[0.257s] Level 1:colcon.colcon_core.package_identification:_identify(venv/lib/python3.10/site-packages/numpy) by extension 'python'
[0.257s] Level 1:colcon.colcon_core.package_identification:_identify(venv/lib/python3.10/site-packages/numpy) by extensions ['python_setup_py']
[0.257s] Level 1:colcon.colcon_core.package_identification:_identify(venv/lib/python3.10/site-packages/numpy) by extension 'python_setup_py'
[0.257s] Level 1:colcon.colcon_core.package_identification:_identify(venv/lib/python3.10/site-packages/numpy/__pycache__) by extensions ['ignore', 'ignore_ament_install']
[0.257s] Level 1:colcon.colcon_core.package_identification:_identify(venv/lib/python3.10/site-packages/numpy/__pycache__) by extension 'ignore'
[0.257s] Level 1:colcon.colcon_core.package_identification:_identify(venv/lib/python3.10/site-packages/numpy/__pycache__) by extension 'ignore_ament_install'
[0.257s] Level 1:colcon.colcon_core.package_identification:_identify(venv/lib/python3.10/site-packages/numpy/__pycache__) by extensions ['colcon_pkg']
[0.257s] Level 1:colcon.colcon_core.package_identification:_identify(venv/lib/python3.10/site-packages/numpy/__pycache__) by extension 'colcon_pkg'
[0.257s] Level 1:colcon.colcon_core.package_identification:_identify(venv/lib/python3.10/site-packages/numpy/__pycache__) by extensions ['colcon_meta']
[0.257s] Level 1:colcon.colcon_core.package_identification:_identify(venv/lib/python3.10/site-packages/numpy/__pycache__) by extension 'colcon_meta'
[0.257s] Level 1:colcon.colcon_core.package_identification:_identify(venv/lib/python3.10/site-packages/numpy/__pycache__) by extensions ['ros']
[0.257s] Level 1:colcon.colcon_core.package_identification:_identify(venv/lib/python3.10/site-packages/numpy/__pycache__) by extension 'ros'
[0.257s] Level 1:colcon.colcon_core.package_identification:_identify(venv/lib/python3.10/site-packages/numpy/__pycache__) by extensions ['cmake', 'python']
[0.257s] Level 1:colcon.colcon_core.package_identification:_identify(venv/lib/python3.10/site-packages/numpy/__pycache__) by extension 'cmake'
[0.257s] Level 1:colcon.colcon_core.package_identification:_identify(venv/lib/python3.10/site-packages/numpy/__pycache__) by extension 'python'
[0.257s] Level 1:colcon.colcon_core.package_identification:_identify(venv/lib/python3.10/site-packages/numpy/__pycache__) by extensions ['python_setup_py']
[0.257s] Level 1:colcon.colcon_core.package_identification:_identify(venv/lib/python3.10/site-packages/numpy/__pycache__) by extension 'python_setup_py'
[0.257s] Level 1:colcon.colcon_core.package_identification:_identify(venv/lib/python3.10/site-packages/numpy/_core) by extensions ['ignore', 'ignore_ament_install']
[0.257s] Level 1:colcon.colcon_core.package_identification:_identify(venv/lib/python3.10/site-packages/numpy/_core) by extension 'ignore'
[0.257s] Level 1:colcon.colcon_core.package_identification:_identify(venv/lib/python3.10/site-packages/numpy/_core) by extension 'ignore_ament_install'
[0.258s] Level 1:colcon.colcon_core.package_identification:_identify(venv/lib/python3.10/site-packages/numpy/_core) by extensions ['colcon_pkg']
[0.258s] Level 1:colcon.colcon_core.package_identification:_identify(venv/lib/python3.10/site-packages/numpy/_core) by extension 'colcon_pkg'
[0.258s] Level 1:colcon.colcon_core.package_identification:_identify(venv/lib/python3.10/site-packages/numpy/_core) by extensions ['colcon_meta']
[0.258s] Level 1:colcon.colcon_core.package_identification:_identify(venv/lib/python3.10/site-packages/numpy/_core) by extension 'colcon_meta'
[0.258s] Level 1:colcon.colcon_core.package_identification:_identify(venv/lib/python3.10/site-packages/numpy/_core) by extensions ['ros']
[0.258s] Level 1:colcon.colcon_core.package_identification:_identify(venv/lib/python3.10/site-packages/numpy/_core) by extension 'ros'
[0.258s] Level 1:colcon.colcon_core.package_identification:_identify(venv/lib/python3.10/site-packages/numpy/_core) by extensions ['cmake', 'python']
[0.258s] Level 1:colcon.colcon_core.package_identification:_identify(venv/lib/python3.10/site-packages/numpy/_core) by extension 'cmake'
[0.258s] Level 1:colcon.colcon_core.package_identification:_identify(venv/lib/python3.10/site-packages/numpy/_core) by extension 'python'
[0.258s] Level 1:colcon.colcon_core.package_identification:_identify(venv/lib/python3.10/site-packages/numpy/_core) by extensions ['python_setup_py']
[0.258s] Level 1:colcon.colcon_core.package_identification:_identify(venv/lib/python3.10/site-packages/numpy/_core) by extension 'python_setup_py'
[0.258s] Level 1:colcon.colcon_core.package_identification:_identify(venv/lib/python3.10/site-packages/numpy/_core/__pycache__) by extensions ['ignore', 'ignore_ament_install']
[0.258s] Level 1:colcon.colcon_core.package_identification:_identify(venv/lib/python3.10/site-packages/numpy/_core/__pycache__) by extension 'ignore'
[0.258s] Level 1:colcon.colcon_core.package_identification:_identify(venv/lib/python3.10/site-packages/numpy/_core/__pycache__) by extension 'ignore_ament_install'
[0.258s] Level 1:colcon.colcon_core.package_identification:_identify(venv/lib/python3.10/site-packages/numpy/_core/__pycache__) by extensions ['colcon_pkg']
[0.258s] Level 1:colcon.colcon_core.package_identification:_identify(venv/lib/python3.10/site-packages/numpy/_core/__pycache__) by extension 'colcon_pkg'
[0.258s] Level 1:colcon.colcon_core.package_identification:_identify(venv/lib/python3.10/site-packages/numpy/_core/__pycache__) by extensions ['colcon_meta']
[0.258s] Level 1:colcon.colcon_core.package_identification:_identify(venv/lib/python3.10/site-packages/numpy/_core/__pycache__) by extension 'colcon_meta'
[0.258s] Level 1:colcon.colcon_core.package_identification:_identify(venv/lib/python3.10/site-packages/numpy/_core/__pycache__) by extensions ['ros']
[0.258s] Level 1:colcon.colcon_core.package_identification:_identify(venv/lib/python3.10/site-packages/numpy/_core/__pycache__) by extension 'ros'
[0.258s] Level 1:colcon.colcon_core.package_identification:_identify(venv/lib/python3.10/site-packages/numpy/_core/__pycache__) by extensions ['cmake', 'python']
[0.258s] Level 1:colcon.colcon_core.package_identification:_identify(venv/lib/python3.10/site-packages/numpy/_core/__pycache__) by extension 'cmake'
[0.258s] Level 1:colcon.colcon_core.package_identification:_identify(venv/lib/python3.10/site-packages/numpy/_core/__pycache__) by extension 'python'
[0.258s] Level 1:colcon.colcon_core.package_identification:_identify(venv/lib/python3.10/site-packages/numpy/_core/__pycache__) by extensions ['python_setup_py']
[0.258s] Level 1:colcon.colcon_core.package_identification:_identify(venv/lib/python3.10/site-packages/numpy/_core/__pycache__) by extension 'python_setup_py'
[0.258s] Level 1:colcon.colcon_core.package_identification:_identify(venv/lib/python3.10/site-packages/numpy/_pyinstaller) by extensions ['ignore', 'ignore_ament_install']
[0.258s] Level 1:colcon.colcon_core.package_identification:_identify(venv/lib/python3.10/site-packages/numpy/_pyinstaller) by extension 'ignore'
[0.258s] Level 1:colcon.colcon_core.package_identification:_identify(venv/lib/python3.10/site-packages/numpy/_pyinstaller) by extension 'ignore_ament_install'
[0.258s] Level 1:colcon.colcon_core.package_identification:_identify(venv/lib/python3.10/site-packages/numpy/_pyinstaller) by extensions ['colcon_pkg']
[0.259s] Level 1:colcon.colcon_core.package_identification:_identify(venv/lib/python3.10/site-packages/numpy/_pyinstaller) by extension 'colcon_pkg'
[0.259s] Level 1:colcon.colcon_core.package_identification:_identify(venv/lib/python3.10/site-packages/numpy/_pyinstaller) by extensions ['colcon_meta']
[0.259s] Level 1:colcon.colcon_core.package_identification:_identify(venv/lib/python3.10/site-packages/numpy/_pyinstaller) by extension 'colcon_meta'
[0.259s] Level 1:colcon.colcon_core.package_identification:_identify(venv/lib/python3.10/site-packages/numpy/_pyinstaller) by extensions ['ros']
[0.259s] Level 1:colcon.colcon_core.package_identification:_identify(venv/lib/python3.10/site-packages/numpy/_pyinstaller) by extension 'ros'
[0.259s] Level 1:colcon.colcon_core.package_identification:_identify(venv/lib/python3.10/site-packages/numpy/_pyinstaller) by extensions ['cmake', 'python']
[0.259s] Level 1:colcon.colcon_core.package_identification:_identify(venv/lib/python3.10/site-packages/numpy/_pyinstaller) by extension 'cmake'
[0.259s] Level 1:colcon.colcon_core.package_identification:_identify(venv/lib/python3.10/site-packages/numpy/_pyinstaller) by extension 'python'
[0.259s] Level 1:colcon.colcon_core.package_identification:_identify(venv/lib/python3.10/site-packages/numpy/_pyinstaller) by extensions ['python_setup_py']
[0.259s] Level 1:colcon.colcon_core.package_identification:_identify(venv/lib/python3.10/site-packages/numpy/_pyinstaller) by extension 'python_setup_py'
[0.259s] Level 1:colcon.colcon_core.package_identification:_identify(venv/lib/python3.10/site-packages/numpy/_pyinstaller/__pycache__) by extensions ['ignore', 'ignore_ament_install']
[0.259s] Level 1:colcon.colcon_core.package_identification:_identify(venv/lib/python3.10/site-packages/numpy/_pyinstaller/__pycache__) by extension 'ignore'
[0.259s] Level 1:colcon.colcon_core.package_identification:_identify(venv/lib/python3.10/site-packages/numpy/_pyinstaller/__pycache__) by extension 'ignore_ament_install'
[0.259s] Level 1:colcon.colcon_core.package_identification:_identify(venv/lib/python3.10/site-packages/numpy/_pyinstaller/__pycache__) by extensions ['colcon_pkg']
[0.259s] Level 1:colcon.colcon_core.package_identification:_identify(venv/lib/python3.10/site-packages/numpy/_pyinstaller/__pycache__) by extension 'colcon_pkg'
[0.259s] Level 1:colcon.colcon_core.package_identification:_identify(venv/lib/python3.10/site-packages/numpy/_pyinstaller/__pycache__) by extensions ['colcon_meta']
[0.259s] Level 1:colcon.colcon_core.package_identification:_identify(venv/lib/python3.10/site-packages/numpy/_pyinstaller/__pycache__) by extension 'colcon_meta'
[0.259s] Level 1:colcon.colcon_core.package_identification:_identify(venv/lib/python3.10/site-packages/numpy/_pyinstaller/__pycache__) by extensions ['ros']
[0.259s] Level 1:colcon.colcon_core.package_identification:_identify(venv/lib/python3.10/site-packages/numpy/_pyinstaller/__pycache__) by extension 'ros'
[0.259s] Level 1:colcon.colcon_core.package_identification:_identify(venv/lib/python3.10/site-packages/numpy/_pyinstaller/__pycache__) by extensions ['cmake', 'python']
[0.259s] Level 1:colcon.colcon_core.package_identification:_identify(venv/lib/python3.10/site-packages/numpy/_pyinstaller/__pycache__) by extension 'cmake'
[0.259s] Level 1:colcon.colcon_core.package_identification:_identify(venv/lib/python3.10/site-packages/numpy/_pyinstaller/__pycache__) by extension 'python'
[0.259s] Level 1:colcon.colcon_core.package_identification:_identify(venv/lib/python3.10/site-packages/numpy/_pyinstaller/__pycache__) by extensions ['python_setup_py']
[0.259s] Level 1:colcon.colcon_core.package_identification:_identify(venv/lib/python3.10/site-packages/numpy/_pyinstaller/__pycache__) by extension 'python_setup_py'
[0.259s] Level 1:colcon.colcon_core.package_identification:_identify(venv/lib/python3.10/site-packages/numpy/_typing) by extensions ['ignore', 'ignore_ament_install']
[0.259s] Level 1:colcon.colcon_core.package_identification:_identify(venv/lib/python3.10/site-packages/numpy/_typing) by extension 'ignore'
[0.259s] Level 1:colcon.colcon_core.package_identification:_identify(venv/lib/python3.10/site-packages/numpy/_typing) by extension 'ignore_ament_install'
[0.259s] Level 1:colcon.colcon_core.package_identification:_identify(venv/lib/python3.10/site-packages/numpy/_typing) by extensions ['colcon_pkg']
[0.259s] Level 1:colcon.colcon_core.package_identification:_identify(venv/lib/python3.10/site-packages/numpy/_typing) by extension 'colcon_pkg'
[0.260s] Level 1:colcon.colcon_core.package_identification:_identify(venv/lib/python3.10/site-packages/numpy/_typing) by extensions ['colcon_meta']
[0.260s] Level 1:colcon.colcon_core.package_identification:_identify(venv/lib/python3.10/site-packages/numpy/_typing) by extension 'colcon_meta'
[0.260s] Level 1:colcon.colcon_core.package_identification:_identify(venv/lib/python3.10/site-packages/numpy/_typing) by extensions ['ros']
[0.260s] Level 1:colcon.colcon_core.package_identification:_identify(venv/lib/python3.10/site-packages/numpy/_typing) by extension 'ros'
[0.260s] Level 1:colcon.colcon_core.package_identification:_identify(venv/lib/python3.10/site-packages/numpy/_typing) by extensions ['cmake', 'python']
[0.260s] Level 1:colcon.colcon_core.package_identification:_identify(venv/lib/python3.10/site-packages/numpy/_typing) by extension 'cmake'
[0.260s] Level 1:colcon.colcon_core.package_identification:_identify(venv/lib/python3.10/site-packages/numpy/_typing) by extension 'python'
[0.260s] Level 1:colcon.colcon_core.package_identification:_identify(venv/lib/python3.10/site-packages/numpy/_typing) by extensions ['python_setup_py']
[0.260s] Level 1:colcon.colcon_core.package_identification:_identify(venv/lib/python3.10/site-packages/numpy/_typing) by extension 'python_setup_py'
[0.439s] ERROR:colcon.colcon_core.package_identification:Exception in package identification extension 'python_setup_py' in 'venv/lib/python3.10/site-packages/numpy/_typing': Command '['/usr/bin/python3', '-c', 'import sys;from contextlib import suppress;exec("with suppress(ImportError):    from setuptools.extern.packaging.specifiers    import SpecifierSet");exec("with suppress(ImportError):    from packaging.specifiers import SpecifierSet");from distutils.core import run_setup;dist = run_setup(    \'setup.py\', script_args=(\'--dry-run\',), stop_after=\'config\');skip_keys = (\'cmdclass\', \'distclass\', \'ext_modules\', \'metadata\');data = {    key: value for key, value in dist.__dict__.items()     if (        not key.startswith(\'_\') and         not callable(value) and         key not in skip_keys and         key not in dist.display_option_names    )};data[\'metadata\'] = {    k: v for k, v in dist.metadata.__dict__.items()     if k not in (\'license_files\', \'provides_extras\')};sys.stdout.buffer.write(repr(data).encode(\'utf-8\'))']' returned non-zero exit status 1.
Traceback (most recent call last):
  File "/usr/lib/python3/dist-packages/colcon_core/package_identification/__init__.py", line 144, in _identify
    retval = extension.identify(_reused_descriptor_instance)
  File "/usr/lib/python3/dist-packages/colcon_python_setup_py/package_identification/python_setup_py.py", line 48, in identify
    config = get_setup_information(setup_py)
  File "/usr/lib/python3/dist-packages/colcon_python_setup_py/package_identification/python_setup_py.py", line 249, in get_setup_information
    _setup_information_cache[hashable_env] = _get_setup_information(
  File "/usr/lib/python3/dist-packages/colcon_python_setup_py/package_identification/python_setup_py.py", line 296, in _get_setup_information
    result = subprocess.run(
  File "/usr/lib/python3.10/subprocess.py", line 526, in run
    raise CalledProcessError(retcode, process.args,
subprocess.CalledProcessError: Command '['/usr/bin/python3', '-c', 'import sys;from contextlib import suppress;exec("with suppress(ImportError):    from setuptools.extern.packaging.specifiers    import SpecifierSet");exec("with suppress(ImportError):    from packaging.specifiers import SpecifierSet");from distutils.core import run_setup;dist = run_setup(    \'setup.py\', script_args=(\'--dry-run\',), stop_after=\'config\');skip_keys = (\'cmdclass\', \'distclass\', \'ext_modules\', \'metadata\');data = {    key: value for key, value in dist.__dict__.items()     if (        not key.startswith(\'_\') and         not callable(value) and         key not in skip_keys and         key not in dist.display_option_names    )};data[\'metadata\'] = {    k: v for k, v in dist.metadata.__dict__.items()     if k not in (\'license_files\', \'provides_extras\')};sys.stdout.buffer.write(repr(data).encode(\'utf-8\'))']' returned non-zero exit status 1.

[0.440s] Level 1:colcon.colcon_core.package_identification:_identify(venv/lib/python3.10/site-packages/numpy/_typing/__pycache__) by extensions ['ignore', 'ignore_ament_install']
[0.440s] Level 1:colcon.colcon_core.package_identification:_identify(venv/lib/python3.10/site-packages/numpy/_typing/__pycache__) by extension 'ignore'
[0.440s] Level 1:colcon.colcon_core.package_identification:_identify(venv/lib/python3.10/site-packages/numpy/_typing/__pycache__) by extension 'ignore_ament_install'
[0.440s] Level 1:colcon.colcon_core.package_identification:_identify(venv/lib/python3.10/site-packages/numpy/_typing/__pycache__) by extensions ['colcon_pkg']
[0.440s] Level 1:colcon.colcon_core.package_identification:_identify(venv/lib/python3.10/site-packages/numpy/_typing/__pycache__) by extension 'colcon_pkg'
[0.440s] Level 1:colcon.colcon_core.package_identification:_identify(venv/lib/python3.10/site-packages/numpy/_typing/__pycache__) by extensions ['colcon_meta']
[0.440s] Level 1:colcon.colcon_core.package_identification:_identify(venv/lib/python3.10/site-packages/numpy/_typing/__pycache__) by extension 'colcon_meta'
[0.440s] Level 1:colcon.colcon_core.package_identification:_identify(venv/lib/python3.10/site-packages/numpy/_typing/__pycache__) by extensions ['ros']
[0.440s] Level 1:colcon.colcon_core.package_identification:_identify(venv/lib/python3.10/site-packages/numpy/_typing/__pycache__) by extension 'ros'
[0.440s] Level 1:colcon.colcon_core.package_identification:_identify(venv/lib/python3.10/site-packages/numpy/_typing/__pycache__) by extensions ['cmake', 'python']
[0.440s] Level 1:colcon.colcon_core.package_identification:_identify(venv/lib/python3.10/site-packages/numpy/_typing/__pycache__) by extension 'cmake'
[0.440s] Level 1:colcon.colcon_core.package_identification:_identify(venv/lib/python3.10/site-packages/numpy/_typing/__pycache__) by extension 'python'
[0.440s] Level 1:colcon.colcon_core.package_identification:_identify(venv/lib/python3.10/site-packages/numpy/_typing/__pycache__) by extensions ['python_setup_py']
[0.440s] Level 1:colcon.colcon_core.package_identification:_identify(venv/lib/python3.10/site-packages/numpy/_typing/__pycache__) by extension 'python_setup_py'
[0.440s] Level 1:colcon.colcon_core.package_identification:_identify(venv/lib/python3.10/site-packages/numpy/_utils) by extensions ['ignore', 'ignore_ament_install']
[0.440s] Level 1:colcon.colcon_core.package_identification:_identify(venv/lib/python3.10/site-packages/numpy/_utils) by extension 'ignore'
[0.440s] Level 1:colcon.colcon_core.package_identification:_identify(venv/lib/python3.10/site-packages/numpy/_utils) by extension 'ignore_ament_install'
[0.440s] Level 1:colcon.colcon_core.package_identification:_identify(venv/lib/python3.10/site-packages/numpy/_utils) by extensions ['colcon_pkg']
[0.440s] Level 1:colcon.colcon_core.package_identification:_identify(venv/lib/python3.10/site-packages/numpy/_utils) by extension 'colcon_pkg'
[0.440s] Level 1:colcon.colcon_core.package_identification:_identify(venv/lib/python3.10/site-packages/numpy/_utils) by extensions ['colcon_meta']
[0.440s] Level 1:colcon.colcon_core.package_identification:_identify(venv/lib/python3.10/site-packages/numpy/_utils) by extension 'colcon_meta'
[0.441s] Level 1:colcon.colcon_core.package_identification:_identify(venv/lib/python3.10/site-packages/numpy/_utils) by extensions ['ros']
[0.441s] Level 1:colcon.colcon_core.package_identification:_identify(venv/lib/python3.10/site-packages/numpy/_utils) by extension 'ros'
[0.441s] Level 1:colcon.colcon_core.package_identification:_identify(venv/lib/python3.10/site-packages/numpy/_utils) by extensions ['cmake', 'python']
[0.441s] Level 1:colcon.colcon_core.package_identification:_identify(venv/lib/python3.10/site-packages/numpy/_utils) by extension 'cmake'
[0.441s] Level 1:colcon.colcon_core.package_identification:_identify(venv/lib/python3.10/site-packages/numpy/_utils) by extension 'python'
[0.441s] Level 1:colcon.colcon_core.package_identification:_identify(venv/lib/python3.10/site-packages/numpy/_utils) by extensions ['python_setup_py']
[0.441s] Level 1:colcon.colcon_core.package_identification:_identify(venv/lib/python3.10/site-packages/numpy/_utils) by extension 'python_setup_py'
[0.441s] Level 1:colcon.colcon_core.package_identification:_identify(venv/lib/python3.10/site-packages/numpy/_utils/__pycache__) by extensions ['ignore', 'ignore_ament_install']
[0.441s] Level 1:colcon.colcon_core.package_identification:_identify(venv/lib/python3.10/site-packages/numpy/_utils/__pycache__) by extension 'ignore'
[0.441s] Level 1:colcon.colcon_core.package_identification:_identify(venv/lib/python3.10/site-packages/numpy/_utils/__pycache__) by extension 'ignore_ament_install'
[0.441s] Level 1:colcon.colcon_core.package_identification:_identify(venv/lib/python3.10/site-packages/numpy/_utils/__pycache__) by extensions ['colcon_pkg']
[0.441s] Level 1:colcon.colcon_core.package_identification:_identify(venv/lib/python3.10/site-packages/numpy/_utils/__pycache__) by extension 'colcon_pkg'
[0.441s] Level 1:colcon.colcon_core.package_identification:_identify(venv/lib/python3.10/site-packages/numpy/_utils/__pycache__) by extensions ['colcon_meta']
[0.441s] Level 1:colcon.colcon_core.package_identification:_identify(venv/lib/python3.10/site-packages/numpy/_utils/__pycache__) by extension 'colcon_meta'
[0.441s] Level 1:colcon.colcon_core.package_identification:_identify(venv/lib/python3.10/site-packages/numpy/_utils/__pycache__) by extensions ['ros']
[0.441s] Level 1:colcon.colcon_core.package_identification:_identify(venv/lib/python3.10/site-packages/numpy/_utils/__pycache__) by extension 'ros'
[0.441s] Level 1:colcon.colcon_core.package_identification:_identify(venv/lib/python3.10/site-packages/numpy/_utils/__pycache__) by extensions ['cmake', 'python']
[0.441s] Level 1:colcon.colcon_core.package_identification:_identify(venv/lib/python3.10/site-packages/numpy/_utils/__pycache__) by extension 'cmake'
[0.441s] Level 1:colcon.colcon_core.package_identification:_identify(venv/lib/python3.10/site-packages/numpy/_utils/__pycache__) by extension 'python'
[0.441s] Level 1:colcon.colcon_core.package_identification:_identify(venv/lib/python3.10/site-packages/numpy/_utils/__pycache__) by extensions ['python_setup_py']
[0.441s] Level 1:colcon.colcon_core.package_identification:_identify(venv/lib/python3.10/site-packages/numpy/_utils/__pycache__) by extension 'python_setup_py'
[0.441s] Level 1:colcon.colcon_core.package_identification:_identify(venv/lib/python3.10/site-packages/numpy/array_api) by extensions ['ignore', 'ignore_ament_install']
[0.441s] Level 1:colcon.colcon_core.package_identification:_identify(venv/lib/python3.10/site-packages/numpy/array_api) by extension 'ignore'
[0.441s] Level 1:colcon.colcon_core.package_identification:_identify(venv/lib/python3.10/site-packages/numpy/array_api) by extension 'ignore_ament_install'
[0.441s] Level 1:colcon.colcon_core.package_identification:_identify(venv/lib/python3.10/site-packages/numpy/array_api) by extensions ['colcon_pkg']
[0.441s] Level 1:colcon.colcon_core.package_identification:_identify(venv/lib/python3.10/site-packages/numpy/array_api) by extension 'colcon_pkg'
[0.441s] Level 1:colcon.colcon_core.package_identification:_identify(venv/lib/python3.10/site-packages/numpy/array_api) by extensions ['colcon_meta']
[0.441s] Level 1:colcon.colcon_core.package_identification:_identify(venv/lib/python3.10/site-packages/numpy/array_api) by extension 'colcon_meta'
[0.441s] Level 1:colcon.colcon_core.package_identification:_identify(venv/lib/python3.10/site-packages/numpy/array_api) by extensions ['ros']
[0.441s] Level 1:colcon.colcon_core.package_identification:_identify(venv/lib/python3.10/site-packages/numpy/array_api) by extension 'ros'
[0.442s] Level 1:colcon.colcon_core.package_identification:_identify(venv/lib/python3.10/site-packages/numpy/array_api) by extensions ['cmake', 'python']
[0.442s] Level 1:colcon.colcon_core.package_identification:_identify(venv/lib/python3.10/site-packages/numpy/array_api) by extension 'cmake'
[0.442s] Level 1:colcon.colcon_core.package_identification:_identify(venv/lib/python3.10/site-packages/numpy/array_api) by extension 'python'
[0.442s] Level 1:colcon.colcon_core.package_identification:_identify(venv/lib/python3.10/site-packages/numpy/array_api) by extensions ['python_setup_py']
[0.442s] Level 1:colcon.colcon_core.package_identification:_identify(venv/lib/python3.10/site-packages/numpy/array_api) by extension 'python_setup_py'
[0.622s] ERROR:colcon.colcon_core.package_identification:Exception in package identification extension 'python_setup_py' in 'venv/lib/python3.10/site-packages/numpy/array_api': Command '['/usr/bin/python3', '-c', 'import sys;from contextlib import suppress;exec("with suppress(ImportError):    from setuptools.extern.packaging.specifiers    import SpecifierSet");exec("with suppress(ImportError):    from packaging.specifiers import SpecifierSet");from distutils.core import run_setup;dist = run_setup(    \'setup.py\', script_args=(\'--dry-run\',), stop_after=\'config\');skip_keys = (\'cmdclass\', \'distclass\', \'ext_modules\', \'metadata\');data = {    key: value for key, value in dist.__dict__.items()     if (        not key.startswith(\'_\') and         not callable(value) and         key not in skip_keys and         key not in dist.display_option_names    )};data[\'metadata\'] = {    k: v for k, v in dist.metadata.__dict__.items()     if k not in (\'license_files\', \'provides_extras\')};sys.stdout.buffer.write(repr(data).encode(\'utf-8\'))']' returned non-zero exit status 1.
Traceback (most recent call last):
  File "/usr/lib/python3/dist-packages/colcon_core/package_identification/__init__.py", line 144, in _identify
    retval = extension.identify(_reused_descriptor_instance)
  File "/usr/lib/python3/dist-packages/colcon_python_setup_py/package_identification/python_setup_py.py", line 48, in identify
    config = get_setup_information(setup_py)
  File "/usr/lib/python3/dist-packages/colcon_python_setup_py/package_identification/python_setup_py.py", line 249, in get_setup_information
    _setup_information_cache[hashable_env] = _get_setup_information(
  File "/usr/lib/python3/dist-packages/colcon_python_setup_py/package_identification/python_setup_py.py", line 296, in _get_setup_information
    result = subprocess.run(
  File "/usr/lib/python3.10/subprocess.py", line 526, in run
    raise CalledProcessError(retcode, process.args,
subprocess.CalledProcessError: Command '['/usr/bin/python3', '-c', 'import sys;from contextlib import suppress;exec("with suppress(ImportError):    from setuptools.extern.packaging.specifiers    import SpecifierSet");exec("with suppress(ImportError):    from packaging.specifiers import SpecifierSet");from distutils.core import run_setup;dist = run_setup(    \'setup.py\', script_args=(\'--dry-run\',), stop_after=\'config\');skip_keys = (\'cmdclass\', \'distclass\', \'ext_modules\', \'metadata\');data = {    key: value for key, value in dist.__dict__.items()     if (        not key.startswith(\'_\') and         not callable(value) and         key not in skip_keys and         key not in dist.display_option_names    )};data[\'metadata\'] = {    k: v for k, v in dist.metadata.__dict__.items()     if k not in (\'license_files\', \'provides_extras\')};sys.stdout.buffer.write(repr(data).encode(\'utf-8\'))']' returned non-zero exit status 1.

[0.622s] Level 1:colcon.colcon_core.package_identification:_identify(venv/lib/python3.10/site-packages/numpy/array_api/__pycache__) by extensions ['ignore', 'ignore_ament_install']
[0.622s] Level 1:colcon.colcon_core.package_identification:_identify(venv/lib/python3.10/site-packages/numpy/array_api/__pycache__) by extension 'ignore'
[0.622s] Level 1:colcon.colcon_core.package_identification:_identify(venv/lib/python3.10/site-packages/numpy/array_api/__pycache__) by extension 'ignore_ament_install'
[0.623s] Level 1:colcon.colcon_core.package_identification:_identify(venv/lib/python3.10/site-packages/numpy/array_api/__pycache__) by extensions ['colcon_pkg']
[0.623s] Level 1:colcon.colcon_core.package_identification:_identify(venv/lib/python3.10/site-packages/numpy/array_api/__pycache__) by extension 'colcon_pkg'
[0.623s] Level 1:colcon.colcon_core.package_identification:_identify(venv/lib/python3.10/site-packages/numpy/array_api/__pycache__) by extensions ['colcon_meta']
[0.623s] Level 1:colcon.colcon_core.package_identification:_identify(venv/lib/python3.10/site-packages/numpy/array_api/__pycache__) by extension 'colcon_meta'
[0.623s] Level 1:colcon.colcon_core.package_identification:_identify(venv/lib/python3.10/site-packages/numpy/array_api/__pycache__) by extensions ['ros']
[0.623s] Level 1:colcon.colcon_core.package_identification:_identify(venv/lib/python3.10/site-packages/numpy/array_api/__pycache__) by extension 'ros'
[0.623s] Level 1:colcon.colcon_core.package_identification:_identify(venv/lib/python3.10/site-packages/numpy/array_api/__pycache__) by extensions ['cmake', 'python']
[0.623s] Level 1:colcon.colcon_core.package_identification:_identify(venv/lib/python3.10/site-packages/numpy/array_api/__pycache__) by extension 'cmake'
[0.623s] Level 1:colcon.colcon_core.package_identification:_identify(venv/lib/python3.10/site-packages/numpy/array_api/__pycache__) by extension 'python'
[0.623s] Level 1:colcon.colcon_core.package_identification:_identify(venv/lib/python3.10/site-packages/numpy/array_api/__pycache__) by extensions ['python_setup_py']
[0.623s] Level 1:colcon.colcon_core.package_identification:_identify(venv/lib/python3.10/site-packages/numpy/array_api/__pycache__) by extension 'python_setup_py'
[0.623s] Level 1:colcon.colcon_core.package_identification:_identify(venv/lib/python3.10/site-packages/numpy/array_api/tests) by extensions ['ignore', 'ignore_ament_install']
[0.623s] Level 1:colcon.colcon_core.package_identification:_identify(venv/lib/python3.10/site-packages/numpy/array_api/tests) by extension 'ignore'
[0.623s] Level 1:colcon.colcon_core.package_identification:_identify(venv/lib/python3.10/site-packages/numpy/array_api/tests) by extension 'ignore_ament_install'
[0.623s] Level 1:colcon.colcon_core.package_identification:_identify(venv/lib/python3.10/site-packages/numpy/array_api/tests) by extensions ['colcon_pkg']
[0.623s] Level 1:colcon.colcon_core.package_identification:_identify(venv/lib/python3.10/site-packages/numpy/array_api/tests) by extension 'colcon_pkg'
[0.623s] Level 1:colcon.colcon_core.package_identification:_identify(venv/lib/python3.10/site-packages/numpy/array_api/tests) by extensions ['colcon_meta']
[0.623s] Level 1:colcon.colcon_core.package_identification:_identify(venv/lib/python3.10/site-packages/numpy/array_api/tests) by extension 'colcon_meta'
[0.623s] Level 1:colcon.colcon_core.package_identification:_identify(venv/lib/python3.10/site-packages/numpy/array_api/tests) by extensions ['ros']
[0.623s] Level 1:colcon.colcon_core.package_identification:_identify(venv/lib/python3.10/site-packages/numpy/array_api/tests) by extension 'ros'
[0.623s] Level 1:colcon.colcon_core.package_identification:_identify(venv/lib/python3.10/site-packages/numpy/array_api/tests) by extensions ['cmake', 'python']
[0.623s] Level 1:colcon.colcon_core.package_identification:_identify(venv/lib/python3.10/site-packages/numpy/array_api/tests) by extension 'cmake'
[0.623s] Level 1:colcon.colcon_core.package_identification:_identify(venv/lib/python3.10/site-packages/numpy/array_api/tests) by extension 'python'
[0.624s] Level 1:colcon.colcon_core.package_identification:_identify(venv/lib/python3.10/site-packages/numpy/array_api/tests) by extensions ['python_setup_py']
[0.624s] Level 1:colcon.colcon_core.package_identification:_identify(venv/lib/python3.10/site-packages/numpy/array_api/tests) by extension 'python_setup_py'
[0.624s] Level 1:colcon.colcon_core.package_identification:_identify(venv/lib/python3.10/site-packages/numpy/array_api/tests/__pycache__) by extensions ['ignore', 'ignore_ament_install']
[0.624s] Level 1:colcon.colcon_core.package_identification:_identify(venv/lib/python3.10/site-packages/numpy/array_api/tests/__pycache__) by extension 'ignore'
[0.624s] Level 1:colcon.colcon_core.package_identification:_identify(venv/lib/python3.10/site-packages/numpy/array_api/tests/__pycache__) by extension 'ignore_ament_install'
[0.624s] Level 1:colcon.colcon_core.package_identification:_identify(venv/lib/python3.10/site-packages/numpy/array_api/tests/__pycache__) by extensions ['colcon_pkg']
[0.624s] Level 1:colcon.colcon_core.package_identification:_identify(venv/lib/python3.10/site-packages/numpy/array_api/tests/__pycache__) by extension 'colcon_pkg'
[0.624s] Level 1:colcon.colcon_core.package_identification:_identify(venv/lib/python3.10/site-packages/numpy/array_api/tests/__pycache__) by extensions ['colcon_meta']
[0.624s] Level 1:colcon.colcon_core.package_identification:_identify(venv/lib/python3.10/site-packages/numpy/array_api/tests/__pycache__) by extension 'colcon_meta'
[0.624s] Level 1:colcon.colcon_core.package_identification:_identify(venv/lib/python3.10/site-packages/numpy/array_api/tests/__pycache__) by extensions ['ros']
[0.624s] Level 1:colcon.colcon_core.package_identification:_identify(venv/lib/python3.10/site-packages/numpy/array_api/tests/__pycache__) by extension 'ros'
[0.624s] Level 1:colcon.colcon_core.package_identification:_identify(venv/lib/python3.10/site-packages/numpy/array_api/tests/__pycache__) by extensions ['cmake', 'python']
[0.624s] Level 1:colcon.colcon_core.package_identification:_identify(venv/lib/python3.10/site-packages/numpy/array_api/tests/__pycache__) by extension 'cmake'
[0.624s] Level 1:colcon.colcon_core.package_identification:_identify(venv/lib/python3.10/site-packages/numpy/array_api/tests/__pycache__) by extension 'python'
[0.624s] Level 1:colcon.colcon_core.package_identification:_identify(venv/lib/python3.10/site-packages/numpy/array_api/tests/__pycache__) by extensions ['python_setup_py']
[0.624s] Level 1:colcon.colcon_core.package_identification:_identify(venv/lib/python3.10/site-packages/numpy/array_api/tests/__pycache__) by extension 'python_setup_py'
[0.624s] Level 1:colcon.colcon_core.package_identification:_identify(venv/lib/python3.10/site-packages/numpy/compat) by extensions ['ignore', 'ignore_ament_install']
[0.624s] Level 1:colcon.colcon_core.package_identification:_identify(venv/lib/python3.10/site-packages/numpy/compat) by extension 'ignore'
[0.624s] Level 1:colcon.colcon_core.package_identification:_identify(venv/lib/python3.10/site-packages/numpy/compat) by extension 'ignore_ament_install'
[0.624s] Level 1:colcon.colcon_core.package_identification:_identify(venv/lib/python3.10/site-packages/numpy/compat) by extensions ['colcon_pkg']
[0.624s] Level 1:colcon.colcon_core.package_identification:_identify(venv/lib/python3.10/site-packages/numpy/compat) by extension 'colcon_pkg'
[0.624s] Level 1:colcon.colcon_core.package_identification:_identify(venv/lib/python3.10/site-packages/numpy/compat) by extensions ['colcon_meta']
[0.624s] Level 1:colcon.colcon_core.package_identification:_identify(venv/lib/python3.10/site-packages/numpy/compat) by extension 'colcon_meta'
[0.624s] Level 1:colcon.colcon_core.package_identification:_identify(venv/lib/python3.10/site-packages/numpy/compat) by extensions ['ros']
[0.624s] Level 1:colcon.colcon_core.package_identification:_identify(venv/lib/python3.10/site-packages/numpy/compat) by extension 'ros'
[0.624s] Level 1:colcon.colcon_core.package_identification:_identify(venv/lib/python3.10/site-packages/numpy/compat) by extensions ['cmake', 'python']
[0.624s] Level 1:colcon.colcon_core.package_identification:_identify(venv/lib/python3.10/site-packages/numpy/compat) by extension 'cmake'
[0.624s] Level 1:colcon.colcon_core.package_identification:_identify(venv/lib/python3.10/site-packages/numpy/compat) by extension 'python'
[0.624s] Level 1:colcon.colcon_core.package_identification:_identify(venv/lib/python3.10/site-packages/numpy/compat) by extensions ['python_setup_py']
[0.624s] Level 1:colcon.colcon_core.package_identification:_identify(venv/lib/python3.10/site-packages/numpy/compat) by extension 'python_setup_py'
[0.812s] ERROR:colcon.colcon_core.package_identification:Exception in package identification extension 'python_setup_py' in 'venv/lib/python3.10/site-packages/numpy/compat': Command '['/usr/bin/python3', '-c', 'import sys;from contextlib import suppress;exec("with suppress(ImportError):    from setuptools.extern.packaging.specifiers    import SpecifierSet");exec("with suppress(ImportError):    from packaging.specifiers import SpecifierSet");from distutils.core import run_setup;dist = run_setup(    \'setup.py\', script_args=(\'--dry-run\',), stop_after=\'config\');skip_keys = (\'cmdclass\', \'distclass\', \'ext_modules\', \'metadata\');data = {    key: value for key, value in dist.__dict__.items()     if (        not key.startswith(\'_\') and         not callable(value) and         key not in skip_keys and         key not in dist.display_option_names    )};data[\'metadata\'] = {    k: v for k, v in dist.metadata.__dict__.items()     if k not in (\'license_files\', \'provides_extras\')};sys.stdout.buffer.write(repr(data).encode(\'utf-8\'))']' returned non-zero exit status 1.
Traceback (most recent call last):
  File "/usr/lib/python3/dist-packages/colcon_core/package_identification/__init__.py", line 144, in _identify
    retval = extension.identify(_reused_descriptor_instance)
  File "/usr/lib/python3/dist-packages/colcon_python_setup_py/package_identification/python_setup_py.py", line 48, in identify
    config = get_setup_information(setup_py)
  File "/usr/lib/python3/dist-packages/colcon_python_setup_py/package_identification/python_setup_py.py", line 249, in get_setup_information
    _setup_information_cache[hashable_env] = _get_setup_information(
  File "/usr/lib/python3/dist-packages/colcon_python_setup_py/package_identification/python_setup_py.py", line 296, in _get_setup_information
    result = subprocess.run(
  File "/usr/lib/python3.10/subprocess.py", line 526, in run
    raise CalledProcessError(retcode, process.args,
subprocess.CalledProcessError: Command '['/usr/bin/python3', '-c', 'import sys;from contextlib import suppress;exec("with suppress(ImportError):    from setuptools.extern.packaging.specifiers    import SpecifierSet");exec("with suppress(ImportError):    from packaging.specifiers import SpecifierSet");from distutils.core import run_setup;dist = run_setup(    \'setup.py\', script_args=(\'--dry-run\',), stop_after=\'config\');skip_keys = (\'cmdclass\', \'distclass\', \'ext_modules\', \'metadata\');data = {    key: value for key, value in dist.__dict__.items()     if (        not key.startswith(\'_\') and         not callable(value) and         key not in skip_keys and         key not in dist.display_option_names    )};data[\'metadata\'] = {    k: v for k, v in dist.metadata.__dict__.items()     if k not in (\'license_files\', \'provides_extras\')};sys.stdout.buffer.write(repr(data).encode(\'utf-8\'))']' returned non-zero exit status 1.

[0.812s] Level 1:colcon.colcon_core.package_identification:_identify(venv/lib/python3.10/site-packages/numpy/compat/__pycache__) by extensions ['ignore', 'ignore_ament_install']
[0.812s] Level 1:colcon.colcon_core.package_identification:_identify(venv/lib/python3.10/site-packages/numpy/compat/__pycache__) by extension 'ignore'
[0.813s] Level 1:colcon.colcon_core.package_identification:_identify(venv/lib/python3.10/site-packages/numpy/compat/__pycache__) by extension 'ignore_ament_install'
[0.813s] Level 1:colcon.colcon_core.package_identification:_identify(venv/lib/python3.10/site-packages/numpy/compat/__pycache__) by extensions ['colcon_pkg']
[0.813s] Level 1:colcon.colcon_core.package_identification:_identify(venv/lib/python3.10/site-packages/numpy/compat/__pycache__) by extension 'colcon_pkg'
[0.813s] Level 1:colcon.colcon_core.package_identification:_identify(venv/lib/python3.10/site-packages/numpy/compat/__pycache__) by extensions ['colcon_meta']
[0.813s] Level 1:colcon.colcon_core.package_identification:_identify(venv/lib/python3.10/site-packages/numpy/compat/__pycache__) by extension 'colcon_meta'
[0.813s] Level 1:colcon.colcon_core.package_identification:_identify(venv/lib/python3.10/site-packages/numpy/compat/__pycache__) by extensions ['ros']
[0.813s] Level 1:colcon.colcon_core.package_identification:_identify(venv/lib/python3.10/site-packages/numpy/compat/__pycache__) by extension 'ros'
[0.813s] Level 1:colcon.colcon_core.package_identification:_identify(venv/lib/python3.10/site-packages/numpy/compat/__pycache__) by extensions ['cmake', 'python']
[0.813s] Level 1:colcon.colcon_core.package_identification:_identify(venv/lib/python3.10/site-packages/numpy/compat/__pycache__) by extension 'cmake'
[0.813s] Level 1:colcon.colcon_core.package_identification:_identify(venv/lib/python3.10/site-packages/numpy/compat/__pycache__) by extension 'python'
[0.813s] Level 1:colcon.colcon_core.package_identification:_identify(venv/lib/python3.10/site-packages/numpy/compat/__pycache__) by extensions ['python_setup_py']
[0.813s] Level 1:colcon.colcon_core.package_identification:_identify(venv/lib/python3.10/site-packages/numpy/compat/__pycache__) by extension 'python_setup_py'
[0.813s] Level 1:colcon.colcon_core.package_identification:_identify(venv/lib/python3.10/site-packages/numpy/compat/tests) by extensions ['ignore', 'ignore_ament_install']
[0.813s] Level 1:colcon.colcon_core.package_identification:_identify(venv/lib/python3.10/site-packages/numpy/compat/tests) by extension 'ignore'
[0.813s] Level 1:colcon.colcon_core.package_identification:_identify(venv/lib/python3.10/site-packages/numpy/compat/tests) by extension 'ignore_ament_install'
[0.813s] Level 1:colcon.colcon_core.package_identification:_identify(venv/lib/python3.10/site-packages/numpy/compat/tests) by extensions ['colcon_pkg']
[0.813s] Level 1:colcon.colcon_core.package_identification:_identify(venv/lib/python3.10/site-packages/numpy/compat/tests) by extension 'colcon_pkg'
[0.813s] Level 1:colcon.colcon_core.package_identification:_identify(venv/lib/python3.10/site-packages/numpy/compat/tests) by extensions ['colcon_meta']
[0.813s] Level 1:colcon.colcon_core.package_identification:_identify(venv/lib/python3.10/site-packages/numpy/compat/tests) by extension 'colcon_meta'
[0.813s] Level 1:colcon.colcon_core.package_identification:_identify(venv/lib/python3.10/site-packages/numpy/compat/tests) by extensions ['ros']
[0.813s] Level 1:colcon.colcon_core.package_identification:_identify(venv/lib/python3.10/site-packages/numpy/compat/tests) by extension 'ros'
[0.813s] Level 1:colcon.colcon_core.package_identification:_identify(venv/lib/python3.10/site-packages/numpy/compat/tests) by extensions ['cmake', 'python']
[0.813s] Level 1:colcon.colcon_core.package_identification:_identify(venv/lib/python3.10/site-packages/numpy/compat/tests) by extension 'cmake'
[0.813s] Level 1:colcon.colcon_core.package_identification:_identify(venv/lib/python3.10/site-packages/numpy/compat/tests) by extension 'python'
[0.813s] Level 1:colcon.colcon_core.package_identification:_identify(venv/lib/python3.10/site-packages/numpy/compat/tests) by extensions ['python_setup_py']
[0.813s] Level 1:colcon.colcon_core.package_identification:_identify(venv/lib/python3.10/site-packages/numpy/compat/tests) by extension 'python_setup_py'
[0.813s] Level 1:colcon.colcon_core.package_identification:_identify(venv/lib/python3.10/site-packages/numpy/compat/tests/__pycache__) by extensions ['ignore', 'ignore_ament_install']
[0.814s] Level 1:colcon.colcon_core.package_identification:_identify(venv/lib/python3.10/site-packages/numpy/compat/tests/__pycache__) by extension 'ignore'
[0.814s] Level 1:colcon.colcon_core.package_identification:_identify(venv/lib/python3.10/site-packages/numpy/compat/tests/__pycache__) by extension 'ignore_ament_install'
[0.814s] Level 1:colcon.colcon_core.package_identification:_identify(venv/lib/python3.10/site-packages/numpy/compat/tests/__pycache__) by extensions ['colcon_pkg']
[0.814s] Level 1:colcon.colcon_core.package_identification:_identify(venv/lib/python3.10/site-packages/numpy/compat/tests/__pycache__) by extension 'colcon_pkg'
[0.814s] Level 1:colcon.colcon_core.package_identification:_identify(venv/lib/python3.10/site-packages/numpy/compat/tests/__pycache__) by extensions ['colcon_meta']
[0.814s] Level 1:colcon.colcon_core.package_identification:_identify(venv/lib/python3.10/site-packages/numpy/compat/tests/__pycache__) by extension 'colcon_meta'
[0.814s] Level 1:colcon.colcon_core.package_identification:_identify(venv/lib/python3.10/site-packages/numpy/compat/tests/__pycache__) by extensions ['ros']
[0.814s] Level 1:colcon.colcon_core.package_identification:_identify(venv/lib/python3.10/site-packages/numpy/compat/tests/__pycache__) by extension 'ros'
[0.814s] Level 1:colcon.colcon_core.package_identification:_identify(venv/lib/python3.10/site-packages/numpy/compat/tests/__pycache__) by extensions ['cmake', 'python']
[0.814s] Level 1:colcon.colcon_core.package_identification:_identify(venv/lib/python3.10/site-packages/numpy/compat/tests/__pycache__) by extension 'cmake'
[0.814s] Level 1:colcon.colcon_core.package_identification:_identify(venv/lib/python3.10/site-packages/numpy/compat/tests/__pycache__) by extension 'python'
[0.814s] Level 1:colcon.colcon_core.package_identification:_identify(venv/lib/python3.10/site-packages/numpy/compat/tests/__pycache__) by extensions ['python_setup_py']
[0.814s] Level 1:colcon.colcon_core.package_identification:_identify(venv/lib/python3.10/site-packages/numpy/compat/tests/__pycache__) by extension 'python_setup_py'
[0.814s] Level 1:colcon.colcon_core.package_identification:_identify(venv/lib/python3.10/site-packages/numpy/core) by extensions ['ignore', 'ignore_ament_install']
[0.814s] Level 1:colcon.colcon_core.package_identification:_identify(venv/lib/python3.10/site-packages/numpy/core) by extension 'ignore'
[0.814s] Level 1:colcon.colcon_core.package_identification:_identify(venv/lib/python3.10/site-packages/numpy/core) by extension 'ignore_ament_install'
[0.814s] Level 1:colcon.colcon_core.package_identification:_identify(venv/lib/python3.10/site-packages/numpy/core) by extensions ['colcon_pkg']
[0.814s] Level 1:colcon.colcon_core.package_identification:_identify(venv/lib/python3.10/site-packages/numpy/core) by extension 'colcon_pkg'
[0.814s] Level 1:colcon.colcon_core.package_identification:_identify(venv/lib/python3.10/site-packages/numpy/core) by extensions ['colcon_meta']
[0.814s] Level 1:colcon.colcon_core.package_identification:_identify(venv/lib/python3.10/site-packages/numpy/core) by extension 'colcon_meta'
[0.814s] Level 1:colcon.colcon_core.package_identification:_identify(venv/lib/python3.10/site-packages/numpy/core) by extensions ['ros']
[0.814s] Level 1:colcon.colcon_core.package_identification:_identify(venv/lib/python3.10/site-packages/numpy/core) by extension 'ros'
[0.814s] Level 1:colcon.colcon_core.package_identification:_identify(venv/lib/python3.10/site-packages/numpy/core) by extensions ['cmake', 'python']
[0.814s] Level 1:colcon.colcon_core.package_identification:_identify(venv/lib/python3.10/site-packages/numpy/core) by extension 'cmake'
[0.814s] Level 1:colcon.colcon_core.package_identification:_identify(venv/lib/python3.10/site-packages/numpy/core) by extension 'python'
[0.814s] Level 1:colcon.colcon_core.package_identification:_identify(venv/lib/python3.10/site-packages/numpy/core) by extensions ['python_setup_py']
[0.814s] Level 1:colcon.colcon_core.package_identification:_identify(venv/lib/python3.10/site-packages/numpy/core) by extension 'python_setup_py'
[0.815s] Level 1:colcon.colcon_core.package_identification:_identify(venv/lib/python3.10/site-packages/numpy/core/__pycache__) by extensions ['ignore', 'ignore_ament_install']
[0.815s] Level 1:colcon.colcon_core.package_identification:_identify(venv/lib/python3.10/site-packages/numpy/core/__pycache__) by extension 'ignore'
[0.815s] Level 1:colcon.colcon_core.package_identification:_identify(venv/lib/python3.10/site-packages/numpy/core/__pycache__) by extension 'ignore_ament_install'
[0.815s] Level 1:colcon.colcon_core.package_identification:_identify(venv/lib/python3.10/site-packages/numpy/core/__pycache__) by extensions ['colcon_pkg']
[0.815s] Level 1:colcon.colcon_core.package_identification:_identify(venv/lib/python3.10/site-packages/numpy/core/__pycache__) by extension 'colcon_pkg'
[0.815s] Level 1:colcon.colcon_core.package_identification:_identify(venv/lib/python3.10/site-packages/numpy/core/__pycache__) by extensions ['colcon_meta']
[0.815s] Level 1:colcon.colcon_core.package_identification:_identify(venv/lib/python3.10/site-packages/numpy/core/__pycache__) by extension 'colcon_meta'
[0.815s] Level 1:colcon.colcon_core.package_identification:_identify(venv/lib/python3.10/site-packages/numpy/core/__pycache__) by extensions ['ros']
[0.815s] Level 1:colcon.colcon_core.package_identification:_identify(venv/lib/python3.10/site-packages/numpy/core/__pycache__) by extension 'ros'
[0.815s] Level 1:colcon.colcon_core.package_identification:_identify(venv/lib/python3.10/site-packages/numpy/core/__pycache__) by extensions ['cmake', 'python']
[0.815s] Level 1:colcon.colcon_core.package_identification:_identify(venv/lib/python3.10/site-packages/numpy/core/__pycache__) by extension 'cmake'
[0.815s] Level 1:colcon.colcon_core.package_identification:_identify(venv/lib/python3.10/site-packages/numpy/core/__pycache__) by extension 'python'
[0.815s] Level 1:colcon.colcon_core.package_identification:_identify(venv/lib/python3.10/site-packages/numpy/core/__pycache__) by extensions ['python_setup_py']
[0.815s] Level 1:colcon.colcon_core.package_identification:_identify(venv/lib/python3.10/site-packages/numpy/core/__pycache__) by extension 'python_setup_py'
[0.815s] Level 1:colcon.colcon_core.package_identification:_identify(venv/lib/python3.10/site-packages/numpy/core/include) by extensions ['ignore', 'ignore_ament_install']
[0.815s] Level 1:colcon.colcon_core.package_identification:_identify(venv/lib/python3.10/site-packages/numpy/core/include) by extension 'ignore'
[0.815s] Level 1:colcon.colcon_core.package_identification:_identify(venv/lib/python3.10/site-packages/numpy/core/include) by extension 'ignore_ament_install'
[0.815s] Level 1:colcon.colcon_core.package_identification:_identify(venv/lib/python3.10/site-packages/numpy/core/include) by extensions ['colcon_pkg']
[0.815s] Level 1:colcon.colcon_core.package_identification:_identify(venv/lib/python3.10/site-packages/numpy/core/include) by extension 'colcon_pkg'
[0.815s] Level 1:colcon.colcon_core.package_identification:_identify(venv/lib/python3.10/site-packages/numpy/core/include) by extensions ['colcon_meta']
[0.815s] Level 1:colcon.colcon_core.package_identification:_identify(venv/lib/python3.10/site-packages/numpy/core/include) by extension 'colcon_meta'
[0.815s] Level 1:colcon.colcon_core.package_identification:_identify(venv/lib/python3.10/site-packages/numpy/core/include) by extensions ['ros']
[0.815s] Level 1:colcon.colcon_core.package_identification:_identify(venv/lib/python3.10/site-packages/numpy/core/include) by extension 'ros'
[0.815s] Level 1:colcon.colcon_core.package_identification:_identify(venv/lib/python3.10/site-packages/numpy/core/include) by extensions ['cmake', 'python']
[0.815s] Level 1:colcon.colcon_core.package_identification:_identify(venv/lib/python3.10/site-packages/numpy/core/include) by extension 'cmake'
[0.815s] Level 1:colcon.colcon_core.package_identification:_identify(venv/lib/python3.10/site-packages/numpy/core/include) by extension 'python'
[0.815s] Level 1:colcon.colcon_core.package_identification:_identify(venv/lib/python3.10/site-packages/numpy/core/include) by extensions ['python_setup_py']
[0.815s] Level 1:colcon.colcon_core.package_identification:_identify(venv/lib/python3.10/site-packages/numpy/core/include) by extension 'python_setup_py'
[0.816s] Level 1:colcon.colcon_core.package_identification:_identify(venv/lib/python3.10/site-packages/numpy/core/include/numpy) by extensions ['ignore', 'ignore_ament_install']
[0.816s] Level 1:colcon.colcon_core.package_identification:_identify(venv/lib/python3.10/site-packages/numpy/core/include/numpy) by extension 'ignore'
[0.816s] Level 1:colcon.colcon_core.package_identification:_identify(venv/lib/python3.10/site-packages/numpy/core/include/numpy) by extension 'ignore_ament_install'
[0.816s] Level 1:colcon.colcon_core.package_identification:_identify(venv/lib/python3.10/site-packages/numpy/core/include/numpy) by extensions ['colcon_pkg']
[0.816s] Level 1:colcon.colcon_core.package_identification:_identify(venv/lib/python3.10/site-packages/numpy/core/include/numpy) by extension 'colcon_pkg'
[0.816s] Level 1:colcon.colcon_core.package_identification:_identify(venv/lib/python3.10/site-packages/numpy/core/include/numpy) by extensions ['colcon_meta']
[0.816s] Level 1:colcon.colcon_core.package_identification:_identify(venv/lib/python3.10/site-packages/numpy/core/include/numpy) by extension 'colcon_meta'
[0.816s] Level 1:colcon.colcon_core.package_identification:_identify(venv/lib/python3.10/site-packages/numpy/core/include/numpy) by extensions ['ros']
[0.816s] Level 1:colcon.colcon_core.package_identification:_identify(venv/lib/python3.10/site-packages/numpy/core/include/numpy) by extension 'ros'
[0.816s] Level 1:colcon.colcon_core.package_identification:_identify(venv/lib/python3.10/site-packages/numpy/core/include/numpy) by extensions ['cmake', 'python']
[0.816s] Level 1:colcon.colcon_core.package_identification:_identify(venv/lib/python3.10/site-packages/numpy/core/include/numpy) by extension 'cmake'
[0.816s] Level 1:colcon.colcon_core.package_identification:_identify(venv/lib/python3.10/site-packages/numpy/core/include/numpy) by extension 'python'
[0.816s] Level 1:colcon.colcon_core.package_identification:_identify(venv/lib/python3.10/site-packages/numpy/core/include/numpy) by extensions ['python_setup_py']
[0.816s] Level 1:colcon.colcon_core.package_identification:_identify(venv/lib/python3.10/site-packages/numpy/core/include/numpy) by extension 'python_setup_py'
[0.816s] Level 1:colcon.colcon_core.package_identification:_identify(venv/lib/python3.10/site-packages/numpy/core/include/numpy/random) by extensions ['ignore', 'ignore_ament_install']
[0.816s] Level 1:colcon.colcon_core.package_identification:_identify(venv/lib/python3.10/site-packages/numpy/core/include/numpy/random) by extension 'ignore'
[0.816s] Level 1:colcon.colcon_core.package_identification:_identify(venv/lib/python3.10/site-packages/numpy/core/include/numpy/random) by extension 'ignore_ament_install'
[0.816s] Level 1:colcon.colcon_core.package_identification:_identify(venv/lib/python3.10/site-packages/numpy/core/include/numpy/random) by extensions ['colcon_pkg']
[0.816s] Level 1:colcon.colcon_core.package_identification:_identify(venv/lib/python3.10/site-packages/numpy/core/include/numpy/random) by extension 'colcon_pkg'
[0.816s] Level 1:colcon.colcon_core.package_identification:_identify(venv/lib/python3.10/site-packages/numpy/core/include/numpy/random) by extensions ['colcon_meta']
[0.816s] Level 1:colcon.colcon_core.package_identification:_identify(venv/lib/python3.10/site-packages/numpy/core/include/numpy/random) by extension 'colcon_meta'
[0.816s] Level 1:colcon.colcon_core.package_identification:_identify(venv/lib/python3.10/site-packages/numpy/core/include/numpy/random) by extensions ['ros']
[0.816s] Level 1:colcon.colcon_core.package_identification:_identify(venv/lib/python3.10/site-packages/numpy/core/include/numpy/random) by extension 'ros'
[0.816s] Level 1:colcon.colcon_core.package_identification:_identify(venv/lib/python3.10/site-packages/numpy/core/include/numpy/random) by extensions ['cmake', 'python']
[0.816s] Level 1:colcon.colcon_core.package_identification:_identify(venv/lib/python3.10/site-packages/numpy/core/include/numpy/random) by extension 'cmake'
[0.816s] Level 1:colcon.colcon_core.package_identification:_identify(venv/lib/python3.10/site-packages/numpy/core/include/numpy/random) by extension 'python'
[0.816s] Level 1:colcon.colcon_core.package_identification:_identify(venv/lib/python3.10/site-packages/numpy/core/include/numpy/random) by extensions ['python_setup_py']
[0.816s] Level 1:colcon.colcon_core.package_identification:_identify(venv/lib/python3.10/site-packages/numpy/core/include/numpy/random) by extension 'python_setup_py'
[0.817s] Level 1:colcon.colcon_core.package_identification:_identify(venv/lib/python3.10/site-packages/numpy/core/lib) by extensions ['ignore', 'ignore_ament_install']
[0.817s] Level 1:colcon.colcon_core.package_identification:_identify(venv/lib/python3.10/site-packages/numpy/core/lib) by extension 'ignore'
[0.817s] Level 1:colcon.colcon_core.package_identification:_identify(venv/lib/python3.10/site-packages/numpy/core/lib) by extension 'ignore_ament_install'
[0.817s] Level 1:colcon.colcon_core.package_identification:_identify(venv/lib/python3.10/site-packages/numpy/core/lib) by extensions ['colcon_pkg']
[0.817s] Level 1:colcon.colcon_core.package_identification:_identify(venv/lib/python3.10/site-packages/numpy/core/lib) by extension 'colcon_pkg'
[0.817s] Level 1:colcon.colcon_core.package_identification:_identify(venv/lib/python3.10/site-packages/numpy/core/lib) by extensions ['colcon_meta']
[0.817s] Level 1:colcon.colcon_core.package_identification:_identify(venv/lib/python3.10/site-packages/numpy/core/lib) by extension 'colcon_meta'
[0.817s] Level 1:colcon.colcon_core.package_identification:_identify(venv/lib/python3.10/site-packages/numpy/core/lib) by extensions ['ros']
[0.817s] Level 1:colcon.colcon_core.package_identification:_identify(venv/lib/python3.10/site-packages/numpy/core/lib) by extension 'ros'
[0.817s] Level 1:colcon.colcon_core.package_identification:_identify(venv/lib/python3.10/site-packages/numpy/core/lib) by extensions ['cmake', 'python']
[0.817s] Level 1:colcon.colcon_core.package_identification:_identify(venv/lib/python3.10/site-packages/numpy/core/lib) by extension 'cmake'
[0.817s] Level 1:colcon.colcon_core.package_identification:_identify(venv/lib/python3.10/site-packages/numpy/core/lib) by extension 'python'
[0.817s] Level 1:colcon.colcon_core.package_identification:_identify(venv/lib/python3.10/site-packages/numpy/core/lib) by extensions ['python_setup_py']
[0.817s] Level 1:colcon.colcon_core.package_identification:_identify(venv/lib/python3.10/site-packages/numpy/core/lib) by extension 'python_setup_py'
[0.817s] Level 1:colcon.colcon_core.package_identification:_identify(venv/lib/python3.10/site-packages/numpy/core/lib/npy-pkg-config) by extensions ['ignore', 'ignore_ament_install']
[0.817s] Level 1:colcon.colcon_core.package_identification:_identify(venv/lib/python3.10/site-packages/numpy/core/lib/npy-pkg-config) by extension 'ignore'
[0.817s] Level 1:colcon.colcon_core.package_identification:_identify(venv/lib/python3.10/site-packages/numpy/core/lib/npy-pkg-config) by extension 'ignore_ament_install'
[0.817s] Level 1:colcon.colcon_core.package_identification:_identify(venv/lib/python3.10/site-packages/numpy/core/lib/npy-pkg-config) by extensions ['colcon_pkg']
[0.817s] Level 1:colcon.colcon_core.package_identification:_identify(venv/lib/python3.10/site-packages/numpy/core/lib/npy-pkg-config) by extension 'colcon_pkg'
[0.817s] Level 1:colcon.colcon_core.package_identification:_identify(venv/lib/python3.10/site-packages/numpy/core/lib/npy-pkg-config) by extensions ['colcon_meta']
[0.817s] Level 1:colcon.colcon_core.package_identification:_identify(venv/lib/python3.10/site-packages/numpy/core/lib/npy-pkg-config) by extension 'colcon_meta'
[0.817s] Level 1:colcon.colcon_core.package_identification:_identify(venv/lib/python3.10/site-packages/numpy/core/lib/npy-pkg-config) by extensions ['ros']
[0.817s] Level 1:colcon.colcon_core.package_identification:_identify(venv/lib/python3.10/site-packages/numpy/core/lib/npy-pkg-config) by extension 'ros'
[0.817s] Level 1:colcon.colcon_core.package_identification:_identify(venv/lib/python3.10/site-packages/numpy/core/lib/npy-pkg-config) by extensions ['cmake', 'python']
[0.817s] Level 1:colcon.colcon_core.package_identification:_identify(venv/lib/python3.10/site-packages/numpy/core/lib/npy-pkg-config) by extension 'cmake'
[0.817s] Level 1:colcon.colcon_core.package_identification:_identify(venv/lib/python3.10/site-packages/numpy/core/lib/npy-pkg-config) by extension 'python'
[0.817s] Level 1:colcon.colcon_core.package_identification:_identify(venv/lib/python3.10/site-packages/numpy/core/lib/npy-pkg-config) by extensions ['python_setup_py']
[0.817s] Level 1:colcon.colcon_core.package_identification:_identify(venv/lib/python3.10/site-packages/numpy/core/lib/npy-pkg-config) by extension 'python_setup_py'
[0.818s] Level 1:colcon.colcon_core.package_identification:_identify(venv/lib/python3.10/site-packages/numpy/core/tests) by extensions ['ignore', 'ignore_ament_install']
[0.818s] Level 1:colcon.colcon_core.package_identification:_identify(venv/lib/python3.10/site-packages/numpy/core/tests) by extension 'ignore'
[0.818s] Level 1:colcon.colcon_core.package_identification:_identify(venv/lib/python3.10/site-packages/numpy/core/tests) by extension 'ignore_ament_install'
[0.818s] Level 1:colcon.colcon_core.package_identification:_identify(venv/lib/python3.10/site-packages/numpy/core/tests) by extensions ['colcon_pkg']
[0.818s] Level 1:colcon.colcon_core.package_identification:_identify(venv/lib/python3.10/site-packages/numpy/core/tests) by extension 'colcon_pkg'
[0.818s] Level 1:colcon.colcon_core.package_identification:_identify(venv/lib/python3.10/site-packages/numpy/core/tests) by extensions ['colcon_meta']
[0.818s] Level 1:colcon.colcon_core.package_identification:_identify(venv/lib/python3.10/site-packages/numpy/core/tests) by extension 'colcon_meta'
[0.818s] Level 1:colcon.colcon_core.package_identification:_identify(venv/lib/python3.10/site-packages/numpy/core/tests) by extensions ['ros']
[0.818s] Level 1:colcon.colcon_core.package_identification:_identify(venv/lib/python3.10/site-packages/numpy/core/tests) by extension 'ros'
[0.818s] Level 1:colcon.colcon_core.package_identification:_identify(venv/lib/python3.10/site-packages/numpy/core/tests) by extensions ['cmake', 'python']
[0.818s] Level 1:colcon.colcon_core.package_identification:_identify(venv/lib/python3.10/site-packages/numpy/core/tests) by extension 'cmake'
[0.818s] Level 1:colcon.colcon_core.package_identification:_identify(venv/lib/python3.10/site-packages/numpy/core/tests) by extension 'python'
[0.818s] Level 1:colcon.colcon_core.package_identification:_identify(venv/lib/python3.10/site-packages/numpy/core/tests) by extensions ['python_setup_py']
[0.818s] Level 1:colcon.colcon_core.package_identification:_identify(venv/lib/python3.10/site-packages/numpy/core/tests) by extension 'python_setup_py'
[0.818s] Level 1:colcon.colcon_core.package_identification:_identify(venv/lib/python3.10/site-packages/numpy/core/tests/__pycache__) by extensions ['ignore', 'ignore_ament_install']
[0.818s] Level 1:colcon.colcon_core.package_identification:_identify(venv/lib/python3.10/site-packages/numpy/core/tests/__pycache__) by extension 'ignore'
[0.818s] Level 1:colcon.colcon_core.package_identification:_identify(venv/lib/python3.10/site-packages/numpy/core/tests/__pycache__) by extension 'ignore_ament_install'
[0.818s] Level 1:colcon.colcon_core.package_identification:_identify(venv/lib/python3.10/site-packages/numpy/core/tests/__pycache__) by extensions ['colcon_pkg']
[0.818s] Level 1:colcon.colcon_core.package_identification:_identify(venv/lib/python3.10/site-packages/numpy/core/tests/__pycache__) by extension 'colcon_pkg'
[0.818s] Level 1:colcon.colcon_core.package_identification:_identify(venv/lib/python3.10/site-packages/numpy/core/tests/__pycache__) by extensions ['colcon_meta']
[0.818s] Level 1:colcon.colcon_core.package_identification:_identify(venv/lib/python3.10/site-packages/numpy/core/tests/__pycache__) by extension 'colcon_meta'
[0.818s] Level 1:colcon.colcon_core.package_identification:_identify(venv/lib/python3.10/site-packages/numpy/core/tests/__pycache__) by extensions ['ros']
[0.818s] Level 1:colcon.colcon_core.package_identification:_identify(venv/lib/python3.10/site-packages/numpy/core/tests/__pycache__) by extension 'ros'
[0.818s] Level 1:colcon.colcon_core.package_identification:_identify(venv/lib/python3.10/site-packages/numpy/core/tests/__pycache__) by extensions ['cmake', 'python']
[0.818s] Level 1:colcon.colcon_core.package_identification:_identify(venv/lib/python3.10/site-packages/numpy/core/tests/__pycache__) by extension 'cmake'
[0.818s] Level 1:colcon.colcon_core.package_identification:_identify(venv/lib/python3.10/site-packages/numpy/core/tests/__pycache__) by extension 'python'
[0.818s] Level 1:colcon.colcon_core.package_identification:_identify(venv/lib/python3.10/site-packages/numpy/core/tests/__pycache__) by extensions ['python_setup_py']
[0.818s] Level 1:colcon.colcon_core.package_identification:_identify(venv/lib/python3.10/site-packages/numpy/core/tests/__pycache__) by extension 'python_setup_py'
[0.819s] Level 1:colcon.colcon_core.package_identification:_identify(venv/lib/python3.10/site-packages/numpy/core/tests/data) by extensions ['ignore', 'ignore_ament_install']
[0.819s] Level 1:colcon.colcon_core.package_identification:_identify(venv/lib/python3.10/site-packages/numpy/core/tests/data) by extension 'ignore'
[0.819s] Level 1:colcon.colcon_core.package_identification:_identify(venv/lib/python3.10/site-packages/numpy/core/tests/data) by extension 'ignore_ament_install'
[0.819s] Level 1:colcon.colcon_core.package_identification:_identify(venv/lib/python3.10/site-packages/numpy/core/tests/data) by extensions ['colcon_pkg']
[0.819s] Level 1:colcon.colcon_core.package_identification:_identify(venv/lib/python3.10/site-packages/numpy/core/tests/data) by extension 'colcon_pkg'
[0.819s] Level 1:colcon.colcon_core.package_identification:_identify(venv/lib/python3.10/site-packages/numpy/core/tests/data) by extensions ['colcon_meta']
[0.819s] Level 1:colcon.colcon_core.package_identification:_identify(venv/lib/python3.10/site-packages/numpy/core/tests/data) by extension 'colcon_meta'
[0.819s] Level 1:colcon.colcon_core.package_identification:_identify(venv/lib/python3.10/site-packages/numpy/core/tests/data) by extensions ['ros']
[0.819s] Level 1:colcon.colcon_core.package_identification:_identify(venv/lib/python3.10/site-packages/numpy/core/tests/data) by extension 'ros'
[0.819s] Level 1:colcon.colcon_core.package_identification:_identify(venv/lib/python3.10/site-packages/numpy/core/tests/data) by extensions ['cmake', 'python']
[0.819s] Level 1:colcon.colcon_core.package_identification:_identify(venv/lib/python3.10/site-packages/numpy/core/tests/data) by extension 'cmake'
[0.819s] Level 1:colcon.colcon_core.package_identification:_identify(venv/lib/python3.10/site-packages/numpy/core/tests/data) by extension 'python'
[0.819s] Level 1:colcon.colcon_core.package_identification:_identify(venv/lib/python3.10/site-packages/numpy/core/tests/data) by extensions ['python_setup_py']
[0.819s] Level 1:colcon.colcon_core.package_identification:_identify(venv/lib/python3.10/site-packages/numpy/core/tests/data) by extension 'python_setup_py'
[0.819s] Level 1:colcon.colcon_core.package_identification:_identify(venv/lib/python3.10/site-packages/numpy/core/tests/examples) by extensions ['ignore', 'ignore_ament_install']
[0.819s] Level 1:colcon.colcon_core.package_identification:_identify(venv/lib/python3.10/site-packages/numpy/core/tests/examples) by extension 'ignore'
[0.819s] Level 1:colcon.colcon_core.package_identification:_identify(venv/lib/python3.10/site-packages/numpy/core/tests/examples) by extension 'ignore_ament_install'
[0.819s] Level 1:colcon.colcon_core.package_identification:_identify(venv/lib/python3.10/site-packages/numpy/core/tests/examples) by extensions ['colcon_pkg']
[0.819s] Level 1:colcon.colcon_core.package_identification:_identify(venv/lib/python3.10/site-packages/numpy/core/tests/examples) by extension 'colcon_pkg'
[0.819s] Level 1:colcon.colcon_core.package_identification:_identify(venv/lib/python3.10/site-packages/numpy/core/tests/examples) by extensions ['colcon_meta']
[0.819s] Level 1:colcon.colcon_core.package_identification:_identify(venv/lib/python3.10/site-packages/numpy/core/tests/examples) by extension 'colcon_meta'
[0.819s] Level 1:colcon.colcon_core.package_identification:_identify(venv/lib/python3.10/site-packages/numpy/core/tests/examples) by extensions ['ros']
[0.819s] Level 1:colcon.colcon_core.package_identification:_identify(venv/lib/python3.10/site-packages/numpy/core/tests/examples) by extension 'ros'
[0.819s] Level 1:colcon.colcon_core.package_identification:_identify(venv/lib/python3.10/site-packages/numpy/core/tests/examples) by extensions ['cmake', 'python']
[0.819s] Level 1:colcon.colcon_core.package_identification:_identify(venv/lib/python3.10/site-packages/numpy/core/tests/examples) by extension 'cmake'
[0.819s] Level 1:colcon.colcon_core.package_identification:_identify(venv/lib/python3.10/site-packages/numpy/core/tests/examples) by extension 'python'
[0.819s] Level 1:colcon.colcon_core.package_identification:_identify(venv/lib/python3.10/site-packages/numpy/core/tests/examples) by extensions ['python_setup_py']
[0.819s] Level 1:colcon.colcon_core.package_identification:_identify(venv/lib/python3.10/site-packages/numpy/core/tests/examples) by extension 'python_setup_py'
[0.819s] Level 1:colcon.colcon_core.package_identification:_identify(venv/lib/python3.10/site-packages/numpy/core/tests/examples/cython) by extensions ['ignore', 'ignore_ament_install']
[0.820s] Level 1:colcon.colcon_core.package_identification:_identify(venv/lib/python3.10/site-packages/numpy/core/tests/examples/cython) by extension 'ignore'
[0.820s] Level 1:colcon.colcon_core.package_identification:_identify(venv/lib/python3.10/site-packages/numpy/core/tests/examples/cython) by extension 'ignore_ament_install'
[0.820s] Level 1:colcon.colcon_core.package_identification:_identify(venv/lib/python3.10/site-packages/numpy/core/tests/examples/cython) by extensions ['colcon_pkg']
[0.820s] Level 1:colcon.colcon_core.package_identification:_identify(venv/lib/python3.10/site-packages/numpy/core/tests/examples/cython) by extension 'colcon_pkg'
[0.820s] Level 1:colcon.colcon_core.package_identification:_identify(venv/lib/python3.10/site-packages/numpy/core/tests/examples/cython) by extensions ['colcon_meta']
[0.820s] Level 1:colcon.colcon_core.package_identification:_identify(venv/lib/python3.10/site-packages/numpy/core/tests/examples/cython) by extension 'colcon_meta'
[0.820s] Level 1:colcon.colcon_core.package_identification:_identify(venv/lib/python3.10/site-packages/numpy/core/tests/examples/cython) by extensions ['ros']
[0.820s] Level 1:colcon.colcon_core.package_identification:_identify(venv/lib/python3.10/site-packages/numpy/core/tests/examples/cython) by extension 'ros'
[0.820s] Level 1:colcon.colcon_core.package_identification:_identify(venv/lib/python3.10/site-packages/numpy/core/tests/examples/cython) by extensions ['cmake', 'python']
[0.820s] Level 1:colcon.colcon_core.package_identification:_identify(venv/lib/python3.10/site-packages/numpy/core/tests/examples/cython) by extension 'cmake'
[0.820s] Level 1:colcon.colcon_core.package_identification:_identify(venv/lib/python3.10/site-packages/numpy/core/tests/examples/cython) by extension 'python'
[0.820s] Level 1:colcon.colcon_core.package_identification:_identify(venv/lib/python3.10/site-packages/numpy/core/tests/examples/cython) by extensions ['python_setup_py']
[0.820s] Level 1:colcon.colcon_core.package_identification:_identify(venv/lib/python3.10/site-packages/numpy/core/tests/examples/cython) by extension 'python_setup_py'
[1.066s] ERROR:colcon.colcon_core.package_identification:Exception in package identification extension 'python_setup_py' in 'venv/lib/python3.10/site-packages/numpy/core/tests/examples/cython': Command '['/usr/bin/python3', '-c', 'import sys;from contextlib import suppress;exec("with suppress(ImportError):    from setuptools.extern.packaging.specifiers    import SpecifierSet");exec("with suppress(ImportError):    from packaging.specifiers import SpecifierSet");from distutils.core import run_setup;dist = run_setup(    \'setup.py\', script_args=(\'--dry-run\',), stop_after=\'config\');skip_keys = (\'cmdclass\', \'distclass\', \'ext_modules\', \'metadata\');data = {    key: value for key, value in dist.__dict__.items()     if (        not key.startswith(\'_\') and         not callable(value) and         key not in skip_keys and         key not in dist.display_option_names    )};data[\'metadata\'] = {    k: v for k, v in dist.metadata.__dict__.items()     if k not in (\'license_files\', \'provides_extras\')};sys.stdout.buffer.write(repr(data).encode(\'utf-8\'))']' returned non-zero exit status 1.
Traceback (most recent call last):
  File "/usr/lib/python3/dist-packages/colcon_core/package_identification/__init__.py", line 144, in _identify
    retval = extension.identify(_reused_descriptor_instance)
  File "/usr/lib/python3/dist-packages/colcon_python_setup_py/package_identification/python_setup_py.py", line 48, in identify
    config = get_setup_information(setup_py)
  File "/usr/lib/python3/dist-packages/colcon_python_setup_py/package_identification/python_setup_py.py", line 249, in get_setup_information
    _setup_information_cache[hashable_env] = _get_setup_information(
  File "/usr/lib/python3/dist-packages/colcon_python_setup_py/package_identification/python_setup_py.py", line 296, in _get_setup_information
    result = subprocess.run(
  File "/usr/lib/python3.10/subprocess.py", line 526, in run
    raise CalledProcessError(retcode, process.args,
subprocess.CalledProcessError: Command '['/usr/bin/python3', '-c', 'import sys;from contextlib import suppress;exec("with suppress(ImportError):    from setuptools.extern.packaging.specifiers    import SpecifierSet");exec("with suppress(ImportError):    from packaging.specifiers import SpecifierSet");from distutils.core import run_setup;dist = run_setup(    \'setup.py\', script_args=(\'--dry-run\',), stop_after=\'config\');skip_keys = (\'cmdclass\', \'distclass\', \'ext_modules\', \'metadata\');data = {    key: value for key, value in dist.__dict__.items()     if (        not key.startswith(\'_\') and         not callable(value) and         key not in skip_keys and         key not in dist.display_option_names    )};data[\'metadata\'] = {    k: v for k, v in dist.metadata.__dict__.items()     if k not in (\'license_files\', \'provides_extras\')};sys.stdout.buffer.write(repr(data).encode(\'utf-8\'))']' returned non-zero exit status 1.

[1.066s] Level 1:colcon.colcon_core.package_identification:_identify(venv/lib/python3.10/site-packages/numpy/core/tests/examples/cython/__pycache__) by extensions ['ignore', 'ignore_ament_install']
[1.066s] Level 1:colcon.colcon_core.package_identification:_identify(venv/lib/python3.10/site-packages/numpy/core/tests/examples/cython/__pycache__) by extension 'ignore'
[1.066s] Level 1:colcon.colcon_core.package_identification:_identify(venv/lib/python3.10/site-packages/numpy/core/tests/examples/cython/__pycache__) by extension 'ignore_ament_install'
[1.066s] Level 1:colcon.colcon_core.package_identification:_identify(venv/lib/python3.10/site-packages/numpy/core/tests/examples/cython/__pycache__) by extensions ['colcon_pkg']
[1.066s] Level 1:colcon.colcon_core.package_identification:_identify(venv/lib/python3.10/site-packages/numpy/core/tests/examples/cython/__pycache__) by extension 'colcon_pkg'
[1.067s] Level 1:colcon.colcon_core.package_identification:_identify(venv/lib/python3.10/site-packages/numpy/core/tests/examples/cython/__pycache__) by extensions ['colcon_meta']
[1.067s] Level 1:colcon.colcon_core.package_identification:_identify(venv/lib/python3.10/site-packages/numpy/core/tests/examples/cython/__pycache__) by extension 'colcon_meta'
[1.067s] Level 1:colcon.colcon_core.package_identification:_identify(venv/lib/python3.10/site-packages/numpy/core/tests/examples/cython/__pycache__) by extensions ['ros']
[1.067s] Level 1:colcon.colcon_core.package_identification:_identify(venv/lib/python3.10/site-packages/numpy/core/tests/examples/cython/__pycache__) by extension 'ros'
[1.067s] Level 1:colcon.colcon_core.package_identification:_identify(venv/lib/python3.10/site-packages/numpy/core/tests/examples/cython/__pycache__) by extensions ['cmake', 'python']
[1.067s] Level 1:colcon.colcon_core.package_identification:_identify(venv/lib/python3.10/site-packages/numpy/core/tests/examples/cython/__pycache__) by extension 'cmake'
[1.067s] Level 1:colcon.colcon_core.package_identification:_identify(venv/lib/python3.10/site-packages/numpy/core/tests/examples/cython/__pycache__) by extension 'python'
[1.067s] Level 1:colcon.colcon_core.package_identification:_identify(venv/lib/python3.10/site-packages/numpy/core/tests/examples/cython/__pycache__) by extensions ['python_setup_py']
[1.067s] Level 1:colcon.colcon_core.package_identification:_identify(venv/lib/python3.10/site-packages/numpy/core/tests/examples/cython/__pycache__) by extension 'python_setup_py'
[1.067s] Level 1:colcon.colcon_core.package_identification:_identify(venv/lib/python3.10/site-packages/numpy/core/tests/examples/limited_api) by extensions ['ignore', 'ignore_ament_install']
[1.067s] Level 1:colcon.colcon_core.package_identification:_identify(venv/lib/python3.10/site-packages/numpy/core/tests/examples/limited_api) by extension 'ignore'
[1.067s] Level 1:colcon.colcon_core.package_identification:_identify(venv/lib/python3.10/site-packages/numpy/core/tests/examples/limited_api) by extension 'ignore_ament_install'
[1.067s] Level 1:colcon.colcon_core.package_identification:_identify(venv/lib/python3.10/site-packages/numpy/core/tests/examples/limited_api) by extensions ['colcon_pkg']
[1.067s] Level 1:colcon.colcon_core.package_identification:_identify(venv/lib/python3.10/site-packages/numpy/core/tests/examples/limited_api) by extension 'colcon_pkg'
[1.067s] Level 1:colcon.colcon_core.package_identification:_identify(venv/lib/python3.10/site-packages/numpy/core/tests/examples/limited_api) by extensions ['colcon_meta']
[1.067s] Level 1:colcon.colcon_core.package_identification:_identify(venv/lib/python3.10/site-packages/numpy/core/tests/examples/limited_api) by extension 'colcon_meta'
[1.067s] Level 1:colcon.colcon_core.package_identification:_identify(venv/lib/python3.10/site-packages/numpy/core/tests/examples/limited_api) by extensions ['ros']
[1.067s] Level 1:colcon.colcon_core.package_identification:_identify(venv/lib/python3.10/site-packages/numpy/core/tests/examples/limited_api) by extension 'ros'
[1.067s] Level 1:colcon.colcon_core.package_identification:_identify(venv/lib/python3.10/site-packages/numpy/core/tests/examples/limited_api) by extensions ['cmake', 'python']
[1.067s] Level 1:colcon.colcon_core.package_identification:_identify(venv/lib/python3.10/site-packages/numpy/core/tests/examples/limited_api) by extension 'cmake'
[1.067s] Level 1:colcon.colcon_core.package_identification:_identify(venv/lib/python3.10/site-packages/numpy/core/tests/examples/limited_api) by extension 'python'
[1.067s] Level 1:colcon.colcon_core.package_identification:_identify(venv/lib/python3.10/site-packages/numpy/core/tests/examples/limited_api) by extensions ['python_setup_py']
[1.067s] Level 1:colcon.colcon_core.package_identification:_identify(venv/lib/python3.10/site-packages/numpy/core/tests/examples/limited_api) by extension 'python_setup_py'
[1.301s] ERROR:colcon.colcon_core.package_identification:Failed to determine Python package name in 'venv/lib/python3.10/site-packages/numpy/core/tests/examples/limited_api'
[1.301s] ERROR:colcon.colcon_core.package_identification:Exception in package identification extension 'python_setup_py' in 'venv/lib/python3.10/site-packages/numpy/core/tests/examples/limited_api': Failed to determine Python package name in 'venv/lib/python3.10/site-packages/numpy/core/tests/examples/limited_api'
Traceback (most recent call last):
  File "/usr/lib/python3/dist-packages/colcon_core/package_identification/__init__.py", line 144, in _identify
    retval = extension.identify(_reused_descriptor_instance)
  File "/usr/lib/python3/dist-packages/colcon_python_setup_py/package_identification/python_setup_py.py", line 57, in identify
    raise RuntimeError(
RuntimeError: Failed to determine Python package name in 'venv/lib/python3.10/site-packages/numpy/core/tests/examples/limited_api'

[1.301s] Level 1:colcon.colcon_core.package_identification:_identify(venv/lib/python3.10/site-packages/numpy/core/tests/examples/limited_api/__pycache__) by extensions ['ignore', 'ignore_ament_install']
[1.301s] Level 1:colcon.colcon_core.package_identification:_identify(venv/lib/python3.10/site-packages/numpy/core/tests/examples/limited_api/__pycache__) by extension 'ignore'
[1.301s] Level 1:colcon.colcon_core.package_identification:_identify(venv/lib/python3.10/site-packages/numpy/core/tests/examples/limited_api/__pycache__) by extension 'ignore_ament_install'
[1.301s] Level 1:colcon.colcon_core.package_identification:_identify(venv/lib/python3.10/site-packages/numpy/core/tests/examples/limited_api/__pycache__) by extensions ['colcon_pkg']
[1.301s] Level 1:colcon.colcon_core.package_identification:_identify(venv/lib/python3.10/site-packages/numpy/core/tests/examples/limited_api/__pycache__) by extension 'colcon_pkg'
[1.301s] Level 1:colcon.colcon_core.package_identification:_identify(venv/lib/python3.10/site-packages/numpy/core/tests/examples/limited_api/__pycache__) by extensions ['colcon_meta']
[1.301s] Level 1:colcon.colcon_core.package_identification:_identify(venv/lib/python3.10/site-packages/numpy/core/tests/examples/limited_api/__pycache__) by extension 'colcon_meta'
[1.301s] Level 1:colcon.colcon_core.package_identification:_identify(venv/lib/python3.10/site-packages/numpy/core/tests/examples/limited_api/__pycache__) by extensions ['ros']
[1.301s] Level 1:colcon.colcon_core.package_identification:_identify(venv/lib/python3.10/site-packages/numpy/core/tests/examples/limited_api/__pycache__) by extension 'ros'
[1.302s] Level 1:colcon.colcon_core.package_identification:_identify(venv/lib/python3.10/site-packages/numpy/core/tests/examples/limited_api/__pycache__) by extensions ['cmake', 'python']
[1.302s] Level 1:colcon.colcon_core.package_identification:_identify(venv/lib/python3.10/site-packages/numpy/core/tests/examples/limited_api/__pycache__) by extension 'cmake'
[1.302s] Level 1:colcon.colcon_core.package_identification:_identify(venv/lib/python3.10/site-packages/numpy/core/tests/examples/limited_api/__pycache__) by extension 'python'
[1.302s] Level 1:colcon.colcon_core.package_identification:_identify(venv/lib/python3.10/site-packages/numpy/core/tests/examples/limited_api/__pycache__) by extensions ['python_setup_py']
[1.302s] Level 1:colcon.colcon_core.package_identification:_identify(venv/lib/python3.10/site-packages/numpy/core/tests/examples/limited_api/__pycache__) by extension 'python_setup_py'
[1.302s] Level 1:colcon.colcon_core.package_identification:_identify(venv/lib/python3.10/site-packages/numpy/distutils) by extensions ['ignore', 'ignore_ament_install']
[1.302s] Level 1:colcon.colcon_core.package_identification:_identify(venv/lib/python3.10/site-packages/numpy/distutils) by extension 'ignore'
[1.302s] Level 1:colcon.colcon_core.package_identification:_identify(venv/lib/python3.10/site-packages/numpy/distutils) by extension 'ignore_ament_install'
[1.302s] Level 1:colcon.colcon_core.package_identification:_identify(venv/lib/python3.10/site-packages/numpy/distutils) by extensions ['colcon_pkg']
[1.302s] Level 1:colcon.colcon_core.package_identification:_identify(venv/lib/python3.10/site-packages/numpy/distutils) by extension 'colcon_pkg'
[1.302s] Level 1:colcon.colcon_core.package_identification:_identify(venv/lib/python3.10/site-packages/numpy/distutils) by extensions ['colcon_meta']
[1.302s] Level 1:colcon.colcon_core.package_identification:_identify(venv/lib/python3.10/site-packages/numpy/distutils) by extension 'colcon_meta'
[1.302s] Level 1:colcon.colcon_core.package_identification:_identify(venv/lib/python3.10/site-packages/numpy/distutils) by extensions ['ros']
[1.302s] Level 1:colcon.colcon_core.package_identification:_identify(venv/lib/python3.10/site-packages/numpy/distutils) by extension 'ros'
[1.302s] Level 1:colcon.colcon_core.package_identification:_identify(venv/lib/python3.10/site-packages/numpy/distutils) by extensions ['cmake', 'python']
[1.302s] Level 1:colcon.colcon_core.package_identification:_identify(venv/lib/python3.10/site-packages/numpy/distutils) by extension 'cmake'
[1.302s] Level 1:colcon.colcon_core.package_identification:_identify(venv/lib/python3.10/site-packages/numpy/distutils) by extension 'python'
[1.302s] Level 1:colcon.colcon_core.package_identification:_identify(venv/lib/python3.10/site-packages/numpy/distutils) by extensions ['python_setup_py']
[1.302s] Level 1:colcon.colcon_core.package_identification:_identify(venv/lib/python3.10/site-packages/numpy/distutils) by extension 'python_setup_py'
[1.480s] ERROR:colcon.colcon_core.package_identification:Exception in package identification extension 'python_setup_py' in 'venv/lib/python3.10/site-packages/numpy/distutils': Command '['/usr/bin/python3', '-c', 'import sys;from contextlib import suppress;exec("with suppress(ImportError):    from setuptools.extern.packaging.specifiers    import SpecifierSet");exec("with suppress(ImportError):    from packaging.specifiers import SpecifierSet");from distutils.core import run_setup;dist = run_setup(    \'setup.py\', script_args=(\'--dry-run\',), stop_after=\'config\');skip_keys = (\'cmdclass\', \'distclass\', \'ext_modules\', \'metadata\');data = {    key: value for key, value in dist.__dict__.items()     if (        not key.startswith(\'_\') and         not callable(value) and         key not in skip_keys and         key not in dist.display_option_names    )};data[\'metadata\'] = {    k: v for k, v in dist.metadata.__dict__.items()     if k not in (\'license_files\', \'provides_extras\')};sys.stdout.buffer.write(repr(data).encode(\'utf-8\'))']' returned non-zero exit status 1.
Traceback (most recent call last):
  File "/usr/lib/python3/dist-packages/colcon_core/package_identification/__init__.py", line 144, in _identify
    retval = extension.identify(_reused_descriptor_instance)
  File "/usr/lib/python3/dist-packages/colcon_python_setup_py/package_identification/python_setup_py.py", line 48, in identify
    config = get_setup_information(setup_py)
  File "/usr/lib/python3/dist-packages/colcon_python_setup_py/package_identification/python_setup_py.py", line 249, in get_setup_information
    _setup_information_cache[hashable_env] = _get_setup_information(
  File "/usr/lib/python3/dist-packages/colcon_python_setup_py/package_identification/python_setup_py.py", line 296, in _get_setup_information
    result = subprocess.run(
  File "/usr/lib/python3.10/subprocess.py", line 526, in run
    raise CalledProcessError(retcode, process.args,
subprocess.CalledProcessError: Command '['/usr/bin/python3', '-c', 'import sys;from contextlib import suppress;exec("with suppress(ImportError):    from setuptools.extern.packaging.specifiers    import SpecifierSet");exec("with suppress(ImportError):    from packaging.specifiers import SpecifierSet");from distutils.core import run_setup;dist = run_setup(    \'setup.py\', script_args=(\'--dry-run\',), stop_after=\'config\');skip_keys = (\'cmdclass\', \'distclass\', \'ext_modules\', \'metadata\');data = {    key: value for key, value in dist.__dict__.items()     if (        not key.startswith(\'_\') and         not callable(value) and         key not in skip_keys and         key not in dist.display_option_names    )};data[\'metadata\'] = {    k: v for k, v in dist.metadata.__dict__.items()     if k not in (\'license_files\', \'provides_extras\')};sys.stdout.buffer.write(repr(data).encode(\'utf-8\'))']' returned non-zero exit status 1.

[1.480s] Level 1:colcon.colcon_core.package_identification:_identify(venv/lib/python3.10/site-packages/numpy/distutils/__pycache__) by extensions ['ignore', 'ignore_ament_install']
[1.480s] Level 1:colcon.colcon_core.package_identification:_identify(venv/lib/python3.10/site-packages/numpy/distutils/__pycache__) by extension 'ignore'
[1.480s] Level 1:colcon.colcon_core.package_identification:_identify(venv/lib/python3.10/site-packages/numpy/distutils/__pycache__) by extension 'ignore_ament_install'
[1.480s] Level 1:colcon.colcon_core.package_identification:_identify(venv/lib/python3.10/site-packages/numpy/distutils/__pycache__) by extensions ['colcon_pkg']
[1.481s] Level 1:colcon.colcon_core.package_identification:_identify(venv/lib/python3.10/site-packages/numpy/distutils/__pycache__) by extension 'colcon_pkg'
[1.481s] Level 1:colcon.colcon_core.package_identification:_identify(venv/lib/python3.10/site-packages/numpy/distutils/__pycache__) by extensions ['colcon_meta']
[1.481s] Level 1:colcon.colcon_core.package_identification:_identify(venv/lib/python3.10/site-packages/numpy/distutils/__pycache__) by extension 'colcon_meta'
[1.481s] Level 1:colcon.colcon_core.package_identification:_identify(venv/lib/python3.10/site-packages/numpy/distutils/__pycache__) by extensions ['ros']
[1.481s] Level 1:colcon.colcon_core.package_identification:_identify(venv/lib/python3.10/site-packages/numpy/distutils/__pycache__) by extension 'ros'
[1.481s] Level 1:colcon.colcon_core.package_identification:_identify(venv/lib/python3.10/site-packages/numpy/distutils/__pycache__) by extensions ['cmake', 'python']
[1.481s] Level 1:colcon.colcon_core.package_identification:_identify(venv/lib/python3.10/site-packages/numpy/distutils/__pycache__) by extension 'cmake'
[1.481s] Level 1:colcon.colcon_core.package_identification:_identify(venv/lib/python3.10/site-packages/numpy/distutils/__pycache__) by extension 'python'
[1.481s] Level 1:colcon.colcon_core.package_identification:_identify(venv/lib/python3.10/site-packages/numpy/distutils/__pycache__) by extensions ['python_setup_py']
[1.481s] Level 1:colcon.colcon_core.package_identification:_identify(venv/lib/python3.10/site-packages/numpy/distutils/__pycache__) by extension 'python_setup_py'
[1.481s] Level 1:colcon.colcon_core.package_identification:_identify(venv/lib/python3.10/site-packages/numpy/distutils/checks) by extensions ['ignore', 'ignore_ament_install']
[1.481s] Level 1:colcon.colcon_core.package_identification:_identify(venv/lib/python3.10/site-packages/numpy/distutils/checks) by extension 'ignore'
[1.481s] Level 1:colcon.colcon_core.package_identification:_identify(venv/lib/python3.10/site-packages/numpy/distutils/checks) by extension 'ignore_ament_install'
[1.481s] Level 1:colcon.colcon_core.package_identification:_identify(venv/lib/python3.10/site-packages/numpy/distutils/checks) by extensions ['colcon_pkg']
[1.481s] Level 1:colcon.colcon_core.package_identification:_identify(venv/lib/python3.10/site-packages/numpy/distutils/checks) by extension 'colcon_pkg'
[1.481s] Level 1:colcon.colcon_core.package_identification:_identify(venv/lib/python3.10/site-packages/numpy/distutils/checks) by extensions ['colcon_meta']
[1.481s] Level 1:colcon.colcon_core.package_identification:_identify(venv/lib/python3.10/site-packages/numpy/distutils/checks) by extension 'colcon_meta'
[1.481s] Level 1:colcon.colcon_core.package_identification:_identify(venv/lib/python3.10/site-packages/numpy/distutils/checks) by extensions ['ros']
[1.481s] Level 1:colcon.colcon_core.package_identification:_identify(venv/lib/python3.10/site-packages/numpy/distutils/checks) by extension 'ros'
[1.481s] Level 1:colcon.colcon_core.package_identification:_identify(venv/lib/python3.10/site-packages/numpy/distutils/checks) by extensions ['cmake', 'python']
[1.481s] Level 1:colcon.colcon_core.package_identification:_identify(venv/lib/python3.10/site-packages/numpy/distutils/checks) by extension 'cmake'
[1.481s] Level 1:colcon.colcon_core.package_identification:_identify(venv/lib/python3.10/site-packages/numpy/distutils/checks) by extension 'python'
[1.481s] Level 1:colcon.colcon_core.package_identification:_identify(venv/lib/python3.10/site-packages/numpy/distutils/checks) by extensions ['python_setup_py']
[1.481s] Level 1:colcon.colcon_core.package_identification:_identify(venv/lib/python3.10/site-packages/numpy/distutils/checks) by extension 'python_setup_py'
[1.482s] Level 1:colcon.colcon_core.package_identification:_identify(venv/lib/python3.10/site-packages/numpy/distutils/command) by extensions ['ignore', 'ignore_ament_install']
[1.482s] Level 1:colcon.colcon_core.package_identification:_identify(venv/lib/python3.10/site-packages/numpy/distutils/command) by extension 'ignore'
[1.482s] Level 1:colcon.colcon_core.package_identification:_identify(venv/lib/python3.10/site-packages/numpy/distutils/command) by extension 'ignore_ament_install'
[1.482s] Level 1:colcon.colcon_core.package_identification:_identify(venv/lib/python3.10/site-packages/numpy/distutils/command) by extensions ['colcon_pkg']
[1.482s] Level 1:colcon.colcon_core.package_identification:_identify(venv/lib/python3.10/site-packages/numpy/distutils/command) by extension 'colcon_pkg'
[1.482s] Level 1:colcon.colcon_core.package_identification:_identify(venv/lib/python3.10/site-packages/numpy/distutils/command) by extensions ['colcon_meta']
[1.482s] Level 1:colcon.colcon_core.package_identification:_identify(venv/lib/python3.10/site-packages/numpy/distutils/command) by extension 'colcon_meta'
[1.482s] Level 1:colcon.colcon_core.package_identification:_identify(venv/lib/python3.10/site-packages/numpy/distutils/command) by extensions ['ros']
[1.482s] Level 1:colcon.colcon_core.package_identification:_identify(venv/lib/python3.10/site-packages/numpy/distutils/command) by extension 'ros'
[1.482s] Level 1:colcon.colcon_core.package_identification:_identify(venv/lib/python3.10/site-packages/numpy/distutils/command) by extensions ['cmake', 'python']
[1.482s] Level 1:colcon.colcon_core.package_identification:_identify(venv/lib/python3.10/site-packages/numpy/distutils/command) by extension 'cmake'
[1.482s] Level 1:colcon.colcon_core.package_identification:_identify(venv/lib/python3.10/site-packages/numpy/distutils/command) by extension 'python'
[1.482s] Level 1:colcon.colcon_core.package_identification:_identify(venv/lib/python3.10/site-packages/numpy/distutils/command) by extensions ['python_setup_py']
[1.482s] Level 1:colcon.colcon_core.package_identification:_identify(venv/lib/python3.10/site-packages/numpy/distutils/command) by extension 'python_setup_py'
[1.482s] Level 1:colcon.colcon_core.package_identification:_identify(venv/lib/python3.10/site-packages/numpy/distutils/command/__pycache__) by extensions ['ignore', 'ignore_ament_install']
[1.482s] Level 1:colcon.colcon_core.package_identification:_identify(venv/lib/python3.10/site-packages/numpy/distutils/command/__pycache__) by extension 'ignore'
[1.482s] Level 1:colcon.colcon_core.package_identification:_identify(venv/lib/python3.10/site-packages/numpy/distutils/command/__pycache__) by extension 'ignore_ament_install'
[1.482s] Level 1:colcon.colcon_core.package_identification:_identify(venv/lib/python3.10/site-packages/numpy/distutils/command/__pycache__) by extensions ['colcon_pkg']
[1.482s] Level 1:colcon.colcon_core.package_identification:_identify(venv/lib/python3.10/site-packages/numpy/distutils/command/__pycache__) by extension 'colcon_pkg'
[1.482s] Level 1:colcon.colcon_core.package_identification:_identify(venv/lib/python3.10/site-packages/numpy/distutils/command/__pycache__) by extensions ['colcon_meta']
[1.482s] Level 1:colcon.colcon_core.package_identification:_identify(venv/lib/python3.10/site-packages/numpy/distutils/command/__pycache__) by extension 'colcon_meta'
[1.482s] Level 1:colcon.colcon_core.package_identification:_identify(venv/lib/python3.10/site-packages/numpy/distutils/command/__pycache__) by extensions ['ros']
[1.482s] Level 1:colcon.colcon_core.package_identification:_identify(venv/lib/python3.10/site-packages/numpy/distutils/command/__pycache__) by extension 'ros'
[1.482s] Level 1:colcon.colcon_core.package_identification:_identify(venv/lib/python3.10/site-packages/numpy/distutils/command/__pycache__) by extensions ['cmake', 'python']
[1.482s] Level 1:colcon.colcon_core.package_identification:_identify(venv/lib/python3.10/site-packages/numpy/distutils/command/__pycache__) by extension 'cmake'
[1.482s] Level 1:colcon.colcon_core.package_identification:_identify(venv/lib/python3.10/site-packages/numpy/distutils/command/__pycache__) by extension 'python'
[1.483s] Level 1:colcon.colcon_core.package_identification:_identify(venv/lib/python3.10/site-packages/numpy/distutils/command/__pycache__) by extensions ['python_setup_py']
[1.483s] Level 1:colcon.colcon_core.package_identification:_identify(venv/lib/python3.10/site-packages/numpy/distutils/command/__pycache__) by extension 'python_setup_py'
[1.483s] Level 1:colcon.colcon_core.package_identification:_identify(venv/lib/python3.10/site-packages/numpy/distutils/fcompiler) by extensions ['ignore', 'ignore_ament_install']
[1.483s] Level 1:colcon.colcon_core.package_identification:_identify(venv/lib/python3.10/site-packages/numpy/distutils/fcompiler) by extension 'ignore'
[1.483s] Level 1:colcon.colcon_core.package_identification:_identify(venv/lib/python3.10/site-packages/numpy/distutils/fcompiler) by extension 'ignore_ament_install'
[1.483s] Level 1:colcon.colcon_core.package_identification:_identify(venv/lib/python3.10/site-packages/numpy/distutils/fcompiler) by extensions ['colcon_pkg']
[1.483s] Level 1:colcon.colcon_core.package_identification:_identify(venv/lib/python3.10/site-packages/numpy/distutils/fcompiler) by extension 'colcon_pkg'
[1.483s] Level 1:colcon.colcon_core.package_identification:_identify(venv/lib/python3.10/site-packages/numpy/distutils/fcompiler) by extensions ['colcon_meta']
[1.483s] Level 1:colcon.colcon_core.package_identification:_identify(venv/lib/python3.10/site-packages/numpy/distutils/fcompiler) by extension 'colcon_meta'
[1.483s] Level 1:colcon.colcon_core.package_identification:_identify(venv/lib/python3.10/site-packages/numpy/distutils/fcompiler) by extensions ['ros']
[1.483s] Level 1:colcon.colcon_core.package_identification:_identify(venv/lib/python3.10/site-packages/numpy/distutils/fcompiler) by extension 'ros'
[1.483s] Level 1:colcon.colcon_core.package_identification:_identify(venv/lib/python3.10/site-packages/numpy/distutils/fcompiler) by extensions ['cmake', 'python']
[1.483s] Level 1:colcon.colcon_core.package_identification:_identify(venv/lib/python3.10/site-packages/numpy/distutils/fcompiler) by extension 'cmake'
[1.483s] Level 1:colcon.colcon_core.package_identification:_identify(venv/lib/python3.10/site-packages/numpy/distutils/fcompiler) by extension 'python'
[1.483s] Level 1:colcon.colcon_core.package_identification:_identify(venv/lib/python3.10/site-packages/numpy/distutils/fcompiler) by extensions ['python_setup_py']
[1.483s] Level 1:colcon.colcon_core.package_identification:_identify(venv/lib/python3.10/site-packages/numpy/distutils/fcompiler) by extension 'python_setup_py'
[1.483s] Level 1:colcon.colcon_core.package_identification:_identify(venv/lib/python3.10/site-packages/numpy/distutils/fcompiler/__pycache__) by extensions ['ignore', 'ignore_ament_install']
[1.483s] Level 1:colcon.colcon_core.package_identification:_identify(venv/lib/python3.10/site-packages/numpy/distutils/fcompiler/__pycache__) by extension 'ignore'
[1.483s] Level 1:colcon.colcon_core.package_identification:_identify(venv/lib/python3.10/site-packages/numpy/distutils/fcompiler/__pycache__) by extension 'ignore_ament_install'
[1.483s] Level 1:colcon.colcon_core.package_identification:_identify(venv/lib/python3.10/site-packages/numpy/distutils/fcompiler/__pycache__) by extensions ['colcon_pkg']
[1.483s] Level 1:colcon.colcon_core.package_identification:_identify(venv/lib/python3.10/site-packages/numpy/distutils/fcompiler/__pycache__) by extension 'colcon_pkg'
[1.483s] Level 1:colcon.colcon_core.package_identification:_identify(venv/lib/python3.10/site-packages/numpy/distutils/fcompiler/__pycache__) by extensions ['colcon_meta']
[1.483s] Level 1:colcon.colcon_core.package_identification:_identify(venv/lib/python3.10/site-packages/numpy/distutils/fcompiler/__pycache__) by extension 'colcon_meta'
[1.483s] Level 1:colcon.colcon_core.package_identification:_identify(venv/lib/python3.10/site-packages/numpy/distutils/fcompiler/__pycache__) by extensions ['ros']
[1.483s] Level 1:colcon.colcon_core.package_identification:_identify(venv/lib/python3.10/site-packages/numpy/distutils/fcompiler/__pycache__) by extension 'ros'
[1.483s] Level 1:colcon.colcon_core.package_identification:_identify(venv/lib/python3.10/site-packages/numpy/distutils/fcompiler/__pycache__) by extensions ['cmake', 'python']
[1.484s] Level 1:colcon.colcon_core.package_identification:_identify(venv/lib/python3.10/site-packages/numpy/distutils/fcompiler/__pycache__) by extension 'cmake'
[1.484s] Level 1:colcon.colcon_core.package_identification:_identify(venv/lib/python3.10/site-packages/numpy/distutils/fcompiler/__pycache__) by extension 'python'
[1.484s] Level 1:colcon.colcon_core.package_identification:_identify(venv/lib/python3.10/site-packages/numpy/distutils/fcompiler/__pycache__) by extensions ['python_setup_py']
[1.484s] Level 1:colcon.colcon_core.package_identification:_identify(venv/lib/python3.10/site-packages/numpy/distutils/fcompiler/__pycache__) by extension 'python_setup_py'
[1.484s] Level 1:colcon.colcon_core.package_identification:_identify(venv/lib/python3.10/site-packages/numpy/distutils/mingw) by extensions ['ignore', 'ignore_ament_install']
[1.484s] Level 1:colcon.colcon_core.package_identification:_identify(venv/lib/python3.10/site-packages/numpy/distutils/mingw) by extension 'ignore'
[1.484s] Level 1:colcon.colcon_core.package_identification:_identify(venv/lib/python3.10/site-packages/numpy/distutils/mingw) by extension 'ignore_ament_install'
[1.484s] Level 1:colcon.colcon_core.package_identification:_identify(venv/lib/python3.10/site-packages/numpy/distutils/mingw) by extensions ['colcon_pkg']
[1.484s] Level 1:colcon.colcon_core.package_identification:_identify(venv/lib/python3.10/site-packages/numpy/distutils/mingw) by extension 'colcon_pkg'
[1.484s] Level 1:colcon.colcon_core.package_identification:_identify(venv/lib/python3.10/site-packages/numpy/distutils/mingw) by extensions ['colcon_meta']
[1.484s] Level 1:colcon.colcon_core.package_identification:_identify(venv/lib/python3.10/site-packages/numpy/distutils/mingw) by extension 'colcon_meta'
[1.484s] Level 1:colcon.colcon_core.package_identification:_identify(venv/lib/python3.10/site-packages/numpy/distutils/mingw) by extensions ['ros']
[1.484s] Level 1:colcon.colcon_core.package_identification:_identify(venv/lib/python3.10/site-packages/numpy/distutils/mingw) by extension 'ros'
[1.484s] Level 1:colcon.colcon_core.package_identification:_identify(venv/lib/python3.10/site-packages/numpy/distutils/mingw) by extensions ['cmake', 'python']
[1.484s] Level 1:colcon.colcon_core.package_identification:_identify(venv/lib/python3.10/site-packages/numpy/distutils/mingw) by extension 'cmake'
[1.484s] Level 1:colcon.colcon_core.package_identification:_identify(venv/lib/python3.10/site-packages/numpy/distutils/mingw) by extension 'python'
[1.484s] Level 1:colcon.colcon_core.package_identification:_identify(venv/lib/python3.10/site-packages/numpy/distutils/mingw) by extensions ['python_setup_py']
[1.484s] Level 1:colcon.colcon_core.package_identification:_identify(venv/lib/python3.10/site-packages/numpy/distutils/mingw) by extension 'python_setup_py'
[1.484s] Level 1:colcon.colcon_core.package_identification:_identify(venv/lib/python3.10/site-packages/numpy/distutils/tests) by extensions ['ignore', 'ignore_ament_install']
[1.484s] Level 1:colcon.colcon_core.package_identification:_identify(venv/lib/python3.10/site-packages/numpy/distutils/tests) by extension 'ignore'
[1.484s] Level 1:colcon.colcon_core.package_identification:_identify(venv/lib/python3.10/site-packages/numpy/distutils/tests) by extension 'ignore_ament_install'
[1.484s] Level 1:colcon.colcon_core.package_identification:_identify(venv/lib/python3.10/site-packages/numpy/distutils/tests) by extensions ['colcon_pkg']
[1.484s] Level 1:colcon.colcon_core.package_identification:_identify(venv/lib/python3.10/site-packages/numpy/distutils/tests) by extension 'colcon_pkg'
[1.484s] Level 1:colcon.colcon_core.package_identification:_identify(venv/lib/python3.10/site-packages/numpy/distutils/tests) by extensions ['colcon_meta']
[1.484s] Level 1:colcon.colcon_core.package_identification:_identify(venv/lib/python3.10/site-packages/numpy/distutils/tests) by extension 'colcon_meta'
[1.484s] Level 1:colcon.colcon_core.package_identification:_identify(venv/lib/python3.10/site-packages/numpy/distutils/tests) by extensions ['ros']
[1.484s] Level 1:colcon.colcon_core.package_identification:_identify(venv/lib/python3.10/site-packages/numpy/distutils/tests) by extension 'ros'
[1.484s] Level 1:colcon.colcon_core.package_identification:_identify(venv/lib/python3.10/site-packages/numpy/distutils/tests) by extensions ['cmake', 'python']
[1.484s] Level 1:colcon.colcon_core.package_identification:_identify(venv/lib/python3.10/site-packages/numpy/distutils/tests) by extension 'cmake'
[1.484s] Level 1:colcon.colcon_core.package_identification:_identify(venv/lib/python3.10/site-packages/numpy/distutils/tests) by extension 'python'
[1.484s] Level 1:colcon.colcon_core.package_identification:_identify(venv/lib/python3.10/site-packages/numpy/distutils/tests) by extensions ['python_setup_py']
[1.485s] Level 1:colcon.colcon_core.package_identification:_identify(venv/lib/python3.10/site-packages/numpy/distutils/tests) by extension 'python_setup_py'
[1.485s] Level 1:colcon.colcon_core.package_identification:_identify(venv/lib/python3.10/site-packages/numpy/distutils/tests/__pycache__) by extensions ['ignore', 'ignore_ament_install']
[1.485s] Level 1:colcon.colcon_core.package_identification:_identify(venv/lib/python3.10/site-packages/numpy/distutils/tests/__pycache__) by extension 'ignore'
[1.485s] Level 1:colcon.colcon_core.package_identification:_identify(venv/lib/python3.10/site-packages/numpy/distutils/tests/__pycache__) by extension 'ignore_ament_install'
[1.485s] Level 1:colcon.colcon_core.package_identification:_identify(venv/lib/python3.10/site-packages/numpy/distutils/tests/__pycache__) by extensions ['colcon_pkg']
[1.485s] Level 1:colcon.colcon_core.package_identification:_identify(venv/lib/python3.10/site-packages/numpy/distutils/tests/__pycache__) by extension 'colcon_pkg'
[1.485s] Level 1:colcon.colcon_core.package_identification:_identify(venv/lib/python3.10/site-packages/numpy/distutils/tests/__pycache__) by extensions ['colcon_meta']
[1.485s] Level 1:colcon.colcon_core.package_identification:_identify(venv/lib/python3.10/site-packages/numpy/distutils/tests/__pycache__) by extension 'colcon_meta'
[1.485s] Level 1:colcon.colcon_core.package_identification:_identify(venv/lib/python3.10/site-packages/numpy/distutils/tests/__pycache__) by extensions ['ros']
[1.485s] Level 1:colcon.colcon_core.package_identification:_identify(venv/lib/python3.10/site-packages/numpy/distutils/tests/__pycache__) by extension 'ros'
[1.485s] Level 1:colcon.colcon_core.package_identification:_identify(venv/lib/python3.10/site-packages/numpy/distutils/tests/__pycache__) by extensions ['cmake', 'python']
[1.485s] Level 1:colcon.colcon_core.package_identification:_identify(venv/lib/python3.10/site-packages/numpy/distutils/tests/__pycache__) by extension 'cmake'
[1.485s] Level 1:colcon.colcon_core.package_identification:_identify(venv/lib/python3.10/site-packages/numpy/distutils/tests/__pycache__) by extension 'python'
[1.485s] Level 1:colcon.colcon_core.package_identification:_identify(venv/lib/python3.10/site-packages/numpy/distutils/tests/__pycache__) by extensions ['python_setup_py']
[1.485s] Level 1:colcon.colcon_core.package_identification:_identify(venv/lib/python3.10/site-packages/numpy/distutils/tests/__pycache__) by extension 'python_setup_py'
[1.485s] Level 1:colcon.colcon_core.package_identification:_identify(venv/lib/python3.10/site-packages/numpy/doc) by extensions ['ignore', 'ignore_ament_install']
[1.485s] Level 1:colcon.colcon_core.package_identification:_identify(venv/lib/python3.10/site-packages/numpy/doc) by extension 'ignore'
[1.485s] Level 1:colcon.colcon_core.package_identification:_identify(venv/lib/python3.10/site-packages/numpy/doc) by extension 'ignore_ament_install'
[1.485s] Level 1:colcon.colcon_core.package_identification:_identify(venv/lib/python3.10/site-packages/numpy/doc) by extensions ['colcon_pkg']
[1.485s] Level 1:colcon.colcon_core.package_identification:_identify(venv/lib/python3.10/site-packages/numpy/doc) by extension 'colcon_pkg'
[1.485s] Level 1:colcon.colcon_core.package_identification:_identify(venv/lib/python3.10/site-packages/numpy/doc) by extensions ['colcon_meta']
[1.485s] Level 1:colcon.colcon_core.package_identification:_identify(venv/lib/python3.10/site-packages/numpy/doc) by extension 'colcon_meta'
[1.485s] Level 1:colcon.colcon_core.package_identification:_identify(venv/lib/python3.10/site-packages/numpy/doc) by extensions ['ros']
[1.485s] Level 1:colcon.colcon_core.package_identification:_identify(venv/lib/python3.10/site-packages/numpy/doc) by extension 'ros'
[1.485s] Level 1:colcon.colcon_core.package_identification:_identify(venv/lib/python3.10/site-packages/numpy/doc) by extensions ['cmake', 'python']
[1.485s] Level 1:colcon.colcon_core.package_identification:_identify(venv/lib/python3.10/site-packages/numpy/doc) by extension 'cmake'
[1.485s] Level 1:colcon.colcon_core.package_identification:_identify(venv/lib/python3.10/site-packages/numpy/doc) by extension 'python'
[1.485s] Level 1:colcon.colcon_core.package_identification:_identify(venv/lib/python3.10/site-packages/numpy/doc) by extensions ['python_setup_py']
[1.485s] Level 1:colcon.colcon_core.package_identification:_identify(venv/lib/python3.10/site-packages/numpy/doc) by extension 'python_setup_py'
[1.486s] Level 1:colcon.colcon_core.package_identification:_identify(venv/lib/python3.10/site-packages/numpy/doc/__pycache__) by extensions ['ignore', 'ignore_ament_install']
[1.486s] Level 1:colcon.colcon_core.package_identification:_identify(venv/lib/python3.10/site-packages/numpy/doc/__pycache__) by extension 'ignore'
[1.486s] Level 1:colcon.colcon_core.package_identification:_identify(venv/lib/python3.10/site-packages/numpy/doc/__pycache__) by extension 'ignore_ament_install'
[1.486s] Level 1:colcon.colcon_core.package_identification:_identify(venv/lib/python3.10/site-packages/numpy/doc/__pycache__) by extensions ['colcon_pkg']
[1.486s] Level 1:colcon.colcon_core.package_identification:_identify(venv/lib/python3.10/site-packages/numpy/doc/__pycache__) by extension 'colcon_pkg'
[1.486s] Level 1:colcon.colcon_core.package_identification:_identify(venv/lib/python3.10/site-packages/numpy/doc/__pycache__) by extensions ['colcon_meta']
[1.486s] Level 1:colcon.colcon_core.package_identification:_identify(venv/lib/python3.10/site-packages/numpy/doc/__pycache__) by extension 'colcon_meta'
[1.486s] Level 1:colcon.colcon_core.package_identification:_identify(venv/lib/python3.10/site-packages/numpy/doc/__pycache__) by extensions ['ros']
[1.486s] Level 1:colcon.colcon_core.package_identification:_identify(venv/lib/python3.10/site-packages/numpy/doc/__pycache__) by extension 'ros'
[1.486s] Level 1:colcon.colcon_core.package_identification:_identify(venv/lib/python3.10/site-packages/numpy/doc/__pycache__) by extensions ['cmake', 'python']
[1.486s] Level 1:colcon.colcon_core.package_identification:_identify(venv/lib/python3.10/site-packages/numpy/doc/__pycache__) by extension 'cmake'
[1.486s] Level 1:colcon.colcon_core.package_identification:_identify(venv/lib/python3.10/site-packages/numpy/doc/__pycache__) by extension 'python'
[1.486s] Level 1:colcon.colcon_core.package_identification:_identify(venv/lib/python3.10/site-packages/numpy/doc/__pycache__) by extensions ['python_setup_py']
[1.486s] Level 1:colcon.colcon_core.package_identification:_identify(venv/lib/python3.10/site-packages/numpy/doc/__pycache__) by extension 'python_setup_py'
[1.486s] Level 1:colcon.colcon_core.package_identification:_identify(venv/lib/python3.10/site-packages/numpy/f2py) by extensions ['ignore', 'ignore_ament_install']
[1.486s] Level 1:colcon.colcon_core.package_identification:_identify(venv/lib/python3.10/site-packages/numpy/f2py) by extension 'ignore'
[1.486s] Level 1:colcon.colcon_core.package_identification:_identify(venv/lib/python3.10/site-packages/numpy/f2py) by extension 'ignore_ament_install'
[1.486s] Level 1:colcon.colcon_core.package_identification:_identify(venv/lib/python3.10/site-packages/numpy/f2py) by extensions ['colcon_pkg']
[1.486s] Level 1:colcon.colcon_core.package_identification:_identify(venv/lib/python3.10/site-packages/numpy/f2py) by extension 'colcon_pkg'
[1.486s] Level 1:colcon.colcon_core.package_identification:_identify(venv/lib/python3.10/site-packages/numpy/f2py) by extensions ['colcon_meta']
[1.486s] Level 1:colcon.colcon_core.package_identification:_identify(venv/lib/python3.10/site-packages/numpy/f2py) by extension 'colcon_meta'
[1.486s] Level 1:colcon.colcon_core.package_identification:_identify(venv/lib/python3.10/site-packages/numpy/f2py) by extensions ['ros']
[1.486s] Level 1:colcon.colcon_core.package_identification:_identify(venv/lib/python3.10/site-packages/numpy/f2py) by extension 'ros'
[1.486s] Level 1:colcon.colcon_core.package_identification:_identify(venv/lib/python3.10/site-packages/numpy/f2py) by extensions ['cmake', 'python']
[1.486s] Level 1:colcon.colcon_core.package_identification:_identify(venv/lib/python3.10/site-packages/numpy/f2py) by extension 'cmake'
[1.486s] Level 1:colcon.colcon_core.package_identification:_identify(venv/lib/python3.10/site-packages/numpy/f2py) by extension 'python'
[1.486s] DEBUG:colcon.colcon_core.package_identification:Python package in 'venv/lib/python3.10/site-packages/numpy/f2py' passes arguments to the setup() function which requires a different identification extension than 'python'
[1.486s] Level 1:colcon.colcon_core.package_identification:_identify(venv/lib/python3.10/site-packages/numpy/f2py) by extensions ['python_setup_py']
[1.486s] Level 1:colcon.colcon_core.package_identification:_identify(venv/lib/python3.10/site-packages/numpy/f2py) by extension 'python_setup_py'
[1.759s] ERROR:colcon.colcon_core.package_identification:Exception in package identification extension 'python_setup_py' in 'venv/lib/python3.10/site-packages/numpy/f2py': Command '['/usr/bin/python3', '-c', 'import sys;from contextlib import suppress;exec("with suppress(ImportError):    from setuptools.extern.packaging.specifiers    import SpecifierSet");exec("with suppress(ImportError):    from packaging.specifiers import SpecifierSet");from distutils.core import run_setup;dist = run_setup(    \'setup.py\', script_args=(\'--dry-run\',), stop_after=\'config\');skip_keys = (\'cmdclass\', \'distclass\', \'ext_modules\', \'metadata\');data = {    key: value for key, value in dist.__dict__.items()     if (        not key.startswith(\'_\') and         not callable(value) and         key not in skip_keys and         key not in dist.display_option_names    )};data[\'metadata\'] = {    k: v for k, v in dist.metadata.__dict__.items()     if k not in (\'license_files\', \'provides_extras\')};sys.stdout.buffer.write(repr(data).encode(\'utf-8\'))']' returned non-zero exit status 1.
Traceback (most recent call last):
  File "/usr/lib/python3/dist-packages/colcon_core/package_identification/__init__.py", line 144, in _identify
    retval = extension.identify(_reused_descriptor_instance)
  File "/usr/lib/python3/dist-packages/colcon_python_setup_py/package_identification/python_setup_py.py", line 48, in identify
    config = get_setup_information(setup_py)
  File "/usr/lib/python3/dist-packages/colcon_python_setup_py/package_identification/python_setup_py.py", line 249, in get_setup_information
    _setup_information_cache[hashable_env] = _get_setup_information(
  File "/usr/lib/python3/dist-packages/colcon_python_setup_py/package_identification/python_setup_py.py", line 296, in _get_setup_information
    result = subprocess.run(
  File "/usr/lib/python3.10/subprocess.py", line 526, in run
    raise CalledProcessError(retcode, process.args,
subprocess.CalledProcessError: Command '['/usr/bin/python3', '-c', 'import sys;from contextlib import suppress;exec("with suppress(ImportError):    from setuptools.extern.packaging.specifiers    import SpecifierSet");exec("with suppress(ImportError):    from packaging.specifiers import SpecifierSet");from distutils.core import run_setup;dist = run_setup(    \'setup.py\', script_args=(\'--dry-run\',), stop_after=\'config\');skip_keys = (\'cmdclass\', \'distclass\', \'ext_modules\', \'metadata\');data = {    key: value for key, value in dist.__dict__.items()     if (        not key.startswith(\'_\') and         not callable(value) and         key not in skip_keys and         key not in dist.display_option_names    )};data[\'metadata\'] = {    k: v for k, v in dist.metadata.__dict__.items()     if k not in (\'license_files\', \'provides_extras\')};sys.stdout.buffer.write(repr(data).encode(\'utf-8\'))']' returned non-zero exit status 1.

[1.759s] Level 1:colcon.colcon_core.package_identification:_identify(venv/lib/python3.10/site-packages/numpy/f2py/__pycache__) by extensions ['ignore', 'ignore_ament_install']
[1.759s] Level 1:colcon.colcon_core.package_identification:_identify(venv/lib/python3.10/site-packages/numpy/f2py/__pycache__) by extension 'ignore'
[1.760s] Level 1:colcon.colcon_core.package_identification:_identify(venv/lib/python3.10/site-packages/numpy/f2py/__pycache__) by extension 'ignore_ament_install'
[1.760s] Level 1:colcon.colcon_core.package_identification:_identify(venv/lib/python3.10/site-packages/numpy/f2py/__pycache__) by extensions ['colcon_pkg']
[1.760s] Level 1:colcon.colcon_core.package_identification:_identify(venv/lib/python3.10/site-packages/numpy/f2py/__pycache__) by extension 'colcon_pkg'
[1.760s] Level 1:colcon.colcon_core.package_identification:_identify(venv/lib/python3.10/site-packages/numpy/f2py/__pycache__) by extensions ['colcon_meta']
[1.760s] Level 1:colcon.colcon_core.package_identification:_identify(venv/lib/python3.10/site-packages/numpy/f2py/__pycache__) by extension 'colcon_meta'
[1.760s] Level 1:colcon.colcon_core.package_identification:_identify(venv/lib/python3.10/site-packages/numpy/f2py/__pycache__) by extensions ['ros']
[1.760s] Level 1:colcon.colcon_core.package_identification:_identify(venv/lib/python3.10/site-packages/numpy/f2py/__pycache__) by extension 'ros'
[1.760s] Level 1:colcon.colcon_core.package_identification:_identify(venv/lib/python3.10/site-packages/numpy/f2py/__pycache__) by extensions ['cmake', 'python']
[1.760s] Level 1:colcon.colcon_core.package_identification:_identify(venv/lib/python3.10/site-packages/numpy/f2py/__pycache__) by extension 'cmake'
[1.760s] Level 1:colcon.colcon_core.package_identification:_identify(venv/lib/python3.10/site-packages/numpy/f2py/__pycache__) by extension 'python'
[1.760s] Level 1:colcon.colcon_core.package_identification:_identify(venv/lib/python3.10/site-packages/numpy/f2py/__pycache__) by extensions ['python_setup_py']
[1.760s] Level 1:colcon.colcon_core.package_identification:_identify(venv/lib/python3.10/site-packages/numpy/f2py/__pycache__) by extension 'python_setup_py'
[1.760s] Level 1:colcon.colcon_core.package_identification:_identify(venv/lib/python3.10/site-packages/numpy/f2py/_backends) by extensions ['ignore', 'ignore_ament_install']
[1.760s] Level 1:colcon.colcon_core.package_identification:_identify(venv/lib/python3.10/site-packages/numpy/f2py/_backends) by extension 'ignore'
[1.761s] Level 1:colcon.colcon_core.package_identification:_identify(venv/lib/python3.10/site-packages/numpy/f2py/_backends) by extension 'ignore_ament_install'
[1.761s] Level 1:colcon.colcon_core.package_identification:_identify(venv/lib/python3.10/site-packages/numpy/f2py/_backends) by extensions ['colcon_pkg']
[1.761s] Level 1:colcon.colcon_core.package_identification:_identify(venv/lib/python3.10/site-packages/numpy/f2py/_backends) by extension 'colcon_pkg'
[1.761s] Level 1:colcon.colcon_core.package_identification:_identify(venv/lib/python3.10/site-packages/numpy/f2py/_backends) by extensions ['colcon_meta']
[1.761s] Level 1:colcon.colcon_core.package_identification:_identify(venv/lib/python3.10/site-packages/numpy/f2py/_backends) by extension 'colcon_meta'
[1.761s] Level 1:colcon.colcon_core.package_identification:_identify(venv/lib/python3.10/site-packages/numpy/f2py/_backends) by extensions ['ros']
[1.761s] Level 1:colcon.colcon_core.package_identification:_identify(venv/lib/python3.10/site-packages/numpy/f2py/_backends) by extension 'ros'
[1.761s] Level 1:colcon.colcon_core.package_identification:_identify(venv/lib/python3.10/site-packages/numpy/f2py/_backends) by extensions ['cmake', 'python']
[1.761s] Level 1:colcon.colcon_core.package_identification:_identify(venv/lib/python3.10/site-packages/numpy/f2py/_backends) by extension 'cmake'
[1.761s] Level 1:colcon.colcon_core.package_identification:_identify(venv/lib/python3.10/site-packages/numpy/f2py/_backends) by extension 'python'
[1.761s] Level 1:colcon.colcon_core.package_identification:_identify(venv/lib/python3.10/site-packages/numpy/f2py/_backends) by extensions ['python_setup_py']
[1.761s] Level 1:colcon.colcon_core.package_identification:_identify(venv/lib/python3.10/site-packages/numpy/f2py/_backends) by extension 'python_setup_py'
[1.761s] Level 1:colcon.colcon_core.package_identification:_identify(venv/lib/python3.10/site-packages/numpy/f2py/_backends/__pycache__) by extensions ['ignore', 'ignore_ament_install']
[1.761s] Level 1:colcon.colcon_core.package_identification:_identify(venv/lib/python3.10/site-packages/numpy/f2py/_backends/__pycache__) by extension 'ignore'
[1.761s] Level 1:colcon.colcon_core.package_identification:_identify(venv/lib/python3.10/site-packages/numpy/f2py/_backends/__pycache__) by extension 'ignore_ament_install'
[1.761s] Level 1:colcon.colcon_core.package_identification:_identify(venv/lib/python3.10/site-packages/numpy/f2py/_backends/__pycache__) by extensions ['colcon_pkg']
[1.761s] Level 1:colcon.colcon_core.package_identification:_identify(venv/lib/python3.10/site-packages/numpy/f2py/_backends/__pycache__) by extension 'colcon_pkg'
[1.761s] Level 1:colcon.colcon_core.package_identification:_identify(venv/lib/python3.10/site-packages/numpy/f2py/_backends/__pycache__) by extensions ['colcon_meta']
[1.761s] Level 1:colcon.colcon_core.package_identification:_identify(venv/lib/python3.10/site-packages/numpy/f2py/_backends/__pycache__) by extension 'colcon_meta'
[1.761s] Level 1:colcon.colcon_core.package_identification:_identify(venv/lib/python3.10/site-packages/numpy/f2py/_backends/__pycache__) by extensions ['ros']
[1.761s] Level 1:colcon.colcon_core.package_identification:_identify(venv/lib/python3.10/site-packages/numpy/f2py/_backends/__pycache__) by extension 'ros'
[1.761s] Level 1:colcon.colcon_core.package_identification:_identify(venv/lib/python3.10/site-packages/numpy/f2py/_backends/__pycache__) by extensions ['cmake', 'python']
[1.761s] Level 1:colcon.colcon_core.package_identification:_identify(venv/lib/python3.10/site-packages/numpy/f2py/_backends/__pycache__) by extension 'cmake'
[1.761s] Level 1:colcon.colcon_core.package_identification:_identify(venv/lib/python3.10/site-packages/numpy/f2py/_backends/__pycache__) by extension 'python'
[1.761s] Level 1:colcon.colcon_core.package_identification:_identify(venv/lib/python3.10/site-packages/numpy/f2py/_backends/__pycache__) by extensions ['python_setup_py']
[1.761s] Level 1:colcon.colcon_core.package_identification:_identify(venv/lib/python3.10/site-packages/numpy/f2py/_backends/__pycache__) by extension 'python_setup_py'
[1.761s] Level 1:colcon.colcon_core.package_identification:_identify(venv/lib/python3.10/site-packages/numpy/f2py/src) by extensions ['ignore', 'ignore_ament_install']
[1.761s] Level 1:colcon.colcon_core.package_identification:_identify(venv/lib/python3.10/site-packages/numpy/f2py/src) by extension 'ignore'
[1.762s] Level 1:colcon.colcon_core.package_identification:_identify(venv/lib/python3.10/site-packages/numpy/f2py/src) by extension 'ignore_ament_install'
[1.762s] Level 1:colcon.colcon_core.package_identification:_identify(venv/lib/python3.10/site-packages/numpy/f2py/src) by extensions ['colcon_pkg']
[1.762s] Level 1:colcon.colcon_core.package_identification:_identify(venv/lib/python3.10/site-packages/numpy/f2py/src) by extension 'colcon_pkg'
[1.762s] Level 1:colcon.colcon_core.package_identification:_identify(venv/lib/python3.10/site-packages/numpy/f2py/src) by extensions ['colcon_meta']
[1.762s] Level 1:colcon.colcon_core.package_identification:_identify(venv/lib/python3.10/site-packages/numpy/f2py/src) by extension 'colcon_meta'
[1.762s] Level 1:colcon.colcon_core.package_identification:_identify(venv/lib/python3.10/site-packages/numpy/f2py/src) by extensions ['ros']
[1.762s] Level 1:colcon.colcon_core.package_identification:_identify(venv/lib/python3.10/site-packages/numpy/f2py/src) by extension 'ros'
[1.762s] Level 1:colcon.colcon_core.package_identification:_identify(venv/lib/python3.10/site-packages/numpy/f2py/src) by extensions ['cmake', 'python']
[1.762s] Level 1:colcon.colcon_core.package_identification:_identify(venv/lib/python3.10/site-packages/numpy/f2py/src) by extension 'cmake'
[1.762s] Level 1:colcon.colcon_core.package_identification:_identify(venv/lib/python3.10/site-packages/numpy/f2py/src) by extension 'python'
[1.762s] Level 1:colcon.colcon_core.package_identification:_identify(venv/lib/python3.10/site-packages/numpy/f2py/src) by extensions ['python_setup_py']
[1.762s] Level 1:colcon.colcon_core.package_identification:_identify(venv/lib/python3.10/site-packages/numpy/f2py/src) by extension 'python_setup_py'
[1.762s] Level 1:colcon.colcon_core.package_identification:_identify(venv/lib/python3.10/site-packages/numpy/f2py/tests) by extensions ['ignore', 'ignore_ament_install']
[1.762s] Level 1:colcon.colcon_core.package_identification:_identify(venv/lib/python3.10/site-packages/numpy/f2py/tests) by extension 'ignore'
[1.762s] Level 1:colcon.colcon_core.package_identification:_identify(venv/lib/python3.10/site-packages/numpy/f2py/tests) by extension 'ignore_ament_install'
[1.762s] Level 1:colcon.colcon_core.package_identification:_identify(venv/lib/python3.10/site-packages/numpy/f2py/tests) by extensions ['colcon_pkg']
[1.762s] Level 1:colcon.colcon_core.package_identification:_identify(venv/lib/python3.10/site-packages/numpy/f2py/tests) by extension 'colcon_pkg'
[1.762s] Level 1:colcon.colcon_core.package_identification:_identify(venv/lib/python3.10/site-packages/numpy/f2py/tests) by extensions ['colcon_meta']
[1.762s] Level 1:colcon.colcon_core.package_identification:_identify(venv/lib/python3.10/site-packages/numpy/f2py/tests) by extension 'colcon_meta'
[1.762s] Level 1:colcon.colcon_core.package_identification:_identify(venv/lib/python3.10/site-packages/numpy/f2py/tests) by extensions ['ros']
[1.762s] Level 1:colcon.colcon_core.package_identification:_identify(venv/lib/python3.10/site-packages/numpy/f2py/tests) by extension 'ros'
[1.762s] Level 1:colcon.colcon_core.package_identification:_identify(venv/lib/python3.10/site-packages/numpy/f2py/tests) by extensions ['cmake', 'python']
[1.762s] Level 1:colcon.colcon_core.package_identification:_identify(venv/lib/python3.10/site-packages/numpy/f2py/tests) by extension 'cmake'
[1.762s] Level 1:colcon.colcon_core.package_identification:_identify(venv/lib/python3.10/site-packages/numpy/f2py/tests) by extension 'python'
[1.762s] Level 1:colcon.colcon_core.package_identification:_identify(venv/lib/python3.10/site-packages/numpy/f2py/tests) by extensions ['python_setup_py']
[1.762s] Level 1:colcon.colcon_core.package_identification:_identify(venv/lib/python3.10/site-packages/numpy/f2py/tests) by extension 'python_setup_py'
[1.762s] Level 1:colcon.colcon_core.package_identification:_identify(venv/lib/python3.10/site-packages/numpy/f2py/tests/__pycache__) by extensions ['ignore', 'ignore_ament_install']
[1.762s] Level 1:colcon.colcon_core.package_identification:_identify(venv/lib/python3.10/site-packages/numpy/f2py/tests/__pycache__) by extension 'ignore'
[1.763s] Level 1:colcon.colcon_core.package_identification:_identify(venv/lib/python3.10/site-packages/numpy/f2py/tests/__pycache__) by extension 'ignore_ament_install'
[1.763s] Level 1:colcon.colcon_core.package_identification:_identify(venv/lib/python3.10/site-packages/numpy/f2py/tests/__pycache__) by extensions ['colcon_pkg']
[1.763s] Level 1:colcon.colcon_core.package_identification:_identify(venv/lib/python3.10/site-packages/numpy/f2py/tests/__pycache__) by extension 'colcon_pkg'
[1.763s] Level 1:colcon.colcon_core.package_identification:_identify(venv/lib/python3.10/site-packages/numpy/f2py/tests/__pycache__) by extensions ['colcon_meta']
[1.763s] Level 1:colcon.colcon_core.package_identification:_identify(venv/lib/python3.10/site-packages/numpy/f2py/tests/__pycache__) by extension 'colcon_meta'
[1.763s] Level 1:colcon.colcon_core.package_identification:_identify(venv/lib/python3.10/site-packages/numpy/f2py/tests/__pycache__) by extensions ['ros']
[1.763s] Level 1:colcon.colcon_core.package_identification:_identify(venv/lib/python3.10/site-packages/numpy/f2py/tests/__pycache__) by extension 'ros'
[1.763s] Level 1:colcon.colcon_core.package_identification:_identify(venv/lib/python3.10/site-packages/numpy/f2py/tests/__pycache__) by extensions ['cmake', 'python']
[1.763s] Level 1:colcon.colcon_core.package_identification:_identify(venv/lib/python3.10/site-packages/numpy/f2py/tests/__pycache__) by extension 'cmake'
[1.763s] Level 1:colcon.colcon_core.package_identification:_identify(venv/lib/python3.10/site-packages/numpy/f2py/tests/__pycache__) by extension 'python'
[1.763s] Level 1:colcon.colcon_core.package_identification:_identify(venv/lib/python3.10/site-packages/numpy/f2py/tests/__pycache__) by extensions ['python_setup_py']
[1.763s] Level 1:colcon.colcon_core.package_identification:_identify(venv/lib/python3.10/site-packages/numpy/f2py/tests/__pycache__) by extension 'python_setup_py'
[1.763s] Level 1:colcon.colcon_core.package_identification:_identify(venv/lib/python3.10/site-packages/numpy/f2py/tests/src) by extensions ['ignore', 'ignore_ament_install']
[1.763s] Level 1:colcon.colcon_core.package_identification:_identify(venv/lib/python3.10/site-packages/numpy/f2py/tests/src) by extension 'ignore'
[1.763s] Level 1:colcon.colcon_core.package_identification:_identify(venv/lib/python3.10/site-packages/numpy/f2py/tests/src) by extension 'ignore_ament_install'
[1.763s] Level 1:colcon.colcon_core.package_identification:_identify(venv/lib/python3.10/site-packages/numpy/f2py/tests/src) by extensions ['colcon_pkg']
[1.763s] Level 1:colcon.colcon_core.package_identification:_identify(venv/lib/python3.10/site-packages/numpy/f2py/tests/src) by extension 'colcon_pkg'
[1.763s] Level 1:colcon.colcon_core.package_identification:_identify(venv/lib/python3.10/site-packages/numpy/f2py/tests/src) by extensions ['colcon_meta']
[1.763s] Level 1:colcon.colcon_core.package_identification:_identify(venv/lib/python3.10/site-packages/numpy/f2py/tests/src) by extension 'colcon_meta'
[1.763s] Level 1:colcon.colcon_core.package_identification:_identify(venv/lib/python3.10/site-packages/numpy/f2py/tests/src) by extensions ['ros']
[1.763s] Level 1:colcon.colcon_core.package_identification:_identify(venv/lib/python3.10/site-packages/numpy/f2py/tests/src) by extension 'ros'
[1.763s] Level 1:colcon.colcon_core.package_identification:_identify(venv/lib/python3.10/site-packages/numpy/f2py/tests/src) by extensions ['cmake', 'python']
[1.763s] Level 1:colcon.colcon_core.package_identification:_identify(venv/lib/python3.10/site-packages/numpy/f2py/tests/src) by extension 'cmake'
[1.763s] Level 1:colcon.colcon_core.package_identification:_identify(venv/lib/python3.10/site-packages/numpy/f2py/tests/src) by extension 'python'
[1.763s] Level 1:colcon.colcon_core.package_identification:_identify(venv/lib/python3.10/site-packages/numpy/f2py/tests/src) by extensions ['python_setup_py']
[1.763s] Level 1:colcon.colcon_core.package_identification:_identify(venv/lib/python3.10/site-packages/numpy/f2py/tests/src) by extension 'python_setup_py'
[1.763s] Level 1:colcon.colcon_core.package_identification:_identify(venv/lib/python3.10/site-packages/numpy/f2py/tests/src/abstract_interface) by extensions ['ignore', 'ignore_ament_install']
[1.764s] Level 1:colcon.colcon_core.package_identification:_identify(venv/lib/python3.10/site-packages/numpy/f2py/tests/src/abstract_interface) by extension 'ignore'
[1.764s] Level 1:colcon.colcon_core.package_identification:_identify(venv/lib/python3.10/site-packages/numpy/f2py/tests/src/abstract_interface) by extension 'ignore_ament_install'
[1.764s] Level 1:colcon.colcon_core.package_identification:_identify(venv/lib/python3.10/site-packages/numpy/f2py/tests/src/abstract_interface) by extensions ['colcon_pkg']
[1.764s] Level 1:colcon.colcon_core.package_identification:_identify(venv/lib/python3.10/site-packages/numpy/f2py/tests/src/abstract_interface) by extension 'colcon_pkg'
[1.764s] Level 1:colcon.colcon_core.package_identification:_identify(venv/lib/python3.10/site-packages/numpy/f2py/tests/src/abstract_interface) by extensions ['colcon_meta']
[1.764s] Level 1:colcon.colcon_core.package_identification:_identify(venv/lib/python3.10/site-packages/numpy/f2py/tests/src/abstract_interface) by extension 'colcon_meta'
[1.764s] Level 1:colcon.colcon_core.package_identification:_identify(venv/lib/python3.10/site-packages/numpy/f2py/tests/src/abstract_interface) by extensions ['ros']
[1.764s] Level 1:colcon.colcon_core.package_identification:_identify(venv/lib/python3.10/site-packages/numpy/f2py/tests/src/abstract_interface) by extension 'ros'
[1.764s] Level 1:colcon.colcon_core.package_identification:_identify(venv/lib/python3.10/site-packages/numpy/f2py/tests/src/abstract_interface) by extensions ['cmake', 'python']
[1.764s] Level 1:colcon.colcon_core.package_identification:_identify(venv/lib/python3.10/site-packages/numpy/f2py/tests/src/abstract_interface) by extension 'cmake'
[1.764s] Level 1:colcon.colcon_core.package_identification:_identify(venv/lib/python3.10/site-packages/numpy/f2py/tests/src/abstract_interface) by extension 'python'
[1.764s] Level 1:colcon.colcon_core.package_identification:_identify(venv/lib/python3.10/site-packages/numpy/f2py/tests/src/abstract_interface) by extensions ['python_setup_py']
[1.764s] Level 1:colcon.colcon_core.package_identification:_identify(venv/lib/python3.10/site-packages/numpy/f2py/tests/src/abstract_interface) by extension 'python_setup_py'
[1.764s] Level 1:colcon.colcon_core.package_identification:_identify(venv/lib/python3.10/site-packages/numpy/f2py/tests/src/array_from_pyobj) by extensions ['ignore', 'ignore_ament_install']
[1.764s] Level 1:colcon.colcon_core.package_identification:_identify(venv/lib/python3.10/site-packages/numpy/f2py/tests/src/array_from_pyobj) by extension 'ignore'
[1.764s] Level 1:colcon.colcon_core.package_identification:_identify(venv/lib/python3.10/site-packages/numpy/f2py/tests/src/array_from_pyobj) by extension 'ignore_ament_install'
[1.764s] Level 1:colcon.colcon_core.package_identification:_identify(venv/lib/python3.10/site-packages/numpy/f2py/tests/src/array_from_pyobj) by extensions ['colcon_pkg']
[1.764s] Level 1:colcon.colcon_core.package_identification:_identify(venv/lib/python3.10/site-packages/numpy/f2py/tests/src/array_from_pyobj) by extension 'colcon_pkg'
[1.764s] Level 1:colcon.colcon_core.package_identification:_identify(venv/lib/python3.10/site-packages/numpy/f2py/tests/src/array_from_pyobj) by extensions ['colcon_meta']
[1.764s] Level 1:colcon.colcon_core.package_identification:_identify(venv/lib/python3.10/site-packages/numpy/f2py/tests/src/array_from_pyobj) by extension 'colcon_meta'
[1.764s] Level 1:colcon.colcon_core.package_identification:_identify(venv/lib/python3.10/site-packages/numpy/f2py/tests/src/array_from_pyobj) by extensions ['ros']
[1.764s] Level 1:colcon.colcon_core.package_identification:_identify(venv/lib/python3.10/site-packages/numpy/f2py/tests/src/array_from_pyobj) by extension 'ros'
[1.764s] Level 1:colcon.colcon_core.package_identification:_identify(venv/lib/python3.10/site-packages/numpy/f2py/tests/src/array_from_pyobj) by extensions ['cmake', 'python']
[1.764s] Level 1:colcon.colcon_core.package_identification:_identify(venv/lib/python3.10/site-packages/numpy/f2py/tests/src/array_from_pyobj) by extension 'cmake'
[1.764s] Level 1:colcon.colcon_core.package_identification:_identify(venv/lib/python3.10/site-packages/numpy/f2py/tests/src/array_from_pyobj) by extension 'python'
[1.764s] Level 1:colcon.colcon_core.package_identification:_identify(venv/lib/python3.10/site-packages/numpy/f2py/tests/src/array_from_pyobj) by extensions ['python_setup_py']
[1.764s] Level 1:colcon.colcon_core.package_identification:_identify(venv/lib/python3.10/site-packages/numpy/f2py/tests/src/array_from_pyobj) by extension 'python_setup_py'
[1.764s] Level 1:colcon.colcon_core.package_identification:_identify(venv/lib/python3.10/site-packages/numpy/f2py/tests/src/assumed_shape) by extensions ['ignore', 'ignore_ament_install']
[1.764s] Level 1:colcon.colcon_core.package_identification:_identify(venv/lib/python3.10/site-packages/numpy/f2py/tests/src/assumed_shape) by extension 'ignore'
[1.765s] Level 1:colcon.colcon_core.package_identification:_identify(venv/lib/python3.10/site-packages/numpy/f2py/tests/src/assumed_shape) by extension 'ignore_ament_install'
[1.765s] Level 1:colcon.colcon_core.package_identification:_identify(venv/lib/python3.10/site-packages/numpy/f2py/tests/src/assumed_shape) by extensions ['colcon_pkg']
[1.765s] Level 1:colcon.colcon_core.package_identification:_identify(venv/lib/python3.10/site-packages/numpy/f2py/tests/src/assumed_shape) by extension 'colcon_pkg'
[1.765s] Level 1:colcon.colcon_core.package_identification:_identify(venv/lib/python3.10/site-packages/numpy/f2py/tests/src/assumed_shape) by extensions ['colcon_meta']
[1.765s] Level 1:colcon.colcon_core.package_identification:_identify(venv/lib/python3.10/site-packages/numpy/f2py/tests/src/assumed_shape) by extension 'colcon_meta'
[1.765s] Level 1:colcon.colcon_core.package_identification:_identify(venv/lib/python3.10/site-packages/numpy/f2py/tests/src/assumed_shape) by extensions ['ros']
[1.765s] Level 1:colcon.colcon_core.package_identification:_identify(venv/lib/python3.10/site-packages/numpy/f2py/tests/src/assumed_shape) by extension 'ros'
[1.765s] Level 1:colcon.colcon_core.package_identification:_identify(venv/lib/python3.10/site-packages/numpy/f2py/tests/src/assumed_shape) by extensions ['cmake', 'python']
[1.765s] Level 1:colcon.colcon_core.package_identification:_identify(venv/lib/python3.10/site-packages/numpy/f2py/tests/src/assumed_shape) by extension 'cmake'
[1.765s] Level 1:colcon.colcon_core.package_identification:_identify(venv/lib/python3.10/site-packages/numpy/f2py/tests/src/assumed_shape) by extension 'python'
[1.765s] Level 1:colcon.colcon_core.package_identification:_identify(venv/lib/python3.10/site-packages/numpy/f2py/tests/src/assumed_shape) by extensions ['python_setup_py']
[1.765s] Level 1:colcon.colcon_core.package_identification:_identify(venv/lib/python3.10/site-packages/numpy/f2py/tests/src/assumed_shape) by extension 'python_setup_py'
[1.765s] Level 1:colcon.colcon_core.package_identification:_identify(venv/lib/python3.10/site-packages/numpy/f2py/tests/src/block_docstring) by extensions ['ignore', 'ignore_ament_install']
[1.765s] Level 1:colcon.colcon_core.package_identification:_identify(venv/lib/python3.10/site-packages/numpy/f2py/tests/src/block_docstring) by extension 'ignore'
[1.765s] Level 1:colcon.colcon_core.package_identification:_identify(venv/lib/python3.10/site-packages/numpy/f2py/tests/src/block_docstring) by extension 'ignore_ament_install'
[1.765s] Level 1:colcon.colcon_core.package_identification:_identify(venv/lib/python3.10/site-packages/numpy/f2py/tests/src/block_docstring) by extensions ['colcon_pkg']
[1.765s] Level 1:colcon.colcon_core.package_identification:_identify(venv/lib/python3.10/site-packages/numpy/f2py/tests/src/block_docstring) by extension 'colcon_pkg'
[1.765s] Level 1:colcon.colcon_core.package_identification:_identify(venv/lib/python3.10/site-packages/numpy/f2py/tests/src/block_docstring) by extensions ['colcon_meta']
[1.765s] Level 1:colcon.colcon_core.package_identification:_identify(venv/lib/python3.10/site-packages/numpy/f2py/tests/src/block_docstring) by extension 'colcon_meta'
[1.765s] Level 1:colcon.colcon_core.package_identification:_identify(venv/lib/python3.10/site-packages/numpy/f2py/tests/src/block_docstring) by extensions ['ros']
[1.765s] Level 1:colcon.colcon_core.package_identification:_identify(venv/lib/python3.10/site-packages/numpy/f2py/tests/src/block_docstring) by extension 'ros'
[1.765s] Level 1:colcon.colcon_core.package_identification:_identify(venv/lib/python3.10/site-packages/numpy/f2py/tests/src/block_docstring) by extensions ['cmake', 'python']
[1.765s] Level 1:colcon.colcon_core.package_identification:_identify(venv/lib/python3.10/site-packages/numpy/f2py/tests/src/block_docstring) by extension 'cmake'
[1.765s] Level 1:colcon.colcon_core.package_identification:_identify(venv/lib/python3.10/site-packages/numpy/f2py/tests/src/block_docstring) by extension 'python'
[1.765s] Level 1:colcon.colcon_core.package_identification:_identify(venv/lib/python3.10/site-packages/numpy/f2py/tests/src/block_docstring) by extensions ['python_setup_py']
[1.765s] Level 1:colcon.colcon_core.package_identification:_identify(venv/lib/python3.10/site-packages/numpy/f2py/tests/src/block_docstring) by extension 'python_setup_py'
[1.765s] Level 1:colcon.colcon_core.package_identification:_identify(venv/lib/python3.10/site-packages/numpy/f2py/tests/src/callback) by extensions ['ignore', 'ignore_ament_install']
[1.766s] Level 1:colcon.colcon_core.package_identification:_identify(venv/lib/python3.10/site-packages/numpy/f2py/tests/src/callback) by extension 'ignore'
[1.766s] Level 1:colcon.colcon_core.package_identification:_identify(venv/lib/python3.10/site-packages/numpy/f2py/tests/src/callback) by extension 'ignore_ament_install'
[1.766s] Level 1:colcon.colcon_core.package_identification:_identify(venv/lib/python3.10/site-packages/numpy/f2py/tests/src/callback) by extensions ['colcon_pkg']
[1.766s] Level 1:colcon.colcon_core.package_identification:_identify(venv/lib/python3.10/site-packages/numpy/f2py/tests/src/callback) by extension 'colcon_pkg'
[1.766s] Level 1:colcon.colcon_core.package_identification:_identify(venv/lib/python3.10/site-packages/numpy/f2py/tests/src/callback) by extensions ['colcon_meta']
[1.766s] Level 1:colcon.colcon_core.package_identification:_identify(venv/lib/python3.10/site-packages/numpy/f2py/tests/src/callback) by extension 'colcon_meta'
[1.766s] Level 1:colcon.colcon_core.package_identification:_identify(venv/lib/python3.10/site-packages/numpy/f2py/tests/src/callback) by extensions ['ros']
[1.766s] Level 1:colcon.colcon_core.package_identification:_identify(venv/lib/python3.10/site-packages/numpy/f2py/tests/src/callback) by extension 'ros'
[1.766s] Level 1:colcon.colcon_core.package_identification:_identify(venv/lib/python3.10/site-packages/numpy/f2py/tests/src/callback) by extensions ['cmake', 'python']
[1.766s] Level 1:colcon.colcon_core.package_identification:_identify(venv/lib/python3.10/site-packages/numpy/f2py/tests/src/callback) by extension 'cmake'
[1.766s] Level 1:colcon.colcon_core.package_identification:_identify(venv/lib/python3.10/site-packages/numpy/f2py/tests/src/callback) by extension 'python'
[1.766s] Level 1:colcon.colcon_core.package_identification:_identify(venv/lib/python3.10/site-packages/numpy/f2py/tests/src/callback) by extensions ['python_setup_py']
[1.766s] Level 1:colcon.colcon_core.package_identification:_identify(venv/lib/python3.10/site-packages/numpy/f2py/tests/src/callback) by extension 'python_setup_py'
[1.766s] Level 1:colcon.colcon_core.package_identification:_identify(venv/lib/python3.10/site-packages/numpy/f2py/tests/src/cli) by extensions ['ignore', 'ignore_ament_install']
[1.766s] Level 1:colcon.colcon_core.package_identification:_identify(venv/lib/python3.10/site-packages/numpy/f2py/tests/src/cli) by extension 'ignore'
[1.766s] Level 1:colcon.colcon_core.package_identification:_identify(venv/lib/python3.10/site-packages/numpy/f2py/tests/src/cli) by extension 'ignore_ament_install'
[1.766s] Level 1:colcon.colcon_core.package_identification:_identify(venv/lib/python3.10/site-packages/numpy/f2py/tests/src/cli) by extensions ['colcon_pkg']
[1.766s] Level 1:colcon.colcon_core.package_identification:_identify(venv/lib/python3.10/site-packages/numpy/f2py/tests/src/cli) by extension 'colcon_pkg'
[1.766s] Level 1:colcon.colcon_core.package_identification:_identify(venv/lib/python3.10/site-packages/numpy/f2py/tests/src/cli) by extensions ['colcon_meta']
[1.766s] Level 1:colcon.colcon_core.package_identification:_identify(venv/lib/python3.10/site-packages/numpy/f2py/tests/src/cli) by extension 'colcon_meta'
[1.766s] Level 1:colcon.colcon_core.package_identification:_identify(venv/lib/python3.10/site-packages/numpy/f2py/tests/src/cli) by extensions ['ros']
[1.766s] Level 1:colcon.colcon_core.package_identification:_identify(venv/lib/python3.10/site-packages/numpy/f2py/tests/src/cli) by extension 'ros'
[1.766s] Level 1:colcon.colcon_core.package_identification:_identify(venv/lib/python3.10/site-packages/numpy/f2py/tests/src/cli) by extensions ['cmake', 'python']
[1.766s] Level 1:colcon.colcon_core.package_identification:_identify(venv/lib/python3.10/site-packages/numpy/f2py/tests/src/cli) by extension 'cmake'
[1.766s] Level 1:colcon.colcon_core.package_identification:_identify(venv/lib/python3.10/site-packages/numpy/f2py/tests/src/cli) by extension 'python'
[1.766s] Level 1:colcon.colcon_core.package_identification:_identify(venv/lib/python3.10/site-packages/numpy/f2py/tests/src/cli) by extensions ['python_setup_py']
[1.766s] Level 1:colcon.colcon_core.package_identification:_identify(venv/lib/python3.10/site-packages/numpy/f2py/tests/src/cli) by extension 'python_setup_py'
[1.766s] Level 1:colcon.colcon_core.package_identification:_identify(venv/lib/python3.10/site-packages/numpy/f2py/tests/src/common) by extensions ['ignore', 'ignore_ament_install']
[1.767s] Level 1:colcon.colcon_core.package_identification:_identify(venv/lib/python3.10/site-packages/numpy/f2py/tests/src/common) by extension 'ignore'
[1.767s] Level 1:colcon.colcon_core.package_identification:_identify(venv/lib/python3.10/site-packages/numpy/f2py/tests/src/common) by extension 'ignore_ament_install'
[1.767s] Level 1:colcon.colcon_core.package_identification:_identify(venv/lib/python3.10/site-packages/numpy/f2py/tests/src/common) by extensions ['colcon_pkg']
[1.767s] Level 1:colcon.colcon_core.package_identification:_identify(venv/lib/python3.10/site-packages/numpy/f2py/tests/src/common) by extension 'colcon_pkg'
[1.767s] Level 1:colcon.colcon_core.package_identification:_identify(venv/lib/python3.10/site-packages/numpy/f2py/tests/src/common) by extensions ['colcon_meta']
[1.767s] Level 1:colcon.colcon_core.package_identification:_identify(venv/lib/python3.10/site-packages/numpy/f2py/tests/src/common) by extension 'colcon_meta'
[1.767s] Level 1:colcon.colcon_core.package_identification:_identify(venv/lib/python3.10/site-packages/numpy/f2py/tests/src/common) by extensions ['ros']
[1.767s] Level 1:colcon.colcon_core.package_identification:_identify(venv/lib/python3.10/site-packages/numpy/f2py/tests/src/common) by extension 'ros'
[1.767s] Level 1:colcon.colcon_core.package_identification:_identify(venv/lib/python3.10/site-packages/numpy/f2py/tests/src/common) by extensions ['cmake', 'python']
[1.767s] Level 1:colcon.colcon_core.package_identification:_identify(venv/lib/python3.10/site-packages/numpy/f2py/tests/src/common) by extension 'cmake'
[1.767s] Level 1:colcon.colcon_core.package_identification:_identify(venv/lib/python3.10/site-packages/numpy/f2py/tests/src/common) by extension 'python'
[1.767s] Level 1:colcon.colcon_core.package_identification:_identify(venv/lib/python3.10/site-packages/numpy/f2py/tests/src/common) by extensions ['python_setup_py']
[1.767s] Level 1:colcon.colcon_core.package_identification:_identify(venv/lib/python3.10/site-packages/numpy/f2py/tests/src/common) by extension 'python_setup_py'
[1.767s] Level 1:colcon.colcon_core.package_identification:_identify(venv/lib/python3.10/site-packages/numpy/f2py/tests/src/crackfortran) by extensions ['ignore', 'ignore_ament_install']
[1.767s] Level 1:colcon.colcon_core.package_identification:_identify(venv/lib/python3.10/site-packages/numpy/f2py/tests/src/crackfortran) by extension 'ignore'
[1.767s] Level 1:colcon.colcon_core.package_identification:_identify(venv/lib/python3.10/site-packages/numpy/f2py/tests/src/crackfortran) by extension 'ignore_ament_install'
[1.767s] Level 1:colcon.colcon_core.package_identification:_identify(venv/lib/python3.10/site-packages/numpy/f2py/tests/src/crackfortran) by extensions ['colcon_pkg']
[1.767s] Level 1:colcon.colcon_core.package_identification:_identify(venv/lib/python3.10/site-packages/numpy/f2py/tests/src/crackfortran) by extension 'colcon_pkg'
[1.767s] Level 1:colcon.colcon_core.package_identification:_identify(venv/lib/python3.10/site-packages/numpy/f2py/tests/src/crackfortran) by extensions ['colcon_meta']
[1.767s] Level 1:colcon.colcon_core.package_identification:_identify(venv/lib/python3.10/site-packages/numpy/f2py/tests/src/crackfortran) by extension 'colcon_meta'
[1.767s] Level 1:colcon.colcon_core.package_identification:_identify(venv/lib/python3.10/site-packages/numpy/f2py/tests/src/crackfortran) by extensions ['ros']
[1.767s] Level 1:colcon.colcon_core.package_identification:_identify(venv/lib/python3.10/site-packages/numpy/f2py/tests/src/crackfortran) by extension 'ros'
[1.767s] Level 1:colcon.colcon_core.package_identification:_identify(venv/lib/python3.10/site-packages/numpy/f2py/tests/src/crackfortran) by extensions ['cmake', 'python']
[1.767s] Level 1:colcon.colcon_core.package_identification:_identify(venv/lib/python3.10/site-packages/numpy/f2py/tests/src/crackfortran) by extension 'cmake'
[1.767s] Level 1:colcon.colcon_core.package_identification:_identify(venv/lib/python3.10/site-packages/numpy/f2py/tests/src/crackfortran) by extension 'python'
[1.767s] Level 1:colcon.colcon_core.package_identification:_identify(venv/lib/python3.10/site-packages/numpy/f2py/tests/src/crackfortran) by extensions ['python_setup_py']
[1.767s] Level 1:colcon.colcon_core.package_identification:_identify(venv/lib/python3.10/site-packages/numpy/f2py/tests/src/crackfortran) by extension 'python_setup_py'
[1.767s] Level 1:colcon.colcon_core.package_identification:_identify(venv/lib/python3.10/site-packages/numpy/f2py/tests/src/f2cmap) by extensions ['ignore', 'ignore_ament_install']
[1.768s] Level 1:colcon.colcon_core.package_identification:_identify(venv/lib/python3.10/site-packages/numpy/f2py/tests/src/f2cmap) by extension 'ignore'
[1.768s] Level 1:colcon.colcon_core.package_identification:_identify(venv/lib/python3.10/site-packages/numpy/f2py/tests/src/f2cmap) by extension 'ignore_ament_install'
[1.768s] Level 1:colcon.colcon_core.package_identification:_identify(venv/lib/python3.10/site-packages/numpy/f2py/tests/src/f2cmap) by extensions ['colcon_pkg']
[1.768s] Level 1:colcon.colcon_core.package_identification:_identify(venv/lib/python3.10/site-packages/numpy/f2py/tests/src/f2cmap) by extension 'colcon_pkg'
[1.768s] Level 1:colcon.colcon_core.package_identification:_identify(venv/lib/python3.10/site-packages/numpy/f2py/tests/src/f2cmap) by extensions ['colcon_meta']
[1.768s] Level 1:colcon.colcon_core.package_identification:_identify(venv/lib/python3.10/site-packages/numpy/f2py/tests/src/f2cmap) by extension 'colcon_meta'
[1.768s] Level 1:colcon.colcon_core.package_identification:_identify(venv/lib/python3.10/site-packages/numpy/f2py/tests/src/f2cmap) by extensions ['ros']
[1.768s] Level 1:colcon.colcon_core.package_identification:_identify(venv/lib/python3.10/site-packages/numpy/f2py/tests/src/f2cmap) by extension 'ros'
[1.768s] Level 1:colcon.colcon_core.package_identification:_identify(venv/lib/python3.10/site-packages/numpy/f2py/tests/src/f2cmap) by extensions ['cmake', 'python']
[1.768s] Level 1:colcon.colcon_core.package_identification:_identify(venv/lib/python3.10/site-packages/numpy/f2py/tests/src/f2cmap) by extension 'cmake'
[1.768s] Level 1:colcon.colcon_core.package_identification:_identify(venv/lib/python3.10/site-packages/numpy/f2py/tests/src/f2cmap) by extension 'python'
[1.768s] Level 1:colcon.colcon_core.package_identification:_identify(venv/lib/python3.10/site-packages/numpy/f2py/tests/src/f2cmap) by extensions ['python_setup_py']
[1.768s] Level 1:colcon.colcon_core.package_identification:_identify(venv/lib/python3.10/site-packages/numpy/f2py/tests/src/f2cmap) by extension 'python_setup_py'
[1.768s] Level 1:colcon.colcon_core.package_identification:_identify(venv/lib/python3.10/site-packages/numpy/f2py/tests/src/isocintrin) by extensions ['ignore', 'ignore_ament_install']
[1.768s] Level 1:colcon.colcon_core.package_identification:_identify(venv/lib/python3.10/site-packages/numpy/f2py/tests/src/isocintrin) by extension 'ignore'
[1.768s] Level 1:colcon.colcon_core.package_identification:_identify(venv/lib/python3.10/site-packages/numpy/f2py/tests/src/isocintrin) by extension 'ignore_ament_install'
[1.768s] Level 1:colcon.colcon_core.package_identification:_identify(venv/lib/python3.10/site-packages/numpy/f2py/tests/src/isocintrin) by extensions ['colcon_pkg']
[1.768s] Level 1:colcon.colcon_core.package_identification:_identify(venv/lib/python3.10/site-packages/numpy/f2py/tests/src/isocintrin) by extension 'colcon_pkg'
[1.768s] Level 1:colcon.colcon_core.package_identification:_identify(venv/lib/python3.10/site-packages/numpy/f2py/tests/src/isocintrin) by extensions ['colcon_meta']
[1.768s] Level 1:colcon.colcon_core.package_identification:_identify(venv/lib/python3.10/site-packages/numpy/f2py/tests/src/isocintrin) by extension 'colcon_meta'
[1.768s] Level 1:colcon.colcon_core.package_identification:_identify(venv/lib/python3.10/site-packages/numpy/f2py/tests/src/isocintrin) by extensions ['ros']
[1.768s] Level 1:colcon.colcon_core.package_identification:_identify(venv/lib/python3.10/site-packages/numpy/f2py/tests/src/isocintrin) by extension 'ros'
[1.768s] Level 1:colcon.colcon_core.package_identification:_identify(venv/lib/python3.10/site-packages/numpy/f2py/tests/src/isocintrin) by extensions ['cmake', 'python']
[1.768s] Level 1:colcon.colcon_core.package_identification:_identify(venv/lib/python3.10/site-packages/numpy/f2py/tests/src/isocintrin) by extension 'cmake'
[1.768s] Level 1:colcon.colcon_core.package_identification:_identify(venv/lib/python3.10/site-packages/numpy/f2py/tests/src/isocintrin) by extension 'python'
[1.768s] Level 1:colcon.colcon_core.package_identification:_identify(venv/lib/python3.10/site-packages/numpy/f2py/tests/src/isocintrin) by extensions ['python_setup_py']
[1.768s] Level 1:colcon.colcon_core.package_identification:_identify(venv/lib/python3.10/site-packages/numpy/f2py/tests/src/isocintrin) by extension 'python_setup_py'
[1.768s] Level 1:colcon.colcon_core.package_identification:_identify(venv/lib/python3.10/site-packages/numpy/f2py/tests/src/kind) by extensions ['ignore', 'ignore_ament_install']
[1.768s] Level 1:colcon.colcon_core.package_identification:_identify(venv/lib/python3.10/site-packages/numpy/f2py/tests/src/kind) by extension 'ignore'
[1.769s] Level 1:colcon.colcon_core.package_identification:_identify(venv/lib/python3.10/site-packages/numpy/f2py/tests/src/kind) by extension 'ignore_ament_install'
[1.769s] Level 1:colcon.colcon_core.package_identification:_identify(venv/lib/python3.10/site-packages/numpy/f2py/tests/src/kind) by extensions ['colcon_pkg']
[1.769s] Level 1:colcon.colcon_core.package_identification:_identify(venv/lib/python3.10/site-packages/numpy/f2py/tests/src/kind) by extension 'colcon_pkg'
[1.769s] Level 1:colcon.colcon_core.package_identification:_identify(venv/lib/python3.10/site-packages/numpy/f2py/tests/src/kind) by extensions ['colcon_meta']
[1.769s] Level 1:colcon.colcon_core.package_identification:_identify(venv/lib/python3.10/site-packages/numpy/f2py/tests/src/kind) by extension 'colcon_meta'
[1.769s] Level 1:colcon.colcon_core.package_identification:_identify(venv/lib/python3.10/site-packages/numpy/f2py/tests/src/kind) by extensions ['ros']
[1.769s] Level 1:colcon.colcon_core.package_identification:_identify(venv/lib/python3.10/site-packages/numpy/f2py/tests/src/kind) by extension 'ros'
[1.769s] Level 1:colcon.colcon_core.package_identification:_identify(venv/lib/python3.10/site-packages/numpy/f2py/tests/src/kind) by extensions ['cmake', 'python']
[1.769s] Level 1:colcon.colcon_core.package_identification:_identify(venv/lib/python3.10/site-packages/numpy/f2py/tests/src/kind) by extension 'cmake'
[1.769s] Level 1:colcon.colcon_core.package_identification:_identify(venv/lib/python3.10/site-packages/numpy/f2py/tests/src/kind) by extension 'python'
[1.769s] Level 1:colcon.colcon_core.package_identification:_identify(venv/lib/python3.10/site-packages/numpy/f2py/tests/src/kind) by extensions ['python_setup_py']
[1.769s] Level 1:colcon.colcon_core.package_identification:_identify(venv/lib/python3.10/site-packages/numpy/f2py/tests/src/kind) by extension 'python_setup_py'
[1.769s] Level 1:colcon.colcon_core.package_identification:_identify(venv/lib/python3.10/site-packages/numpy/f2py/tests/src/mixed) by extensions ['ignore', 'ignore_ament_install']
[1.769s] Level 1:colcon.colcon_core.package_identification:_identify(venv/lib/python3.10/site-packages/numpy/f2py/tests/src/mixed) by extension 'ignore'
[1.769s] Level 1:colcon.colcon_core.package_identification:_identify(venv/lib/python3.10/site-packages/numpy/f2py/tests/src/mixed) by extension 'ignore_ament_install'
[1.769s] Level 1:colcon.colcon_core.package_identification:_identify(venv/lib/python3.10/site-packages/numpy/f2py/tests/src/mixed) by extensions ['colcon_pkg']
[1.769s] Level 1:colcon.colcon_core.package_identification:_identify(venv/lib/python3.10/site-packages/numpy/f2py/tests/src/mixed) by extension 'colcon_pkg'
[1.769s] Level 1:colcon.colcon_core.package_identification:_identify(venv/lib/python3.10/site-packages/numpy/f2py/tests/src/mixed) by extensions ['colcon_meta']
[1.769s] Level 1:colcon.colcon_core.package_identification:_identify(venv/lib/python3.10/site-packages/numpy/f2py/tests/src/mixed) by extension 'colcon_meta'
[1.769s] Level 1:colcon.colcon_core.package_identification:_identify(venv/lib/python3.10/site-packages/numpy/f2py/tests/src/mixed) by extensions ['ros']
[1.769s] Level 1:colcon.colcon_core.package_identification:_identify(venv/lib/python3.10/site-packages/numpy/f2py/tests/src/mixed) by extension 'ros'
[1.769s] Level 1:colcon.colcon_core.package_identification:_identify(venv/lib/python3.10/site-packages/numpy/f2py/tests/src/mixed) by extensions ['cmake', 'python']
[1.769s] Level 1:colcon.colcon_core.package_identification:_identify(venv/lib/python3.10/site-packages/numpy/f2py/tests/src/mixed) by extension 'cmake'
[1.769s] Level 1:colcon.colcon_core.package_identification:_identify(venv/lib/python3.10/site-packages/numpy/f2py/tests/src/mixed) by extension 'python'
[1.769s] Level 1:colcon.colcon_core.package_identification:_identify(venv/lib/python3.10/site-packages/numpy/f2py/tests/src/mixed) by extensions ['python_setup_py']
[1.769s] Level 1:colcon.colcon_core.package_identification:_identify(venv/lib/python3.10/site-packages/numpy/f2py/tests/src/mixed) by extension 'python_setup_py'
[1.769s] Level 1:colcon.colcon_core.package_identification:_identify(venv/lib/python3.10/site-packages/numpy/f2py/tests/src/module_data) by extensions ['ignore', 'ignore_ament_install']
[1.769s] Level 1:colcon.colcon_core.package_identification:_identify(venv/lib/python3.10/site-packages/numpy/f2py/tests/src/module_data) by extension 'ignore'
[1.769s] Level 1:colcon.colcon_core.package_identification:_identify(venv/lib/python3.10/site-packages/numpy/f2py/tests/src/module_data) by extension 'ignore_ament_install'
[1.770s] Level 1:colcon.colcon_core.package_identification:_identify(venv/lib/python3.10/site-packages/numpy/f2py/tests/src/module_data) by extensions ['colcon_pkg']
[1.770s] Level 1:colcon.colcon_core.package_identification:_identify(venv/lib/python3.10/site-packages/numpy/f2py/tests/src/module_data) by extension 'colcon_pkg'
[1.770s] Level 1:colcon.colcon_core.package_identification:_identify(venv/lib/python3.10/site-packages/numpy/f2py/tests/src/module_data) by extensions ['colcon_meta']
[1.770s] Level 1:colcon.colcon_core.package_identification:_identify(venv/lib/python3.10/site-packages/numpy/f2py/tests/src/module_data) by extension 'colcon_meta'
[1.770s] Level 1:colcon.colcon_core.package_identification:_identify(venv/lib/python3.10/site-packages/numpy/f2py/tests/src/module_data) by extensions ['ros']
[1.770s] Level 1:colcon.colcon_core.package_identification:_identify(venv/lib/python3.10/site-packages/numpy/f2py/tests/src/module_data) by extension 'ros'
[1.770s] Level 1:colcon.colcon_core.package_identification:_identify(venv/lib/python3.10/site-packages/numpy/f2py/tests/src/module_data) by extensions ['cmake', 'python']
[1.770s] Level 1:colcon.colcon_core.package_identification:_identify(venv/lib/python3.10/site-packages/numpy/f2py/tests/src/module_data) by extension 'cmake'
[1.770s] Level 1:colcon.colcon_core.package_identification:_identify(venv/lib/python3.10/site-packages/numpy/f2py/tests/src/module_data) by extension 'python'
[1.770s] Level 1:colcon.colcon_core.package_identification:_identify(venv/lib/python3.10/site-packages/numpy/f2py/tests/src/module_data) by extensions ['python_setup_py']
[1.770s] Level 1:colcon.colcon_core.package_identification:_identify(venv/lib/python3.10/site-packages/numpy/f2py/tests/src/module_data) by extension 'python_setup_py'
[1.770s] Level 1:colcon.colcon_core.package_identification:_identify(venv/lib/python3.10/site-packages/numpy/f2py/tests/src/negative_bounds) by extensions ['ignore', 'ignore_ament_install']
[1.770s] Level 1:colcon.colcon_core.package_identification:_identify(venv/lib/python3.10/site-packages/numpy/f2py/tests/src/negative_bounds) by extension 'ignore'
[1.770s] Level 1:colcon.colcon_core.package_identification:_identify(venv/lib/python3.10/site-packages/numpy/f2py/tests/src/negative_bounds) by extension 'ignore_ament_install'
[1.770s] Level 1:colcon.colcon_core.package_identification:_identify(venv/lib/python3.10/site-packages/numpy/f2py/tests/src/negative_bounds) by extensions ['colcon_pkg']
[1.770s] Level 1:colcon.colcon_core.package_identification:_identify(venv/lib/python3.10/site-packages/numpy/f2py/tests/src/negative_bounds) by extension 'colcon_pkg'
[1.770s] Level 1:colcon.colcon_core.package_identification:_identify(venv/lib/python3.10/site-packages/numpy/f2py/tests/src/negative_bounds) by extensions ['colcon_meta']
[1.770s] Level 1:colcon.colcon_core.package_identification:_identify(venv/lib/python3.10/site-packages/numpy/f2py/tests/src/negative_bounds) by extension 'colcon_meta'
[1.770s] Level 1:colcon.colcon_core.package_identification:_identify(venv/lib/python3.10/site-packages/numpy/f2py/tests/src/negative_bounds) by extensions ['ros']
[1.770s] Level 1:colcon.colcon_core.package_identification:_identify(venv/lib/python3.10/site-packages/numpy/f2py/tests/src/negative_bounds) by extension 'ros'
[1.770s] Level 1:colcon.colcon_core.package_identification:_identify(venv/lib/python3.10/site-packages/numpy/f2py/tests/src/negative_bounds) by extensions ['cmake', 'python']
[1.770s] Level 1:colcon.colcon_core.package_identification:_identify(venv/lib/python3.10/site-packages/numpy/f2py/tests/src/negative_bounds) by extension 'cmake'
[1.770s] Level 1:colcon.colcon_core.package_identification:_identify(venv/lib/python3.10/site-packages/numpy/f2py/tests/src/negative_bounds) by extension 'python'
[1.770s] Level 1:colcon.colcon_core.package_identification:_identify(venv/lib/python3.10/site-packages/numpy/f2py/tests/src/negative_bounds) by extensions ['python_setup_py']
[1.770s] Level 1:colcon.colcon_core.package_identification:_identify(venv/lib/python3.10/site-packages/numpy/f2py/tests/src/negative_bounds) by extension 'python_setup_py'
[1.770s] Level 1:colcon.colcon_core.package_identification:_identify(venv/lib/python3.10/site-packages/numpy/f2py/tests/src/parameter) by extensions ['ignore', 'ignore_ament_install']
[1.770s] Level 1:colcon.colcon_core.package_identification:_identify(venv/lib/python3.10/site-packages/numpy/f2py/tests/src/parameter) by extension 'ignore'
[1.770s] Level 1:colcon.colcon_core.package_identification:_identify(venv/lib/python3.10/site-packages/numpy/f2py/tests/src/parameter) by extension 'ignore_ament_install'
[1.770s] Level 1:colcon.colcon_core.package_identification:_identify(venv/lib/python3.10/site-packages/numpy/f2py/tests/src/parameter) by extensions ['colcon_pkg']
[1.770s] Level 1:colcon.colcon_core.package_identification:_identify(venv/lib/python3.10/site-packages/numpy/f2py/tests/src/parameter) by extension 'colcon_pkg'
[1.771s] Level 1:colcon.colcon_core.package_identification:_identify(venv/lib/python3.10/site-packages/numpy/f2py/tests/src/parameter) by extensions ['colcon_meta']
[1.771s] Level 1:colcon.colcon_core.package_identification:_identify(venv/lib/python3.10/site-packages/numpy/f2py/tests/src/parameter) by extension 'colcon_meta'
[1.771s] Level 1:colcon.colcon_core.package_identification:_identify(venv/lib/python3.10/site-packages/numpy/f2py/tests/src/parameter) by extensions ['ros']
[1.771s] Level 1:colcon.colcon_core.package_identification:_identify(venv/lib/python3.10/site-packages/numpy/f2py/tests/src/parameter) by extension 'ros'
[1.771s] Level 1:colcon.colcon_core.package_identification:_identify(venv/lib/python3.10/site-packages/numpy/f2py/tests/src/parameter) by extensions ['cmake', 'python']
[1.771s] Level 1:colcon.colcon_core.package_identification:_identify(venv/lib/python3.10/site-packages/numpy/f2py/tests/src/parameter) by extension 'cmake'
[1.771s] Level 1:colcon.colcon_core.package_identification:_identify(venv/lib/python3.10/site-packages/numpy/f2py/tests/src/parameter) by extension 'python'
[1.771s] Level 1:colcon.colcon_core.package_identification:_identify(venv/lib/python3.10/site-packages/numpy/f2py/tests/src/parameter) by extensions ['python_setup_py']
[1.771s] Level 1:colcon.colcon_core.package_identification:_identify(venv/lib/python3.10/site-packages/numpy/f2py/tests/src/parameter) by extension 'python_setup_py'
[1.771s] Level 1:colcon.colcon_core.package_identification:_identify(venv/lib/python3.10/site-packages/numpy/f2py/tests/src/quoted_character) by extensions ['ignore', 'ignore_ament_install']
[1.771s] Level 1:colcon.colcon_core.package_identification:_identify(venv/lib/python3.10/site-packages/numpy/f2py/tests/src/quoted_character) by extension 'ignore'
[1.771s] Level 1:colcon.colcon_core.package_identification:_identify(venv/lib/python3.10/site-packages/numpy/f2py/tests/src/quoted_character) by extension 'ignore_ament_install'
[1.771s] Level 1:colcon.colcon_core.package_identification:_identify(venv/lib/python3.10/site-packages/numpy/f2py/tests/src/quoted_character) by extensions ['colcon_pkg']
[1.771s] Level 1:colcon.colcon_core.package_identification:_identify(venv/lib/python3.10/site-packages/numpy/f2py/tests/src/quoted_character) by extension 'colcon_pkg'
[1.771s] Level 1:colcon.colcon_core.package_identification:_identify(venv/lib/python3.10/site-packages/numpy/f2py/tests/src/quoted_character) by extensions ['colcon_meta']
[1.771s] Level 1:colcon.colcon_core.package_identification:_identify(venv/lib/python3.10/site-packages/numpy/f2py/tests/src/quoted_character) by extension 'colcon_meta'
[1.771s] Level 1:colcon.colcon_core.package_identification:_identify(venv/lib/python3.10/site-packages/numpy/f2py/tests/src/quoted_character) by extensions ['ros']
[1.771s] Level 1:colcon.colcon_core.package_identification:_identify(venv/lib/python3.10/site-packages/numpy/f2py/tests/src/quoted_character) by extension 'ros'
[1.771s] Level 1:colcon.colcon_core.package_identification:_identify(venv/lib/python3.10/site-packages/numpy/f2py/tests/src/quoted_character) by extensions ['cmake', 'python']
[1.771s] Level 1:colcon.colcon_core.package_identification:_identify(venv/lib/python3.10/site-packages/numpy/f2py/tests/src/quoted_character) by extension 'cmake'
[1.771s] Level 1:colcon.colcon_core.package_identification:_identify(venv/lib/python3.10/site-packages/numpy/f2py/tests/src/quoted_character) by extension 'python'
[1.771s] Level 1:colcon.colcon_core.package_identification:_identify(venv/lib/python3.10/site-packages/numpy/f2py/tests/src/quoted_character) by extensions ['python_setup_py']
[1.771s] Level 1:colcon.colcon_core.package_identification:_identify(venv/lib/python3.10/site-packages/numpy/f2py/tests/src/quoted_character) by extension 'python_setup_py'
[1.771s] Level 1:colcon.colcon_core.package_identification:_identify(venv/lib/python3.10/site-packages/numpy/f2py/tests/src/regression) by extensions ['ignore', 'ignore_ament_install']
[1.771s] Level 1:colcon.colcon_core.package_identification:_identify(venv/lib/python3.10/site-packages/numpy/f2py/tests/src/regression) by extension 'ignore'
[1.771s] Level 1:colcon.colcon_core.package_identification:_identify(venv/lib/python3.10/site-packages/numpy/f2py/tests/src/regression) by extension 'ignore_ament_install'
[1.771s] Level 1:colcon.colcon_core.package_identification:_identify(venv/lib/python3.10/site-packages/numpy/f2py/tests/src/regression) by extensions ['colcon_pkg']
[1.771s] Level 1:colcon.colcon_core.package_identification:_identify(venv/lib/python3.10/site-packages/numpy/f2py/tests/src/regression) by extension 'colcon_pkg'
[1.771s] Level 1:colcon.colcon_core.package_identification:_identify(venv/lib/python3.10/site-packages/numpy/f2py/tests/src/regression) by extensions ['colcon_meta']
[1.771s] Level 1:colcon.colcon_core.package_identification:_identify(venv/lib/python3.10/site-packages/numpy/f2py/tests/src/regression) by extension 'colcon_meta'
[1.772s] Level 1:colcon.colcon_core.package_identification:_identify(venv/lib/python3.10/site-packages/numpy/f2py/tests/src/regression) by extensions ['ros']
[1.772s] Level 1:colcon.colcon_core.package_identification:_identify(venv/lib/python3.10/site-packages/numpy/f2py/tests/src/regression) by extension 'ros'
[1.772s] Level 1:colcon.colcon_core.package_identification:_identify(venv/lib/python3.10/site-packages/numpy/f2py/tests/src/regression) by extensions ['cmake', 'python']
[1.772s] Level 1:colcon.colcon_core.package_identification:_identify(venv/lib/python3.10/site-packages/numpy/f2py/tests/src/regression) by extension 'cmake'
[1.772s] Level 1:colcon.colcon_core.package_identification:_identify(venv/lib/python3.10/site-packages/numpy/f2py/tests/src/regression) by extension 'python'
[1.772s] Level 1:colcon.colcon_core.package_identification:_identify(venv/lib/python3.10/site-packages/numpy/f2py/tests/src/regression) by extensions ['python_setup_py']
[1.772s] Level 1:colcon.colcon_core.package_identification:_identify(venv/lib/python3.10/site-packages/numpy/f2py/tests/src/regression) by extension 'python_setup_py'
[1.772s] Level 1:colcon.colcon_core.package_identification:_identify(venv/lib/python3.10/site-packages/numpy/f2py/tests/src/regression/gh25337) by extensions ['ignore', 'ignore_ament_install']
[1.772s] Level 1:colcon.colcon_core.package_identification:_identify(venv/lib/python3.10/site-packages/numpy/f2py/tests/src/regression/gh25337) by extension 'ignore'
[1.772s] Level 1:colcon.colcon_core.package_identification:_identify(venv/lib/python3.10/site-packages/numpy/f2py/tests/src/regression/gh25337) by extension 'ignore_ament_install'
[1.772s] Level 1:colcon.colcon_core.package_identification:_identify(venv/lib/python3.10/site-packages/numpy/f2py/tests/src/regression/gh25337) by extensions ['colcon_pkg']
[1.772s] Level 1:colcon.colcon_core.package_identification:_identify(venv/lib/python3.10/site-packages/numpy/f2py/tests/src/regression/gh25337) by extension 'colcon_pkg'
[1.772s] Level 1:colcon.colcon_core.package_identification:_identify(venv/lib/python3.10/site-packages/numpy/f2py/tests/src/regression/gh25337) by extensions ['colcon_meta']
[1.772s] Level 1:colcon.colcon_core.package_identification:_identify(venv/lib/python3.10/site-packages/numpy/f2py/tests/src/regression/gh25337) by extension 'colcon_meta'
[1.772s] Level 1:colcon.colcon_core.package_identification:_identify(venv/lib/python3.10/site-packages/numpy/f2py/tests/src/regression/gh25337) by extensions ['ros']
[1.772s] Level 1:colcon.colcon_core.package_identification:_identify(venv/lib/python3.10/site-packages/numpy/f2py/tests/src/regression/gh25337) by extension 'ros'
[1.772s] Level 1:colcon.colcon_core.package_identification:_identify(venv/lib/python3.10/site-packages/numpy/f2py/tests/src/regression/gh25337) by extensions ['cmake', 'python']
[1.772s] Level 1:colcon.colcon_core.package_identification:_identify(venv/lib/python3.10/site-packages/numpy/f2py/tests/src/regression/gh25337) by extension 'cmake'
[1.772s] Level 1:colcon.colcon_core.package_identification:_identify(venv/lib/python3.10/site-packages/numpy/f2py/tests/src/regression/gh25337) by extension 'python'
[1.772s] Level 1:colcon.colcon_core.package_identification:_identify(venv/lib/python3.10/site-packages/numpy/f2py/tests/src/regression/gh25337) by extensions ['python_setup_py']
[1.772s] Level 1:colcon.colcon_core.package_identification:_identify(venv/lib/python3.10/site-packages/numpy/f2py/tests/src/regression/gh25337) by extension 'python_setup_py'
[1.772s] Level 1:colcon.colcon_core.package_identification:_identify(venv/lib/python3.10/site-packages/numpy/f2py/tests/src/return_character) by extensions ['ignore', 'ignore_ament_install']
[1.772s] Level 1:colcon.colcon_core.package_identification:_identify(venv/lib/python3.10/site-packages/numpy/f2py/tests/src/return_character) by extension 'ignore'
[1.772s] Level 1:colcon.colcon_core.package_identification:_identify(venv/lib/python3.10/site-packages/numpy/f2py/tests/src/return_character) by extension 'ignore_ament_install'
[1.772s] Level 1:colcon.colcon_core.package_identification:_identify(venv/lib/python3.10/site-packages/numpy/f2py/tests/src/return_character) by extensions ['colcon_pkg']
[1.772s] Level 1:colcon.colcon_core.package_identification:_identify(venv/lib/python3.10/site-packages/numpy/f2py/tests/src/return_character) by extension 'colcon_pkg'
[1.772s] Level 1:colcon.colcon_core.package_identification:_identify(venv/lib/python3.10/site-packages/numpy/f2py/tests/src/return_character) by extensions ['colcon_meta']
[1.772s] Level 1:colcon.colcon_core.package_identification:_identify(venv/lib/python3.10/site-packages/numpy/f2py/tests/src/return_character) by extension 'colcon_meta'
[1.773s] Level 1:colcon.colcon_core.package_identification:_identify(venv/lib/python3.10/site-packages/numpy/f2py/tests/src/return_character) by extensions ['ros']
[1.773s] Level 1:colcon.colcon_core.package_identification:_identify(venv/lib/python3.10/site-packages/numpy/f2py/tests/src/return_character) by extension 'ros'
[1.773s] Level 1:colcon.colcon_core.package_identification:_identify(venv/lib/python3.10/site-packages/numpy/f2py/tests/src/return_character) by extensions ['cmake', 'python']
[1.773s] Level 1:colcon.colcon_core.package_identification:_identify(venv/lib/python3.10/site-packages/numpy/f2py/tests/src/return_character) by extension 'cmake'
[1.773s] Level 1:colcon.colcon_core.package_identification:_identify(venv/lib/python3.10/site-packages/numpy/f2py/tests/src/return_character) by extension 'python'
[1.773s] Level 1:colcon.colcon_core.package_identification:_identify(venv/lib/python3.10/site-packages/numpy/f2py/tests/src/return_character) by extensions ['python_setup_py']
[1.773s] Level 1:colcon.colcon_core.package_identification:_identify(venv/lib/python3.10/site-packages/numpy/f2py/tests/src/return_character) by extension 'python_setup_py'
[1.773s] Level 1:colcon.colcon_core.package_identification:_identify(venv/lib/python3.10/site-packages/numpy/f2py/tests/src/return_complex) by extensions ['ignore', 'ignore_ament_install']
[1.773s] Level 1:colcon.colcon_core.package_identification:_identify(venv/lib/python3.10/site-packages/numpy/f2py/tests/src/return_complex) by extension 'ignore'
[1.773s] Level 1:colcon.colcon_core.package_identification:_identify(venv/lib/python3.10/site-packages/numpy/f2py/tests/src/return_complex) by extension 'ignore_ament_install'
[1.773s] Level 1:colcon.colcon_core.package_identification:_identify(venv/lib/python3.10/site-packages/numpy/f2py/tests/src/return_complex) by extensions ['colcon_pkg']
[1.773s] Level 1:colcon.colcon_core.package_identification:_identify(venv/lib/python3.10/site-packages/numpy/f2py/tests/src/return_complex) by extension 'colcon_pkg'
[1.773s] Level 1:colcon.colcon_core.package_identification:_identify(venv/lib/python3.10/site-packages/numpy/f2py/tests/src/return_complex) by extensions ['colcon_meta']
[1.773s] Level 1:colcon.colcon_core.package_identification:_identify(venv/lib/python3.10/site-packages/numpy/f2py/tests/src/return_complex) by extension 'colcon_meta'
[1.773s] Level 1:colcon.colcon_core.package_identification:_identify(venv/lib/python3.10/site-packages/numpy/f2py/tests/src/return_complex) by extensions ['ros']
[1.773s] Level 1:colcon.colcon_core.package_identification:_identify(venv/lib/python3.10/site-packages/numpy/f2py/tests/src/return_complex) by extension 'ros'
[1.773s] Level 1:colcon.colcon_core.package_identification:_identify(venv/lib/python3.10/site-packages/numpy/f2py/tests/src/return_complex) by extensions ['cmake', 'python']
[1.773s] Level 1:colcon.colcon_core.package_identification:_identify(venv/lib/python3.10/site-packages/numpy/f2py/tests/src/return_complex) by extension 'cmake'
[1.773s] Level 1:colcon.colcon_core.package_identification:_identify(venv/lib/python3.10/site-packages/numpy/f2py/tests/src/return_complex) by extension 'python'
[1.773s] Level 1:colcon.colcon_core.package_identification:_identify(venv/lib/python3.10/site-packages/numpy/f2py/tests/src/return_complex) by extensions ['python_setup_py']
[1.773s] Level 1:colcon.colcon_core.package_identification:_identify(venv/lib/python3.10/site-packages/numpy/f2py/tests/src/return_complex) by extension 'python_setup_py'
[1.773s] Level 1:colcon.colcon_core.package_identification:_identify(venv/lib/python3.10/site-packages/numpy/f2py/tests/src/return_integer) by extensions ['ignore', 'ignore_ament_install']
[1.773s] Level 1:colcon.colcon_core.package_identification:_identify(venv/lib/python3.10/site-packages/numpy/f2py/tests/src/return_integer) by extension 'ignore'
[1.773s] Level 1:colcon.colcon_core.package_identification:_identify(venv/lib/python3.10/site-packages/numpy/f2py/tests/src/return_integer) by extension 'ignore_ament_install'
[1.773s] Level 1:colcon.colcon_core.package_identification:_identify(venv/lib/python3.10/site-packages/numpy/f2py/tests/src/return_integer) by extensions ['colcon_pkg']
[1.773s] Level 1:colcon.colcon_core.package_identification:_identify(venv/lib/python3.10/site-packages/numpy/f2py/tests/src/return_integer) by extension 'colcon_pkg'
[1.773s] Level 1:colcon.colcon_core.package_identification:_identify(venv/lib/python3.10/site-packages/numpy/f2py/tests/src/return_integer) by extensions ['colcon_meta']
[1.773s] Level 1:colcon.colcon_core.package_identification:_identify(venv/lib/python3.10/site-packages/numpy/f2py/tests/src/return_integer) by extension 'colcon_meta'
[1.773s] Level 1:colcon.colcon_core.package_identification:_identify(venv/lib/python3.10/site-packages/numpy/f2py/tests/src/return_integer) by extensions ['ros']
[1.773s] Level 1:colcon.colcon_core.package_identification:_identify(venv/lib/python3.10/site-packages/numpy/f2py/tests/src/return_integer) by extension 'ros'
[1.774s] Level 1:colcon.colcon_core.package_identification:_identify(venv/lib/python3.10/site-packages/numpy/f2py/tests/src/return_integer) by extensions ['cmake', 'python']
[1.774s] Level 1:colcon.colcon_core.package_identification:_identify(venv/lib/python3.10/site-packages/numpy/f2py/tests/src/return_integer) by extension 'cmake'
[1.774s] Level 1:colcon.colcon_core.package_identification:_identify(venv/lib/python3.10/site-packages/numpy/f2py/tests/src/return_integer) by extension 'python'
[1.774s] Level 1:colcon.colcon_core.package_identification:_identify(venv/lib/python3.10/site-packages/numpy/f2py/tests/src/return_integer) by extensions ['python_setup_py']
[1.774s] Level 1:colcon.colcon_core.package_identification:_identify(venv/lib/python3.10/site-packages/numpy/f2py/tests/src/return_integer) by extension 'python_setup_py'
[1.774s] Level 1:colcon.colcon_core.package_identification:_identify(venv/lib/python3.10/site-packages/numpy/f2py/tests/src/return_logical) by extensions ['ignore', 'ignore_ament_install']
[1.774s] Level 1:colcon.colcon_core.package_identification:_identify(venv/lib/python3.10/site-packages/numpy/f2py/tests/src/return_logical) by extension 'ignore'
[1.774s] Level 1:colcon.colcon_core.package_identification:_identify(venv/lib/python3.10/site-packages/numpy/f2py/tests/src/return_logical) by extension 'ignore_ament_install'
[1.774s] Level 1:colcon.colcon_core.package_identification:_identify(venv/lib/python3.10/site-packages/numpy/f2py/tests/src/return_logical) by extensions ['colcon_pkg']
[1.774s] Level 1:colcon.colcon_core.package_identification:_identify(venv/lib/python3.10/site-packages/numpy/f2py/tests/src/return_logical) by extension 'colcon_pkg'
[1.774s] Level 1:colcon.colcon_core.package_identification:_identify(venv/lib/python3.10/site-packages/numpy/f2py/tests/src/return_logical) by extensions ['colcon_meta']
[1.774s] Level 1:colcon.colcon_core.package_identification:_identify(venv/lib/python3.10/site-packages/numpy/f2py/tests/src/return_logical) by extension 'colcon_meta'
[1.774s] Level 1:colcon.colcon_core.package_identification:_identify(venv/lib/python3.10/site-packages/numpy/f2py/tests/src/return_logical) by extensions ['ros']
[1.774s] Level 1:colcon.colcon_core.package_identification:_identify(venv/lib/python3.10/site-packages/numpy/f2py/tests/src/return_logical) by extension 'ros'
[1.774s] Level 1:colcon.colcon_core.package_identification:_identify(venv/lib/python3.10/site-packages/numpy/f2py/tests/src/return_logical) by extensions ['cmake', 'python']
[1.774s] Level 1:colcon.colcon_core.package_identification:_identify(venv/lib/python3.10/site-packages/numpy/f2py/tests/src/return_logical) by extension 'cmake'
[1.774s] Level 1:colcon.colcon_core.package_identification:_identify(venv/lib/python3.10/site-packages/numpy/f2py/tests/src/return_logical) by extension 'python'
[1.774s] Level 1:colcon.colcon_core.package_identification:_identify(venv/lib/python3.10/site-packages/numpy/f2py/tests/src/return_logical) by extensions ['python_setup_py']
[1.774s] Level 1:colcon.colcon_core.package_identification:_identify(venv/lib/python3.10/site-packages/numpy/f2py/tests/src/return_logical) by extension 'python_setup_py'
[1.774s] Level 1:colcon.colcon_core.package_identification:_identify(venv/lib/python3.10/site-packages/numpy/f2py/tests/src/return_real) by extensions ['ignore', 'ignore_ament_install']
[1.774s] Level 1:colcon.colcon_core.package_identification:_identify(venv/lib/python3.10/site-packages/numpy/f2py/tests/src/return_real) by extension 'ignore'
[1.774s] Level 1:colcon.colcon_core.package_identification:_identify(venv/lib/python3.10/site-packages/numpy/f2py/tests/src/return_real) by extension 'ignore_ament_install'
[1.774s] Level 1:colcon.colcon_core.package_identification:_identify(venv/lib/python3.10/site-packages/numpy/f2py/tests/src/return_real) by extensions ['colcon_pkg']
[1.774s] Level 1:colcon.colcon_core.package_identification:_identify(venv/lib/python3.10/site-packages/numpy/f2py/tests/src/return_real) by extension 'colcon_pkg'
[1.774s] Level 1:colcon.colcon_core.package_identification:_identify(venv/lib/python3.10/site-packages/numpy/f2py/tests/src/return_real) by extensions ['colcon_meta']
[1.774s] Level 1:colcon.colcon_core.package_identification:_identify(venv/lib/python3.10/site-packages/numpy/f2py/tests/src/return_real) by extension 'colcon_meta'
[1.774s] Level 1:colcon.colcon_core.package_identification:_identify(venv/lib/python3.10/site-packages/numpy/f2py/tests/src/return_real) by extensions ['ros']
[1.775s] Level 1:colcon.colcon_core.package_identification:_identify(venv/lib/python3.10/site-packages/numpy/f2py/tests/src/return_real) by extension 'ros'
[1.775s] Level 1:colcon.colcon_core.package_identification:_identify(venv/lib/python3.10/site-packages/numpy/f2py/tests/src/return_real) by extensions ['cmake', 'python']
[1.775s] Level 1:colcon.colcon_core.package_identification:_identify(venv/lib/python3.10/site-packages/numpy/f2py/tests/src/return_real) by extension 'cmake'
[1.775s] Level 1:colcon.colcon_core.package_identification:_identify(venv/lib/python3.10/site-packages/numpy/f2py/tests/src/return_real) by extension 'python'
[1.775s] Level 1:colcon.colcon_core.package_identification:_identify(venv/lib/python3.10/site-packages/numpy/f2py/tests/src/return_real) by extensions ['python_setup_py']
[1.775s] Level 1:colcon.colcon_core.package_identification:_identify(venv/lib/python3.10/site-packages/numpy/f2py/tests/src/return_real) by extension 'python_setup_py'
[1.775s] Level 1:colcon.colcon_core.package_identification:_identify(venv/lib/python3.10/site-packages/numpy/f2py/tests/src/size) by extensions ['ignore', 'ignore_ament_install']
[1.775s] Level 1:colcon.colcon_core.package_identification:_identify(venv/lib/python3.10/site-packages/numpy/f2py/tests/src/size) by extension 'ignore'
[1.775s] Level 1:colcon.colcon_core.package_identification:_identify(venv/lib/python3.10/site-packages/numpy/f2py/tests/src/size) by extension 'ignore_ament_install'
[1.775s] Level 1:colcon.colcon_core.package_identification:_identify(venv/lib/python3.10/site-packages/numpy/f2py/tests/src/size) by extensions ['colcon_pkg']
[1.775s] Level 1:colcon.colcon_core.package_identification:_identify(venv/lib/python3.10/site-packages/numpy/f2py/tests/src/size) by extension 'colcon_pkg'
[1.775s] Level 1:colcon.colcon_core.package_identification:_identify(venv/lib/python3.10/site-packages/numpy/f2py/tests/src/size) by extensions ['colcon_meta']
[1.775s] Level 1:colcon.colcon_core.package_identification:_identify(venv/lib/python3.10/site-packages/numpy/f2py/tests/src/size) by extension 'colcon_meta'
[1.775s] Level 1:colcon.colcon_core.package_identification:_identify(venv/lib/python3.10/site-packages/numpy/f2py/tests/src/size) by extensions ['ros']
[1.775s] Level 1:colcon.colcon_core.package_identification:_identify(venv/lib/python3.10/site-packages/numpy/f2py/tests/src/size) by extension 'ros'
[1.775s] Level 1:colcon.colcon_core.package_identification:_identify(venv/lib/python3.10/site-packages/numpy/f2py/tests/src/size) by extensions ['cmake', 'python']
[1.775s] Level 1:colcon.colcon_core.package_identification:_identify(venv/lib/python3.10/site-packages/numpy/f2py/tests/src/size) by extension 'cmake'
[1.775s] Level 1:colcon.colcon_core.package_identification:_identify(venv/lib/python3.10/site-packages/numpy/f2py/tests/src/size) by extension 'python'
[1.775s] Level 1:colcon.colcon_core.package_identification:_identify(venv/lib/python3.10/site-packages/numpy/f2py/tests/src/size) by extensions ['python_setup_py']
[1.775s] Level 1:colcon.colcon_core.package_identification:_identify(venv/lib/python3.10/site-packages/numpy/f2py/tests/src/size) by extension 'python_setup_py'
[1.775s] Level 1:colcon.colcon_core.package_identification:_identify(venv/lib/python3.10/site-packages/numpy/f2py/tests/src/string) by extensions ['ignore', 'ignore_ament_install']
[1.775s] Level 1:colcon.colcon_core.package_identification:_identify(venv/lib/python3.10/site-packages/numpy/f2py/tests/src/string) by extension 'ignore'
[1.775s] Level 1:colcon.colcon_core.package_identification:_identify(venv/lib/python3.10/site-packages/numpy/f2py/tests/src/string) by extension 'ignore_ament_install'
[1.775s] Level 1:colcon.colcon_core.package_identification:_identify(venv/lib/python3.10/site-packages/numpy/f2py/tests/src/string) by extensions ['colcon_pkg']
[1.775s] Level 1:colcon.colcon_core.package_identification:_identify(venv/lib/python3.10/site-packages/numpy/f2py/tests/src/string) by extension 'colcon_pkg'
[1.775s] Level 1:colcon.colcon_core.package_identification:_identify(venv/lib/python3.10/site-packages/numpy/f2py/tests/src/string) by extensions ['colcon_meta']
[1.775s] Level 1:colcon.colcon_core.package_identification:_identify(venv/lib/python3.10/site-packages/numpy/f2py/tests/src/string) by extension 'colcon_meta'
[1.776s] Level 1:colcon.colcon_core.package_identification:_identify(venv/lib/python3.10/site-packages/numpy/f2py/tests/src/string) by extensions ['ros']
[1.776s] Level 1:colcon.colcon_core.package_identification:_identify(venv/lib/python3.10/site-packages/numpy/f2py/tests/src/string) by extension 'ros'
[1.776s] Level 1:colcon.colcon_core.package_identification:_identify(venv/lib/python3.10/site-packages/numpy/f2py/tests/src/string) by extensions ['cmake', 'python']
[1.776s] Level 1:colcon.colcon_core.package_identification:_identify(venv/lib/python3.10/site-packages/numpy/f2py/tests/src/string) by extension 'cmake'
[1.776s] Level 1:colcon.colcon_core.package_identification:_identify(venv/lib/python3.10/site-packages/numpy/f2py/tests/src/string) by extension 'python'
[1.776s] Level 1:colcon.colcon_core.package_identification:_identify(venv/lib/python3.10/site-packages/numpy/f2py/tests/src/string) by extensions ['python_setup_py']
[1.776s] Level 1:colcon.colcon_core.package_identification:_identify(venv/lib/python3.10/site-packages/numpy/f2py/tests/src/string) by extension 'python_setup_py'
[1.776s] Level 1:colcon.colcon_core.package_identification:_identify(venv/lib/python3.10/site-packages/numpy/f2py/tests/src/value_attrspec) by extensions ['ignore', 'ignore_ament_install']
[1.776s] Level 1:colcon.colcon_core.package_identification:_identify(venv/lib/python3.10/site-packages/numpy/f2py/tests/src/value_attrspec) by extension 'ignore'
[1.776s] Level 1:colcon.colcon_core.package_identification:_identify(venv/lib/python3.10/site-packages/numpy/f2py/tests/src/value_attrspec) by extension 'ignore_ament_install'
[1.776s] Level 1:colcon.colcon_core.package_identification:_identify(venv/lib/python3.10/site-packages/numpy/f2py/tests/src/value_attrspec) by extensions ['colcon_pkg']
[1.776s] Level 1:colcon.colcon_core.package_identification:_identify(venv/lib/python3.10/site-packages/numpy/f2py/tests/src/value_attrspec) by extension 'colcon_pkg'
[1.776s] Level 1:colcon.colcon_core.package_identification:_identify(venv/lib/python3.10/site-packages/numpy/f2py/tests/src/value_attrspec) by extensions ['colcon_meta']
[1.776s] Level 1:colcon.colcon_core.package_identification:_identify(venv/lib/python3.10/site-packages/numpy/f2py/tests/src/value_attrspec) by extension 'colcon_meta'
[1.776s] Level 1:colcon.colcon_core.package_identification:_identify(venv/lib/python3.10/site-packages/numpy/f2py/tests/src/value_attrspec) by extensions ['ros']
[1.776s] Level 1:colcon.colcon_core.package_identification:_identify(venv/lib/python3.10/site-packages/numpy/f2py/tests/src/value_attrspec) by extension 'ros'
[1.776s] Level 1:colcon.colcon_core.package_identification:_identify(venv/lib/python3.10/site-packages/numpy/f2py/tests/src/value_attrspec) by extensions ['cmake', 'python']
[1.776s] Level 1:colcon.colcon_core.package_identification:_identify(venv/lib/python3.10/site-packages/numpy/f2py/tests/src/value_attrspec) by extension 'cmake'
[1.776s] Level 1:colcon.colcon_core.package_identification:_identify(venv/lib/python3.10/site-packages/numpy/f2py/tests/src/value_attrspec) by extension 'python'
[1.776s] Level 1:colcon.colcon_core.package_identification:_identify(venv/lib/python3.10/site-packages/numpy/f2py/tests/src/value_attrspec) by extensions ['python_setup_py']
[1.776s] Level 1:colcon.colcon_core.package_identification:_identify(venv/lib/python3.10/site-packages/numpy/f2py/tests/src/value_attrspec) by extension 'python_setup_py'
[1.776s] Level 1:colcon.colcon_core.package_identification:_identify(venv/lib/python3.10/site-packages/numpy/fft) by extensions ['ignore', 'ignore_ament_install']
[1.776s] Level 1:colcon.colcon_core.package_identification:_identify(venv/lib/python3.10/site-packages/numpy/fft) by extension 'ignore'
[1.776s] Level 1:colcon.colcon_core.package_identification:_identify(venv/lib/python3.10/site-packages/numpy/fft) by extension 'ignore_ament_install'
[1.776s] Level 1:colcon.colcon_core.package_identification:_identify(venv/lib/python3.10/site-packages/numpy/fft) by extensions ['colcon_pkg']
[1.776s] Level 1:colcon.colcon_core.package_identification:_identify(venv/lib/python3.10/site-packages/numpy/fft) by extension 'colcon_pkg'
[1.776s] Level 1:colcon.colcon_core.package_identification:_identify(venv/lib/python3.10/site-packages/numpy/fft) by extensions ['colcon_meta']
[1.776s] Level 1:colcon.colcon_core.package_identification:_identify(venv/lib/python3.10/site-packages/numpy/fft) by extension 'colcon_meta'
[1.776s] Level 1:colcon.colcon_core.package_identification:_identify(venv/lib/python3.10/site-packages/numpy/fft) by extensions ['ros']
[1.777s] Level 1:colcon.colcon_core.package_identification:_identify(venv/lib/python3.10/site-packages/numpy/fft) by extension 'ros'
[1.777s] Level 1:colcon.colcon_core.package_identification:_identify(venv/lib/python3.10/site-packages/numpy/fft) by extensions ['cmake', 'python']
[1.777s] Level 1:colcon.colcon_core.package_identification:_identify(venv/lib/python3.10/site-packages/numpy/fft) by extension 'cmake'
[1.777s] Level 1:colcon.colcon_core.package_identification:_identify(venv/lib/python3.10/site-packages/numpy/fft) by extension 'python'
[1.777s] Level 1:colcon.colcon_core.package_identification:_identify(venv/lib/python3.10/site-packages/numpy/fft) by extensions ['python_setup_py']
[1.777s] Level 1:colcon.colcon_core.package_identification:_identify(venv/lib/python3.10/site-packages/numpy/fft) by extension 'python_setup_py'
[1.777s] Level 1:colcon.colcon_core.package_identification:_identify(venv/lib/python3.10/site-packages/numpy/fft/__pycache__) by extensions ['ignore', 'ignore_ament_install']
[1.777s] Level 1:colcon.colcon_core.package_identification:_identify(venv/lib/python3.10/site-packages/numpy/fft/__pycache__) by extension 'ignore'
[1.777s] Level 1:colcon.colcon_core.package_identification:_identify(venv/lib/python3.10/site-packages/numpy/fft/__pycache__) by extension 'ignore_ament_install'
[1.777s] Level 1:colcon.colcon_core.package_identification:_identify(venv/lib/python3.10/site-packages/numpy/fft/__pycache__) by extensions ['colcon_pkg']
[1.777s] Level 1:colcon.colcon_core.package_identification:_identify(venv/lib/python3.10/site-packages/numpy/fft/__pycache__) by extension 'colcon_pkg'
[1.777s] Level 1:colcon.colcon_core.package_identification:_identify(venv/lib/python3.10/site-packages/numpy/fft/__pycache__) by extensions ['colcon_meta']
[1.777s] Level 1:colcon.colcon_core.package_identification:_identify(venv/lib/python3.10/site-packages/numpy/fft/__pycache__) by extension 'colcon_meta'
[1.777s] Level 1:colcon.colcon_core.package_identification:_identify(venv/lib/python3.10/site-packages/numpy/fft/__pycache__) by extensions ['ros']
[1.777s] Level 1:colcon.colcon_core.package_identification:_identify(venv/lib/python3.10/site-packages/numpy/fft/__pycache__) by extension 'ros'
[1.777s] Level 1:colcon.colcon_core.package_identification:_identify(venv/lib/python3.10/site-packages/numpy/fft/__pycache__) by extensions ['cmake', 'python']
[1.777s] Level 1:colcon.colcon_core.package_identification:_identify(venv/lib/python3.10/site-packages/numpy/fft/__pycache__) by extension 'cmake'
[1.777s] Level 1:colcon.colcon_core.package_identification:_identify(venv/lib/python3.10/site-packages/numpy/fft/__pycache__) by extension 'python'
[1.777s] Level 1:colcon.colcon_core.package_identification:_identify(venv/lib/python3.10/site-packages/numpy/fft/__pycache__) by extensions ['python_setup_py']
[1.777s] Level 1:colcon.colcon_core.package_identification:_identify(venv/lib/python3.10/site-packages/numpy/fft/__pycache__) by extension 'python_setup_py'
[1.777s] Level 1:colcon.colcon_core.package_identification:_identify(venv/lib/python3.10/site-packages/numpy/fft/tests) by extensions ['ignore', 'ignore_ament_install']
[1.777s] Level 1:colcon.colcon_core.package_identification:_identify(venv/lib/python3.10/site-packages/numpy/fft/tests) by extension 'ignore'
[1.777s] Level 1:colcon.colcon_core.package_identification:_identify(venv/lib/python3.10/site-packages/numpy/fft/tests) by extension 'ignore_ament_install'
[1.777s] Level 1:colcon.colcon_core.package_identification:_identify(venv/lib/python3.10/site-packages/numpy/fft/tests) by extensions ['colcon_pkg']
[1.777s] Level 1:colcon.colcon_core.package_identification:_identify(venv/lib/python3.10/site-packages/numpy/fft/tests) by extension 'colcon_pkg'
[1.777s] Level 1:colcon.colcon_core.package_identification:_identify(venv/lib/python3.10/site-packages/numpy/fft/tests) by extensions ['colcon_meta']
[1.777s] Level 1:colcon.colcon_core.package_identification:_identify(venv/lib/python3.10/site-packages/numpy/fft/tests) by extension 'colcon_meta'
[1.777s] Level 1:colcon.colcon_core.package_identification:_identify(venv/lib/python3.10/site-packages/numpy/fft/tests) by extensions ['ros']
[1.777s] Level 1:colcon.colcon_core.package_identification:_identify(venv/lib/python3.10/site-packages/numpy/fft/tests) by extension 'ros'
[1.778s] Level 1:colcon.colcon_core.package_identification:_identify(venv/lib/python3.10/site-packages/numpy/fft/tests) by extensions ['cmake', 'python']
[1.778s] Level 1:colcon.colcon_core.package_identification:_identify(venv/lib/python3.10/site-packages/numpy/fft/tests) by extension 'cmake'
[1.778s] Level 1:colcon.colcon_core.package_identification:_identify(venv/lib/python3.10/site-packages/numpy/fft/tests) by extension 'python'
[1.778s] Level 1:colcon.colcon_core.package_identification:_identify(venv/lib/python3.10/site-packages/numpy/fft/tests) by extensions ['python_setup_py']
[1.778s] Level 1:colcon.colcon_core.package_identification:_identify(venv/lib/python3.10/site-packages/numpy/fft/tests) by extension 'python_setup_py'
[1.778s] Level 1:colcon.colcon_core.package_identification:_identify(venv/lib/python3.10/site-packages/numpy/fft/tests/__pycache__) by extensions ['ignore', 'ignore_ament_install']
[1.778s] Level 1:colcon.colcon_core.package_identification:_identify(venv/lib/python3.10/site-packages/numpy/fft/tests/__pycache__) by extension 'ignore'
[1.778s] Level 1:colcon.colcon_core.package_identification:_identify(venv/lib/python3.10/site-packages/numpy/fft/tests/__pycache__) by extension 'ignore_ament_install'
[1.778s] Level 1:colcon.colcon_core.package_identification:_identify(venv/lib/python3.10/site-packages/numpy/fft/tests/__pycache__) by extensions ['colcon_pkg']
[1.778s] Level 1:colcon.colcon_core.package_identification:_identify(venv/lib/python3.10/site-packages/numpy/fft/tests/__pycache__) by extension 'colcon_pkg'
[1.778s] Level 1:colcon.colcon_core.package_identification:_identify(venv/lib/python3.10/site-packages/numpy/fft/tests/__pycache__) by extensions ['colcon_meta']
[1.778s] Level 1:colcon.colcon_core.package_identification:_identify(venv/lib/python3.10/site-packages/numpy/fft/tests/__pycache__) by extension 'colcon_meta'
[1.778s] Level 1:colcon.colcon_core.package_identification:_identify(venv/lib/python3.10/site-packages/numpy/fft/tests/__pycache__) by extensions ['ros']
[1.778s] Level 1:colcon.colcon_core.package_identification:_identify(venv/lib/python3.10/site-packages/numpy/fft/tests/__pycache__) by extension 'ros'
[1.778s] Level 1:colcon.colcon_core.package_identification:_identify(venv/lib/python3.10/site-packages/numpy/fft/tests/__pycache__) by extensions ['cmake', 'python']
[1.778s] Level 1:colcon.colcon_core.package_identification:_identify(venv/lib/python3.10/site-packages/numpy/fft/tests/__pycache__) by extension 'cmake'
[1.778s] Level 1:colcon.colcon_core.package_identification:_identify(venv/lib/python3.10/site-packages/numpy/fft/tests/__pycache__) by extension 'python'
[1.778s] Level 1:colcon.colcon_core.package_identification:_identify(venv/lib/python3.10/site-packages/numpy/fft/tests/__pycache__) by extensions ['python_setup_py']
[1.778s] Level 1:colcon.colcon_core.package_identification:_identify(venv/lib/python3.10/site-packages/numpy/fft/tests/__pycache__) by extension 'python_setup_py'
[1.778s] Level 1:colcon.colcon_core.package_identification:_identify(venv/lib/python3.10/site-packages/numpy/lib) by extensions ['ignore', 'ignore_ament_install']
[1.778s] Level 1:colcon.colcon_core.package_identification:_identify(venv/lib/python3.10/site-packages/numpy/lib) by extension 'ignore'
[1.778s] Level 1:colcon.colcon_core.package_identification:_identify(venv/lib/python3.10/site-packages/numpy/lib) by extension 'ignore_ament_install'
[1.778s] Level 1:colcon.colcon_core.package_identification:_identify(venv/lib/python3.10/site-packages/numpy/lib) by extensions ['colcon_pkg']
[1.778s] Level 1:colcon.colcon_core.package_identification:_identify(venv/lib/python3.10/site-packages/numpy/lib) by extension 'colcon_pkg'
[1.778s] Level 1:colcon.colcon_core.package_identification:_identify(venv/lib/python3.10/site-packages/numpy/lib) by extensions ['colcon_meta']
[1.778s] Level 1:colcon.colcon_core.package_identification:_identify(venv/lib/python3.10/site-packages/numpy/lib) by extension 'colcon_meta'
[1.778s] Level 1:colcon.colcon_core.package_identification:_identify(venv/lib/python3.10/site-packages/numpy/lib) by extensions ['ros']
[1.779s] Level 1:colcon.colcon_core.package_identification:_identify(venv/lib/python3.10/site-packages/numpy/lib) by extension 'ros'
[1.779s] Level 1:colcon.colcon_core.package_identification:_identify(venv/lib/python3.10/site-packages/numpy/lib) by extensions ['cmake', 'python']
[1.779s] Level 1:colcon.colcon_core.package_identification:_identify(venv/lib/python3.10/site-packages/numpy/lib) by extension 'cmake'
[1.779s] Level 1:colcon.colcon_core.package_identification:_identify(venv/lib/python3.10/site-packages/numpy/lib) by extension 'python'
[1.779s] Level 1:colcon.colcon_core.package_identification:_identify(venv/lib/python3.10/site-packages/numpy/lib) by extensions ['python_setup_py']
[1.779s] Level 1:colcon.colcon_core.package_identification:_identify(venv/lib/python3.10/site-packages/numpy/lib) by extension 'python_setup_py'
[1.957s] ERROR:colcon.colcon_core.package_identification:Exception in package identification extension 'python_setup_py' in 'venv/lib/python3.10/site-packages/numpy/lib': Command '['/usr/bin/python3', '-c', 'import sys;from contextlib import suppress;exec("with suppress(ImportError):    from setuptools.extern.packaging.specifiers    import SpecifierSet");exec("with suppress(ImportError):    from packaging.specifiers import SpecifierSet");from distutils.core import run_setup;dist = run_setup(    \'setup.py\', script_args=(\'--dry-run\',), stop_after=\'config\');skip_keys = (\'cmdclass\', \'distclass\', \'ext_modules\', \'metadata\');data = {    key: value for key, value in dist.__dict__.items()     if (        not key.startswith(\'_\') and         not callable(value) and         key not in skip_keys and         key not in dist.display_option_names    )};data[\'metadata\'] = {    k: v for k, v in dist.metadata.__dict__.items()     if k not in (\'license_files\', \'provides_extras\')};sys.stdout.buffer.write(repr(data).encode(\'utf-8\'))']' returned non-zero exit status 1.
Traceback (most recent call last):
  File "/usr/lib/python3/dist-packages/colcon_core/package_identification/__init__.py", line 144, in _identify
    retval = extension.identify(_reused_descriptor_instance)
  File "/usr/lib/python3/dist-packages/colcon_python_setup_py/package_identification/python_setup_py.py", line 48, in identify
    config = get_setup_information(setup_py)
  File "/usr/lib/python3/dist-packages/colcon_python_setup_py/package_identification/python_setup_py.py", line 249, in get_setup_information
    _setup_information_cache[hashable_env] = _get_setup_information(
  File "/usr/lib/python3/dist-packages/colcon_python_setup_py/package_identification/python_setup_py.py", line 296, in _get_setup_information
    result = subprocess.run(
  File "/usr/lib/python3.10/subprocess.py", line 526, in run
    raise CalledProcessError(retcode, process.args,
subprocess.CalledProcessError: Command '['/usr/bin/python3', '-c', 'import sys;from contextlib import suppress;exec("with suppress(ImportError):    from setuptools.extern.packaging.specifiers    import SpecifierSet");exec("with suppress(ImportError):    from packaging.specifiers import SpecifierSet");from distutils.core import run_setup;dist = run_setup(    \'setup.py\', script_args=(\'--dry-run\',), stop_after=\'config\');skip_keys = (\'cmdclass\', \'distclass\', \'ext_modules\', \'metadata\');data = {    key: value for key, value in dist.__dict__.items()     if (        not key.startswith(\'_\') and         not callable(value) and         key not in skip_keys and         key not in dist.display_option_names    )};data[\'metadata\'] = {    k: v for k, v in dist.metadata.__dict__.items()     if k not in (\'license_files\', \'provides_extras\')};sys.stdout.buffer.write(repr(data).encode(\'utf-8\'))']' returned non-zero exit status 1.

[1.958s] Level 1:colcon.colcon_core.package_identification:_identify(venv/lib/python3.10/site-packages/numpy/lib/__pycache__) by extensions ['ignore', 'ignore_ament_install']
[1.958s] Level 1:colcon.colcon_core.package_identification:_identify(venv/lib/python3.10/site-packages/numpy/lib/__pycache__) by extension 'ignore'
[1.958s] Level 1:colcon.colcon_core.package_identification:_identify(venv/lib/python3.10/site-packages/numpy/lib/__pycache__) by extension 'ignore_ament_install'
[1.958s] Level 1:colcon.colcon_core.package_identification:_identify(venv/lib/python3.10/site-packages/numpy/lib/__pycache__) by extensions ['colcon_pkg']
[1.958s] Level 1:colcon.colcon_core.package_identification:_identify(venv/lib/python3.10/site-packages/numpy/lib/__pycache__) by extension 'colcon_pkg'
[1.958s] Level 1:colcon.colcon_core.package_identification:_identify(venv/lib/python3.10/site-packages/numpy/lib/__pycache__) by extensions ['colcon_meta']
[1.958s] Level 1:colcon.colcon_core.package_identification:_identify(venv/lib/python3.10/site-packages/numpy/lib/__pycache__) by extension 'colcon_meta'
[1.958s] Level 1:colcon.colcon_core.package_identification:_identify(venv/lib/python3.10/site-packages/numpy/lib/__pycache__) by extensions ['ros']
[1.958s] Level 1:colcon.colcon_core.package_identification:_identify(venv/lib/python3.10/site-packages/numpy/lib/__pycache__) by extension 'ros'
[1.959s] Level 1:colcon.colcon_core.package_identification:_identify(venv/lib/python3.10/site-packages/numpy/lib/__pycache__) by extensions ['cmake', 'python']
[1.959s] Level 1:colcon.colcon_core.package_identification:_identify(venv/lib/python3.10/site-packages/numpy/lib/__pycache__) by extension 'cmake'
[1.959s] Level 1:colcon.colcon_core.package_identification:_identify(venv/lib/python3.10/site-packages/numpy/lib/__pycache__) by extension 'python'
[1.959s] Level 1:colcon.colcon_core.package_identification:_identify(venv/lib/python3.10/site-packages/numpy/lib/__pycache__) by extensions ['python_setup_py']
[1.959s] Level 1:colcon.colcon_core.package_identification:_identify(venv/lib/python3.10/site-packages/numpy/lib/__pycache__) by extension 'python_setup_py'
[1.959s] Level 1:colcon.colcon_core.package_identification:_identify(venv/lib/python3.10/site-packages/numpy/lib/tests) by extensions ['ignore', 'ignore_ament_install']
[1.959s] Level 1:colcon.colcon_core.package_identification:_identify(venv/lib/python3.10/site-packages/numpy/lib/tests) by extension 'ignore'
[1.959s] Level 1:colcon.colcon_core.package_identification:_identify(venv/lib/python3.10/site-packages/numpy/lib/tests) by extension 'ignore_ament_install'
[1.959s] Level 1:colcon.colcon_core.package_identification:_identify(venv/lib/python3.10/site-packages/numpy/lib/tests) by extensions ['colcon_pkg']
[1.959s] Level 1:colcon.colcon_core.package_identification:_identify(venv/lib/python3.10/site-packages/numpy/lib/tests) by extension 'colcon_pkg'
[1.959s] Level 1:colcon.colcon_core.package_identification:_identify(venv/lib/python3.10/site-packages/numpy/lib/tests) by extensions ['colcon_meta']
[1.959s] Level 1:colcon.colcon_core.package_identification:_identify(venv/lib/python3.10/site-packages/numpy/lib/tests) by extension 'colcon_meta'
[1.959s] Level 1:colcon.colcon_core.package_identification:_identify(venv/lib/python3.10/site-packages/numpy/lib/tests) by extensions ['ros']
[1.959s] Level 1:colcon.colcon_core.package_identification:_identify(venv/lib/python3.10/site-packages/numpy/lib/tests) by extension 'ros'
[1.959s] Level 1:colcon.colcon_core.package_identification:_identify(venv/lib/python3.10/site-packages/numpy/lib/tests) by extensions ['cmake', 'python']
[1.959s] Level 1:colcon.colcon_core.package_identification:_identify(venv/lib/python3.10/site-packages/numpy/lib/tests) by extension 'cmake'
[1.959s] Level 1:colcon.colcon_core.package_identification:_identify(venv/lib/python3.10/site-packages/numpy/lib/tests) by extension 'python'
[1.959s] Level 1:colcon.colcon_core.package_identification:_identify(venv/lib/python3.10/site-packages/numpy/lib/tests) by extensions ['python_setup_py']
[1.959s] Level 1:colcon.colcon_core.package_identification:_identify(venv/lib/python3.10/site-packages/numpy/lib/tests) by extension 'python_setup_py'
[1.959s] Level 1:colcon.colcon_core.package_identification:_identify(venv/lib/python3.10/site-packages/numpy/lib/tests/__pycache__) by extensions ['ignore', 'ignore_ament_install']
[1.959s] Level 1:colcon.colcon_core.package_identification:_identify(venv/lib/python3.10/site-packages/numpy/lib/tests/__pycache__) by extension 'ignore'
[1.959s] Level 1:colcon.colcon_core.package_identification:_identify(venv/lib/python3.10/site-packages/numpy/lib/tests/__pycache__) by extension 'ignore_ament_install'
[1.959s] Level 1:colcon.colcon_core.package_identification:_identify(venv/lib/python3.10/site-packages/numpy/lib/tests/__pycache__) by extensions ['colcon_pkg']
[1.959s] Level 1:colcon.colcon_core.package_identification:_identify(venv/lib/python3.10/site-packages/numpy/lib/tests/__pycache__) by extension 'colcon_pkg'
[1.959s] Level 1:colcon.colcon_core.package_identification:_identify(venv/lib/python3.10/site-packages/numpy/lib/tests/__pycache__) by extensions ['colcon_meta']
[1.959s] Level 1:colcon.colcon_core.package_identification:_identify(venv/lib/python3.10/site-packages/numpy/lib/tests/__pycache__) by extension 'colcon_meta'
[1.960s] Level 1:colcon.colcon_core.package_identification:_identify(venv/lib/python3.10/site-packages/numpy/lib/tests/__pycache__) by extensions ['ros']
[1.960s] Level 1:colcon.colcon_core.package_identification:_identify(venv/lib/python3.10/site-packages/numpy/lib/tests/__pycache__) by extension 'ros'
[1.960s] Level 1:colcon.colcon_core.package_identification:_identify(venv/lib/python3.10/site-packages/numpy/lib/tests/__pycache__) by extensions ['cmake', 'python']
[1.960s] Level 1:colcon.colcon_core.package_identification:_identify(venv/lib/python3.10/site-packages/numpy/lib/tests/__pycache__) by extension 'cmake'
[1.960s] Level 1:colcon.colcon_core.package_identification:_identify(venv/lib/python3.10/site-packages/numpy/lib/tests/__pycache__) by extension 'python'
[1.960s] Level 1:colcon.colcon_core.package_identification:_identify(venv/lib/python3.10/site-packages/numpy/lib/tests/__pycache__) by extensions ['python_setup_py']
[1.960s] Level 1:colcon.colcon_core.package_identification:_identify(venv/lib/python3.10/site-packages/numpy/lib/tests/__pycache__) by extension 'python_setup_py'
[1.960s] Level 1:colcon.colcon_core.package_identification:_identify(venv/lib/python3.10/site-packages/numpy/lib/tests/data) by extensions ['ignore', 'ignore_ament_install']
[1.960s] Level 1:colcon.colcon_core.package_identification:_identify(venv/lib/python3.10/site-packages/numpy/lib/tests/data) by extension 'ignore'
[1.960s] Level 1:colcon.colcon_core.package_identification:_identify(venv/lib/python3.10/site-packages/numpy/lib/tests/data) by extension 'ignore_ament_install'
[1.960s] Level 1:colcon.colcon_core.package_identification:_identify(venv/lib/python3.10/site-packages/numpy/lib/tests/data) by extensions ['colcon_pkg']
[1.960s] Level 1:colcon.colcon_core.package_identification:_identify(venv/lib/python3.10/site-packages/numpy/lib/tests/data) by extension 'colcon_pkg'
[1.960s] Level 1:colcon.colcon_core.package_identification:_identify(venv/lib/python3.10/site-packages/numpy/lib/tests/data) by extensions ['colcon_meta']
[1.960s] Level 1:colcon.colcon_core.package_identification:_identify(venv/lib/python3.10/site-packages/numpy/lib/tests/data) by extension 'colcon_meta'
[1.960s] Level 1:colcon.colcon_core.package_identification:_identify(venv/lib/python3.10/site-packages/numpy/lib/tests/data) by extensions ['ros']
[1.960s] Level 1:colcon.colcon_core.package_identification:_identify(venv/lib/python3.10/site-packages/numpy/lib/tests/data) by extension 'ros'
[1.960s] Level 1:colcon.colcon_core.package_identification:_identify(venv/lib/python3.10/site-packages/numpy/lib/tests/data) by extensions ['cmake', 'python']
[1.960s] Level 1:colcon.colcon_core.package_identification:_identify(venv/lib/python3.10/site-packages/numpy/lib/tests/data) by extension 'cmake'
[1.960s] Level 1:colcon.colcon_core.package_identification:_identify(venv/lib/python3.10/site-packages/numpy/lib/tests/data) by extension 'python'
[1.960s] Level 1:colcon.colcon_core.package_identification:_identify(venv/lib/python3.10/site-packages/numpy/lib/tests/data) by extensions ['python_setup_py']
[1.960s] Level 1:colcon.colcon_core.package_identification:_identify(venv/lib/python3.10/site-packages/numpy/lib/tests/data) by extension 'python_setup_py'
[1.960s] Level 1:colcon.colcon_core.package_identification:_identify(venv/lib/python3.10/site-packages/numpy/linalg) by extensions ['ignore', 'ignore_ament_install']
[1.960s] Level 1:colcon.colcon_core.package_identification:_identify(venv/lib/python3.10/site-packages/numpy/linalg) by extension 'ignore'
[1.960s] Level 1:colcon.colcon_core.package_identification:_identify(venv/lib/python3.10/site-packages/numpy/linalg) by extension 'ignore_ament_install'
[1.960s] Level 1:colcon.colcon_core.package_identification:_identify(venv/lib/python3.10/site-packages/numpy/linalg) by extensions ['colcon_pkg']
[1.960s] Level 1:colcon.colcon_core.package_identification:_identify(venv/lib/python3.10/site-packages/numpy/linalg) by extension 'colcon_pkg'
[1.960s] Level 1:colcon.colcon_core.package_identification:_identify(venv/lib/python3.10/site-packages/numpy/linalg) by extensions ['colcon_meta']
[1.960s] Level 1:colcon.colcon_core.package_identification:_identify(venv/lib/python3.10/site-packages/numpy/linalg) by extension 'colcon_meta'
[1.961s] Level 1:colcon.colcon_core.package_identification:_identify(venv/lib/python3.10/site-packages/numpy/linalg) by extensions ['ros']
[1.961s] Level 1:colcon.colcon_core.package_identification:_identify(venv/lib/python3.10/site-packages/numpy/linalg) by extension 'ros'
[1.961s] Level 1:colcon.colcon_core.package_identification:_identify(venv/lib/python3.10/site-packages/numpy/linalg) by extensions ['cmake', 'python']
[1.961s] Level 1:colcon.colcon_core.package_identification:_identify(venv/lib/python3.10/site-packages/numpy/linalg) by extension 'cmake'
[1.961s] Level 1:colcon.colcon_core.package_identification:_identify(venv/lib/python3.10/site-packages/numpy/linalg) by extension 'python'
[1.961s] Level 1:colcon.colcon_core.package_identification:_identify(venv/lib/python3.10/site-packages/numpy/linalg) by extensions ['python_setup_py']
[1.961s] Level 1:colcon.colcon_core.package_identification:_identify(venv/lib/python3.10/site-packages/numpy/linalg) by extension 'python_setup_py'
[1.961s] Level 1:colcon.colcon_core.package_identification:_identify(venv/lib/python3.10/site-packages/numpy/linalg/__pycache__) by extensions ['ignore', 'ignore_ament_install']
[1.961s] Level 1:colcon.colcon_core.package_identification:_identify(venv/lib/python3.10/site-packages/numpy/linalg/__pycache__) by extension 'ignore'
[1.961s] Level 1:colcon.colcon_core.package_identification:_identify(venv/lib/python3.10/site-packages/numpy/linalg/__pycache__) by extension 'ignore_ament_install'
[1.961s] Level 1:colcon.colcon_core.package_identification:_identify(venv/lib/python3.10/site-packages/numpy/linalg/__pycache__) by extensions ['colcon_pkg']
[1.961s] Level 1:colcon.colcon_core.package_identification:_identify(venv/lib/python3.10/site-packages/numpy/linalg/__pycache__) by extension 'colcon_pkg'
[1.961s] Level 1:colcon.colcon_core.package_identification:_identify(venv/lib/python3.10/site-packages/numpy/linalg/__pycache__) by extensions ['colcon_meta']
[1.961s] Level 1:colcon.colcon_core.package_identification:_identify(venv/lib/python3.10/site-packages/numpy/linalg/__pycache__) by extension 'colcon_meta'
[1.961s] Level 1:colcon.colcon_core.package_identification:_identify(venv/lib/python3.10/site-packages/numpy/linalg/__pycache__) by extensions ['ros']
[1.961s] Level 1:colcon.colcon_core.package_identification:_identify(venv/lib/python3.10/site-packages/numpy/linalg/__pycache__) by extension 'ros'
[1.961s] Level 1:colcon.colcon_core.package_identification:_identify(venv/lib/python3.10/site-packages/numpy/linalg/__pycache__) by extensions ['cmake', 'python']
[1.961s] Level 1:colcon.colcon_core.package_identification:_identify(venv/lib/python3.10/site-packages/numpy/linalg/__pycache__) by extension 'cmake'
[1.961s] Level 1:colcon.colcon_core.package_identification:_identify(venv/lib/python3.10/site-packages/numpy/linalg/__pycache__) by extension 'python'
[1.961s] Level 1:colcon.colcon_core.package_identification:_identify(venv/lib/python3.10/site-packages/numpy/linalg/__pycache__) by extensions ['python_setup_py']
[1.961s] Level 1:colcon.colcon_core.package_identification:_identify(venv/lib/python3.10/site-packages/numpy/linalg/__pycache__) by extension 'python_setup_py'
[1.961s] Level 1:colcon.colcon_core.package_identification:_identify(venv/lib/python3.10/site-packages/numpy/linalg/tests) by extensions ['ignore', 'ignore_ament_install']
[1.961s] Level 1:colcon.colcon_core.package_identification:_identify(venv/lib/python3.10/site-packages/numpy/linalg/tests) by extension 'ignore'
[1.961s] Level 1:colcon.colcon_core.package_identification:_identify(venv/lib/python3.10/site-packages/numpy/linalg/tests) by extension 'ignore_ament_install'
[1.961s] Level 1:colcon.colcon_core.package_identification:_identify(venv/lib/python3.10/site-packages/numpy/linalg/tests) by extensions ['colcon_pkg']
[1.961s] Level 1:colcon.colcon_core.package_identification:_identify(venv/lib/python3.10/site-packages/numpy/linalg/tests) by extension 'colcon_pkg'
[1.961s] Level 1:colcon.colcon_core.package_identification:_identify(venv/lib/python3.10/site-packages/numpy/linalg/tests) by extensions ['colcon_meta']
[1.962s] Level 1:colcon.colcon_core.package_identification:_identify(venv/lib/python3.10/site-packages/numpy/linalg/tests) by extension 'colcon_meta'
[1.962s] Level 1:colcon.colcon_core.package_identification:_identify(venv/lib/python3.10/site-packages/numpy/linalg/tests) by extensions ['ros']
[1.962s] Level 1:colcon.colcon_core.package_identification:_identify(venv/lib/python3.10/site-packages/numpy/linalg/tests) by extension 'ros'
[1.962s] Level 1:colcon.colcon_core.package_identification:_identify(venv/lib/python3.10/site-packages/numpy/linalg/tests) by extensions ['cmake', 'python']
[1.962s] Level 1:colcon.colcon_core.package_identification:_identify(venv/lib/python3.10/site-packages/numpy/linalg/tests) by extension 'cmake'
[1.962s] Level 1:colcon.colcon_core.package_identification:_identify(venv/lib/python3.10/site-packages/numpy/linalg/tests) by extension 'python'
[1.962s] Level 1:colcon.colcon_core.package_identification:_identify(venv/lib/python3.10/site-packages/numpy/linalg/tests) by extensions ['python_setup_py']
[1.962s] Level 1:colcon.colcon_core.package_identification:_identify(venv/lib/python3.10/site-packages/numpy/linalg/tests) by extension 'python_setup_py'
[1.962s] Level 1:colcon.colcon_core.package_identification:_identify(venv/lib/python3.10/site-packages/numpy/linalg/tests/__pycache__) by extensions ['ignore', 'ignore_ament_install']
[1.962s] Level 1:colcon.colcon_core.package_identification:_identify(venv/lib/python3.10/site-packages/numpy/linalg/tests/__pycache__) by extension 'ignore'
[1.962s] Level 1:colcon.colcon_core.package_identification:_identify(venv/lib/python3.10/site-packages/numpy/linalg/tests/__pycache__) by extension 'ignore_ament_install'
[1.962s] Level 1:colcon.colcon_core.package_identification:_identify(venv/lib/python3.10/site-packages/numpy/linalg/tests/__pycache__) by extensions ['colcon_pkg']
[1.962s] Level 1:colcon.colcon_core.package_identification:_identify(venv/lib/python3.10/site-packages/numpy/linalg/tests/__pycache__) by extension 'colcon_pkg'
[1.962s] Level 1:colcon.colcon_core.package_identification:_identify(venv/lib/python3.10/site-packages/numpy/linalg/tests/__pycache__) by extensions ['colcon_meta']
[1.962s] Level 1:colcon.colcon_core.package_identification:_identify(venv/lib/python3.10/site-packages/numpy/linalg/tests/__pycache__) by extension 'colcon_meta'
[1.962s] Level 1:colcon.colcon_core.package_identification:_identify(venv/lib/python3.10/site-packages/numpy/linalg/tests/__pycache__) by extensions ['ros']
[1.962s] Level 1:colcon.colcon_core.package_identification:_identify(venv/lib/python3.10/site-packages/numpy/linalg/tests/__pycache__) by extension 'ros'
[1.962s] Level 1:colcon.colcon_core.package_identification:_identify(venv/lib/python3.10/site-packages/numpy/linalg/tests/__pycache__) by extensions ['cmake', 'python']
[1.962s] Level 1:colcon.colcon_core.package_identification:_identify(venv/lib/python3.10/site-packages/numpy/linalg/tests/__pycache__) by extension 'cmake'
[1.962s] Level 1:colcon.colcon_core.package_identification:_identify(venv/lib/python3.10/site-packages/numpy/linalg/tests/__pycache__) by extension 'python'
[1.962s] Level 1:colcon.colcon_core.package_identification:_identify(venv/lib/python3.10/site-packages/numpy/linalg/tests/__pycache__) by extensions ['python_setup_py']
[1.962s] Level 1:colcon.colcon_core.package_identification:_identify(venv/lib/python3.10/site-packages/numpy/linalg/tests/__pycache__) by extension 'python_setup_py'
[1.962s] Level 1:colcon.colcon_core.package_identification:_identify(venv/lib/python3.10/site-packages/numpy/ma) by extensions ['ignore', 'ignore_ament_install']
[1.962s] Level 1:colcon.colcon_core.package_identification:_identify(venv/lib/python3.10/site-packages/numpy/ma) by extension 'ignore'
[1.962s] Level 1:colcon.colcon_core.package_identification:_identify(venv/lib/python3.10/site-packages/numpy/ma) by extension 'ignore_ament_install'
[1.962s] Level 1:colcon.colcon_core.package_identification:_identify(venv/lib/python3.10/site-packages/numpy/ma) by extensions ['colcon_pkg']
[1.962s] Level 1:colcon.colcon_core.package_identification:_identify(venv/lib/python3.10/site-packages/numpy/ma) by extension 'colcon_pkg'
[1.962s] Level 1:colcon.colcon_core.package_identification:_identify(venv/lib/python3.10/site-packages/numpy/ma) by extensions ['colcon_meta']
[1.962s] Level 1:colcon.colcon_core.package_identification:_identify(venv/lib/python3.10/site-packages/numpy/ma) by extension 'colcon_meta'
[1.962s] Level 1:colcon.colcon_core.package_identification:_identify(venv/lib/python3.10/site-packages/numpy/ma) by extensions ['ros']
[1.963s] Level 1:colcon.colcon_core.package_identification:_identify(venv/lib/python3.10/site-packages/numpy/ma) by extension 'ros'
[1.963s] Level 1:colcon.colcon_core.package_identification:_identify(venv/lib/python3.10/site-packages/numpy/ma) by extensions ['cmake', 'python']
[1.963s] Level 1:colcon.colcon_core.package_identification:_identify(venv/lib/python3.10/site-packages/numpy/ma) by extension 'cmake'
[1.963s] Level 1:colcon.colcon_core.package_identification:_identify(venv/lib/python3.10/site-packages/numpy/ma) by extension 'python'
[1.963s] Level 1:colcon.colcon_core.package_identification:_identify(venv/lib/python3.10/site-packages/numpy/ma) by extensions ['python_setup_py']
[1.963s] Level 1:colcon.colcon_core.package_identification:_identify(venv/lib/python3.10/site-packages/numpy/ma) by extension 'python_setup_py'
[2.141s] ERROR:colcon.colcon_core.package_identification:Exception in package identification extension 'python_setup_py' in 'venv/lib/python3.10/site-packages/numpy/ma': Command '['/usr/bin/python3', '-c', 'import sys;from contextlib import suppress;exec("with suppress(ImportError):    from setuptools.extern.packaging.specifiers    import SpecifierSet");exec("with suppress(ImportError):    from packaging.specifiers import SpecifierSet");from distutils.core import run_setup;dist = run_setup(    \'setup.py\', script_args=(\'--dry-run\',), stop_after=\'config\');skip_keys = (\'cmdclass\', \'distclass\', \'ext_modules\', \'metadata\');data = {    key: value for key, value in dist.__dict__.items()     if (        not key.startswith(\'_\') and         not callable(value) and         key not in skip_keys and         key not in dist.display_option_names    )};data[\'metadata\'] = {    k: v for k, v in dist.metadata.__dict__.items()     if k not in (\'license_files\', \'provides_extras\')};sys.stdout.buffer.write(repr(data).encode(\'utf-8\'))']' returned non-zero exit status 1.
Traceback (most recent call last):
  File "/usr/lib/python3/dist-packages/colcon_core/package_identification/__init__.py", line 144, in _identify
    retval = extension.identify(_reused_descriptor_instance)
  File "/usr/lib/python3/dist-packages/colcon_python_setup_py/package_identification/python_setup_py.py", line 48, in identify
    config = get_setup_information(setup_py)
  File "/usr/lib/python3/dist-packages/colcon_python_setup_py/package_identification/python_setup_py.py", line 249, in get_setup_information
    _setup_information_cache[hashable_env] = _get_setup_information(
  File "/usr/lib/python3/dist-packages/colcon_python_setup_py/package_identification/python_setup_py.py", line 296, in _get_setup_information
    result = subprocess.run(
  File "/usr/lib/python3.10/subprocess.py", line 526, in run
    raise CalledProcessError(retcode, process.args,
subprocess.CalledProcessError: Command '['/usr/bin/python3', '-c', 'import sys;from contextlib import suppress;exec("with suppress(ImportError):    from setuptools.extern.packaging.specifiers    import SpecifierSet");exec("with suppress(ImportError):    from packaging.specifiers import SpecifierSet");from distutils.core import run_setup;dist = run_setup(    \'setup.py\', script_args=(\'--dry-run\',), stop_after=\'config\');skip_keys = (\'cmdclass\', \'distclass\', \'ext_modules\', \'metadata\');data = {    key: value for key, value in dist.__dict__.items()     if (        not key.startswith(\'_\') and         not callable(value) and         key not in skip_keys and         key not in dist.display_option_names    )};data[\'metadata\'] = {    k: v for k, v in dist.metadata.__dict__.items()     if k not in (\'license_files\', \'provides_extras\')};sys.stdout.buffer.write(repr(data).encode(\'utf-8\'))']' returned non-zero exit status 1.

[2.141s] Level 1:colcon.colcon_core.package_identification:_identify(venv/lib/python3.10/site-packages/numpy/ma/__pycache__) by extensions ['ignore', 'ignore_ament_install']
[2.141s] Level 1:colcon.colcon_core.package_identification:_identify(venv/lib/python3.10/site-packages/numpy/ma/__pycache__) by extension 'ignore'
[2.141s] Level 1:colcon.colcon_core.package_identification:_identify(venv/lib/python3.10/site-packages/numpy/ma/__pycache__) by extension 'ignore_ament_install'
[2.141s] Level 1:colcon.colcon_core.package_identification:_identify(venv/lib/python3.10/site-packages/numpy/ma/__pycache__) by extensions ['colcon_pkg']
[2.141s] Level 1:colcon.colcon_core.package_identification:_identify(venv/lib/python3.10/site-packages/numpy/ma/__pycache__) by extension 'colcon_pkg'
[2.141s] Level 1:colcon.colcon_core.package_identification:_identify(venv/lib/python3.10/site-packages/numpy/ma/__pycache__) by extensions ['colcon_meta']
[2.142s] Level 1:colcon.colcon_core.package_identification:_identify(venv/lib/python3.10/site-packages/numpy/ma/__pycache__) by extension 'colcon_meta'
[2.142s] Level 1:colcon.colcon_core.package_identification:_identify(venv/lib/python3.10/site-packages/numpy/ma/__pycache__) by extensions ['ros']
[2.142s] Level 1:colcon.colcon_core.package_identification:_identify(venv/lib/python3.10/site-packages/numpy/ma/__pycache__) by extension 'ros'
[2.142s] Level 1:colcon.colcon_core.package_identification:_identify(venv/lib/python3.10/site-packages/numpy/ma/__pycache__) by extensions ['cmake', 'python']
[2.142s] Level 1:colcon.colcon_core.package_identification:_identify(venv/lib/python3.10/site-packages/numpy/ma/__pycache__) by extension 'cmake'
[2.142s] Level 1:colcon.colcon_core.package_identification:_identify(venv/lib/python3.10/site-packages/numpy/ma/__pycache__) by extension 'python'
[2.142s] Level 1:colcon.colcon_core.package_identification:_identify(venv/lib/python3.10/site-packages/numpy/ma/__pycache__) by extensions ['python_setup_py']
[2.142s] Level 1:colcon.colcon_core.package_identification:_identify(venv/lib/python3.10/site-packages/numpy/ma/__pycache__) by extension 'python_setup_py'
[2.142s] Level 1:colcon.colcon_core.package_identification:_identify(venv/lib/python3.10/site-packages/numpy/ma/tests) by extensions ['ignore', 'ignore_ament_install']
[2.142s] Level 1:colcon.colcon_core.package_identification:_identify(venv/lib/python3.10/site-packages/numpy/ma/tests) by extension 'ignore'
[2.142s] Level 1:colcon.colcon_core.package_identification:_identify(venv/lib/python3.10/site-packages/numpy/ma/tests) by extension 'ignore_ament_install'
[2.142s] Level 1:colcon.colcon_core.package_identification:_identify(venv/lib/python3.10/site-packages/numpy/ma/tests) by extensions ['colcon_pkg']
[2.142s] Level 1:colcon.colcon_core.package_identification:_identify(venv/lib/python3.10/site-packages/numpy/ma/tests) by extension 'colcon_pkg'
[2.142s] Level 1:colcon.colcon_core.package_identification:_identify(venv/lib/python3.10/site-packages/numpy/ma/tests) by extensions ['colcon_meta']
[2.142s] Level 1:colcon.colcon_core.package_identification:_identify(venv/lib/python3.10/site-packages/numpy/ma/tests) by extension 'colcon_meta'
[2.142s] Level 1:colcon.colcon_core.package_identification:_identify(venv/lib/python3.10/site-packages/numpy/ma/tests) by extensions ['ros']
[2.142s] Level 1:colcon.colcon_core.package_identification:_identify(venv/lib/python3.10/site-packages/numpy/ma/tests) by extension 'ros'
[2.142s] Level 1:colcon.colcon_core.package_identification:_identify(venv/lib/python3.10/site-packages/numpy/ma/tests) by extensions ['cmake', 'python']
[2.142s] Level 1:colcon.colcon_core.package_identification:_identify(venv/lib/python3.10/site-packages/numpy/ma/tests) by extension 'cmake'
[2.142s] Level 1:colcon.colcon_core.package_identification:_identify(venv/lib/python3.10/site-packages/numpy/ma/tests) by extension 'python'
[2.142s] Level 1:colcon.colcon_core.package_identification:_identify(venv/lib/python3.10/site-packages/numpy/ma/tests) by extensions ['python_setup_py']
[2.142s] Level 1:colcon.colcon_core.package_identification:_identify(venv/lib/python3.10/site-packages/numpy/ma/tests) by extension 'python_setup_py'
[2.142s] Level 1:colcon.colcon_core.package_identification:_identify(venv/lib/python3.10/site-packages/numpy/ma/tests/__pycache__) by extensions ['ignore', 'ignore_ament_install']
[2.142s] Level 1:colcon.colcon_core.package_identification:_identify(venv/lib/python3.10/site-packages/numpy/ma/tests/__pycache__) by extension 'ignore'
[2.142s] Level 1:colcon.colcon_core.package_identification:_identify(venv/lib/python3.10/site-packages/numpy/ma/tests/__pycache__) by extension 'ignore_ament_install'
[2.143s] Level 1:colcon.colcon_core.package_identification:_identify(venv/lib/python3.10/site-packages/numpy/ma/tests/__pycache__) by extensions ['colcon_pkg']
[2.143s] Level 1:colcon.colcon_core.package_identification:_identify(venv/lib/python3.10/site-packages/numpy/ma/tests/__pycache__) by extension 'colcon_pkg'
[2.143s] Level 1:colcon.colcon_core.package_identification:_identify(venv/lib/python3.10/site-packages/numpy/ma/tests/__pycache__) by extensions ['colcon_meta']
[2.143s] Level 1:colcon.colcon_core.package_identification:_identify(venv/lib/python3.10/site-packages/numpy/ma/tests/__pycache__) by extension 'colcon_meta'
[2.143s] Level 1:colcon.colcon_core.package_identification:_identify(venv/lib/python3.10/site-packages/numpy/ma/tests/__pycache__) by extensions ['ros']
[2.143s] Level 1:colcon.colcon_core.package_identification:_identify(venv/lib/python3.10/site-packages/numpy/ma/tests/__pycache__) by extension 'ros'
[2.143s] Level 1:colcon.colcon_core.package_identification:_identify(venv/lib/python3.10/site-packages/numpy/ma/tests/__pycache__) by extensions ['cmake', 'python']
[2.143s] Level 1:colcon.colcon_core.package_identification:_identify(venv/lib/python3.10/site-packages/numpy/ma/tests/__pycache__) by extension 'cmake'
[2.143s] Level 1:colcon.colcon_core.package_identification:_identify(venv/lib/python3.10/site-packages/numpy/ma/tests/__pycache__) by extension 'python'
[2.143s] Level 1:colcon.colcon_core.package_identification:_identify(venv/lib/python3.10/site-packages/numpy/ma/tests/__pycache__) by extensions ['python_setup_py']
[2.143s] Level 1:colcon.colcon_core.package_identification:_identify(venv/lib/python3.10/site-packages/numpy/ma/tests/__pycache__) by extension 'python_setup_py'
[2.143s] Level 1:colcon.colcon_core.package_identification:_identify(venv/lib/python3.10/site-packages/numpy/matrixlib) by extensions ['ignore', 'ignore_ament_install']
[2.143s] Level 1:colcon.colcon_core.package_identification:_identify(venv/lib/python3.10/site-packages/numpy/matrixlib) by extension 'ignore'
[2.143s] Level 1:colcon.colcon_core.package_identification:_identify(venv/lib/python3.10/site-packages/numpy/matrixlib) by extension 'ignore_ament_install'
[2.143s] Level 1:colcon.colcon_core.package_identification:_identify(venv/lib/python3.10/site-packages/numpy/matrixlib) by extensions ['colcon_pkg']
[2.143s] Level 1:colcon.colcon_core.package_identification:_identify(venv/lib/python3.10/site-packages/numpy/matrixlib) by extension 'colcon_pkg'
[2.143s] Level 1:colcon.colcon_core.package_identification:_identify(venv/lib/python3.10/site-packages/numpy/matrixlib) by extensions ['colcon_meta']
[2.143s] Level 1:colcon.colcon_core.package_identification:_identify(venv/lib/python3.10/site-packages/numpy/matrixlib) by extension 'colcon_meta'
[2.143s] Level 1:colcon.colcon_core.package_identification:_identify(venv/lib/python3.10/site-packages/numpy/matrixlib) by extensions ['ros']
[2.143s] Level 1:colcon.colcon_core.package_identification:_identify(venv/lib/python3.10/site-packages/numpy/matrixlib) by extension 'ros'
[2.143s] Level 1:colcon.colcon_core.package_identification:_identify(venv/lib/python3.10/site-packages/numpy/matrixlib) by extensions ['cmake', 'python']
[2.143s] Level 1:colcon.colcon_core.package_identification:_identify(venv/lib/python3.10/site-packages/numpy/matrixlib) by extension 'cmake'
[2.143s] Level 1:colcon.colcon_core.package_identification:_identify(venv/lib/python3.10/site-packages/numpy/matrixlib) by extension 'python'
[2.143s] Level 1:colcon.colcon_core.package_identification:_identify(venv/lib/python3.10/site-packages/numpy/matrixlib) by extensions ['python_setup_py']
[2.143s] Level 1:colcon.colcon_core.package_identification:_identify(venv/lib/python3.10/site-packages/numpy/matrixlib) by extension 'python_setup_py'
[2.323s] ERROR:colcon.colcon_core.package_identification:Exception in package identification extension 'python_setup_py' in 'venv/lib/python3.10/site-packages/numpy/matrixlib': Command '['/usr/bin/python3', '-c', 'import sys;from contextlib import suppress;exec("with suppress(ImportError):    from setuptools.extern.packaging.specifiers    import SpecifierSet");exec("with suppress(ImportError):    from packaging.specifiers import SpecifierSet");from distutils.core import run_setup;dist = run_setup(    \'setup.py\', script_args=(\'--dry-run\',), stop_after=\'config\');skip_keys = (\'cmdclass\', \'distclass\', \'ext_modules\', \'metadata\');data = {    key: value for key, value in dist.__dict__.items()     if (        not key.startswith(\'_\') and         not callable(value) and         key not in skip_keys and         key not in dist.display_option_names    )};data[\'metadata\'] = {    k: v for k, v in dist.metadata.__dict__.items()     if k not in (\'license_files\', \'provides_extras\')};sys.stdout.buffer.write(repr(data).encode(\'utf-8\'))']' returned non-zero exit status 1.
Traceback (most recent call last):
  File "/usr/lib/python3/dist-packages/colcon_core/package_identification/__init__.py", line 144, in _identify
    retval = extension.identify(_reused_descriptor_instance)
  File "/usr/lib/python3/dist-packages/colcon_python_setup_py/package_identification/python_setup_py.py", line 48, in identify
    config = get_setup_information(setup_py)
  File "/usr/lib/python3/dist-packages/colcon_python_setup_py/package_identification/python_setup_py.py", line 249, in get_setup_information
    _setup_information_cache[hashable_env] = _get_setup_information(
  File "/usr/lib/python3/dist-packages/colcon_python_setup_py/package_identification/python_setup_py.py", line 296, in _get_setup_information
    result = subprocess.run(
  File "/usr/lib/python3.10/subprocess.py", line 526, in run
    raise CalledProcessError(retcode, process.args,
subprocess.CalledProcessError: Command '['/usr/bin/python3', '-c', 'import sys;from contextlib import suppress;exec("with suppress(ImportError):    from setuptools.extern.packaging.specifiers    import SpecifierSet");exec("with suppress(ImportError):    from packaging.specifiers import SpecifierSet");from distutils.core import run_setup;dist = run_setup(    \'setup.py\', script_args=(\'--dry-run\',), stop_after=\'config\');skip_keys = (\'cmdclass\', \'distclass\', \'ext_modules\', \'metadata\');data = {    key: value for key, value in dist.__dict__.items()     if (        not key.startswith(\'_\') and         not callable(value) and         key not in skip_keys and         key not in dist.display_option_names    )};data[\'metadata\'] = {    k: v for k, v in dist.metadata.__dict__.items()     if k not in (\'license_files\', \'provides_extras\')};sys.stdout.buffer.write(repr(data).encode(\'utf-8\'))']' returned non-zero exit status 1.

[2.323s] Level 1:colcon.colcon_core.package_identification:_identify(venv/lib/python3.10/site-packages/numpy/matrixlib/__pycache__) by extensions ['ignore', 'ignore_ament_install']
[2.323s] Level 1:colcon.colcon_core.package_identification:_identify(venv/lib/python3.10/site-packages/numpy/matrixlib/__pycache__) by extension 'ignore'
[2.323s] Level 1:colcon.colcon_core.package_identification:_identify(venv/lib/python3.10/site-packages/numpy/matrixlib/__pycache__) by extension 'ignore_ament_install'
[2.323s] Level 1:colcon.colcon_core.package_identification:_identify(venv/lib/python3.10/site-packages/numpy/matrixlib/__pycache__) by extensions ['colcon_pkg']
[2.323s] Level 1:colcon.colcon_core.package_identification:_identify(venv/lib/python3.10/site-packages/numpy/matrixlib/__pycache__) by extension 'colcon_pkg'
[2.323s] Level 1:colcon.colcon_core.package_identification:_identify(venv/lib/python3.10/site-packages/numpy/matrixlib/__pycache__) by extensions ['colcon_meta']
[2.324s] Level 1:colcon.colcon_core.package_identification:_identify(venv/lib/python3.10/site-packages/numpy/matrixlib/__pycache__) by extension 'colcon_meta'
[2.324s] Level 1:colcon.colcon_core.package_identification:_identify(venv/lib/python3.10/site-packages/numpy/matrixlib/__pycache__) by extensions ['ros']
[2.324s] Level 1:colcon.colcon_core.package_identification:_identify(venv/lib/python3.10/site-packages/numpy/matrixlib/__pycache__) by extension 'ros'
[2.324s] Level 1:colcon.colcon_core.package_identification:_identify(venv/lib/python3.10/site-packages/numpy/matrixlib/__pycache__) by extensions ['cmake', 'python']
[2.324s] Level 1:colcon.colcon_core.package_identification:_identify(venv/lib/python3.10/site-packages/numpy/matrixlib/__pycache__) by extension 'cmake'
[2.324s] Level 1:colcon.colcon_core.package_identification:_identify(venv/lib/python3.10/site-packages/numpy/matrixlib/__pycache__) by extension 'python'
[2.324s] Level 1:colcon.colcon_core.package_identification:_identify(venv/lib/python3.10/site-packages/numpy/matrixlib/__pycache__) by extensions ['python_setup_py']
[2.324s] Level 1:colcon.colcon_core.package_identification:_identify(venv/lib/python3.10/site-packages/numpy/matrixlib/__pycache__) by extension 'python_setup_py'
[2.324s] Level 1:colcon.colcon_core.package_identification:_identify(venv/lib/python3.10/site-packages/numpy/matrixlib/tests) by extensions ['ignore', 'ignore_ament_install']
[2.324s] Level 1:colcon.colcon_core.package_identification:_identify(venv/lib/python3.10/site-packages/numpy/matrixlib/tests) by extension 'ignore'
[2.324s] Level 1:colcon.colcon_core.package_identification:_identify(venv/lib/python3.10/site-packages/numpy/matrixlib/tests) by extension 'ignore_ament_install'
[2.324s] Level 1:colcon.colcon_core.package_identification:_identify(venv/lib/python3.10/site-packages/numpy/matrixlib/tests) by extensions ['colcon_pkg']
[2.324s] Level 1:colcon.colcon_core.package_identification:_identify(venv/lib/python3.10/site-packages/numpy/matrixlib/tests) by extension 'colcon_pkg'
[2.324s] Level 1:colcon.colcon_core.package_identification:_identify(venv/lib/python3.10/site-packages/numpy/matrixlib/tests) by extensions ['colcon_meta']
[2.324s] Level 1:colcon.colcon_core.package_identification:_identify(venv/lib/python3.10/site-packages/numpy/matrixlib/tests) by extension 'colcon_meta'
[2.324s] Level 1:colcon.colcon_core.package_identification:_identify(venv/lib/python3.10/site-packages/numpy/matrixlib/tests) by extensions ['ros']
[2.324s] Level 1:colcon.colcon_core.package_identification:_identify(venv/lib/python3.10/site-packages/numpy/matrixlib/tests) by extension 'ros'
[2.324s] Level 1:colcon.colcon_core.package_identification:_identify(venv/lib/python3.10/site-packages/numpy/matrixlib/tests) by extensions ['cmake', 'python']
[2.324s] Level 1:colcon.colcon_core.package_identification:_identify(venv/lib/python3.10/site-packages/numpy/matrixlib/tests) by extension 'cmake'
[2.324s] Level 1:colcon.colcon_core.package_identification:_identify(venv/lib/python3.10/site-packages/numpy/matrixlib/tests) by extension 'python'
[2.324s] Level 1:colcon.colcon_core.package_identification:_identify(venv/lib/python3.10/site-packages/numpy/matrixlib/tests) by extensions ['python_setup_py']
[2.324s] Level 1:colcon.colcon_core.package_identification:_identify(venv/lib/python3.10/site-packages/numpy/matrixlib/tests) by extension 'python_setup_py'
[2.324s] Level 1:colcon.colcon_core.package_identification:_identify(venv/lib/python3.10/site-packages/numpy/matrixlib/tests/__pycache__) by extensions ['ignore', 'ignore_ament_install']
[2.324s] Level 1:colcon.colcon_core.package_identification:_identify(venv/lib/python3.10/site-packages/numpy/matrixlib/tests/__pycache__) by extension 'ignore'
[2.324s] Level 1:colcon.colcon_core.package_identification:_identify(venv/lib/python3.10/site-packages/numpy/matrixlib/tests/__pycache__) by extension 'ignore_ament_install'
[2.325s] Level 1:colcon.colcon_core.package_identification:_identify(venv/lib/python3.10/site-packages/numpy/matrixlib/tests/__pycache__) by extensions ['colcon_pkg']
[2.325s] Level 1:colcon.colcon_core.package_identification:_identify(venv/lib/python3.10/site-packages/numpy/matrixlib/tests/__pycache__) by extension 'colcon_pkg'
[2.325s] Level 1:colcon.colcon_core.package_identification:_identify(venv/lib/python3.10/site-packages/numpy/matrixlib/tests/__pycache__) by extensions ['colcon_meta']
[2.325s] Level 1:colcon.colcon_core.package_identification:_identify(venv/lib/python3.10/site-packages/numpy/matrixlib/tests/__pycache__) by extension 'colcon_meta'
[2.325s] Level 1:colcon.colcon_core.package_identification:_identify(venv/lib/python3.10/site-packages/numpy/matrixlib/tests/__pycache__) by extensions ['ros']
[2.325s] Level 1:colcon.colcon_core.package_identification:_identify(venv/lib/python3.10/site-packages/numpy/matrixlib/tests/__pycache__) by extension 'ros'
[2.325s] Level 1:colcon.colcon_core.package_identification:_identify(venv/lib/python3.10/site-packages/numpy/matrixlib/tests/__pycache__) by extensions ['cmake', 'python']
[2.325s] Level 1:colcon.colcon_core.package_identification:_identify(venv/lib/python3.10/site-packages/numpy/matrixlib/tests/__pycache__) by extension 'cmake'
[2.325s] Level 1:colcon.colcon_core.package_identification:_identify(venv/lib/python3.10/site-packages/numpy/matrixlib/tests/__pycache__) by extension 'python'
[2.325s] Level 1:colcon.colcon_core.package_identification:_identify(venv/lib/python3.10/site-packages/numpy/matrixlib/tests/__pycache__) by extensions ['python_setup_py']
[2.325s] Level 1:colcon.colcon_core.package_identification:_identify(venv/lib/python3.10/site-packages/numpy/matrixlib/tests/__pycache__) by extension 'python_setup_py'
[2.325s] Level 1:colcon.colcon_core.package_identification:_identify(venv/lib/python3.10/site-packages/numpy/polynomial) by extensions ['ignore', 'ignore_ament_install']
[2.325s] Level 1:colcon.colcon_core.package_identification:_identify(venv/lib/python3.10/site-packages/numpy/polynomial) by extension 'ignore'
[2.325s] Level 1:colcon.colcon_core.package_identification:_identify(venv/lib/python3.10/site-packages/numpy/polynomial) by extension 'ignore_ament_install'
[2.325s] Level 1:colcon.colcon_core.package_identification:_identify(venv/lib/python3.10/site-packages/numpy/polynomial) by extensions ['colcon_pkg']
[2.325s] Level 1:colcon.colcon_core.package_identification:_identify(venv/lib/python3.10/site-packages/numpy/polynomial) by extension 'colcon_pkg'
[2.325s] Level 1:colcon.colcon_core.package_identification:_identify(venv/lib/python3.10/site-packages/numpy/polynomial) by extensions ['colcon_meta']
[2.325s] Level 1:colcon.colcon_core.package_identification:_identify(venv/lib/python3.10/site-packages/numpy/polynomial) by extension 'colcon_meta'
[2.325s] Level 1:colcon.colcon_core.package_identification:_identify(venv/lib/python3.10/site-packages/numpy/polynomial) by extensions ['ros']
[2.325s] Level 1:colcon.colcon_core.package_identification:_identify(venv/lib/python3.10/site-packages/numpy/polynomial) by extension 'ros'
[2.325s] Level 1:colcon.colcon_core.package_identification:_identify(venv/lib/python3.10/site-packages/numpy/polynomial) by extensions ['cmake', 'python']
[2.325s] Level 1:colcon.colcon_core.package_identification:_identify(venv/lib/python3.10/site-packages/numpy/polynomial) by extension 'cmake'
[2.325s] Level 1:colcon.colcon_core.package_identification:_identify(venv/lib/python3.10/site-packages/numpy/polynomial) by extension 'python'
[2.325s] Level 1:colcon.colcon_core.package_identification:_identify(venv/lib/python3.10/site-packages/numpy/polynomial) by extensions ['python_setup_py']
[2.325s] Level 1:colcon.colcon_core.package_identification:_identify(venv/lib/python3.10/site-packages/numpy/polynomial) by extension 'python_setup_py'
[2.509s] ERROR:colcon.colcon_core.package_identification:Exception in package identification extension 'python_setup_py' in 'venv/lib/python3.10/site-packages/numpy/polynomial': Command '['/usr/bin/python3', '-c', 'import sys;from contextlib import suppress;exec("with suppress(ImportError):    from setuptools.extern.packaging.specifiers    import SpecifierSet");exec("with suppress(ImportError):    from packaging.specifiers import SpecifierSet");from distutils.core import run_setup;dist = run_setup(    \'setup.py\', script_args=(\'--dry-run\',), stop_after=\'config\');skip_keys = (\'cmdclass\', \'distclass\', \'ext_modules\', \'metadata\');data = {    key: value for key, value in dist.__dict__.items()     if (        not key.startswith(\'_\') and         not callable(value) and         key not in skip_keys and         key not in dist.display_option_names    )};data[\'metadata\'] = {    k: v for k, v in dist.metadata.__dict__.items()     if k not in (\'license_files\', \'provides_extras\')};sys.stdout.buffer.write(repr(data).encode(\'utf-8\'))']' returned non-zero exit status 1.
Traceback (most recent call last):
  File "/usr/lib/python3/dist-packages/colcon_core/package_identification/__init__.py", line 144, in _identify
    retval = extension.identify(_reused_descriptor_instance)
  File "/usr/lib/python3/dist-packages/colcon_python_setup_py/package_identification/python_setup_py.py", line 48, in identify
    config = get_setup_information(setup_py)
  File "/usr/lib/python3/dist-packages/colcon_python_setup_py/package_identification/python_setup_py.py", line 249, in get_setup_information
    _setup_information_cache[hashable_env] = _get_setup_information(
  File "/usr/lib/python3/dist-packages/colcon_python_setup_py/package_identification/python_setup_py.py", line 296, in _get_setup_information
    result = subprocess.run(
  File "/usr/lib/python3.10/subprocess.py", line 526, in run
    raise CalledProcessError(retcode, process.args,
subprocess.CalledProcessError: Command '['/usr/bin/python3', '-c', 'import sys;from contextlib import suppress;exec("with suppress(ImportError):    from setuptools.extern.packaging.specifiers    import SpecifierSet");exec("with suppress(ImportError):    from packaging.specifiers import SpecifierSet");from distutils.core import run_setup;dist = run_setup(    \'setup.py\', script_args=(\'--dry-run\',), stop_after=\'config\');skip_keys = (\'cmdclass\', \'distclass\', \'ext_modules\', \'metadata\');data = {    key: value for key, value in dist.__dict__.items()     if (        not key.startswith(\'_\') and         not callable(value) and         key not in skip_keys and         key not in dist.display_option_names    )};data[\'metadata\'] = {    k: v for k, v in dist.metadata.__dict__.items()     if k not in (\'license_files\', \'provides_extras\')};sys.stdout.buffer.write(repr(data).encode(\'utf-8\'))']' returned non-zero exit status 1.

[2.509s] Level 1:colcon.colcon_core.package_identification:_identify(venv/lib/python3.10/site-packages/numpy/polynomial/__pycache__) by extensions ['ignore', 'ignore_ament_install']
[2.509s] Level 1:colcon.colcon_core.package_identification:_identify(venv/lib/python3.10/site-packages/numpy/polynomial/__pycache__) by extension 'ignore'
[2.509s] Level 1:colcon.colcon_core.package_identification:_identify(venv/lib/python3.10/site-packages/numpy/polynomial/__pycache__) by extension 'ignore_ament_install'
[2.509s] Level 1:colcon.colcon_core.package_identification:_identify(venv/lib/python3.10/site-packages/numpy/polynomial/__pycache__) by extensions ['colcon_pkg']
[2.509s] Level 1:colcon.colcon_core.package_identification:_identify(venv/lib/python3.10/site-packages/numpy/polynomial/__pycache__) by extension 'colcon_pkg'
[2.509s] Level 1:colcon.colcon_core.package_identification:_identify(venv/lib/python3.10/site-packages/numpy/polynomial/__pycache__) by extensions ['colcon_meta']
[2.509s] Level 1:colcon.colcon_core.package_identification:_identify(venv/lib/python3.10/site-packages/numpy/polynomial/__pycache__) by extension 'colcon_meta'
[2.509s] Level 1:colcon.colcon_core.package_identification:_identify(venv/lib/python3.10/site-packages/numpy/polynomial/__pycache__) by extensions ['ros']
[2.509s] Level 1:colcon.colcon_core.package_identification:_identify(venv/lib/python3.10/site-packages/numpy/polynomial/__pycache__) by extension 'ros'
[2.509s] Level 1:colcon.colcon_core.package_identification:_identify(venv/lib/python3.10/site-packages/numpy/polynomial/__pycache__) by extensions ['cmake', 'python']
[2.509s] Level 1:colcon.colcon_core.package_identification:_identify(venv/lib/python3.10/site-packages/numpy/polynomial/__pycache__) by extension 'cmake'
[2.509s] Level 1:colcon.colcon_core.package_identification:_identify(venv/lib/python3.10/site-packages/numpy/polynomial/__pycache__) by extension 'python'
[2.510s] Level 1:colcon.colcon_core.package_identification:_identify(venv/lib/python3.10/site-packages/numpy/polynomial/__pycache__) by extensions ['python_setup_py']
[2.510s] Level 1:colcon.colcon_core.package_identification:_identify(venv/lib/python3.10/site-packages/numpy/polynomial/__pycache__) by extension 'python_setup_py'
[2.510s] Level 1:colcon.colcon_core.package_identification:_identify(venv/lib/python3.10/site-packages/numpy/polynomial/tests) by extensions ['ignore', 'ignore_ament_install']
[2.510s] Level 1:colcon.colcon_core.package_identification:_identify(venv/lib/python3.10/site-packages/numpy/polynomial/tests) by extension 'ignore'
[2.510s] Level 1:colcon.colcon_core.package_identification:_identify(venv/lib/python3.10/site-packages/numpy/polynomial/tests) by extension 'ignore_ament_install'
[2.510s] Level 1:colcon.colcon_core.package_identification:_identify(venv/lib/python3.10/site-packages/numpy/polynomial/tests) by extensions ['colcon_pkg']
[2.510s] Level 1:colcon.colcon_core.package_identification:_identify(venv/lib/python3.10/site-packages/numpy/polynomial/tests) by extension 'colcon_pkg'
[2.510s] Level 1:colcon.colcon_core.package_identification:_identify(venv/lib/python3.10/site-packages/numpy/polynomial/tests) by extensions ['colcon_meta']
[2.510s] Level 1:colcon.colcon_core.package_identification:_identify(venv/lib/python3.10/site-packages/numpy/polynomial/tests) by extension 'colcon_meta'
[2.510s] Level 1:colcon.colcon_core.package_identification:_identify(venv/lib/python3.10/site-packages/numpy/polynomial/tests) by extensions ['ros']
[2.510s] Level 1:colcon.colcon_core.package_identification:_identify(venv/lib/python3.10/site-packages/numpy/polynomial/tests) by extension 'ros'
[2.510s] Level 1:colcon.colcon_core.package_identification:_identify(venv/lib/python3.10/site-packages/numpy/polynomial/tests) by extensions ['cmake', 'python']
[2.510s] Level 1:colcon.colcon_core.package_identification:_identify(venv/lib/python3.10/site-packages/numpy/polynomial/tests) by extension 'cmake'
[2.510s] Level 1:colcon.colcon_core.package_identification:_identify(venv/lib/python3.10/site-packages/numpy/polynomial/tests) by extension 'python'
[2.510s] Level 1:colcon.colcon_core.package_identification:_identify(venv/lib/python3.10/site-packages/numpy/polynomial/tests) by extensions ['python_setup_py']
[2.510s] Level 1:colcon.colcon_core.package_identification:_identify(venv/lib/python3.10/site-packages/numpy/polynomial/tests) by extension 'python_setup_py'
[2.510s] Level 1:colcon.colcon_core.package_identification:_identify(venv/lib/python3.10/site-packages/numpy/polynomial/tests/__pycache__) by extensions ['ignore', 'ignore_ament_install']
[2.510s] Level 1:colcon.colcon_core.package_identification:_identify(venv/lib/python3.10/site-packages/numpy/polynomial/tests/__pycache__) by extension 'ignore'
[2.510s] Level 1:colcon.colcon_core.package_identification:_identify(venv/lib/python3.10/site-packages/numpy/polynomial/tests/__pycache__) by extension 'ignore_ament_install'
[2.510s] Level 1:colcon.colcon_core.package_identification:_identify(venv/lib/python3.10/site-packages/numpy/polynomial/tests/__pycache__) by extensions ['colcon_pkg']
[2.510s] Level 1:colcon.colcon_core.package_identification:_identify(venv/lib/python3.10/site-packages/numpy/polynomial/tests/__pycache__) by extension 'colcon_pkg'
[2.510s] Level 1:colcon.colcon_core.package_identification:_identify(venv/lib/python3.10/site-packages/numpy/polynomial/tests/__pycache__) by extensions ['colcon_meta']
[2.510s] Level 1:colcon.colcon_core.package_identification:_identify(venv/lib/python3.10/site-packages/numpy/polynomial/tests/__pycache__) by extension 'colcon_meta'
[2.510s] Level 1:colcon.colcon_core.package_identification:_identify(venv/lib/python3.10/site-packages/numpy/polynomial/tests/__pycache__) by extensions ['ros']
[2.510s] Level 1:colcon.colcon_core.package_identification:_identify(venv/lib/python3.10/site-packages/numpy/polynomial/tests/__pycache__) by extension 'ros'
[2.511s] Level 1:colcon.colcon_core.package_identification:_identify(venv/lib/python3.10/site-packages/numpy/polynomial/tests/__pycache__) by extensions ['cmake', 'python']
[2.511s] Level 1:colcon.colcon_core.package_identification:_identify(venv/lib/python3.10/site-packages/numpy/polynomial/tests/__pycache__) by extension 'cmake'
[2.511s] Level 1:colcon.colcon_core.package_identification:_identify(venv/lib/python3.10/site-packages/numpy/polynomial/tests/__pycache__) by extension 'python'
[2.511s] Level 1:colcon.colcon_core.package_identification:_identify(venv/lib/python3.10/site-packages/numpy/polynomial/tests/__pycache__) by extensions ['python_setup_py']
[2.511s] Level 1:colcon.colcon_core.package_identification:_identify(venv/lib/python3.10/site-packages/numpy/polynomial/tests/__pycache__) by extension 'python_setup_py'
[2.511s] Level 1:colcon.colcon_core.package_identification:_identify(venv/lib/python3.10/site-packages/numpy/random) by extensions ['ignore', 'ignore_ament_install']
[2.511s] Level 1:colcon.colcon_core.package_identification:_identify(venv/lib/python3.10/site-packages/numpy/random) by extension 'ignore'
[2.511s] Level 1:colcon.colcon_core.package_identification:_identify(venv/lib/python3.10/site-packages/numpy/random) by extension 'ignore_ament_install'
[2.511s] Level 1:colcon.colcon_core.package_identification:_identify(venv/lib/python3.10/site-packages/numpy/random) by extensions ['colcon_pkg']
[2.511s] Level 1:colcon.colcon_core.package_identification:_identify(venv/lib/python3.10/site-packages/numpy/random) by extension 'colcon_pkg'
[2.511s] Level 1:colcon.colcon_core.package_identification:_identify(venv/lib/python3.10/site-packages/numpy/random) by extensions ['colcon_meta']
[2.511s] Level 1:colcon.colcon_core.package_identification:_identify(venv/lib/python3.10/site-packages/numpy/random) by extension 'colcon_meta'
[2.511s] Level 1:colcon.colcon_core.package_identification:_identify(venv/lib/python3.10/site-packages/numpy/random) by extensions ['ros']
[2.511s] Level 1:colcon.colcon_core.package_identification:_identify(venv/lib/python3.10/site-packages/numpy/random) by extension 'ros'
[2.511s] Level 1:colcon.colcon_core.package_identification:_identify(venv/lib/python3.10/site-packages/numpy/random) by extensions ['cmake', 'python']
[2.511s] Level 1:colcon.colcon_core.package_identification:_identify(venv/lib/python3.10/site-packages/numpy/random) by extension 'cmake'
[2.511s] Level 1:colcon.colcon_core.package_identification:_identify(venv/lib/python3.10/site-packages/numpy/random) by extension 'python'
[2.511s] Level 1:colcon.colcon_core.package_identification:_identify(venv/lib/python3.10/site-packages/numpy/random) by extensions ['python_setup_py']
[2.511s] Level 1:colcon.colcon_core.package_identification:_identify(venv/lib/python3.10/site-packages/numpy/random) by extension 'python_setup_py'
[2.511s] Level 1:colcon.colcon_core.package_identification:_identify(venv/lib/python3.10/site-packages/numpy/random/__pycache__) by extensions ['ignore', 'ignore_ament_install']
[2.511s] Level 1:colcon.colcon_core.package_identification:_identify(venv/lib/python3.10/site-packages/numpy/random/__pycache__) by extension 'ignore'
[2.511s] Level 1:colcon.colcon_core.package_identification:_identify(venv/lib/python3.10/site-packages/numpy/random/__pycache__) by extension 'ignore_ament_install'
[2.511s] Level 1:colcon.colcon_core.package_identification:_identify(venv/lib/python3.10/site-packages/numpy/random/__pycache__) by extensions ['colcon_pkg']
[2.511s] Level 1:colcon.colcon_core.package_identification:_identify(venv/lib/python3.10/site-packages/numpy/random/__pycache__) by extension 'colcon_pkg'
[2.511s] Level 1:colcon.colcon_core.package_identification:_identify(venv/lib/python3.10/site-packages/numpy/random/__pycache__) by extensions ['colcon_meta']
[2.511s] Level 1:colcon.colcon_core.package_identification:_identify(venv/lib/python3.10/site-packages/numpy/random/__pycache__) by extension 'colcon_meta'
[2.511s] Level 1:colcon.colcon_core.package_identification:_identify(venv/lib/python3.10/site-packages/numpy/random/__pycache__) by extensions ['ros']
[2.511s] Level 1:colcon.colcon_core.package_identification:_identify(venv/lib/python3.10/site-packages/numpy/random/__pycache__) by extension 'ros'
[2.512s] Level 1:colcon.colcon_core.package_identification:_identify(venv/lib/python3.10/site-packages/numpy/random/__pycache__) by extensions ['cmake', 'python']
[2.512s] Level 1:colcon.colcon_core.package_identification:_identify(venv/lib/python3.10/site-packages/numpy/random/__pycache__) by extension 'cmake'
[2.512s] Level 1:colcon.colcon_core.package_identification:_identify(venv/lib/python3.10/site-packages/numpy/random/__pycache__) by extension 'python'
[2.512s] Level 1:colcon.colcon_core.package_identification:_identify(venv/lib/python3.10/site-packages/numpy/random/__pycache__) by extensions ['python_setup_py']
[2.512s] Level 1:colcon.colcon_core.package_identification:_identify(venv/lib/python3.10/site-packages/numpy/random/__pycache__) by extension 'python_setup_py'
[2.512s] Level 1:colcon.colcon_core.package_identification:_identify(venv/lib/python3.10/site-packages/numpy/random/_examples) by extensions ['ignore', 'ignore_ament_install']
[2.512s] Level 1:colcon.colcon_core.package_identification:_identify(venv/lib/python3.10/site-packages/numpy/random/_examples) by extension 'ignore'
[2.512s] Level 1:colcon.colcon_core.package_identification:_identify(venv/lib/python3.10/site-packages/numpy/random/_examples) by extension 'ignore_ament_install'
[2.512s] Level 1:colcon.colcon_core.package_identification:_identify(venv/lib/python3.10/site-packages/numpy/random/_examples) by extensions ['colcon_pkg']
[2.512s] Level 1:colcon.colcon_core.package_identification:_identify(venv/lib/python3.10/site-packages/numpy/random/_examples) by extension 'colcon_pkg'
[2.512s] Level 1:colcon.colcon_core.package_identification:_identify(venv/lib/python3.10/site-packages/numpy/random/_examples) by extensions ['colcon_meta']
[2.512s] Level 1:colcon.colcon_core.package_identification:_identify(venv/lib/python3.10/site-packages/numpy/random/_examples) by extension 'colcon_meta'
[2.512s] Level 1:colcon.colcon_core.package_identification:_identify(venv/lib/python3.10/site-packages/numpy/random/_examples) by extensions ['ros']
[2.512s] Level 1:colcon.colcon_core.package_identification:_identify(venv/lib/python3.10/site-packages/numpy/random/_examples) by extension 'ros'
[2.512s] Level 1:colcon.colcon_core.package_identification:_identify(venv/lib/python3.10/site-packages/numpy/random/_examples) by extensions ['cmake', 'python']
[2.512s] Level 1:colcon.colcon_core.package_identification:_identify(venv/lib/python3.10/site-packages/numpy/random/_examples) by extension 'cmake'
[2.512s] Level 1:colcon.colcon_core.package_identification:_identify(venv/lib/python3.10/site-packages/numpy/random/_examples) by extension 'python'
[2.512s] Level 1:colcon.colcon_core.package_identification:_identify(venv/lib/python3.10/site-packages/numpy/random/_examples) by extensions ['python_setup_py']
[2.512s] Level 1:colcon.colcon_core.package_identification:_identify(venv/lib/python3.10/site-packages/numpy/random/_examples) by extension 'python_setup_py'
[2.512s] Level 1:colcon.colcon_core.package_identification:_identify(venv/lib/python3.10/site-packages/numpy/random/_examples/cffi) by extensions ['ignore', 'ignore_ament_install']
[2.512s] Level 1:colcon.colcon_core.package_identification:_identify(venv/lib/python3.10/site-packages/numpy/random/_examples/cffi) by extension 'ignore'
[2.512s] Level 1:colcon.colcon_core.package_identification:_identify(venv/lib/python3.10/site-packages/numpy/random/_examples/cffi) by extension 'ignore_ament_install'
[2.512s] Level 1:colcon.colcon_core.package_identification:_identify(venv/lib/python3.10/site-packages/numpy/random/_examples/cffi) by extensions ['colcon_pkg']
[2.512s] Level 1:colcon.colcon_core.package_identification:_identify(venv/lib/python3.10/site-packages/numpy/random/_examples/cffi) by extension 'colcon_pkg'
[2.512s] Level 1:colcon.colcon_core.package_identification:_identify(venv/lib/python3.10/site-packages/numpy/random/_examples/cffi) by extensions ['colcon_meta']
[2.512s] Level 1:colcon.colcon_core.package_identification:_identify(venv/lib/python3.10/site-packages/numpy/random/_examples/cffi) by extension 'colcon_meta'
[2.512s] Level 1:colcon.colcon_core.package_identification:_identify(venv/lib/python3.10/site-packages/numpy/random/_examples/cffi) by extensions ['ros']
[2.512s] Level 1:colcon.colcon_core.package_identification:_identify(venv/lib/python3.10/site-packages/numpy/random/_examples/cffi) by extension 'ros'
[2.513s] Level 1:colcon.colcon_core.package_identification:_identify(venv/lib/python3.10/site-packages/numpy/random/_examples/cffi) by extensions ['cmake', 'python']
[2.513s] Level 1:colcon.colcon_core.package_identification:_identify(venv/lib/python3.10/site-packages/numpy/random/_examples/cffi) by extension 'cmake'
[2.513s] Level 1:colcon.colcon_core.package_identification:_identify(venv/lib/python3.10/site-packages/numpy/random/_examples/cffi) by extension 'python'
[2.513s] Level 1:colcon.colcon_core.package_identification:_identify(venv/lib/python3.10/site-packages/numpy/random/_examples/cffi) by extensions ['python_setup_py']
[2.513s] Level 1:colcon.colcon_core.package_identification:_identify(venv/lib/python3.10/site-packages/numpy/random/_examples/cffi) by extension 'python_setup_py'
[2.513s] Level 1:colcon.colcon_core.package_identification:_identify(venv/lib/python3.10/site-packages/numpy/random/_examples/cffi/__pycache__) by extensions ['ignore', 'ignore_ament_install']
[2.513s] Level 1:colcon.colcon_core.package_identification:_identify(venv/lib/python3.10/site-packages/numpy/random/_examples/cffi/__pycache__) by extension 'ignore'
[2.513s] Level 1:colcon.colcon_core.package_identification:_identify(venv/lib/python3.10/site-packages/numpy/random/_examples/cffi/__pycache__) by extension 'ignore_ament_install'
[2.513s] Level 1:colcon.colcon_core.package_identification:_identify(venv/lib/python3.10/site-packages/numpy/random/_examples/cffi/__pycache__) by extensions ['colcon_pkg']
[2.513s] Level 1:colcon.colcon_core.package_identification:_identify(venv/lib/python3.10/site-packages/numpy/random/_examples/cffi/__pycache__) by extension 'colcon_pkg'
[2.513s] Level 1:colcon.colcon_core.package_identification:_identify(venv/lib/python3.10/site-packages/numpy/random/_examples/cffi/__pycache__) by extensions ['colcon_meta']
[2.513s] Level 1:colcon.colcon_core.package_identification:_identify(venv/lib/python3.10/site-packages/numpy/random/_examples/cffi/__pycache__) by extension 'colcon_meta'
[2.513s] Level 1:colcon.colcon_core.package_identification:_identify(venv/lib/python3.10/site-packages/numpy/random/_examples/cffi/__pycache__) by extensions ['ros']
[2.513s] Level 1:colcon.colcon_core.package_identification:_identify(venv/lib/python3.10/site-packages/numpy/random/_examples/cffi/__pycache__) by extension 'ros'
[2.513s] Level 1:colcon.colcon_core.package_identification:_identify(venv/lib/python3.10/site-packages/numpy/random/_examples/cffi/__pycache__) by extensions ['cmake', 'python']
[2.513s] Level 1:colcon.colcon_core.package_identification:_identify(venv/lib/python3.10/site-packages/numpy/random/_examples/cffi/__pycache__) by extension 'cmake'
[2.513s] Level 1:colcon.colcon_core.package_identification:_identify(venv/lib/python3.10/site-packages/numpy/random/_examples/cffi/__pycache__) by extension 'python'
[2.513s] Level 1:colcon.colcon_core.package_identification:_identify(venv/lib/python3.10/site-packages/numpy/random/_examples/cffi/__pycache__) by extensions ['python_setup_py']
[2.513s] Level 1:colcon.colcon_core.package_identification:_identify(venv/lib/python3.10/site-packages/numpy/random/_examples/cffi/__pycache__) by extension 'python_setup_py'
[2.513s] Level 1:colcon.colcon_core.package_identification:_identify(venv/lib/python3.10/site-packages/numpy/random/_examples/cython) by extensions ['ignore', 'ignore_ament_install']
[2.513s] Level 1:colcon.colcon_core.package_identification:_identify(venv/lib/python3.10/site-packages/numpy/random/_examples/cython) by extension 'ignore'
[2.513s] Level 1:colcon.colcon_core.package_identification:_identify(venv/lib/python3.10/site-packages/numpy/random/_examples/cython) by extension 'ignore_ament_install'
[2.513s] Level 1:colcon.colcon_core.package_identification:_identify(venv/lib/python3.10/site-packages/numpy/random/_examples/cython) by extensions ['colcon_pkg']
[2.513s] Level 1:colcon.colcon_core.package_identification:_identify(venv/lib/python3.10/site-packages/numpy/random/_examples/cython) by extension 'colcon_pkg'
[2.513s] Level 1:colcon.colcon_core.package_identification:_identify(venv/lib/python3.10/site-packages/numpy/random/_examples/cython) by extensions ['colcon_meta']
[2.513s] Level 1:colcon.colcon_core.package_identification:_identify(venv/lib/python3.10/site-packages/numpy/random/_examples/cython) by extension 'colcon_meta'
[2.513s] Level 1:colcon.colcon_core.package_identification:_identify(venv/lib/python3.10/site-packages/numpy/random/_examples/cython) by extensions ['ros']
[2.513s] Level 1:colcon.colcon_core.package_identification:_identify(venv/lib/python3.10/site-packages/numpy/random/_examples/cython) by extension 'ros'
[2.513s] Level 1:colcon.colcon_core.package_identification:_identify(venv/lib/python3.10/site-packages/numpy/random/_examples/cython) by extensions ['cmake', 'python']
[2.513s] Level 1:colcon.colcon_core.package_identification:_identify(venv/lib/python3.10/site-packages/numpy/random/_examples/cython) by extension 'cmake'
[2.514s] Level 1:colcon.colcon_core.package_identification:_identify(venv/lib/python3.10/site-packages/numpy/random/_examples/cython) by extension 'python'
[2.514s] Level 1:colcon.colcon_core.package_identification:_identify(venv/lib/python3.10/site-packages/numpy/random/_examples/cython) by extensions ['python_setup_py']
[2.514s] Level 1:colcon.colcon_core.package_identification:_identify(venv/lib/python3.10/site-packages/numpy/random/_examples/cython) by extension 'python_setup_py'
[2.514s] Level 1:colcon.colcon_core.package_identification:_identify(venv/lib/python3.10/site-packages/numpy/random/_examples/numba) by extensions ['ignore', 'ignore_ament_install']
[2.514s] Level 1:colcon.colcon_core.package_identification:_identify(venv/lib/python3.10/site-packages/numpy/random/_examples/numba) by extension 'ignore'
[2.514s] Level 1:colcon.colcon_core.package_identification:_identify(venv/lib/python3.10/site-packages/numpy/random/_examples/numba) by extension 'ignore_ament_install'
[2.514s] Level 1:colcon.colcon_core.package_identification:_identify(venv/lib/python3.10/site-packages/numpy/random/_examples/numba) by extensions ['colcon_pkg']
[2.514s] Level 1:colcon.colcon_core.package_identification:_identify(venv/lib/python3.10/site-packages/numpy/random/_examples/numba) by extension 'colcon_pkg'
[2.514s] Level 1:colcon.colcon_core.package_identification:_identify(venv/lib/python3.10/site-packages/numpy/random/_examples/numba) by extensions ['colcon_meta']
[2.514s] Level 1:colcon.colcon_core.package_identification:_identify(venv/lib/python3.10/site-packages/numpy/random/_examples/numba) by extension 'colcon_meta'
[2.514s] Level 1:colcon.colcon_core.package_identification:_identify(venv/lib/python3.10/site-packages/numpy/random/_examples/numba) by extensions ['ros']
[2.514s] Level 1:colcon.colcon_core.package_identification:_identify(venv/lib/python3.10/site-packages/numpy/random/_examples/numba) by extension 'ros'
[2.514s] Level 1:colcon.colcon_core.package_identification:_identify(venv/lib/python3.10/site-packages/numpy/random/_examples/numba) by extensions ['cmake', 'python']
[2.514s] Level 1:colcon.colcon_core.package_identification:_identify(venv/lib/python3.10/site-packages/numpy/random/_examples/numba) by extension 'cmake'
[2.514s] Level 1:colcon.colcon_core.package_identification:_identify(venv/lib/python3.10/site-packages/numpy/random/_examples/numba) by extension 'python'
[2.514s] Level 1:colcon.colcon_core.package_identification:_identify(venv/lib/python3.10/site-packages/numpy/random/_examples/numba) by extensions ['python_setup_py']
[2.514s] Level 1:colcon.colcon_core.package_identification:_identify(venv/lib/python3.10/site-packages/numpy/random/_examples/numba) by extension 'python_setup_py'
[2.514s] Level 1:colcon.colcon_core.package_identification:_identify(venv/lib/python3.10/site-packages/numpy/random/_examples/numba/__pycache__) by extensions ['ignore', 'ignore_ament_install']
[2.514s] Level 1:colcon.colcon_core.package_identification:_identify(venv/lib/python3.10/site-packages/numpy/random/_examples/numba/__pycache__) by extension 'ignore'
[2.514s] Level 1:colcon.colcon_core.package_identification:_identify(venv/lib/python3.10/site-packages/numpy/random/_examples/numba/__pycache__) by extension 'ignore_ament_install'
[2.514s] Level 1:colcon.colcon_core.package_identification:_identify(venv/lib/python3.10/site-packages/numpy/random/_examples/numba/__pycache__) by extensions ['colcon_pkg']
[2.514s] Level 1:colcon.colcon_core.package_identification:_identify(venv/lib/python3.10/site-packages/numpy/random/_examples/numba/__pycache__) by extension 'colcon_pkg'
[2.514s] Level 1:colcon.colcon_core.package_identification:_identify(venv/lib/python3.10/site-packages/numpy/random/_examples/numba/__pycache__) by extensions ['colcon_meta']
[2.514s] Level 1:colcon.colcon_core.package_identification:_identify(venv/lib/python3.10/site-packages/numpy/random/_examples/numba/__pycache__) by extension 'colcon_meta'
[2.514s] Level 1:colcon.colcon_core.package_identification:_identify(venv/lib/python3.10/site-packages/numpy/random/_examples/numba/__pycache__) by extensions ['ros']
[2.514s] Level 1:colcon.colcon_core.package_identification:_identify(venv/lib/python3.10/site-packages/numpy/random/_examples/numba/__pycache__) by extension 'ros'
[2.514s] Level 1:colcon.colcon_core.package_identification:_identify(venv/lib/python3.10/site-packages/numpy/random/_examples/numba/__pycache__) by extensions ['cmake', 'python']
[2.514s] Level 1:colcon.colcon_core.package_identification:_identify(venv/lib/python3.10/site-packages/numpy/random/_examples/numba/__pycache__) by extension 'cmake'
[2.514s] Level 1:colcon.colcon_core.package_identification:_identify(venv/lib/python3.10/site-packages/numpy/random/_examples/numba/__pycache__) by extension 'python'
[2.515s] Level 1:colcon.colcon_core.package_identification:_identify(venv/lib/python3.10/site-packages/numpy/random/_examples/numba/__pycache__) by extensions ['python_setup_py']
[2.515s] Level 1:colcon.colcon_core.package_identification:_identify(venv/lib/python3.10/site-packages/numpy/random/_examples/numba/__pycache__) by extension 'python_setup_py'
[2.515s] Level 1:colcon.colcon_core.package_identification:_identify(venv/lib/python3.10/site-packages/numpy/random/lib) by extensions ['ignore', 'ignore_ament_install']
[2.515s] Level 1:colcon.colcon_core.package_identification:_identify(venv/lib/python3.10/site-packages/numpy/random/lib) by extension 'ignore'
[2.515s] Level 1:colcon.colcon_core.package_identification:_identify(venv/lib/python3.10/site-packages/numpy/random/lib) by extension 'ignore_ament_install'
[2.515s] Level 1:colcon.colcon_core.package_identification:_identify(venv/lib/python3.10/site-packages/numpy/random/lib) by extensions ['colcon_pkg']
[2.515s] Level 1:colcon.colcon_core.package_identification:_identify(venv/lib/python3.10/site-packages/numpy/random/lib) by extension 'colcon_pkg'
[2.515s] Level 1:colcon.colcon_core.package_identification:_identify(venv/lib/python3.10/site-packages/numpy/random/lib) by extensions ['colcon_meta']
[2.515s] Level 1:colcon.colcon_core.package_identification:_identify(venv/lib/python3.10/site-packages/numpy/random/lib) by extension 'colcon_meta'
[2.515s] Level 1:colcon.colcon_core.package_identification:_identify(venv/lib/python3.10/site-packages/numpy/random/lib) by extensions ['ros']
[2.515s] Level 1:colcon.colcon_core.package_identification:_identify(venv/lib/python3.10/site-packages/numpy/random/lib) by extension 'ros'
[2.515s] Level 1:colcon.colcon_core.package_identification:_identify(venv/lib/python3.10/site-packages/numpy/random/lib) by extensions ['cmake', 'python']
[2.515s] Level 1:colcon.colcon_core.package_identification:_identify(venv/lib/python3.10/site-packages/numpy/random/lib) by extension 'cmake'
[2.515s] Level 1:colcon.colcon_core.package_identification:_identify(venv/lib/python3.10/site-packages/numpy/random/lib) by extension 'python'
[2.515s] Level 1:colcon.colcon_core.package_identification:_identify(venv/lib/python3.10/site-packages/numpy/random/lib) by extensions ['python_setup_py']
[2.515s] Level 1:colcon.colcon_core.package_identification:_identify(venv/lib/python3.10/site-packages/numpy/random/lib) by extension 'python_setup_py'
[2.515s] Level 1:colcon.colcon_core.package_identification:_identify(venv/lib/python3.10/site-packages/numpy/random/tests) by extensions ['ignore', 'ignore_ament_install']
[2.515s] Level 1:colcon.colcon_core.package_identification:_identify(venv/lib/python3.10/site-packages/numpy/random/tests) by extension 'ignore'
[2.515s] Level 1:colcon.colcon_core.package_identification:_identify(venv/lib/python3.10/site-packages/numpy/random/tests) by extension 'ignore_ament_install'
[2.515s] Level 1:colcon.colcon_core.package_identification:_identify(venv/lib/python3.10/site-packages/numpy/random/tests) by extensions ['colcon_pkg']
[2.515s] Level 1:colcon.colcon_core.package_identification:_identify(venv/lib/python3.10/site-packages/numpy/random/tests) by extension 'colcon_pkg'
[2.515s] Level 1:colcon.colcon_core.package_identification:_identify(venv/lib/python3.10/site-packages/numpy/random/tests) by extensions ['colcon_meta']
[2.515s] Level 1:colcon.colcon_core.package_identification:_identify(venv/lib/python3.10/site-packages/numpy/random/tests) by extension 'colcon_meta'
[2.515s] Level 1:colcon.colcon_core.package_identification:_identify(venv/lib/python3.10/site-packages/numpy/random/tests) by extensions ['ros']
[2.515s] Level 1:colcon.colcon_core.package_identification:_identify(venv/lib/python3.10/site-packages/numpy/random/tests) by extension 'ros'
[2.515s] Level 1:colcon.colcon_core.package_identification:_identify(venv/lib/python3.10/site-packages/numpy/random/tests) by extensions ['cmake', 'python']
[2.515s] Level 1:colcon.colcon_core.package_identification:_identify(venv/lib/python3.10/site-packages/numpy/random/tests) by extension 'cmake'
[2.515s] Level 1:colcon.colcon_core.package_identification:_identify(venv/lib/python3.10/site-packages/numpy/random/tests) by extension 'python'
[2.515s] Level 1:colcon.colcon_core.package_identification:_identify(venv/lib/python3.10/site-packages/numpy/random/tests) by extensions ['python_setup_py']
[2.515s] Level 1:colcon.colcon_core.package_identification:_identify(venv/lib/python3.10/site-packages/numpy/random/tests) by extension 'python_setup_py'
[2.516s] Level 1:colcon.colcon_core.package_identification:_identify(venv/lib/python3.10/site-packages/numpy/random/tests/__pycache__) by extensions ['ignore', 'ignore_ament_install']
[2.516s] Level 1:colcon.colcon_core.package_identification:_identify(venv/lib/python3.10/site-packages/numpy/random/tests/__pycache__) by extension 'ignore'
[2.516s] Level 1:colcon.colcon_core.package_identification:_identify(venv/lib/python3.10/site-packages/numpy/random/tests/__pycache__) by extension 'ignore_ament_install'
[2.516s] Level 1:colcon.colcon_core.package_identification:_identify(venv/lib/python3.10/site-packages/numpy/random/tests/__pycache__) by extensions ['colcon_pkg']
[2.516s] Level 1:colcon.colcon_core.package_identification:_identify(venv/lib/python3.10/site-packages/numpy/random/tests/__pycache__) by extension 'colcon_pkg'
[2.516s] Level 1:colcon.colcon_core.package_identification:_identify(venv/lib/python3.10/site-packages/numpy/random/tests/__pycache__) by extensions ['colcon_meta']
[2.516s] Level 1:colcon.colcon_core.package_identification:_identify(venv/lib/python3.10/site-packages/numpy/random/tests/__pycache__) by extension 'colcon_meta'
[2.516s] Level 1:colcon.colcon_core.package_identification:_identify(venv/lib/python3.10/site-packages/numpy/random/tests/__pycache__) by extensions ['ros']
[2.516s] Level 1:colcon.colcon_core.package_identification:_identify(venv/lib/python3.10/site-packages/numpy/random/tests/__pycache__) by extension 'ros'
[2.516s] Level 1:colcon.colcon_core.package_identification:_identify(venv/lib/python3.10/site-packages/numpy/random/tests/__pycache__) by extensions ['cmake', 'python']
[2.516s] Level 1:colcon.colcon_core.package_identification:_identify(venv/lib/python3.10/site-packages/numpy/random/tests/__pycache__) by extension 'cmake'
[2.516s] Level 1:colcon.colcon_core.package_identification:_identify(venv/lib/python3.10/site-packages/numpy/random/tests/__pycache__) by extension 'python'
[2.516s] Level 1:colcon.colcon_core.package_identification:_identify(venv/lib/python3.10/site-packages/numpy/random/tests/__pycache__) by extensions ['python_setup_py']
[2.516s] Level 1:colcon.colcon_core.package_identification:_identify(venv/lib/python3.10/site-packages/numpy/random/tests/__pycache__) by extension 'python_setup_py'
[2.516s] Level 1:colcon.colcon_core.package_identification:_identify(venv/lib/python3.10/site-packages/numpy/random/tests/data) by extensions ['ignore', 'ignore_ament_install']
[2.516s] Level 1:colcon.colcon_core.package_identification:_identify(venv/lib/python3.10/site-packages/numpy/random/tests/data) by extension 'ignore'
[2.516s] Level 1:colcon.colcon_core.package_identification:_identify(venv/lib/python3.10/site-packages/numpy/random/tests/data) by extension 'ignore_ament_install'
[2.516s] Level 1:colcon.colcon_core.package_identification:_identify(venv/lib/python3.10/site-packages/numpy/random/tests/data) by extensions ['colcon_pkg']
[2.516s] Level 1:colcon.colcon_core.package_identification:_identify(venv/lib/python3.10/site-packages/numpy/random/tests/data) by extension 'colcon_pkg'
[2.516s] Level 1:colcon.colcon_core.package_identification:_identify(venv/lib/python3.10/site-packages/numpy/random/tests/data) by extensions ['colcon_meta']
[2.516s] Level 1:colcon.colcon_core.package_identification:_identify(venv/lib/python3.10/site-packages/numpy/random/tests/data) by extension 'colcon_meta'
[2.516s] Level 1:colcon.colcon_core.package_identification:_identify(venv/lib/python3.10/site-packages/numpy/random/tests/data) by extensions ['ros']
[2.516s] Level 1:colcon.colcon_core.package_identification:_identify(venv/lib/python3.10/site-packages/numpy/random/tests/data) by extension 'ros'
[2.516s] Level 1:colcon.colcon_core.package_identification:_identify(venv/lib/python3.10/site-packages/numpy/random/tests/data) by extensions ['cmake', 'python']
[2.516s] Level 1:colcon.colcon_core.package_identification:_identify(venv/lib/python3.10/site-packages/numpy/random/tests/data) by extension 'cmake'
[2.516s] Level 1:colcon.colcon_core.package_identification:_identify(venv/lib/python3.10/site-packages/numpy/random/tests/data) by extension 'python'
[2.516s] Level 1:colcon.colcon_core.package_identification:_identify(venv/lib/python3.10/site-packages/numpy/random/tests/data) by extensions ['python_setup_py']
[2.516s] Level 1:colcon.colcon_core.package_identification:_identify(venv/lib/python3.10/site-packages/numpy/random/tests/data) by extension 'python_setup_py'
[2.517s] Level 1:colcon.colcon_core.package_identification:_identify(venv/lib/python3.10/site-packages/numpy/random/tests/data/__pycache__) by extensions ['ignore', 'ignore_ament_install']
[2.517s] Level 1:colcon.colcon_core.package_identification:_identify(venv/lib/python3.10/site-packages/numpy/random/tests/data/__pycache__) by extension 'ignore'
[2.517s] Level 1:colcon.colcon_core.package_identification:_identify(venv/lib/python3.10/site-packages/numpy/random/tests/data/__pycache__) by extension 'ignore_ament_install'
[2.517s] Level 1:colcon.colcon_core.package_identification:_identify(venv/lib/python3.10/site-packages/numpy/random/tests/data/__pycache__) by extensions ['colcon_pkg']
[2.517s] Level 1:colcon.colcon_core.package_identification:_identify(venv/lib/python3.10/site-packages/numpy/random/tests/data/__pycache__) by extension 'colcon_pkg'
[2.517s] Level 1:colcon.colcon_core.package_identification:_identify(venv/lib/python3.10/site-packages/numpy/random/tests/data/__pycache__) by extensions ['colcon_meta']
[2.517s] Level 1:colcon.colcon_core.package_identification:_identify(venv/lib/python3.10/site-packages/numpy/random/tests/data/__pycache__) by extension 'colcon_meta'
[2.517s] Level 1:colcon.colcon_core.package_identification:_identify(venv/lib/python3.10/site-packages/numpy/random/tests/data/__pycache__) by extensions ['ros']
[2.517s] Level 1:colcon.colcon_core.package_identification:_identify(venv/lib/python3.10/site-packages/numpy/random/tests/data/__pycache__) by extension 'ros'
[2.517s] Level 1:colcon.colcon_core.package_identification:_identify(venv/lib/python3.10/site-packages/numpy/random/tests/data/__pycache__) by extensions ['cmake', 'python']
[2.517s] Level 1:colcon.colcon_core.package_identification:_identify(venv/lib/python3.10/site-packages/numpy/random/tests/data/__pycache__) by extension 'cmake'
[2.517s] Level 1:colcon.colcon_core.package_identification:_identify(venv/lib/python3.10/site-packages/numpy/random/tests/data/__pycache__) by extension 'python'
[2.517s] Level 1:colcon.colcon_core.package_identification:_identify(venv/lib/python3.10/site-packages/numpy/random/tests/data/__pycache__) by extensions ['python_setup_py']
[2.517s] Level 1:colcon.colcon_core.package_identification:_identify(venv/lib/python3.10/site-packages/numpy/random/tests/data/__pycache__) by extension 'python_setup_py'
[2.517s] Level 1:colcon.colcon_core.package_identification:_identify(venv/lib/python3.10/site-packages/numpy/testing) by extensions ['ignore', 'ignore_ament_install']
[2.517s] Level 1:colcon.colcon_core.package_identification:_identify(venv/lib/python3.10/site-packages/numpy/testing) by extension 'ignore'
[2.517s] Level 1:colcon.colcon_core.package_identification:_identify(venv/lib/python3.10/site-packages/numpy/testing) by extension 'ignore_ament_install'
[2.517s] Level 1:colcon.colcon_core.package_identification:_identify(venv/lib/python3.10/site-packages/numpy/testing) by extensions ['colcon_pkg']
[2.517s] Level 1:colcon.colcon_core.package_identification:_identify(venv/lib/python3.10/site-packages/numpy/testing) by extension 'colcon_pkg'
[2.517s] Level 1:colcon.colcon_core.package_identification:_identify(venv/lib/python3.10/site-packages/numpy/testing) by extensions ['colcon_meta']
[2.517s] Level 1:colcon.colcon_core.package_identification:_identify(venv/lib/python3.10/site-packages/numpy/testing) by extension 'colcon_meta'
[2.517s] Level 1:colcon.colcon_core.package_identification:_identify(venv/lib/python3.10/site-packages/numpy/testing) by extensions ['ros']
[2.517s] Level 1:colcon.colcon_core.package_identification:_identify(venv/lib/python3.10/site-packages/numpy/testing) by extension 'ros'
[2.517s] Level 1:colcon.colcon_core.package_identification:_identify(venv/lib/python3.10/site-packages/numpy/testing) by extensions ['cmake', 'python']
[2.517s] Level 1:colcon.colcon_core.package_identification:_identify(venv/lib/python3.10/site-packages/numpy/testing) by extension 'cmake'
[2.517s] Level 1:colcon.colcon_core.package_identification:_identify(venv/lib/python3.10/site-packages/numpy/testing) by extension 'python'
[2.518s] Level 1:colcon.colcon_core.package_identification:_identify(venv/lib/python3.10/site-packages/numpy/testing) by extensions ['python_setup_py']
[2.518s] Level 1:colcon.colcon_core.package_identification:_identify(venv/lib/python3.10/site-packages/numpy/testing) by extension 'python_setup_py'
[2.702s] ERROR:colcon.colcon_core.package_identification:Exception in package identification extension 'python_setup_py' in 'venv/lib/python3.10/site-packages/numpy/testing': Command '['/usr/bin/python3', '-c', 'import sys;from contextlib import suppress;exec("with suppress(ImportError):    from setuptools.extern.packaging.specifiers    import SpecifierSet");exec("with suppress(ImportError):    from packaging.specifiers import SpecifierSet");from distutils.core import run_setup;dist = run_setup(    \'setup.py\', script_args=(\'--dry-run\',), stop_after=\'config\');skip_keys = (\'cmdclass\', \'distclass\', \'ext_modules\', \'metadata\');data = {    key: value for key, value in dist.__dict__.items()     if (        not key.startswith(\'_\') and         not callable(value) and         key not in skip_keys and         key not in dist.display_option_names    )};data[\'metadata\'] = {    k: v for k, v in dist.metadata.__dict__.items()     if k not in (\'license_files\', \'provides_extras\')};sys.stdout.buffer.write(repr(data).encode(\'utf-8\'))']' returned non-zero exit status 1.
Traceback (most recent call last):
  File "/usr/lib/python3/dist-packages/colcon_core/package_identification/__init__.py", line 144, in _identify
    retval = extension.identify(_reused_descriptor_instance)
  File "/usr/lib/python3/dist-packages/colcon_python_setup_py/package_identification/python_setup_py.py", line 48, in identify
    config = get_setup_information(setup_py)
  File "/usr/lib/python3/dist-packages/colcon_python_setup_py/package_identification/python_setup_py.py", line 249, in get_setup_information
    _setup_information_cache[hashable_env] = _get_setup_information(
  File "/usr/lib/python3/dist-packages/colcon_python_setup_py/package_identification/python_setup_py.py", line 296, in _get_setup_information
    result = subprocess.run(
  File "/usr/lib/python3.10/subprocess.py", line 526, in run
    raise CalledProcessError(retcode, process.args,
subprocess.CalledProcessError: Command '['/usr/bin/python3', '-c', 'import sys;from contextlib import suppress;exec("with suppress(ImportError):    from setuptools.extern.packaging.specifiers    import SpecifierSet");exec("with suppress(ImportError):    from packaging.specifiers import SpecifierSet");from distutils.core import run_setup;dist = run_setup(    \'setup.py\', script_args=(\'--dry-run\',), stop_after=\'config\');skip_keys = (\'cmdclass\', \'distclass\', \'ext_modules\', \'metadata\');data = {    key: value for key, value in dist.__dict__.items()     if (        not key.startswith(\'_\') and         not callable(value) and         key not in skip_keys and         key not in dist.display_option_names    )};data[\'metadata\'] = {    k: v for k, v in dist.metadata.__dict__.items()     if k not in (\'license_files\', \'provides_extras\')};sys.stdout.buffer.write(repr(data).encode(\'utf-8\'))']' returned non-zero exit status 1.

[2.703s] Level 1:colcon.colcon_core.package_identification:_identify(venv/lib/python3.10/site-packages/numpy/testing/__pycache__) by extensions ['ignore', 'ignore_ament_install']
[2.703s] Level 1:colcon.colcon_core.package_identification:_identify(venv/lib/python3.10/site-packages/numpy/testing/__pycache__) by extension 'ignore'
[2.703s] Level 1:colcon.colcon_core.package_identification:_identify(venv/lib/python3.10/site-packages/numpy/testing/__pycache__) by extension 'ignore_ament_install'
[2.703s] Level 1:colcon.colcon_core.package_identification:_identify(venv/lib/python3.10/site-packages/numpy/testing/__pycache__) by extensions ['colcon_pkg']
[2.703s] Level 1:colcon.colcon_core.package_identification:_identify(venv/lib/python3.10/site-packages/numpy/testing/__pycache__) by extension 'colcon_pkg'
[2.703s] Level 1:colcon.colcon_core.package_identification:_identify(venv/lib/python3.10/site-packages/numpy/testing/__pycache__) by extensions ['colcon_meta']
[2.703s] Level 1:colcon.colcon_core.package_identification:_identify(venv/lib/python3.10/site-packages/numpy/testing/__pycache__) by extension 'colcon_meta'
[2.704s] Level 1:colcon.colcon_core.package_identification:_identify(venv/lib/python3.10/site-packages/numpy/testing/__pycache__) by extensions ['ros']
[2.704s] Level 1:colcon.colcon_core.package_identification:_identify(venv/lib/python3.10/site-packages/numpy/testing/__pycache__) by extension 'ros'
[2.704s] Level 1:colcon.colcon_core.package_identification:_identify(venv/lib/python3.10/site-packages/numpy/testing/__pycache__) by extensions ['cmake', 'python']
[2.704s] Level 1:colcon.colcon_core.package_identification:_identify(venv/lib/python3.10/site-packages/numpy/testing/__pycache__) by extension 'cmake'
[2.704s] Level 1:colcon.colcon_core.package_identification:_identify(venv/lib/python3.10/site-packages/numpy/testing/__pycache__) by extension 'python'
[2.704s] Level 1:colcon.colcon_core.package_identification:_identify(venv/lib/python3.10/site-packages/numpy/testing/__pycache__) by extensions ['python_setup_py']
[2.704s] Level 1:colcon.colcon_core.package_identification:_identify(venv/lib/python3.10/site-packages/numpy/testing/__pycache__) by extension 'python_setup_py'
[2.704s] Level 1:colcon.colcon_core.package_identification:_identify(venv/lib/python3.10/site-packages/numpy/testing/_private) by extensions ['ignore', 'ignore_ament_install']
[2.704s] Level 1:colcon.colcon_core.package_identification:_identify(venv/lib/python3.10/site-packages/numpy/testing/_private) by extension 'ignore'
[2.704s] Level 1:colcon.colcon_core.package_identification:_identify(venv/lib/python3.10/site-packages/numpy/testing/_private) by extension 'ignore_ament_install'
[2.704s] Level 1:colcon.colcon_core.package_identification:_identify(venv/lib/python3.10/site-packages/numpy/testing/_private) by extensions ['colcon_pkg']
[2.704s] Level 1:colcon.colcon_core.package_identification:_identify(venv/lib/python3.10/site-packages/numpy/testing/_private) by extension 'colcon_pkg'
[2.704s] Level 1:colcon.colcon_core.package_identification:_identify(venv/lib/python3.10/site-packages/numpy/testing/_private) by extensions ['colcon_meta']
[2.704s] Level 1:colcon.colcon_core.package_identification:_identify(venv/lib/python3.10/site-packages/numpy/testing/_private) by extension 'colcon_meta'
[2.704s] Level 1:colcon.colcon_core.package_identification:_identify(venv/lib/python3.10/site-packages/numpy/testing/_private) by extensions ['ros']
[2.704s] Level 1:colcon.colcon_core.package_identification:_identify(venv/lib/python3.10/site-packages/numpy/testing/_private) by extension 'ros'
[2.704s] Level 1:colcon.colcon_core.package_identification:_identify(venv/lib/python3.10/site-packages/numpy/testing/_private) by extensions ['cmake', 'python']
[2.704s] Level 1:colcon.colcon_core.package_identification:_identify(venv/lib/python3.10/site-packages/numpy/testing/_private) by extension 'cmake'
[2.704s] Level 1:colcon.colcon_core.package_identification:_identify(venv/lib/python3.10/site-packages/numpy/testing/_private) by extension 'python'
[2.704s] Level 1:colcon.colcon_core.package_identification:_identify(venv/lib/python3.10/site-packages/numpy/testing/_private) by extensions ['python_setup_py']
[2.704s] Level 1:colcon.colcon_core.package_identification:_identify(venv/lib/python3.10/site-packages/numpy/testing/_private) by extension 'python_setup_py'
[2.704s] Level 1:colcon.colcon_core.package_identification:_identify(venv/lib/python3.10/site-packages/numpy/testing/_private/__pycache__) by extensions ['ignore', 'ignore_ament_install']
[2.705s] Level 1:colcon.colcon_core.package_identification:_identify(venv/lib/python3.10/site-packages/numpy/testing/_private/__pycache__) by extension 'ignore'
[2.705s] Level 1:colcon.colcon_core.package_identification:_identify(venv/lib/python3.10/site-packages/numpy/testing/_private/__pycache__) by extension 'ignore_ament_install'
[2.705s] Level 1:colcon.colcon_core.package_identification:_identify(venv/lib/python3.10/site-packages/numpy/testing/_private/__pycache__) by extensions ['colcon_pkg']
[2.705s] Level 1:colcon.colcon_core.package_identification:_identify(venv/lib/python3.10/site-packages/numpy/testing/_private/__pycache__) by extension 'colcon_pkg'
[2.705s] Level 1:colcon.colcon_core.package_identification:_identify(venv/lib/python3.10/site-packages/numpy/testing/_private/__pycache__) by extensions ['colcon_meta']
[2.705s] Level 1:colcon.colcon_core.package_identification:_identify(venv/lib/python3.10/site-packages/numpy/testing/_private/__pycache__) by extension 'colcon_meta'
[2.705s] Level 1:colcon.colcon_core.package_identification:_identify(venv/lib/python3.10/site-packages/numpy/testing/_private/__pycache__) by extensions ['ros']
[2.705s] Level 1:colcon.colcon_core.package_identification:_identify(venv/lib/python3.10/site-packages/numpy/testing/_private/__pycache__) by extension 'ros'
[2.705s] Level 1:colcon.colcon_core.package_identification:_identify(venv/lib/python3.10/site-packages/numpy/testing/_private/__pycache__) by extensions ['cmake', 'python']
[2.705s] Level 1:colcon.colcon_core.package_identification:_identify(venv/lib/python3.10/site-packages/numpy/testing/_private/__pycache__) by extension 'cmake'
[2.705s] Level 1:colcon.colcon_core.package_identification:_identify(venv/lib/python3.10/site-packages/numpy/testing/_private/__pycache__) by extension 'python'
[2.705s] Level 1:colcon.colcon_core.package_identification:_identify(venv/lib/python3.10/site-packages/numpy/testing/_private/__pycache__) by extensions ['python_setup_py']
[2.705s] Level 1:colcon.colcon_core.package_identification:_identify(venv/lib/python3.10/site-packages/numpy/testing/_private/__pycache__) by extension 'python_setup_py'
[2.705s] Level 1:colcon.colcon_core.package_identification:_identify(venv/lib/python3.10/site-packages/numpy/testing/tests) by extensions ['ignore', 'ignore_ament_install']
[2.705s] Level 1:colcon.colcon_core.package_identification:_identify(venv/lib/python3.10/site-packages/numpy/testing/tests) by extension 'ignore'
[2.705s] Level 1:colcon.colcon_core.package_identification:_identify(venv/lib/python3.10/site-packages/numpy/testing/tests) by extension 'ignore_ament_install'
[2.705s] Level 1:colcon.colcon_core.package_identification:_identify(venv/lib/python3.10/site-packages/numpy/testing/tests) by extensions ['colcon_pkg']
[2.705s] Level 1:colcon.colcon_core.package_identification:_identify(venv/lib/python3.10/site-packages/numpy/testing/tests) by extension 'colcon_pkg'
[2.705s] Level 1:colcon.colcon_core.package_identification:_identify(venv/lib/python3.10/site-packages/numpy/testing/tests) by extensions ['colcon_meta']
[2.705s] Level 1:colcon.colcon_core.package_identification:_identify(venv/lib/python3.10/site-packages/numpy/testing/tests) by extension 'colcon_meta'
[2.705s] Level 1:colcon.colcon_core.package_identification:_identify(venv/lib/python3.10/site-packages/numpy/testing/tests) by extensions ['ros']
[2.705s] Level 1:colcon.colcon_core.package_identification:_identify(venv/lib/python3.10/site-packages/numpy/testing/tests) by extension 'ros'
[2.705s] Level 1:colcon.colcon_core.package_identification:_identify(venv/lib/python3.10/site-packages/numpy/testing/tests) by extensions ['cmake', 'python']
[2.705s] Level 1:colcon.colcon_core.package_identification:_identify(venv/lib/python3.10/site-packages/numpy/testing/tests) by extension 'cmake'
[2.706s] Level 1:colcon.colcon_core.package_identification:_identify(venv/lib/python3.10/site-packages/numpy/testing/tests) by extension 'python'
[2.706s] Level 1:colcon.colcon_core.package_identification:_identify(venv/lib/python3.10/site-packages/numpy/testing/tests) by extensions ['python_setup_py']
[2.706s] Level 1:colcon.colcon_core.package_identification:_identify(venv/lib/python3.10/site-packages/numpy/testing/tests) by extension 'python_setup_py'
[2.706s] Level 1:colcon.colcon_core.package_identification:_identify(venv/lib/python3.10/site-packages/numpy/testing/tests/__pycache__) by extensions ['ignore', 'ignore_ament_install']
[2.706s] Level 1:colcon.colcon_core.package_identification:_identify(venv/lib/python3.10/site-packages/numpy/testing/tests/__pycache__) by extension 'ignore'
[2.706s] Level 1:colcon.colcon_core.package_identification:_identify(venv/lib/python3.10/site-packages/numpy/testing/tests/__pycache__) by extension 'ignore_ament_install'
[2.706s] Level 1:colcon.colcon_core.package_identification:_identify(venv/lib/python3.10/site-packages/numpy/testing/tests/__pycache__) by extensions ['colcon_pkg']
[2.706s] Level 1:colcon.colcon_core.package_identification:_identify(venv/lib/python3.10/site-packages/numpy/testing/tests/__pycache__) by extension 'colcon_pkg'
[2.706s] Level 1:colcon.colcon_core.package_identification:_identify(venv/lib/python3.10/site-packages/numpy/testing/tests/__pycache__) by extensions ['colcon_meta']
[2.706s] Level 1:colcon.colcon_core.package_identification:_identify(venv/lib/python3.10/site-packages/numpy/testing/tests/__pycache__) by extension 'colcon_meta'
[2.706s] Level 1:colcon.colcon_core.package_identification:_identify(venv/lib/python3.10/site-packages/numpy/testing/tests/__pycache__) by extensions ['ros']
[2.706s] Level 1:colcon.colcon_core.package_identification:_identify(venv/lib/python3.10/site-packages/numpy/testing/tests/__pycache__) by extension 'ros'
[2.706s] Level 1:colcon.colcon_core.package_identification:_identify(venv/lib/python3.10/site-packages/numpy/testing/tests/__pycache__) by extensions ['cmake', 'python']
[2.706s] Level 1:colcon.colcon_core.package_identification:_identify(venv/lib/python3.10/site-packages/numpy/testing/tests/__pycache__) by extension 'cmake'
[2.706s] Level 1:colcon.colcon_core.package_identification:_identify(venv/lib/python3.10/site-packages/numpy/testing/tests/__pycache__) by extension 'python'
[2.706s] Level 1:colcon.colcon_core.package_identification:_identify(venv/lib/python3.10/site-packages/numpy/testing/tests/__pycache__) by extensions ['python_setup_py']
[2.706s] Level 1:colcon.colcon_core.package_identification:_identify(venv/lib/python3.10/site-packages/numpy/testing/tests/__pycache__) by extension 'python_setup_py'
[2.706s] Level 1:colcon.colcon_core.package_identification:_identify(venv/lib/python3.10/site-packages/numpy/tests) by extensions ['ignore', 'ignore_ament_install']
[2.706s] Level 1:colcon.colcon_core.package_identification:_identify(venv/lib/python3.10/site-packages/numpy/tests) by extension 'ignore'
[2.706s] Level 1:colcon.colcon_core.package_identification:_identify(venv/lib/python3.10/site-packages/numpy/tests) by extension 'ignore_ament_install'
[2.706s] Level 1:colcon.colcon_core.package_identification:_identify(venv/lib/python3.10/site-packages/numpy/tests) by extensions ['colcon_pkg']
[2.706s] Level 1:colcon.colcon_core.package_identification:_identify(venv/lib/python3.10/site-packages/numpy/tests) by extension 'colcon_pkg'
[2.706s] Level 1:colcon.colcon_core.package_identification:_identify(venv/lib/python3.10/site-packages/numpy/tests) by extensions ['colcon_meta']
[2.706s] Level 1:colcon.colcon_core.package_identification:_identify(venv/lib/python3.10/site-packages/numpy/tests) by extension 'colcon_meta'
[2.706s] Level 1:colcon.colcon_core.package_identification:_identify(venv/lib/python3.10/site-packages/numpy/tests) by extensions ['ros']
[2.706s] Level 1:colcon.colcon_core.package_identification:_identify(venv/lib/python3.10/site-packages/numpy/tests) by extension 'ros'
[2.706s] Level 1:colcon.colcon_core.package_identification:_identify(venv/lib/python3.10/site-packages/numpy/tests) by extensions ['cmake', 'python']
[2.706s] Level 1:colcon.colcon_core.package_identification:_identify(venv/lib/python3.10/site-packages/numpy/tests) by extension 'cmake'
[2.706s] Level 1:colcon.colcon_core.package_identification:_identify(venv/lib/python3.10/site-packages/numpy/tests) by extension 'python'
[2.706s] Level 1:colcon.colcon_core.package_identification:_identify(venv/lib/python3.10/site-packages/numpy/tests) by extensions ['python_setup_py']
[2.706s] Level 1:colcon.colcon_core.package_identification:_identify(venv/lib/python3.10/site-packages/numpy/tests) by extension 'python_setup_py'
[2.707s] Level 1:colcon.colcon_core.package_identification:_identify(venv/lib/python3.10/site-packages/numpy/tests/__pycache__) by extensions ['ignore', 'ignore_ament_install']
[2.707s] Level 1:colcon.colcon_core.package_identification:_identify(venv/lib/python3.10/site-packages/numpy/tests/__pycache__) by extension 'ignore'
[2.707s] Level 1:colcon.colcon_core.package_identification:_identify(venv/lib/python3.10/site-packages/numpy/tests/__pycache__) by extension 'ignore_ament_install'
[2.707s] Level 1:colcon.colcon_core.package_identification:_identify(venv/lib/python3.10/site-packages/numpy/tests/__pycache__) by extensions ['colcon_pkg']
[2.707s] Level 1:colcon.colcon_core.package_identification:_identify(venv/lib/python3.10/site-packages/numpy/tests/__pycache__) by extension 'colcon_pkg'
[2.707s] Level 1:colcon.colcon_core.package_identification:_identify(venv/lib/python3.10/site-packages/numpy/tests/__pycache__) by extensions ['colcon_meta']
[2.707s] Level 1:colcon.colcon_core.package_identification:_identify(venv/lib/python3.10/site-packages/numpy/tests/__pycache__) by extension 'colcon_meta'
[2.707s] Level 1:colcon.colcon_core.package_identification:_identify(venv/lib/python3.10/site-packages/numpy/tests/__pycache__) by extensions ['ros']
[2.707s] Level 1:colcon.colcon_core.package_identification:_identify(venv/lib/python3.10/site-packages/numpy/tests/__pycache__) by extension 'ros'
[2.707s] Level 1:colcon.colcon_core.package_identification:_identify(venv/lib/python3.10/site-packages/numpy/tests/__pycache__) by extensions ['cmake', 'python']
[2.707s] Level 1:colcon.colcon_core.package_identification:_identify(venv/lib/python3.10/site-packages/numpy/tests/__pycache__) by extension 'cmake'
[2.707s] Level 1:colcon.colcon_core.package_identification:_identify(venv/lib/python3.10/site-packages/numpy/tests/__pycache__) by extension 'python'
[2.707s] Level 1:colcon.colcon_core.package_identification:_identify(venv/lib/python3.10/site-packages/numpy/tests/__pycache__) by extensions ['python_setup_py']
[2.707s] Level 1:colcon.colcon_core.package_identification:_identify(venv/lib/python3.10/site-packages/numpy/tests/__pycache__) by extension 'python_setup_py'
[2.707s] Level 1:colcon.colcon_core.package_identification:_identify(venv/lib/python3.10/site-packages/numpy/typing) by extensions ['ignore', 'ignore_ament_install']
[2.707s] Level 1:colcon.colcon_core.package_identification:_identify(venv/lib/python3.10/site-packages/numpy/typing) by extension 'ignore'
[2.707s] Level 1:colcon.colcon_core.package_identification:_identify(venv/lib/python3.10/site-packages/numpy/typing) by extension 'ignore_ament_install'
[2.707s] Level 1:colcon.colcon_core.package_identification:_identify(venv/lib/python3.10/site-packages/numpy/typing) by extensions ['colcon_pkg']
[2.707s] Level 1:colcon.colcon_core.package_identification:_identify(venv/lib/python3.10/site-packages/numpy/typing) by extension 'colcon_pkg'
[2.707s] Level 1:colcon.colcon_core.package_identification:_identify(venv/lib/python3.10/site-packages/numpy/typing) by extensions ['colcon_meta']
[2.707s] Level 1:colcon.colcon_core.package_identification:_identify(venv/lib/python3.10/site-packages/numpy/typing) by extension 'colcon_meta'
[2.707s] Level 1:colcon.colcon_core.package_identification:_identify(venv/lib/python3.10/site-packages/numpy/typing) by extensions ['ros']
[2.707s] Level 1:colcon.colcon_core.package_identification:_identify(venv/lib/python3.10/site-packages/numpy/typing) by extension 'ros'
[2.707s] Level 1:colcon.colcon_core.package_identification:_identify(venv/lib/python3.10/site-packages/numpy/typing) by extensions ['cmake', 'python']
[2.707s] Level 1:colcon.colcon_core.package_identification:_identify(venv/lib/python3.10/site-packages/numpy/typing) by extension 'cmake'
[2.707s] Level 1:colcon.colcon_core.package_identification:_identify(venv/lib/python3.10/site-packages/numpy/typing) by extension 'python'
[2.707s] Level 1:colcon.colcon_core.package_identification:_identify(venv/lib/python3.10/site-packages/numpy/typing) by extensions ['python_setup_py']
[2.707s] Level 1:colcon.colcon_core.package_identification:_identify(venv/lib/python3.10/site-packages/numpy/typing) by extension 'python_setup_py'
[2.886s] ERROR:colcon.colcon_core.package_identification:Exception in package identification extension 'python_setup_py' in 'venv/lib/python3.10/site-packages/numpy/typing': Command '['/usr/bin/python3', '-c', 'import sys;from contextlib import suppress;exec("with suppress(ImportError):    from setuptools.extern.packaging.specifiers    import SpecifierSet");exec("with suppress(ImportError):    from packaging.specifiers import SpecifierSet");from distutils.core import run_setup;dist = run_setup(    \'setup.py\', script_args=(\'--dry-run\',), stop_after=\'config\');skip_keys = (\'cmdclass\', \'distclass\', \'ext_modules\', \'metadata\');data = {    key: value for key, value in dist.__dict__.items()     if (        not key.startswith(\'_\') and         not callable(value) and         key not in skip_keys and         key not in dist.display_option_names    )};data[\'metadata\'] = {    k: v for k, v in dist.metadata.__dict__.items()     if k not in (\'license_files\', \'provides_extras\')};sys.stdout.buffer.write(repr(data).encode(\'utf-8\'))']' returned non-zero exit status 1.
Traceback (most recent call last):
  File "/usr/lib/python3/dist-packages/colcon_core/package_identification/__init__.py", line 144, in _identify
    retval = extension.identify(_reused_descriptor_instance)
  File "/usr/lib/python3/dist-packages/colcon_python_setup_py/package_identification/python_setup_py.py", line 48, in identify
    config = get_setup_information(setup_py)
  File "/usr/lib/python3/dist-packages/colcon_python_setup_py/package_identification/python_setup_py.py", line 249, in get_setup_information
    _setup_information_cache[hashable_env] = _get_setup_information(
  File "/usr/lib/python3/dist-packages/colcon_python_setup_py/package_identification/python_setup_py.py", line 296, in _get_setup_information
    result = subprocess.run(
  File "/usr/lib/python3.10/subprocess.py", line 526, in run
    raise CalledProcessError(retcode, process.args,
subprocess.CalledProcessError: Command '['/usr/bin/python3', '-c', 'import sys;from contextlib import suppress;exec("with suppress(ImportError):    from setuptools.extern.packaging.specifiers    import SpecifierSet");exec("with suppress(ImportError):    from packaging.specifiers import SpecifierSet");from distutils.core import run_setup;dist = run_setup(    \'setup.py\', script_args=(\'--dry-run\',), stop_after=\'config\');skip_keys = (\'cmdclass\', \'distclass\', \'ext_modules\', \'metadata\');data = {    key: value for key, value in dist.__dict__.items()     if (        not key.startswith(\'_\') and         not callable(value) and         key not in skip_keys and         key not in dist.display_option_names    )};data[\'metadata\'] = {    k: v for k, v in dist.metadata.__dict__.items()     if k not in (\'license_files\', \'provides_extras\')};sys.stdout.buffer.write(repr(data).encode(\'utf-8\'))']' returned non-zero exit status 1.

[2.887s] Level 1:colcon.colcon_core.package_identification:_identify(venv/lib/python3.10/site-packages/numpy/typing/__pycache__) by extensions ['ignore', 'ignore_ament_install']
[2.887s] Level 1:colcon.colcon_core.package_identification:_identify(venv/lib/python3.10/site-packages/numpy/typing/__pycache__) by extension 'ignore'
[2.887s] Level 1:colcon.colcon_core.package_identification:_identify(venv/lib/python3.10/site-packages/numpy/typing/__pycache__) by extension 'ignore_ament_install'
[2.887s] Level 1:colcon.colcon_core.package_identification:_identify(venv/lib/python3.10/site-packages/numpy/typing/__pycache__) by extensions ['colcon_pkg']
[2.887s] Level 1:colcon.colcon_core.package_identification:_identify(venv/lib/python3.10/site-packages/numpy/typing/__pycache__) by extension 'colcon_pkg'
[2.887s] Level 1:colcon.colcon_core.package_identification:_identify(venv/lib/python3.10/site-packages/numpy/typing/__pycache__) by extensions ['colcon_meta']
[2.887s] Level 1:colcon.colcon_core.package_identification:_identify(venv/lib/python3.10/site-packages/numpy/typing/__pycache__) by extension 'colcon_meta'
[2.887s] Level 1:colcon.colcon_core.package_identification:_identify(venv/lib/python3.10/site-packages/numpy/typing/__pycache__) by extensions ['ros']
[2.887s] Level 1:colcon.colcon_core.package_identification:_identify(venv/lib/python3.10/site-packages/numpy/typing/__pycache__) by extension 'ros'
[2.888s] Level 1:colcon.colcon_core.package_identification:_identify(venv/lib/python3.10/site-packages/numpy/typing/__pycache__) by extensions ['cmake', 'python']
[2.888s] Level 1:colcon.colcon_core.package_identification:_identify(venv/lib/python3.10/site-packages/numpy/typing/__pycache__) by extension 'cmake'
[2.888s] Level 1:colcon.colcon_core.package_identification:_identify(venv/lib/python3.10/site-packages/numpy/typing/__pycache__) by extension 'python'
[2.888s] Level 1:colcon.colcon_core.package_identification:_identify(venv/lib/python3.10/site-packages/numpy/typing/__pycache__) by extensions ['python_setup_py']
[2.888s] Level 1:colcon.colcon_core.package_identification:_identify(venv/lib/python3.10/site-packages/numpy/typing/__pycache__) by extension 'python_setup_py'
[2.888s] Level 1:colcon.colcon_core.package_identification:_identify(venv/lib/python3.10/site-packages/numpy/typing/tests) by extensions ['ignore', 'ignore_ament_install']
[2.888s] Level 1:colcon.colcon_core.package_identification:_identify(venv/lib/python3.10/site-packages/numpy/typing/tests) by extension 'ignore'
[2.888s] Level 1:colcon.colcon_core.package_identification:_identify(venv/lib/python3.10/site-packages/numpy/typing/tests) by extension 'ignore_ament_install'
[2.888s] Level 1:colcon.colcon_core.package_identification:_identify(venv/lib/python3.10/site-packages/numpy/typing/tests) by extensions ['colcon_pkg']
[2.888s] Level 1:colcon.colcon_core.package_identification:_identify(venv/lib/python3.10/site-packages/numpy/typing/tests) by extension 'colcon_pkg'
[2.888s] Level 1:colcon.colcon_core.package_identification:_identify(venv/lib/python3.10/site-packages/numpy/typing/tests) by extensions ['colcon_meta']
[2.888s] Level 1:colcon.colcon_core.package_identification:_identify(venv/lib/python3.10/site-packages/numpy/typing/tests) by extension 'colcon_meta'
[2.888s] Level 1:colcon.colcon_core.package_identification:_identify(venv/lib/python3.10/site-packages/numpy/typing/tests) by extensions ['ros']
[2.888s] Level 1:colcon.colcon_core.package_identification:_identify(venv/lib/python3.10/site-packages/numpy/typing/tests) by extension 'ros'
[2.888s] Level 1:colcon.colcon_core.package_identification:_identify(venv/lib/python3.10/site-packages/numpy/typing/tests) by extensions ['cmake', 'python']
[2.888s] Level 1:colcon.colcon_core.package_identification:_identify(venv/lib/python3.10/site-packages/numpy/typing/tests) by extension 'cmake'
[2.888s] Level 1:colcon.colcon_core.package_identification:_identify(venv/lib/python3.10/site-packages/numpy/typing/tests) by extension 'python'
[2.888s] Level 1:colcon.colcon_core.package_identification:_identify(venv/lib/python3.10/site-packages/numpy/typing/tests) by extensions ['python_setup_py']
[2.888s] Level 1:colcon.colcon_core.package_identification:_identify(venv/lib/python3.10/site-packages/numpy/typing/tests) by extension 'python_setup_py'
[2.888s] Level 1:colcon.colcon_core.package_identification:_identify(venv/lib/python3.10/site-packages/numpy/typing/tests/__pycache__) by extensions ['ignore', 'ignore_ament_install']
[2.888s] Level 1:colcon.colcon_core.package_identification:_identify(venv/lib/python3.10/site-packages/numpy/typing/tests/__pycache__) by extension 'ignore'
[2.888s] Level 1:colcon.colcon_core.package_identification:_identify(venv/lib/python3.10/site-packages/numpy/typing/tests/__pycache__) by extension 'ignore_ament_install'
[2.888s] Level 1:colcon.colcon_core.package_identification:_identify(venv/lib/python3.10/site-packages/numpy/typing/tests/__pycache__) by extensions ['colcon_pkg']
[2.889s] Level 1:colcon.colcon_core.package_identification:_identify(venv/lib/python3.10/site-packages/numpy/typing/tests/__pycache__) by extension 'colcon_pkg'
[2.889s] Level 1:colcon.colcon_core.package_identification:_identify(venv/lib/python3.10/site-packages/numpy/typing/tests/__pycache__) by extensions ['colcon_meta']
[2.889s] Level 1:colcon.colcon_core.package_identification:_identify(venv/lib/python3.10/site-packages/numpy/typing/tests/__pycache__) by extension 'colcon_meta'
[2.889s] Level 1:colcon.colcon_core.package_identification:_identify(venv/lib/python3.10/site-packages/numpy/typing/tests/__pycache__) by extensions ['ros']
[2.889s] Level 1:colcon.colcon_core.package_identification:_identify(venv/lib/python3.10/site-packages/numpy/typing/tests/__pycache__) by extension 'ros'
[2.889s] Level 1:colcon.colcon_core.package_identification:_identify(venv/lib/python3.10/site-packages/numpy/typing/tests/__pycache__) by extensions ['cmake', 'python']
[2.889s] Level 1:colcon.colcon_core.package_identification:_identify(venv/lib/python3.10/site-packages/numpy/typing/tests/__pycache__) by extension 'cmake'
[2.889s] Level 1:colcon.colcon_core.package_identification:_identify(venv/lib/python3.10/site-packages/numpy/typing/tests/__pycache__) by extension 'python'
[2.889s] Level 1:colcon.colcon_core.package_identification:_identify(venv/lib/python3.10/site-packages/numpy/typing/tests/__pycache__) by extensions ['python_setup_py']
[2.889s] Level 1:colcon.colcon_core.package_identification:_identify(venv/lib/python3.10/site-packages/numpy/typing/tests/__pycache__) by extension 'python_setup_py'
[2.889s] Level 1:colcon.colcon_core.package_identification:_identify(venv/lib/python3.10/site-packages/numpy/typing/tests/data) by extensions ['ignore', 'ignore_ament_install']
[2.889s] Level 1:colcon.colcon_core.package_identification:_identify(venv/lib/python3.10/site-packages/numpy/typing/tests/data) by extension 'ignore'
[2.889s] Level 1:colcon.colcon_core.package_identification:_identify(venv/lib/python3.10/site-packages/numpy/typing/tests/data) by extension 'ignore_ament_install'
[2.889s] Level 1:colcon.colcon_core.package_identification:_identify(venv/lib/python3.10/site-packages/numpy/typing/tests/data) by extensions ['colcon_pkg']
[2.889s] Level 1:colcon.colcon_core.package_identification:_identify(venv/lib/python3.10/site-packages/numpy/typing/tests/data) by extension 'colcon_pkg'
[2.889s] Level 1:colcon.colcon_core.package_identification:_identify(venv/lib/python3.10/site-packages/numpy/typing/tests/data) by extensions ['colcon_meta']
[2.889s] Level 1:colcon.colcon_core.package_identification:_identify(venv/lib/python3.10/site-packages/numpy/typing/tests/data) by extension 'colcon_meta'
[2.889s] Level 1:colcon.colcon_core.package_identification:_identify(venv/lib/python3.10/site-packages/numpy/typing/tests/data) by extensions ['ros']
[2.889s] Level 1:colcon.colcon_core.package_identification:_identify(venv/lib/python3.10/site-packages/numpy/typing/tests/data) by extension 'ros'
[2.889s] Level 1:colcon.colcon_core.package_identification:_identify(venv/lib/python3.10/site-packages/numpy/typing/tests/data) by extensions ['cmake', 'python']
[2.889s] Level 1:colcon.colcon_core.package_identification:_identify(venv/lib/python3.10/site-packages/numpy/typing/tests/data) by extension 'cmake'
[2.889s] Level 1:colcon.colcon_core.package_identification:_identify(venv/lib/python3.10/site-packages/numpy/typing/tests/data) by extension 'python'
[2.889s] Level 1:colcon.colcon_core.package_identification:_identify(venv/lib/python3.10/site-packages/numpy/typing/tests/data) by extensions ['python_setup_py']
[2.889s] Level 1:colcon.colcon_core.package_identification:_identify(venv/lib/python3.10/site-packages/numpy/typing/tests/data) by extension 'python_setup_py'
[2.889s] Level 1:colcon.colcon_core.package_identification:_identify(venv/lib/python3.10/site-packages/numpy/typing/tests/data/fail) by extensions ['ignore', 'ignore_ament_install']
[2.889s] Level 1:colcon.colcon_core.package_identification:_identify(venv/lib/python3.10/site-packages/numpy/typing/tests/data/fail) by extension 'ignore'
[2.889s] Level 1:colcon.colcon_core.package_identification:_identify(venv/lib/python3.10/site-packages/numpy/typing/tests/data/fail) by extension 'ignore_ament_install'
[2.890s] Level 1:colcon.colcon_core.package_identification:_identify(venv/lib/python3.10/site-packages/numpy/typing/tests/data/fail) by extensions ['colcon_pkg']
[2.890s] Level 1:colcon.colcon_core.package_identification:_identify(venv/lib/python3.10/site-packages/numpy/typing/tests/data/fail) by extension 'colcon_pkg'
[2.890s] Level 1:colcon.colcon_core.package_identification:_identify(venv/lib/python3.10/site-packages/numpy/typing/tests/data/fail) by extensions ['colcon_meta']
[2.890s] Level 1:colcon.colcon_core.package_identification:_identify(venv/lib/python3.10/site-packages/numpy/typing/tests/data/fail) by extension 'colcon_meta'
[2.890s] Level 1:colcon.colcon_core.package_identification:_identify(venv/lib/python3.10/site-packages/numpy/typing/tests/data/fail) by extensions ['ros']
[2.890s] Level 1:colcon.colcon_core.package_identification:_identify(venv/lib/python3.10/site-packages/numpy/typing/tests/data/fail) by extension 'ros'
[2.890s] Level 1:colcon.colcon_core.package_identification:_identify(venv/lib/python3.10/site-packages/numpy/typing/tests/data/fail) by extensions ['cmake', 'python']
[2.890s] Level 1:colcon.colcon_core.package_identification:_identify(venv/lib/python3.10/site-packages/numpy/typing/tests/data/fail) by extension 'cmake'
[2.890s] Level 1:colcon.colcon_core.package_identification:_identify(venv/lib/python3.10/site-packages/numpy/typing/tests/data/fail) by extension 'python'
[2.890s] Level 1:colcon.colcon_core.package_identification:_identify(venv/lib/python3.10/site-packages/numpy/typing/tests/data/fail) by extensions ['python_setup_py']
[2.890s] Level 1:colcon.colcon_core.package_identification:_identify(venv/lib/python3.10/site-packages/numpy/typing/tests/data/fail) by extension 'python_setup_py'
[2.890s] Level 1:colcon.colcon_core.package_identification:_identify(venv/lib/python3.10/site-packages/numpy/typing/tests/data/misc) by extensions ['ignore', 'ignore_ament_install']
[2.890s] Level 1:colcon.colcon_core.package_identification:_identify(venv/lib/python3.10/site-packages/numpy/typing/tests/data/misc) by extension 'ignore'
[2.890s] Level 1:colcon.colcon_core.package_identification:_identify(venv/lib/python3.10/site-packages/numpy/typing/tests/data/misc) by extension 'ignore_ament_install'
[2.890s] Level 1:colcon.colcon_core.package_identification:_identify(venv/lib/python3.10/site-packages/numpy/typing/tests/data/misc) by extensions ['colcon_pkg']
[2.890s] Level 1:colcon.colcon_core.package_identification:_identify(venv/lib/python3.10/site-packages/numpy/typing/tests/data/misc) by extension 'colcon_pkg'
[2.890s] Level 1:colcon.colcon_core.package_identification:_identify(venv/lib/python3.10/site-packages/numpy/typing/tests/data/misc) by extensions ['colcon_meta']
[2.890s] Level 1:colcon.colcon_core.package_identification:_identify(venv/lib/python3.10/site-packages/numpy/typing/tests/data/misc) by extension 'colcon_meta'
[2.890s] Level 1:colcon.colcon_core.package_identification:_identify(venv/lib/python3.10/site-packages/numpy/typing/tests/data/misc) by extensions ['ros']
[2.890s] Level 1:colcon.colcon_core.package_identification:_identify(venv/lib/python3.10/site-packages/numpy/typing/tests/data/misc) by extension 'ros'
[2.890s] Level 1:colcon.colcon_core.package_identification:_identify(venv/lib/python3.10/site-packages/numpy/typing/tests/data/misc) by extensions ['cmake', 'python']
[2.890s] Level 1:colcon.colcon_core.package_identification:_identify(venv/lib/python3.10/site-packages/numpy/typing/tests/data/misc) by extension 'cmake'
[2.890s] Level 1:colcon.colcon_core.package_identification:_identify(venv/lib/python3.10/site-packages/numpy/typing/tests/data/misc) by extension 'python'
[2.890s] Level 1:colcon.colcon_core.package_identification:_identify(venv/lib/python3.10/site-packages/numpy/typing/tests/data/misc) by extensions ['python_setup_py']
[2.890s] Level 1:colcon.colcon_core.package_identification:_identify(venv/lib/python3.10/site-packages/numpy/typing/tests/data/misc) by extension 'python_setup_py'
[2.890s] Level 1:colcon.colcon_core.package_identification:_identify(venv/lib/python3.10/site-packages/numpy/typing/tests/data/pass) by extensions ['ignore', 'ignore_ament_install']
[2.891s] Level 1:colcon.colcon_core.package_identification:_identify(venv/lib/python3.10/site-packages/numpy/typing/tests/data/pass) by extension 'ignore'
[2.891s] Level 1:colcon.colcon_core.package_identification:_identify(venv/lib/python3.10/site-packages/numpy/typing/tests/data/pass) by extension 'ignore_ament_install'
[2.891s] Level 1:colcon.colcon_core.package_identification:_identify(venv/lib/python3.10/site-packages/numpy/typing/tests/data/pass) by extensions ['colcon_pkg']
[2.891s] Level 1:colcon.colcon_core.package_identification:_identify(venv/lib/python3.10/site-packages/numpy/typing/tests/data/pass) by extension 'colcon_pkg'
[2.891s] Level 1:colcon.colcon_core.package_identification:_identify(venv/lib/python3.10/site-packages/numpy/typing/tests/data/pass) by extensions ['colcon_meta']
[2.891s] Level 1:colcon.colcon_core.package_identification:_identify(venv/lib/python3.10/site-packages/numpy/typing/tests/data/pass) by extension 'colcon_meta'
[2.891s] Level 1:colcon.colcon_core.package_identification:_identify(venv/lib/python3.10/site-packages/numpy/typing/tests/data/pass) by extensions ['ros']
[2.891s] Level 1:colcon.colcon_core.package_identification:_identify(venv/lib/python3.10/site-packages/numpy/typing/tests/data/pass) by extension 'ros'
[2.891s] Level 1:colcon.colcon_core.package_identification:_identify(venv/lib/python3.10/site-packages/numpy/typing/tests/data/pass) by extensions ['cmake', 'python']
[2.891s] Level 1:colcon.colcon_core.package_identification:_identify(venv/lib/python3.10/site-packages/numpy/typing/tests/data/pass) by extension 'cmake'
[2.891s] Level 1:colcon.colcon_core.package_identification:_identify(venv/lib/python3.10/site-packages/numpy/typing/tests/data/pass) by extension 'python'
[2.891s] Level 1:colcon.colcon_core.package_identification:_identify(venv/lib/python3.10/site-packages/numpy/typing/tests/data/pass) by extensions ['python_setup_py']
[2.891s] Level 1:colcon.colcon_core.package_identification:_identify(venv/lib/python3.10/site-packages/numpy/typing/tests/data/pass) by extension 'python_setup_py'
[2.891s] Level 1:colcon.colcon_core.package_identification:_identify(venv/lib/python3.10/site-packages/numpy/typing/tests/data/pass/__pycache__) by extensions ['ignore', 'ignore_ament_install']
[2.891s] Level 1:colcon.colcon_core.package_identification:_identify(venv/lib/python3.10/site-packages/numpy/typing/tests/data/pass/__pycache__) by extension 'ignore'
[2.891s] Level 1:colcon.colcon_core.package_identification:_identify(venv/lib/python3.10/site-packages/numpy/typing/tests/data/pass/__pycache__) by extension 'ignore_ament_install'
[2.891s] Level 1:colcon.colcon_core.package_identification:_identify(venv/lib/python3.10/site-packages/numpy/typing/tests/data/pass/__pycache__) by extensions ['colcon_pkg']
[2.891s] Level 1:colcon.colcon_core.package_identification:_identify(venv/lib/python3.10/site-packages/numpy/typing/tests/data/pass/__pycache__) by extension 'colcon_pkg'
[2.891s] Level 1:colcon.colcon_core.package_identification:_identify(venv/lib/python3.10/site-packages/numpy/typing/tests/data/pass/__pycache__) by extensions ['colcon_meta']
[2.891s] Level 1:colcon.colcon_core.package_identification:_identify(venv/lib/python3.10/site-packages/numpy/typing/tests/data/pass/__pycache__) by extension 'colcon_meta'
[2.891s] Level 1:colcon.colcon_core.package_identification:_identify(venv/lib/python3.10/site-packages/numpy/typing/tests/data/pass/__pycache__) by extensions ['ros']
[2.891s] Level 1:colcon.colcon_core.package_identification:_identify(venv/lib/python3.10/site-packages/numpy/typing/tests/data/pass/__pycache__) by extension 'ros'
[2.891s] Level 1:colcon.colcon_core.package_identification:_identify(venv/lib/python3.10/site-packages/numpy/typing/tests/data/pass/__pycache__) by extensions ['cmake', 'python']
[2.891s] Level 1:colcon.colcon_core.package_identification:_identify(venv/lib/python3.10/site-packages/numpy/typing/tests/data/pass/__pycache__) by extension 'cmake'
[2.891s] Level 1:colcon.colcon_core.package_identification:_identify(venv/lib/python3.10/site-packages/numpy/typing/tests/data/pass/__pycache__) by extension 'python'
[2.891s] Level 1:colcon.colcon_core.package_identification:_identify(venv/lib/python3.10/site-packages/numpy/typing/tests/data/pass/__pycache__) by extensions ['python_setup_py']
[2.891s] Level 1:colcon.colcon_core.package_identification:_identify(venv/lib/python3.10/site-packages/numpy/typing/tests/data/pass/__pycache__) by extension 'python_setup_py'
[2.892s] Level 1:colcon.colcon_core.package_identification:_identify(venv/lib/python3.10/site-packages/numpy/typing/tests/data/reveal) by extensions ['ignore', 'ignore_ament_install']
[2.892s] Level 1:colcon.colcon_core.package_identification:_identify(venv/lib/python3.10/site-packages/numpy/typing/tests/data/reveal) by extension 'ignore'
[2.892s] Level 1:colcon.colcon_core.package_identification:_identify(venv/lib/python3.10/site-packages/numpy/typing/tests/data/reveal) by extension 'ignore_ament_install'
[2.892s] Level 1:colcon.colcon_core.package_identification:_identify(venv/lib/python3.10/site-packages/numpy/typing/tests/data/reveal) by extensions ['colcon_pkg']
[2.892s] Level 1:colcon.colcon_core.package_identification:_identify(venv/lib/python3.10/site-packages/numpy/typing/tests/data/reveal) by extension 'colcon_pkg'
[2.892s] Level 1:colcon.colcon_core.package_identification:_identify(venv/lib/python3.10/site-packages/numpy/typing/tests/data/reveal) by extensions ['colcon_meta']
[2.892s] Level 1:colcon.colcon_core.package_identification:_identify(venv/lib/python3.10/site-packages/numpy/typing/tests/data/reveal) by extension 'colcon_meta'
[2.892s] Level 1:colcon.colcon_core.package_identification:_identify(venv/lib/python3.10/site-packages/numpy/typing/tests/data/reveal) by extensions ['ros']
[2.892s] Level 1:colcon.colcon_core.package_identification:_identify(venv/lib/python3.10/site-packages/numpy/typing/tests/data/reveal) by extension 'ros'
[2.892s] Level 1:colcon.colcon_core.package_identification:_identify(venv/lib/python3.10/site-packages/numpy/typing/tests/data/reveal) by extensions ['cmake', 'python']
[2.892s] Level 1:colcon.colcon_core.package_identification:_identify(venv/lib/python3.10/site-packages/numpy/typing/tests/data/reveal) by extension 'cmake'
[2.892s] Level 1:colcon.colcon_core.package_identification:_identify(venv/lib/python3.10/site-packages/numpy/typing/tests/data/reveal) by extension 'python'
[2.892s] Level 1:colcon.colcon_core.package_identification:_identify(venv/lib/python3.10/site-packages/numpy/typing/tests/data/reveal) by extensions ['python_setup_py']
[2.892s] Level 1:colcon.colcon_core.package_identification:_identify(venv/lib/python3.10/site-packages/numpy/typing/tests/data/reveal) by extension 'python_setup_py'
[2.892s] Level 1:colcon.colcon_core.package_identification:_identify(venv/lib/python3.10/site-packages/numpy-1.26.4.dist-info) by extensions ['ignore', 'ignore_ament_install']
[2.892s] Level 1:colcon.colcon_core.package_identification:_identify(venv/lib/python3.10/site-packages/numpy-1.26.4.dist-info) by extension 'ignore'
[2.892s] Level 1:colcon.colcon_core.package_identification:_identify(venv/lib/python3.10/site-packages/numpy-1.26.4.dist-info) by extension 'ignore_ament_install'
[2.892s] Level 1:colcon.colcon_core.package_identification:_identify(venv/lib/python3.10/site-packages/numpy-1.26.4.dist-info) by extensions ['colcon_pkg']
[2.892s] Level 1:colcon.colcon_core.package_identification:_identify(venv/lib/python3.10/site-packages/numpy-1.26.4.dist-info) by extension 'colcon_pkg'
[2.892s] Level 1:colcon.colcon_core.package_identification:_identify(venv/lib/python3.10/site-packages/numpy-1.26.4.dist-info) by extensions ['colcon_meta']
[2.892s] Level 1:colcon.colcon_core.package_identification:_identify(venv/lib/python3.10/site-packages/numpy-1.26.4.dist-info) by extension 'colcon_meta'
[2.892s] Level 1:colcon.colcon_core.package_identification:_identify(venv/lib/python3.10/site-packages/numpy-1.26.4.dist-info) by extensions ['ros']
[2.892s] Level 1:colcon.colcon_core.package_identification:_identify(venv/lib/python3.10/site-packages/numpy-1.26.4.dist-info) by extension 'ros'
[2.892s] Level 1:colcon.colcon_core.package_identification:_identify(venv/lib/python3.10/site-packages/numpy-1.26.4.dist-info) by extensions ['cmake', 'python']
[2.892s] Level 1:colcon.colcon_core.package_identification:_identify(venv/lib/python3.10/site-packages/numpy-1.26.4.dist-info) by extension 'cmake'
[2.892s] Level 1:colcon.colcon_core.package_identification:_identify(venv/lib/python3.10/site-packages/numpy-1.26.4.dist-info) by extension 'python'
[2.892s] Level 1:colcon.colcon_core.package_identification:_identify(venv/lib/python3.10/site-packages/numpy-1.26.4.dist-info) by extensions ['python_setup_py']
[2.892s] Level 1:colcon.colcon_core.package_identification:_identify(venv/lib/python3.10/site-packages/numpy-1.26.4.dist-info) by extension 'python_setup_py'
[2.892s] Level 1:colcon.colcon_core.package_identification:_identify(venv/lib/python3.10/site-packages/numpy.libs) by extensions ['ignore', 'ignore_ament_install']
[2.892s] Level 1:colcon.colcon_core.package_identification:_identify(venv/lib/python3.10/site-packages/numpy.libs) by extension 'ignore'
[2.893s] Level 1:colcon.colcon_core.package_identification:_identify(venv/lib/python3.10/site-packages/numpy.libs) by extension 'ignore_ament_install'
[2.893s] Level 1:colcon.colcon_core.package_identification:_identify(venv/lib/python3.10/site-packages/numpy.libs) by extensions ['colcon_pkg']
[2.893s] Level 1:colcon.colcon_core.package_identification:_identify(venv/lib/python3.10/site-packages/numpy.libs) by extension 'colcon_pkg'
[2.893s] Level 1:colcon.colcon_core.package_identification:_identify(venv/lib/python3.10/site-packages/numpy.libs) by extensions ['colcon_meta']
[2.893s] Level 1:colcon.colcon_core.package_identification:_identify(venv/lib/python3.10/site-packages/numpy.libs) by extension 'colcon_meta'
[2.893s] Level 1:colcon.colcon_core.package_identification:_identify(venv/lib/python3.10/site-packages/numpy.libs) by extensions ['ros']
[2.893s] Level 1:colcon.colcon_core.package_identification:_identify(venv/lib/python3.10/site-packages/numpy.libs) by extension 'ros'
[2.893s] Level 1:colcon.colcon_core.package_identification:_identify(venv/lib/python3.10/site-packages/numpy.libs) by extensions ['cmake', 'python']
[2.893s] Level 1:colcon.colcon_core.package_identification:_identify(venv/lib/python3.10/site-packages/numpy.libs) by extension 'cmake'
[2.893s] Level 1:colcon.colcon_core.package_identification:_identify(venv/lib/python3.10/site-packages/numpy.libs) by extension 'python'
[2.893s] Level 1:colcon.colcon_core.package_identification:_identify(venv/lib/python3.10/site-packages/numpy.libs) by extensions ['python_setup_py']
[2.893s] Level 1:colcon.colcon_core.package_identification:_identify(venv/lib/python3.10/site-packages/numpy.libs) by extension 'python_setup_py'
[2.893s] Level 1:colcon.colcon_core.package_identification:_identify(venv/lib/python3.10/site-packages/opencv_python-4.9.0.80.dist-info) by extensions ['ignore', 'ignore_ament_install']
[2.893s] Level 1:colcon.colcon_core.package_identification:_identify(venv/lib/python3.10/site-packages/opencv_python-4.9.0.80.dist-info) by extension 'ignore'
[2.893s] Level 1:colcon.colcon_core.package_identification:_identify(venv/lib/python3.10/site-packages/opencv_python-4.9.0.80.dist-info) by extension 'ignore_ament_install'
[2.893s] Level 1:colcon.colcon_core.package_identification:_identify(venv/lib/python3.10/site-packages/opencv_python-4.9.0.80.dist-info) by extensions ['colcon_pkg']
[2.893s] Level 1:colcon.colcon_core.package_identification:_identify(venv/lib/python3.10/site-packages/opencv_python-4.9.0.80.dist-info) by extension 'colcon_pkg'
[2.893s] Level 1:colcon.colcon_core.package_identification:_identify(venv/lib/python3.10/site-packages/opencv_python-4.9.0.80.dist-info) by extensions ['colcon_meta']
[2.893s] Level 1:colcon.colcon_core.package_identification:_identify(venv/lib/python3.10/site-packages/opencv_python-4.9.0.80.dist-info) by extension 'colcon_meta'
[2.893s] Level 1:colcon.colcon_core.package_identification:_identify(venv/lib/python3.10/site-packages/opencv_python-4.9.0.80.dist-info) by extensions ['ros']
[2.893s] Level 1:colcon.colcon_core.package_identification:_identify(venv/lib/python3.10/site-packages/opencv_python-4.9.0.80.dist-info) by extension 'ros'
[2.893s] Level 1:colcon.colcon_core.package_identification:_identify(venv/lib/python3.10/site-packages/opencv_python-4.9.0.80.dist-info) by extensions ['cmake', 'python']
[2.893s] Level 1:colcon.colcon_core.package_identification:_identify(venv/lib/python3.10/site-packages/opencv_python-4.9.0.80.dist-info) by extension 'cmake'
[2.893s] Level 1:colcon.colcon_core.package_identification:_identify(venv/lib/python3.10/site-packages/opencv_python-4.9.0.80.dist-info) by extension 'python'
[2.893s] Level 1:colcon.colcon_core.package_identification:_identify(venv/lib/python3.10/site-packages/opencv_python-4.9.0.80.dist-info) by extensions ['python_setup_py']
[2.894s] Level 1:colcon.colcon_core.package_identification:_identify(venv/lib/python3.10/site-packages/opencv_python-4.9.0.80.dist-info) by extension 'python_setup_py'
[2.894s] Level 1:colcon.colcon_core.package_identification:_identify(venv/lib/python3.10/site-packages/opencv_python.libs) by extensions ['ignore', 'ignore_ament_install']
[2.894s] Level 1:colcon.colcon_core.package_identification:_identify(venv/lib/python3.10/site-packages/opencv_python.libs) by extension 'ignore'
[2.894s] Level 1:colcon.colcon_core.package_identification:_identify(venv/lib/python3.10/site-packages/opencv_python.libs) by extension 'ignore_ament_install'
[2.894s] Level 1:colcon.colcon_core.package_identification:_identify(venv/lib/python3.10/site-packages/opencv_python.libs) by extensions ['colcon_pkg']
[2.894s] Level 1:colcon.colcon_core.package_identification:_identify(venv/lib/python3.10/site-packages/opencv_python.libs) by extension 'colcon_pkg'
[2.894s] Level 1:colcon.colcon_core.package_identification:_identify(venv/lib/python3.10/site-packages/opencv_python.libs) by extensions ['colcon_meta']
[2.894s] Level 1:colcon.colcon_core.package_identification:_identify(venv/lib/python3.10/site-packages/opencv_python.libs) by extension 'colcon_meta'
[2.894s] Level 1:colcon.colcon_core.package_identification:_identify(venv/lib/python3.10/site-packages/opencv_python.libs) by extensions ['ros']
[2.894s] Level 1:colcon.colcon_core.package_identification:_identify(venv/lib/python3.10/site-packages/opencv_python.libs) by extension 'ros'
[2.894s] Level 1:colcon.colcon_core.package_identification:_identify(venv/lib/python3.10/site-packages/opencv_python.libs) by extensions ['cmake', 'python']
[2.894s] Level 1:colcon.colcon_core.package_identification:_identify(venv/lib/python3.10/site-packages/opencv_python.libs) by extension 'cmake'
[2.894s] Level 1:colcon.colcon_core.package_identification:_identify(venv/lib/python3.10/site-packages/opencv_python.libs) by extension 'python'
[2.894s] Level 1:colcon.colcon_core.package_identification:_identify(venv/lib/python3.10/site-packages/opencv_python.libs) by extensions ['python_setup_py']
[2.894s] Level 1:colcon.colcon_core.package_identification:_identify(venv/lib/python3.10/site-packages/opencv_python.libs) by extension 'python_setup_py'
[2.894s] Level 1:colcon.colcon_core.package_identification:_identify(venv/lib/python3.10/site-packages/pip) by extensions ['ignore', 'ignore_ament_install']
[2.894s] Level 1:colcon.colcon_core.package_identification:_identify(venv/lib/python3.10/site-packages/pip) by extension 'ignore'
[2.894s] Level 1:colcon.colcon_core.package_identification:_identify(venv/lib/python3.10/site-packages/pip) by extension 'ignore_ament_install'
[2.895s] Level 1:colcon.colcon_core.package_identification:_identify(venv/lib/python3.10/site-packages/pip) by extensions ['colcon_pkg']
[2.895s] Level 1:colcon.colcon_core.package_identification:_identify(venv/lib/python3.10/site-packages/pip) by extension 'colcon_pkg'
[2.895s] Level 1:colcon.colcon_core.package_identification:_identify(venv/lib/python3.10/site-packages/pip) by extensions ['colcon_meta']
[2.895s] Level 1:colcon.colcon_core.package_identification:_identify(venv/lib/python3.10/site-packages/pip) by extension 'colcon_meta'
[2.895s] Level 1:colcon.colcon_core.package_identification:_identify(venv/lib/python3.10/site-packages/pip) by extensions ['ros']
[2.895s] Level 1:colcon.colcon_core.package_identification:_identify(venv/lib/python3.10/site-packages/pip) by extension 'ros'
[2.895s] Level 1:colcon.colcon_core.package_identification:_identify(venv/lib/python3.10/site-packages/pip) by extensions ['cmake', 'python']
[2.895s] Level 1:colcon.colcon_core.package_identification:_identify(venv/lib/python3.10/site-packages/pip) by extension 'cmake'
[2.895s] Level 1:colcon.colcon_core.package_identification:_identify(venv/lib/python3.10/site-packages/pip) by extension 'python'
[2.895s] Level 1:colcon.colcon_core.package_identification:_identify(venv/lib/python3.10/site-packages/pip) by extensions ['python_setup_py']
[2.895s] Level 1:colcon.colcon_core.package_identification:_identify(venv/lib/python3.10/site-packages/pip) by extension 'python_setup_py'
[2.895s] Level 1:colcon.colcon_core.package_identification:_identify(venv/lib/python3.10/site-packages/pip/__pycache__) by extensions ['ignore', 'ignore_ament_install']
[2.895s] Level 1:colcon.colcon_core.package_identification:_identify(venv/lib/python3.10/site-packages/pip/__pycache__) by extension 'ignore'
[2.895s] Level 1:colcon.colcon_core.package_identification:_identify(venv/lib/python3.10/site-packages/pip/__pycache__) by extension 'ignore_ament_install'
[2.895s] Level 1:colcon.colcon_core.package_identification:_identify(venv/lib/python3.10/site-packages/pip/__pycache__) by extensions ['colcon_pkg']
[2.895s] Level 1:colcon.colcon_core.package_identification:_identify(venv/lib/python3.10/site-packages/pip/__pycache__) by extension 'colcon_pkg'
[2.895s] Level 1:colcon.colcon_core.package_identification:_identify(venv/lib/python3.10/site-packages/pip/__pycache__) by extensions ['colcon_meta']
[2.895s] Level 1:colcon.colcon_core.package_identification:_identify(venv/lib/python3.10/site-packages/pip/__pycache__) by extension 'colcon_meta'
[2.895s] Level 1:colcon.colcon_core.package_identification:_identify(venv/lib/python3.10/site-packages/pip/__pycache__) by extensions ['ros']
[2.895s] Level 1:colcon.colcon_core.package_identification:_identify(venv/lib/python3.10/site-packages/pip/__pycache__) by extension 'ros'
[2.895s] Level 1:colcon.colcon_core.package_identification:_identify(venv/lib/python3.10/site-packages/pip/__pycache__) by extensions ['cmake', 'python']
[2.896s] Level 1:colcon.colcon_core.package_identification:_identify(venv/lib/python3.10/site-packages/pip/__pycache__) by extension 'cmake'
[2.896s] Level 1:colcon.colcon_core.package_identification:_identify(venv/lib/python3.10/site-packages/pip/__pycache__) by extension 'python'
[2.896s] Level 1:colcon.colcon_core.package_identification:_identify(venv/lib/python3.10/site-packages/pip/__pycache__) by extensions ['python_setup_py']
[2.896s] Level 1:colcon.colcon_core.package_identification:_identify(venv/lib/python3.10/site-packages/pip/__pycache__) by extension 'python_setup_py'
[2.896s] Level 1:colcon.colcon_core.package_identification:_identify(venv/lib/python3.10/site-packages/pip/_internal) by extensions ['ignore', 'ignore_ament_install']
[2.896s] Level 1:colcon.colcon_core.package_identification:_identify(venv/lib/python3.10/site-packages/pip/_internal) by extension 'ignore'
[2.896s] Level 1:colcon.colcon_core.package_identification:_identify(venv/lib/python3.10/site-packages/pip/_internal) by extension 'ignore_ament_install'
[2.896s] Level 1:colcon.colcon_core.package_identification:_identify(venv/lib/python3.10/site-packages/pip/_internal) by extensions ['colcon_pkg']
[2.896s] Level 1:colcon.colcon_core.package_identification:_identify(venv/lib/python3.10/site-packages/pip/_internal) by extension 'colcon_pkg'
[2.896s] Level 1:colcon.colcon_core.package_identification:_identify(venv/lib/python3.10/site-packages/pip/_internal) by extensions ['colcon_meta']
[2.896s] Level 1:colcon.colcon_core.package_identification:_identify(venv/lib/python3.10/site-packages/pip/_internal) by extension 'colcon_meta'
[2.896s] Level 1:colcon.colcon_core.package_identification:_identify(venv/lib/python3.10/site-packages/pip/_internal) by extensions ['ros']
[2.896s] Level 1:colcon.colcon_core.package_identification:_identify(venv/lib/python3.10/site-packages/pip/_internal) by extension 'ros'
[2.896s] Level 1:colcon.colcon_core.package_identification:_identify(venv/lib/python3.10/site-packages/pip/_internal) by extensions ['cmake', 'python']
[2.896s] Level 1:colcon.colcon_core.package_identification:_identify(venv/lib/python3.10/site-packages/pip/_internal) by extension 'cmake'
[2.896s] Level 1:colcon.colcon_core.package_identification:_identify(venv/lib/python3.10/site-packages/pip/_internal) by extension 'python'
[2.896s] Level 1:colcon.colcon_core.package_identification:_identify(venv/lib/python3.10/site-packages/pip/_internal) by extensions ['python_setup_py']
[2.896s] Level 1:colcon.colcon_core.package_identification:_identify(venv/lib/python3.10/site-packages/pip/_internal) by extension 'python_setup_py'
[2.896s] Level 1:colcon.colcon_core.package_identification:_identify(venv/lib/python3.10/site-packages/pip/_internal/__pycache__) by extensions ['ignore', 'ignore_ament_install']
[2.896s] Level 1:colcon.colcon_core.package_identification:_identify(venv/lib/python3.10/site-packages/pip/_internal/__pycache__) by extension 'ignore'
[2.896s] Level 1:colcon.colcon_core.package_identification:_identify(venv/lib/python3.10/site-packages/pip/_internal/__pycache__) by extension 'ignore_ament_install'
[2.896s] Level 1:colcon.colcon_core.package_identification:_identify(venv/lib/python3.10/site-packages/pip/_internal/__pycache__) by extensions ['colcon_pkg']
[2.896s] Level 1:colcon.colcon_core.package_identification:_identify(venv/lib/python3.10/site-packages/pip/_internal/__pycache__) by extension 'colcon_pkg'
[2.897s] Level 1:colcon.colcon_core.package_identification:_identify(venv/lib/python3.10/site-packages/pip/_internal/__pycache__) by extensions ['colcon_meta']
[2.897s] Level 1:colcon.colcon_core.package_identification:_identify(venv/lib/python3.10/site-packages/pip/_internal/__pycache__) by extension 'colcon_meta'
[2.897s] Level 1:colcon.colcon_core.package_identification:_identify(venv/lib/python3.10/site-packages/pip/_internal/__pycache__) by extensions ['ros']
[2.897s] Level 1:colcon.colcon_core.package_identification:_identify(venv/lib/python3.10/site-packages/pip/_internal/__pycache__) by extension 'ros'
[2.897s] Level 1:colcon.colcon_core.package_identification:_identify(venv/lib/python3.10/site-packages/pip/_internal/__pycache__) by extensions ['cmake', 'python']
[2.897s] Level 1:colcon.colcon_core.package_identification:_identify(venv/lib/python3.10/site-packages/pip/_internal/__pycache__) by extension 'cmake'
[2.897s] Level 1:colcon.colcon_core.package_identification:_identify(venv/lib/python3.10/site-packages/pip/_internal/__pycache__) by extension 'python'
[2.897s] Level 1:colcon.colcon_core.package_identification:_identify(venv/lib/python3.10/site-packages/pip/_internal/__pycache__) by extensions ['python_setup_py']
[2.897s] Level 1:colcon.colcon_core.package_identification:_identify(venv/lib/python3.10/site-packages/pip/_internal/__pycache__) by extension 'python_setup_py'
[2.897s] Level 1:colcon.colcon_core.package_identification:_identify(venv/lib/python3.10/site-packages/pip/_internal/cli) by extensions ['ignore', 'ignore_ament_install']
[2.897s] Level 1:colcon.colcon_core.package_identification:_identify(venv/lib/python3.10/site-packages/pip/_internal/cli) by extension 'ignore'
[2.897s] Level 1:colcon.colcon_core.package_identification:_identify(venv/lib/python3.10/site-packages/pip/_internal/cli) by extension 'ignore_ament_install'
[2.897s] Level 1:colcon.colcon_core.package_identification:_identify(venv/lib/python3.10/site-packages/pip/_internal/cli) by extensions ['colcon_pkg']
[2.897s] Level 1:colcon.colcon_core.package_identification:_identify(venv/lib/python3.10/site-packages/pip/_internal/cli) by extension 'colcon_pkg'
[2.897s] Level 1:colcon.colcon_core.package_identification:_identify(venv/lib/python3.10/site-packages/pip/_internal/cli) by extensions ['colcon_meta']
[2.897s] Level 1:colcon.colcon_core.package_identification:_identify(venv/lib/python3.10/site-packages/pip/_internal/cli) by extension 'colcon_meta'
[2.897s] Level 1:colcon.colcon_core.package_identification:_identify(venv/lib/python3.10/site-packages/pip/_internal/cli) by extensions ['ros']
[2.897s] Level 1:colcon.colcon_core.package_identification:_identify(venv/lib/python3.10/site-packages/pip/_internal/cli) by extension 'ros'
[2.897s] Level 1:colcon.colcon_core.package_identification:_identify(venv/lib/python3.10/site-packages/pip/_internal/cli) by extensions ['cmake', 'python']
[2.897s] Level 1:colcon.colcon_core.package_identification:_identify(venv/lib/python3.10/site-packages/pip/_internal/cli) by extension 'cmake'
[2.897s] Level 1:colcon.colcon_core.package_identification:_identify(venv/lib/python3.10/site-packages/pip/_internal/cli) by extension 'python'
[2.897s] Level 1:colcon.colcon_core.package_identification:_identify(venv/lib/python3.10/site-packages/pip/_internal/cli) by extensions ['python_setup_py']
[2.897s] Level 1:colcon.colcon_core.package_identification:_identify(venv/lib/python3.10/site-packages/pip/_internal/cli) by extension 'python_setup_py'
[2.898s] Level 1:colcon.colcon_core.package_identification:_identify(venv/lib/python3.10/site-packages/pip/_internal/cli/__pycache__) by extensions ['ignore', 'ignore_ament_install']
[2.898s] Level 1:colcon.colcon_core.package_identification:_identify(venv/lib/python3.10/site-packages/pip/_internal/cli/__pycache__) by extension 'ignore'
[2.898s] Level 1:colcon.colcon_core.package_identification:_identify(venv/lib/python3.10/site-packages/pip/_internal/cli/__pycache__) by extension 'ignore_ament_install'
[2.898s] Level 1:colcon.colcon_core.package_identification:_identify(venv/lib/python3.10/site-packages/pip/_internal/cli/__pycache__) by extensions ['colcon_pkg']
[2.898s] Level 1:colcon.colcon_core.package_identification:_identify(venv/lib/python3.10/site-packages/pip/_internal/cli/__pycache__) by extension 'colcon_pkg'
[2.898s] Level 1:colcon.colcon_core.package_identification:_identify(venv/lib/python3.10/site-packages/pip/_internal/cli/__pycache__) by extensions ['colcon_meta']
[2.898s] Level 1:colcon.colcon_core.package_identification:_identify(venv/lib/python3.10/site-packages/pip/_internal/cli/__pycache__) by extension 'colcon_meta'
[2.898s] Level 1:colcon.colcon_core.package_identification:_identify(venv/lib/python3.10/site-packages/pip/_internal/cli/__pycache__) by extensions ['ros']
[2.898s] Level 1:colcon.colcon_core.package_identification:_identify(venv/lib/python3.10/site-packages/pip/_internal/cli/__pycache__) by extension 'ros'
[2.898s] Level 1:colcon.colcon_core.package_identification:_identify(venv/lib/python3.10/site-packages/pip/_internal/cli/__pycache__) by extensions ['cmake', 'python']
[2.898s] Level 1:colcon.colcon_core.package_identification:_identify(venv/lib/python3.10/site-packages/pip/_internal/cli/__pycache__) by extension 'cmake'
[2.898s] Level 1:colcon.colcon_core.package_identification:_identify(venv/lib/python3.10/site-packages/pip/_internal/cli/__pycache__) by extension 'python'
[2.898s] Level 1:colcon.colcon_core.package_identification:_identify(venv/lib/python3.10/site-packages/pip/_internal/cli/__pycache__) by extensions ['python_setup_py']
[2.898s] Level 1:colcon.colcon_core.package_identification:_identify(venv/lib/python3.10/site-packages/pip/_internal/cli/__pycache__) by extension 'python_setup_py'
[2.898s] Level 1:colcon.colcon_core.package_identification:_identify(venv/lib/python3.10/site-packages/pip/_internal/commands) by extensions ['ignore', 'ignore_ament_install']
[2.898s] Level 1:colcon.colcon_core.package_identification:_identify(venv/lib/python3.10/site-packages/pip/_internal/commands) by extension 'ignore'
[2.898s] Level 1:colcon.colcon_core.package_identification:_identify(venv/lib/python3.10/site-packages/pip/_internal/commands) by extension 'ignore_ament_install'
[2.898s] Level 1:colcon.colcon_core.package_identification:_identify(venv/lib/python3.10/site-packages/pip/_internal/commands) by extensions ['colcon_pkg']
[2.898s] Level 1:colcon.colcon_core.package_identification:_identify(venv/lib/python3.10/site-packages/pip/_internal/commands) by extension 'colcon_pkg'
[2.898s] Level 1:colcon.colcon_core.package_identification:_identify(venv/lib/python3.10/site-packages/pip/_internal/commands) by extensions ['colcon_meta']
[2.898s] Level 1:colcon.colcon_core.package_identification:_identify(venv/lib/python3.10/site-packages/pip/_internal/commands) by extension 'colcon_meta'
[2.898s] Level 1:colcon.colcon_core.package_identification:_identify(venv/lib/python3.10/site-packages/pip/_internal/commands) by extensions ['ros']
[2.898s] Level 1:colcon.colcon_core.package_identification:_identify(venv/lib/python3.10/site-packages/pip/_internal/commands) by extension 'ros'
[2.898s] Level 1:colcon.colcon_core.package_identification:_identify(venv/lib/python3.10/site-packages/pip/_internal/commands) by extensions ['cmake', 'python']
[2.898s] Level 1:colcon.colcon_core.package_identification:_identify(venv/lib/python3.10/site-packages/pip/_internal/commands) by extension 'cmake'
[2.898s] Level 1:colcon.colcon_core.package_identification:_identify(venv/lib/python3.10/site-packages/pip/_internal/commands) by extension 'python'
[2.898s] Level 1:colcon.colcon_core.package_identification:_identify(venv/lib/python3.10/site-packages/pip/_internal/commands) by extensions ['python_setup_py']
[2.898s] Level 1:colcon.colcon_core.package_identification:_identify(venv/lib/python3.10/site-packages/pip/_internal/commands) by extension 'python_setup_py'
[2.898s] Level 1:colcon.colcon_core.package_identification:_identify(venv/lib/python3.10/site-packages/pip/_internal/commands/__pycache__) by extensions ['ignore', 'ignore_ament_install']
[2.899s] Level 1:colcon.colcon_core.package_identification:_identify(venv/lib/python3.10/site-packages/pip/_internal/commands/__pycache__) by extension 'ignore'
[2.899s] Level 1:colcon.colcon_core.package_identification:_identify(venv/lib/python3.10/site-packages/pip/_internal/commands/__pycache__) by extension 'ignore_ament_install'
[2.899s] Level 1:colcon.colcon_core.package_identification:_identify(venv/lib/python3.10/site-packages/pip/_internal/commands/__pycache__) by extensions ['colcon_pkg']
[2.899s] Level 1:colcon.colcon_core.package_identification:_identify(venv/lib/python3.10/site-packages/pip/_internal/commands/__pycache__) by extension 'colcon_pkg'
[2.899s] Level 1:colcon.colcon_core.package_identification:_identify(venv/lib/python3.10/site-packages/pip/_internal/commands/__pycache__) by extensions ['colcon_meta']
[2.899s] Level 1:colcon.colcon_core.package_identification:_identify(venv/lib/python3.10/site-packages/pip/_internal/commands/__pycache__) by extension 'colcon_meta'
[2.899s] Level 1:colcon.colcon_core.package_identification:_identify(venv/lib/python3.10/site-packages/pip/_internal/commands/__pycache__) by extensions ['ros']
[2.899s] Level 1:colcon.colcon_core.package_identification:_identify(venv/lib/python3.10/site-packages/pip/_internal/commands/__pycache__) by extension 'ros'
[2.899s] Level 1:colcon.colcon_core.package_identification:_identify(venv/lib/python3.10/site-packages/pip/_internal/commands/__pycache__) by extensions ['cmake', 'python']
[2.899s] Level 1:colcon.colcon_core.package_identification:_identify(venv/lib/python3.10/site-packages/pip/_internal/commands/__pycache__) by extension 'cmake'
[2.899s] Level 1:colcon.colcon_core.package_identification:_identify(venv/lib/python3.10/site-packages/pip/_internal/commands/__pycache__) by extension 'python'
[2.899s] Level 1:colcon.colcon_core.package_identification:_identify(venv/lib/python3.10/site-packages/pip/_internal/commands/__pycache__) by extensions ['python_setup_py']
[2.899s] Level 1:colcon.colcon_core.package_identification:_identify(venv/lib/python3.10/site-packages/pip/_internal/commands/__pycache__) by extension 'python_setup_py'
[2.899s] Level 1:colcon.colcon_core.package_identification:_identify(venv/lib/python3.10/site-packages/pip/_internal/distributions) by extensions ['ignore', 'ignore_ament_install']
[2.899s] Level 1:colcon.colcon_core.package_identification:_identify(venv/lib/python3.10/site-packages/pip/_internal/distributions) by extension 'ignore'
[2.899s] Level 1:colcon.colcon_core.package_identification:_identify(venv/lib/python3.10/site-packages/pip/_internal/distributions) by extension 'ignore_ament_install'
[2.899s] Level 1:colcon.colcon_core.package_identification:_identify(venv/lib/python3.10/site-packages/pip/_internal/distributions) by extensions ['colcon_pkg']
[2.899s] Level 1:colcon.colcon_core.package_identification:_identify(venv/lib/python3.10/site-packages/pip/_internal/distributions) by extension 'colcon_pkg'
[2.899s] Level 1:colcon.colcon_core.package_identification:_identify(venv/lib/python3.10/site-packages/pip/_internal/distributions) by extensions ['colcon_meta']
[2.899s] Level 1:colcon.colcon_core.package_identification:_identify(venv/lib/python3.10/site-packages/pip/_internal/distributions) by extension 'colcon_meta'
[2.899s] Level 1:colcon.colcon_core.package_identification:_identify(venv/lib/python3.10/site-packages/pip/_internal/distributions) by extensions ['ros']
[2.899s] Level 1:colcon.colcon_core.package_identification:_identify(venv/lib/python3.10/site-packages/pip/_internal/distributions) by extension 'ros'
[2.899s] Level 1:colcon.colcon_core.package_identification:_identify(venv/lib/python3.10/site-packages/pip/_internal/distributions) by extensions ['cmake', 'python']
[2.899s] Level 1:colcon.colcon_core.package_identification:_identify(venv/lib/python3.10/site-packages/pip/_internal/distributions) by extension 'cmake'
[2.899s] Level 1:colcon.colcon_core.package_identification:_identify(venv/lib/python3.10/site-packages/pip/_internal/distributions) by extension 'python'
[2.899s] Level 1:colcon.colcon_core.package_identification:_identify(venv/lib/python3.10/site-packages/pip/_internal/distributions) by extensions ['python_setup_py']
[2.899s] Level 1:colcon.colcon_core.package_identification:_identify(venv/lib/python3.10/site-packages/pip/_internal/distributions) by extension 'python_setup_py'
[2.899s] Level 1:colcon.colcon_core.package_identification:_identify(venv/lib/python3.10/site-packages/pip/_internal/distributions/__pycache__) by extensions ['ignore', 'ignore_ament_install']
[2.900s] Level 1:colcon.colcon_core.package_identification:_identify(venv/lib/python3.10/site-packages/pip/_internal/distributions/__pycache__) by extension 'ignore'
[2.900s] Level 1:colcon.colcon_core.package_identification:_identify(venv/lib/python3.10/site-packages/pip/_internal/distributions/__pycache__) by extension 'ignore_ament_install'
[2.900s] Level 1:colcon.colcon_core.package_identification:_identify(venv/lib/python3.10/site-packages/pip/_internal/distributions/__pycache__) by extensions ['colcon_pkg']
[2.900s] Level 1:colcon.colcon_core.package_identification:_identify(venv/lib/python3.10/site-packages/pip/_internal/distributions/__pycache__) by extension 'colcon_pkg'
[2.900s] Level 1:colcon.colcon_core.package_identification:_identify(venv/lib/python3.10/site-packages/pip/_internal/distributions/__pycache__) by extensions ['colcon_meta']
[2.900s] Level 1:colcon.colcon_core.package_identification:_identify(venv/lib/python3.10/site-packages/pip/_internal/distributions/__pycache__) by extension 'colcon_meta'
[2.900s] Level 1:colcon.colcon_core.package_identification:_identify(venv/lib/python3.10/site-packages/pip/_internal/distributions/__pycache__) by extensions ['ros']
[2.900s] Level 1:colcon.colcon_core.package_identification:_identify(venv/lib/python3.10/site-packages/pip/_internal/distributions/__pycache__) by extension 'ros'
[2.900s] Level 1:colcon.colcon_core.package_identification:_identify(venv/lib/python3.10/site-packages/pip/_internal/distributions/__pycache__) by extensions ['cmake', 'python']
[2.900s] Level 1:colcon.colcon_core.package_identification:_identify(venv/lib/python3.10/site-packages/pip/_internal/distributions/__pycache__) by extension 'cmake'
[2.900s] Level 1:colcon.colcon_core.package_identification:_identify(venv/lib/python3.10/site-packages/pip/_internal/distributions/__pycache__) by extension 'python'
[2.900s] Level 1:colcon.colcon_core.package_identification:_identify(venv/lib/python3.10/site-packages/pip/_internal/distributions/__pycache__) by extensions ['python_setup_py']
[2.900s] Level 1:colcon.colcon_core.package_identification:_identify(venv/lib/python3.10/site-packages/pip/_internal/distributions/__pycache__) by extension 'python_setup_py'
[2.900s] Level 1:colcon.colcon_core.package_identification:_identify(venv/lib/python3.10/site-packages/pip/_internal/index) by extensions ['ignore', 'ignore_ament_install']
[2.900s] Level 1:colcon.colcon_core.package_identification:_identify(venv/lib/python3.10/site-packages/pip/_internal/index) by extension 'ignore'
[2.900s] Level 1:colcon.colcon_core.package_identification:_identify(venv/lib/python3.10/site-packages/pip/_internal/index) by extension 'ignore_ament_install'
[2.900s] Level 1:colcon.colcon_core.package_identification:_identify(venv/lib/python3.10/site-packages/pip/_internal/index) by extensions ['colcon_pkg']
[2.900s] Level 1:colcon.colcon_core.package_identification:_identify(venv/lib/python3.10/site-packages/pip/_internal/index) by extension 'colcon_pkg'
[2.900s] Level 1:colcon.colcon_core.package_identification:_identify(venv/lib/python3.10/site-packages/pip/_internal/index) by extensions ['colcon_meta']
[2.900s] Level 1:colcon.colcon_core.package_identification:_identify(venv/lib/python3.10/site-packages/pip/_internal/index) by extension 'colcon_meta'
[2.900s] Level 1:colcon.colcon_core.package_identification:_identify(venv/lib/python3.10/site-packages/pip/_internal/index) by extensions ['ros']
[2.900s] Level 1:colcon.colcon_core.package_identification:_identify(venv/lib/python3.10/site-packages/pip/_internal/index) by extension 'ros'
[2.900s] Level 1:colcon.colcon_core.package_identification:_identify(venv/lib/python3.10/site-packages/pip/_internal/index) by extensions ['cmake', 'python']
[2.900s] Level 1:colcon.colcon_core.package_identification:_identify(venv/lib/python3.10/site-packages/pip/_internal/index) by extension 'cmake'
[2.900s] Level 1:colcon.colcon_core.package_identification:_identify(venv/lib/python3.10/site-packages/pip/_internal/index) by extension 'python'
[2.900s] Level 1:colcon.colcon_core.package_identification:_identify(venv/lib/python3.10/site-packages/pip/_internal/index) by extensions ['python_setup_py']
[2.900s] Level 1:colcon.colcon_core.package_identification:_identify(venv/lib/python3.10/site-packages/pip/_internal/index) by extension 'python_setup_py'
[2.900s] Level 1:colcon.colcon_core.package_identification:_identify(venv/lib/python3.10/site-packages/pip/_internal/index/__pycache__) by extensions ['ignore', 'ignore_ament_install']
[2.900s] Level 1:colcon.colcon_core.package_identification:_identify(venv/lib/python3.10/site-packages/pip/_internal/index/__pycache__) by extension 'ignore'
[2.901s] Level 1:colcon.colcon_core.package_identification:_identify(venv/lib/python3.10/site-packages/pip/_internal/index/__pycache__) by extension 'ignore_ament_install'
[2.901s] Level 1:colcon.colcon_core.package_identification:_identify(venv/lib/python3.10/site-packages/pip/_internal/index/__pycache__) by extensions ['colcon_pkg']
[2.901s] Level 1:colcon.colcon_core.package_identification:_identify(venv/lib/python3.10/site-packages/pip/_internal/index/__pycache__) by extension 'colcon_pkg'
[2.901s] Level 1:colcon.colcon_core.package_identification:_identify(venv/lib/python3.10/site-packages/pip/_internal/index/__pycache__) by extensions ['colcon_meta']
[2.901s] Level 1:colcon.colcon_core.package_identification:_identify(venv/lib/python3.10/site-packages/pip/_internal/index/__pycache__) by extension 'colcon_meta'
[2.901s] Level 1:colcon.colcon_core.package_identification:_identify(venv/lib/python3.10/site-packages/pip/_internal/index/__pycache__) by extensions ['ros']
[2.901s] Level 1:colcon.colcon_core.package_identification:_identify(venv/lib/python3.10/site-packages/pip/_internal/index/__pycache__) by extension 'ros'
[2.901s] Level 1:colcon.colcon_core.package_identification:_identify(venv/lib/python3.10/site-packages/pip/_internal/index/__pycache__) by extensions ['cmake', 'python']
[2.901s] Level 1:colcon.colcon_core.package_identification:_identify(venv/lib/python3.10/site-packages/pip/_internal/index/__pycache__) by extension 'cmake'
[2.901s] Level 1:colcon.colcon_core.package_identification:_identify(venv/lib/python3.10/site-packages/pip/_internal/index/__pycache__) by extension 'python'
[2.901s] Level 1:colcon.colcon_core.package_identification:_identify(venv/lib/python3.10/site-packages/pip/_internal/index/__pycache__) by extensions ['python_setup_py']
[2.901s] Level 1:colcon.colcon_core.package_identification:_identify(venv/lib/python3.10/site-packages/pip/_internal/index/__pycache__) by extension 'python_setup_py'
[2.901s] Level 1:colcon.colcon_core.package_identification:_identify(venv/lib/python3.10/site-packages/pip/_internal/locations) by extensions ['ignore', 'ignore_ament_install']
[2.901s] Level 1:colcon.colcon_core.package_identification:_identify(venv/lib/python3.10/site-packages/pip/_internal/locations) by extension 'ignore'
[2.901s] Level 1:colcon.colcon_core.package_identification:_identify(venv/lib/python3.10/site-packages/pip/_internal/locations) by extension 'ignore_ament_install'
[2.901s] Level 1:colcon.colcon_core.package_identification:_identify(venv/lib/python3.10/site-packages/pip/_internal/locations) by extensions ['colcon_pkg']
[2.901s] Level 1:colcon.colcon_core.package_identification:_identify(venv/lib/python3.10/site-packages/pip/_internal/locations) by extension 'colcon_pkg'
[2.901s] Level 1:colcon.colcon_core.package_identification:_identify(venv/lib/python3.10/site-packages/pip/_internal/locations) by extensions ['colcon_meta']
[2.901s] Level 1:colcon.colcon_core.package_identification:_identify(venv/lib/python3.10/site-packages/pip/_internal/locations) by extension 'colcon_meta'
[2.901s] Level 1:colcon.colcon_core.package_identification:_identify(venv/lib/python3.10/site-packages/pip/_internal/locations) by extensions ['ros']
[2.901s] Level 1:colcon.colcon_core.package_identification:_identify(venv/lib/python3.10/site-packages/pip/_internal/locations) by extension 'ros'
[2.901s] Level 1:colcon.colcon_core.package_identification:_identify(venv/lib/python3.10/site-packages/pip/_internal/locations) by extensions ['cmake', 'python']
[2.901s] Level 1:colcon.colcon_core.package_identification:_identify(venv/lib/python3.10/site-packages/pip/_internal/locations) by extension 'cmake'
[2.901s] Level 1:colcon.colcon_core.package_identification:_identify(venv/lib/python3.10/site-packages/pip/_internal/locations) by extension 'python'
[2.901s] Level 1:colcon.colcon_core.package_identification:_identify(venv/lib/python3.10/site-packages/pip/_internal/locations) by extensions ['python_setup_py']
[2.901s] Level 1:colcon.colcon_core.package_identification:_identify(venv/lib/python3.10/site-packages/pip/_internal/locations) by extension 'python_setup_py'
[2.901s] Level 1:colcon.colcon_core.package_identification:_identify(venv/lib/python3.10/site-packages/pip/_internal/locations/__pycache__) by extensions ['ignore', 'ignore_ament_install']
[2.901s] Level 1:colcon.colcon_core.package_identification:_identify(venv/lib/python3.10/site-packages/pip/_internal/locations/__pycache__) by extension 'ignore'
[2.901s] Level 1:colcon.colcon_core.package_identification:_identify(venv/lib/python3.10/site-packages/pip/_internal/locations/__pycache__) by extension 'ignore_ament_install'
[2.901s] Level 1:colcon.colcon_core.package_identification:_identify(venv/lib/python3.10/site-packages/pip/_internal/locations/__pycache__) by extensions ['colcon_pkg']
[2.902s] Level 1:colcon.colcon_core.package_identification:_identify(venv/lib/python3.10/site-packages/pip/_internal/locations/__pycache__) by extension 'colcon_pkg'
[2.902s] Level 1:colcon.colcon_core.package_identification:_identify(venv/lib/python3.10/site-packages/pip/_internal/locations/__pycache__) by extensions ['colcon_meta']
[2.902s] Level 1:colcon.colcon_core.package_identification:_identify(venv/lib/python3.10/site-packages/pip/_internal/locations/__pycache__) by extension 'colcon_meta'
[2.902s] Level 1:colcon.colcon_core.package_identification:_identify(venv/lib/python3.10/site-packages/pip/_internal/locations/__pycache__) by extensions ['ros']
[2.902s] Level 1:colcon.colcon_core.package_identification:_identify(venv/lib/python3.10/site-packages/pip/_internal/locations/__pycache__) by extension 'ros'
[2.902s] Level 1:colcon.colcon_core.package_identification:_identify(venv/lib/python3.10/site-packages/pip/_internal/locations/__pycache__) by extensions ['cmake', 'python']
[2.902s] Level 1:colcon.colcon_core.package_identification:_identify(venv/lib/python3.10/site-packages/pip/_internal/locations/__pycache__) by extension 'cmake'
[2.902s] Level 1:colcon.colcon_core.package_identification:_identify(venv/lib/python3.10/site-packages/pip/_internal/locations/__pycache__) by extension 'python'
[2.902s] Level 1:colcon.colcon_core.package_identification:_identify(venv/lib/python3.10/site-packages/pip/_internal/locations/__pycache__) by extensions ['python_setup_py']
[2.902s] Level 1:colcon.colcon_core.package_identification:_identify(venv/lib/python3.10/site-packages/pip/_internal/locations/__pycache__) by extension 'python_setup_py'
[2.902s] Level 1:colcon.colcon_core.package_identification:_identify(venv/lib/python3.10/site-packages/pip/_internal/metadata) by extensions ['ignore', 'ignore_ament_install']
[2.902s] Level 1:colcon.colcon_core.package_identification:_identify(venv/lib/python3.10/site-packages/pip/_internal/metadata) by extension 'ignore'
[2.902s] Level 1:colcon.colcon_core.package_identification:_identify(venv/lib/python3.10/site-packages/pip/_internal/metadata) by extension 'ignore_ament_install'
[2.902s] Level 1:colcon.colcon_core.package_identification:_identify(venv/lib/python3.10/site-packages/pip/_internal/metadata) by extensions ['colcon_pkg']
[2.902s] Level 1:colcon.colcon_core.package_identification:_identify(venv/lib/python3.10/site-packages/pip/_internal/metadata) by extension 'colcon_pkg'
[2.902s] Level 1:colcon.colcon_core.package_identification:_identify(venv/lib/python3.10/site-packages/pip/_internal/metadata) by extensions ['colcon_meta']
[2.902s] Level 1:colcon.colcon_core.package_identification:_identify(venv/lib/python3.10/site-packages/pip/_internal/metadata) by extension 'colcon_meta'
[2.902s] Level 1:colcon.colcon_core.package_identification:_identify(venv/lib/python3.10/site-packages/pip/_internal/metadata) by extensions ['ros']
[2.902s] Level 1:colcon.colcon_core.package_identification:_identify(venv/lib/python3.10/site-packages/pip/_internal/metadata) by extension 'ros'
[2.902s] Level 1:colcon.colcon_core.package_identification:_identify(venv/lib/python3.10/site-packages/pip/_internal/metadata) by extensions ['cmake', 'python']
[2.902s] Level 1:colcon.colcon_core.package_identification:_identify(venv/lib/python3.10/site-packages/pip/_internal/metadata) by extension 'cmake'
[2.902s] Level 1:colcon.colcon_core.package_identification:_identify(venv/lib/python3.10/site-packages/pip/_internal/metadata) by extension 'python'
[2.902s] Level 1:colcon.colcon_core.package_identification:_identify(venv/lib/python3.10/site-packages/pip/_internal/metadata) by extensions ['python_setup_py']
[2.902s] Level 1:colcon.colcon_core.package_identification:_identify(venv/lib/python3.10/site-packages/pip/_internal/metadata) by extension 'python_setup_py'
[2.902s] Level 1:colcon.colcon_core.package_identification:_identify(venv/lib/python3.10/site-packages/pip/_internal/metadata/__pycache__) by extensions ['ignore', 'ignore_ament_install']
[2.902s] Level 1:colcon.colcon_core.package_identification:_identify(venv/lib/python3.10/site-packages/pip/_internal/metadata/__pycache__) by extension 'ignore'
[2.902s] Level 1:colcon.colcon_core.package_identification:_identify(venv/lib/python3.10/site-packages/pip/_internal/metadata/__pycache__) by extension 'ignore_ament_install'
[2.902s] Level 1:colcon.colcon_core.package_identification:_identify(venv/lib/python3.10/site-packages/pip/_internal/metadata/__pycache__) by extensions ['colcon_pkg']
[2.902s] Level 1:colcon.colcon_core.package_identification:_identify(venv/lib/python3.10/site-packages/pip/_internal/metadata/__pycache__) by extension 'colcon_pkg'
[2.902s] Level 1:colcon.colcon_core.package_identification:_identify(venv/lib/python3.10/site-packages/pip/_internal/metadata/__pycache__) by extensions ['colcon_meta']
[2.903s] Level 1:colcon.colcon_core.package_identification:_identify(venv/lib/python3.10/site-packages/pip/_internal/metadata/__pycache__) by extension 'colcon_meta'
[2.903s] Level 1:colcon.colcon_core.package_identification:_identify(venv/lib/python3.10/site-packages/pip/_internal/metadata/__pycache__) by extensions ['ros']
[2.903s] Level 1:colcon.colcon_core.package_identification:_identify(venv/lib/python3.10/site-packages/pip/_internal/metadata/__pycache__) by extension 'ros'
[2.903s] Level 1:colcon.colcon_core.package_identification:_identify(venv/lib/python3.10/site-packages/pip/_internal/metadata/__pycache__) by extensions ['cmake', 'python']
[2.903s] Level 1:colcon.colcon_core.package_identification:_identify(venv/lib/python3.10/site-packages/pip/_internal/metadata/__pycache__) by extension 'cmake'
[2.903s] Level 1:colcon.colcon_core.package_identification:_identify(venv/lib/python3.10/site-packages/pip/_internal/metadata/__pycache__) by extension 'python'
[2.903s] Level 1:colcon.colcon_core.package_identification:_identify(venv/lib/python3.10/site-packages/pip/_internal/metadata/__pycache__) by extensions ['python_setup_py']
[2.903s] Level 1:colcon.colcon_core.package_identification:_identify(venv/lib/python3.10/site-packages/pip/_internal/metadata/__pycache__) by extension 'python_setup_py'
[2.903s] Level 1:colcon.colcon_core.package_identification:_identify(venv/lib/python3.10/site-packages/pip/_internal/models) by extensions ['ignore', 'ignore_ament_install']
[2.903s] Level 1:colcon.colcon_core.package_identification:_identify(venv/lib/python3.10/site-packages/pip/_internal/models) by extension 'ignore'
[2.903s] Level 1:colcon.colcon_core.package_identification:_identify(venv/lib/python3.10/site-packages/pip/_internal/models) by extension 'ignore_ament_install'
[2.903s] Level 1:colcon.colcon_core.package_identification:_identify(venv/lib/python3.10/site-packages/pip/_internal/models) by extensions ['colcon_pkg']
[2.903s] Level 1:colcon.colcon_core.package_identification:_identify(venv/lib/python3.10/site-packages/pip/_internal/models) by extension 'colcon_pkg'
[2.903s] Level 1:colcon.colcon_core.package_identification:_identify(venv/lib/python3.10/site-packages/pip/_internal/models) by extensions ['colcon_meta']
[2.903s] Level 1:colcon.colcon_core.package_identification:_identify(venv/lib/python3.10/site-packages/pip/_internal/models) by extension 'colcon_meta'
[2.903s] Level 1:colcon.colcon_core.package_identification:_identify(venv/lib/python3.10/site-packages/pip/_internal/models) by extensions ['ros']
[2.903s] Level 1:colcon.colcon_core.package_identification:_identify(venv/lib/python3.10/site-packages/pip/_internal/models) by extension 'ros'
[2.903s] Level 1:colcon.colcon_core.package_identification:_identify(venv/lib/python3.10/site-packages/pip/_internal/models) by extensions ['cmake', 'python']
[2.903s] Level 1:colcon.colcon_core.package_identification:_identify(venv/lib/python3.10/site-packages/pip/_internal/models) by extension 'cmake'
[2.903s] Level 1:colcon.colcon_core.package_identification:_identify(venv/lib/python3.10/site-packages/pip/_internal/models) by extension 'python'
[2.903s] Level 1:colcon.colcon_core.package_identification:_identify(venv/lib/python3.10/site-packages/pip/_internal/models) by extensions ['python_setup_py']
[2.903s] Level 1:colcon.colcon_core.package_identification:_identify(venv/lib/python3.10/site-packages/pip/_internal/models) by extension 'python_setup_py'
[2.903s] Level 1:colcon.colcon_core.package_identification:_identify(venv/lib/python3.10/site-packages/pip/_internal/models/__pycache__) by extensions ['ignore', 'ignore_ament_install']
[2.903s] Level 1:colcon.colcon_core.package_identification:_identify(venv/lib/python3.10/site-packages/pip/_internal/models/__pycache__) by extension 'ignore'
[2.903s] Level 1:colcon.colcon_core.package_identification:_identify(venv/lib/python3.10/site-packages/pip/_internal/models/__pycache__) by extension 'ignore_ament_install'
[2.903s] Level 1:colcon.colcon_core.package_identification:_identify(venv/lib/python3.10/site-packages/pip/_internal/models/__pycache__) by extensions ['colcon_pkg']
[2.903s] Level 1:colcon.colcon_core.package_identification:_identify(venv/lib/python3.10/site-packages/pip/_internal/models/__pycache__) by extension 'colcon_pkg'
[2.903s] Level 1:colcon.colcon_core.package_identification:_identify(venv/lib/python3.10/site-packages/pip/_internal/models/__pycache__) by extensions ['colcon_meta']
[2.904s] Level 1:colcon.colcon_core.package_identification:_identify(venv/lib/python3.10/site-packages/pip/_internal/models/__pycache__) by extension 'colcon_meta'
[2.904s] Level 1:colcon.colcon_core.package_identification:_identify(venv/lib/python3.10/site-packages/pip/_internal/models/__pycache__) by extensions ['ros']
[2.904s] Level 1:colcon.colcon_core.package_identification:_identify(venv/lib/python3.10/site-packages/pip/_internal/models/__pycache__) by extension 'ros'
[2.904s] Level 1:colcon.colcon_core.package_identification:_identify(venv/lib/python3.10/site-packages/pip/_internal/models/__pycache__) by extensions ['cmake', 'python']
[2.904s] Level 1:colcon.colcon_core.package_identification:_identify(venv/lib/python3.10/site-packages/pip/_internal/models/__pycache__) by extension 'cmake'
[2.904s] Level 1:colcon.colcon_core.package_identification:_identify(venv/lib/python3.10/site-packages/pip/_internal/models/__pycache__) by extension 'python'
[2.904s] Level 1:colcon.colcon_core.package_identification:_identify(venv/lib/python3.10/site-packages/pip/_internal/models/__pycache__) by extensions ['python_setup_py']
[2.904s] Level 1:colcon.colcon_core.package_identification:_identify(venv/lib/python3.10/site-packages/pip/_internal/models/__pycache__) by extension 'python_setup_py'
[2.904s] Level 1:colcon.colcon_core.package_identification:_identify(venv/lib/python3.10/site-packages/pip/_internal/network) by extensions ['ignore', 'ignore_ament_install']
[2.904s] Level 1:colcon.colcon_core.package_identification:_identify(venv/lib/python3.10/site-packages/pip/_internal/network) by extension 'ignore'
[2.904s] Level 1:colcon.colcon_core.package_identification:_identify(venv/lib/python3.10/site-packages/pip/_internal/network) by extension 'ignore_ament_install'
[2.904s] Level 1:colcon.colcon_core.package_identification:_identify(venv/lib/python3.10/site-packages/pip/_internal/network) by extensions ['colcon_pkg']
[2.904s] Level 1:colcon.colcon_core.package_identification:_identify(venv/lib/python3.10/site-packages/pip/_internal/network) by extension 'colcon_pkg'
[2.904s] Level 1:colcon.colcon_core.package_identification:_identify(venv/lib/python3.10/site-packages/pip/_internal/network) by extensions ['colcon_meta']
[2.904s] Level 1:colcon.colcon_core.package_identification:_identify(venv/lib/python3.10/site-packages/pip/_internal/network) by extension 'colcon_meta'
[2.904s] Level 1:colcon.colcon_core.package_identification:_identify(venv/lib/python3.10/site-packages/pip/_internal/network) by extensions ['ros']
[2.904s] Level 1:colcon.colcon_core.package_identification:_identify(venv/lib/python3.10/site-packages/pip/_internal/network) by extension 'ros'
[2.904s] Level 1:colcon.colcon_core.package_identification:_identify(venv/lib/python3.10/site-packages/pip/_internal/network) by extensions ['cmake', 'python']
[2.904s] Level 1:colcon.colcon_core.package_identification:_identify(venv/lib/python3.10/site-packages/pip/_internal/network) by extension 'cmake'
[2.904s] Level 1:colcon.colcon_core.package_identification:_identify(venv/lib/python3.10/site-packages/pip/_internal/network) by extension 'python'
[2.904s] Level 1:colcon.colcon_core.package_identification:_identify(venv/lib/python3.10/site-packages/pip/_internal/network) by extensions ['python_setup_py']
[2.904s] Level 1:colcon.colcon_core.package_identification:_identify(venv/lib/python3.10/site-packages/pip/_internal/network) by extension 'python_setup_py'
[2.904s] Level 1:colcon.colcon_core.package_identification:_identify(venv/lib/python3.10/site-packages/pip/_internal/network/__pycache__) by extensions ['ignore', 'ignore_ament_install']
[2.904s] Level 1:colcon.colcon_core.package_identification:_identify(venv/lib/python3.10/site-packages/pip/_internal/network/__pycache__) by extension 'ignore'
[2.904s] Level 1:colcon.colcon_core.package_identification:_identify(venv/lib/python3.10/site-packages/pip/_internal/network/__pycache__) by extension 'ignore_ament_install'
[2.905s] Level 1:colcon.colcon_core.package_identification:_identify(venv/lib/python3.10/site-packages/pip/_internal/network/__pycache__) by extensions ['colcon_pkg']
[2.905s] Level 1:colcon.colcon_core.package_identification:_identify(venv/lib/python3.10/site-packages/pip/_internal/network/__pycache__) by extension 'colcon_pkg'
[2.905s] Level 1:colcon.colcon_core.package_identification:_identify(venv/lib/python3.10/site-packages/pip/_internal/network/__pycache__) by extensions ['colcon_meta']
[2.905s] Level 1:colcon.colcon_core.package_identification:_identify(venv/lib/python3.10/site-packages/pip/_internal/network/__pycache__) by extension 'colcon_meta'
[2.905s] Level 1:colcon.colcon_core.package_identification:_identify(venv/lib/python3.10/site-packages/pip/_internal/network/__pycache__) by extensions ['ros']
[2.905s] Level 1:colcon.colcon_core.package_identification:_identify(venv/lib/python3.10/site-packages/pip/_internal/network/__pycache__) by extension 'ros'
[2.905s] Level 1:colcon.colcon_core.package_identification:_identify(venv/lib/python3.10/site-packages/pip/_internal/network/__pycache__) by extensions ['cmake', 'python']
[2.905s] Level 1:colcon.colcon_core.package_identification:_identify(venv/lib/python3.10/site-packages/pip/_internal/network/__pycache__) by extension 'cmake'
[2.905s] Level 1:colcon.colcon_core.package_identification:_identify(venv/lib/python3.10/site-packages/pip/_internal/network/__pycache__) by extension 'python'
[2.905s] Level 1:colcon.colcon_core.package_identification:_identify(venv/lib/python3.10/site-packages/pip/_internal/network/__pycache__) by extensions ['python_setup_py']
[2.905s] Level 1:colcon.colcon_core.package_identification:_identify(venv/lib/python3.10/site-packages/pip/_internal/network/__pycache__) by extension 'python_setup_py'
[2.905s] Level 1:colcon.colcon_core.package_identification:_identify(venv/lib/python3.10/site-packages/pip/_internal/operations) by extensions ['ignore', 'ignore_ament_install']
[2.905s] Level 1:colcon.colcon_core.package_identification:_identify(venv/lib/python3.10/site-packages/pip/_internal/operations) by extension 'ignore'
[2.905s] Level 1:colcon.colcon_core.package_identification:_identify(venv/lib/python3.10/site-packages/pip/_internal/operations) by extension 'ignore_ament_install'
[2.905s] Level 1:colcon.colcon_core.package_identification:_identify(venv/lib/python3.10/site-packages/pip/_internal/operations) by extensions ['colcon_pkg']
[2.905s] Level 1:colcon.colcon_core.package_identification:_identify(venv/lib/python3.10/site-packages/pip/_internal/operations) by extension 'colcon_pkg'
[2.905s] Level 1:colcon.colcon_core.package_identification:_identify(venv/lib/python3.10/site-packages/pip/_internal/operations) by extensions ['colcon_meta']
[2.905s] Level 1:colcon.colcon_core.package_identification:_identify(venv/lib/python3.10/site-packages/pip/_internal/operations) by extension 'colcon_meta'
[2.905s] Level 1:colcon.colcon_core.package_identification:_identify(venv/lib/python3.10/site-packages/pip/_internal/operations) by extensions ['ros']
[2.905s] Level 1:colcon.colcon_core.package_identification:_identify(venv/lib/python3.10/site-packages/pip/_internal/operations) by extension 'ros'
[2.905s] Level 1:colcon.colcon_core.package_identification:_identify(venv/lib/python3.10/site-packages/pip/_internal/operations) by extensions ['cmake', 'python']
[2.905s] Level 1:colcon.colcon_core.package_identification:_identify(venv/lib/python3.10/site-packages/pip/_internal/operations) by extension 'cmake'
[2.905s] Level 1:colcon.colcon_core.package_identification:_identify(venv/lib/python3.10/site-packages/pip/_internal/operations) by extension 'python'
[2.905s] Level 1:colcon.colcon_core.package_identification:_identify(venv/lib/python3.10/site-packages/pip/_internal/operations) by extensions ['python_setup_py']
[2.905s] Level 1:colcon.colcon_core.package_identification:_identify(venv/lib/python3.10/site-packages/pip/_internal/operations) by extension 'python_setup_py'
[2.905s] Level 1:colcon.colcon_core.package_identification:_identify(venv/lib/python3.10/site-packages/pip/_internal/operations/__pycache__) by extensions ['ignore', 'ignore_ament_install']
[2.905s] Level 1:colcon.colcon_core.package_identification:_identify(venv/lib/python3.10/site-packages/pip/_internal/operations/__pycache__) by extension 'ignore'
[2.905s] Level 1:colcon.colcon_core.package_identification:_identify(venv/lib/python3.10/site-packages/pip/_internal/operations/__pycache__) by extension 'ignore_ament_install'
[2.905s] Level 1:colcon.colcon_core.package_identification:_identify(venv/lib/python3.10/site-packages/pip/_internal/operations/__pycache__) by extensions ['colcon_pkg']
[2.906s] Level 1:colcon.colcon_core.package_identification:_identify(venv/lib/python3.10/site-packages/pip/_internal/operations/__pycache__) by extension 'colcon_pkg'
[2.906s] Level 1:colcon.colcon_core.package_identification:_identify(venv/lib/python3.10/site-packages/pip/_internal/operations/__pycache__) by extensions ['colcon_meta']
[2.906s] Level 1:colcon.colcon_core.package_identification:_identify(venv/lib/python3.10/site-packages/pip/_internal/operations/__pycache__) by extension 'colcon_meta'
[2.906s] Level 1:colcon.colcon_core.package_identification:_identify(venv/lib/python3.10/site-packages/pip/_internal/operations/__pycache__) by extensions ['ros']
[2.906s] Level 1:colcon.colcon_core.package_identification:_identify(venv/lib/python3.10/site-packages/pip/_internal/operations/__pycache__) by extension 'ros'
[2.906s] Level 1:colcon.colcon_core.package_identification:_identify(venv/lib/python3.10/site-packages/pip/_internal/operations/__pycache__) by extensions ['cmake', 'python']
[2.906s] Level 1:colcon.colcon_core.package_identification:_identify(venv/lib/python3.10/site-packages/pip/_internal/operations/__pycache__) by extension 'cmake'
[2.906s] Level 1:colcon.colcon_core.package_identification:_identify(venv/lib/python3.10/site-packages/pip/_internal/operations/__pycache__) by extension 'python'
[2.906s] Level 1:colcon.colcon_core.package_identification:_identify(venv/lib/python3.10/site-packages/pip/_internal/operations/__pycache__) by extensions ['python_setup_py']
[2.906s] Level 1:colcon.colcon_core.package_identification:_identify(venv/lib/python3.10/site-packages/pip/_internal/operations/__pycache__) by extension 'python_setup_py'
[2.906s] Level 1:colcon.colcon_core.package_identification:_identify(venv/lib/python3.10/site-packages/pip/_internal/operations/build) by extensions ['ignore', 'ignore_ament_install']
[2.906s] Level 1:colcon.colcon_core.package_identification:_identify(venv/lib/python3.10/site-packages/pip/_internal/operations/build) by extension 'ignore'
[2.906s] Level 1:colcon.colcon_core.package_identification:_identify(venv/lib/python3.10/site-packages/pip/_internal/operations/build) by extension 'ignore_ament_install'
[2.906s] Level 1:colcon.colcon_core.package_identification:_identify(venv/lib/python3.10/site-packages/pip/_internal/operations/build) by extensions ['colcon_pkg']
[2.906s] Level 1:colcon.colcon_core.package_identification:_identify(venv/lib/python3.10/site-packages/pip/_internal/operations/build) by extension 'colcon_pkg'
[2.906s] Level 1:colcon.colcon_core.package_identification:_identify(venv/lib/python3.10/site-packages/pip/_internal/operations/build) by extensions ['colcon_meta']
[2.906s] Level 1:colcon.colcon_core.package_identification:_identify(venv/lib/python3.10/site-packages/pip/_internal/operations/build) by extension 'colcon_meta'
[2.906s] Level 1:colcon.colcon_core.package_identification:_identify(venv/lib/python3.10/site-packages/pip/_internal/operations/build) by extensions ['ros']
[2.906s] Level 1:colcon.colcon_core.package_identification:_identify(venv/lib/python3.10/site-packages/pip/_internal/operations/build) by extension 'ros'
[2.906s] Level 1:colcon.colcon_core.package_identification:_identify(venv/lib/python3.10/site-packages/pip/_internal/operations/build) by extensions ['cmake', 'python']
[2.906s] Level 1:colcon.colcon_core.package_identification:_identify(venv/lib/python3.10/site-packages/pip/_internal/operations/build) by extension 'cmake'
[2.906s] Level 1:colcon.colcon_core.package_identification:_identify(venv/lib/python3.10/site-packages/pip/_internal/operations/build) by extension 'python'
[2.906s] Level 1:colcon.colcon_core.package_identification:_identify(venv/lib/python3.10/site-packages/pip/_internal/operations/build) by extensions ['python_setup_py']
[2.906s] Level 1:colcon.colcon_core.package_identification:_identify(venv/lib/python3.10/site-packages/pip/_internal/operations/build) by extension 'python_setup_py'
[2.906s] Level 1:colcon.colcon_core.package_identification:_identify(venv/lib/python3.10/site-packages/pip/_internal/operations/build/__pycache__) by extensions ['ignore', 'ignore_ament_install']
[2.906s] Level 1:colcon.colcon_core.package_identification:_identify(venv/lib/python3.10/site-packages/pip/_internal/operations/build/__pycache__) by extension 'ignore'
[2.907s] Level 1:colcon.colcon_core.package_identification:_identify(venv/lib/python3.10/site-packages/pip/_internal/operations/build/__pycache__) by extension 'ignore_ament_install'
[2.907s] Level 1:colcon.colcon_core.package_identification:_identify(venv/lib/python3.10/site-packages/pip/_internal/operations/build/__pycache__) by extensions ['colcon_pkg']
[2.907s] Level 1:colcon.colcon_core.package_identification:_identify(venv/lib/python3.10/site-packages/pip/_internal/operations/build/__pycache__) by extension 'colcon_pkg'
[2.907s] Level 1:colcon.colcon_core.package_identification:_identify(venv/lib/python3.10/site-packages/pip/_internal/operations/build/__pycache__) by extensions ['colcon_meta']
[2.907s] Level 1:colcon.colcon_core.package_identification:_identify(venv/lib/python3.10/site-packages/pip/_internal/operations/build/__pycache__) by extension 'colcon_meta'
[2.907s] Level 1:colcon.colcon_core.package_identification:_identify(venv/lib/python3.10/site-packages/pip/_internal/operations/build/__pycache__) by extensions ['ros']
[2.907s] Level 1:colcon.colcon_core.package_identification:_identify(venv/lib/python3.10/site-packages/pip/_internal/operations/build/__pycache__) by extension 'ros'
[2.907s] Level 1:colcon.colcon_core.package_identification:_identify(venv/lib/python3.10/site-packages/pip/_internal/operations/build/__pycache__) by extensions ['cmake', 'python']
[2.907s] Level 1:colcon.colcon_core.package_identification:_identify(venv/lib/python3.10/site-packages/pip/_internal/operations/build/__pycache__) by extension 'cmake'
[2.907s] Level 1:colcon.colcon_core.package_identification:_identify(venv/lib/python3.10/site-packages/pip/_internal/operations/build/__pycache__) by extension 'python'
[2.907s] Level 1:colcon.colcon_core.package_identification:_identify(venv/lib/python3.10/site-packages/pip/_internal/operations/build/__pycache__) by extensions ['python_setup_py']
[2.907s] Level 1:colcon.colcon_core.package_identification:_identify(venv/lib/python3.10/site-packages/pip/_internal/operations/build/__pycache__) by extension 'python_setup_py'
[2.907s] Level 1:colcon.colcon_core.package_identification:_identify(venv/lib/python3.10/site-packages/pip/_internal/operations/install) by extensions ['ignore', 'ignore_ament_install']
[2.907s] Level 1:colcon.colcon_core.package_identification:_identify(venv/lib/python3.10/site-packages/pip/_internal/operations/install) by extension 'ignore'
[2.907s] Level 1:colcon.colcon_core.package_identification:_identify(venv/lib/python3.10/site-packages/pip/_internal/operations/install) by extension 'ignore_ament_install'
[2.907s] Level 1:colcon.colcon_core.package_identification:_identify(venv/lib/python3.10/site-packages/pip/_internal/operations/install) by extensions ['colcon_pkg']
[2.907s] Level 1:colcon.colcon_core.package_identification:_identify(venv/lib/python3.10/site-packages/pip/_internal/operations/install) by extension 'colcon_pkg'
[2.907s] Level 1:colcon.colcon_core.package_identification:_identify(venv/lib/python3.10/site-packages/pip/_internal/operations/install) by extensions ['colcon_meta']
[2.907s] Level 1:colcon.colcon_core.package_identification:_identify(venv/lib/python3.10/site-packages/pip/_internal/operations/install) by extension 'colcon_meta'
[2.907s] Level 1:colcon.colcon_core.package_identification:_identify(venv/lib/python3.10/site-packages/pip/_internal/operations/install) by extensions ['ros']
[2.907s] Level 1:colcon.colcon_core.package_identification:_identify(venv/lib/python3.10/site-packages/pip/_internal/operations/install) by extension 'ros'
[2.907s] Level 1:colcon.colcon_core.package_identification:_identify(venv/lib/python3.10/site-packages/pip/_internal/operations/install) by extensions ['cmake', 'python']
[2.907s] Level 1:colcon.colcon_core.package_identification:_identify(venv/lib/python3.10/site-packages/pip/_internal/operations/install) by extension 'cmake'
[2.907s] Level 1:colcon.colcon_core.package_identification:_identify(venv/lib/python3.10/site-packages/pip/_internal/operations/install) by extension 'python'
[2.907s] Level 1:colcon.colcon_core.package_identification:_identify(venv/lib/python3.10/site-packages/pip/_internal/operations/install) by extensions ['python_setup_py']
[2.907s] Level 1:colcon.colcon_core.package_identification:_identify(venv/lib/python3.10/site-packages/pip/_internal/operations/install) by extension 'python_setup_py'
[2.907s] Level 1:colcon.colcon_core.package_identification:_identify(venv/lib/python3.10/site-packages/pip/_internal/operations/install/__pycache__) by extensions ['ignore', 'ignore_ament_install']
[2.908s] Level 1:colcon.colcon_core.package_identification:_identify(venv/lib/python3.10/site-packages/pip/_internal/operations/install/__pycache__) by extension 'ignore'
[2.908s] Level 1:colcon.colcon_core.package_identification:_identify(venv/lib/python3.10/site-packages/pip/_internal/operations/install/__pycache__) by extension 'ignore_ament_install'
[2.908s] Level 1:colcon.colcon_core.package_identification:_identify(venv/lib/python3.10/site-packages/pip/_internal/operations/install/__pycache__) by extensions ['colcon_pkg']
[2.908s] Level 1:colcon.colcon_core.package_identification:_identify(venv/lib/python3.10/site-packages/pip/_internal/operations/install/__pycache__) by extension 'colcon_pkg'
[2.908s] Level 1:colcon.colcon_core.package_identification:_identify(venv/lib/python3.10/site-packages/pip/_internal/operations/install/__pycache__) by extensions ['colcon_meta']
[2.908s] Level 1:colcon.colcon_core.package_identification:_identify(venv/lib/python3.10/site-packages/pip/_internal/operations/install/__pycache__) by extension 'colcon_meta'
[2.908s] Level 1:colcon.colcon_core.package_identification:_identify(venv/lib/python3.10/site-packages/pip/_internal/operations/install/__pycache__) by extensions ['ros']
[2.908s] Level 1:colcon.colcon_core.package_identification:_identify(venv/lib/python3.10/site-packages/pip/_internal/operations/install/__pycache__) by extension 'ros'
[2.908s] Level 1:colcon.colcon_core.package_identification:_identify(venv/lib/python3.10/site-packages/pip/_internal/operations/install/__pycache__) by extensions ['cmake', 'python']
[2.908s] Level 1:colcon.colcon_core.package_identification:_identify(venv/lib/python3.10/site-packages/pip/_internal/operations/install/__pycache__) by extension 'cmake'
[2.908s] Level 1:colcon.colcon_core.package_identification:_identify(venv/lib/python3.10/site-packages/pip/_internal/operations/install/__pycache__) by extension 'python'
[2.908s] Level 1:colcon.colcon_core.package_identification:_identify(venv/lib/python3.10/site-packages/pip/_internal/operations/install/__pycache__) by extensions ['python_setup_py']
[2.908s] Level 1:colcon.colcon_core.package_identification:_identify(venv/lib/python3.10/site-packages/pip/_internal/operations/install/__pycache__) by extension 'python_setup_py'
[2.908s] Level 1:colcon.colcon_core.package_identification:_identify(venv/lib/python3.10/site-packages/pip/_internal/req) by extensions ['ignore', 'ignore_ament_install']
[2.908s] Level 1:colcon.colcon_core.package_identification:_identify(venv/lib/python3.10/site-packages/pip/_internal/req) by extension 'ignore'
[2.908s] Level 1:colcon.colcon_core.package_identification:_identify(venv/lib/python3.10/site-packages/pip/_internal/req) by extension 'ignore_ament_install'
[2.908s] Level 1:colcon.colcon_core.package_identification:_identify(venv/lib/python3.10/site-packages/pip/_internal/req) by extensions ['colcon_pkg']
[2.908s] Level 1:colcon.colcon_core.package_identification:_identify(venv/lib/python3.10/site-packages/pip/_internal/req) by extension 'colcon_pkg'
[2.908s] Level 1:colcon.colcon_core.package_identification:_identify(venv/lib/python3.10/site-packages/pip/_internal/req) by extensions ['colcon_meta']
[2.908s] Level 1:colcon.colcon_core.package_identification:_identify(venv/lib/python3.10/site-packages/pip/_internal/req) by extension 'colcon_meta'
[2.908s] Level 1:colcon.colcon_core.package_identification:_identify(venv/lib/python3.10/site-packages/pip/_internal/req) by extensions ['ros']
[2.908s] Level 1:colcon.colcon_core.package_identification:_identify(venv/lib/python3.10/site-packages/pip/_internal/req) by extension 'ros'
[2.908s] Level 1:colcon.colcon_core.package_identification:_identify(venv/lib/python3.10/site-packages/pip/_internal/req) by extensions ['cmake', 'python']
[2.908s] Level 1:colcon.colcon_core.package_identification:_identify(venv/lib/python3.10/site-packages/pip/_internal/req) by extension 'cmake'
[2.908s] Level 1:colcon.colcon_core.package_identification:_identify(venv/lib/python3.10/site-packages/pip/_internal/req) by extension 'python'
[2.908s] Level 1:colcon.colcon_core.package_identification:_identify(venv/lib/python3.10/site-packages/pip/_internal/req) by extensions ['python_setup_py']
[2.908s] Level 1:colcon.colcon_core.package_identification:_identify(venv/lib/python3.10/site-packages/pip/_internal/req) by extension 'python_setup_py'
[2.909s] Level 1:colcon.colcon_core.package_identification:_identify(venv/lib/python3.10/site-packages/pip/_internal/req/__pycache__) by extensions ['ignore', 'ignore_ament_install']
[2.909s] Level 1:colcon.colcon_core.package_identification:_identify(venv/lib/python3.10/site-packages/pip/_internal/req/__pycache__) by extension 'ignore'
[2.909s] Level 1:colcon.colcon_core.package_identification:_identify(venv/lib/python3.10/site-packages/pip/_internal/req/__pycache__) by extension 'ignore_ament_install'
[2.909s] Level 1:colcon.colcon_core.package_identification:_identify(venv/lib/python3.10/site-packages/pip/_internal/req/__pycache__) by extensions ['colcon_pkg']
[2.909s] Level 1:colcon.colcon_core.package_identification:_identify(venv/lib/python3.10/site-packages/pip/_internal/req/__pycache__) by extension 'colcon_pkg'
[2.909s] Level 1:colcon.colcon_core.package_identification:_identify(venv/lib/python3.10/site-packages/pip/_internal/req/__pycache__) by extensions ['colcon_meta']
[2.909s] Level 1:colcon.colcon_core.package_identification:_identify(venv/lib/python3.10/site-packages/pip/_internal/req/__pycache__) by extension 'colcon_meta'
[2.909s] Level 1:colcon.colcon_core.package_identification:_identify(venv/lib/python3.10/site-packages/pip/_internal/req/__pycache__) by extensions ['ros']
[2.909s] Level 1:colcon.colcon_core.package_identification:_identify(venv/lib/python3.10/site-packages/pip/_internal/req/__pycache__) by extension 'ros'
[2.909s] Level 1:colcon.colcon_core.package_identification:_identify(venv/lib/python3.10/site-packages/pip/_internal/req/__pycache__) by extensions ['cmake', 'python']
[2.909s] Level 1:colcon.colcon_core.package_identification:_identify(venv/lib/python3.10/site-packages/pip/_internal/req/__pycache__) by extension 'cmake'
[2.909s] Level 1:colcon.colcon_core.package_identification:_identify(venv/lib/python3.10/site-packages/pip/_internal/req/__pycache__) by extension 'python'
[2.909s] Level 1:colcon.colcon_core.package_identification:_identify(venv/lib/python3.10/site-packages/pip/_internal/req/__pycache__) by extensions ['python_setup_py']
[2.909s] Level 1:colcon.colcon_core.package_identification:_identify(venv/lib/python3.10/site-packages/pip/_internal/req/__pycache__) by extension 'python_setup_py'
[2.909s] Level 1:colcon.colcon_core.package_identification:_identify(venv/lib/python3.10/site-packages/pip/_internal/resolution) by extensions ['ignore', 'ignore_ament_install']
[2.909s] Level 1:colcon.colcon_core.package_identification:_identify(venv/lib/python3.10/site-packages/pip/_internal/resolution) by extension 'ignore'
[2.909s] Level 1:colcon.colcon_core.package_identification:_identify(venv/lib/python3.10/site-packages/pip/_internal/resolution) by extension 'ignore_ament_install'
[2.909s] Level 1:colcon.colcon_core.package_identification:_identify(venv/lib/python3.10/site-packages/pip/_internal/resolution) by extensions ['colcon_pkg']
[2.909s] Level 1:colcon.colcon_core.package_identification:_identify(venv/lib/python3.10/site-packages/pip/_internal/resolution) by extension 'colcon_pkg'
[2.909s] Level 1:colcon.colcon_core.package_identification:_identify(venv/lib/python3.10/site-packages/pip/_internal/resolution) by extensions ['colcon_meta']
[2.909s] Level 1:colcon.colcon_core.package_identification:_identify(venv/lib/python3.10/site-packages/pip/_internal/resolution) by extension 'colcon_meta'
[2.909s] Level 1:colcon.colcon_core.package_identification:_identify(venv/lib/python3.10/site-packages/pip/_internal/resolution) by extensions ['ros']
[2.909s] Level 1:colcon.colcon_core.package_identification:_identify(venv/lib/python3.10/site-packages/pip/_internal/resolution) by extension 'ros'
[2.909s] Level 1:colcon.colcon_core.package_identification:_identify(venv/lib/python3.10/site-packages/pip/_internal/resolution) by extensions ['cmake', 'python']
[2.909s] Level 1:colcon.colcon_core.package_identification:_identify(venv/lib/python3.10/site-packages/pip/_internal/resolution) by extension 'cmake'
[2.909s] Level 1:colcon.colcon_core.package_identification:_identify(venv/lib/python3.10/site-packages/pip/_internal/resolution) by extension 'python'
[2.909s] Level 1:colcon.colcon_core.package_identification:_identify(venv/lib/python3.10/site-packages/pip/_internal/resolution) by extensions ['python_setup_py']
[2.909s] Level 1:colcon.colcon_core.package_identification:_identify(venv/lib/python3.10/site-packages/pip/_internal/resolution) by extension 'python_setup_py'
[2.910s] Level 1:colcon.colcon_core.package_identification:_identify(venv/lib/python3.10/site-packages/pip/_internal/resolution/__pycache__) by extensions ['ignore', 'ignore_ament_install']
[2.910s] Level 1:colcon.colcon_core.package_identification:_identify(venv/lib/python3.10/site-packages/pip/_internal/resolution/__pycache__) by extension 'ignore'
[2.910s] Level 1:colcon.colcon_core.package_identification:_identify(venv/lib/python3.10/site-packages/pip/_internal/resolution/__pycache__) by extension 'ignore_ament_install'
[2.910s] Level 1:colcon.colcon_core.package_identification:_identify(venv/lib/python3.10/site-packages/pip/_internal/resolution/__pycache__) by extensions ['colcon_pkg']
[2.910s] Level 1:colcon.colcon_core.package_identification:_identify(venv/lib/python3.10/site-packages/pip/_internal/resolution/__pycache__) by extension 'colcon_pkg'
[2.910s] Level 1:colcon.colcon_core.package_identification:_identify(venv/lib/python3.10/site-packages/pip/_internal/resolution/__pycache__) by extensions ['colcon_meta']
[2.910s] Level 1:colcon.colcon_core.package_identification:_identify(venv/lib/python3.10/site-packages/pip/_internal/resolution/__pycache__) by extension 'colcon_meta'
[2.910s] Level 1:colcon.colcon_core.package_identification:_identify(venv/lib/python3.10/site-packages/pip/_internal/resolution/__pycache__) by extensions ['ros']
[2.910s] Level 1:colcon.colcon_core.package_identification:_identify(venv/lib/python3.10/site-packages/pip/_internal/resolution/__pycache__) by extension 'ros'
[2.910s] Level 1:colcon.colcon_core.package_identification:_identify(venv/lib/python3.10/site-packages/pip/_internal/resolution/__pycache__) by extensions ['cmake', 'python']
[2.910s] Level 1:colcon.colcon_core.package_identification:_identify(venv/lib/python3.10/site-packages/pip/_internal/resolution/__pycache__) by extension 'cmake'
[2.910s] Level 1:colcon.colcon_core.package_identification:_identify(venv/lib/python3.10/site-packages/pip/_internal/resolution/__pycache__) by extension 'python'
[2.910s] Level 1:colcon.colcon_core.package_identification:_identify(venv/lib/python3.10/site-packages/pip/_internal/resolution/__pycache__) by extensions ['python_setup_py']
[2.910s] Level 1:colcon.colcon_core.package_identification:_identify(venv/lib/python3.10/site-packages/pip/_internal/resolution/__pycache__) by extension 'python_setup_py'
[2.910s] Level 1:colcon.colcon_core.package_identification:_identify(venv/lib/python3.10/site-packages/pip/_internal/resolution/legacy) by extensions ['ignore', 'ignore_ament_install']
[2.910s] Level 1:colcon.colcon_core.package_identification:_identify(venv/lib/python3.10/site-packages/pip/_internal/resolution/legacy) by extension 'ignore'
[2.910s] Level 1:colcon.colcon_core.package_identification:_identify(venv/lib/python3.10/site-packages/pip/_internal/resolution/legacy) by extension 'ignore_ament_install'
[2.911s] Level 1:colcon.colcon_core.package_identification:_identify(venv/lib/python3.10/site-packages/pip/_internal/resolution/legacy) by extensions ['colcon_pkg']
[2.911s] Level 1:colcon.colcon_core.package_identification:_identify(venv/lib/python3.10/site-packages/pip/_internal/resolution/legacy) by extension 'colcon_pkg'
[2.911s] Level 1:colcon.colcon_core.package_identification:_identify(venv/lib/python3.10/site-packages/pip/_internal/resolution/legacy) by extensions ['colcon_meta']
[2.911s] Level 1:colcon.colcon_core.package_identification:_identify(venv/lib/python3.10/site-packages/pip/_internal/resolution/legacy) by extension 'colcon_meta'
[2.911s] Level 1:colcon.colcon_core.package_identification:_identify(venv/lib/python3.10/site-packages/pip/_internal/resolution/legacy) by extensions ['ros']
[2.911s] Level 1:colcon.colcon_core.package_identification:_identify(venv/lib/python3.10/site-packages/pip/_internal/resolution/legacy) by extension 'ros'
[2.911s] Level 1:colcon.colcon_core.package_identification:_identify(venv/lib/python3.10/site-packages/pip/_internal/resolution/legacy) by extensions ['cmake', 'python']
[2.911s] Level 1:colcon.colcon_core.package_identification:_identify(venv/lib/python3.10/site-packages/pip/_internal/resolution/legacy) by extension 'cmake'
[2.911s] Level 1:colcon.colcon_core.package_identification:_identify(venv/lib/python3.10/site-packages/pip/_internal/resolution/legacy) by extension 'python'
[2.911s] Level 1:colcon.colcon_core.package_identification:_identify(venv/lib/python3.10/site-packages/pip/_internal/resolution/legacy) by extensions ['python_setup_py']
[2.911s] Level 1:colcon.colcon_core.package_identification:_identify(venv/lib/python3.10/site-packages/pip/_internal/resolution/legacy) by extension 'python_setup_py'
[2.911s] Level 1:colcon.colcon_core.package_identification:_identify(venv/lib/python3.10/site-packages/pip/_internal/resolution/legacy/__pycache__) by extensions ['ignore', 'ignore_ament_install']
[2.911s] Level 1:colcon.colcon_core.package_identification:_identify(venv/lib/python3.10/site-packages/pip/_internal/resolution/legacy/__pycache__) by extension 'ignore'
[2.911s] Level 1:colcon.colcon_core.package_identification:_identify(venv/lib/python3.10/site-packages/pip/_internal/resolution/legacy/__pycache__) by extension 'ignore_ament_install'
[2.911s] Level 1:colcon.colcon_core.package_identification:_identify(venv/lib/python3.10/site-packages/pip/_internal/resolution/legacy/__pycache__) by extensions ['colcon_pkg']
[2.911s] Level 1:colcon.colcon_core.package_identification:_identify(venv/lib/python3.10/site-packages/pip/_internal/resolution/legacy/__pycache__) by extension 'colcon_pkg'
[2.911s] Level 1:colcon.colcon_core.package_identification:_identify(venv/lib/python3.10/site-packages/pip/_internal/resolution/legacy/__pycache__) by extensions ['colcon_meta']
[2.911s] Level 1:colcon.colcon_core.package_identification:_identify(venv/lib/python3.10/site-packages/pip/_internal/resolution/legacy/__pycache__) by extension 'colcon_meta'
[2.911s] Level 1:colcon.colcon_core.package_identification:_identify(venv/lib/python3.10/site-packages/pip/_internal/resolution/legacy/__pycache__) by extensions ['ros']
[2.911s] Level 1:colcon.colcon_core.package_identification:_identify(venv/lib/python3.10/site-packages/pip/_internal/resolution/legacy/__pycache__) by extension 'ros'
[2.911s] Level 1:colcon.colcon_core.package_identification:_identify(venv/lib/python3.10/site-packages/pip/_internal/resolution/legacy/__pycache__) by extensions ['cmake', 'python']
[2.911s] Level 1:colcon.colcon_core.package_identification:_identify(venv/lib/python3.10/site-packages/pip/_internal/resolution/legacy/__pycache__) by extension 'cmake'
[2.912s] Level 1:colcon.colcon_core.package_identification:_identify(venv/lib/python3.10/site-packages/pip/_internal/resolution/legacy/__pycache__) by extension 'python'
[2.912s] Level 1:colcon.colcon_core.package_identification:_identify(venv/lib/python3.10/site-packages/pip/_internal/resolution/legacy/__pycache__) by extensions ['python_setup_py']
[2.912s] Level 1:colcon.colcon_core.package_identification:_identify(venv/lib/python3.10/site-packages/pip/_internal/resolution/legacy/__pycache__) by extension 'python_setup_py'
[2.912s] Level 1:colcon.colcon_core.package_identification:_identify(venv/lib/python3.10/site-packages/pip/_internal/resolution/resolvelib) by extensions ['ignore', 'ignore_ament_install']
[2.912s] Level 1:colcon.colcon_core.package_identification:_identify(venv/lib/python3.10/site-packages/pip/_internal/resolution/resolvelib) by extension 'ignore'
[2.912s] Level 1:colcon.colcon_core.package_identification:_identify(venv/lib/python3.10/site-packages/pip/_internal/resolution/resolvelib) by extension 'ignore_ament_install'
[2.912s] Level 1:colcon.colcon_core.package_identification:_identify(venv/lib/python3.10/site-packages/pip/_internal/resolution/resolvelib) by extensions ['colcon_pkg']
[2.912s] Level 1:colcon.colcon_core.package_identification:_identify(venv/lib/python3.10/site-packages/pip/_internal/resolution/resolvelib) by extension 'colcon_pkg'
[2.912s] Level 1:colcon.colcon_core.package_identification:_identify(venv/lib/python3.10/site-packages/pip/_internal/resolution/resolvelib) by extensions ['colcon_meta']
[2.912s] Level 1:colcon.colcon_core.package_identification:_identify(venv/lib/python3.10/site-packages/pip/_internal/resolution/resolvelib) by extension 'colcon_meta'
[2.912s] Level 1:colcon.colcon_core.package_identification:_identify(venv/lib/python3.10/site-packages/pip/_internal/resolution/resolvelib) by extensions ['ros']
[2.912s] Level 1:colcon.colcon_core.package_identification:_identify(venv/lib/python3.10/site-packages/pip/_internal/resolution/resolvelib) by extension 'ros'
[2.912s] Level 1:colcon.colcon_core.package_identification:_identify(venv/lib/python3.10/site-packages/pip/_internal/resolution/resolvelib) by extensions ['cmake', 'python']
[2.912s] Level 1:colcon.colcon_core.package_identification:_identify(venv/lib/python3.10/site-packages/pip/_internal/resolution/resolvelib) by extension 'cmake'
[2.912s] Level 1:colcon.colcon_core.package_identification:_identify(venv/lib/python3.10/site-packages/pip/_internal/resolution/resolvelib) by extension 'python'
[2.912s] Level 1:colcon.colcon_core.package_identification:_identify(venv/lib/python3.10/site-packages/pip/_internal/resolution/resolvelib) by extensions ['python_setup_py']
[2.912s] Level 1:colcon.colcon_core.package_identification:_identify(venv/lib/python3.10/site-packages/pip/_internal/resolution/resolvelib) by extension 'python_setup_py'
[2.912s] Level 1:colcon.colcon_core.package_identification:_identify(venv/lib/python3.10/site-packages/pip/_internal/resolution/resolvelib/__pycache__) by extensions ['ignore', 'ignore_ament_install']
[2.912s] Level 1:colcon.colcon_core.package_identification:_identify(venv/lib/python3.10/site-packages/pip/_internal/resolution/resolvelib/__pycache__) by extension 'ignore'
[2.912s] Level 1:colcon.colcon_core.package_identification:_identify(venv/lib/python3.10/site-packages/pip/_internal/resolution/resolvelib/__pycache__) by extension 'ignore_ament_install'
[2.912s] Level 1:colcon.colcon_core.package_identification:_identify(venv/lib/python3.10/site-packages/pip/_internal/resolution/resolvelib/__pycache__) by extensions ['colcon_pkg']
[2.912s] Level 1:colcon.colcon_core.package_identification:_identify(venv/lib/python3.10/site-packages/pip/_internal/resolution/resolvelib/__pycache__) by extension 'colcon_pkg'
[2.912s] Level 1:colcon.colcon_core.package_identification:_identify(venv/lib/python3.10/site-packages/pip/_internal/resolution/resolvelib/__pycache__) by extensions ['colcon_meta']
[2.912s] Level 1:colcon.colcon_core.package_identification:_identify(venv/lib/python3.10/site-packages/pip/_internal/resolution/resolvelib/__pycache__) by extension 'colcon_meta'
[2.912s] Level 1:colcon.colcon_core.package_identification:_identify(venv/lib/python3.10/site-packages/pip/_internal/resolution/resolvelib/__pycache__) by extensions ['ros']
[2.912s] Level 1:colcon.colcon_core.package_identification:_identify(venv/lib/python3.10/site-packages/pip/_internal/resolution/resolvelib/__pycache__) by extension 'ros'
[2.912s] Level 1:colcon.colcon_core.package_identification:_identify(venv/lib/python3.10/site-packages/pip/_internal/resolution/resolvelib/__pycache__) by extensions ['cmake', 'python']
[2.912s] Level 1:colcon.colcon_core.package_identification:_identify(venv/lib/python3.10/site-packages/pip/_internal/resolution/resolvelib/__pycache__) by extension 'cmake'
[2.913s] Level 1:colcon.colcon_core.package_identification:_identify(venv/lib/python3.10/site-packages/pip/_internal/resolution/resolvelib/__pycache__) by extension 'python'
[2.913s] Level 1:colcon.colcon_core.package_identification:_identify(venv/lib/python3.10/site-packages/pip/_internal/resolution/resolvelib/__pycache__) by extensions ['python_setup_py']
[2.913s] Level 1:colcon.colcon_core.package_identification:_identify(venv/lib/python3.10/site-packages/pip/_internal/resolution/resolvelib/__pycache__) by extension 'python_setup_py'
[2.913s] Level 1:colcon.colcon_core.package_identification:_identify(venv/lib/python3.10/site-packages/pip/_internal/utils) by extensions ['ignore', 'ignore_ament_install']
[2.913s] Level 1:colcon.colcon_core.package_identification:_identify(venv/lib/python3.10/site-packages/pip/_internal/utils) by extension 'ignore'
[2.913s] Level 1:colcon.colcon_core.package_identification:_identify(venv/lib/python3.10/site-packages/pip/_internal/utils) by extension 'ignore_ament_install'
[2.913s] Level 1:colcon.colcon_core.package_identification:_identify(venv/lib/python3.10/site-packages/pip/_internal/utils) by extensions ['colcon_pkg']
[2.913s] Level 1:colcon.colcon_core.package_identification:_identify(venv/lib/python3.10/site-packages/pip/_internal/utils) by extension 'colcon_pkg'
[2.913s] Level 1:colcon.colcon_core.package_identification:_identify(venv/lib/python3.10/site-packages/pip/_internal/utils) by extensions ['colcon_meta']
[2.913s] Level 1:colcon.colcon_core.package_identification:_identify(venv/lib/python3.10/site-packages/pip/_internal/utils) by extension 'colcon_meta'
[2.913s] Level 1:colcon.colcon_core.package_identification:_identify(venv/lib/python3.10/site-packages/pip/_internal/utils) by extensions ['ros']
[2.913s] Level 1:colcon.colcon_core.package_identification:_identify(venv/lib/python3.10/site-packages/pip/_internal/utils) by extension 'ros'
[2.913s] Level 1:colcon.colcon_core.package_identification:_identify(venv/lib/python3.10/site-packages/pip/_internal/utils) by extensions ['cmake', 'python']
[2.913s] Level 1:colcon.colcon_core.package_identification:_identify(venv/lib/python3.10/site-packages/pip/_internal/utils) by extension 'cmake'
[2.913s] Level 1:colcon.colcon_core.package_identification:_identify(venv/lib/python3.10/site-packages/pip/_internal/utils) by extension 'python'
[2.913s] Level 1:colcon.colcon_core.package_identification:_identify(venv/lib/python3.10/site-packages/pip/_internal/utils) by extensions ['python_setup_py']
[2.913s] Level 1:colcon.colcon_core.package_identification:_identify(venv/lib/python3.10/site-packages/pip/_internal/utils) by extension 'python_setup_py'
[2.913s] Level 1:colcon.colcon_core.package_identification:_identify(venv/lib/python3.10/site-packages/pip/_internal/utils/__pycache__) by extensions ['ignore', 'ignore_ament_install']
[2.913s] Level 1:colcon.colcon_core.package_identification:_identify(venv/lib/python3.10/site-packages/pip/_internal/utils/__pycache__) by extension 'ignore'
[2.913s] Level 1:colcon.colcon_core.package_identification:_identify(venv/lib/python3.10/site-packages/pip/_internal/utils/__pycache__) by extension 'ignore_ament_install'
[2.913s] Level 1:colcon.colcon_core.package_identification:_identify(venv/lib/python3.10/site-packages/pip/_internal/utils/__pycache__) by extensions ['colcon_pkg']
[2.913s] Level 1:colcon.colcon_core.package_identification:_identify(venv/lib/python3.10/site-packages/pip/_internal/utils/__pycache__) by extension 'colcon_pkg'
[2.913s] Level 1:colcon.colcon_core.package_identification:_identify(venv/lib/python3.10/site-packages/pip/_internal/utils/__pycache__) by extensions ['colcon_meta']
[2.913s] Level 1:colcon.colcon_core.package_identification:_identify(venv/lib/python3.10/site-packages/pip/_internal/utils/__pycache__) by extension 'colcon_meta'
[2.913s] Level 1:colcon.colcon_core.package_identification:_identify(venv/lib/python3.10/site-packages/pip/_internal/utils/__pycache__) by extensions ['ros']
[2.913s] Level 1:colcon.colcon_core.package_identification:_identify(venv/lib/python3.10/site-packages/pip/_internal/utils/__pycache__) by extension 'ros'
[2.914s] Level 1:colcon.colcon_core.package_identification:_identify(venv/lib/python3.10/site-packages/pip/_internal/utils/__pycache__) by extensions ['cmake', 'python']
[2.914s] Level 1:colcon.colcon_core.package_identification:_identify(venv/lib/python3.10/site-packages/pip/_internal/utils/__pycache__) by extension 'cmake'
[2.914s] Level 1:colcon.colcon_core.package_identification:_identify(venv/lib/python3.10/site-packages/pip/_internal/utils/__pycache__) by extension 'python'
[2.914s] Level 1:colcon.colcon_core.package_identification:_identify(venv/lib/python3.10/site-packages/pip/_internal/utils/__pycache__) by extensions ['python_setup_py']
[2.914s] Level 1:colcon.colcon_core.package_identification:_identify(venv/lib/python3.10/site-packages/pip/_internal/utils/__pycache__) by extension 'python_setup_py'
[2.914s] Level 1:colcon.colcon_core.package_identification:_identify(venv/lib/python3.10/site-packages/pip/_internal/vcs) by extensions ['ignore', 'ignore_ament_install']
[2.914s] Level 1:colcon.colcon_core.package_identification:_identify(venv/lib/python3.10/site-packages/pip/_internal/vcs) by extension 'ignore'
[2.914s] Level 1:colcon.colcon_core.package_identification:_identify(venv/lib/python3.10/site-packages/pip/_internal/vcs) by extension 'ignore_ament_install'
[2.914s] Level 1:colcon.colcon_core.package_identification:_identify(venv/lib/python3.10/site-packages/pip/_internal/vcs) by extensions ['colcon_pkg']
[2.914s] Level 1:colcon.colcon_core.package_identification:_identify(venv/lib/python3.10/site-packages/pip/_internal/vcs) by extension 'colcon_pkg'
[2.914s] Level 1:colcon.colcon_core.package_identification:_identify(venv/lib/python3.10/site-packages/pip/_internal/vcs) by extensions ['colcon_meta']
[2.914s] Level 1:colcon.colcon_core.package_identification:_identify(venv/lib/python3.10/site-packages/pip/_internal/vcs) by extension 'colcon_meta'
[2.914s] Level 1:colcon.colcon_core.package_identification:_identify(venv/lib/python3.10/site-packages/pip/_internal/vcs) by extensions ['ros']
[2.914s] Level 1:colcon.colcon_core.package_identification:_identify(venv/lib/python3.10/site-packages/pip/_internal/vcs) by extension 'ros'
[2.914s] Level 1:colcon.colcon_core.package_identification:_identify(venv/lib/python3.10/site-packages/pip/_internal/vcs) by extensions ['cmake', 'python']
[2.914s] Level 1:colcon.colcon_core.package_identification:_identify(venv/lib/python3.10/site-packages/pip/_internal/vcs) by extension 'cmake'
[2.914s] Level 1:colcon.colcon_core.package_identification:_identify(venv/lib/python3.10/site-packages/pip/_internal/vcs) by extension 'python'
[2.914s] Level 1:colcon.colcon_core.package_identification:_identify(venv/lib/python3.10/site-packages/pip/_internal/vcs) by extensions ['python_setup_py']
[2.914s] Level 1:colcon.colcon_core.package_identification:_identify(venv/lib/python3.10/site-packages/pip/_internal/vcs) by extension 'python_setup_py'
[2.914s] Level 1:colcon.colcon_core.package_identification:_identify(venv/lib/python3.10/site-packages/pip/_internal/vcs/__pycache__) by extensions ['ignore', 'ignore_ament_install']
[2.914s] Level 1:colcon.colcon_core.package_identification:_identify(venv/lib/python3.10/site-packages/pip/_internal/vcs/__pycache__) by extension 'ignore'
[2.914s] Level 1:colcon.colcon_core.package_identification:_identify(venv/lib/python3.10/site-packages/pip/_internal/vcs/__pycache__) by extension 'ignore_ament_install'
[2.914s] Level 1:colcon.colcon_core.package_identification:_identify(venv/lib/python3.10/site-packages/pip/_internal/vcs/__pycache__) by extensions ['colcon_pkg']
[2.914s] Level 1:colcon.colcon_core.package_identification:_identify(venv/lib/python3.10/site-packages/pip/_internal/vcs/__pycache__) by extension 'colcon_pkg'
[2.914s] Level 1:colcon.colcon_core.package_identification:_identify(venv/lib/python3.10/site-packages/pip/_internal/vcs/__pycache__) by extensions ['colcon_meta']
[2.914s] Level 1:colcon.colcon_core.package_identification:_identify(venv/lib/python3.10/site-packages/pip/_internal/vcs/__pycache__) by extension 'colcon_meta'
[2.914s] Level 1:colcon.colcon_core.package_identification:_identify(venv/lib/python3.10/site-packages/pip/_internal/vcs/__pycache__) by extensions ['ros']
[2.914s] Level 1:colcon.colcon_core.package_identification:_identify(venv/lib/python3.10/site-packages/pip/_internal/vcs/__pycache__) by extension 'ros'
[2.915s] Level 1:colcon.colcon_core.package_identification:_identify(venv/lib/python3.10/site-packages/pip/_internal/vcs/__pycache__) by extensions ['cmake', 'python']
[2.915s] Level 1:colcon.colcon_core.package_identification:_identify(venv/lib/python3.10/site-packages/pip/_internal/vcs/__pycache__) by extension 'cmake'
[2.915s] Level 1:colcon.colcon_core.package_identification:_identify(venv/lib/python3.10/site-packages/pip/_internal/vcs/__pycache__) by extension 'python'
[2.915s] Level 1:colcon.colcon_core.package_identification:_identify(venv/lib/python3.10/site-packages/pip/_internal/vcs/__pycache__) by extensions ['python_setup_py']
[2.915s] Level 1:colcon.colcon_core.package_identification:_identify(venv/lib/python3.10/site-packages/pip/_internal/vcs/__pycache__) by extension 'python_setup_py'
[2.915s] Level 1:colcon.colcon_core.package_identification:_identify(venv/lib/python3.10/site-packages/pip/_vendor) by extensions ['ignore', 'ignore_ament_install']
[2.915s] Level 1:colcon.colcon_core.package_identification:_identify(venv/lib/python3.10/site-packages/pip/_vendor) by extension 'ignore'
[2.915s] Level 1:colcon.colcon_core.package_identification:_identify(venv/lib/python3.10/site-packages/pip/_vendor) by extension 'ignore_ament_install'
[2.915s] Level 1:colcon.colcon_core.package_identification:_identify(venv/lib/python3.10/site-packages/pip/_vendor) by extensions ['colcon_pkg']
[2.915s] Level 1:colcon.colcon_core.package_identification:_identify(venv/lib/python3.10/site-packages/pip/_vendor) by extension 'colcon_pkg'
[2.915s] Level 1:colcon.colcon_core.package_identification:_identify(venv/lib/python3.10/site-packages/pip/_vendor) by extensions ['colcon_meta']
[2.915s] Level 1:colcon.colcon_core.package_identification:_identify(venv/lib/python3.10/site-packages/pip/_vendor) by extension 'colcon_meta'
[2.915s] Level 1:colcon.colcon_core.package_identification:_identify(venv/lib/python3.10/site-packages/pip/_vendor) by extensions ['ros']
[2.915s] Level 1:colcon.colcon_core.package_identification:_identify(venv/lib/python3.10/site-packages/pip/_vendor) by extension 'ros'
[2.915s] Level 1:colcon.colcon_core.package_identification:_identify(venv/lib/python3.10/site-packages/pip/_vendor) by extensions ['cmake', 'python']
[2.915s] Level 1:colcon.colcon_core.package_identification:_identify(venv/lib/python3.10/site-packages/pip/_vendor) by extension 'cmake'
[2.915s] Level 1:colcon.colcon_core.package_identification:_identify(venv/lib/python3.10/site-packages/pip/_vendor) by extension 'python'
[2.915s] Level 1:colcon.colcon_core.package_identification:_identify(venv/lib/python3.10/site-packages/pip/_vendor) by extensions ['python_setup_py']
[2.915s] Level 1:colcon.colcon_core.package_identification:_identify(venv/lib/python3.10/site-packages/pip/_vendor) by extension 'python_setup_py'
[2.915s] Level 1:colcon.colcon_core.package_identification:_identify(venv/lib/python3.10/site-packages/pip/_vendor/__pycache__) by extensions ['ignore', 'ignore_ament_install']
[2.915s] Level 1:colcon.colcon_core.package_identification:_identify(venv/lib/python3.10/site-packages/pip/_vendor/__pycache__) by extension 'ignore'
[2.915s] Level 1:colcon.colcon_core.package_identification:_identify(venv/lib/python3.10/site-packages/pip/_vendor/__pycache__) by extension 'ignore_ament_install'
[2.915s] Level 1:colcon.colcon_core.package_identification:_identify(venv/lib/python3.10/site-packages/pip/_vendor/__pycache__) by extensions ['colcon_pkg']
[2.915s] Level 1:colcon.colcon_core.package_identification:_identify(venv/lib/python3.10/site-packages/pip/_vendor/__pycache__) by extension 'colcon_pkg'
[2.915s] Level 1:colcon.colcon_core.package_identification:_identify(venv/lib/python3.10/site-packages/pip/_vendor/__pycache__) by extensions ['colcon_meta']
[2.915s] Level 1:colcon.colcon_core.package_identification:_identify(venv/lib/python3.10/site-packages/pip/_vendor/__pycache__) by extension 'colcon_meta'
[2.915s] Level 1:colcon.colcon_core.package_identification:_identify(venv/lib/python3.10/site-packages/pip/_vendor/__pycache__) by extensions ['ros']
[2.915s] Level 1:colcon.colcon_core.package_identification:_identify(venv/lib/python3.10/site-packages/pip/_vendor/__pycache__) by extension 'ros'
[2.916s] Level 1:colcon.colcon_core.package_identification:_identify(venv/lib/python3.10/site-packages/pip/_vendor/__pycache__) by extensions ['cmake', 'python']
[2.916s] Level 1:colcon.colcon_core.package_identification:_identify(venv/lib/python3.10/site-packages/pip/_vendor/__pycache__) by extension 'cmake'
[2.916s] Level 1:colcon.colcon_core.package_identification:_identify(venv/lib/python3.10/site-packages/pip/_vendor/__pycache__) by extension 'python'
[2.916s] Level 1:colcon.colcon_core.package_identification:_identify(venv/lib/python3.10/site-packages/pip/_vendor/__pycache__) by extensions ['python_setup_py']
[2.916s] Level 1:colcon.colcon_core.package_identification:_identify(venv/lib/python3.10/site-packages/pip/_vendor/__pycache__) by extension 'python_setup_py'
[2.916s] Level 1:colcon.colcon_core.package_identification:_identify(venv/lib/python3.10/site-packages/pip/_vendor/cachecontrol) by extensions ['ignore', 'ignore_ament_install']
[2.916s] Level 1:colcon.colcon_core.package_identification:_identify(venv/lib/python3.10/site-packages/pip/_vendor/cachecontrol) by extension 'ignore'
[2.916s] Level 1:colcon.colcon_core.package_identification:_identify(venv/lib/python3.10/site-packages/pip/_vendor/cachecontrol) by extension 'ignore_ament_install'
[2.916s] Level 1:colcon.colcon_core.package_identification:_identify(venv/lib/python3.10/site-packages/pip/_vendor/cachecontrol) by extensions ['colcon_pkg']
[2.916s] Level 1:colcon.colcon_core.package_identification:_identify(venv/lib/python3.10/site-packages/pip/_vendor/cachecontrol) by extension 'colcon_pkg'
[2.916s] Level 1:colcon.colcon_core.package_identification:_identify(venv/lib/python3.10/site-packages/pip/_vendor/cachecontrol) by extensions ['colcon_meta']
[2.916s] Level 1:colcon.colcon_core.package_identification:_identify(venv/lib/python3.10/site-packages/pip/_vendor/cachecontrol) by extension 'colcon_meta'
[2.916s] Level 1:colcon.colcon_core.package_identification:_identify(venv/lib/python3.10/site-packages/pip/_vendor/cachecontrol) by extensions ['ros']
[2.916s] Level 1:colcon.colcon_core.package_identification:_identify(venv/lib/python3.10/site-packages/pip/_vendor/cachecontrol) by extension 'ros'
[2.916s] Level 1:colcon.colcon_core.package_identification:_identify(venv/lib/python3.10/site-packages/pip/_vendor/cachecontrol) by extensions ['cmake', 'python']
[2.916s] Level 1:colcon.colcon_core.package_identification:_identify(venv/lib/python3.10/site-packages/pip/_vendor/cachecontrol) by extension 'cmake'
[2.916s] Level 1:colcon.colcon_core.package_identification:_identify(venv/lib/python3.10/site-packages/pip/_vendor/cachecontrol) by extension 'python'
[2.916s] Level 1:colcon.colcon_core.package_identification:_identify(venv/lib/python3.10/site-packages/pip/_vendor/cachecontrol) by extensions ['python_setup_py']
[2.916s] Level 1:colcon.colcon_core.package_identification:_identify(venv/lib/python3.10/site-packages/pip/_vendor/cachecontrol) by extension 'python_setup_py'
[2.916s] Level 1:colcon.colcon_core.package_identification:_identify(venv/lib/python3.10/site-packages/pip/_vendor/cachecontrol/__pycache__) by extensions ['ignore', 'ignore_ament_install']
[2.916s] Level 1:colcon.colcon_core.package_identification:_identify(venv/lib/python3.10/site-packages/pip/_vendor/cachecontrol/__pycache__) by extension 'ignore'
[2.916s] Level 1:colcon.colcon_core.package_identification:_identify(venv/lib/python3.10/site-packages/pip/_vendor/cachecontrol/__pycache__) by extension 'ignore_ament_install'
[2.916s] Level 1:colcon.colcon_core.package_identification:_identify(venv/lib/python3.10/site-packages/pip/_vendor/cachecontrol/__pycache__) by extensions ['colcon_pkg']
[2.916s] Level 1:colcon.colcon_core.package_identification:_identify(venv/lib/python3.10/site-packages/pip/_vendor/cachecontrol/__pycache__) by extension 'colcon_pkg'
[2.916s] Level 1:colcon.colcon_core.package_identification:_identify(venv/lib/python3.10/site-packages/pip/_vendor/cachecontrol/__pycache__) by extensions ['colcon_meta']
[2.916s] Level 1:colcon.colcon_core.package_identification:_identify(venv/lib/python3.10/site-packages/pip/_vendor/cachecontrol/__pycache__) by extension 'colcon_meta'
[2.916s] Level 1:colcon.colcon_core.package_identification:_identify(venv/lib/python3.10/site-packages/pip/_vendor/cachecontrol/__pycache__) by extensions ['ros']
[2.916s] Level 1:colcon.colcon_core.package_identification:_identify(venv/lib/python3.10/site-packages/pip/_vendor/cachecontrol/__pycache__) by extension 'ros'
[2.916s] Level 1:colcon.colcon_core.package_identification:_identify(venv/lib/python3.10/site-packages/pip/_vendor/cachecontrol/__pycache__) by extensions ['cmake', 'python']
[2.917s] Level 1:colcon.colcon_core.package_identification:_identify(venv/lib/python3.10/site-packages/pip/_vendor/cachecontrol/__pycache__) by extension 'cmake'
[2.917s] Level 1:colcon.colcon_core.package_identification:_identify(venv/lib/python3.10/site-packages/pip/_vendor/cachecontrol/__pycache__) by extension 'python'
[2.917s] Level 1:colcon.colcon_core.package_identification:_identify(venv/lib/python3.10/site-packages/pip/_vendor/cachecontrol/__pycache__) by extensions ['python_setup_py']
[2.917s] Level 1:colcon.colcon_core.package_identification:_identify(venv/lib/python3.10/site-packages/pip/_vendor/cachecontrol/__pycache__) by extension 'python_setup_py'
[2.917s] Level 1:colcon.colcon_core.package_identification:_identify(venv/lib/python3.10/site-packages/pip/_vendor/cachecontrol/caches) by extensions ['ignore', 'ignore_ament_install']
[2.917s] Level 1:colcon.colcon_core.package_identification:_identify(venv/lib/python3.10/site-packages/pip/_vendor/cachecontrol/caches) by extension 'ignore'
[2.917s] Level 1:colcon.colcon_core.package_identification:_identify(venv/lib/python3.10/site-packages/pip/_vendor/cachecontrol/caches) by extension 'ignore_ament_install'
[2.917s] Level 1:colcon.colcon_core.package_identification:_identify(venv/lib/python3.10/site-packages/pip/_vendor/cachecontrol/caches) by extensions ['colcon_pkg']
[2.917s] Level 1:colcon.colcon_core.package_identification:_identify(venv/lib/python3.10/site-packages/pip/_vendor/cachecontrol/caches) by extension 'colcon_pkg'
[2.917s] Level 1:colcon.colcon_core.package_identification:_identify(venv/lib/python3.10/site-packages/pip/_vendor/cachecontrol/caches) by extensions ['colcon_meta']
[2.917s] Level 1:colcon.colcon_core.package_identification:_identify(venv/lib/python3.10/site-packages/pip/_vendor/cachecontrol/caches) by extension 'colcon_meta'
[2.917s] Level 1:colcon.colcon_core.package_identification:_identify(venv/lib/python3.10/site-packages/pip/_vendor/cachecontrol/caches) by extensions ['ros']
[2.917s] Level 1:colcon.colcon_core.package_identification:_identify(venv/lib/python3.10/site-packages/pip/_vendor/cachecontrol/caches) by extension 'ros'
[2.917s] Level 1:colcon.colcon_core.package_identification:_identify(venv/lib/python3.10/site-packages/pip/_vendor/cachecontrol/caches) by extensions ['cmake', 'python']
[2.917s] Level 1:colcon.colcon_core.package_identification:_identify(venv/lib/python3.10/site-packages/pip/_vendor/cachecontrol/caches) by extension 'cmake'
[2.917s] Level 1:colcon.colcon_core.package_identification:_identify(venv/lib/python3.10/site-packages/pip/_vendor/cachecontrol/caches) by extension 'python'
[2.917s] Level 1:colcon.colcon_core.package_identification:_identify(venv/lib/python3.10/site-packages/pip/_vendor/cachecontrol/caches) by extensions ['python_setup_py']
[2.917s] Level 1:colcon.colcon_core.package_identification:_identify(venv/lib/python3.10/site-packages/pip/_vendor/cachecontrol/caches) by extension 'python_setup_py'
[2.917s] Level 1:colcon.colcon_core.package_identification:_identify(venv/lib/python3.10/site-packages/pip/_vendor/cachecontrol/caches/__pycache__) by extensions ['ignore', 'ignore_ament_install']
[2.917s] Level 1:colcon.colcon_core.package_identification:_identify(venv/lib/python3.10/site-packages/pip/_vendor/cachecontrol/caches/__pycache__) by extension 'ignore'
[2.917s] Level 1:colcon.colcon_core.package_identification:_identify(venv/lib/python3.10/site-packages/pip/_vendor/cachecontrol/caches/__pycache__) by extension 'ignore_ament_install'
[2.917s] Level 1:colcon.colcon_core.package_identification:_identify(venv/lib/python3.10/site-packages/pip/_vendor/cachecontrol/caches/__pycache__) by extensions ['colcon_pkg']
[2.917s] Level 1:colcon.colcon_core.package_identification:_identify(venv/lib/python3.10/site-packages/pip/_vendor/cachecontrol/caches/__pycache__) by extension 'colcon_pkg'
[2.917s] Level 1:colcon.colcon_core.package_identification:_identify(venv/lib/python3.10/site-packages/pip/_vendor/cachecontrol/caches/__pycache__) by extensions ['colcon_meta']
[2.917s] Level 1:colcon.colcon_core.package_identification:_identify(venv/lib/python3.10/site-packages/pip/_vendor/cachecontrol/caches/__pycache__) by extension 'colcon_meta'
[2.917s] Level 1:colcon.colcon_core.package_identification:_identify(venv/lib/python3.10/site-packages/pip/_vendor/cachecontrol/caches/__pycache__) by extensions ['ros']
[2.917s] Level 1:colcon.colcon_core.package_identification:_identify(venv/lib/python3.10/site-packages/pip/_vendor/cachecontrol/caches/__pycache__) by extension 'ros'
[2.917s] Level 1:colcon.colcon_core.package_identification:_identify(venv/lib/python3.10/site-packages/pip/_vendor/cachecontrol/caches/__pycache__) by extensions ['cmake', 'python']
[2.917s] Level 1:colcon.colcon_core.package_identification:_identify(venv/lib/python3.10/site-packages/pip/_vendor/cachecontrol/caches/__pycache__) by extension 'cmake'
[2.918s] Level 1:colcon.colcon_core.package_identification:_identify(venv/lib/python3.10/site-packages/pip/_vendor/cachecontrol/caches/__pycache__) by extension 'python'
[2.918s] Level 1:colcon.colcon_core.package_identification:_identify(venv/lib/python3.10/site-packages/pip/_vendor/cachecontrol/caches/__pycache__) by extensions ['python_setup_py']
[2.918s] Level 1:colcon.colcon_core.package_identification:_identify(venv/lib/python3.10/site-packages/pip/_vendor/cachecontrol/caches/__pycache__) by extension 'python_setup_py'
[2.918s] Level 1:colcon.colcon_core.package_identification:_identify(venv/lib/python3.10/site-packages/pip/_vendor/certifi) by extensions ['ignore', 'ignore_ament_install']
[2.918s] Level 1:colcon.colcon_core.package_identification:_identify(venv/lib/python3.10/site-packages/pip/_vendor/certifi) by extension 'ignore'
[2.918s] Level 1:colcon.colcon_core.package_identification:_identify(venv/lib/python3.10/site-packages/pip/_vendor/certifi) by extension 'ignore_ament_install'
[2.918s] Level 1:colcon.colcon_core.package_identification:_identify(venv/lib/python3.10/site-packages/pip/_vendor/certifi) by extensions ['colcon_pkg']
[2.918s] Level 1:colcon.colcon_core.package_identification:_identify(venv/lib/python3.10/site-packages/pip/_vendor/certifi) by extension 'colcon_pkg'
[2.918s] Level 1:colcon.colcon_core.package_identification:_identify(venv/lib/python3.10/site-packages/pip/_vendor/certifi) by extensions ['colcon_meta']
[2.918s] Level 1:colcon.colcon_core.package_identification:_identify(venv/lib/python3.10/site-packages/pip/_vendor/certifi) by extension 'colcon_meta'
[2.918s] Level 1:colcon.colcon_core.package_identification:_identify(venv/lib/python3.10/site-packages/pip/_vendor/certifi) by extensions ['ros']
[2.918s] Level 1:colcon.colcon_core.package_identification:_identify(venv/lib/python3.10/site-packages/pip/_vendor/certifi) by extension 'ros'
[2.918s] Level 1:colcon.colcon_core.package_identification:_identify(venv/lib/python3.10/site-packages/pip/_vendor/certifi) by extensions ['cmake', 'python']
[2.918s] Level 1:colcon.colcon_core.package_identification:_identify(venv/lib/python3.10/site-packages/pip/_vendor/certifi) by extension 'cmake'
[2.918s] Level 1:colcon.colcon_core.package_identification:_identify(venv/lib/python3.10/site-packages/pip/_vendor/certifi) by extension 'python'
[2.918s] Level 1:colcon.colcon_core.package_identification:_identify(venv/lib/python3.10/site-packages/pip/_vendor/certifi) by extensions ['python_setup_py']
[2.918s] Level 1:colcon.colcon_core.package_identification:_identify(venv/lib/python3.10/site-packages/pip/_vendor/certifi) by extension 'python_setup_py'
[2.918s] Level 1:colcon.colcon_core.package_identification:_identify(venv/lib/python3.10/site-packages/pip/_vendor/certifi/__pycache__) by extensions ['ignore', 'ignore_ament_install']
[2.918s] Level 1:colcon.colcon_core.package_identification:_identify(venv/lib/python3.10/site-packages/pip/_vendor/certifi/__pycache__) by extension 'ignore'
[2.918s] Level 1:colcon.colcon_core.package_identification:_identify(venv/lib/python3.10/site-packages/pip/_vendor/certifi/__pycache__) by extension 'ignore_ament_install'
[2.918s] Level 1:colcon.colcon_core.package_identification:_identify(venv/lib/python3.10/site-packages/pip/_vendor/certifi/__pycache__) by extensions ['colcon_pkg']
[2.918s] Level 1:colcon.colcon_core.package_identification:_identify(venv/lib/python3.10/site-packages/pip/_vendor/certifi/__pycache__) by extension 'colcon_pkg'
[2.918s] Level 1:colcon.colcon_core.package_identification:_identify(venv/lib/python3.10/site-packages/pip/_vendor/certifi/__pycache__) by extensions ['colcon_meta']
[2.918s] Level 1:colcon.colcon_core.package_identification:_identify(venv/lib/python3.10/site-packages/pip/_vendor/certifi/__pycache__) by extension 'colcon_meta'
[2.918s] Level 1:colcon.colcon_core.package_identification:_identify(venv/lib/python3.10/site-packages/pip/_vendor/certifi/__pycache__) by extensions ['ros']
[2.918s] Level 1:colcon.colcon_core.package_identification:_identify(venv/lib/python3.10/site-packages/pip/_vendor/certifi/__pycache__) by extension 'ros'
[2.918s] Level 1:colcon.colcon_core.package_identification:_identify(venv/lib/python3.10/site-packages/pip/_vendor/certifi/__pycache__) by extensions ['cmake', 'python']
[2.918s] Level 1:colcon.colcon_core.package_identification:_identify(venv/lib/python3.10/site-packages/pip/_vendor/certifi/__pycache__) by extension 'cmake'
[2.919s] Level 1:colcon.colcon_core.package_identification:_identify(venv/lib/python3.10/site-packages/pip/_vendor/certifi/__pycache__) by extension 'python'
[2.919s] Level 1:colcon.colcon_core.package_identification:_identify(venv/lib/python3.10/site-packages/pip/_vendor/certifi/__pycache__) by extensions ['python_setup_py']
[2.919s] Level 1:colcon.colcon_core.package_identification:_identify(venv/lib/python3.10/site-packages/pip/_vendor/certifi/__pycache__) by extension 'python_setup_py'
[2.919s] Level 1:colcon.colcon_core.package_identification:_identify(venv/lib/python3.10/site-packages/pip/_vendor/chardet) by extensions ['ignore', 'ignore_ament_install']
[2.919s] Level 1:colcon.colcon_core.package_identification:_identify(venv/lib/python3.10/site-packages/pip/_vendor/chardet) by extension 'ignore'
[2.919s] Level 1:colcon.colcon_core.package_identification:_identify(venv/lib/python3.10/site-packages/pip/_vendor/chardet) by extension 'ignore_ament_install'
[2.919s] Level 1:colcon.colcon_core.package_identification:_identify(venv/lib/python3.10/site-packages/pip/_vendor/chardet) by extensions ['colcon_pkg']
[2.919s] Level 1:colcon.colcon_core.package_identification:_identify(venv/lib/python3.10/site-packages/pip/_vendor/chardet) by extension 'colcon_pkg'
[2.919s] Level 1:colcon.colcon_core.package_identification:_identify(venv/lib/python3.10/site-packages/pip/_vendor/chardet) by extensions ['colcon_meta']
[2.919s] Level 1:colcon.colcon_core.package_identification:_identify(venv/lib/python3.10/site-packages/pip/_vendor/chardet) by extension 'colcon_meta'
[2.919s] Level 1:colcon.colcon_core.package_identification:_identify(venv/lib/python3.10/site-packages/pip/_vendor/chardet) by extensions ['ros']
[2.919s] Level 1:colcon.colcon_core.package_identification:_identify(venv/lib/python3.10/site-packages/pip/_vendor/chardet) by extension 'ros'
[2.919s] Level 1:colcon.colcon_core.package_identification:_identify(venv/lib/python3.10/site-packages/pip/_vendor/chardet) by extensions ['cmake', 'python']
[2.919s] Level 1:colcon.colcon_core.package_identification:_identify(venv/lib/python3.10/site-packages/pip/_vendor/chardet) by extension 'cmake'
[2.919s] Level 1:colcon.colcon_core.package_identification:_identify(venv/lib/python3.10/site-packages/pip/_vendor/chardet) by extension 'python'
[2.919s] Level 1:colcon.colcon_core.package_identification:_identify(venv/lib/python3.10/site-packages/pip/_vendor/chardet) by extensions ['python_setup_py']
[2.919s] Level 1:colcon.colcon_core.package_identification:_identify(venv/lib/python3.10/site-packages/pip/_vendor/chardet) by extension 'python_setup_py'
[2.919s] Level 1:colcon.colcon_core.package_identification:_identify(venv/lib/python3.10/site-packages/pip/_vendor/chardet/__pycache__) by extensions ['ignore', 'ignore_ament_install']
[2.919s] Level 1:colcon.colcon_core.package_identification:_identify(venv/lib/python3.10/site-packages/pip/_vendor/chardet/__pycache__) by extension 'ignore'
[2.919s] Level 1:colcon.colcon_core.package_identification:_identify(venv/lib/python3.10/site-packages/pip/_vendor/chardet/__pycache__) by extension 'ignore_ament_install'
[2.919s] Level 1:colcon.colcon_core.package_identification:_identify(venv/lib/python3.10/site-packages/pip/_vendor/chardet/__pycache__) by extensions ['colcon_pkg']
[2.919s] Level 1:colcon.colcon_core.package_identification:_identify(venv/lib/python3.10/site-packages/pip/_vendor/chardet/__pycache__) by extension 'colcon_pkg'
[2.919s] Level 1:colcon.colcon_core.package_identification:_identify(venv/lib/python3.10/site-packages/pip/_vendor/chardet/__pycache__) by extensions ['colcon_meta']
[2.919s] Level 1:colcon.colcon_core.package_identification:_identify(venv/lib/python3.10/site-packages/pip/_vendor/chardet/__pycache__) by extension 'colcon_meta'
[2.919s] Level 1:colcon.colcon_core.package_identification:_identify(venv/lib/python3.10/site-packages/pip/_vendor/chardet/__pycache__) by extensions ['ros']
[2.919s] Level 1:colcon.colcon_core.package_identification:_identify(venv/lib/python3.10/site-packages/pip/_vendor/chardet/__pycache__) by extension 'ros'
[2.920s] Level 1:colcon.colcon_core.package_identification:_identify(venv/lib/python3.10/site-packages/pip/_vendor/chardet/__pycache__) by extensions ['cmake', 'python']
[2.920s] Level 1:colcon.colcon_core.package_identification:_identify(venv/lib/python3.10/site-packages/pip/_vendor/chardet/__pycache__) by extension 'cmake'
[2.920s] Level 1:colcon.colcon_core.package_identification:_identify(venv/lib/python3.10/site-packages/pip/_vendor/chardet/__pycache__) by extension 'python'
[2.920s] Level 1:colcon.colcon_core.package_identification:_identify(venv/lib/python3.10/site-packages/pip/_vendor/chardet/__pycache__) by extensions ['python_setup_py']
[2.920s] Level 1:colcon.colcon_core.package_identification:_identify(venv/lib/python3.10/site-packages/pip/_vendor/chardet/__pycache__) by extension 'python_setup_py'
[2.920s] Level 1:colcon.colcon_core.package_identification:_identify(venv/lib/python3.10/site-packages/pip/_vendor/chardet/cli) by extensions ['ignore', 'ignore_ament_install']
[2.920s] Level 1:colcon.colcon_core.package_identification:_identify(venv/lib/python3.10/site-packages/pip/_vendor/chardet/cli) by extension 'ignore'
[2.920s] Level 1:colcon.colcon_core.package_identification:_identify(venv/lib/python3.10/site-packages/pip/_vendor/chardet/cli) by extension 'ignore_ament_install'
[2.920s] Level 1:colcon.colcon_core.package_identification:_identify(venv/lib/python3.10/site-packages/pip/_vendor/chardet/cli) by extensions ['colcon_pkg']
[2.920s] Level 1:colcon.colcon_core.package_identification:_identify(venv/lib/python3.10/site-packages/pip/_vendor/chardet/cli) by extension 'colcon_pkg'
[2.920s] Level 1:colcon.colcon_core.package_identification:_identify(venv/lib/python3.10/site-packages/pip/_vendor/chardet/cli) by extensions ['colcon_meta']
[2.920s] Level 1:colcon.colcon_core.package_identification:_identify(venv/lib/python3.10/site-packages/pip/_vendor/chardet/cli) by extension 'colcon_meta'
[2.920s] Level 1:colcon.colcon_core.package_identification:_identify(venv/lib/python3.10/site-packages/pip/_vendor/chardet/cli) by extensions ['ros']
[2.920s] Level 1:colcon.colcon_core.package_identification:_identify(venv/lib/python3.10/site-packages/pip/_vendor/chardet/cli) by extension 'ros'
[2.920s] Level 1:colcon.colcon_core.package_identification:_identify(venv/lib/python3.10/site-packages/pip/_vendor/chardet/cli) by extensions ['cmake', 'python']
[2.920s] Level 1:colcon.colcon_core.package_identification:_identify(venv/lib/python3.10/site-packages/pip/_vendor/chardet/cli) by extension 'cmake'
[2.920s] Level 1:colcon.colcon_core.package_identification:_identify(venv/lib/python3.10/site-packages/pip/_vendor/chardet/cli) by extension 'python'
[2.920s] Level 1:colcon.colcon_core.package_identification:_identify(venv/lib/python3.10/site-packages/pip/_vendor/chardet/cli) by extensions ['python_setup_py']
[2.920s] Level 1:colcon.colcon_core.package_identification:_identify(venv/lib/python3.10/site-packages/pip/_vendor/chardet/cli) by extension 'python_setup_py'
[2.920s] Level 1:colcon.colcon_core.package_identification:_identify(venv/lib/python3.10/site-packages/pip/_vendor/chardet/cli/__pycache__) by extensions ['ignore', 'ignore_ament_install']
[2.920s] Level 1:colcon.colcon_core.package_identification:_identify(venv/lib/python3.10/site-packages/pip/_vendor/chardet/cli/__pycache__) by extension 'ignore'
[2.920s] Level 1:colcon.colcon_core.package_identification:_identify(venv/lib/python3.10/site-packages/pip/_vendor/chardet/cli/__pycache__) by extension 'ignore_ament_install'
[2.920s] Level 1:colcon.colcon_core.package_identification:_identify(venv/lib/python3.10/site-packages/pip/_vendor/chardet/cli/__pycache__) by extensions ['colcon_pkg']
[2.920s] Level 1:colcon.colcon_core.package_identification:_identify(venv/lib/python3.10/site-packages/pip/_vendor/chardet/cli/__pycache__) by extension 'colcon_pkg'
[2.920s] Level 1:colcon.colcon_core.package_identification:_identify(venv/lib/python3.10/site-packages/pip/_vendor/chardet/cli/__pycache__) by extensions ['colcon_meta']
[2.920s] Level 1:colcon.colcon_core.package_identification:_identify(venv/lib/python3.10/site-packages/pip/_vendor/chardet/cli/__pycache__) by extension 'colcon_meta'
[2.920s] Level 1:colcon.colcon_core.package_identification:_identify(venv/lib/python3.10/site-packages/pip/_vendor/chardet/cli/__pycache__) by extensions ['ros']
[2.920s] Level 1:colcon.colcon_core.package_identification:_identify(venv/lib/python3.10/site-packages/pip/_vendor/chardet/cli/__pycache__) by extension 'ros'
[2.921s] Level 1:colcon.colcon_core.package_identification:_identify(venv/lib/python3.10/site-packages/pip/_vendor/chardet/cli/__pycache__) by extensions ['cmake', 'python']
[2.921s] Level 1:colcon.colcon_core.package_identification:_identify(venv/lib/python3.10/site-packages/pip/_vendor/chardet/cli/__pycache__) by extension 'cmake'
[2.921s] Level 1:colcon.colcon_core.package_identification:_identify(venv/lib/python3.10/site-packages/pip/_vendor/chardet/cli/__pycache__) by extension 'python'
[2.921s] Level 1:colcon.colcon_core.package_identification:_identify(venv/lib/python3.10/site-packages/pip/_vendor/chardet/cli/__pycache__) by extensions ['python_setup_py']
[2.921s] Level 1:colcon.colcon_core.package_identification:_identify(venv/lib/python3.10/site-packages/pip/_vendor/chardet/cli/__pycache__) by extension 'python_setup_py'
[2.921s] Level 1:colcon.colcon_core.package_identification:_identify(venv/lib/python3.10/site-packages/pip/_vendor/chardet/metadata) by extensions ['ignore', 'ignore_ament_install']
[2.921s] Level 1:colcon.colcon_core.package_identification:_identify(venv/lib/python3.10/site-packages/pip/_vendor/chardet/metadata) by extension 'ignore'
[2.921s] Level 1:colcon.colcon_core.package_identification:_identify(venv/lib/python3.10/site-packages/pip/_vendor/chardet/metadata) by extension 'ignore_ament_install'
[2.921s] Level 1:colcon.colcon_core.package_identification:_identify(venv/lib/python3.10/site-packages/pip/_vendor/chardet/metadata) by extensions ['colcon_pkg']
[2.921s] Level 1:colcon.colcon_core.package_identification:_identify(venv/lib/python3.10/site-packages/pip/_vendor/chardet/metadata) by extension 'colcon_pkg'
[2.921s] Level 1:colcon.colcon_core.package_identification:_identify(venv/lib/python3.10/site-packages/pip/_vendor/chardet/metadata) by extensions ['colcon_meta']
[2.921s] Level 1:colcon.colcon_core.package_identification:_identify(venv/lib/python3.10/site-packages/pip/_vendor/chardet/metadata) by extension 'colcon_meta'
[2.921s] Level 1:colcon.colcon_core.package_identification:_identify(venv/lib/python3.10/site-packages/pip/_vendor/chardet/metadata) by extensions ['ros']
[2.921s] Level 1:colcon.colcon_core.package_identification:_identify(venv/lib/python3.10/site-packages/pip/_vendor/chardet/metadata) by extension 'ros'
[2.921s] Level 1:colcon.colcon_core.package_identification:_identify(venv/lib/python3.10/site-packages/pip/_vendor/chardet/metadata) by extensions ['cmake', 'python']
[2.921s] Level 1:colcon.colcon_core.package_identification:_identify(venv/lib/python3.10/site-packages/pip/_vendor/chardet/metadata) by extension 'cmake'
[2.921s] Level 1:colcon.colcon_core.package_identification:_identify(venv/lib/python3.10/site-packages/pip/_vendor/chardet/metadata) by extension 'python'
[2.921s] Level 1:colcon.colcon_core.package_identification:_identify(venv/lib/python3.10/site-packages/pip/_vendor/chardet/metadata) by extensions ['python_setup_py']
[2.921s] Level 1:colcon.colcon_core.package_identification:_identify(venv/lib/python3.10/site-packages/pip/_vendor/chardet/metadata) by extension 'python_setup_py'
[2.921s] Level 1:colcon.colcon_core.package_identification:_identify(venv/lib/python3.10/site-packages/pip/_vendor/chardet/metadata/__pycache__) by extensions ['ignore', 'ignore_ament_install']
[2.921s] Level 1:colcon.colcon_core.package_identification:_identify(venv/lib/python3.10/site-packages/pip/_vendor/chardet/metadata/__pycache__) by extension 'ignore'
[2.921s] Level 1:colcon.colcon_core.package_identification:_identify(venv/lib/python3.10/site-packages/pip/_vendor/chardet/metadata/__pycache__) by extension 'ignore_ament_install'
[2.921s] Level 1:colcon.colcon_core.package_identification:_identify(venv/lib/python3.10/site-packages/pip/_vendor/chardet/metadata/__pycache__) by extensions ['colcon_pkg']
[2.921s] Level 1:colcon.colcon_core.package_identification:_identify(venv/lib/python3.10/site-packages/pip/_vendor/chardet/metadata/__pycache__) by extension 'colcon_pkg'
[2.921s] Level 1:colcon.colcon_core.package_identification:_identify(venv/lib/python3.10/site-packages/pip/_vendor/chardet/metadata/__pycache__) by extensions ['colcon_meta']
[2.921s] Level 1:colcon.colcon_core.package_identification:_identify(venv/lib/python3.10/site-packages/pip/_vendor/chardet/metadata/__pycache__) by extension 'colcon_meta'
[2.922s] Level 1:colcon.colcon_core.package_identification:_identify(venv/lib/python3.10/site-packages/pip/_vendor/chardet/metadata/__pycache__) by extensions ['ros']
[2.922s] Level 1:colcon.colcon_core.package_identification:_identify(venv/lib/python3.10/site-packages/pip/_vendor/chardet/metadata/__pycache__) by extension 'ros'
[2.922s] Level 1:colcon.colcon_core.package_identification:_identify(venv/lib/python3.10/site-packages/pip/_vendor/chardet/metadata/__pycache__) by extensions ['cmake', 'python']
[2.922s] Level 1:colcon.colcon_core.package_identification:_identify(venv/lib/python3.10/site-packages/pip/_vendor/chardet/metadata/__pycache__) by extension 'cmake'
[2.922s] Level 1:colcon.colcon_core.package_identification:_identify(venv/lib/python3.10/site-packages/pip/_vendor/chardet/metadata/__pycache__) by extension 'python'
[2.922s] Level 1:colcon.colcon_core.package_identification:_identify(venv/lib/python3.10/site-packages/pip/_vendor/chardet/metadata/__pycache__) by extensions ['python_setup_py']
[2.922s] Level 1:colcon.colcon_core.package_identification:_identify(venv/lib/python3.10/site-packages/pip/_vendor/chardet/metadata/__pycache__) by extension 'python_setup_py'
[2.922s] Level 1:colcon.colcon_core.package_identification:_identify(venv/lib/python3.10/site-packages/pip/_vendor/colorama) by extensions ['ignore', 'ignore_ament_install']
[2.922s] Level 1:colcon.colcon_core.package_identification:_identify(venv/lib/python3.10/site-packages/pip/_vendor/colorama) by extension 'ignore'
[2.922s] Level 1:colcon.colcon_core.package_identification:_identify(venv/lib/python3.10/site-packages/pip/_vendor/colorama) by extension 'ignore_ament_install'
[2.922s] Level 1:colcon.colcon_core.package_identification:_identify(venv/lib/python3.10/site-packages/pip/_vendor/colorama) by extensions ['colcon_pkg']
[2.922s] Level 1:colcon.colcon_core.package_identification:_identify(venv/lib/python3.10/site-packages/pip/_vendor/colorama) by extension 'colcon_pkg'
[2.922s] Level 1:colcon.colcon_core.package_identification:_identify(venv/lib/python3.10/site-packages/pip/_vendor/colorama) by extensions ['colcon_meta']
[2.922s] Level 1:colcon.colcon_core.package_identification:_identify(venv/lib/python3.10/site-packages/pip/_vendor/colorama) by extension 'colcon_meta'
[2.922s] Level 1:colcon.colcon_core.package_identification:_identify(venv/lib/python3.10/site-packages/pip/_vendor/colorama) by extensions ['ros']
[2.922s] Level 1:colcon.colcon_core.package_identification:_identify(venv/lib/python3.10/site-packages/pip/_vendor/colorama) by extension 'ros'
[2.922s] Level 1:colcon.colcon_core.package_identification:_identify(venv/lib/python3.10/site-packages/pip/_vendor/colorama) by extensions ['cmake', 'python']
[2.922s] Level 1:colcon.colcon_core.package_identification:_identify(venv/lib/python3.10/site-packages/pip/_vendor/colorama) by extension 'cmake'
[2.922s] Level 1:colcon.colcon_core.package_identification:_identify(venv/lib/python3.10/site-packages/pip/_vendor/colorama) by extension 'python'
[2.922s] Level 1:colcon.colcon_core.package_identification:_identify(venv/lib/python3.10/site-packages/pip/_vendor/colorama) by extensions ['python_setup_py']
[2.922s] Level 1:colcon.colcon_core.package_identification:_identify(venv/lib/python3.10/site-packages/pip/_vendor/colorama) by extension 'python_setup_py'
[2.922s] Level 1:colcon.colcon_core.package_identification:_identify(venv/lib/python3.10/site-packages/pip/_vendor/colorama/__pycache__) by extensions ['ignore', 'ignore_ament_install']
[2.922s] Level 1:colcon.colcon_core.package_identification:_identify(venv/lib/python3.10/site-packages/pip/_vendor/colorama/__pycache__) by extension 'ignore'
[2.922s] Level 1:colcon.colcon_core.package_identification:_identify(venv/lib/python3.10/site-packages/pip/_vendor/colorama/__pycache__) by extension 'ignore_ament_install'
[2.922s] Level 1:colcon.colcon_core.package_identification:_identify(venv/lib/python3.10/site-packages/pip/_vendor/colorama/__pycache__) by extensions ['colcon_pkg']
[2.922s] Level 1:colcon.colcon_core.package_identification:_identify(venv/lib/python3.10/site-packages/pip/_vendor/colorama/__pycache__) by extension 'colcon_pkg'
[2.922s] Level 1:colcon.colcon_core.package_identification:_identify(venv/lib/python3.10/site-packages/pip/_vendor/colorama/__pycache__) by extensions ['colcon_meta']
[2.922s] Level 1:colcon.colcon_core.package_identification:_identify(venv/lib/python3.10/site-packages/pip/_vendor/colorama/__pycache__) by extension 'colcon_meta'
[2.922s] Level 1:colcon.colcon_core.package_identification:_identify(venv/lib/python3.10/site-packages/pip/_vendor/colorama/__pycache__) by extensions ['ros']
[2.923s] Level 1:colcon.colcon_core.package_identification:_identify(venv/lib/python3.10/site-packages/pip/_vendor/colorama/__pycache__) by extension 'ros'
[2.923s] Level 1:colcon.colcon_core.package_identification:_identify(venv/lib/python3.10/site-packages/pip/_vendor/colorama/__pycache__) by extensions ['cmake', 'python']
[2.923s] Level 1:colcon.colcon_core.package_identification:_identify(venv/lib/python3.10/site-packages/pip/_vendor/colorama/__pycache__) by extension 'cmake'
[2.923s] Level 1:colcon.colcon_core.package_identification:_identify(venv/lib/python3.10/site-packages/pip/_vendor/colorama/__pycache__) by extension 'python'
[2.923s] Level 1:colcon.colcon_core.package_identification:_identify(venv/lib/python3.10/site-packages/pip/_vendor/colorama/__pycache__) by extensions ['python_setup_py']
[2.923s] Level 1:colcon.colcon_core.package_identification:_identify(venv/lib/python3.10/site-packages/pip/_vendor/colorama/__pycache__) by extension 'python_setup_py'
[2.923s] Level 1:colcon.colcon_core.package_identification:_identify(venv/lib/python3.10/site-packages/pip/_vendor/distlib) by extensions ['ignore', 'ignore_ament_install']
[2.923s] Level 1:colcon.colcon_core.package_identification:_identify(venv/lib/python3.10/site-packages/pip/_vendor/distlib) by extension 'ignore'
[2.923s] Level 1:colcon.colcon_core.package_identification:_identify(venv/lib/python3.10/site-packages/pip/_vendor/distlib) by extension 'ignore_ament_install'
[2.923s] Level 1:colcon.colcon_core.package_identification:_identify(venv/lib/python3.10/site-packages/pip/_vendor/distlib) by extensions ['colcon_pkg']
[2.923s] Level 1:colcon.colcon_core.package_identification:_identify(venv/lib/python3.10/site-packages/pip/_vendor/distlib) by extension 'colcon_pkg'
[2.923s] Level 1:colcon.colcon_core.package_identification:_identify(venv/lib/python3.10/site-packages/pip/_vendor/distlib) by extensions ['colcon_meta']
[2.923s] Level 1:colcon.colcon_core.package_identification:_identify(venv/lib/python3.10/site-packages/pip/_vendor/distlib) by extension 'colcon_meta'
[2.923s] Level 1:colcon.colcon_core.package_identification:_identify(venv/lib/python3.10/site-packages/pip/_vendor/distlib) by extensions ['ros']
[2.923s] Level 1:colcon.colcon_core.package_identification:_identify(venv/lib/python3.10/site-packages/pip/_vendor/distlib) by extension 'ros'
[2.923s] Level 1:colcon.colcon_core.package_identification:_identify(venv/lib/python3.10/site-packages/pip/_vendor/distlib) by extensions ['cmake', 'python']
[2.923s] Level 1:colcon.colcon_core.package_identification:_identify(venv/lib/python3.10/site-packages/pip/_vendor/distlib) by extension 'cmake'
[2.923s] Level 1:colcon.colcon_core.package_identification:_identify(venv/lib/python3.10/site-packages/pip/_vendor/distlib) by extension 'python'
[2.923s] Level 1:colcon.colcon_core.package_identification:_identify(venv/lib/python3.10/site-packages/pip/_vendor/distlib) by extensions ['python_setup_py']
[2.923s] Level 1:colcon.colcon_core.package_identification:_identify(venv/lib/python3.10/site-packages/pip/_vendor/distlib) by extension 'python_setup_py'
[2.923s] Level 1:colcon.colcon_core.package_identification:_identify(venv/lib/python3.10/site-packages/pip/_vendor/distlib/__pycache__) by extensions ['ignore', 'ignore_ament_install']
[2.923s] Level 1:colcon.colcon_core.package_identification:_identify(venv/lib/python3.10/site-packages/pip/_vendor/distlib/__pycache__) by extension 'ignore'
[2.923s] Level 1:colcon.colcon_core.package_identification:_identify(venv/lib/python3.10/site-packages/pip/_vendor/distlib/__pycache__) by extension 'ignore_ament_install'
[2.923s] Level 1:colcon.colcon_core.package_identification:_identify(venv/lib/python3.10/site-packages/pip/_vendor/distlib/__pycache__) by extensions ['colcon_pkg']
[2.923s] Level 1:colcon.colcon_core.package_identification:_identify(venv/lib/python3.10/site-packages/pip/_vendor/distlib/__pycache__) by extension 'colcon_pkg'
[2.923s] Level 1:colcon.colcon_core.package_identification:_identify(venv/lib/python3.10/site-packages/pip/_vendor/distlib/__pycache__) by extensions ['colcon_meta']
[2.923s] Level 1:colcon.colcon_core.package_identification:_identify(venv/lib/python3.10/site-packages/pip/_vendor/distlib/__pycache__) by extension 'colcon_meta'
[2.923s] Level 1:colcon.colcon_core.package_identification:_identify(venv/lib/python3.10/site-packages/pip/_vendor/distlib/__pycache__) by extensions ['ros']
[2.923s] Level 1:colcon.colcon_core.package_identification:_identify(venv/lib/python3.10/site-packages/pip/_vendor/distlib/__pycache__) by extension 'ros'
[2.924s] Level 1:colcon.colcon_core.package_identification:_identify(venv/lib/python3.10/site-packages/pip/_vendor/distlib/__pycache__) by extensions ['cmake', 'python']
[2.924s] Level 1:colcon.colcon_core.package_identification:_identify(venv/lib/python3.10/site-packages/pip/_vendor/distlib/__pycache__) by extension 'cmake'
[2.924s] Level 1:colcon.colcon_core.package_identification:_identify(venv/lib/python3.10/site-packages/pip/_vendor/distlib/__pycache__) by extension 'python'
[2.924s] Level 1:colcon.colcon_core.package_identification:_identify(venv/lib/python3.10/site-packages/pip/_vendor/distlib/__pycache__) by extensions ['python_setup_py']
[2.924s] Level 1:colcon.colcon_core.package_identification:_identify(venv/lib/python3.10/site-packages/pip/_vendor/distlib/__pycache__) by extension 'python_setup_py'
[2.924s] Level 1:colcon.colcon_core.package_identification:_identify(venv/lib/python3.10/site-packages/pip/_vendor/html5lib) by extensions ['ignore', 'ignore_ament_install']
[2.924s] Level 1:colcon.colcon_core.package_identification:_identify(venv/lib/python3.10/site-packages/pip/_vendor/html5lib) by extension 'ignore'
[2.924s] Level 1:colcon.colcon_core.package_identification:_identify(venv/lib/python3.10/site-packages/pip/_vendor/html5lib) by extension 'ignore_ament_install'
[2.924s] Level 1:colcon.colcon_core.package_identification:_identify(venv/lib/python3.10/site-packages/pip/_vendor/html5lib) by extensions ['colcon_pkg']
[2.924s] Level 1:colcon.colcon_core.package_identification:_identify(venv/lib/python3.10/site-packages/pip/_vendor/html5lib) by extension 'colcon_pkg'
[2.924s] Level 1:colcon.colcon_core.package_identification:_identify(venv/lib/python3.10/site-packages/pip/_vendor/html5lib) by extensions ['colcon_meta']
[2.924s] Level 1:colcon.colcon_core.package_identification:_identify(venv/lib/python3.10/site-packages/pip/_vendor/html5lib) by extension 'colcon_meta'
[2.924s] Level 1:colcon.colcon_core.package_identification:_identify(venv/lib/python3.10/site-packages/pip/_vendor/html5lib) by extensions ['ros']
[2.924s] Level 1:colcon.colcon_core.package_identification:_identify(venv/lib/python3.10/site-packages/pip/_vendor/html5lib) by extension 'ros'
[2.924s] Level 1:colcon.colcon_core.package_identification:_identify(venv/lib/python3.10/site-packages/pip/_vendor/html5lib) by extensions ['cmake', 'python']
[2.924s] Level 1:colcon.colcon_core.package_identification:_identify(venv/lib/python3.10/site-packages/pip/_vendor/html5lib) by extension 'cmake'
[2.924s] Level 1:colcon.colcon_core.package_identification:_identify(venv/lib/python3.10/site-packages/pip/_vendor/html5lib) by extension 'python'
[2.924s] Level 1:colcon.colcon_core.package_identification:_identify(venv/lib/python3.10/site-packages/pip/_vendor/html5lib) by extensions ['python_setup_py']
[2.924s] Level 1:colcon.colcon_core.package_identification:_identify(venv/lib/python3.10/site-packages/pip/_vendor/html5lib) by extension 'python_setup_py'
[2.924s] Level 1:colcon.colcon_core.package_identification:_identify(venv/lib/python3.10/site-packages/pip/_vendor/html5lib/__pycache__) by extensions ['ignore', 'ignore_ament_install']
[2.924s] Level 1:colcon.colcon_core.package_identification:_identify(venv/lib/python3.10/site-packages/pip/_vendor/html5lib/__pycache__) by extension 'ignore'
[2.924s] Level 1:colcon.colcon_core.package_identification:_identify(venv/lib/python3.10/site-packages/pip/_vendor/html5lib/__pycache__) by extension 'ignore_ament_install'
[2.924s] Level 1:colcon.colcon_core.package_identification:_identify(venv/lib/python3.10/site-packages/pip/_vendor/html5lib/__pycache__) by extensions ['colcon_pkg']
[2.924s] Level 1:colcon.colcon_core.package_identification:_identify(venv/lib/python3.10/site-packages/pip/_vendor/html5lib/__pycache__) by extension 'colcon_pkg'
[2.924s] Level 1:colcon.colcon_core.package_identification:_identify(venv/lib/python3.10/site-packages/pip/_vendor/html5lib/__pycache__) by extensions ['colcon_meta']
[2.924s] Level 1:colcon.colcon_core.package_identification:_identify(venv/lib/python3.10/site-packages/pip/_vendor/html5lib/__pycache__) by extension 'colcon_meta'
[2.924s] Level 1:colcon.colcon_core.package_identification:_identify(venv/lib/python3.10/site-packages/pip/_vendor/html5lib/__pycache__) by extensions ['ros']
[2.924s] Level 1:colcon.colcon_core.package_identification:_identify(venv/lib/python3.10/site-packages/pip/_vendor/html5lib/__pycache__) by extension 'ros'
[2.924s] Level 1:colcon.colcon_core.package_identification:_identify(venv/lib/python3.10/site-packages/pip/_vendor/html5lib/__pycache__) by extensions ['cmake', 'python']
[2.925s] Level 1:colcon.colcon_core.package_identification:_identify(venv/lib/python3.10/site-packages/pip/_vendor/html5lib/__pycache__) by extension 'cmake'
[2.925s] Level 1:colcon.colcon_core.package_identification:_identify(venv/lib/python3.10/site-packages/pip/_vendor/html5lib/__pycache__) by extension 'python'
[2.925s] Level 1:colcon.colcon_core.package_identification:_identify(venv/lib/python3.10/site-packages/pip/_vendor/html5lib/__pycache__) by extensions ['python_setup_py']
[2.925s] Level 1:colcon.colcon_core.package_identification:_identify(venv/lib/python3.10/site-packages/pip/_vendor/html5lib/__pycache__) by extension 'python_setup_py'
[2.925s] Level 1:colcon.colcon_core.package_identification:_identify(venv/lib/python3.10/site-packages/pip/_vendor/html5lib/_trie) by extensions ['ignore', 'ignore_ament_install']
[2.925s] Level 1:colcon.colcon_core.package_identification:_identify(venv/lib/python3.10/site-packages/pip/_vendor/html5lib/_trie) by extension 'ignore'
[2.925s] Level 1:colcon.colcon_core.package_identification:_identify(venv/lib/python3.10/site-packages/pip/_vendor/html5lib/_trie) by extension 'ignore_ament_install'
[2.925s] Level 1:colcon.colcon_core.package_identification:_identify(venv/lib/python3.10/site-packages/pip/_vendor/html5lib/_trie) by extensions ['colcon_pkg']
[2.925s] Level 1:colcon.colcon_core.package_identification:_identify(venv/lib/python3.10/site-packages/pip/_vendor/html5lib/_trie) by extension 'colcon_pkg'
[2.925s] Level 1:colcon.colcon_core.package_identification:_identify(venv/lib/python3.10/site-packages/pip/_vendor/html5lib/_trie) by extensions ['colcon_meta']
[2.925s] Level 1:colcon.colcon_core.package_identification:_identify(venv/lib/python3.10/site-packages/pip/_vendor/html5lib/_trie) by extension 'colcon_meta'
[2.925s] Level 1:colcon.colcon_core.package_identification:_identify(venv/lib/python3.10/site-packages/pip/_vendor/html5lib/_trie) by extensions ['ros']
[2.925s] Level 1:colcon.colcon_core.package_identification:_identify(venv/lib/python3.10/site-packages/pip/_vendor/html5lib/_trie) by extension 'ros'
[2.925s] Level 1:colcon.colcon_core.package_identification:_identify(venv/lib/python3.10/site-packages/pip/_vendor/html5lib/_trie) by extensions ['cmake', 'python']
[2.925s] Level 1:colcon.colcon_core.package_identification:_identify(venv/lib/python3.10/site-packages/pip/_vendor/html5lib/_trie) by extension 'cmake'
[2.925s] Level 1:colcon.colcon_core.package_identification:_identify(venv/lib/python3.10/site-packages/pip/_vendor/html5lib/_trie) by extension 'python'
[2.925s] Level 1:colcon.colcon_core.package_identification:_identify(venv/lib/python3.10/site-packages/pip/_vendor/html5lib/_trie) by extensions ['python_setup_py']
[2.925s] Level 1:colcon.colcon_core.package_identification:_identify(venv/lib/python3.10/site-packages/pip/_vendor/html5lib/_trie) by extension 'python_setup_py'
[2.925s] Level 1:colcon.colcon_core.package_identification:_identify(venv/lib/python3.10/site-packages/pip/_vendor/html5lib/_trie/__pycache__) by extensions ['ignore', 'ignore_ament_install']
[2.925s] Level 1:colcon.colcon_core.package_identification:_identify(venv/lib/python3.10/site-packages/pip/_vendor/html5lib/_trie/__pycache__) by extension 'ignore'
[2.925s] Level 1:colcon.colcon_core.package_identification:_identify(venv/lib/python3.10/site-packages/pip/_vendor/html5lib/_trie/__pycache__) by extension 'ignore_ament_install'
[2.925s] Level 1:colcon.colcon_core.package_identification:_identify(venv/lib/python3.10/site-packages/pip/_vendor/html5lib/_trie/__pycache__) by extensions ['colcon_pkg']
[2.925s] Level 1:colcon.colcon_core.package_identification:_identify(venv/lib/python3.10/site-packages/pip/_vendor/html5lib/_trie/__pycache__) by extension 'colcon_pkg'
[2.925s] Level 1:colcon.colcon_core.package_identification:_identify(venv/lib/python3.10/site-packages/pip/_vendor/html5lib/_trie/__pycache__) by extensions ['colcon_meta']
[2.925s] Level 1:colcon.colcon_core.package_identification:_identify(venv/lib/python3.10/site-packages/pip/_vendor/html5lib/_trie/__pycache__) by extension 'colcon_meta'
[2.925s] Level 1:colcon.colcon_core.package_identification:_identify(venv/lib/python3.10/site-packages/pip/_vendor/html5lib/_trie/__pycache__) by extensions ['ros']
[2.925s] Level 1:colcon.colcon_core.package_identification:_identify(venv/lib/python3.10/site-packages/pip/_vendor/html5lib/_trie/__pycache__) by extension 'ros'
[2.925s] Level 1:colcon.colcon_core.package_identification:_identify(venv/lib/python3.10/site-packages/pip/_vendor/html5lib/_trie/__pycache__) by extensions ['cmake', 'python']
[2.926s] Level 1:colcon.colcon_core.package_identification:_identify(venv/lib/python3.10/site-packages/pip/_vendor/html5lib/_trie/__pycache__) by extension 'cmake'
[2.926s] Level 1:colcon.colcon_core.package_identification:_identify(venv/lib/python3.10/site-packages/pip/_vendor/html5lib/_trie/__pycache__) by extension 'python'
[2.926s] Level 1:colcon.colcon_core.package_identification:_identify(venv/lib/python3.10/site-packages/pip/_vendor/html5lib/_trie/__pycache__) by extensions ['python_setup_py']
[2.926s] Level 1:colcon.colcon_core.package_identification:_identify(venv/lib/python3.10/site-packages/pip/_vendor/html5lib/_trie/__pycache__) by extension 'python_setup_py'
[2.926s] Level 1:colcon.colcon_core.package_identification:_identify(venv/lib/python3.10/site-packages/pip/_vendor/html5lib/filters) by extensions ['ignore', 'ignore_ament_install']
[2.926s] Level 1:colcon.colcon_core.package_identification:_identify(venv/lib/python3.10/site-packages/pip/_vendor/html5lib/filters) by extension 'ignore'
[2.926s] Level 1:colcon.colcon_core.package_identification:_identify(venv/lib/python3.10/site-packages/pip/_vendor/html5lib/filters) by extension 'ignore_ament_install'
[2.926s] Level 1:colcon.colcon_core.package_identification:_identify(venv/lib/python3.10/site-packages/pip/_vendor/html5lib/filters) by extensions ['colcon_pkg']
[2.926s] Level 1:colcon.colcon_core.package_identification:_identify(venv/lib/python3.10/site-packages/pip/_vendor/html5lib/filters) by extension 'colcon_pkg'
[2.926s] Level 1:colcon.colcon_core.package_identification:_identify(venv/lib/python3.10/site-packages/pip/_vendor/html5lib/filters) by extensions ['colcon_meta']
[2.926s] Level 1:colcon.colcon_core.package_identification:_identify(venv/lib/python3.10/site-packages/pip/_vendor/html5lib/filters) by extension 'colcon_meta'
[2.926s] Level 1:colcon.colcon_core.package_identification:_identify(venv/lib/python3.10/site-packages/pip/_vendor/html5lib/filters) by extensions ['ros']
[2.926s] Level 1:colcon.colcon_core.package_identification:_identify(venv/lib/python3.10/site-packages/pip/_vendor/html5lib/filters) by extension 'ros'
[2.926s] Level 1:colcon.colcon_core.package_identification:_identify(venv/lib/python3.10/site-packages/pip/_vendor/html5lib/filters) by extensions ['cmake', 'python']
[2.926s] Level 1:colcon.colcon_core.package_identification:_identify(venv/lib/python3.10/site-packages/pip/_vendor/html5lib/filters) by extension 'cmake'
[2.926s] Level 1:colcon.colcon_core.package_identification:_identify(venv/lib/python3.10/site-packages/pip/_vendor/html5lib/filters) by extension 'python'
[2.926s] Level 1:colcon.colcon_core.package_identification:_identify(venv/lib/python3.10/site-packages/pip/_vendor/html5lib/filters) by extensions ['python_setup_py']
[2.926s] Level 1:colcon.colcon_core.package_identification:_identify(venv/lib/python3.10/site-packages/pip/_vendor/html5lib/filters) by extension 'python_setup_py'
[2.926s] Level 1:colcon.colcon_core.package_identification:_identify(venv/lib/python3.10/site-packages/pip/_vendor/html5lib/filters/__pycache__) by extensions ['ignore', 'ignore_ament_install']
[2.926s] Level 1:colcon.colcon_core.package_identification:_identify(venv/lib/python3.10/site-packages/pip/_vendor/html5lib/filters/__pycache__) by extension 'ignore'
[2.926s] Level 1:colcon.colcon_core.package_identification:_identify(venv/lib/python3.10/site-packages/pip/_vendor/html5lib/filters/__pycache__) by extension 'ignore_ament_install'
[2.926s] Level 1:colcon.colcon_core.package_identification:_identify(venv/lib/python3.10/site-packages/pip/_vendor/html5lib/filters/__pycache__) by extensions ['colcon_pkg']
[2.926s] Level 1:colcon.colcon_core.package_identification:_identify(venv/lib/python3.10/site-packages/pip/_vendor/html5lib/filters/__pycache__) by extension 'colcon_pkg'
[2.926s] Level 1:colcon.colcon_core.package_identification:_identify(venv/lib/python3.10/site-packages/pip/_vendor/html5lib/filters/__pycache__) by extensions ['colcon_meta']
[2.926s] Level 1:colcon.colcon_core.package_identification:_identify(venv/lib/python3.10/site-packages/pip/_vendor/html5lib/filters/__pycache__) by extension 'colcon_meta'
[2.926s] Level 1:colcon.colcon_core.package_identification:_identify(venv/lib/python3.10/site-packages/pip/_vendor/html5lib/filters/__pycache__) by extensions ['ros']
[2.926s] Level 1:colcon.colcon_core.package_identification:_identify(venv/lib/python3.10/site-packages/pip/_vendor/html5lib/filters/__pycache__) by extension 'ros'
[2.926s] Level 1:colcon.colcon_core.package_identification:_identify(venv/lib/python3.10/site-packages/pip/_vendor/html5lib/filters/__pycache__) by extensions ['cmake', 'python']
[2.926s] Level 1:colcon.colcon_core.package_identification:_identify(venv/lib/python3.10/site-packages/pip/_vendor/html5lib/filters/__pycache__) by extension 'cmake'
[2.927s] Level 1:colcon.colcon_core.package_identification:_identify(venv/lib/python3.10/site-packages/pip/_vendor/html5lib/filters/__pycache__) by extension 'python'
[2.927s] Level 1:colcon.colcon_core.package_identification:_identify(venv/lib/python3.10/site-packages/pip/_vendor/html5lib/filters/__pycache__) by extensions ['python_setup_py']
[2.927s] Level 1:colcon.colcon_core.package_identification:_identify(venv/lib/python3.10/site-packages/pip/_vendor/html5lib/filters/__pycache__) by extension 'python_setup_py'
[2.927s] Level 1:colcon.colcon_core.package_identification:_identify(venv/lib/python3.10/site-packages/pip/_vendor/html5lib/treeadapters) by extensions ['ignore', 'ignore_ament_install']
[2.927s] Level 1:colcon.colcon_core.package_identification:_identify(venv/lib/python3.10/site-packages/pip/_vendor/html5lib/treeadapters) by extension 'ignore'
[2.927s] Level 1:colcon.colcon_core.package_identification:_identify(venv/lib/python3.10/site-packages/pip/_vendor/html5lib/treeadapters) by extension 'ignore_ament_install'
[2.927s] Level 1:colcon.colcon_core.package_identification:_identify(venv/lib/python3.10/site-packages/pip/_vendor/html5lib/treeadapters) by extensions ['colcon_pkg']
[2.927s] Level 1:colcon.colcon_core.package_identification:_identify(venv/lib/python3.10/site-packages/pip/_vendor/html5lib/treeadapters) by extension 'colcon_pkg'
[2.927s] Level 1:colcon.colcon_core.package_identification:_identify(venv/lib/python3.10/site-packages/pip/_vendor/html5lib/treeadapters) by extensions ['colcon_meta']
[2.927s] Level 1:colcon.colcon_core.package_identification:_identify(venv/lib/python3.10/site-packages/pip/_vendor/html5lib/treeadapters) by extension 'colcon_meta'
[2.927s] Level 1:colcon.colcon_core.package_identification:_identify(venv/lib/python3.10/site-packages/pip/_vendor/html5lib/treeadapters) by extensions ['ros']
[2.927s] Level 1:colcon.colcon_core.package_identification:_identify(venv/lib/python3.10/site-packages/pip/_vendor/html5lib/treeadapters) by extension 'ros'
[2.927s] Level 1:colcon.colcon_core.package_identification:_identify(venv/lib/python3.10/site-packages/pip/_vendor/html5lib/treeadapters) by extensions ['cmake', 'python']
[2.927s] Level 1:colcon.colcon_core.package_identification:_identify(venv/lib/python3.10/site-packages/pip/_vendor/html5lib/treeadapters) by extension 'cmake'
[2.927s] Level 1:colcon.colcon_core.package_identification:_identify(venv/lib/python3.10/site-packages/pip/_vendor/html5lib/treeadapters) by extension 'python'
[2.927s] Level 1:colcon.colcon_core.package_identification:_identify(venv/lib/python3.10/site-packages/pip/_vendor/html5lib/treeadapters) by extensions ['python_setup_py']
[2.927s] Level 1:colcon.colcon_core.package_identification:_identify(venv/lib/python3.10/site-packages/pip/_vendor/html5lib/treeadapters) by extension 'python_setup_py'
[2.927s] Level 1:colcon.colcon_core.package_identification:_identify(venv/lib/python3.10/site-packages/pip/_vendor/html5lib/treeadapters/__pycache__) by extensions ['ignore', 'ignore_ament_install']
[2.928s] Level 1:colcon.colcon_core.package_identification:_identify(venv/lib/python3.10/site-packages/pip/_vendor/html5lib/treeadapters/__pycache__) by extension 'ignore'
[2.928s] Level 1:colcon.colcon_core.package_identification:_identify(venv/lib/python3.10/site-packages/pip/_vendor/html5lib/treeadapters/__pycache__) by extension 'ignore_ament_install'
[2.928s] Level 1:colcon.colcon_core.package_identification:_identify(venv/lib/python3.10/site-packages/pip/_vendor/html5lib/treeadapters/__pycache__) by extensions ['colcon_pkg']
[2.928s] Level 1:colcon.colcon_core.package_identification:_identify(venv/lib/python3.10/site-packages/pip/_vendor/html5lib/treeadapters/__pycache__) by extension 'colcon_pkg'
[2.928s] Level 1:colcon.colcon_core.package_identification:_identify(venv/lib/python3.10/site-packages/pip/_vendor/html5lib/treeadapters/__pycache__) by extensions ['colcon_meta']
[2.928s] Level 1:colcon.colcon_core.package_identification:_identify(venv/lib/python3.10/site-packages/pip/_vendor/html5lib/treeadapters/__pycache__) by extension 'colcon_meta'
[2.928s] Level 1:colcon.colcon_core.package_identification:_identify(venv/lib/python3.10/site-packages/pip/_vendor/html5lib/treeadapters/__pycache__) by extensions ['ros']
[2.928s] Level 1:colcon.colcon_core.package_identification:_identify(venv/lib/python3.10/site-packages/pip/_vendor/html5lib/treeadapters/__pycache__) by extension 'ros'
[2.928s] Level 1:colcon.colcon_core.package_identification:_identify(venv/lib/python3.10/site-packages/pip/_vendor/html5lib/treeadapters/__pycache__) by extensions ['cmake', 'python']
[2.928s] Level 1:colcon.colcon_core.package_identification:_identify(venv/lib/python3.10/site-packages/pip/_vendor/html5lib/treeadapters/__pycache__) by extension 'cmake'
[2.928s] Level 1:colcon.colcon_core.package_identification:_identify(venv/lib/python3.10/site-packages/pip/_vendor/html5lib/treeadapters/__pycache__) by extension 'python'
[2.928s] Level 1:colcon.colcon_core.package_identification:_identify(venv/lib/python3.10/site-packages/pip/_vendor/html5lib/treeadapters/__pycache__) by extensions ['python_setup_py']
[2.928s] Level 1:colcon.colcon_core.package_identification:_identify(venv/lib/python3.10/site-packages/pip/_vendor/html5lib/treeadapters/__pycache__) by extension 'python_setup_py'
[2.928s] Level 1:colcon.colcon_core.package_identification:_identify(venv/lib/python3.10/site-packages/pip/_vendor/html5lib/treebuilders) by extensions ['ignore', 'ignore_ament_install']
[2.928s] Level 1:colcon.colcon_core.package_identification:_identify(venv/lib/python3.10/site-packages/pip/_vendor/html5lib/treebuilders) by extension 'ignore'
[2.929s] Level 1:colcon.colcon_core.package_identification:_identify(venv/lib/python3.10/site-packages/pip/_vendor/html5lib/treebuilders) by extension 'ignore_ament_install'
[2.929s] Level 1:colcon.colcon_core.package_identification:_identify(venv/lib/python3.10/site-packages/pip/_vendor/html5lib/treebuilders) by extensions ['colcon_pkg']
[2.929s] Level 1:colcon.colcon_core.package_identification:_identify(venv/lib/python3.10/site-packages/pip/_vendor/html5lib/treebuilders) by extension 'colcon_pkg'
[2.929s] Level 1:colcon.colcon_core.package_identification:_identify(venv/lib/python3.10/site-packages/pip/_vendor/html5lib/treebuilders) by extensions ['colcon_meta']
[2.929s] Level 1:colcon.colcon_core.package_identification:_identify(venv/lib/python3.10/site-packages/pip/_vendor/html5lib/treebuilders) by extension 'colcon_meta'
[2.929s] Level 1:colcon.colcon_core.package_identification:_identify(venv/lib/python3.10/site-packages/pip/_vendor/html5lib/treebuilders) by extensions ['ros']
[2.929s] Level 1:colcon.colcon_core.package_identification:_identify(venv/lib/python3.10/site-packages/pip/_vendor/html5lib/treebuilders) by extension 'ros'
[2.929s] Level 1:colcon.colcon_core.package_identification:_identify(venv/lib/python3.10/site-packages/pip/_vendor/html5lib/treebuilders) by extensions ['cmake', 'python']
[2.929s] Level 1:colcon.colcon_core.package_identification:_identify(venv/lib/python3.10/site-packages/pip/_vendor/html5lib/treebuilders) by extension 'cmake'
[2.929s] Level 1:colcon.colcon_core.package_identification:_identify(venv/lib/python3.10/site-packages/pip/_vendor/html5lib/treebuilders) by extension 'python'
[2.929s] Level 1:colcon.colcon_core.package_identification:_identify(venv/lib/python3.10/site-packages/pip/_vendor/html5lib/treebuilders) by extensions ['python_setup_py']
[2.929s] Level 1:colcon.colcon_core.package_identification:_identify(venv/lib/python3.10/site-packages/pip/_vendor/html5lib/treebuilders) by extension 'python_setup_py'
[2.929s] Level 1:colcon.colcon_core.package_identification:_identify(venv/lib/python3.10/site-packages/pip/_vendor/html5lib/treebuilders/__pycache__) by extensions ['ignore', 'ignore_ament_install']
[2.929s] Level 1:colcon.colcon_core.package_identification:_identify(venv/lib/python3.10/site-packages/pip/_vendor/html5lib/treebuilders/__pycache__) by extension 'ignore'
[2.929s] Level 1:colcon.colcon_core.package_identification:_identify(venv/lib/python3.10/site-packages/pip/_vendor/html5lib/treebuilders/__pycache__) by extension 'ignore_ament_install'
[2.929s] Level 1:colcon.colcon_core.package_identification:_identify(venv/lib/python3.10/site-packages/pip/_vendor/html5lib/treebuilders/__pycache__) by extensions ['colcon_pkg']
[2.929s] Level 1:colcon.colcon_core.package_identification:_identify(venv/lib/python3.10/site-packages/pip/_vendor/html5lib/treebuilders/__pycache__) by extension 'colcon_pkg'
[2.929s] Level 1:colcon.colcon_core.package_identification:_identify(venv/lib/python3.10/site-packages/pip/_vendor/html5lib/treebuilders/__pycache__) by extensions ['colcon_meta']
[2.929s] Level 1:colcon.colcon_core.package_identification:_identify(venv/lib/python3.10/site-packages/pip/_vendor/html5lib/treebuilders/__pycache__) by extension 'colcon_meta'
[2.929s] Level 1:colcon.colcon_core.package_identification:_identify(venv/lib/python3.10/site-packages/pip/_vendor/html5lib/treebuilders/__pycache__) by extensions ['ros']
[2.929s] Level 1:colcon.colcon_core.package_identification:_identify(venv/lib/python3.10/site-packages/pip/_vendor/html5lib/treebuilders/__pycache__) by extension 'ros'
[2.929s] Level 1:colcon.colcon_core.package_identification:_identify(venv/lib/python3.10/site-packages/pip/_vendor/html5lib/treebuilders/__pycache__) by extensions ['cmake', 'python']
[2.929s] Level 1:colcon.colcon_core.package_identification:_identify(venv/lib/python3.10/site-packages/pip/_vendor/html5lib/treebuilders/__pycache__) by extension 'cmake'
[2.929s] Level 1:colcon.colcon_core.package_identification:_identify(venv/lib/python3.10/site-packages/pip/_vendor/html5lib/treebuilders/__pycache__) by extension 'python'
[2.929s] Level 1:colcon.colcon_core.package_identification:_identify(venv/lib/python3.10/site-packages/pip/_vendor/html5lib/treebuilders/__pycache__) by extensions ['python_setup_py']
[2.929s] Level 1:colcon.colcon_core.package_identification:_identify(venv/lib/python3.10/site-packages/pip/_vendor/html5lib/treebuilders/__pycache__) by extension 'python_setup_py'
[2.929s] Level 1:colcon.colcon_core.package_identification:_identify(venv/lib/python3.10/site-packages/pip/_vendor/html5lib/treewalkers) by extensions ['ignore', 'ignore_ament_install']
[2.929s] Level 1:colcon.colcon_core.package_identification:_identify(venv/lib/python3.10/site-packages/pip/_vendor/html5lib/treewalkers) by extension 'ignore'
[2.930s] Level 1:colcon.colcon_core.package_identification:_identify(venv/lib/python3.10/site-packages/pip/_vendor/html5lib/treewalkers) by extension 'ignore_ament_install'
[2.930s] Level 1:colcon.colcon_core.package_identification:_identify(venv/lib/python3.10/site-packages/pip/_vendor/html5lib/treewalkers) by extensions ['colcon_pkg']
[2.930s] Level 1:colcon.colcon_core.package_identification:_identify(venv/lib/python3.10/site-packages/pip/_vendor/html5lib/treewalkers) by extension 'colcon_pkg'
[2.930s] Level 1:colcon.colcon_core.package_identification:_identify(venv/lib/python3.10/site-packages/pip/_vendor/html5lib/treewalkers) by extensions ['colcon_meta']
[2.930s] Level 1:colcon.colcon_core.package_identification:_identify(venv/lib/python3.10/site-packages/pip/_vendor/html5lib/treewalkers) by extension 'colcon_meta'
[2.930s] Level 1:colcon.colcon_core.package_identification:_identify(venv/lib/python3.10/site-packages/pip/_vendor/html5lib/treewalkers) by extensions ['ros']
[2.930s] Level 1:colcon.colcon_core.package_identification:_identify(venv/lib/python3.10/site-packages/pip/_vendor/html5lib/treewalkers) by extension 'ros'
[2.930s] Level 1:colcon.colcon_core.package_identification:_identify(venv/lib/python3.10/site-packages/pip/_vendor/html5lib/treewalkers) by extensions ['cmake', 'python']
[2.930s] Level 1:colcon.colcon_core.package_identification:_identify(venv/lib/python3.10/site-packages/pip/_vendor/html5lib/treewalkers) by extension 'cmake'
[2.930s] Level 1:colcon.colcon_core.package_identification:_identify(venv/lib/python3.10/site-packages/pip/_vendor/html5lib/treewalkers) by extension 'python'
[2.930s] Level 1:colcon.colcon_core.package_identification:_identify(venv/lib/python3.10/site-packages/pip/_vendor/html5lib/treewalkers) by extensions ['python_setup_py']
[2.930s] Level 1:colcon.colcon_core.package_identification:_identify(venv/lib/python3.10/site-packages/pip/_vendor/html5lib/treewalkers) by extension 'python_setup_py'
[2.930s] Level 1:colcon.colcon_core.package_identification:_identify(venv/lib/python3.10/site-packages/pip/_vendor/html5lib/treewalkers/__pycache__) by extensions ['ignore', 'ignore_ament_install']
[2.930s] Level 1:colcon.colcon_core.package_identification:_identify(venv/lib/python3.10/site-packages/pip/_vendor/html5lib/treewalkers/__pycache__) by extension 'ignore'
[2.930s] Level 1:colcon.colcon_core.package_identification:_identify(venv/lib/python3.10/site-packages/pip/_vendor/html5lib/treewalkers/__pycache__) by extension 'ignore_ament_install'
[2.930s] Level 1:colcon.colcon_core.package_identification:_identify(venv/lib/python3.10/site-packages/pip/_vendor/html5lib/treewalkers/__pycache__) by extensions ['colcon_pkg']
[2.930s] Level 1:colcon.colcon_core.package_identification:_identify(venv/lib/python3.10/site-packages/pip/_vendor/html5lib/treewalkers/__pycache__) by extension 'colcon_pkg'
[2.930s] Level 1:colcon.colcon_core.package_identification:_identify(venv/lib/python3.10/site-packages/pip/_vendor/html5lib/treewalkers/__pycache__) by extensions ['colcon_meta']
[2.930s] Level 1:colcon.colcon_core.package_identification:_identify(venv/lib/python3.10/site-packages/pip/_vendor/html5lib/treewalkers/__pycache__) by extension 'colcon_meta'
[2.930s] Level 1:colcon.colcon_core.package_identification:_identify(venv/lib/python3.10/site-packages/pip/_vendor/html5lib/treewalkers/__pycache__) by extensions ['ros']
[2.930s] Level 1:colcon.colcon_core.package_identification:_identify(venv/lib/python3.10/site-packages/pip/_vendor/html5lib/treewalkers/__pycache__) by extension 'ros'
[2.930s] Level 1:colcon.colcon_core.package_identification:_identify(venv/lib/python3.10/site-packages/pip/_vendor/html5lib/treewalkers/__pycache__) by extensions ['cmake', 'python']
[2.930s] Level 1:colcon.colcon_core.package_identification:_identify(venv/lib/python3.10/site-packages/pip/_vendor/html5lib/treewalkers/__pycache__) by extension 'cmake'
[2.930s] Level 1:colcon.colcon_core.package_identification:_identify(venv/lib/python3.10/site-packages/pip/_vendor/html5lib/treewalkers/__pycache__) by extension 'python'
[2.930s] Level 1:colcon.colcon_core.package_identification:_identify(venv/lib/python3.10/site-packages/pip/_vendor/html5lib/treewalkers/__pycache__) by extensions ['python_setup_py']
[2.930s] Level 1:colcon.colcon_core.package_identification:_identify(venv/lib/python3.10/site-packages/pip/_vendor/html5lib/treewalkers/__pycache__) by extension 'python_setup_py'
[2.931s] Level 1:colcon.colcon_core.package_identification:_identify(venv/lib/python3.10/site-packages/pip/_vendor/idna) by extensions ['ignore', 'ignore_ament_install']
[2.931s] Level 1:colcon.colcon_core.package_identification:_identify(venv/lib/python3.10/site-packages/pip/_vendor/idna) by extension 'ignore'
[2.931s] Level 1:colcon.colcon_core.package_identification:_identify(venv/lib/python3.10/site-packages/pip/_vendor/idna) by extension 'ignore_ament_install'
[2.931s] Level 1:colcon.colcon_core.package_identification:_identify(venv/lib/python3.10/site-packages/pip/_vendor/idna) by extensions ['colcon_pkg']
[2.931s] Level 1:colcon.colcon_core.package_identification:_identify(venv/lib/python3.10/site-packages/pip/_vendor/idna) by extension 'colcon_pkg'
[2.931s] Level 1:colcon.colcon_core.package_identification:_identify(venv/lib/python3.10/site-packages/pip/_vendor/idna) by extensions ['colcon_meta']
[2.931s] Level 1:colcon.colcon_core.package_identification:_identify(venv/lib/python3.10/site-packages/pip/_vendor/idna) by extension 'colcon_meta'
[2.931s] Level 1:colcon.colcon_core.package_identification:_identify(venv/lib/python3.10/site-packages/pip/_vendor/idna) by extensions ['ros']
[2.931s] Level 1:colcon.colcon_core.package_identification:_identify(venv/lib/python3.10/site-packages/pip/_vendor/idna) by extension 'ros'
[2.931s] Level 1:colcon.colcon_core.package_identification:_identify(venv/lib/python3.10/site-packages/pip/_vendor/idna) by extensions ['cmake', 'python']
[2.931s] Level 1:colcon.colcon_core.package_identification:_identify(venv/lib/python3.10/site-packages/pip/_vendor/idna) by extension 'cmake'
[2.932s] Level 1:colcon.colcon_core.package_identification:_identify(venv/lib/python3.10/site-packages/pip/_vendor/idna) by extension 'python'
[2.932s] Level 1:colcon.colcon_core.package_identification:_identify(venv/lib/python3.10/site-packages/pip/_vendor/idna) by extensions ['python_setup_py']
[2.932s] Level 1:colcon.colcon_core.package_identification:_identify(venv/lib/python3.10/site-packages/pip/_vendor/idna) by extension 'python_setup_py'
[2.932s] Level 1:colcon.colcon_core.package_identification:_identify(venv/lib/python3.10/site-packages/pip/_vendor/idna/__pycache__) by extensions ['ignore', 'ignore_ament_install']
[2.932s] Level 1:colcon.colcon_core.package_identification:_identify(venv/lib/python3.10/site-packages/pip/_vendor/idna/__pycache__) by extension 'ignore'
[2.932s] Level 1:colcon.colcon_core.package_identification:_identify(venv/lib/python3.10/site-packages/pip/_vendor/idna/__pycache__) by extension 'ignore_ament_install'
[2.932s] Level 1:colcon.colcon_core.package_identification:_identify(venv/lib/python3.10/site-packages/pip/_vendor/idna/__pycache__) by extensions ['colcon_pkg']
[2.932s] Level 1:colcon.colcon_core.package_identification:_identify(venv/lib/python3.10/site-packages/pip/_vendor/idna/__pycache__) by extension 'colcon_pkg'
[2.932s] Level 1:colcon.colcon_core.package_identification:_identify(venv/lib/python3.10/site-packages/pip/_vendor/idna/__pycache__) by extensions ['colcon_meta']
[2.932s] Level 1:colcon.colcon_core.package_identification:_identify(venv/lib/python3.10/site-packages/pip/_vendor/idna/__pycache__) by extension 'colcon_meta'
[2.932s] Level 1:colcon.colcon_core.package_identification:_identify(venv/lib/python3.10/site-packages/pip/_vendor/idna/__pycache__) by extensions ['ros']
[2.932s] Level 1:colcon.colcon_core.package_identification:_identify(venv/lib/python3.10/site-packages/pip/_vendor/idna/__pycache__) by extension 'ros'
[2.932s] Level 1:colcon.colcon_core.package_identification:_identify(venv/lib/python3.10/site-packages/pip/_vendor/idna/__pycache__) by extensions ['cmake', 'python']
[2.932s] Level 1:colcon.colcon_core.package_identification:_identify(venv/lib/python3.10/site-packages/pip/_vendor/idna/__pycache__) by extension 'cmake'
[2.932s] Level 1:colcon.colcon_core.package_identification:_identify(venv/lib/python3.10/site-packages/pip/_vendor/idna/__pycache__) by extension 'python'
[2.932s] Level 1:colcon.colcon_core.package_identification:_identify(venv/lib/python3.10/site-packages/pip/_vendor/idna/__pycache__) by extensions ['python_setup_py']
[2.932s] Level 1:colcon.colcon_core.package_identification:_identify(venv/lib/python3.10/site-packages/pip/_vendor/idna/__pycache__) by extension 'python_setup_py'
[2.932s] Level 1:colcon.colcon_core.package_identification:_identify(venv/lib/python3.10/site-packages/pip/_vendor/msgpack) by extensions ['ignore', 'ignore_ament_install']
[2.932s] Level 1:colcon.colcon_core.package_identification:_identify(venv/lib/python3.10/site-packages/pip/_vendor/msgpack) by extension 'ignore'
[2.932s] Level 1:colcon.colcon_core.package_identification:_identify(venv/lib/python3.10/site-packages/pip/_vendor/msgpack) by extension 'ignore_ament_install'
[2.932s] Level 1:colcon.colcon_core.package_identification:_identify(venv/lib/python3.10/site-packages/pip/_vendor/msgpack) by extensions ['colcon_pkg']
[2.932s] Level 1:colcon.colcon_core.package_identification:_identify(venv/lib/python3.10/site-packages/pip/_vendor/msgpack) by extension 'colcon_pkg'
[2.932s] Level 1:colcon.colcon_core.package_identification:_identify(venv/lib/python3.10/site-packages/pip/_vendor/msgpack) by extensions ['colcon_meta']
[2.932s] Level 1:colcon.colcon_core.package_identification:_identify(venv/lib/python3.10/site-packages/pip/_vendor/msgpack) by extension 'colcon_meta'
[2.932s] Level 1:colcon.colcon_core.package_identification:_identify(venv/lib/python3.10/site-packages/pip/_vendor/msgpack) by extensions ['ros']
[2.932s] Level 1:colcon.colcon_core.package_identification:_identify(venv/lib/python3.10/site-packages/pip/_vendor/msgpack) by extension 'ros'
[2.933s] Level 1:colcon.colcon_core.package_identification:_identify(venv/lib/python3.10/site-packages/pip/_vendor/msgpack) by extensions ['cmake', 'python']
[2.933s] Level 1:colcon.colcon_core.package_identification:_identify(venv/lib/python3.10/site-packages/pip/_vendor/msgpack) by extension 'cmake'
[2.933s] Level 1:colcon.colcon_core.package_identification:_identify(venv/lib/python3.10/site-packages/pip/_vendor/msgpack) by extension 'python'
[2.933s] Level 1:colcon.colcon_core.package_identification:_identify(venv/lib/python3.10/site-packages/pip/_vendor/msgpack) by extensions ['python_setup_py']
[2.933s] Level 1:colcon.colcon_core.package_identification:_identify(venv/lib/python3.10/site-packages/pip/_vendor/msgpack) by extension 'python_setup_py'
[2.933s] Level 1:colcon.colcon_core.package_identification:_identify(venv/lib/python3.10/site-packages/pip/_vendor/msgpack/__pycache__) by extensions ['ignore', 'ignore_ament_install']
[2.933s] Level 1:colcon.colcon_core.package_identification:_identify(venv/lib/python3.10/site-packages/pip/_vendor/msgpack/__pycache__) by extension 'ignore'
[2.933s] Level 1:colcon.colcon_core.package_identification:_identify(venv/lib/python3.10/site-packages/pip/_vendor/msgpack/__pycache__) by extension 'ignore_ament_install'
[2.933s] Level 1:colcon.colcon_core.package_identification:_identify(venv/lib/python3.10/site-packages/pip/_vendor/msgpack/__pycache__) by extensions ['colcon_pkg']
[2.933s] Level 1:colcon.colcon_core.package_identification:_identify(venv/lib/python3.10/site-packages/pip/_vendor/msgpack/__pycache__) by extension 'colcon_pkg'
[2.933s] Level 1:colcon.colcon_core.package_identification:_identify(venv/lib/python3.10/site-packages/pip/_vendor/msgpack/__pycache__) by extensions ['colcon_meta']
[2.933s] Level 1:colcon.colcon_core.package_identification:_identify(venv/lib/python3.10/site-packages/pip/_vendor/msgpack/__pycache__) by extension 'colcon_meta'
[2.933s] Level 1:colcon.colcon_core.package_identification:_identify(venv/lib/python3.10/site-packages/pip/_vendor/msgpack/__pycache__) by extensions ['ros']
[2.933s] Level 1:colcon.colcon_core.package_identification:_identify(venv/lib/python3.10/site-packages/pip/_vendor/msgpack/__pycache__) by extension 'ros'
[2.933s] Level 1:colcon.colcon_core.package_identification:_identify(venv/lib/python3.10/site-packages/pip/_vendor/msgpack/__pycache__) by extensions ['cmake', 'python']
[2.933s] Level 1:colcon.colcon_core.package_identification:_identify(venv/lib/python3.10/site-packages/pip/_vendor/msgpack/__pycache__) by extension 'cmake'
[2.933s] Level 1:colcon.colcon_core.package_identification:_identify(venv/lib/python3.10/site-packages/pip/_vendor/msgpack/__pycache__) by extension 'python'
[2.933s] Level 1:colcon.colcon_core.package_identification:_identify(venv/lib/python3.10/site-packages/pip/_vendor/msgpack/__pycache__) by extensions ['python_setup_py']
[2.933s] Level 1:colcon.colcon_core.package_identification:_identify(venv/lib/python3.10/site-packages/pip/_vendor/msgpack/__pycache__) by extension 'python_setup_py'
[2.933s] Level 1:colcon.colcon_core.package_identification:_identify(venv/lib/python3.10/site-packages/pip/_vendor/packaging) by extensions ['ignore', 'ignore_ament_install']
[2.933s] Level 1:colcon.colcon_core.package_identification:_identify(venv/lib/python3.10/site-packages/pip/_vendor/packaging) by extension 'ignore'
[2.933s] Level 1:colcon.colcon_core.package_identification:_identify(venv/lib/python3.10/site-packages/pip/_vendor/packaging) by extension 'ignore_ament_install'
[2.933s] Level 1:colcon.colcon_core.package_identification:_identify(venv/lib/python3.10/site-packages/pip/_vendor/packaging) by extensions ['colcon_pkg']
[2.933s] Level 1:colcon.colcon_core.package_identification:_identify(venv/lib/python3.10/site-packages/pip/_vendor/packaging) by extension 'colcon_pkg'
[2.933s] Level 1:colcon.colcon_core.package_identification:_identify(venv/lib/python3.10/site-packages/pip/_vendor/packaging) by extensions ['colcon_meta']
[2.933s] Level 1:colcon.colcon_core.package_identification:_identify(venv/lib/python3.10/site-packages/pip/_vendor/packaging) by extension 'colcon_meta'
[2.933s] Level 1:colcon.colcon_core.package_identification:_identify(venv/lib/python3.10/site-packages/pip/_vendor/packaging) by extensions ['ros']
[2.933s] Level 1:colcon.colcon_core.package_identification:_identify(venv/lib/python3.10/site-packages/pip/_vendor/packaging) by extension 'ros'
[2.933s] Level 1:colcon.colcon_core.package_identification:_identify(venv/lib/python3.10/site-packages/pip/_vendor/packaging) by extensions ['cmake', 'python']
[2.933s] Level 1:colcon.colcon_core.package_identification:_identify(venv/lib/python3.10/site-packages/pip/_vendor/packaging) by extension 'cmake'
[2.934s] Level 1:colcon.colcon_core.package_identification:_identify(venv/lib/python3.10/site-packages/pip/_vendor/packaging) by extension 'python'
[2.934s] Level 1:colcon.colcon_core.package_identification:_identify(venv/lib/python3.10/site-packages/pip/_vendor/packaging) by extensions ['python_setup_py']
[2.934s] Level 1:colcon.colcon_core.package_identification:_identify(venv/lib/python3.10/site-packages/pip/_vendor/packaging) by extension 'python_setup_py'
[2.934s] Level 1:colcon.colcon_core.package_identification:_identify(venv/lib/python3.10/site-packages/pip/_vendor/packaging/__pycache__) by extensions ['ignore', 'ignore_ament_install']
[2.934s] Level 1:colcon.colcon_core.package_identification:_identify(venv/lib/python3.10/site-packages/pip/_vendor/packaging/__pycache__) by extension 'ignore'
[2.934s] Level 1:colcon.colcon_core.package_identification:_identify(venv/lib/python3.10/site-packages/pip/_vendor/packaging/__pycache__) by extension 'ignore_ament_install'
[2.934s] Level 1:colcon.colcon_core.package_identification:_identify(venv/lib/python3.10/site-packages/pip/_vendor/packaging/__pycache__) by extensions ['colcon_pkg']
[2.934s] Level 1:colcon.colcon_core.package_identification:_identify(venv/lib/python3.10/site-packages/pip/_vendor/packaging/__pycache__) by extension 'colcon_pkg'
[2.934s] Level 1:colcon.colcon_core.package_identification:_identify(venv/lib/python3.10/site-packages/pip/_vendor/packaging/__pycache__) by extensions ['colcon_meta']
[2.934s] Level 1:colcon.colcon_core.package_identification:_identify(venv/lib/python3.10/site-packages/pip/_vendor/packaging/__pycache__) by extension 'colcon_meta'
[2.934s] Level 1:colcon.colcon_core.package_identification:_identify(venv/lib/python3.10/site-packages/pip/_vendor/packaging/__pycache__) by extensions ['ros']
[2.934s] Level 1:colcon.colcon_core.package_identification:_identify(venv/lib/python3.10/site-packages/pip/_vendor/packaging/__pycache__) by extension 'ros'
[2.934s] Level 1:colcon.colcon_core.package_identification:_identify(venv/lib/python3.10/site-packages/pip/_vendor/packaging/__pycache__) by extensions ['cmake', 'python']
[2.934s] Level 1:colcon.colcon_core.package_identification:_identify(venv/lib/python3.10/site-packages/pip/_vendor/packaging/__pycache__) by extension 'cmake'
[2.934s] Level 1:colcon.colcon_core.package_identification:_identify(venv/lib/python3.10/site-packages/pip/_vendor/packaging/__pycache__) by extension 'python'
[2.934s] Level 1:colcon.colcon_core.package_identification:_identify(venv/lib/python3.10/site-packages/pip/_vendor/packaging/__pycache__) by extensions ['python_setup_py']
[2.934s] Level 1:colcon.colcon_core.package_identification:_identify(venv/lib/python3.10/site-packages/pip/_vendor/packaging/__pycache__) by extension 'python_setup_py'
[2.934s] Level 1:colcon.colcon_core.package_identification:_identify(venv/lib/python3.10/site-packages/pip/_vendor/pep517) by extensions ['ignore', 'ignore_ament_install']
[2.934s] Level 1:colcon.colcon_core.package_identification:_identify(venv/lib/python3.10/site-packages/pip/_vendor/pep517) by extension 'ignore'
[2.934s] Level 1:colcon.colcon_core.package_identification:_identify(venv/lib/python3.10/site-packages/pip/_vendor/pep517) by extension 'ignore_ament_install'
[2.934s] Level 1:colcon.colcon_core.package_identification:_identify(venv/lib/python3.10/site-packages/pip/_vendor/pep517) by extensions ['colcon_pkg']
[2.934s] Level 1:colcon.colcon_core.package_identification:_identify(venv/lib/python3.10/site-packages/pip/_vendor/pep517) by extension 'colcon_pkg'
[2.934s] Level 1:colcon.colcon_core.package_identification:_identify(venv/lib/python3.10/site-packages/pip/_vendor/pep517) by extensions ['colcon_meta']
[2.934s] Level 1:colcon.colcon_core.package_identification:_identify(venv/lib/python3.10/site-packages/pip/_vendor/pep517) by extension 'colcon_meta'
[2.934s] Level 1:colcon.colcon_core.package_identification:_identify(venv/lib/python3.10/site-packages/pip/_vendor/pep517) by extensions ['ros']
[2.934s] Level 1:colcon.colcon_core.package_identification:_identify(venv/lib/python3.10/site-packages/pip/_vendor/pep517) by extension 'ros'
[2.934s] Level 1:colcon.colcon_core.package_identification:_identify(venv/lib/python3.10/site-packages/pip/_vendor/pep517) by extensions ['cmake', 'python']
[2.934s] Level 1:colcon.colcon_core.package_identification:_identify(venv/lib/python3.10/site-packages/pip/_vendor/pep517) by extension 'cmake'
[2.934s] Level 1:colcon.colcon_core.package_identification:_identify(venv/lib/python3.10/site-packages/pip/_vendor/pep517) by extension 'python'
[2.934s] Level 1:colcon.colcon_core.package_identification:_identify(venv/lib/python3.10/site-packages/pip/_vendor/pep517) by extensions ['python_setup_py']
[2.934s] Level 1:colcon.colcon_core.package_identification:_identify(venv/lib/python3.10/site-packages/pip/_vendor/pep517) by extension 'python_setup_py'
[2.935s] Level 1:colcon.colcon_core.package_identification:_identify(venv/lib/python3.10/site-packages/pip/_vendor/pep517/__pycache__) by extensions ['ignore', 'ignore_ament_install']
[2.935s] Level 1:colcon.colcon_core.package_identification:_identify(venv/lib/python3.10/site-packages/pip/_vendor/pep517/__pycache__) by extension 'ignore'
[2.935s] Level 1:colcon.colcon_core.package_identification:_identify(venv/lib/python3.10/site-packages/pip/_vendor/pep517/__pycache__) by extension 'ignore_ament_install'
[2.935s] Level 1:colcon.colcon_core.package_identification:_identify(venv/lib/python3.10/site-packages/pip/_vendor/pep517/__pycache__) by extensions ['colcon_pkg']
[2.935s] Level 1:colcon.colcon_core.package_identification:_identify(venv/lib/python3.10/site-packages/pip/_vendor/pep517/__pycache__) by extension 'colcon_pkg'
[2.935s] Level 1:colcon.colcon_core.package_identification:_identify(venv/lib/python3.10/site-packages/pip/_vendor/pep517/__pycache__) by extensions ['colcon_meta']
[2.935s] Level 1:colcon.colcon_core.package_identification:_identify(venv/lib/python3.10/site-packages/pip/_vendor/pep517/__pycache__) by extension 'colcon_meta'
[2.935s] Level 1:colcon.colcon_core.package_identification:_identify(venv/lib/python3.10/site-packages/pip/_vendor/pep517/__pycache__) by extensions ['ros']
[2.935s] Level 1:colcon.colcon_core.package_identification:_identify(venv/lib/python3.10/site-packages/pip/_vendor/pep517/__pycache__) by extension 'ros'
[2.935s] Level 1:colcon.colcon_core.package_identification:_identify(venv/lib/python3.10/site-packages/pip/_vendor/pep517/__pycache__) by extensions ['cmake', 'python']
[2.935s] Level 1:colcon.colcon_core.package_identification:_identify(venv/lib/python3.10/site-packages/pip/_vendor/pep517/__pycache__) by extension 'cmake'
[2.935s] Level 1:colcon.colcon_core.package_identification:_identify(venv/lib/python3.10/site-packages/pip/_vendor/pep517/__pycache__) by extension 'python'
[2.935s] Level 1:colcon.colcon_core.package_identification:_identify(venv/lib/python3.10/site-packages/pip/_vendor/pep517/__pycache__) by extensions ['python_setup_py']
[2.935s] Level 1:colcon.colcon_core.package_identification:_identify(venv/lib/python3.10/site-packages/pip/_vendor/pep517/__pycache__) by extension 'python_setup_py'
[2.935s] Level 1:colcon.colcon_core.package_identification:_identify(venv/lib/python3.10/site-packages/pip/_vendor/pep517/in_process) by extensions ['ignore', 'ignore_ament_install']
[2.935s] Level 1:colcon.colcon_core.package_identification:_identify(venv/lib/python3.10/site-packages/pip/_vendor/pep517/in_process) by extension 'ignore'
[2.935s] Level 1:colcon.colcon_core.package_identification:_identify(venv/lib/python3.10/site-packages/pip/_vendor/pep517/in_process) by extension 'ignore_ament_install'
[2.935s] Level 1:colcon.colcon_core.package_identification:_identify(venv/lib/python3.10/site-packages/pip/_vendor/pep517/in_process) by extensions ['colcon_pkg']
[2.935s] Level 1:colcon.colcon_core.package_identification:_identify(venv/lib/python3.10/site-packages/pip/_vendor/pep517/in_process) by extension 'colcon_pkg'
[2.935s] Level 1:colcon.colcon_core.package_identification:_identify(venv/lib/python3.10/site-packages/pip/_vendor/pep517/in_process) by extensions ['colcon_meta']
[2.935s] Level 1:colcon.colcon_core.package_identification:_identify(venv/lib/python3.10/site-packages/pip/_vendor/pep517/in_process) by extension 'colcon_meta'
[2.935s] Level 1:colcon.colcon_core.package_identification:_identify(venv/lib/python3.10/site-packages/pip/_vendor/pep517/in_process) by extensions ['ros']
[2.935s] Level 1:colcon.colcon_core.package_identification:_identify(venv/lib/python3.10/site-packages/pip/_vendor/pep517/in_process) by extension 'ros'
[2.935s] Level 1:colcon.colcon_core.package_identification:_identify(venv/lib/python3.10/site-packages/pip/_vendor/pep517/in_process) by extensions ['cmake', 'python']
[2.935s] Level 1:colcon.colcon_core.package_identification:_identify(venv/lib/python3.10/site-packages/pip/_vendor/pep517/in_process) by extension 'cmake'
[2.935s] Level 1:colcon.colcon_core.package_identification:_identify(venv/lib/python3.10/site-packages/pip/_vendor/pep517/in_process) by extension 'python'
[2.935s] Level 1:colcon.colcon_core.package_identification:_identify(venv/lib/python3.10/site-packages/pip/_vendor/pep517/in_process) by extensions ['python_setup_py']
[2.935s] Level 1:colcon.colcon_core.package_identification:_identify(venv/lib/python3.10/site-packages/pip/_vendor/pep517/in_process) by extension 'python_setup_py'
[2.935s] Level 1:colcon.colcon_core.package_identification:_identify(venv/lib/python3.10/site-packages/pip/_vendor/pep517/in_process/__pycache__) by extensions ['ignore', 'ignore_ament_install']
[2.936s] Level 1:colcon.colcon_core.package_identification:_identify(venv/lib/python3.10/site-packages/pip/_vendor/pep517/in_process/__pycache__) by extension 'ignore'
[2.936s] Level 1:colcon.colcon_core.package_identification:_identify(venv/lib/python3.10/site-packages/pip/_vendor/pep517/in_process/__pycache__) by extension 'ignore_ament_install'
[2.936s] Level 1:colcon.colcon_core.package_identification:_identify(venv/lib/python3.10/site-packages/pip/_vendor/pep517/in_process/__pycache__) by extensions ['colcon_pkg']
[2.936s] Level 1:colcon.colcon_core.package_identification:_identify(venv/lib/python3.10/site-packages/pip/_vendor/pep517/in_process/__pycache__) by extension 'colcon_pkg'
[2.936s] Level 1:colcon.colcon_core.package_identification:_identify(venv/lib/python3.10/site-packages/pip/_vendor/pep517/in_process/__pycache__) by extensions ['colcon_meta']
[2.936s] Level 1:colcon.colcon_core.package_identification:_identify(venv/lib/python3.10/site-packages/pip/_vendor/pep517/in_process/__pycache__) by extension 'colcon_meta'
[2.936s] Level 1:colcon.colcon_core.package_identification:_identify(venv/lib/python3.10/site-packages/pip/_vendor/pep517/in_process/__pycache__) by extensions ['ros']
[2.936s] Level 1:colcon.colcon_core.package_identification:_identify(venv/lib/python3.10/site-packages/pip/_vendor/pep517/in_process/__pycache__) by extension 'ros'
[2.936s] Level 1:colcon.colcon_core.package_identification:_identify(venv/lib/python3.10/site-packages/pip/_vendor/pep517/in_process/__pycache__) by extensions ['cmake', 'python']
[2.936s] Level 1:colcon.colcon_core.package_identification:_identify(venv/lib/python3.10/site-packages/pip/_vendor/pep517/in_process/__pycache__) by extension 'cmake'
[2.936s] Level 1:colcon.colcon_core.package_identification:_identify(venv/lib/python3.10/site-packages/pip/_vendor/pep517/in_process/__pycache__) by extension 'python'
[2.936s] Level 1:colcon.colcon_core.package_identification:_identify(venv/lib/python3.10/site-packages/pip/_vendor/pep517/in_process/__pycache__) by extensions ['python_setup_py']
[2.936s] Level 1:colcon.colcon_core.package_identification:_identify(venv/lib/python3.10/site-packages/pip/_vendor/pep517/in_process/__pycache__) by extension 'python_setup_py'
[2.936s] Level 1:colcon.colcon_core.package_identification:_identify(venv/lib/python3.10/site-packages/pip/_vendor/pkg_resources) by extensions ['ignore', 'ignore_ament_install']
[2.936s] Level 1:colcon.colcon_core.package_identification:_identify(venv/lib/python3.10/site-packages/pip/_vendor/pkg_resources) by extension 'ignore'
[2.936s] Level 1:colcon.colcon_core.package_identification:_identify(venv/lib/python3.10/site-packages/pip/_vendor/pkg_resources) by extension 'ignore_ament_install'
[2.936s] Level 1:colcon.colcon_core.package_identification:_identify(venv/lib/python3.10/site-packages/pip/_vendor/pkg_resources) by extensions ['colcon_pkg']
[2.936s] Level 1:colcon.colcon_core.package_identification:_identify(venv/lib/python3.10/site-packages/pip/_vendor/pkg_resources) by extension 'colcon_pkg'
[2.936s] Level 1:colcon.colcon_core.package_identification:_identify(venv/lib/python3.10/site-packages/pip/_vendor/pkg_resources) by extensions ['colcon_meta']
[2.936s] Level 1:colcon.colcon_core.package_identification:_identify(venv/lib/python3.10/site-packages/pip/_vendor/pkg_resources) by extension 'colcon_meta'
[2.936s] Level 1:colcon.colcon_core.package_identification:_identify(venv/lib/python3.10/site-packages/pip/_vendor/pkg_resources) by extensions ['ros']
[2.936s] Level 1:colcon.colcon_core.package_identification:_identify(venv/lib/python3.10/site-packages/pip/_vendor/pkg_resources) by extension 'ros'
[2.936s] Level 1:colcon.colcon_core.package_identification:_identify(venv/lib/python3.10/site-packages/pip/_vendor/pkg_resources) by extensions ['cmake', 'python']
[2.936s] Level 1:colcon.colcon_core.package_identification:_identify(venv/lib/python3.10/site-packages/pip/_vendor/pkg_resources) by extension 'cmake'
[2.936s] Level 1:colcon.colcon_core.package_identification:_identify(venv/lib/python3.10/site-packages/pip/_vendor/pkg_resources) by extension 'python'
[2.936s] Level 1:colcon.colcon_core.package_identification:_identify(venv/lib/python3.10/site-packages/pip/_vendor/pkg_resources) by extensions ['python_setup_py']
[2.936s] Level 1:colcon.colcon_core.package_identification:_identify(venv/lib/python3.10/site-packages/pip/_vendor/pkg_resources) by extension 'python_setup_py'
[2.936s] Level 1:colcon.colcon_core.package_identification:_identify(venv/lib/python3.10/site-packages/pip/_vendor/pkg_resources/__pycache__) by extensions ['ignore', 'ignore_ament_install']
[2.936s] Level 1:colcon.colcon_core.package_identification:_identify(venv/lib/python3.10/site-packages/pip/_vendor/pkg_resources/__pycache__) by extension 'ignore'
[2.936s] Level 1:colcon.colcon_core.package_identification:_identify(venv/lib/python3.10/site-packages/pip/_vendor/pkg_resources/__pycache__) by extension 'ignore_ament_install'
[2.937s] Level 1:colcon.colcon_core.package_identification:_identify(venv/lib/python3.10/site-packages/pip/_vendor/pkg_resources/__pycache__) by extensions ['colcon_pkg']
[2.937s] Level 1:colcon.colcon_core.package_identification:_identify(venv/lib/python3.10/site-packages/pip/_vendor/pkg_resources/__pycache__) by extension 'colcon_pkg'
[2.937s] Level 1:colcon.colcon_core.package_identification:_identify(venv/lib/python3.10/site-packages/pip/_vendor/pkg_resources/__pycache__) by extensions ['colcon_meta']
[2.937s] Level 1:colcon.colcon_core.package_identification:_identify(venv/lib/python3.10/site-packages/pip/_vendor/pkg_resources/__pycache__) by extension 'colcon_meta'
[2.937s] Level 1:colcon.colcon_core.package_identification:_identify(venv/lib/python3.10/site-packages/pip/_vendor/pkg_resources/__pycache__) by extensions ['ros']
[2.937s] Level 1:colcon.colcon_core.package_identification:_identify(venv/lib/python3.10/site-packages/pip/_vendor/pkg_resources/__pycache__) by extension 'ros'
[2.937s] Level 1:colcon.colcon_core.package_identification:_identify(venv/lib/python3.10/site-packages/pip/_vendor/pkg_resources/__pycache__) by extensions ['cmake', 'python']
[2.937s] Level 1:colcon.colcon_core.package_identification:_identify(venv/lib/python3.10/site-packages/pip/_vendor/pkg_resources/__pycache__) by extension 'cmake'
[2.937s] Level 1:colcon.colcon_core.package_identification:_identify(venv/lib/python3.10/site-packages/pip/_vendor/pkg_resources/__pycache__) by extension 'python'
[2.937s] Level 1:colcon.colcon_core.package_identification:_identify(venv/lib/python3.10/site-packages/pip/_vendor/pkg_resources/__pycache__) by extensions ['python_setup_py']
[2.937s] Level 1:colcon.colcon_core.package_identification:_identify(venv/lib/python3.10/site-packages/pip/_vendor/pkg_resources/__pycache__) by extension 'python_setup_py'
[2.937s] Level 1:colcon.colcon_core.package_identification:_identify(venv/lib/python3.10/site-packages/pip/_vendor/platformdirs) by extensions ['ignore', 'ignore_ament_install']
[2.937s] Level 1:colcon.colcon_core.package_identification:_identify(venv/lib/python3.10/site-packages/pip/_vendor/platformdirs) by extension 'ignore'
[2.937s] Level 1:colcon.colcon_core.package_identification:_identify(venv/lib/python3.10/site-packages/pip/_vendor/platformdirs) by extension 'ignore_ament_install'
[2.937s] Level 1:colcon.colcon_core.package_identification:_identify(venv/lib/python3.10/site-packages/pip/_vendor/platformdirs) by extensions ['colcon_pkg']
[2.937s] Level 1:colcon.colcon_core.package_identification:_identify(venv/lib/python3.10/site-packages/pip/_vendor/platformdirs) by extension 'colcon_pkg'
[2.937s] Level 1:colcon.colcon_core.package_identification:_identify(venv/lib/python3.10/site-packages/pip/_vendor/platformdirs) by extensions ['colcon_meta']
[2.937s] Level 1:colcon.colcon_core.package_identification:_identify(venv/lib/python3.10/site-packages/pip/_vendor/platformdirs) by extension 'colcon_meta'
[2.937s] Level 1:colcon.colcon_core.package_identification:_identify(venv/lib/python3.10/site-packages/pip/_vendor/platformdirs) by extensions ['ros']
[2.937s] Level 1:colcon.colcon_core.package_identification:_identify(venv/lib/python3.10/site-packages/pip/_vendor/platformdirs) by extension 'ros'
[2.937s] Level 1:colcon.colcon_core.package_identification:_identify(venv/lib/python3.10/site-packages/pip/_vendor/platformdirs) by extensions ['cmake', 'python']
[2.937s] Level 1:colcon.colcon_core.package_identification:_identify(venv/lib/python3.10/site-packages/pip/_vendor/platformdirs) by extension 'cmake'
[2.937s] Level 1:colcon.colcon_core.package_identification:_identify(venv/lib/python3.10/site-packages/pip/_vendor/platformdirs) by extension 'python'
[2.937s] Level 1:colcon.colcon_core.package_identification:_identify(venv/lib/python3.10/site-packages/pip/_vendor/platformdirs) by extensions ['python_setup_py']
[2.937s] Level 1:colcon.colcon_core.package_identification:_identify(venv/lib/python3.10/site-packages/pip/_vendor/platformdirs) by extension 'python_setup_py'
[2.937s] Level 1:colcon.colcon_core.package_identification:_identify(venv/lib/python3.10/site-packages/pip/_vendor/platformdirs/__pycache__) by extensions ['ignore', 'ignore_ament_install']
[2.937s] Level 1:colcon.colcon_core.package_identification:_identify(venv/lib/python3.10/site-packages/pip/_vendor/platformdirs/__pycache__) by extension 'ignore'
[2.937s] Level 1:colcon.colcon_core.package_identification:_identify(venv/lib/python3.10/site-packages/pip/_vendor/platformdirs/__pycache__) by extension 'ignore_ament_install'
[2.937s] Level 1:colcon.colcon_core.package_identification:_identify(venv/lib/python3.10/site-packages/pip/_vendor/platformdirs/__pycache__) by extensions ['colcon_pkg']
[2.937s] Level 1:colcon.colcon_core.package_identification:_identify(venv/lib/python3.10/site-packages/pip/_vendor/platformdirs/__pycache__) by extension 'colcon_pkg'
[2.937s] Level 1:colcon.colcon_core.package_identification:_identify(venv/lib/python3.10/site-packages/pip/_vendor/platformdirs/__pycache__) by extensions ['colcon_meta']
[2.938s] Level 1:colcon.colcon_core.package_identification:_identify(venv/lib/python3.10/site-packages/pip/_vendor/platformdirs/__pycache__) by extension 'colcon_meta'
[2.938s] Level 1:colcon.colcon_core.package_identification:_identify(venv/lib/python3.10/site-packages/pip/_vendor/platformdirs/__pycache__) by extensions ['ros']
[2.938s] Level 1:colcon.colcon_core.package_identification:_identify(venv/lib/python3.10/site-packages/pip/_vendor/platformdirs/__pycache__) by extension 'ros'
[2.938s] Level 1:colcon.colcon_core.package_identification:_identify(venv/lib/python3.10/site-packages/pip/_vendor/platformdirs/__pycache__) by extensions ['cmake', 'python']
[2.938s] Level 1:colcon.colcon_core.package_identification:_identify(venv/lib/python3.10/site-packages/pip/_vendor/platformdirs/__pycache__) by extension 'cmake'
[2.938s] Level 1:colcon.colcon_core.package_identification:_identify(venv/lib/python3.10/site-packages/pip/_vendor/platformdirs/__pycache__) by extension 'python'
[2.938s] Level 1:colcon.colcon_core.package_identification:_identify(venv/lib/python3.10/site-packages/pip/_vendor/platformdirs/__pycache__) by extensions ['python_setup_py']
[2.938s] Level 1:colcon.colcon_core.package_identification:_identify(venv/lib/python3.10/site-packages/pip/_vendor/platformdirs/__pycache__) by extension 'python_setup_py'
[2.938s] Level 1:colcon.colcon_core.package_identification:_identify(venv/lib/python3.10/site-packages/pip/_vendor/progress) by extensions ['ignore', 'ignore_ament_install']
[2.938s] Level 1:colcon.colcon_core.package_identification:_identify(venv/lib/python3.10/site-packages/pip/_vendor/progress) by extension 'ignore'
[2.938s] Level 1:colcon.colcon_core.package_identification:_identify(venv/lib/python3.10/site-packages/pip/_vendor/progress) by extension 'ignore_ament_install'
[2.938s] Level 1:colcon.colcon_core.package_identification:_identify(venv/lib/python3.10/site-packages/pip/_vendor/progress) by extensions ['colcon_pkg']
[2.938s] Level 1:colcon.colcon_core.package_identification:_identify(venv/lib/python3.10/site-packages/pip/_vendor/progress) by extension 'colcon_pkg'
[2.938s] Level 1:colcon.colcon_core.package_identification:_identify(venv/lib/python3.10/site-packages/pip/_vendor/progress) by extensions ['colcon_meta']
[2.938s] Level 1:colcon.colcon_core.package_identification:_identify(venv/lib/python3.10/site-packages/pip/_vendor/progress) by extension 'colcon_meta'
[2.938s] Level 1:colcon.colcon_core.package_identification:_identify(venv/lib/python3.10/site-packages/pip/_vendor/progress) by extensions ['ros']
[2.938s] Level 1:colcon.colcon_core.package_identification:_identify(venv/lib/python3.10/site-packages/pip/_vendor/progress) by extension 'ros'
[2.938s] Level 1:colcon.colcon_core.package_identification:_identify(venv/lib/python3.10/site-packages/pip/_vendor/progress) by extensions ['cmake', 'python']
[2.938s] Level 1:colcon.colcon_core.package_identification:_identify(venv/lib/python3.10/site-packages/pip/_vendor/progress) by extension 'cmake'
[2.938s] Level 1:colcon.colcon_core.package_identification:_identify(venv/lib/python3.10/site-packages/pip/_vendor/progress) by extension 'python'
[2.938s] Level 1:colcon.colcon_core.package_identification:_identify(venv/lib/python3.10/site-packages/pip/_vendor/progress) by extensions ['python_setup_py']
[2.938s] Level 1:colcon.colcon_core.package_identification:_identify(venv/lib/python3.10/site-packages/pip/_vendor/progress) by extension 'python_setup_py'
[2.938s] Level 1:colcon.colcon_core.package_identification:_identify(venv/lib/python3.10/site-packages/pip/_vendor/progress/__pycache__) by extensions ['ignore', 'ignore_ament_install']
[2.938s] Level 1:colcon.colcon_core.package_identification:_identify(venv/lib/python3.10/site-packages/pip/_vendor/progress/__pycache__) by extension 'ignore'
[2.938s] Level 1:colcon.colcon_core.package_identification:_identify(venv/lib/python3.10/site-packages/pip/_vendor/progress/__pycache__) by extension 'ignore_ament_install'
[2.938s] Level 1:colcon.colcon_core.package_identification:_identify(venv/lib/python3.10/site-packages/pip/_vendor/progress/__pycache__) by extensions ['colcon_pkg']
[2.938s] Level 1:colcon.colcon_core.package_identification:_identify(venv/lib/python3.10/site-packages/pip/_vendor/progress/__pycache__) by extension 'colcon_pkg'
[2.938s] Level 1:colcon.colcon_core.package_identification:_identify(venv/lib/python3.10/site-packages/pip/_vendor/progress/__pycache__) by extensions ['colcon_meta']
[2.938s] Level 1:colcon.colcon_core.package_identification:_identify(venv/lib/python3.10/site-packages/pip/_vendor/progress/__pycache__) by extension 'colcon_meta'
[2.939s] Level 1:colcon.colcon_core.package_identification:_identify(venv/lib/python3.10/site-packages/pip/_vendor/progress/__pycache__) by extensions ['ros']
[2.939s] Level 1:colcon.colcon_core.package_identification:_identify(venv/lib/python3.10/site-packages/pip/_vendor/progress/__pycache__) by extension 'ros'
[2.939s] Level 1:colcon.colcon_core.package_identification:_identify(venv/lib/python3.10/site-packages/pip/_vendor/progress/__pycache__) by extensions ['cmake', 'python']
[2.939s] Level 1:colcon.colcon_core.package_identification:_identify(venv/lib/python3.10/site-packages/pip/_vendor/progress/__pycache__) by extension 'cmake'
[2.939s] Level 1:colcon.colcon_core.package_identification:_identify(venv/lib/python3.10/site-packages/pip/_vendor/progress/__pycache__) by extension 'python'
[2.939s] Level 1:colcon.colcon_core.package_identification:_identify(venv/lib/python3.10/site-packages/pip/_vendor/progress/__pycache__) by extensions ['python_setup_py']
[2.939s] Level 1:colcon.colcon_core.package_identification:_identify(venv/lib/python3.10/site-packages/pip/_vendor/progress/__pycache__) by extension 'python_setup_py'
[2.939s] Level 1:colcon.colcon_core.package_identification:_identify(venv/lib/python3.10/site-packages/pip/_vendor/pygments) by extensions ['ignore', 'ignore_ament_install']
[2.939s] Level 1:colcon.colcon_core.package_identification:_identify(venv/lib/python3.10/site-packages/pip/_vendor/pygments) by extension 'ignore'
[2.939s] Level 1:colcon.colcon_core.package_identification:_identify(venv/lib/python3.10/site-packages/pip/_vendor/pygments) by extension 'ignore_ament_install'
[2.939s] Level 1:colcon.colcon_core.package_identification:_identify(venv/lib/python3.10/site-packages/pip/_vendor/pygments) by extensions ['colcon_pkg']
[2.939s] Level 1:colcon.colcon_core.package_identification:_identify(venv/lib/python3.10/site-packages/pip/_vendor/pygments) by extension 'colcon_pkg'
[2.939s] Level 1:colcon.colcon_core.package_identification:_identify(venv/lib/python3.10/site-packages/pip/_vendor/pygments) by extensions ['colcon_meta']
[2.939s] Level 1:colcon.colcon_core.package_identification:_identify(venv/lib/python3.10/site-packages/pip/_vendor/pygments) by extension 'colcon_meta'
[2.939s] Level 1:colcon.colcon_core.package_identification:_identify(venv/lib/python3.10/site-packages/pip/_vendor/pygments) by extensions ['ros']
[2.939s] Level 1:colcon.colcon_core.package_identification:_identify(venv/lib/python3.10/site-packages/pip/_vendor/pygments) by extension 'ros'
[2.939s] Level 1:colcon.colcon_core.package_identification:_identify(venv/lib/python3.10/site-packages/pip/_vendor/pygments) by extensions ['cmake', 'python']
[2.939s] Level 1:colcon.colcon_core.package_identification:_identify(venv/lib/python3.10/site-packages/pip/_vendor/pygments) by extension 'cmake'
[2.939s] Level 1:colcon.colcon_core.package_identification:_identify(venv/lib/python3.10/site-packages/pip/_vendor/pygments) by extension 'python'
[2.939s] Level 1:colcon.colcon_core.package_identification:_identify(venv/lib/python3.10/site-packages/pip/_vendor/pygments) by extensions ['python_setup_py']
[2.939s] Level 1:colcon.colcon_core.package_identification:_identify(venv/lib/python3.10/site-packages/pip/_vendor/pygments) by extension 'python_setup_py'
[2.939s] Level 1:colcon.colcon_core.package_identification:_identify(venv/lib/python3.10/site-packages/pip/_vendor/pygments/__pycache__) by extensions ['ignore', 'ignore_ament_install']
[2.939s] Level 1:colcon.colcon_core.package_identification:_identify(venv/lib/python3.10/site-packages/pip/_vendor/pygments/__pycache__) by extension 'ignore'
[2.939s] Level 1:colcon.colcon_core.package_identification:_identify(venv/lib/python3.10/site-packages/pip/_vendor/pygments/__pycache__) by extension 'ignore_ament_install'
[2.939s] Level 1:colcon.colcon_core.package_identification:_identify(venv/lib/python3.10/site-packages/pip/_vendor/pygments/__pycache__) by extensions ['colcon_pkg']
[2.939s] Level 1:colcon.colcon_core.package_identification:_identify(venv/lib/python3.10/site-packages/pip/_vendor/pygments/__pycache__) by extension 'colcon_pkg'
[2.939s] Level 1:colcon.colcon_core.package_identification:_identify(venv/lib/python3.10/site-packages/pip/_vendor/pygments/__pycache__) by extensions ['colcon_meta']
[2.939s] Level 1:colcon.colcon_core.package_identification:_identify(venv/lib/python3.10/site-packages/pip/_vendor/pygments/__pycache__) by extension 'colcon_meta'
[2.939s] Level 1:colcon.colcon_core.package_identification:_identify(venv/lib/python3.10/site-packages/pip/_vendor/pygments/__pycache__) by extensions ['ros']
[2.939s] Level 1:colcon.colcon_core.package_identification:_identify(venv/lib/python3.10/site-packages/pip/_vendor/pygments/__pycache__) by extension 'ros'
[2.940s] Level 1:colcon.colcon_core.package_identification:_identify(venv/lib/python3.10/site-packages/pip/_vendor/pygments/__pycache__) by extensions ['cmake', 'python']
[2.940s] Level 1:colcon.colcon_core.package_identification:_identify(venv/lib/python3.10/site-packages/pip/_vendor/pygments/__pycache__) by extension 'cmake'
[2.940s] Level 1:colcon.colcon_core.package_identification:_identify(venv/lib/python3.10/site-packages/pip/_vendor/pygments/__pycache__) by extension 'python'
[2.940s] Level 1:colcon.colcon_core.package_identification:_identify(venv/lib/python3.10/site-packages/pip/_vendor/pygments/__pycache__) by extensions ['python_setup_py']
[2.940s] Level 1:colcon.colcon_core.package_identification:_identify(venv/lib/python3.10/site-packages/pip/_vendor/pygments/__pycache__) by extension 'python_setup_py'
[2.940s] Level 1:colcon.colcon_core.package_identification:_identify(venv/lib/python3.10/site-packages/pip/_vendor/pygments/filters) by extensions ['ignore', 'ignore_ament_install']
[2.940s] Level 1:colcon.colcon_core.package_identification:_identify(venv/lib/python3.10/site-packages/pip/_vendor/pygments/filters) by extension 'ignore'
[2.940s] Level 1:colcon.colcon_core.package_identification:_identify(venv/lib/python3.10/site-packages/pip/_vendor/pygments/filters) by extension 'ignore_ament_install'
[2.940s] Level 1:colcon.colcon_core.package_identification:_identify(venv/lib/python3.10/site-packages/pip/_vendor/pygments/filters) by extensions ['colcon_pkg']
[2.940s] Level 1:colcon.colcon_core.package_identification:_identify(venv/lib/python3.10/site-packages/pip/_vendor/pygments/filters) by extension 'colcon_pkg'
[2.940s] Level 1:colcon.colcon_core.package_identification:_identify(venv/lib/python3.10/site-packages/pip/_vendor/pygments/filters) by extensions ['colcon_meta']
[2.940s] Level 1:colcon.colcon_core.package_identification:_identify(venv/lib/python3.10/site-packages/pip/_vendor/pygments/filters) by extension 'colcon_meta'
[2.940s] Level 1:colcon.colcon_core.package_identification:_identify(venv/lib/python3.10/site-packages/pip/_vendor/pygments/filters) by extensions ['ros']
[2.940s] Level 1:colcon.colcon_core.package_identification:_identify(venv/lib/python3.10/site-packages/pip/_vendor/pygments/filters) by extension 'ros'
[2.940s] Level 1:colcon.colcon_core.package_identification:_identify(venv/lib/python3.10/site-packages/pip/_vendor/pygments/filters) by extensions ['cmake', 'python']
[2.940s] Level 1:colcon.colcon_core.package_identification:_identify(venv/lib/python3.10/site-packages/pip/_vendor/pygments/filters) by extension 'cmake'
[2.940s] Level 1:colcon.colcon_core.package_identification:_identify(venv/lib/python3.10/site-packages/pip/_vendor/pygments/filters) by extension 'python'
[2.940s] Level 1:colcon.colcon_core.package_identification:_identify(venv/lib/python3.10/site-packages/pip/_vendor/pygments/filters) by extensions ['python_setup_py']
[2.940s] Level 1:colcon.colcon_core.package_identification:_identify(venv/lib/python3.10/site-packages/pip/_vendor/pygments/filters) by extension 'python_setup_py'
[2.940s] Level 1:colcon.colcon_core.package_identification:_identify(venv/lib/python3.10/site-packages/pip/_vendor/pygments/filters/__pycache__) by extensions ['ignore', 'ignore_ament_install']
[2.940s] Level 1:colcon.colcon_core.package_identification:_identify(venv/lib/python3.10/site-packages/pip/_vendor/pygments/filters/__pycache__) by extension 'ignore'
[2.940s] Level 1:colcon.colcon_core.package_identification:_identify(venv/lib/python3.10/site-packages/pip/_vendor/pygments/filters/__pycache__) by extension 'ignore_ament_install'
[2.940s] Level 1:colcon.colcon_core.package_identification:_identify(venv/lib/python3.10/site-packages/pip/_vendor/pygments/filters/__pycache__) by extensions ['colcon_pkg']
[2.940s] Level 1:colcon.colcon_core.package_identification:_identify(venv/lib/python3.10/site-packages/pip/_vendor/pygments/filters/__pycache__) by extension 'colcon_pkg'
[2.940s] Level 1:colcon.colcon_core.package_identification:_identify(venv/lib/python3.10/site-packages/pip/_vendor/pygments/filters/__pycache__) by extensions ['colcon_meta']
[2.940s] Level 1:colcon.colcon_core.package_identification:_identify(venv/lib/python3.10/site-packages/pip/_vendor/pygments/filters/__pycache__) by extension 'colcon_meta'
[2.940s] Level 1:colcon.colcon_core.package_identification:_identify(venv/lib/python3.10/site-packages/pip/_vendor/pygments/filters/__pycache__) by extensions ['ros']
[2.940s] Level 1:colcon.colcon_core.package_identification:_identify(venv/lib/python3.10/site-packages/pip/_vendor/pygments/filters/__pycache__) by extension 'ros'
[2.940s] Level 1:colcon.colcon_core.package_identification:_identify(venv/lib/python3.10/site-packages/pip/_vendor/pygments/filters/__pycache__) by extensions ['cmake', 'python']
[2.940s] Level 1:colcon.colcon_core.package_identification:_identify(venv/lib/python3.10/site-packages/pip/_vendor/pygments/filters/__pycache__) by extension 'cmake'
[2.940s] Level 1:colcon.colcon_core.package_identification:_identify(venv/lib/python3.10/site-packages/pip/_vendor/pygments/filters/__pycache__) by extension 'python'
[2.941s] Level 1:colcon.colcon_core.package_identification:_identify(venv/lib/python3.10/site-packages/pip/_vendor/pygments/filters/__pycache__) by extensions ['python_setup_py']
[2.941s] Level 1:colcon.colcon_core.package_identification:_identify(venv/lib/python3.10/site-packages/pip/_vendor/pygments/filters/__pycache__) by extension 'python_setup_py'
[2.941s] Level 1:colcon.colcon_core.package_identification:_identify(venv/lib/python3.10/site-packages/pip/_vendor/pygments/formatters) by extensions ['ignore', 'ignore_ament_install']
[2.941s] Level 1:colcon.colcon_core.package_identification:_identify(venv/lib/python3.10/site-packages/pip/_vendor/pygments/formatters) by extension 'ignore'
[2.941s] Level 1:colcon.colcon_core.package_identification:_identify(venv/lib/python3.10/site-packages/pip/_vendor/pygments/formatters) by extension 'ignore_ament_install'
[2.941s] Level 1:colcon.colcon_core.package_identification:_identify(venv/lib/python3.10/site-packages/pip/_vendor/pygments/formatters) by extensions ['colcon_pkg']
[2.941s] Level 1:colcon.colcon_core.package_identification:_identify(venv/lib/python3.10/site-packages/pip/_vendor/pygments/formatters) by extension 'colcon_pkg'
[2.941s] Level 1:colcon.colcon_core.package_identification:_identify(venv/lib/python3.10/site-packages/pip/_vendor/pygments/formatters) by extensions ['colcon_meta']
[2.941s] Level 1:colcon.colcon_core.package_identification:_identify(venv/lib/python3.10/site-packages/pip/_vendor/pygments/formatters) by extension 'colcon_meta'
[2.941s] Level 1:colcon.colcon_core.package_identification:_identify(venv/lib/python3.10/site-packages/pip/_vendor/pygments/formatters) by extensions ['ros']
[2.941s] Level 1:colcon.colcon_core.package_identification:_identify(venv/lib/python3.10/site-packages/pip/_vendor/pygments/formatters) by extension 'ros'
[2.941s] Level 1:colcon.colcon_core.package_identification:_identify(venv/lib/python3.10/site-packages/pip/_vendor/pygments/formatters) by extensions ['cmake', 'python']
[2.941s] Level 1:colcon.colcon_core.package_identification:_identify(venv/lib/python3.10/site-packages/pip/_vendor/pygments/formatters) by extension 'cmake'
[2.941s] Level 1:colcon.colcon_core.package_identification:_identify(venv/lib/python3.10/site-packages/pip/_vendor/pygments/formatters) by extension 'python'
[2.941s] Level 1:colcon.colcon_core.package_identification:_identify(venv/lib/python3.10/site-packages/pip/_vendor/pygments/formatters) by extensions ['python_setup_py']
[2.941s] Level 1:colcon.colcon_core.package_identification:_identify(venv/lib/python3.10/site-packages/pip/_vendor/pygments/formatters) by extension 'python_setup_py'
[2.941s] Level 1:colcon.colcon_core.package_identification:_identify(venv/lib/python3.10/site-packages/pip/_vendor/pygments/formatters/__pycache__) by extensions ['ignore', 'ignore_ament_install']
[2.941s] Level 1:colcon.colcon_core.package_identification:_identify(venv/lib/python3.10/site-packages/pip/_vendor/pygments/formatters/__pycache__) by extension 'ignore'
[2.941s] Level 1:colcon.colcon_core.package_identification:_identify(venv/lib/python3.10/site-packages/pip/_vendor/pygments/formatters/__pycache__) by extension 'ignore_ament_install'
[2.941s] Level 1:colcon.colcon_core.package_identification:_identify(venv/lib/python3.10/site-packages/pip/_vendor/pygments/formatters/__pycache__) by extensions ['colcon_pkg']
[2.941s] Level 1:colcon.colcon_core.package_identification:_identify(venv/lib/python3.10/site-packages/pip/_vendor/pygments/formatters/__pycache__) by extension 'colcon_pkg'
[2.941s] Level 1:colcon.colcon_core.package_identification:_identify(venv/lib/python3.10/site-packages/pip/_vendor/pygments/formatters/__pycache__) by extensions ['colcon_meta']
[2.941s] Level 1:colcon.colcon_core.package_identification:_identify(venv/lib/python3.10/site-packages/pip/_vendor/pygments/formatters/__pycache__) by extension 'colcon_meta'
[2.941s] Level 1:colcon.colcon_core.package_identification:_identify(venv/lib/python3.10/site-packages/pip/_vendor/pygments/formatters/__pycache__) by extensions ['ros']
[2.941s] Level 1:colcon.colcon_core.package_identification:_identify(venv/lib/python3.10/site-packages/pip/_vendor/pygments/formatters/__pycache__) by extension 'ros'
[2.941s] Level 1:colcon.colcon_core.package_identification:_identify(venv/lib/python3.10/site-packages/pip/_vendor/pygments/formatters/__pycache__) by extensions ['cmake', 'python']
[2.941s] Level 1:colcon.colcon_core.package_identification:_identify(venv/lib/python3.10/site-packages/pip/_vendor/pygments/formatters/__pycache__) by extension 'cmake'
[2.941s] Level 1:colcon.colcon_core.package_identification:_identify(venv/lib/python3.10/site-packages/pip/_vendor/pygments/formatters/__pycache__) by extension 'python'
[2.941s] Level 1:colcon.colcon_core.package_identification:_identify(venv/lib/python3.10/site-packages/pip/_vendor/pygments/formatters/__pycache__) by extensions ['python_setup_py']
[2.941s] Level 1:colcon.colcon_core.package_identification:_identify(venv/lib/python3.10/site-packages/pip/_vendor/pygments/formatters/__pycache__) by extension 'python_setup_py'
[2.942s] Level 1:colcon.colcon_core.package_identification:_identify(venv/lib/python3.10/site-packages/pip/_vendor/pygments/lexers) by extensions ['ignore', 'ignore_ament_install']
[2.942s] Level 1:colcon.colcon_core.package_identification:_identify(venv/lib/python3.10/site-packages/pip/_vendor/pygments/lexers) by extension 'ignore'
[2.942s] Level 1:colcon.colcon_core.package_identification:_identify(venv/lib/python3.10/site-packages/pip/_vendor/pygments/lexers) by extension 'ignore_ament_install'
[2.942s] Level 1:colcon.colcon_core.package_identification:_identify(venv/lib/python3.10/site-packages/pip/_vendor/pygments/lexers) by extensions ['colcon_pkg']
[2.942s] Level 1:colcon.colcon_core.package_identification:_identify(venv/lib/python3.10/site-packages/pip/_vendor/pygments/lexers) by extension 'colcon_pkg'
[2.942s] Level 1:colcon.colcon_core.package_identification:_identify(venv/lib/python3.10/site-packages/pip/_vendor/pygments/lexers) by extensions ['colcon_meta']
[2.942s] Level 1:colcon.colcon_core.package_identification:_identify(venv/lib/python3.10/site-packages/pip/_vendor/pygments/lexers) by extension 'colcon_meta'
[2.942s] Level 1:colcon.colcon_core.package_identification:_identify(venv/lib/python3.10/site-packages/pip/_vendor/pygments/lexers) by extensions ['ros']
[2.942s] Level 1:colcon.colcon_core.package_identification:_identify(venv/lib/python3.10/site-packages/pip/_vendor/pygments/lexers) by extension 'ros'
[2.942s] Level 1:colcon.colcon_core.package_identification:_identify(venv/lib/python3.10/site-packages/pip/_vendor/pygments/lexers) by extensions ['cmake', 'python']
[2.942s] Level 1:colcon.colcon_core.package_identification:_identify(venv/lib/python3.10/site-packages/pip/_vendor/pygments/lexers) by extension 'cmake'
[2.942s] Level 1:colcon.colcon_core.package_identification:_identify(venv/lib/python3.10/site-packages/pip/_vendor/pygments/lexers) by extension 'python'
[2.942s] Level 1:colcon.colcon_core.package_identification:_identify(venv/lib/python3.10/site-packages/pip/_vendor/pygments/lexers) by extensions ['python_setup_py']
[2.942s] Level 1:colcon.colcon_core.package_identification:_identify(venv/lib/python3.10/site-packages/pip/_vendor/pygments/lexers) by extension 'python_setup_py'
[2.942s] Level 1:colcon.colcon_core.package_identification:_identify(venv/lib/python3.10/site-packages/pip/_vendor/pygments/lexers/__pycache__) by extensions ['ignore', 'ignore_ament_install']
[2.942s] Level 1:colcon.colcon_core.package_identification:_identify(venv/lib/python3.10/site-packages/pip/_vendor/pygments/lexers/__pycache__) by extension 'ignore'
[2.942s] Level 1:colcon.colcon_core.package_identification:_identify(venv/lib/python3.10/site-packages/pip/_vendor/pygments/lexers/__pycache__) by extension 'ignore_ament_install'
[2.942s] Level 1:colcon.colcon_core.package_identification:_identify(venv/lib/python3.10/site-packages/pip/_vendor/pygments/lexers/__pycache__) by extensions ['colcon_pkg']
[2.942s] Level 1:colcon.colcon_core.package_identification:_identify(venv/lib/python3.10/site-packages/pip/_vendor/pygments/lexers/__pycache__) by extension 'colcon_pkg'
[2.942s] Level 1:colcon.colcon_core.package_identification:_identify(venv/lib/python3.10/site-packages/pip/_vendor/pygments/lexers/__pycache__) by extensions ['colcon_meta']
[2.942s] Level 1:colcon.colcon_core.package_identification:_identify(venv/lib/python3.10/site-packages/pip/_vendor/pygments/lexers/__pycache__) by extension 'colcon_meta'
[2.942s] Level 1:colcon.colcon_core.package_identification:_identify(venv/lib/python3.10/site-packages/pip/_vendor/pygments/lexers/__pycache__) by extensions ['ros']
[2.942s] Level 1:colcon.colcon_core.package_identification:_identify(venv/lib/python3.10/site-packages/pip/_vendor/pygments/lexers/__pycache__) by extension 'ros'
[2.942s] Level 1:colcon.colcon_core.package_identification:_identify(venv/lib/python3.10/site-packages/pip/_vendor/pygments/lexers/__pycache__) by extensions ['cmake', 'python']
[2.942s] Level 1:colcon.colcon_core.package_identification:_identify(venv/lib/python3.10/site-packages/pip/_vendor/pygments/lexers/__pycache__) by extension 'cmake'
[2.942s] Level 1:colcon.colcon_core.package_identification:_identify(venv/lib/python3.10/site-packages/pip/_vendor/pygments/lexers/__pycache__) by extension 'python'
[2.942s] Level 1:colcon.colcon_core.package_identification:_identify(venv/lib/python3.10/site-packages/pip/_vendor/pygments/lexers/__pycache__) by extensions ['python_setup_py']
[2.942s] Level 1:colcon.colcon_core.package_identification:_identify(venv/lib/python3.10/site-packages/pip/_vendor/pygments/lexers/__pycache__) by extension 'python_setup_py'
[2.942s] Level 1:colcon.colcon_core.package_identification:_identify(venv/lib/python3.10/site-packages/pip/_vendor/pygments/styles) by extensions ['ignore', 'ignore_ament_install']
[2.943s] Level 1:colcon.colcon_core.package_identification:_identify(venv/lib/python3.10/site-packages/pip/_vendor/pygments/styles) by extension 'ignore'
[2.943s] Level 1:colcon.colcon_core.package_identification:_identify(venv/lib/python3.10/site-packages/pip/_vendor/pygments/styles) by extension 'ignore_ament_install'
[2.943s] Level 1:colcon.colcon_core.package_identification:_identify(venv/lib/python3.10/site-packages/pip/_vendor/pygments/styles) by extensions ['colcon_pkg']
[2.943s] Level 1:colcon.colcon_core.package_identification:_identify(venv/lib/python3.10/site-packages/pip/_vendor/pygments/styles) by extension 'colcon_pkg'
[2.943s] Level 1:colcon.colcon_core.package_identification:_identify(venv/lib/python3.10/site-packages/pip/_vendor/pygments/styles) by extensions ['colcon_meta']
[2.943s] Level 1:colcon.colcon_core.package_identification:_identify(venv/lib/python3.10/site-packages/pip/_vendor/pygments/styles) by extension 'colcon_meta'
[2.943s] Level 1:colcon.colcon_core.package_identification:_identify(venv/lib/python3.10/site-packages/pip/_vendor/pygments/styles) by extensions ['ros']
[2.943s] Level 1:colcon.colcon_core.package_identification:_identify(venv/lib/python3.10/site-packages/pip/_vendor/pygments/styles) by extension 'ros'
[2.943s] Level 1:colcon.colcon_core.package_identification:_identify(venv/lib/python3.10/site-packages/pip/_vendor/pygments/styles) by extensions ['cmake', 'python']
[2.943s] Level 1:colcon.colcon_core.package_identification:_identify(venv/lib/python3.10/site-packages/pip/_vendor/pygments/styles) by extension 'cmake'
[2.943s] Level 1:colcon.colcon_core.package_identification:_identify(venv/lib/python3.10/site-packages/pip/_vendor/pygments/styles) by extension 'python'
[2.943s] Level 1:colcon.colcon_core.package_identification:_identify(venv/lib/python3.10/site-packages/pip/_vendor/pygments/styles) by extensions ['python_setup_py']
[2.943s] Level 1:colcon.colcon_core.package_identification:_identify(venv/lib/python3.10/site-packages/pip/_vendor/pygments/styles) by extension 'python_setup_py'
[2.943s] Level 1:colcon.colcon_core.package_identification:_identify(venv/lib/python3.10/site-packages/pip/_vendor/pygments/styles/__pycache__) by extensions ['ignore', 'ignore_ament_install']
[2.943s] Level 1:colcon.colcon_core.package_identification:_identify(venv/lib/python3.10/site-packages/pip/_vendor/pygments/styles/__pycache__) by extension 'ignore'
[2.943s] Level 1:colcon.colcon_core.package_identification:_identify(venv/lib/python3.10/site-packages/pip/_vendor/pygments/styles/__pycache__) by extension 'ignore_ament_install'
[2.943s] Level 1:colcon.colcon_core.package_identification:_identify(venv/lib/python3.10/site-packages/pip/_vendor/pygments/styles/__pycache__) by extensions ['colcon_pkg']
[2.943s] Level 1:colcon.colcon_core.package_identification:_identify(venv/lib/python3.10/site-packages/pip/_vendor/pygments/styles/__pycache__) by extension 'colcon_pkg'
[2.943s] Level 1:colcon.colcon_core.package_identification:_identify(venv/lib/python3.10/site-packages/pip/_vendor/pygments/styles/__pycache__) by extensions ['colcon_meta']
[2.943s] Level 1:colcon.colcon_core.package_identification:_identify(venv/lib/python3.10/site-packages/pip/_vendor/pygments/styles/__pycache__) by extension 'colcon_meta'
[2.943s] Level 1:colcon.colcon_core.package_identification:_identify(venv/lib/python3.10/site-packages/pip/_vendor/pygments/styles/__pycache__) by extensions ['ros']
[2.943s] Level 1:colcon.colcon_core.package_identification:_identify(venv/lib/python3.10/site-packages/pip/_vendor/pygments/styles/__pycache__) by extension 'ros'
[2.943s] Level 1:colcon.colcon_core.package_identification:_identify(venv/lib/python3.10/site-packages/pip/_vendor/pygments/styles/__pycache__) by extensions ['cmake', 'python']
[2.943s] Level 1:colcon.colcon_core.package_identification:_identify(venv/lib/python3.10/site-packages/pip/_vendor/pygments/styles/__pycache__) by extension 'cmake'
[2.943s] Level 1:colcon.colcon_core.package_identification:_identify(venv/lib/python3.10/site-packages/pip/_vendor/pygments/styles/__pycache__) by extension 'python'
[2.943s] Level 1:colcon.colcon_core.package_identification:_identify(venv/lib/python3.10/site-packages/pip/_vendor/pygments/styles/__pycache__) by extensions ['python_setup_py']
[2.943s] Level 1:colcon.colcon_core.package_identification:_identify(venv/lib/python3.10/site-packages/pip/_vendor/pygments/styles/__pycache__) by extension 'python_setup_py'
[2.943s] Level 1:colcon.colcon_core.package_identification:_identify(venv/lib/python3.10/site-packages/pip/_vendor/pyparsing) by extensions ['ignore', 'ignore_ament_install']
[2.944s] Level 1:colcon.colcon_core.package_identification:_identify(venv/lib/python3.10/site-packages/pip/_vendor/pyparsing) by extension 'ignore'
[2.944s] Level 1:colcon.colcon_core.package_identification:_identify(venv/lib/python3.10/site-packages/pip/_vendor/pyparsing) by extension 'ignore_ament_install'
[2.944s] Level 1:colcon.colcon_core.package_identification:_identify(venv/lib/python3.10/site-packages/pip/_vendor/pyparsing) by extensions ['colcon_pkg']
[2.944s] Level 1:colcon.colcon_core.package_identification:_identify(venv/lib/python3.10/site-packages/pip/_vendor/pyparsing) by extension 'colcon_pkg'
[2.944s] Level 1:colcon.colcon_core.package_identification:_identify(venv/lib/python3.10/site-packages/pip/_vendor/pyparsing) by extensions ['colcon_meta']
[2.944s] Level 1:colcon.colcon_core.package_identification:_identify(venv/lib/python3.10/site-packages/pip/_vendor/pyparsing) by extension 'colcon_meta'
[2.944s] Level 1:colcon.colcon_core.package_identification:_identify(venv/lib/python3.10/site-packages/pip/_vendor/pyparsing) by extensions ['ros']
[2.944s] Level 1:colcon.colcon_core.package_identification:_identify(venv/lib/python3.10/site-packages/pip/_vendor/pyparsing) by extension 'ros'
[2.944s] Level 1:colcon.colcon_core.package_identification:_identify(venv/lib/python3.10/site-packages/pip/_vendor/pyparsing) by extensions ['cmake', 'python']
[2.944s] Level 1:colcon.colcon_core.package_identification:_identify(venv/lib/python3.10/site-packages/pip/_vendor/pyparsing) by extension 'cmake'
[2.944s] Level 1:colcon.colcon_core.package_identification:_identify(venv/lib/python3.10/site-packages/pip/_vendor/pyparsing) by extension 'python'
[2.944s] Level 1:colcon.colcon_core.package_identification:_identify(venv/lib/python3.10/site-packages/pip/_vendor/pyparsing) by extensions ['python_setup_py']
[2.944s] Level 1:colcon.colcon_core.package_identification:_identify(venv/lib/python3.10/site-packages/pip/_vendor/pyparsing) by extension 'python_setup_py'
[2.944s] Level 1:colcon.colcon_core.package_identification:_identify(venv/lib/python3.10/site-packages/pip/_vendor/pyparsing/__pycache__) by extensions ['ignore', 'ignore_ament_install']
[2.944s] Level 1:colcon.colcon_core.package_identification:_identify(venv/lib/python3.10/site-packages/pip/_vendor/pyparsing/__pycache__) by extension 'ignore'
[2.944s] Level 1:colcon.colcon_core.package_identification:_identify(venv/lib/python3.10/site-packages/pip/_vendor/pyparsing/__pycache__) by extension 'ignore_ament_install'
[2.944s] Level 1:colcon.colcon_core.package_identification:_identify(venv/lib/python3.10/site-packages/pip/_vendor/pyparsing/__pycache__) by extensions ['colcon_pkg']
[2.944s] Level 1:colcon.colcon_core.package_identification:_identify(venv/lib/python3.10/site-packages/pip/_vendor/pyparsing/__pycache__) by extension 'colcon_pkg'
[2.944s] Level 1:colcon.colcon_core.package_identification:_identify(venv/lib/python3.10/site-packages/pip/_vendor/pyparsing/__pycache__) by extensions ['colcon_meta']
[2.944s] Level 1:colcon.colcon_core.package_identification:_identify(venv/lib/python3.10/site-packages/pip/_vendor/pyparsing/__pycache__) by extension 'colcon_meta'
[2.944s] Level 1:colcon.colcon_core.package_identification:_identify(venv/lib/python3.10/site-packages/pip/_vendor/pyparsing/__pycache__) by extensions ['ros']
[2.944s] Level 1:colcon.colcon_core.package_identification:_identify(venv/lib/python3.10/site-packages/pip/_vendor/pyparsing/__pycache__) by extension 'ros'
[2.944s] Level 1:colcon.colcon_core.package_identification:_identify(venv/lib/python3.10/site-packages/pip/_vendor/pyparsing/__pycache__) by extensions ['cmake', 'python']
[2.944s] Level 1:colcon.colcon_core.package_identification:_identify(venv/lib/python3.10/site-packages/pip/_vendor/pyparsing/__pycache__) by extension 'cmake'
[2.944s] Level 1:colcon.colcon_core.package_identification:_identify(venv/lib/python3.10/site-packages/pip/_vendor/pyparsing/__pycache__) by extension 'python'
[2.944s] Level 1:colcon.colcon_core.package_identification:_identify(venv/lib/python3.10/site-packages/pip/_vendor/pyparsing/__pycache__) by extensions ['python_setup_py']
[2.944s] Level 1:colcon.colcon_core.package_identification:_identify(venv/lib/python3.10/site-packages/pip/_vendor/pyparsing/__pycache__) by extension 'python_setup_py'
[2.944s] Level 1:colcon.colcon_core.package_identification:_identify(venv/lib/python3.10/site-packages/pip/_vendor/pyparsing/diagram) by extensions ['ignore', 'ignore_ament_install']
[2.944s] Level 1:colcon.colcon_core.package_identification:_identify(venv/lib/python3.10/site-packages/pip/_vendor/pyparsing/diagram) by extension 'ignore'
[2.944s] Level 1:colcon.colcon_core.package_identification:_identify(venv/lib/python3.10/site-packages/pip/_vendor/pyparsing/diagram) by extension 'ignore_ament_install'
[2.945s] Level 1:colcon.colcon_core.package_identification:_identify(venv/lib/python3.10/site-packages/pip/_vendor/pyparsing/diagram) by extensions ['colcon_pkg']
[2.945s] Level 1:colcon.colcon_core.package_identification:_identify(venv/lib/python3.10/site-packages/pip/_vendor/pyparsing/diagram) by extension 'colcon_pkg'
[2.945s] Level 1:colcon.colcon_core.package_identification:_identify(venv/lib/python3.10/site-packages/pip/_vendor/pyparsing/diagram) by extensions ['colcon_meta']
[2.945s] Level 1:colcon.colcon_core.package_identification:_identify(venv/lib/python3.10/site-packages/pip/_vendor/pyparsing/diagram) by extension 'colcon_meta'
[2.945s] Level 1:colcon.colcon_core.package_identification:_identify(venv/lib/python3.10/site-packages/pip/_vendor/pyparsing/diagram) by extensions ['ros']
[2.945s] Level 1:colcon.colcon_core.package_identification:_identify(venv/lib/python3.10/site-packages/pip/_vendor/pyparsing/diagram) by extension 'ros'
[2.945s] Level 1:colcon.colcon_core.package_identification:_identify(venv/lib/python3.10/site-packages/pip/_vendor/pyparsing/diagram) by extensions ['cmake', 'python']
[2.945s] Level 1:colcon.colcon_core.package_identification:_identify(venv/lib/python3.10/site-packages/pip/_vendor/pyparsing/diagram) by extension 'cmake'
[2.945s] Level 1:colcon.colcon_core.package_identification:_identify(venv/lib/python3.10/site-packages/pip/_vendor/pyparsing/diagram) by extension 'python'
[2.945s] Level 1:colcon.colcon_core.package_identification:_identify(venv/lib/python3.10/site-packages/pip/_vendor/pyparsing/diagram) by extensions ['python_setup_py']
[2.945s] Level 1:colcon.colcon_core.package_identification:_identify(venv/lib/python3.10/site-packages/pip/_vendor/pyparsing/diagram) by extension 'python_setup_py'
[2.945s] Level 1:colcon.colcon_core.package_identification:_identify(venv/lib/python3.10/site-packages/pip/_vendor/pyparsing/diagram/__pycache__) by extensions ['ignore', 'ignore_ament_install']
[2.945s] Level 1:colcon.colcon_core.package_identification:_identify(venv/lib/python3.10/site-packages/pip/_vendor/pyparsing/diagram/__pycache__) by extension 'ignore'
[2.945s] Level 1:colcon.colcon_core.package_identification:_identify(venv/lib/python3.10/site-packages/pip/_vendor/pyparsing/diagram/__pycache__) by extension 'ignore_ament_install'
[2.945s] Level 1:colcon.colcon_core.package_identification:_identify(venv/lib/python3.10/site-packages/pip/_vendor/pyparsing/diagram/__pycache__) by extensions ['colcon_pkg']
[2.945s] Level 1:colcon.colcon_core.package_identification:_identify(venv/lib/python3.10/site-packages/pip/_vendor/pyparsing/diagram/__pycache__) by extension 'colcon_pkg'
[2.945s] Level 1:colcon.colcon_core.package_identification:_identify(venv/lib/python3.10/site-packages/pip/_vendor/pyparsing/diagram/__pycache__) by extensions ['colcon_meta']
[2.945s] Level 1:colcon.colcon_core.package_identification:_identify(venv/lib/python3.10/site-packages/pip/_vendor/pyparsing/diagram/__pycache__) by extension 'colcon_meta'
[2.945s] Level 1:colcon.colcon_core.package_identification:_identify(venv/lib/python3.10/site-packages/pip/_vendor/pyparsing/diagram/__pycache__) by extensions ['ros']
[2.945s] Level 1:colcon.colcon_core.package_identification:_identify(venv/lib/python3.10/site-packages/pip/_vendor/pyparsing/diagram/__pycache__) by extension 'ros'
[2.945s] Level 1:colcon.colcon_core.package_identification:_identify(venv/lib/python3.10/site-packages/pip/_vendor/pyparsing/diagram/__pycache__) by extensions ['cmake', 'python']
[2.945s] Level 1:colcon.colcon_core.package_identification:_identify(venv/lib/python3.10/site-packages/pip/_vendor/pyparsing/diagram/__pycache__) by extension 'cmake'
[2.945s] Level 1:colcon.colcon_core.package_identification:_identify(venv/lib/python3.10/site-packages/pip/_vendor/pyparsing/diagram/__pycache__) by extension 'python'
[2.945s] Level 1:colcon.colcon_core.package_identification:_identify(venv/lib/python3.10/site-packages/pip/_vendor/pyparsing/diagram/__pycache__) by extensions ['python_setup_py']
[2.945s] Level 1:colcon.colcon_core.package_identification:_identify(venv/lib/python3.10/site-packages/pip/_vendor/pyparsing/diagram/__pycache__) by extension 'python_setup_py'
[2.945s] Level 1:colcon.colcon_core.package_identification:_identify(venv/lib/python3.10/site-packages/pip/_vendor/requests) by extensions ['ignore', 'ignore_ament_install']
[2.945s] Level 1:colcon.colcon_core.package_identification:_identify(venv/lib/python3.10/site-packages/pip/_vendor/requests) by extension 'ignore'
[2.945s] Level 1:colcon.colcon_core.package_identification:_identify(venv/lib/python3.10/site-packages/pip/_vendor/requests) by extension 'ignore_ament_install'
[2.946s] Level 1:colcon.colcon_core.package_identification:_identify(venv/lib/python3.10/site-packages/pip/_vendor/requests) by extensions ['colcon_pkg']
[2.946s] Level 1:colcon.colcon_core.package_identification:_identify(venv/lib/python3.10/site-packages/pip/_vendor/requests) by extension 'colcon_pkg'
[2.946s] Level 1:colcon.colcon_core.package_identification:_identify(venv/lib/python3.10/site-packages/pip/_vendor/requests) by extensions ['colcon_meta']
[2.946s] Level 1:colcon.colcon_core.package_identification:_identify(venv/lib/python3.10/site-packages/pip/_vendor/requests) by extension 'colcon_meta'
[2.946s] Level 1:colcon.colcon_core.package_identification:_identify(venv/lib/python3.10/site-packages/pip/_vendor/requests) by extensions ['ros']
[2.946s] Level 1:colcon.colcon_core.package_identification:_identify(venv/lib/python3.10/site-packages/pip/_vendor/requests) by extension 'ros'
[2.946s] Level 1:colcon.colcon_core.package_identification:_identify(venv/lib/python3.10/site-packages/pip/_vendor/requests) by extensions ['cmake', 'python']
[2.946s] Level 1:colcon.colcon_core.package_identification:_identify(venv/lib/python3.10/site-packages/pip/_vendor/requests) by extension 'cmake'
[2.946s] Level 1:colcon.colcon_core.package_identification:_identify(venv/lib/python3.10/site-packages/pip/_vendor/requests) by extension 'python'
[2.946s] Level 1:colcon.colcon_core.package_identification:_identify(venv/lib/python3.10/site-packages/pip/_vendor/requests) by extensions ['python_setup_py']
[2.946s] Level 1:colcon.colcon_core.package_identification:_identify(venv/lib/python3.10/site-packages/pip/_vendor/requests) by extension 'python_setup_py'
[2.946s] Level 1:colcon.colcon_core.package_identification:_identify(venv/lib/python3.10/site-packages/pip/_vendor/requests/__pycache__) by extensions ['ignore', 'ignore_ament_install']
[2.946s] Level 1:colcon.colcon_core.package_identification:_identify(venv/lib/python3.10/site-packages/pip/_vendor/requests/__pycache__) by extension 'ignore'
[2.946s] Level 1:colcon.colcon_core.package_identification:_identify(venv/lib/python3.10/site-packages/pip/_vendor/requests/__pycache__) by extension 'ignore_ament_install'
[2.946s] Level 1:colcon.colcon_core.package_identification:_identify(venv/lib/python3.10/site-packages/pip/_vendor/requests/__pycache__) by extensions ['colcon_pkg']
[2.946s] Level 1:colcon.colcon_core.package_identification:_identify(venv/lib/python3.10/site-packages/pip/_vendor/requests/__pycache__) by extension 'colcon_pkg'
[2.946s] Level 1:colcon.colcon_core.package_identification:_identify(venv/lib/python3.10/site-packages/pip/_vendor/requests/__pycache__) by extensions ['colcon_meta']
[2.946s] Level 1:colcon.colcon_core.package_identification:_identify(venv/lib/python3.10/site-packages/pip/_vendor/requests/__pycache__) by extension 'colcon_meta'
[2.946s] Level 1:colcon.colcon_core.package_identification:_identify(venv/lib/python3.10/site-packages/pip/_vendor/requests/__pycache__) by extensions ['ros']
[2.946s] Level 1:colcon.colcon_core.package_identification:_identify(venv/lib/python3.10/site-packages/pip/_vendor/requests/__pycache__) by extension 'ros'
[2.946s] Level 1:colcon.colcon_core.package_identification:_identify(venv/lib/python3.10/site-packages/pip/_vendor/requests/__pycache__) by extensions ['cmake', 'python']
[2.946s] Level 1:colcon.colcon_core.package_identification:_identify(venv/lib/python3.10/site-packages/pip/_vendor/requests/__pycache__) by extension 'cmake'
[2.946s] Level 1:colcon.colcon_core.package_identification:_identify(venv/lib/python3.10/site-packages/pip/_vendor/requests/__pycache__) by extension 'python'
[2.946s] Level 1:colcon.colcon_core.package_identification:_identify(venv/lib/python3.10/site-packages/pip/_vendor/requests/__pycache__) by extensions ['python_setup_py']
[2.946s] Level 1:colcon.colcon_core.package_identification:_identify(venv/lib/python3.10/site-packages/pip/_vendor/requests/__pycache__) by extension 'python_setup_py'
[2.946s] Level 1:colcon.colcon_core.package_identification:_identify(venv/lib/python3.10/site-packages/pip/_vendor/resolvelib) by extensions ['ignore', 'ignore_ament_install']
[2.946s] Level 1:colcon.colcon_core.package_identification:_identify(venv/lib/python3.10/site-packages/pip/_vendor/resolvelib) by extension 'ignore'
[2.946s] Level 1:colcon.colcon_core.package_identification:_identify(venv/lib/python3.10/site-packages/pip/_vendor/resolvelib) by extension 'ignore_ament_install'
[2.946s] Level 1:colcon.colcon_core.package_identification:_identify(venv/lib/python3.10/site-packages/pip/_vendor/resolvelib) by extensions ['colcon_pkg']
[2.946s] Level 1:colcon.colcon_core.package_identification:_identify(venv/lib/python3.10/site-packages/pip/_vendor/resolvelib) by extension 'colcon_pkg'
[2.946s] Level 1:colcon.colcon_core.package_identification:_identify(venv/lib/python3.10/site-packages/pip/_vendor/resolvelib) by extensions ['colcon_meta']
[2.947s] Level 1:colcon.colcon_core.package_identification:_identify(venv/lib/python3.10/site-packages/pip/_vendor/resolvelib) by extension 'colcon_meta'
[2.947s] Level 1:colcon.colcon_core.package_identification:_identify(venv/lib/python3.10/site-packages/pip/_vendor/resolvelib) by extensions ['ros']
[2.947s] Level 1:colcon.colcon_core.package_identification:_identify(venv/lib/python3.10/site-packages/pip/_vendor/resolvelib) by extension 'ros'
[2.947s] Level 1:colcon.colcon_core.package_identification:_identify(venv/lib/python3.10/site-packages/pip/_vendor/resolvelib) by extensions ['cmake', 'python']
[2.947s] Level 1:colcon.colcon_core.package_identification:_identify(venv/lib/python3.10/site-packages/pip/_vendor/resolvelib) by extension 'cmake'
[2.947s] Level 1:colcon.colcon_core.package_identification:_identify(venv/lib/python3.10/site-packages/pip/_vendor/resolvelib) by extension 'python'
[2.947s] Level 1:colcon.colcon_core.package_identification:_identify(venv/lib/python3.10/site-packages/pip/_vendor/resolvelib) by extensions ['python_setup_py']
[2.947s] Level 1:colcon.colcon_core.package_identification:_identify(venv/lib/python3.10/site-packages/pip/_vendor/resolvelib) by extension 'python_setup_py'
[2.947s] Level 1:colcon.colcon_core.package_identification:_identify(venv/lib/python3.10/site-packages/pip/_vendor/resolvelib/__pycache__) by extensions ['ignore', 'ignore_ament_install']
[2.947s] Level 1:colcon.colcon_core.package_identification:_identify(venv/lib/python3.10/site-packages/pip/_vendor/resolvelib/__pycache__) by extension 'ignore'
[2.947s] Level 1:colcon.colcon_core.package_identification:_identify(venv/lib/python3.10/site-packages/pip/_vendor/resolvelib/__pycache__) by extension 'ignore_ament_install'
[2.947s] Level 1:colcon.colcon_core.package_identification:_identify(venv/lib/python3.10/site-packages/pip/_vendor/resolvelib/__pycache__) by extensions ['colcon_pkg']
[2.947s] Level 1:colcon.colcon_core.package_identification:_identify(venv/lib/python3.10/site-packages/pip/_vendor/resolvelib/__pycache__) by extension 'colcon_pkg'
[2.947s] Level 1:colcon.colcon_core.package_identification:_identify(venv/lib/python3.10/site-packages/pip/_vendor/resolvelib/__pycache__) by extensions ['colcon_meta']
[2.947s] Level 1:colcon.colcon_core.package_identification:_identify(venv/lib/python3.10/site-packages/pip/_vendor/resolvelib/__pycache__) by extension 'colcon_meta'
[2.947s] Level 1:colcon.colcon_core.package_identification:_identify(venv/lib/python3.10/site-packages/pip/_vendor/resolvelib/__pycache__) by extensions ['ros']
[2.947s] Level 1:colcon.colcon_core.package_identification:_identify(venv/lib/python3.10/site-packages/pip/_vendor/resolvelib/__pycache__) by extension 'ros'
[2.947s] Level 1:colcon.colcon_core.package_identification:_identify(venv/lib/python3.10/site-packages/pip/_vendor/resolvelib/__pycache__) by extensions ['cmake', 'python']
[2.947s] Level 1:colcon.colcon_core.package_identification:_identify(venv/lib/python3.10/site-packages/pip/_vendor/resolvelib/__pycache__) by extension 'cmake'
[2.947s] Level 1:colcon.colcon_core.package_identification:_identify(venv/lib/python3.10/site-packages/pip/_vendor/resolvelib/__pycache__) by extension 'python'
[2.947s] Level 1:colcon.colcon_core.package_identification:_identify(venv/lib/python3.10/site-packages/pip/_vendor/resolvelib/__pycache__) by extensions ['python_setup_py']
[2.947s] Level 1:colcon.colcon_core.package_identification:_identify(venv/lib/python3.10/site-packages/pip/_vendor/resolvelib/__pycache__) by extension 'python_setup_py'
[2.947s] Level 1:colcon.colcon_core.package_identification:_identify(venv/lib/python3.10/site-packages/pip/_vendor/resolvelib/compat) by extensions ['ignore', 'ignore_ament_install']
[2.947s] Level 1:colcon.colcon_core.package_identification:_identify(venv/lib/python3.10/site-packages/pip/_vendor/resolvelib/compat) by extension 'ignore'
[2.947s] Level 1:colcon.colcon_core.package_identification:_identify(venv/lib/python3.10/site-packages/pip/_vendor/resolvelib/compat) by extension 'ignore_ament_install'
[2.947s] Level 1:colcon.colcon_core.package_identification:_identify(venv/lib/python3.10/site-packages/pip/_vendor/resolvelib/compat) by extensions ['colcon_pkg']
[2.947s] Level 1:colcon.colcon_core.package_identification:_identify(venv/lib/python3.10/site-packages/pip/_vendor/resolvelib/compat) by extension 'colcon_pkg'
[2.947s] Level 1:colcon.colcon_core.package_identification:_identify(venv/lib/python3.10/site-packages/pip/_vendor/resolvelib/compat) by extensions ['colcon_meta']
[2.947s] Level 1:colcon.colcon_core.package_identification:_identify(venv/lib/python3.10/site-packages/pip/_vendor/resolvelib/compat) by extension 'colcon_meta'
[2.948s] Level 1:colcon.colcon_core.package_identification:_identify(venv/lib/python3.10/site-packages/pip/_vendor/resolvelib/compat) by extensions ['ros']
[2.948s] Level 1:colcon.colcon_core.package_identification:_identify(venv/lib/python3.10/site-packages/pip/_vendor/resolvelib/compat) by extension 'ros'
[2.948s] Level 1:colcon.colcon_core.package_identification:_identify(venv/lib/python3.10/site-packages/pip/_vendor/resolvelib/compat) by extensions ['cmake', 'python']
[2.948s] Level 1:colcon.colcon_core.package_identification:_identify(venv/lib/python3.10/site-packages/pip/_vendor/resolvelib/compat) by extension 'cmake'
[2.948s] Level 1:colcon.colcon_core.package_identification:_identify(venv/lib/python3.10/site-packages/pip/_vendor/resolvelib/compat) by extension 'python'
[2.948s] Level 1:colcon.colcon_core.package_identification:_identify(venv/lib/python3.10/site-packages/pip/_vendor/resolvelib/compat) by extensions ['python_setup_py']
[2.948s] Level 1:colcon.colcon_core.package_identification:_identify(venv/lib/python3.10/site-packages/pip/_vendor/resolvelib/compat) by extension 'python_setup_py'
[2.948s] Level 1:colcon.colcon_core.package_identification:_identify(venv/lib/python3.10/site-packages/pip/_vendor/resolvelib/compat/__pycache__) by extensions ['ignore', 'ignore_ament_install']
[2.948s] Level 1:colcon.colcon_core.package_identification:_identify(venv/lib/python3.10/site-packages/pip/_vendor/resolvelib/compat/__pycache__) by extension 'ignore'
[2.948s] Level 1:colcon.colcon_core.package_identification:_identify(venv/lib/python3.10/site-packages/pip/_vendor/resolvelib/compat/__pycache__) by extension 'ignore_ament_install'
[2.948s] Level 1:colcon.colcon_core.package_identification:_identify(venv/lib/python3.10/site-packages/pip/_vendor/resolvelib/compat/__pycache__) by extensions ['colcon_pkg']
[2.948s] Level 1:colcon.colcon_core.package_identification:_identify(venv/lib/python3.10/site-packages/pip/_vendor/resolvelib/compat/__pycache__) by extension 'colcon_pkg'
[2.948s] Level 1:colcon.colcon_core.package_identification:_identify(venv/lib/python3.10/site-packages/pip/_vendor/resolvelib/compat/__pycache__) by extensions ['colcon_meta']
[2.948s] Level 1:colcon.colcon_core.package_identification:_identify(venv/lib/python3.10/site-packages/pip/_vendor/resolvelib/compat/__pycache__) by extension 'colcon_meta'
[2.948s] Level 1:colcon.colcon_core.package_identification:_identify(venv/lib/python3.10/site-packages/pip/_vendor/resolvelib/compat/__pycache__) by extensions ['ros']
[2.948s] Level 1:colcon.colcon_core.package_identification:_identify(venv/lib/python3.10/site-packages/pip/_vendor/resolvelib/compat/__pycache__) by extension 'ros'
[2.948s] Level 1:colcon.colcon_core.package_identification:_identify(venv/lib/python3.10/site-packages/pip/_vendor/resolvelib/compat/__pycache__) by extensions ['cmake', 'python']
[2.948s] Level 1:colcon.colcon_core.package_identification:_identify(venv/lib/python3.10/site-packages/pip/_vendor/resolvelib/compat/__pycache__) by extension 'cmake'
[2.948s] Level 1:colcon.colcon_core.package_identification:_identify(venv/lib/python3.10/site-packages/pip/_vendor/resolvelib/compat/__pycache__) by extension 'python'
[2.948s] Level 1:colcon.colcon_core.package_identification:_identify(venv/lib/python3.10/site-packages/pip/_vendor/resolvelib/compat/__pycache__) by extensions ['python_setup_py']
[2.948s] Level 1:colcon.colcon_core.package_identification:_identify(venv/lib/python3.10/site-packages/pip/_vendor/resolvelib/compat/__pycache__) by extension 'python_setup_py'
[2.948s] Level 1:colcon.colcon_core.package_identification:_identify(venv/lib/python3.10/site-packages/pip/_vendor/rich) by extensions ['ignore', 'ignore_ament_install']
[2.948s] Level 1:colcon.colcon_core.package_identification:_identify(venv/lib/python3.10/site-packages/pip/_vendor/rich) by extension 'ignore'
[2.948s] Level 1:colcon.colcon_core.package_identification:_identify(venv/lib/python3.10/site-packages/pip/_vendor/rich) by extension 'ignore_ament_install'
[2.948s] Level 1:colcon.colcon_core.package_identification:_identify(venv/lib/python3.10/site-packages/pip/_vendor/rich) by extensions ['colcon_pkg']
[2.948s] Level 1:colcon.colcon_core.package_identification:_identify(venv/lib/python3.10/site-packages/pip/_vendor/rich) by extension 'colcon_pkg'
[2.948s] Level 1:colcon.colcon_core.package_identification:_identify(venv/lib/python3.10/site-packages/pip/_vendor/rich) by extensions ['colcon_meta']
[2.948s] Level 1:colcon.colcon_core.package_identification:_identify(venv/lib/python3.10/site-packages/pip/_vendor/rich) by extension 'colcon_meta'
[2.948s] Level 1:colcon.colcon_core.package_identification:_identify(venv/lib/python3.10/site-packages/pip/_vendor/rich) by extensions ['ros']
[2.948s] Level 1:colcon.colcon_core.package_identification:_identify(venv/lib/python3.10/site-packages/pip/_vendor/rich) by extension 'ros'
[2.949s] Level 1:colcon.colcon_core.package_identification:_identify(venv/lib/python3.10/site-packages/pip/_vendor/rich) by extensions ['cmake', 'python']
[2.949s] Level 1:colcon.colcon_core.package_identification:_identify(venv/lib/python3.10/site-packages/pip/_vendor/rich) by extension 'cmake'
[2.949s] Level 1:colcon.colcon_core.package_identification:_identify(venv/lib/python3.10/site-packages/pip/_vendor/rich) by extension 'python'
[2.949s] Level 1:colcon.colcon_core.package_identification:_identify(venv/lib/python3.10/site-packages/pip/_vendor/rich) by extensions ['python_setup_py']
[2.949s] Level 1:colcon.colcon_core.package_identification:_identify(venv/lib/python3.10/site-packages/pip/_vendor/rich) by extension 'python_setup_py'
[2.949s] Level 1:colcon.colcon_core.package_identification:_identify(venv/lib/python3.10/site-packages/pip/_vendor/rich/__pycache__) by extensions ['ignore', 'ignore_ament_install']
[2.949s] Level 1:colcon.colcon_core.package_identification:_identify(venv/lib/python3.10/site-packages/pip/_vendor/rich/__pycache__) by extension 'ignore'
[2.949s] Level 1:colcon.colcon_core.package_identification:_identify(venv/lib/python3.10/site-packages/pip/_vendor/rich/__pycache__) by extension 'ignore_ament_install'
[2.949s] Level 1:colcon.colcon_core.package_identification:_identify(venv/lib/python3.10/site-packages/pip/_vendor/rich/__pycache__) by extensions ['colcon_pkg']
[2.949s] Level 1:colcon.colcon_core.package_identification:_identify(venv/lib/python3.10/site-packages/pip/_vendor/rich/__pycache__) by extension 'colcon_pkg'
[2.949s] Level 1:colcon.colcon_core.package_identification:_identify(venv/lib/python3.10/site-packages/pip/_vendor/rich/__pycache__) by extensions ['colcon_meta']
[2.949s] Level 1:colcon.colcon_core.package_identification:_identify(venv/lib/python3.10/site-packages/pip/_vendor/rich/__pycache__) by extension 'colcon_meta'
[2.949s] Level 1:colcon.colcon_core.package_identification:_identify(venv/lib/python3.10/site-packages/pip/_vendor/rich/__pycache__) by extensions ['ros']
[2.949s] Level 1:colcon.colcon_core.package_identification:_identify(venv/lib/python3.10/site-packages/pip/_vendor/rich/__pycache__) by extension 'ros'
[2.949s] Level 1:colcon.colcon_core.package_identification:_identify(venv/lib/python3.10/site-packages/pip/_vendor/rich/__pycache__) by extensions ['cmake', 'python']
[2.949s] Level 1:colcon.colcon_core.package_identification:_identify(venv/lib/python3.10/site-packages/pip/_vendor/rich/__pycache__) by extension 'cmake'
[2.949s] Level 1:colcon.colcon_core.package_identification:_identify(venv/lib/python3.10/site-packages/pip/_vendor/rich/__pycache__) by extension 'python'
[2.949s] Level 1:colcon.colcon_core.package_identification:_identify(venv/lib/python3.10/site-packages/pip/_vendor/rich/__pycache__) by extensions ['python_setup_py']
[2.949s] Level 1:colcon.colcon_core.package_identification:_identify(venv/lib/python3.10/site-packages/pip/_vendor/rich/__pycache__) by extension 'python_setup_py'
[2.949s] Level 1:colcon.colcon_core.package_identification:_identify(venv/lib/python3.10/site-packages/pip/_vendor/tenacity) by extensions ['ignore', 'ignore_ament_install']
[2.949s] Level 1:colcon.colcon_core.package_identification:_identify(venv/lib/python3.10/site-packages/pip/_vendor/tenacity) by extension 'ignore'
[2.949s] Level 1:colcon.colcon_core.package_identification:_identify(venv/lib/python3.10/site-packages/pip/_vendor/tenacity) by extension 'ignore_ament_install'
[2.949s] Level 1:colcon.colcon_core.package_identification:_identify(venv/lib/python3.10/site-packages/pip/_vendor/tenacity) by extensions ['colcon_pkg']
[2.949s] Level 1:colcon.colcon_core.package_identification:_identify(venv/lib/python3.10/site-packages/pip/_vendor/tenacity) by extension 'colcon_pkg'
[2.949s] Level 1:colcon.colcon_core.package_identification:_identify(venv/lib/python3.10/site-packages/pip/_vendor/tenacity) by extensions ['colcon_meta']
[2.949s] Level 1:colcon.colcon_core.package_identification:_identify(venv/lib/python3.10/site-packages/pip/_vendor/tenacity) by extension 'colcon_meta'
[2.949s] Level 1:colcon.colcon_core.package_identification:_identify(venv/lib/python3.10/site-packages/pip/_vendor/tenacity) by extensions ['ros']
[2.949s] Level 1:colcon.colcon_core.package_identification:_identify(venv/lib/python3.10/site-packages/pip/_vendor/tenacity) by extension 'ros'
[2.950s] Level 1:colcon.colcon_core.package_identification:_identify(venv/lib/python3.10/site-packages/pip/_vendor/tenacity) by extensions ['cmake', 'python']
[2.950s] Level 1:colcon.colcon_core.package_identification:_identify(venv/lib/python3.10/site-packages/pip/_vendor/tenacity) by extension 'cmake'
[2.950s] Level 1:colcon.colcon_core.package_identification:_identify(venv/lib/python3.10/site-packages/pip/_vendor/tenacity) by extension 'python'
[2.950s] Level 1:colcon.colcon_core.package_identification:_identify(venv/lib/python3.10/site-packages/pip/_vendor/tenacity) by extensions ['python_setup_py']
[2.950s] Level 1:colcon.colcon_core.package_identification:_identify(venv/lib/python3.10/site-packages/pip/_vendor/tenacity) by extension 'python_setup_py'
[2.950s] Level 1:colcon.colcon_core.package_identification:_identify(venv/lib/python3.10/site-packages/pip/_vendor/tenacity/__pycache__) by extensions ['ignore', 'ignore_ament_install']
[2.950s] Level 1:colcon.colcon_core.package_identification:_identify(venv/lib/python3.10/site-packages/pip/_vendor/tenacity/__pycache__) by extension 'ignore'
[2.950s] Level 1:colcon.colcon_core.package_identification:_identify(venv/lib/python3.10/site-packages/pip/_vendor/tenacity/__pycache__) by extension 'ignore_ament_install'
[2.950s] Level 1:colcon.colcon_core.package_identification:_identify(venv/lib/python3.10/site-packages/pip/_vendor/tenacity/__pycache__) by extensions ['colcon_pkg']
[2.950s] Level 1:colcon.colcon_core.package_identification:_identify(venv/lib/python3.10/site-packages/pip/_vendor/tenacity/__pycache__) by extension 'colcon_pkg'
[2.950s] Level 1:colcon.colcon_core.package_identification:_identify(venv/lib/python3.10/site-packages/pip/_vendor/tenacity/__pycache__) by extensions ['colcon_meta']
[2.950s] Level 1:colcon.colcon_core.package_identification:_identify(venv/lib/python3.10/site-packages/pip/_vendor/tenacity/__pycache__) by extension 'colcon_meta'
[2.950s] Level 1:colcon.colcon_core.package_identification:_identify(venv/lib/python3.10/site-packages/pip/_vendor/tenacity/__pycache__) by extensions ['ros']
[2.950s] Level 1:colcon.colcon_core.package_identification:_identify(venv/lib/python3.10/site-packages/pip/_vendor/tenacity/__pycache__) by extension 'ros'
[2.950s] Level 1:colcon.colcon_core.package_identification:_identify(venv/lib/python3.10/site-packages/pip/_vendor/tenacity/__pycache__) by extensions ['cmake', 'python']
[2.950s] Level 1:colcon.colcon_core.package_identification:_identify(venv/lib/python3.10/site-packages/pip/_vendor/tenacity/__pycache__) by extension 'cmake'
[2.950s] Level 1:colcon.colcon_core.package_identification:_identify(venv/lib/python3.10/site-packages/pip/_vendor/tenacity/__pycache__) by extension 'python'
[2.950s] Level 1:colcon.colcon_core.package_identification:_identify(venv/lib/python3.10/site-packages/pip/_vendor/tenacity/__pycache__) by extensions ['python_setup_py']
[2.950s] Level 1:colcon.colcon_core.package_identification:_identify(venv/lib/python3.10/site-packages/pip/_vendor/tenacity/__pycache__) by extension 'python_setup_py'
[2.950s] Level 1:colcon.colcon_core.package_identification:_identify(venv/lib/python3.10/site-packages/pip/_vendor/tomli) by extensions ['ignore', 'ignore_ament_install']
[2.950s] Level 1:colcon.colcon_core.package_identification:_identify(venv/lib/python3.10/site-packages/pip/_vendor/tomli) by extension 'ignore'
[2.950s] Level 1:colcon.colcon_core.package_identification:_identify(venv/lib/python3.10/site-packages/pip/_vendor/tomli) by extension 'ignore_ament_install'
[2.950s] Level 1:colcon.colcon_core.package_identification:_identify(venv/lib/python3.10/site-packages/pip/_vendor/tomli) by extensions ['colcon_pkg']
[2.950s] Level 1:colcon.colcon_core.package_identification:_identify(venv/lib/python3.10/site-packages/pip/_vendor/tomli) by extension 'colcon_pkg'
[2.950s] Level 1:colcon.colcon_core.package_identification:_identify(venv/lib/python3.10/site-packages/pip/_vendor/tomli) by extensions ['colcon_meta']
[2.950s] Level 1:colcon.colcon_core.package_identification:_identify(venv/lib/python3.10/site-packages/pip/_vendor/tomli) by extension 'colcon_meta'
[2.950s] Level 1:colcon.colcon_core.package_identification:_identify(venv/lib/python3.10/site-packages/pip/_vendor/tomli) by extensions ['ros']
[2.950s] Level 1:colcon.colcon_core.package_identification:_identify(venv/lib/python3.10/site-packages/pip/_vendor/tomli) by extension 'ros'
[2.950s] Level 1:colcon.colcon_core.package_identification:_identify(venv/lib/python3.10/site-packages/pip/_vendor/tomli) by extensions ['cmake', 'python']
[2.950s] Level 1:colcon.colcon_core.package_identification:_identify(venv/lib/python3.10/site-packages/pip/_vendor/tomli) by extension 'cmake'
[2.951s] Level 1:colcon.colcon_core.package_identification:_identify(venv/lib/python3.10/site-packages/pip/_vendor/tomli) by extension 'python'
[2.951s] Level 1:colcon.colcon_core.package_identification:_identify(venv/lib/python3.10/site-packages/pip/_vendor/tomli) by extensions ['python_setup_py']
[2.951s] Level 1:colcon.colcon_core.package_identification:_identify(venv/lib/python3.10/site-packages/pip/_vendor/tomli) by extension 'python_setup_py'
[2.951s] Level 1:colcon.colcon_core.package_identification:_identify(venv/lib/python3.10/site-packages/pip/_vendor/tomli/__pycache__) by extensions ['ignore', 'ignore_ament_install']
[2.951s] Level 1:colcon.colcon_core.package_identification:_identify(venv/lib/python3.10/site-packages/pip/_vendor/tomli/__pycache__) by extension 'ignore'
[2.951s] Level 1:colcon.colcon_core.package_identification:_identify(venv/lib/python3.10/site-packages/pip/_vendor/tomli/__pycache__) by extension 'ignore_ament_install'
[2.951s] Level 1:colcon.colcon_core.package_identification:_identify(venv/lib/python3.10/site-packages/pip/_vendor/tomli/__pycache__) by extensions ['colcon_pkg']
[2.951s] Level 1:colcon.colcon_core.package_identification:_identify(venv/lib/python3.10/site-packages/pip/_vendor/tomli/__pycache__) by extension 'colcon_pkg'
[2.951s] Level 1:colcon.colcon_core.package_identification:_identify(venv/lib/python3.10/site-packages/pip/_vendor/tomli/__pycache__) by extensions ['colcon_meta']
[2.951s] Level 1:colcon.colcon_core.package_identification:_identify(venv/lib/python3.10/site-packages/pip/_vendor/tomli/__pycache__) by extension 'colcon_meta'
[2.951s] Level 1:colcon.colcon_core.package_identification:_identify(venv/lib/python3.10/site-packages/pip/_vendor/tomli/__pycache__) by extensions ['ros']
[2.951s] Level 1:colcon.colcon_core.package_identification:_identify(venv/lib/python3.10/site-packages/pip/_vendor/tomli/__pycache__) by extension 'ros'
[2.951s] Level 1:colcon.colcon_core.package_identification:_identify(venv/lib/python3.10/site-packages/pip/_vendor/tomli/__pycache__) by extensions ['cmake', 'python']
[2.951s] Level 1:colcon.colcon_core.package_identification:_identify(venv/lib/python3.10/site-packages/pip/_vendor/tomli/__pycache__) by extension 'cmake'
[2.951s] Level 1:colcon.colcon_core.package_identification:_identify(venv/lib/python3.10/site-packages/pip/_vendor/tomli/__pycache__) by extension 'python'
[2.951s] Level 1:colcon.colcon_core.package_identification:_identify(venv/lib/python3.10/site-packages/pip/_vendor/tomli/__pycache__) by extensions ['python_setup_py']
[2.951s] Level 1:colcon.colcon_core.package_identification:_identify(venv/lib/python3.10/site-packages/pip/_vendor/tomli/__pycache__) by extension 'python_setup_py'
[2.951s] Level 1:colcon.colcon_core.package_identification:_identify(venv/lib/python3.10/site-packages/pip/_vendor/urllib3) by extensions ['ignore', 'ignore_ament_install']
[2.951s] Level 1:colcon.colcon_core.package_identification:_identify(venv/lib/python3.10/site-packages/pip/_vendor/urllib3) by extension 'ignore'
[2.951s] Level 1:colcon.colcon_core.package_identification:_identify(venv/lib/python3.10/site-packages/pip/_vendor/urllib3) by extension 'ignore_ament_install'
[2.951s] Level 1:colcon.colcon_core.package_identification:_identify(venv/lib/python3.10/site-packages/pip/_vendor/urllib3) by extensions ['colcon_pkg']
[2.951s] Level 1:colcon.colcon_core.package_identification:_identify(venv/lib/python3.10/site-packages/pip/_vendor/urllib3) by extension 'colcon_pkg'
[2.951s] Level 1:colcon.colcon_core.package_identification:_identify(venv/lib/python3.10/site-packages/pip/_vendor/urllib3) by extensions ['colcon_meta']
[2.951s] Level 1:colcon.colcon_core.package_identification:_identify(venv/lib/python3.10/site-packages/pip/_vendor/urllib3) by extension 'colcon_meta'
[2.951s] Level 1:colcon.colcon_core.package_identification:_identify(venv/lib/python3.10/site-packages/pip/_vendor/urllib3) by extensions ['ros']
[2.951s] Level 1:colcon.colcon_core.package_identification:_identify(venv/lib/python3.10/site-packages/pip/_vendor/urllib3) by extension 'ros'
[2.951s] Level 1:colcon.colcon_core.package_identification:_identify(venv/lib/python3.10/site-packages/pip/_vendor/urllib3) by extensions ['cmake', 'python']
[2.951s] Level 1:colcon.colcon_core.package_identification:_identify(venv/lib/python3.10/site-packages/pip/_vendor/urllib3) by extension 'cmake'
[2.951s] Level 1:colcon.colcon_core.package_identification:_identify(venv/lib/python3.10/site-packages/pip/_vendor/urllib3) by extension 'python'
[2.951s] Level 1:colcon.colcon_core.package_identification:_identify(venv/lib/python3.10/site-packages/pip/_vendor/urllib3) by extensions ['python_setup_py']
[2.952s] Level 1:colcon.colcon_core.package_identification:_identify(venv/lib/python3.10/site-packages/pip/_vendor/urllib3) by extension 'python_setup_py'
[2.952s] Level 1:colcon.colcon_core.package_identification:_identify(venv/lib/python3.10/site-packages/pip/_vendor/urllib3/__pycache__) by extensions ['ignore', 'ignore_ament_install']
[2.952s] Level 1:colcon.colcon_core.package_identification:_identify(venv/lib/python3.10/site-packages/pip/_vendor/urllib3/__pycache__) by extension 'ignore'
[2.952s] Level 1:colcon.colcon_core.package_identification:_identify(venv/lib/python3.10/site-packages/pip/_vendor/urllib3/__pycache__) by extension 'ignore_ament_install'
[2.952s] Level 1:colcon.colcon_core.package_identification:_identify(venv/lib/python3.10/site-packages/pip/_vendor/urllib3/__pycache__) by extensions ['colcon_pkg']
[2.952s] Level 1:colcon.colcon_core.package_identification:_identify(venv/lib/python3.10/site-packages/pip/_vendor/urllib3/__pycache__) by extension 'colcon_pkg'
[2.952s] Level 1:colcon.colcon_core.package_identification:_identify(venv/lib/python3.10/site-packages/pip/_vendor/urllib3/__pycache__) by extensions ['colcon_meta']
[2.952s] Level 1:colcon.colcon_core.package_identification:_identify(venv/lib/python3.10/site-packages/pip/_vendor/urllib3/__pycache__) by extension 'colcon_meta'
[2.952s] Level 1:colcon.colcon_core.package_identification:_identify(venv/lib/python3.10/site-packages/pip/_vendor/urllib3/__pycache__) by extensions ['ros']
[2.952s] Level 1:colcon.colcon_core.package_identification:_identify(venv/lib/python3.10/site-packages/pip/_vendor/urllib3/__pycache__) by extension 'ros'
[2.952s] Level 1:colcon.colcon_core.package_identification:_identify(venv/lib/python3.10/site-packages/pip/_vendor/urllib3/__pycache__) by extensions ['cmake', 'python']
[2.952s] Level 1:colcon.colcon_core.package_identification:_identify(venv/lib/python3.10/site-packages/pip/_vendor/urllib3/__pycache__) by extension 'cmake'
[2.952s] Level 1:colcon.colcon_core.package_identification:_identify(venv/lib/python3.10/site-packages/pip/_vendor/urllib3/__pycache__) by extension 'python'
[2.952s] Level 1:colcon.colcon_core.package_identification:_identify(venv/lib/python3.10/site-packages/pip/_vendor/urllib3/__pycache__) by extensions ['python_setup_py']
[2.952s] Level 1:colcon.colcon_core.package_identification:_identify(venv/lib/python3.10/site-packages/pip/_vendor/urllib3/__pycache__) by extension 'python_setup_py'
[2.952s] Level 1:colcon.colcon_core.package_identification:_identify(venv/lib/python3.10/site-packages/pip/_vendor/urllib3/contrib) by extensions ['ignore', 'ignore_ament_install']
[2.952s] Level 1:colcon.colcon_core.package_identification:_identify(venv/lib/python3.10/site-packages/pip/_vendor/urllib3/contrib) by extension 'ignore'
[2.952s] Level 1:colcon.colcon_core.package_identification:_identify(venv/lib/python3.10/site-packages/pip/_vendor/urllib3/contrib) by extension 'ignore_ament_install'
[2.952s] Level 1:colcon.colcon_core.package_identification:_identify(venv/lib/python3.10/site-packages/pip/_vendor/urllib3/contrib) by extensions ['colcon_pkg']
[2.952s] Level 1:colcon.colcon_core.package_identification:_identify(venv/lib/python3.10/site-packages/pip/_vendor/urllib3/contrib) by extension 'colcon_pkg'
[2.952s] Level 1:colcon.colcon_core.package_identification:_identify(venv/lib/python3.10/site-packages/pip/_vendor/urllib3/contrib) by extensions ['colcon_meta']
[2.952s] Level 1:colcon.colcon_core.package_identification:_identify(venv/lib/python3.10/site-packages/pip/_vendor/urllib3/contrib) by extension 'colcon_meta'
[2.952s] Level 1:colcon.colcon_core.package_identification:_identify(venv/lib/python3.10/site-packages/pip/_vendor/urllib3/contrib) by extensions ['ros']
[2.952s] Level 1:colcon.colcon_core.package_identification:_identify(venv/lib/python3.10/site-packages/pip/_vendor/urllib3/contrib) by extension 'ros'
[2.952s] Level 1:colcon.colcon_core.package_identification:_identify(venv/lib/python3.10/site-packages/pip/_vendor/urllib3/contrib) by extensions ['cmake', 'python']
[2.952s] Level 1:colcon.colcon_core.package_identification:_identify(venv/lib/python3.10/site-packages/pip/_vendor/urllib3/contrib) by extension 'cmake'
[2.952s] Level 1:colcon.colcon_core.package_identification:_identify(venv/lib/python3.10/site-packages/pip/_vendor/urllib3/contrib) by extension 'python'
[2.952s] Level 1:colcon.colcon_core.package_identification:_identify(venv/lib/python3.10/site-packages/pip/_vendor/urllib3/contrib) by extensions ['python_setup_py']
[2.952s] Level 1:colcon.colcon_core.package_identification:_identify(venv/lib/python3.10/site-packages/pip/_vendor/urllib3/contrib) by extension 'python_setup_py'
[2.953s] Level 1:colcon.colcon_core.package_identification:_identify(venv/lib/python3.10/site-packages/pip/_vendor/urllib3/contrib/__pycache__) by extensions ['ignore', 'ignore_ament_install']
[2.953s] Level 1:colcon.colcon_core.package_identification:_identify(venv/lib/python3.10/site-packages/pip/_vendor/urllib3/contrib/__pycache__) by extension 'ignore'
[2.953s] Level 1:colcon.colcon_core.package_identification:_identify(venv/lib/python3.10/site-packages/pip/_vendor/urllib3/contrib/__pycache__) by extension 'ignore_ament_install'
[2.953s] Level 1:colcon.colcon_core.package_identification:_identify(venv/lib/python3.10/site-packages/pip/_vendor/urllib3/contrib/__pycache__) by extensions ['colcon_pkg']
[2.953s] Level 1:colcon.colcon_core.package_identification:_identify(venv/lib/python3.10/site-packages/pip/_vendor/urllib3/contrib/__pycache__) by extension 'colcon_pkg'
[2.953s] Level 1:colcon.colcon_core.package_identification:_identify(venv/lib/python3.10/site-packages/pip/_vendor/urllib3/contrib/__pycache__) by extensions ['colcon_meta']
[2.953s] Level 1:colcon.colcon_core.package_identification:_identify(venv/lib/python3.10/site-packages/pip/_vendor/urllib3/contrib/__pycache__) by extension 'colcon_meta'
[2.953s] Level 1:colcon.colcon_core.package_identification:_identify(venv/lib/python3.10/site-packages/pip/_vendor/urllib3/contrib/__pycache__) by extensions ['ros']
[2.953s] Level 1:colcon.colcon_core.package_identification:_identify(venv/lib/python3.10/site-packages/pip/_vendor/urllib3/contrib/__pycache__) by extension 'ros'
[2.953s] Level 1:colcon.colcon_core.package_identification:_identify(venv/lib/python3.10/site-packages/pip/_vendor/urllib3/contrib/__pycache__) by extensions ['cmake', 'python']
[2.953s] Level 1:colcon.colcon_core.package_identification:_identify(venv/lib/python3.10/site-packages/pip/_vendor/urllib3/contrib/__pycache__) by extension 'cmake'
[2.953s] Level 1:colcon.colcon_core.package_identification:_identify(venv/lib/python3.10/site-packages/pip/_vendor/urllib3/contrib/__pycache__) by extension 'python'
[2.953s] Level 1:colcon.colcon_core.package_identification:_identify(venv/lib/python3.10/site-packages/pip/_vendor/urllib3/contrib/__pycache__) by extensions ['python_setup_py']
[2.953s] Level 1:colcon.colcon_core.package_identification:_identify(venv/lib/python3.10/site-packages/pip/_vendor/urllib3/contrib/__pycache__) by extension 'python_setup_py'
[2.953s] Level 1:colcon.colcon_core.package_identification:_identify(venv/lib/python3.10/site-packages/pip/_vendor/urllib3/contrib/_securetransport) by extensions ['ignore', 'ignore_ament_install']
[2.953s] Level 1:colcon.colcon_core.package_identification:_identify(venv/lib/python3.10/site-packages/pip/_vendor/urllib3/contrib/_securetransport) by extension 'ignore'
[2.953s] Level 1:colcon.colcon_core.package_identification:_identify(venv/lib/python3.10/site-packages/pip/_vendor/urllib3/contrib/_securetransport) by extension 'ignore_ament_install'
[2.953s] Level 1:colcon.colcon_core.package_identification:_identify(venv/lib/python3.10/site-packages/pip/_vendor/urllib3/contrib/_securetransport) by extensions ['colcon_pkg']
[2.953s] Level 1:colcon.colcon_core.package_identification:_identify(venv/lib/python3.10/site-packages/pip/_vendor/urllib3/contrib/_securetransport) by extension 'colcon_pkg'
[2.953s] Level 1:colcon.colcon_core.package_identification:_identify(venv/lib/python3.10/site-packages/pip/_vendor/urllib3/contrib/_securetransport) by extensions ['colcon_meta']
[2.953s] Level 1:colcon.colcon_core.package_identification:_identify(venv/lib/python3.10/site-packages/pip/_vendor/urllib3/contrib/_securetransport) by extension 'colcon_meta'
[2.953s] Level 1:colcon.colcon_core.package_identification:_identify(venv/lib/python3.10/site-packages/pip/_vendor/urllib3/contrib/_securetransport) by extensions ['ros']
[2.953s] Level 1:colcon.colcon_core.package_identification:_identify(venv/lib/python3.10/site-packages/pip/_vendor/urllib3/contrib/_securetransport) by extension 'ros'
[2.953s] Level 1:colcon.colcon_core.package_identification:_identify(venv/lib/python3.10/site-packages/pip/_vendor/urllib3/contrib/_securetransport) by extensions ['cmake', 'python']
[2.953s] Level 1:colcon.colcon_core.package_identification:_identify(venv/lib/python3.10/site-packages/pip/_vendor/urllib3/contrib/_securetransport) by extension 'cmake'
[2.953s] Level 1:colcon.colcon_core.package_identification:_identify(venv/lib/python3.10/site-packages/pip/_vendor/urllib3/contrib/_securetransport) by extension 'python'
[2.953s] Level 1:colcon.colcon_core.package_identification:_identify(venv/lib/python3.10/site-packages/pip/_vendor/urllib3/contrib/_securetransport) by extensions ['python_setup_py']
[2.953s] Level 1:colcon.colcon_core.package_identification:_identify(venv/lib/python3.10/site-packages/pip/_vendor/urllib3/contrib/_securetransport) by extension 'python_setup_py'
[2.953s] Level 1:colcon.colcon_core.package_identification:_identify(venv/lib/python3.10/site-packages/pip/_vendor/urllib3/contrib/_securetransport/__pycache__) by extensions ['ignore', 'ignore_ament_install']
[2.954s] Level 1:colcon.colcon_core.package_identification:_identify(venv/lib/python3.10/site-packages/pip/_vendor/urllib3/contrib/_securetransport/__pycache__) by extension 'ignore'
[2.954s] Level 1:colcon.colcon_core.package_identification:_identify(venv/lib/python3.10/site-packages/pip/_vendor/urllib3/contrib/_securetransport/__pycache__) by extension 'ignore_ament_install'
[2.954s] Level 1:colcon.colcon_core.package_identification:_identify(venv/lib/python3.10/site-packages/pip/_vendor/urllib3/contrib/_securetransport/__pycache__) by extensions ['colcon_pkg']
[2.954s] Level 1:colcon.colcon_core.package_identification:_identify(venv/lib/python3.10/site-packages/pip/_vendor/urllib3/contrib/_securetransport/__pycache__) by extension 'colcon_pkg'
[2.954s] Level 1:colcon.colcon_core.package_identification:_identify(venv/lib/python3.10/site-packages/pip/_vendor/urllib3/contrib/_securetransport/__pycache__) by extensions ['colcon_meta']
[2.954s] Level 1:colcon.colcon_core.package_identification:_identify(venv/lib/python3.10/site-packages/pip/_vendor/urllib3/contrib/_securetransport/__pycache__) by extension 'colcon_meta'
[2.954s] Level 1:colcon.colcon_core.package_identification:_identify(venv/lib/python3.10/site-packages/pip/_vendor/urllib3/contrib/_securetransport/__pycache__) by extensions ['ros']
[2.954s] Level 1:colcon.colcon_core.package_identification:_identify(venv/lib/python3.10/site-packages/pip/_vendor/urllib3/contrib/_securetransport/__pycache__) by extension 'ros'
[2.954s] Level 1:colcon.colcon_core.package_identification:_identify(venv/lib/python3.10/site-packages/pip/_vendor/urllib3/contrib/_securetransport/__pycache__) by extensions ['cmake', 'python']
[2.954s] Level 1:colcon.colcon_core.package_identification:_identify(venv/lib/python3.10/site-packages/pip/_vendor/urllib3/contrib/_securetransport/__pycache__) by extension 'cmake'
[2.954s] Level 1:colcon.colcon_core.package_identification:_identify(venv/lib/python3.10/site-packages/pip/_vendor/urllib3/contrib/_securetransport/__pycache__) by extension 'python'
[2.954s] Level 1:colcon.colcon_core.package_identification:_identify(venv/lib/python3.10/site-packages/pip/_vendor/urllib3/contrib/_securetransport/__pycache__) by extensions ['python_setup_py']
[2.954s] Level 1:colcon.colcon_core.package_identification:_identify(venv/lib/python3.10/site-packages/pip/_vendor/urllib3/contrib/_securetransport/__pycache__) by extension 'python_setup_py'
[2.954s] Level 1:colcon.colcon_core.package_identification:_identify(venv/lib/python3.10/site-packages/pip/_vendor/urllib3/packages) by extensions ['ignore', 'ignore_ament_install']
[2.954s] Level 1:colcon.colcon_core.package_identification:_identify(venv/lib/python3.10/site-packages/pip/_vendor/urllib3/packages) by extension 'ignore'
[2.954s] Level 1:colcon.colcon_core.package_identification:_identify(venv/lib/python3.10/site-packages/pip/_vendor/urllib3/packages) by extension 'ignore_ament_install'
[2.954s] Level 1:colcon.colcon_core.package_identification:_identify(venv/lib/python3.10/site-packages/pip/_vendor/urllib3/packages) by extensions ['colcon_pkg']
[2.954s] Level 1:colcon.colcon_core.package_identification:_identify(venv/lib/python3.10/site-packages/pip/_vendor/urllib3/packages) by extension 'colcon_pkg'
[2.954s] Level 1:colcon.colcon_core.package_identification:_identify(venv/lib/python3.10/site-packages/pip/_vendor/urllib3/packages) by extensions ['colcon_meta']
[2.954s] Level 1:colcon.colcon_core.package_identification:_identify(venv/lib/python3.10/site-packages/pip/_vendor/urllib3/packages) by extension 'colcon_meta'
[2.954s] Level 1:colcon.colcon_core.package_identification:_identify(venv/lib/python3.10/site-packages/pip/_vendor/urllib3/packages) by extensions ['ros']
[2.954s] Level 1:colcon.colcon_core.package_identification:_identify(venv/lib/python3.10/site-packages/pip/_vendor/urllib3/packages) by extension 'ros'
[2.954s] Level 1:colcon.colcon_core.package_identification:_identify(venv/lib/python3.10/site-packages/pip/_vendor/urllib3/packages) by extensions ['cmake', 'python']
[2.954s] Level 1:colcon.colcon_core.package_identification:_identify(venv/lib/python3.10/site-packages/pip/_vendor/urllib3/packages) by extension 'cmake'
[2.954s] Level 1:colcon.colcon_core.package_identification:_identify(venv/lib/python3.10/site-packages/pip/_vendor/urllib3/packages) by extension 'python'
[2.954s] Level 1:colcon.colcon_core.package_identification:_identify(venv/lib/python3.10/site-packages/pip/_vendor/urllib3/packages) by extensions ['python_setup_py']
[2.954s] Level 1:colcon.colcon_core.package_identification:_identify(venv/lib/python3.10/site-packages/pip/_vendor/urllib3/packages) by extension 'python_setup_py'
[2.954s] Level 1:colcon.colcon_core.package_identification:_identify(venv/lib/python3.10/site-packages/pip/_vendor/urllib3/packages/__pycache__) by extensions ['ignore', 'ignore_ament_install']
[2.955s] Level 1:colcon.colcon_core.package_identification:_identify(venv/lib/python3.10/site-packages/pip/_vendor/urllib3/packages/__pycache__) by extension 'ignore'
[2.955s] Level 1:colcon.colcon_core.package_identification:_identify(venv/lib/python3.10/site-packages/pip/_vendor/urllib3/packages/__pycache__) by extension 'ignore_ament_install'
[2.955s] Level 1:colcon.colcon_core.package_identification:_identify(venv/lib/python3.10/site-packages/pip/_vendor/urllib3/packages/__pycache__) by extensions ['colcon_pkg']
[2.955s] Level 1:colcon.colcon_core.package_identification:_identify(venv/lib/python3.10/site-packages/pip/_vendor/urllib3/packages/__pycache__) by extension 'colcon_pkg'
[2.955s] Level 1:colcon.colcon_core.package_identification:_identify(venv/lib/python3.10/site-packages/pip/_vendor/urllib3/packages/__pycache__) by extensions ['colcon_meta']
[2.955s] Level 1:colcon.colcon_core.package_identification:_identify(venv/lib/python3.10/site-packages/pip/_vendor/urllib3/packages/__pycache__) by extension 'colcon_meta'
[2.955s] Level 1:colcon.colcon_core.package_identification:_identify(venv/lib/python3.10/site-packages/pip/_vendor/urllib3/packages/__pycache__) by extensions ['ros']
[2.955s] Level 1:colcon.colcon_core.package_identification:_identify(venv/lib/python3.10/site-packages/pip/_vendor/urllib3/packages/__pycache__) by extension 'ros'
[2.955s] Level 1:colcon.colcon_core.package_identification:_identify(venv/lib/python3.10/site-packages/pip/_vendor/urllib3/packages/__pycache__) by extensions ['cmake', 'python']
[2.955s] Level 1:colcon.colcon_core.package_identification:_identify(venv/lib/python3.10/site-packages/pip/_vendor/urllib3/packages/__pycache__) by extension 'cmake'
[2.955s] Level 1:colcon.colcon_core.package_identification:_identify(venv/lib/python3.10/site-packages/pip/_vendor/urllib3/packages/__pycache__) by extension 'python'
[2.955s] Level 1:colcon.colcon_core.package_identification:_identify(venv/lib/python3.10/site-packages/pip/_vendor/urllib3/packages/__pycache__) by extensions ['python_setup_py']
[2.955s] Level 1:colcon.colcon_core.package_identification:_identify(venv/lib/python3.10/site-packages/pip/_vendor/urllib3/packages/__pycache__) by extension 'python_setup_py'
[2.955s] Level 1:colcon.colcon_core.package_identification:_identify(venv/lib/python3.10/site-packages/pip/_vendor/urllib3/packages/backports) by extensions ['ignore', 'ignore_ament_install']
[2.955s] Level 1:colcon.colcon_core.package_identification:_identify(venv/lib/python3.10/site-packages/pip/_vendor/urllib3/packages/backports) by extension 'ignore'
[2.955s] Level 1:colcon.colcon_core.package_identification:_identify(venv/lib/python3.10/site-packages/pip/_vendor/urllib3/packages/backports) by extension 'ignore_ament_install'
[2.955s] Level 1:colcon.colcon_core.package_identification:_identify(venv/lib/python3.10/site-packages/pip/_vendor/urllib3/packages/backports) by extensions ['colcon_pkg']
[2.955s] Level 1:colcon.colcon_core.package_identification:_identify(venv/lib/python3.10/site-packages/pip/_vendor/urllib3/packages/backports) by extension 'colcon_pkg'
[2.955s] Level 1:colcon.colcon_core.package_identification:_identify(venv/lib/python3.10/site-packages/pip/_vendor/urllib3/packages/backports) by extensions ['colcon_meta']
[2.955s] Level 1:colcon.colcon_core.package_identification:_identify(venv/lib/python3.10/site-packages/pip/_vendor/urllib3/packages/backports) by extension 'colcon_meta'
[2.955s] Level 1:colcon.colcon_core.package_identification:_identify(venv/lib/python3.10/site-packages/pip/_vendor/urllib3/packages/backports) by extensions ['ros']
[2.955s] Level 1:colcon.colcon_core.package_identification:_identify(venv/lib/python3.10/site-packages/pip/_vendor/urllib3/packages/backports) by extension 'ros'
[2.955s] Level 1:colcon.colcon_core.package_identification:_identify(venv/lib/python3.10/site-packages/pip/_vendor/urllib3/packages/backports) by extensions ['cmake', 'python']
[2.955s] Level 1:colcon.colcon_core.package_identification:_identify(venv/lib/python3.10/site-packages/pip/_vendor/urllib3/packages/backports) by extension 'cmake'
[2.955s] Level 1:colcon.colcon_core.package_identification:_identify(venv/lib/python3.10/site-packages/pip/_vendor/urllib3/packages/backports) by extension 'python'
[2.955s] Level 1:colcon.colcon_core.package_identification:_identify(venv/lib/python3.10/site-packages/pip/_vendor/urllib3/packages/backports) by extensions ['python_setup_py']
[2.955s] Level 1:colcon.colcon_core.package_identification:_identify(venv/lib/python3.10/site-packages/pip/_vendor/urllib3/packages/backports) by extension 'python_setup_py'
[2.955s] Level 1:colcon.colcon_core.package_identification:_identify(venv/lib/python3.10/site-packages/pip/_vendor/urllib3/packages/backports/__pycache__) by extensions ['ignore', 'ignore_ament_install']
[2.955s] Level 1:colcon.colcon_core.package_identification:_identify(venv/lib/python3.10/site-packages/pip/_vendor/urllib3/packages/backports/__pycache__) by extension 'ignore'
[2.956s] Level 1:colcon.colcon_core.package_identification:_identify(venv/lib/python3.10/site-packages/pip/_vendor/urllib3/packages/backports/__pycache__) by extension 'ignore_ament_install'
[2.956s] Level 1:colcon.colcon_core.package_identification:_identify(venv/lib/python3.10/site-packages/pip/_vendor/urllib3/packages/backports/__pycache__) by extensions ['colcon_pkg']
[2.956s] Level 1:colcon.colcon_core.package_identification:_identify(venv/lib/python3.10/site-packages/pip/_vendor/urllib3/packages/backports/__pycache__) by extension 'colcon_pkg'
[2.956s] Level 1:colcon.colcon_core.package_identification:_identify(venv/lib/python3.10/site-packages/pip/_vendor/urllib3/packages/backports/__pycache__) by extensions ['colcon_meta']
[2.956s] Level 1:colcon.colcon_core.package_identification:_identify(venv/lib/python3.10/site-packages/pip/_vendor/urllib3/packages/backports/__pycache__) by extension 'colcon_meta'
[2.956s] Level 1:colcon.colcon_core.package_identification:_identify(venv/lib/python3.10/site-packages/pip/_vendor/urllib3/packages/backports/__pycache__) by extensions ['ros']
[2.956s] Level 1:colcon.colcon_core.package_identification:_identify(venv/lib/python3.10/site-packages/pip/_vendor/urllib3/packages/backports/__pycache__) by extension 'ros'
[2.956s] Level 1:colcon.colcon_core.package_identification:_identify(venv/lib/python3.10/site-packages/pip/_vendor/urllib3/packages/backports/__pycache__) by extensions ['cmake', 'python']
[2.956s] Level 1:colcon.colcon_core.package_identification:_identify(venv/lib/python3.10/site-packages/pip/_vendor/urllib3/packages/backports/__pycache__) by extension 'cmake'
[2.956s] Level 1:colcon.colcon_core.package_identification:_identify(venv/lib/python3.10/site-packages/pip/_vendor/urllib3/packages/backports/__pycache__) by extension 'python'
[2.956s] Level 1:colcon.colcon_core.package_identification:_identify(venv/lib/python3.10/site-packages/pip/_vendor/urllib3/packages/backports/__pycache__) by extensions ['python_setup_py']
[2.956s] Level 1:colcon.colcon_core.package_identification:_identify(venv/lib/python3.10/site-packages/pip/_vendor/urllib3/packages/backports/__pycache__) by extension 'python_setup_py'
[2.956s] Level 1:colcon.colcon_core.package_identification:_identify(venv/lib/python3.10/site-packages/pip/_vendor/urllib3/util) by extensions ['ignore', 'ignore_ament_install']
[2.956s] Level 1:colcon.colcon_core.package_identification:_identify(venv/lib/python3.10/site-packages/pip/_vendor/urllib3/util) by extension 'ignore'
[2.956s] Level 1:colcon.colcon_core.package_identification:_identify(venv/lib/python3.10/site-packages/pip/_vendor/urllib3/util) by extension 'ignore_ament_install'
[2.956s] Level 1:colcon.colcon_core.package_identification:_identify(venv/lib/python3.10/site-packages/pip/_vendor/urllib3/util) by extensions ['colcon_pkg']
[2.956s] Level 1:colcon.colcon_core.package_identification:_identify(venv/lib/python3.10/site-packages/pip/_vendor/urllib3/util) by extension 'colcon_pkg'
[2.956s] Level 1:colcon.colcon_core.package_identification:_identify(venv/lib/python3.10/site-packages/pip/_vendor/urllib3/util) by extensions ['colcon_meta']
[2.956s] Level 1:colcon.colcon_core.package_identification:_identify(venv/lib/python3.10/site-packages/pip/_vendor/urllib3/util) by extension 'colcon_meta'
[2.956s] Level 1:colcon.colcon_core.package_identification:_identify(venv/lib/python3.10/site-packages/pip/_vendor/urllib3/util) by extensions ['ros']
[2.956s] Level 1:colcon.colcon_core.package_identification:_identify(venv/lib/python3.10/site-packages/pip/_vendor/urllib3/util) by extension 'ros'
[2.956s] Level 1:colcon.colcon_core.package_identification:_identify(venv/lib/python3.10/site-packages/pip/_vendor/urllib3/util) by extensions ['cmake', 'python']
[2.956s] Level 1:colcon.colcon_core.package_identification:_identify(venv/lib/python3.10/site-packages/pip/_vendor/urllib3/util) by extension 'cmake'
[2.956s] Level 1:colcon.colcon_core.package_identification:_identify(venv/lib/python3.10/site-packages/pip/_vendor/urllib3/util) by extension 'python'
[2.956s] Level 1:colcon.colcon_core.package_identification:_identify(venv/lib/python3.10/site-packages/pip/_vendor/urllib3/util) by extensions ['python_setup_py']
[2.956s] Level 1:colcon.colcon_core.package_identification:_identify(venv/lib/python3.10/site-packages/pip/_vendor/urllib3/util) by extension 'python_setup_py'
[2.956s] Level 1:colcon.colcon_core.package_identification:_identify(venv/lib/python3.10/site-packages/pip/_vendor/urllib3/util/__pycache__) by extensions ['ignore', 'ignore_ament_install']
[2.956s] Level 1:colcon.colcon_core.package_identification:_identify(venv/lib/python3.10/site-packages/pip/_vendor/urllib3/util/__pycache__) by extension 'ignore'
[2.956s] Level 1:colcon.colcon_core.package_identification:_identify(venv/lib/python3.10/site-packages/pip/_vendor/urllib3/util/__pycache__) by extension 'ignore_ament_install'
[2.957s] Level 1:colcon.colcon_core.package_identification:_identify(venv/lib/python3.10/site-packages/pip/_vendor/urllib3/util/__pycache__) by extensions ['colcon_pkg']
[2.957s] Level 1:colcon.colcon_core.package_identification:_identify(venv/lib/python3.10/site-packages/pip/_vendor/urllib3/util/__pycache__) by extension 'colcon_pkg'
[2.957s] Level 1:colcon.colcon_core.package_identification:_identify(venv/lib/python3.10/site-packages/pip/_vendor/urllib3/util/__pycache__) by extensions ['colcon_meta']
[2.957s] Level 1:colcon.colcon_core.package_identification:_identify(venv/lib/python3.10/site-packages/pip/_vendor/urllib3/util/__pycache__) by extension 'colcon_meta'
[2.957s] Level 1:colcon.colcon_core.package_identification:_identify(venv/lib/python3.10/site-packages/pip/_vendor/urllib3/util/__pycache__) by extensions ['ros']
[2.957s] Level 1:colcon.colcon_core.package_identification:_identify(venv/lib/python3.10/site-packages/pip/_vendor/urllib3/util/__pycache__) by extension 'ros'
[2.957s] Level 1:colcon.colcon_core.package_identification:_identify(venv/lib/python3.10/site-packages/pip/_vendor/urllib3/util/__pycache__) by extensions ['cmake', 'python']
[2.957s] Level 1:colcon.colcon_core.package_identification:_identify(venv/lib/python3.10/site-packages/pip/_vendor/urllib3/util/__pycache__) by extension 'cmake'
[2.957s] Level 1:colcon.colcon_core.package_identification:_identify(venv/lib/python3.10/site-packages/pip/_vendor/urllib3/util/__pycache__) by extension 'python'
[2.957s] Level 1:colcon.colcon_core.package_identification:_identify(venv/lib/python3.10/site-packages/pip/_vendor/urllib3/util/__pycache__) by extensions ['python_setup_py']
[2.957s] Level 1:colcon.colcon_core.package_identification:_identify(venv/lib/python3.10/site-packages/pip/_vendor/urllib3/util/__pycache__) by extension 'python_setup_py'
[2.957s] Level 1:colcon.colcon_core.package_identification:_identify(venv/lib/python3.10/site-packages/pip/_vendor/webencodings) by extensions ['ignore', 'ignore_ament_install']
[2.957s] Level 1:colcon.colcon_core.package_identification:_identify(venv/lib/python3.10/site-packages/pip/_vendor/webencodings) by extension 'ignore'
[2.957s] Level 1:colcon.colcon_core.package_identification:_identify(venv/lib/python3.10/site-packages/pip/_vendor/webencodings) by extension 'ignore_ament_install'
[2.957s] Level 1:colcon.colcon_core.package_identification:_identify(venv/lib/python3.10/site-packages/pip/_vendor/webencodings) by extensions ['colcon_pkg']
[2.957s] Level 1:colcon.colcon_core.package_identification:_identify(venv/lib/python3.10/site-packages/pip/_vendor/webencodings) by extension 'colcon_pkg'
[2.957s] Level 1:colcon.colcon_core.package_identification:_identify(venv/lib/python3.10/site-packages/pip/_vendor/webencodings) by extensions ['colcon_meta']
[2.957s] Level 1:colcon.colcon_core.package_identification:_identify(venv/lib/python3.10/site-packages/pip/_vendor/webencodings) by extension 'colcon_meta'
[2.957s] Level 1:colcon.colcon_core.package_identification:_identify(venv/lib/python3.10/site-packages/pip/_vendor/webencodings) by extensions ['ros']
[2.957s] Level 1:colcon.colcon_core.package_identification:_identify(venv/lib/python3.10/site-packages/pip/_vendor/webencodings) by extension 'ros'
[2.957s] Level 1:colcon.colcon_core.package_identification:_identify(venv/lib/python3.10/site-packages/pip/_vendor/webencodings) by extensions ['cmake', 'python']
[2.957s] Level 1:colcon.colcon_core.package_identification:_identify(venv/lib/python3.10/site-packages/pip/_vendor/webencodings) by extension 'cmake'
[2.957s] Level 1:colcon.colcon_core.package_identification:_identify(venv/lib/python3.10/site-packages/pip/_vendor/webencodings) by extension 'python'
[2.957s] Level 1:colcon.colcon_core.package_identification:_identify(venv/lib/python3.10/site-packages/pip/_vendor/webencodings) by extensions ['python_setup_py']
[2.957s] Level 1:colcon.colcon_core.package_identification:_identify(venv/lib/python3.10/site-packages/pip/_vendor/webencodings) by extension 'python_setup_py'
[2.957s] Level 1:colcon.colcon_core.package_identification:_identify(venv/lib/python3.10/site-packages/pip/_vendor/webencodings/__pycache__) by extensions ['ignore', 'ignore_ament_install']
[2.957s] Level 1:colcon.colcon_core.package_identification:_identify(venv/lib/python3.10/site-packages/pip/_vendor/webencodings/__pycache__) by extension 'ignore'
[2.957s] Level 1:colcon.colcon_core.package_identification:_identify(venv/lib/python3.10/site-packages/pip/_vendor/webencodings/__pycache__) by extension 'ignore_ament_install'
[2.957s] Level 1:colcon.colcon_core.package_identification:_identify(venv/lib/python3.10/site-packages/pip/_vendor/webencodings/__pycache__) by extensions ['colcon_pkg']
[2.957s] Level 1:colcon.colcon_core.package_identification:_identify(venv/lib/python3.10/site-packages/pip/_vendor/webencodings/__pycache__) by extension 'colcon_pkg'
[2.957s] Level 1:colcon.colcon_core.package_identification:_identify(venv/lib/python3.10/site-packages/pip/_vendor/webencodings/__pycache__) by extensions ['colcon_meta']
[2.958s] Level 1:colcon.colcon_core.package_identification:_identify(venv/lib/python3.10/site-packages/pip/_vendor/webencodings/__pycache__) by extension 'colcon_meta'
[2.958s] Level 1:colcon.colcon_core.package_identification:_identify(venv/lib/python3.10/site-packages/pip/_vendor/webencodings/__pycache__) by extensions ['ros']
[2.958s] Level 1:colcon.colcon_core.package_identification:_identify(venv/lib/python3.10/site-packages/pip/_vendor/webencodings/__pycache__) by extension 'ros'
[2.958s] Level 1:colcon.colcon_core.package_identification:_identify(venv/lib/python3.10/site-packages/pip/_vendor/webencodings/__pycache__) by extensions ['cmake', 'python']
[2.958s] Level 1:colcon.colcon_core.package_identification:_identify(venv/lib/python3.10/site-packages/pip/_vendor/webencodings/__pycache__) by extension 'cmake'
[2.958s] Level 1:colcon.colcon_core.package_identification:_identify(venv/lib/python3.10/site-packages/pip/_vendor/webencodings/__pycache__) by extension 'python'
[2.958s] Level 1:colcon.colcon_core.package_identification:_identify(venv/lib/python3.10/site-packages/pip/_vendor/webencodings/__pycache__) by extensions ['python_setup_py']
[2.958s] Level 1:colcon.colcon_core.package_identification:_identify(venv/lib/python3.10/site-packages/pip/_vendor/webencodings/__pycache__) by extension 'python_setup_py'
[2.958s] Level 1:colcon.colcon_core.package_identification:_identify(venv/lib/python3.10/site-packages/pip-22.0.2.dist-info) by extensions ['ignore', 'ignore_ament_install']
[2.958s] Level 1:colcon.colcon_core.package_identification:_identify(venv/lib/python3.10/site-packages/pip-22.0.2.dist-info) by extension 'ignore'
[2.958s] Level 1:colcon.colcon_core.package_identification:_identify(venv/lib/python3.10/site-packages/pip-22.0.2.dist-info) by extension 'ignore_ament_install'
[2.958s] Level 1:colcon.colcon_core.package_identification:_identify(venv/lib/python3.10/site-packages/pip-22.0.2.dist-info) by extensions ['colcon_pkg']
[2.958s] Level 1:colcon.colcon_core.package_identification:_identify(venv/lib/python3.10/site-packages/pip-22.0.2.dist-info) by extension 'colcon_pkg'
[2.958s] Level 1:colcon.colcon_core.package_identification:_identify(venv/lib/python3.10/site-packages/pip-22.0.2.dist-info) by extensions ['colcon_meta']
[2.958s] Level 1:colcon.colcon_core.package_identification:_identify(venv/lib/python3.10/site-packages/pip-22.0.2.dist-info) by extension 'colcon_meta'
[2.958s] Level 1:colcon.colcon_core.package_identification:_identify(venv/lib/python3.10/site-packages/pip-22.0.2.dist-info) by extensions ['ros']
[2.958s] Level 1:colcon.colcon_core.package_identification:_identify(venv/lib/python3.10/site-packages/pip-22.0.2.dist-info) by extension 'ros'
[2.958s] Level 1:colcon.colcon_core.package_identification:_identify(venv/lib/python3.10/site-packages/pip-22.0.2.dist-info) by extensions ['cmake', 'python']
[2.958s] Level 1:colcon.colcon_core.package_identification:_identify(venv/lib/python3.10/site-packages/pip-22.0.2.dist-info) by extension 'cmake'
[2.958s] Level 1:colcon.colcon_core.package_identification:_identify(venv/lib/python3.10/site-packages/pip-22.0.2.dist-info) by extension 'python'
[2.958s] Level 1:colcon.colcon_core.package_identification:_identify(venv/lib/python3.10/site-packages/pip-22.0.2.dist-info) by extensions ['python_setup_py']
[2.958s] Level 1:colcon.colcon_core.package_identification:_identify(venv/lib/python3.10/site-packages/pip-22.0.2.dist-info) by extension 'python_setup_py'
[2.958s] Level 1:colcon.colcon_core.package_identification:_identify(venv/lib/python3.10/site-packages/pkg_resources) by extensions ['ignore', 'ignore_ament_install']
[2.958s] Level 1:colcon.colcon_core.package_identification:_identify(venv/lib/python3.10/site-packages/pkg_resources) by extension 'ignore'
[2.958s] Level 1:colcon.colcon_core.package_identification:_identify(venv/lib/python3.10/site-packages/pkg_resources) by extension 'ignore_ament_install'
[2.958s] Level 1:colcon.colcon_core.package_identification:_identify(venv/lib/python3.10/site-packages/pkg_resources) by extensions ['colcon_pkg']
[2.958s] Level 1:colcon.colcon_core.package_identification:_identify(venv/lib/python3.10/site-packages/pkg_resources) by extension 'colcon_pkg'
[2.958s] Level 1:colcon.colcon_core.package_identification:_identify(venv/lib/python3.10/site-packages/pkg_resources) by extensions ['colcon_meta']
[2.958s] Level 1:colcon.colcon_core.package_identification:_identify(venv/lib/python3.10/site-packages/pkg_resources) by extension 'colcon_meta'
[2.958s] Level 1:colcon.colcon_core.package_identification:_identify(venv/lib/python3.10/site-packages/pkg_resources) by extensions ['ros']
[2.959s] Level 1:colcon.colcon_core.package_identification:_identify(venv/lib/python3.10/site-packages/pkg_resources) by extension 'ros'
[2.959s] Level 1:colcon.colcon_core.package_identification:_identify(venv/lib/python3.10/site-packages/pkg_resources) by extensions ['cmake', 'python']
[2.959s] Level 1:colcon.colcon_core.package_identification:_identify(venv/lib/python3.10/site-packages/pkg_resources) by extension 'cmake'
[2.959s] Level 1:colcon.colcon_core.package_identification:_identify(venv/lib/python3.10/site-packages/pkg_resources) by extension 'python'
[2.959s] Level 1:colcon.colcon_core.package_identification:_identify(venv/lib/python3.10/site-packages/pkg_resources) by extensions ['python_setup_py']
[2.959s] Level 1:colcon.colcon_core.package_identification:_identify(venv/lib/python3.10/site-packages/pkg_resources) by extension 'python_setup_py'
[2.959s] Level 1:colcon.colcon_core.package_identification:_identify(venv/lib/python3.10/site-packages/pkg_resources/__pycache__) by extensions ['ignore', 'ignore_ament_install']
[2.959s] Level 1:colcon.colcon_core.package_identification:_identify(venv/lib/python3.10/site-packages/pkg_resources/__pycache__) by extension 'ignore'
[2.959s] Level 1:colcon.colcon_core.package_identification:_identify(venv/lib/python3.10/site-packages/pkg_resources/__pycache__) by extension 'ignore_ament_install'
[2.959s] Level 1:colcon.colcon_core.package_identification:_identify(venv/lib/python3.10/site-packages/pkg_resources/__pycache__) by extensions ['colcon_pkg']
[2.959s] Level 1:colcon.colcon_core.package_identification:_identify(venv/lib/python3.10/site-packages/pkg_resources/__pycache__) by extension 'colcon_pkg'
[2.959s] Level 1:colcon.colcon_core.package_identification:_identify(venv/lib/python3.10/site-packages/pkg_resources/__pycache__) by extensions ['colcon_meta']
[2.959s] Level 1:colcon.colcon_core.package_identification:_identify(venv/lib/python3.10/site-packages/pkg_resources/__pycache__) by extension 'colcon_meta'
[2.959s] Level 1:colcon.colcon_core.package_identification:_identify(venv/lib/python3.10/site-packages/pkg_resources/__pycache__) by extensions ['ros']
[2.959s] Level 1:colcon.colcon_core.package_identification:_identify(venv/lib/python3.10/site-packages/pkg_resources/__pycache__) by extension 'ros'
[2.959s] Level 1:colcon.colcon_core.package_identification:_identify(venv/lib/python3.10/site-packages/pkg_resources/__pycache__) by extensions ['cmake', 'python']
[2.959s] Level 1:colcon.colcon_core.package_identification:_identify(venv/lib/python3.10/site-packages/pkg_resources/__pycache__) by extension 'cmake'
[2.959s] Level 1:colcon.colcon_core.package_identification:_identify(venv/lib/python3.10/site-packages/pkg_resources/__pycache__) by extension 'python'
[2.959s] Level 1:colcon.colcon_core.package_identification:_identify(venv/lib/python3.10/site-packages/pkg_resources/__pycache__) by extensions ['python_setup_py']
[2.959s] Level 1:colcon.colcon_core.package_identification:_identify(venv/lib/python3.10/site-packages/pkg_resources/__pycache__) by extension 'python_setup_py'
[2.959s] Level 1:colcon.colcon_core.package_identification:_identify(venv/lib/python3.10/site-packages/pkg_resources/_vendor) by extensions ['ignore', 'ignore_ament_install']
[2.959s] Level 1:colcon.colcon_core.package_identification:_identify(venv/lib/python3.10/site-packages/pkg_resources/_vendor) by extension 'ignore'
[2.959s] Level 1:colcon.colcon_core.package_identification:_identify(venv/lib/python3.10/site-packages/pkg_resources/_vendor) by extension 'ignore_ament_install'
[2.959s] Level 1:colcon.colcon_core.package_identification:_identify(venv/lib/python3.10/site-packages/pkg_resources/_vendor) by extensions ['colcon_pkg']
[2.959s] Level 1:colcon.colcon_core.package_identification:_identify(venv/lib/python3.10/site-packages/pkg_resources/_vendor) by extension 'colcon_pkg'
[2.959s] Level 1:colcon.colcon_core.package_identification:_identify(venv/lib/python3.10/site-packages/pkg_resources/_vendor) by extensions ['colcon_meta']
[2.959s] Level 1:colcon.colcon_core.package_identification:_identify(venv/lib/python3.10/site-packages/pkg_resources/_vendor) by extension 'colcon_meta'
[2.959s] Level 1:colcon.colcon_core.package_identification:_identify(venv/lib/python3.10/site-packages/pkg_resources/_vendor) by extensions ['ros']
[2.959s] Level 1:colcon.colcon_core.package_identification:_identify(venv/lib/python3.10/site-packages/pkg_resources/_vendor) by extension 'ros'
[2.960s] Level 1:colcon.colcon_core.package_identification:_identify(venv/lib/python3.10/site-packages/pkg_resources/_vendor) by extensions ['cmake', 'python']
[2.960s] Level 1:colcon.colcon_core.package_identification:_identify(venv/lib/python3.10/site-packages/pkg_resources/_vendor) by extension 'cmake'
[2.960s] Level 1:colcon.colcon_core.package_identification:_identify(venv/lib/python3.10/site-packages/pkg_resources/_vendor) by extension 'python'
[2.960s] Level 1:colcon.colcon_core.package_identification:_identify(venv/lib/python3.10/site-packages/pkg_resources/_vendor) by extensions ['python_setup_py']
[2.960s] Level 1:colcon.colcon_core.package_identification:_identify(venv/lib/python3.10/site-packages/pkg_resources/_vendor) by extension 'python_setup_py'
[2.960s] Level 1:colcon.colcon_core.package_identification:_identify(venv/lib/python3.10/site-packages/pkg_resources/_vendor/__pycache__) by extensions ['ignore', 'ignore_ament_install']
[2.960s] Level 1:colcon.colcon_core.package_identification:_identify(venv/lib/python3.10/site-packages/pkg_resources/_vendor/__pycache__) by extension 'ignore'
[2.960s] Level 1:colcon.colcon_core.package_identification:_identify(venv/lib/python3.10/site-packages/pkg_resources/_vendor/__pycache__) by extension 'ignore_ament_install'
[2.960s] Level 1:colcon.colcon_core.package_identification:_identify(venv/lib/python3.10/site-packages/pkg_resources/_vendor/__pycache__) by extensions ['colcon_pkg']
[2.960s] Level 1:colcon.colcon_core.package_identification:_identify(venv/lib/python3.10/site-packages/pkg_resources/_vendor/__pycache__) by extension 'colcon_pkg'
[2.960s] Level 1:colcon.colcon_core.package_identification:_identify(venv/lib/python3.10/site-packages/pkg_resources/_vendor/__pycache__) by extensions ['colcon_meta']
[2.960s] Level 1:colcon.colcon_core.package_identification:_identify(venv/lib/python3.10/site-packages/pkg_resources/_vendor/__pycache__) by extension 'colcon_meta'
[2.960s] Level 1:colcon.colcon_core.package_identification:_identify(venv/lib/python3.10/site-packages/pkg_resources/_vendor/__pycache__) by extensions ['ros']
[2.960s] Level 1:colcon.colcon_core.package_identification:_identify(venv/lib/python3.10/site-packages/pkg_resources/_vendor/__pycache__) by extension 'ros'
[2.960s] Level 1:colcon.colcon_core.package_identification:_identify(venv/lib/python3.10/site-packages/pkg_resources/_vendor/__pycache__) by extensions ['cmake', 'python']
[2.960s] Level 1:colcon.colcon_core.package_identification:_identify(venv/lib/python3.10/site-packages/pkg_resources/_vendor/__pycache__) by extension 'cmake'
[2.960s] Level 1:colcon.colcon_core.package_identification:_identify(venv/lib/python3.10/site-packages/pkg_resources/_vendor/__pycache__) by extension 'python'
[2.960s] Level 1:colcon.colcon_core.package_identification:_identify(venv/lib/python3.10/site-packages/pkg_resources/_vendor/__pycache__) by extensions ['python_setup_py']
[2.960s] Level 1:colcon.colcon_core.package_identification:_identify(venv/lib/python3.10/site-packages/pkg_resources/_vendor/__pycache__) by extension 'python_setup_py'
[2.960s] Level 1:colcon.colcon_core.package_identification:_identify(venv/lib/python3.10/site-packages/pkg_resources/_vendor/packaging) by extensions ['ignore', 'ignore_ament_install']
[2.960s] Level 1:colcon.colcon_core.package_identification:_identify(venv/lib/python3.10/site-packages/pkg_resources/_vendor/packaging) by extension 'ignore'
[2.960s] Level 1:colcon.colcon_core.package_identification:_identify(venv/lib/python3.10/site-packages/pkg_resources/_vendor/packaging) by extension 'ignore_ament_install'
[2.960s] Level 1:colcon.colcon_core.package_identification:_identify(venv/lib/python3.10/site-packages/pkg_resources/_vendor/packaging) by extensions ['colcon_pkg']
[2.960s] Level 1:colcon.colcon_core.package_identification:_identify(venv/lib/python3.10/site-packages/pkg_resources/_vendor/packaging) by extension 'colcon_pkg'
[2.960s] Level 1:colcon.colcon_core.package_identification:_identify(venv/lib/python3.10/site-packages/pkg_resources/_vendor/packaging) by extensions ['colcon_meta']
[2.960s] Level 1:colcon.colcon_core.package_identification:_identify(venv/lib/python3.10/site-packages/pkg_resources/_vendor/packaging) by extension 'colcon_meta'
[2.960s] Level 1:colcon.colcon_core.package_identification:_identify(venv/lib/python3.10/site-packages/pkg_resources/_vendor/packaging) by extensions ['ros']
[2.960s] Level 1:colcon.colcon_core.package_identification:_identify(venv/lib/python3.10/site-packages/pkg_resources/_vendor/packaging) by extension 'ros'
[2.960s] Level 1:colcon.colcon_core.package_identification:_identify(venv/lib/python3.10/site-packages/pkg_resources/_vendor/packaging) by extensions ['cmake', 'python']
[2.960s] Level 1:colcon.colcon_core.package_identification:_identify(venv/lib/python3.10/site-packages/pkg_resources/_vendor/packaging) by extension 'cmake'
[2.961s] Level 1:colcon.colcon_core.package_identification:_identify(venv/lib/python3.10/site-packages/pkg_resources/_vendor/packaging) by extension 'python'
[2.961s] Level 1:colcon.colcon_core.package_identification:_identify(venv/lib/python3.10/site-packages/pkg_resources/_vendor/packaging) by extensions ['python_setup_py']
[2.961s] Level 1:colcon.colcon_core.package_identification:_identify(venv/lib/python3.10/site-packages/pkg_resources/_vendor/packaging) by extension 'python_setup_py'
[2.961s] Level 1:colcon.colcon_core.package_identification:_identify(venv/lib/python3.10/site-packages/pkg_resources/_vendor/packaging/__pycache__) by extensions ['ignore', 'ignore_ament_install']
[2.961s] Level 1:colcon.colcon_core.package_identification:_identify(venv/lib/python3.10/site-packages/pkg_resources/_vendor/packaging/__pycache__) by extension 'ignore'
[2.961s] Level 1:colcon.colcon_core.package_identification:_identify(venv/lib/python3.10/site-packages/pkg_resources/_vendor/packaging/__pycache__) by extension 'ignore_ament_install'
[2.961s] Level 1:colcon.colcon_core.package_identification:_identify(venv/lib/python3.10/site-packages/pkg_resources/_vendor/packaging/__pycache__) by extensions ['colcon_pkg']
[2.961s] Level 1:colcon.colcon_core.package_identification:_identify(venv/lib/python3.10/site-packages/pkg_resources/_vendor/packaging/__pycache__) by extension 'colcon_pkg'
[2.961s] Level 1:colcon.colcon_core.package_identification:_identify(venv/lib/python3.10/site-packages/pkg_resources/_vendor/packaging/__pycache__) by extensions ['colcon_meta']
[2.961s] Level 1:colcon.colcon_core.package_identification:_identify(venv/lib/python3.10/site-packages/pkg_resources/_vendor/packaging/__pycache__) by extension 'colcon_meta'
[2.961s] Level 1:colcon.colcon_core.package_identification:_identify(venv/lib/python3.10/site-packages/pkg_resources/_vendor/packaging/__pycache__) by extensions ['ros']
[2.961s] Level 1:colcon.colcon_core.package_identification:_identify(venv/lib/python3.10/site-packages/pkg_resources/_vendor/packaging/__pycache__) by extension 'ros'
[2.961s] Level 1:colcon.colcon_core.package_identification:_identify(venv/lib/python3.10/site-packages/pkg_resources/_vendor/packaging/__pycache__) by extensions ['cmake', 'python']
[2.961s] Level 1:colcon.colcon_core.package_identification:_identify(venv/lib/python3.10/site-packages/pkg_resources/_vendor/packaging/__pycache__) by extension 'cmake'
[2.961s] Level 1:colcon.colcon_core.package_identification:_identify(venv/lib/python3.10/site-packages/pkg_resources/_vendor/packaging/__pycache__) by extension 'python'
[2.961s] Level 1:colcon.colcon_core.package_identification:_identify(venv/lib/python3.10/site-packages/pkg_resources/_vendor/packaging/__pycache__) by extensions ['python_setup_py']
[2.961s] Level 1:colcon.colcon_core.package_identification:_identify(venv/lib/python3.10/site-packages/pkg_resources/_vendor/packaging/__pycache__) by extension 'python_setup_py'
[2.961s] Level 1:colcon.colcon_core.package_identification:_identify(venv/lib/python3.10/site-packages/pkg_resources/extern) by extensions ['ignore', 'ignore_ament_install']
[2.961s] Level 1:colcon.colcon_core.package_identification:_identify(venv/lib/python3.10/site-packages/pkg_resources/extern) by extension 'ignore'
[2.961s] Level 1:colcon.colcon_core.package_identification:_identify(venv/lib/python3.10/site-packages/pkg_resources/extern) by extension 'ignore_ament_install'
[2.961s] Level 1:colcon.colcon_core.package_identification:_identify(venv/lib/python3.10/site-packages/pkg_resources/extern) by extensions ['colcon_pkg']
[2.961s] Level 1:colcon.colcon_core.package_identification:_identify(venv/lib/python3.10/site-packages/pkg_resources/extern) by extension 'colcon_pkg'
[2.961s] Level 1:colcon.colcon_core.package_identification:_identify(venv/lib/python3.10/site-packages/pkg_resources/extern) by extensions ['colcon_meta']
[2.961s] Level 1:colcon.colcon_core.package_identification:_identify(venv/lib/python3.10/site-packages/pkg_resources/extern) by extension 'colcon_meta'
[2.961s] Level 1:colcon.colcon_core.package_identification:_identify(venv/lib/python3.10/site-packages/pkg_resources/extern) by extensions ['ros']
[2.961s] Level 1:colcon.colcon_core.package_identification:_identify(venv/lib/python3.10/site-packages/pkg_resources/extern) by extension 'ros'
[2.961s] Level 1:colcon.colcon_core.package_identification:_identify(venv/lib/python3.10/site-packages/pkg_resources/extern) by extensions ['cmake', 'python']
[2.961s] Level 1:colcon.colcon_core.package_identification:_identify(venv/lib/python3.10/site-packages/pkg_resources/extern) by extension 'cmake'
[2.961s] Level 1:colcon.colcon_core.package_identification:_identify(venv/lib/python3.10/site-packages/pkg_resources/extern) by extension 'python'
[2.962s] Level 1:colcon.colcon_core.package_identification:_identify(venv/lib/python3.10/site-packages/pkg_resources/extern) by extensions ['python_setup_py']
[2.962s] Level 1:colcon.colcon_core.package_identification:_identify(venv/lib/python3.10/site-packages/pkg_resources/extern) by extension 'python_setup_py'
[2.962s] Level 1:colcon.colcon_core.package_identification:_identify(venv/lib/python3.10/site-packages/pkg_resources/extern/__pycache__) by extensions ['ignore', 'ignore_ament_install']
[2.962s] Level 1:colcon.colcon_core.package_identification:_identify(venv/lib/python3.10/site-packages/pkg_resources/extern/__pycache__) by extension 'ignore'
[2.962s] Level 1:colcon.colcon_core.package_identification:_identify(venv/lib/python3.10/site-packages/pkg_resources/extern/__pycache__) by extension 'ignore_ament_install'
[2.962s] Level 1:colcon.colcon_core.package_identification:_identify(venv/lib/python3.10/site-packages/pkg_resources/extern/__pycache__) by extensions ['colcon_pkg']
[2.962s] Level 1:colcon.colcon_core.package_identification:_identify(venv/lib/python3.10/site-packages/pkg_resources/extern/__pycache__) by extension 'colcon_pkg'
[2.962s] Level 1:colcon.colcon_core.package_identification:_identify(venv/lib/python3.10/site-packages/pkg_resources/extern/__pycache__) by extensions ['colcon_meta']
[2.962s] Level 1:colcon.colcon_core.package_identification:_identify(venv/lib/python3.10/site-packages/pkg_resources/extern/__pycache__) by extension 'colcon_meta'
[2.962s] Level 1:colcon.colcon_core.package_identification:_identify(venv/lib/python3.10/site-packages/pkg_resources/extern/__pycache__) by extensions ['ros']
[2.962s] Level 1:colcon.colcon_core.package_identification:_identify(venv/lib/python3.10/site-packages/pkg_resources/extern/__pycache__) by extension 'ros'
[2.962s] Level 1:colcon.colcon_core.package_identification:_identify(venv/lib/python3.10/site-packages/pkg_resources/extern/__pycache__) by extensions ['cmake', 'python']
[2.962s] Level 1:colcon.colcon_core.package_identification:_identify(venv/lib/python3.10/site-packages/pkg_resources/extern/__pycache__) by extension 'cmake'
[2.962s] Level 1:colcon.colcon_core.package_identification:_identify(venv/lib/python3.10/site-packages/pkg_resources/extern/__pycache__) by extension 'python'
[2.962s] Level 1:colcon.colcon_core.package_identification:_identify(venv/lib/python3.10/site-packages/pkg_resources/extern/__pycache__) by extensions ['python_setup_py']
[2.962s] Level 1:colcon.colcon_core.package_identification:_identify(venv/lib/python3.10/site-packages/pkg_resources/extern/__pycache__) by extension 'python_setup_py'
[2.962s] Level 1:colcon.colcon_core.package_identification:_identify(venv/lib/python3.10/site-packages/pkg_resources/tests) by extensions ['ignore', 'ignore_ament_install']
[2.962s] Level 1:colcon.colcon_core.package_identification:_identify(venv/lib/python3.10/site-packages/pkg_resources/tests) by extension 'ignore'
[2.962s] Level 1:colcon.colcon_core.package_identification:_identify(venv/lib/python3.10/site-packages/pkg_resources/tests) by extension 'ignore_ament_install'
[2.962s] Level 1:colcon.colcon_core.package_identification:_identify(venv/lib/python3.10/site-packages/pkg_resources/tests) by extensions ['colcon_pkg']
[2.962s] Level 1:colcon.colcon_core.package_identification:_identify(venv/lib/python3.10/site-packages/pkg_resources/tests) by extension 'colcon_pkg'
[2.962s] Level 1:colcon.colcon_core.package_identification:_identify(venv/lib/python3.10/site-packages/pkg_resources/tests) by extensions ['colcon_meta']
[2.962s] Level 1:colcon.colcon_core.package_identification:_identify(venv/lib/python3.10/site-packages/pkg_resources/tests) by extension 'colcon_meta'
[2.962s] Level 1:colcon.colcon_core.package_identification:_identify(venv/lib/python3.10/site-packages/pkg_resources/tests) by extensions ['ros']
[2.962s] Level 1:colcon.colcon_core.package_identification:_identify(venv/lib/python3.10/site-packages/pkg_resources/tests) by extension 'ros'
[2.962s] Level 1:colcon.colcon_core.package_identification:_identify(venv/lib/python3.10/site-packages/pkg_resources/tests) by extensions ['cmake', 'python']
[2.962s] Level 1:colcon.colcon_core.package_identification:_identify(venv/lib/python3.10/site-packages/pkg_resources/tests) by extension 'cmake'
[2.962s] Level 1:colcon.colcon_core.package_identification:_identify(venv/lib/python3.10/site-packages/pkg_resources/tests) by extension 'python'
[2.962s] Level 1:colcon.colcon_core.package_identification:_identify(venv/lib/python3.10/site-packages/pkg_resources/tests) by extensions ['python_setup_py']
[2.962s] Level 1:colcon.colcon_core.package_identification:_identify(venv/lib/python3.10/site-packages/pkg_resources/tests) by extension 'python_setup_py'
[2.963s] Level 1:colcon.colcon_core.package_identification:_identify(venv/lib/python3.10/site-packages/pkg_resources/tests/data) by extensions ['ignore', 'ignore_ament_install']
[2.963s] Level 1:colcon.colcon_core.package_identification:_identify(venv/lib/python3.10/site-packages/pkg_resources/tests/data) by extension 'ignore'
[2.963s] Level 1:colcon.colcon_core.package_identification:_identify(venv/lib/python3.10/site-packages/pkg_resources/tests/data) by extension 'ignore_ament_install'
[2.963s] Level 1:colcon.colcon_core.package_identification:_identify(venv/lib/python3.10/site-packages/pkg_resources/tests/data) by extensions ['colcon_pkg']
[2.963s] Level 1:colcon.colcon_core.package_identification:_identify(venv/lib/python3.10/site-packages/pkg_resources/tests/data) by extension 'colcon_pkg'
[2.963s] Level 1:colcon.colcon_core.package_identification:_identify(venv/lib/python3.10/site-packages/pkg_resources/tests/data) by extensions ['colcon_meta']
[2.963s] Level 1:colcon.colcon_core.package_identification:_identify(venv/lib/python3.10/site-packages/pkg_resources/tests/data) by extension 'colcon_meta'
[2.963s] Level 1:colcon.colcon_core.package_identification:_identify(venv/lib/python3.10/site-packages/pkg_resources/tests/data) by extensions ['ros']
[2.963s] Level 1:colcon.colcon_core.package_identification:_identify(venv/lib/python3.10/site-packages/pkg_resources/tests/data) by extension 'ros'
[2.963s] Level 1:colcon.colcon_core.package_identification:_identify(venv/lib/python3.10/site-packages/pkg_resources/tests/data) by extensions ['cmake', 'python']
[2.963s] Level 1:colcon.colcon_core.package_identification:_identify(venv/lib/python3.10/site-packages/pkg_resources/tests/data) by extension 'cmake'
[2.963s] Level 1:colcon.colcon_core.package_identification:_identify(venv/lib/python3.10/site-packages/pkg_resources/tests/data) by extension 'python'
[2.963s] Level 1:colcon.colcon_core.package_identification:_identify(venv/lib/python3.10/site-packages/pkg_resources/tests/data) by extensions ['python_setup_py']
[2.963s] Level 1:colcon.colcon_core.package_identification:_identify(venv/lib/python3.10/site-packages/pkg_resources/tests/data) by extension 'python_setup_py'
[2.963s] Level 1:colcon.colcon_core.package_identification:_identify(venv/lib/python3.10/site-packages/pkg_resources/tests/data/my-test-package-source) by extensions ['ignore', 'ignore_ament_install']
[2.963s] Level 1:colcon.colcon_core.package_identification:_identify(venv/lib/python3.10/site-packages/pkg_resources/tests/data/my-test-package-source) by extension 'ignore'
[2.963s] Level 1:colcon.colcon_core.package_identification:_identify(venv/lib/python3.10/site-packages/pkg_resources/tests/data/my-test-package-source) by extension 'ignore_ament_install'
[2.963s] Level 1:colcon.colcon_core.package_identification:_identify(venv/lib/python3.10/site-packages/pkg_resources/tests/data/my-test-package-source) by extensions ['colcon_pkg']
[2.963s] Level 1:colcon.colcon_core.package_identification:_identify(venv/lib/python3.10/site-packages/pkg_resources/tests/data/my-test-package-source) by extension 'colcon_pkg'
[2.963s] Level 1:colcon.colcon_core.package_identification:_identify(venv/lib/python3.10/site-packages/pkg_resources/tests/data/my-test-package-source) by extensions ['colcon_meta']
[2.963s] Level 1:colcon.colcon_core.package_identification:_identify(venv/lib/python3.10/site-packages/pkg_resources/tests/data/my-test-package-source) by extension 'colcon_meta'
[2.963s] Level 1:colcon.colcon_core.package_identification:_identify(venv/lib/python3.10/site-packages/pkg_resources/tests/data/my-test-package-source) by extensions ['ros']
[2.963s] Level 1:colcon.colcon_core.package_identification:_identify(venv/lib/python3.10/site-packages/pkg_resources/tests/data/my-test-package-source) by extension 'ros'
[2.963s] Level 1:colcon.colcon_core.package_identification:_identify(venv/lib/python3.10/site-packages/pkg_resources/tests/data/my-test-package-source) by extensions ['cmake', 'python']
[2.963s] Level 1:colcon.colcon_core.package_identification:_identify(venv/lib/python3.10/site-packages/pkg_resources/tests/data/my-test-package-source) by extension 'cmake'
[2.963s] Level 1:colcon.colcon_core.package_identification:_identify(venv/lib/python3.10/site-packages/pkg_resources/tests/data/my-test-package-source) by extension 'python'
[2.963s] Level 1:colcon.colcon_core.package_identification:_identify(venv/lib/python3.10/site-packages/pkg_resources/tests/data/my-test-package-source) by extensions ['python_setup_py']
[2.963s] Level 1:colcon.colcon_core.package_identification:_identify(venv/lib/python3.10/site-packages/pkg_resources/tests/data/my-test-package-source) by extension 'python_setup_py'
[3.132s] DEBUG:colcon.colcon_core.package_identification:Package 'venv/lib/python3.10/site-packages/pkg_resources/tests/data/my-test-package-source' with type 'python' and name 'my-test-package'
[3.132s] Level 1:colcon.colcon_core.package_identification:_identify(venv/lib/python3.10/site-packages/setuptools) by extensions ['ignore', 'ignore_ament_install']
[3.132s] Level 1:colcon.colcon_core.package_identification:_identify(venv/lib/python3.10/site-packages/setuptools) by extension 'ignore'
[3.132s] Level 1:colcon.colcon_core.package_identification:_identify(venv/lib/python3.10/site-packages/setuptools) by extension 'ignore_ament_install'
[3.133s] Level 1:colcon.colcon_core.package_identification:_identify(venv/lib/python3.10/site-packages/setuptools) by extensions ['colcon_pkg']
[3.133s] Level 1:colcon.colcon_core.package_identification:_identify(venv/lib/python3.10/site-packages/setuptools) by extension 'colcon_pkg'
[3.133s] Level 1:colcon.colcon_core.package_identification:_identify(venv/lib/python3.10/site-packages/setuptools) by extensions ['colcon_meta']
[3.133s] Level 1:colcon.colcon_core.package_identification:_identify(venv/lib/python3.10/site-packages/setuptools) by extension 'colcon_meta'
[3.133s] Level 1:colcon.colcon_core.package_identification:_identify(venv/lib/python3.10/site-packages/setuptools) by extensions ['ros']
[3.133s] Level 1:colcon.colcon_core.package_identification:_identify(venv/lib/python3.10/site-packages/setuptools) by extension 'ros'
[3.133s] Level 1:colcon.colcon_core.package_identification:_identify(venv/lib/python3.10/site-packages/setuptools) by extensions ['cmake', 'python']
[3.133s] Level 1:colcon.colcon_core.package_identification:_identify(venv/lib/python3.10/site-packages/setuptools) by extension 'cmake'
[3.133s] Level 1:colcon.colcon_core.package_identification:_identify(venv/lib/python3.10/site-packages/setuptools) by extension 'python'
[3.133s] Level 1:colcon.colcon_core.package_identification:_identify(venv/lib/python3.10/site-packages/setuptools) by extensions ['python_setup_py']
[3.133s] Level 1:colcon.colcon_core.package_identification:_identify(venv/lib/python3.10/site-packages/setuptools) by extension 'python_setup_py'
[3.133s] Level 1:colcon.colcon_core.package_identification:_identify(venv/lib/python3.10/site-packages/setuptools/__pycache__) by extensions ['ignore', 'ignore_ament_install']
[3.133s] Level 1:colcon.colcon_core.package_identification:_identify(venv/lib/python3.10/site-packages/setuptools/__pycache__) by extension 'ignore'
[3.133s] Level 1:colcon.colcon_core.package_identification:_identify(venv/lib/python3.10/site-packages/setuptools/__pycache__) by extension 'ignore_ament_install'
[3.133s] Level 1:colcon.colcon_core.package_identification:_identify(venv/lib/python3.10/site-packages/setuptools/__pycache__) by extensions ['colcon_pkg']
[3.133s] Level 1:colcon.colcon_core.package_identification:_identify(venv/lib/python3.10/site-packages/setuptools/__pycache__) by extension 'colcon_pkg'
[3.133s] Level 1:colcon.colcon_core.package_identification:_identify(venv/lib/python3.10/site-packages/setuptools/__pycache__) by extensions ['colcon_meta']
[3.133s] Level 1:colcon.colcon_core.package_identification:_identify(venv/lib/python3.10/site-packages/setuptools/__pycache__) by extension 'colcon_meta'
[3.133s] Level 1:colcon.colcon_core.package_identification:_identify(venv/lib/python3.10/site-packages/setuptools/__pycache__) by extensions ['ros']
[3.133s] Level 1:colcon.colcon_core.package_identification:_identify(venv/lib/python3.10/site-packages/setuptools/__pycache__) by extension 'ros'
[3.133s] Level 1:colcon.colcon_core.package_identification:_identify(venv/lib/python3.10/site-packages/setuptools/__pycache__) by extensions ['cmake', 'python']
[3.133s] Level 1:colcon.colcon_core.package_identification:_identify(venv/lib/python3.10/site-packages/setuptools/__pycache__) by extension 'cmake'
[3.133s] Level 1:colcon.colcon_core.package_identification:_identify(venv/lib/python3.10/site-packages/setuptools/__pycache__) by extension 'python'
[3.133s] Level 1:colcon.colcon_core.package_identification:_identify(venv/lib/python3.10/site-packages/setuptools/__pycache__) by extensions ['python_setup_py']
[3.133s] Level 1:colcon.colcon_core.package_identification:_identify(venv/lib/python3.10/site-packages/setuptools/__pycache__) by extension 'python_setup_py'
[3.133s] Level 1:colcon.colcon_core.package_identification:_identify(venv/lib/python3.10/site-packages/setuptools/_distutils) by extensions ['ignore', 'ignore_ament_install']
[3.133s] Level 1:colcon.colcon_core.package_identification:_identify(venv/lib/python3.10/site-packages/setuptools/_distutils) by extension 'ignore'
[3.134s] Level 1:colcon.colcon_core.package_identification:_identify(venv/lib/python3.10/site-packages/setuptools/_distutils) by extension 'ignore_ament_install'
[3.134s] Level 1:colcon.colcon_core.package_identification:_identify(venv/lib/python3.10/site-packages/setuptools/_distutils) by extensions ['colcon_pkg']
[3.134s] Level 1:colcon.colcon_core.package_identification:_identify(venv/lib/python3.10/site-packages/setuptools/_distutils) by extension 'colcon_pkg'
[3.134s] Level 1:colcon.colcon_core.package_identification:_identify(venv/lib/python3.10/site-packages/setuptools/_distutils) by extensions ['colcon_meta']
[3.134s] Level 1:colcon.colcon_core.package_identification:_identify(venv/lib/python3.10/site-packages/setuptools/_distutils) by extension 'colcon_meta'
[3.134s] Level 1:colcon.colcon_core.package_identification:_identify(venv/lib/python3.10/site-packages/setuptools/_distutils) by extensions ['ros']
[3.134s] Level 1:colcon.colcon_core.package_identification:_identify(venv/lib/python3.10/site-packages/setuptools/_distutils) by extension 'ros'
[3.134s] Level 1:colcon.colcon_core.package_identification:_identify(venv/lib/python3.10/site-packages/setuptools/_distutils) by extensions ['cmake', 'python']
[3.134s] Level 1:colcon.colcon_core.package_identification:_identify(venv/lib/python3.10/site-packages/setuptools/_distutils) by extension 'cmake'
[3.134s] Level 1:colcon.colcon_core.package_identification:_identify(venv/lib/python3.10/site-packages/setuptools/_distutils) by extension 'python'
[3.134s] Level 1:colcon.colcon_core.package_identification:_identify(venv/lib/python3.10/site-packages/setuptools/_distutils) by extensions ['python_setup_py']
[3.134s] Level 1:colcon.colcon_core.package_identification:_identify(venv/lib/python3.10/site-packages/setuptools/_distutils) by extension 'python_setup_py'
[3.134s] Level 1:colcon.colcon_core.package_identification:_identify(venv/lib/python3.10/site-packages/setuptools/_distutils/__pycache__) by extensions ['ignore', 'ignore_ament_install']
[3.134s] Level 1:colcon.colcon_core.package_identification:_identify(venv/lib/python3.10/site-packages/setuptools/_distutils/__pycache__) by extension 'ignore'
[3.134s] Level 1:colcon.colcon_core.package_identification:_identify(venv/lib/python3.10/site-packages/setuptools/_distutils/__pycache__) by extension 'ignore_ament_install'
[3.134s] Level 1:colcon.colcon_core.package_identification:_identify(venv/lib/python3.10/site-packages/setuptools/_distutils/__pycache__) by extensions ['colcon_pkg']
[3.134s] Level 1:colcon.colcon_core.package_identification:_identify(venv/lib/python3.10/site-packages/setuptools/_distutils/__pycache__) by extension 'colcon_pkg'
[3.134s] Level 1:colcon.colcon_core.package_identification:_identify(venv/lib/python3.10/site-packages/setuptools/_distutils/__pycache__) by extensions ['colcon_meta']
[3.134s] Level 1:colcon.colcon_core.package_identification:_identify(venv/lib/python3.10/site-packages/setuptools/_distutils/__pycache__) by extension 'colcon_meta'
[3.134s] Level 1:colcon.colcon_core.package_identification:_identify(venv/lib/python3.10/site-packages/setuptools/_distutils/__pycache__) by extensions ['ros']
[3.134s] Level 1:colcon.colcon_core.package_identification:_identify(venv/lib/python3.10/site-packages/setuptools/_distutils/__pycache__) by extension 'ros'
[3.134s] Level 1:colcon.colcon_core.package_identification:_identify(venv/lib/python3.10/site-packages/setuptools/_distutils/__pycache__) by extensions ['cmake', 'python']
[3.134s] Level 1:colcon.colcon_core.package_identification:_identify(venv/lib/python3.10/site-packages/setuptools/_distutils/__pycache__) by extension 'cmake'
[3.134s] Level 1:colcon.colcon_core.package_identification:_identify(venv/lib/python3.10/site-packages/setuptools/_distutils/__pycache__) by extension 'python'
[3.134s] Level 1:colcon.colcon_core.package_identification:_identify(venv/lib/python3.10/site-packages/setuptools/_distutils/__pycache__) by extensions ['python_setup_py']
[3.134s] Level 1:colcon.colcon_core.package_identification:_identify(venv/lib/python3.10/site-packages/setuptools/_distutils/__pycache__) by extension 'python_setup_py'
[3.134s] Level 1:colcon.colcon_core.package_identification:_identify(venv/lib/python3.10/site-packages/setuptools/_distutils/command) by extensions ['ignore', 'ignore_ament_install']
[3.134s] Level 1:colcon.colcon_core.package_identification:_identify(venv/lib/python3.10/site-packages/setuptools/_distutils/command) by extension 'ignore'
[3.134s] Level 1:colcon.colcon_core.package_identification:_identify(venv/lib/python3.10/site-packages/setuptools/_distutils/command) by extension 'ignore_ament_install'
[3.135s] Level 1:colcon.colcon_core.package_identification:_identify(venv/lib/python3.10/site-packages/setuptools/_distutils/command) by extensions ['colcon_pkg']
[3.135s] Level 1:colcon.colcon_core.package_identification:_identify(venv/lib/python3.10/site-packages/setuptools/_distutils/command) by extension 'colcon_pkg'
[3.135s] Level 1:colcon.colcon_core.package_identification:_identify(venv/lib/python3.10/site-packages/setuptools/_distutils/command) by extensions ['colcon_meta']
[3.135s] Level 1:colcon.colcon_core.package_identification:_identify(venv/lib/python3.10/site-packages/setuptools/_distutils/command) by extension 'colcon_meta'
[3.135s] Level 1:colcon.colcon_core.package_identification:_identify(venv/lib/python3.10/site-packages/setuptools/_distutils/command) by extensions ['ros']
[3.135s] Level 1:colcon.colcon_core.package_identification:_identify(venv/lib/python3.10/site-packages/setuptools/_distutils/command) by extension 'ros'
[3.135s] Level 1:colcon.colcon_core.package_identification:_identify(venv/lib/python3.10/site-packages/setuptools/_distutils/command) by extensions ['cmake', 'python']
[3.135s] Level 1:colcon.colcon_core.package_identification:_identify(venv/lib/python3.10/site-packages/setuptools/_distutils/command) by extension 'cmake'
[3.135s] Level 1:colcon.colcon_core.package_identification:_identify(venv/lib/python3.10/site-packages/setuptools/_distutils/command) by extension 'python'
[3.135s] Level 1:colcon.colcon_core.package_identification:_identify(venv/lib/python3.10/site-packages/setuptools/_distutils/command) by extensions ['python_setup_py']
[3.135s] Level 1:colcon.colcon_core.package_identification:_identify(venv/lib/python3.10/site-packages/setuptools/_distutils/command) by extension 'python_setup_py'
[3.135s] Level 1:colcon.colcon_core.package_identification:_identify(venv/lib/python3.10/site-packages/setuptools/_distutils/command/__pycache__) by extensions ['ignore', 'ignore_ament_install']
[3.135s] Level 1:colcon.colcon_core.package_identification:_identify(venv/lib/python3.10/site-packages/setuptools/_distutils/command/__pycache__) by extension 'ignore'
[3.135s] Level 1:colcon.colcon_core.package_identification:_identify(venv/lib/python3.10/site-packages/setuptools/_distutils/command/__pycache__) by extension 'ignore_ament_install'
[3.135s] Level 1:colcon.colcon_core.package_identification:_identify(venv/lib/python3.10/site-packages/setuptools/_distutils/command/__pycache__) by extensions ['colcon_pkg']
[3.135s] Level 1:colcon.colcon_core.package_identification:_identify(venv/lib/python3.10/site-packages/setuptools/_distutils/command/__pycache__) by extension 'colcon_pkg'
[3.135s] Level 1:colcon.colcon_core.package_identification:_identify(venv/lib/python3.10/site-packages/setuptools/_distutils/command/__pycache__) by extensions ['colcon_meta']
[3.135s] Level 1:colcon.colcon_core.package_identification:_identify(venv/lib/python3.10/site-packages/setuptools/_distutils/command/__pycache__) by extension 'colcon_meta'
[3.135s] Level 1:colcon.colcon_core.package_identification:_identify(venv/lib/python3.10/site-packages/setuptools/_distutils/command/__pycache__) by extensions ['ros']
[3.135s] Level 1:colcon.colcon_core.package_identification:_identify(venv/lib/python3.10/site-packages/setuptools/_distutils/command/__pycache__) by extension 'ros'
[3.135s] Level 1:colcon.colcon_core.package_identification:_identify(venv/lib/python3.10/site-packages/setuptools/_distutils/command/__pycache__) by extensions ['cmake', 'python']
[3.135s] Level 1:colcon.colcon_core.package_identification:_identify(venv/lib/python3.10/site-packages/setuptools/_distutils/command/__pycache__) by extension 'cmake'
[3.135s] Level 1:colcon.colcon_core.package_identification:_identify(venv/lib/python3.10/site-packages/setuptools/_distutils/command/__pycache__) by extension 'python'
[3.135s] Level 1:colcon.colcon_core.package_identification:_identify(venv/lib/python3.10/site-packages/setuptools/_distutils/command/__pycache__) by extensions ['python_setup_py']
[3.135s] Level 1:colcon.colcon_core.package_identification:_identify(venv/lib/python3.10/site-packages/setuptools/_distutils/command/__pycache__) by extension 'python_setup_py'
[3.135s] Level 1:colcon.colcon_core.package_identification:_identify(venv/lib/python3.10/site-packages/setuptools/_vendor) by extensions ['ignore', 'ignore_ament_install']
[3.135s] Level 1:colcon.colcon_core.package_identification:_identify(venv/lib/python3.10/site-packages/setuptools/_vendor) by extension 'ignore'
[3.135s] Level 1:colcon.colcon_core.package_identification:_identify(venv/lib/python3.10/site-packages/setuptools/_vendor) by extension 'ignore_ament_install'
[3.135s] Level 1:colcon.colcon_core.package_identification:_identify(venv/lib/python3.10/site-packages/setuptools/_vendor) by extensions ['colcon_pkg']
[3.135s] Level 1:colcon.colcon_core.package_identification:_identify(venv/lib/python3.10/site-packages/setuptools/_vendor) by extension 'colcon_pkg'
[3.136s] Level 1:colcon.colcon_core.package_identification:_identify(venv/lib/python3.10/site-packages/setuptools/_vendor) by extensions ['colcon_meta']
[3.136s] Level 1:colcon.colcon_core.package_identification:_identify(venv/lib/python3.10/site-packages/setuptools/_vendor) by extension 'colcon_meta'
[3.136s] Level 1:colcon.colcon_core.package_identification:_identify(venv/lib/python3.10/site-packages/setuptools/_vendor) by extensions ['ros']
[3.136s] Level 1:colcon.colcon_core.package_identification:_identify(venv/lib/python3.10/site-packages/setuptools/_vendor) by extension 'ros'
[3.136s] Level 1:colcon.colcon_core.package_identification:_identify(venv/lib/python3.10/site-packages/setuptools/_vendor) by extensions ['cmake', 'python']
[3.136s] Level 1:colcon.colcon_core.package_identification:_identify(venv/lib/python3.10/site-packages/setuptools/_vendor) by extension 'cmake'
[3.136s] Level 1:colcon.colcon_core.package_identification:_identify(venv/lib/python3.10/site-packages/setuptools/_vendor) by extension 'python'
[3.136s] Level 1:colcon.colcon_core.package_identification:_identify(venv/lib/python3.10/site-packages/setuptools/_vendor) by extensions ['python_setup_py']
[3.136s] Level 1:colcon.colcon_core.package_identification:_identify(venv/lib/python3.10/site-packages/setuptools/_vendor) by extension 'python_setup_py'
[3.136s] Level 1:colcon.colcon_core.package_identification:_identify(venv/lib/python3.10/site-packages/setuptools/_vendor/__pycache__) by extensions ['ignore', 'ignore_ament_install']
[3.136s] Level 1:colcon.colcon_core.package_identification:_identify(venv/lib/python3.10/site-packages/setuptools/_vendor/__pycache__) by extension 'ignore'
[3.136s] Level 1:colcon.colcon_core.package_identification:_identify(venv/lib/python3.10/site-packages/setuptools/_vendor/__pycache__) by extension 'ignore_ament_install'
[3.136s] Level 1:colcon.colcon_core.package_identification:_identify(venv/lib/python3.10/site-packages/setuptools/_vendor/__pycache__) by extensions ['colcon_pkg']
[3.136s] Level 1:colcon.colcon_core.package_identification:_identify(venv/lib/python3.10/site-packages/setuptools/_vendor/__pycache__) by extension 'colcon_pkg'
[3.136s] Level 1:colcon.colcon_core.package_identification:_identify(venv/lib/python3.10/site-packages/setuptools/_vendor/__pycache__) by extensions ['colcon_meta']
[3.136s] Level 1:colcon.colcon_core.package_identification:_identify(venv/lib/python3.10/site-packages/setuptools/_vendor/__pycache__) by extension 'colcon_meta'
[3.136s] Level 1:colcon.colcon_core.package_identification:_identify(venv/lib/python3.10/site-packages/setuptools/_vendor/__pycache__) by extensions ['ros']
[3.136s] Level 1:colcon.colcon_core.package_identification:_identify(venv/lib/python3.10/site-packages/setuptools/_vendor/__pycache__) by extension 'ros'
[3.136s] Level 1:colcon.colcon_core.package_identification:_identify(venv/lib/python3.10/site-packages/setuptools/_vendor/__pycache__) by extensions ['cmake', 'python']
[3.136s] Level 1:colcon.colcon_core.package_identification:_identify(venv/lib/python3.10/site-packages/setuptools/_vendor/__pycache__) by extension 'cmake'
[3.136s] Level 1:colcon.colcon_core.package_identification:_identify(venv/lib/python3.10/site-packages/setuptools/_vendor/__pycache__) by extension 'python'
[3.136s] Level 1:colcon.colcon_core.package_identification:_identify(venv/lib/python3.10/site-packages/setuptools/_vendor/__pycache__) by extensions ['python_setup_py']
[3.136s] Level 1:colcon.colcon_core.package_identification:_identify(venv/lib/python3.10/site-packages/setuptools/_vendor/__pycache__) by extension 'python_setup_py'
[3.136s] Level 1:colcon.colcon_core.package_identification:_identify(venv/lib/python3.10/site-packages/setuptools/_vendor/more_itertools) by extensions ['ignore', 'ignore_ament_install']
[3.136s] Level 1:colcon.colcon_core.package_identification:_identify(venv/lib/python3.10/site-packages/setuptools/_vendor/more_itertools) by extension 'ignore'
[3.136s] Level 1:colcon.colcon_core.package_identification:_identify(venv/lib/python3.10/site-packages/setuptools/_vendor/more_itertools) by extension 'ignore_ament_install'
[3.136s] Level 1:colcon.colcon_core.package_identification:_identify(venv/lib/python3.10/site-packages/setuptools/_vendor/more_itertools) by extensions ['colcon_pkg']
[3.136s] Level 1:colcon.colcon_core.package_identification:_identify(venv/lib/python3.10/site-packages/setuptools/_vendor/more_itertools) by extension 'colcon_pkg'
[3.136s] Level 1:colcon.colcon_core.package_identification:_identify(venv/lib/python3.10/site-packages/setuptools/_vendor/more_itertools) by extensions ['colcon_meta']
[3.136s] Level 1:colcon.colcon_core.package_identification:_identify(venv/lib/python3.10/site-packages/setuptools/_vendor/more_itertools) by extension 'colcon_meta'
[3.136s] Level 1:colcon.colcon_core.package_identification:_identify(venv/lib/python3.10/site-packages/setuptools/_vendor/more_itertools) by extensions ['ros']
[3.137s] Level 1:colcon.colcon_core.package_identification:_identify(venv/lib/python3.10/site-packages/setuptools/_vendor/more_itertools) by extension 'ros'
[3.137s] Level 1:colcon.colcon_core.package_identification:_identify(venv/lib/python3.10/site-packages/setuptools/_vendor/more_itertools) by extensions ['cmake', 'python']
[3.137s] Level 1:colcon.colcon_core.package_identification:_identify(venv/lib/python3.10/site-packages/setuptools/_vendor/more_itertools) by extension 'cmake'
[3.137s] Level 1:colcon.colcon_core.package_identification:_identify(venv/lib/python3.10/site-packages/setuptools/_vendor/more_itertools) by extension 'python'
[3.137s] Level 1:colcon.colcon_core.package_identification:_identify(venv/lib/python3.10/site-packages/setuptools/_vendor/more_itertools) by extensions ['python_setup_py']
[3.137s] Level 1:colcon.colcon_core.package_identification:_identify(venv/lib/python3.10/site-packages/setuptools/_vendor/more_itertools) by extension 'python_setup_py'
[3.137s] Level 1:colcon.colcon_core.package_identification:_identify(venv/lib/python3.10/site-packages/setuptools/_vendor/more_itertools/__pycache__) by extensions ['ignore', 'ignore_ament_install']
[3.137s] Level 1:colcon.colcon_core.package_identification:_identify(venv/lib/python3.10/site-packages/setuptools/_vendor/more_itertools/__pycache__) by extension 'ignore'
[3.137s] Level 1:colcon.colcon_core.package_identification:_identify(venv/lib/python3.10/site-packages/setuptools/_vendor/more_itertools/__pycache__) by extension 'ignore_ament_install'
[3.137s] Level 1:colcon.colcon_core.package_identification:_identify(venv/lib/python3.10/site-packages/setuptools/_vendor/more_itertools/__pycache__) by extensions ['colcon_pkg']
[3.137s] Level 1:colcon.colcon_core.package_identification:_identify(venv/lib/python3.10/site-packages/setuptools/_vendor/more_itertools/__pycache__) by extension 'colcon_pkg'
[3.137s] Level 1:colcon.colcon_core.package_identification:_identify(venv/lib/python3.10/site-packages/setuptools/_vendor/more_itertools/__pycache__) by extensions ['colcon_meta']
[3.137s] Level 1:colcon.colcon_core.package_identification:_identify(venv/lib/python3.10/site-packages/setuptools/_vendor/more_itertools/__pycache__) by extension 'colcon_meta'
[3.137s] Level 1:colcon.colcon_core.package_identification:_identify(venv/lib/python3.10/site-packages/setuptools/_vendor/more_itertools/__pycache__) by extensions ['ros']
[3.137s] Level 1:colcon.colcon_core.package_identification:_identify(venv/lib/python3.10/site-packages/setuptools/_vendor/more_itertools/__pycache__) by extension 'ros'
[3.137s] Level 1:colcon.colcon_core.package_identification:_identify(venv/lib/python3.10/site-packages/setuptools/_vendor/more_itertools/__pycache__) by extensions ['cmake', 'python']
[3.137s] Level 1:colcon.colcon_core.package_identification:_identify(venv/lib/python3.10/site-packages/setuptools/_vendor/more_itertools/__pycache__) by extension 'cmake'
[3.137s] Level 1:colcon.colcon_core.package_identification:_identify(venv/lib/python3.10/site-packages/setuptools/_vendor/more_itertools/__pycache__) by extension 'python'
[3.137s] Level 1:colcon.colcon_core.package_identification:_identify(venv/lib/python3.10/site-packages/setuptools/_vendor/more_itertools/__pycache__) by extensions ['python_setup_py']
[3.137s] Level 1:colcon.colcon_core.package_identification:_identify(venv/lib/python3.10/site-packages/setuptools/_vendor/more_itertools/__pycache__) by extension 'python_setup_py'
[3.137s] Level 1:colcon.colcon_core.package_identification:_identify(venv/lib/python3.10/site-packages/setuptools/_vendor/packaging) by extensions ['ignore', 'ignore_ament_install']
[3.137s] Level 1:colcon.colcon_core.package_identification:_identify(venv/lib/python3.10/site-packages/setuptools/_vendor/packaging) by extension 'ignore'
[3.137s] Level 1:colcon.colcon_core.package_identification:_identify(venv/lib/python3.10/site-packages/setuptools/_vendor/packaging) by extension 'ignore_ament_install'
[3.137s] Level 1:colcon.colcon_core.package_identification:_identify(venv/lib/python3.10/site-packages/setuptools/_vendor/packaging) by extensions ['colcon_pkg']
[3.137s] Level 1:colcon.colcon_core.package_identification:_identify(venv/lib/python3.10/site-packages/setuptools/_vendor/packaging) by extension 'colcon_pkg'
[3.137s] Level 1:colcon.colcon_core.package_identification:_identify(venv/lib/python3.10/site-packages/setuptools/_vendor/packaging) by extensions ['colcon_meta']
[3.137s] Level 1:colcon.colcon_core.package_identification:_identify(venv/lib/python3.10/site-packages/setuptools/_vendor/packaging) by extension 'colcon_meta'
[3.137s] Level 1:colcon.colcon_core.package_identification:_identify(venv/lib/python3.10/site-packages/setuptools/_vendor/packaging) by extensions ['ros']
[3.137s] Level 1:colcon.colcon_core.package_identification:_identify(venv/lib/python3.10/site-packages/setuptools/_vendor/packaging) by extension 'ros'
[3.137s] Level 1:colcon.colcon_core.package_identification:_identify(venv/lib/python3.10/site-packages/setuptools/_vendor/packaging) by extensions ['cmake', 'python']
[3.138s] Level 1:colcon.colcon_core.package_identification:_identify(venv/lib/python3.10/site-packages/setuptools/_vendor/packaging) by extension 'cmake'
[3.138s] Level 1:colcon.colcon_core.package_identification:_identify(venv/lib/python3.10/site-packages/setuptools/_vendor/packaging) by extension 'python'
[3.138s] Level 1:colcon.colcon_core.package_identification:_identify(venv/lib/python3.10/site-packages/setuptools/_vendor/packaging) by extensions ['python_setup_py']
[3.138s] Level 1:colcon.colcon_core.package_identification:_identify(venv/lib/python3.10/site-packages/setuptools/_vendor/packaging) by extension 'python_setup_py'
[3.138s] Level 1:colcon.colcon_core.package_identification:_identify(venv/lib/python3.10/site-packages/setuptools/_vendor/packaging/__pycache__) by extensions ['ignore', 'ignore_ament_install']
[3.138s] Level 1:colcon.colcon_core.package_identification:_identify(venv/lib/python3.10/site-packages/setuptools/_vendor/packaging/__pycache__) by extension 'ignore'
[3.138s] Level 1:colcon.colcon_core.package_identification:_identify(venv/lib/python3.10/site-packages/setuptools/_vendor/packaging/__pycache__) by extension 'ignore_ament_install'
[3.138s] Level 1:colcon.colcon_core.package_identification:_identify(venv/lib/python3.10/site-packages/setuptools/_vendor/packaging/__pycache__) by extensions ['colcon_pkg']
[3.138s] Level 1:colcon.colcon_core.package_identification:_identify(venv/lib/python3.10/site-packages/setuptools/_vendor/packaging/__pycache__) by extension 'colcon_pkg'
[3.138s] Level 1:colcon.colcon_core.package_identification:_identify(venv/lib/python3.10/site-packages/setuptools/_vendor/packaging/__pycache__) by extensions ['colcon_meta']
[3.138s] Level 1:colcon.colcon_core.package_identification:_identify(venv/lib/python3.10/site-packages/setuptools/_vendor/packaging/__pycache__) by extension 'colcon_meta'
[3.138s] Level 1:colcon.colcon_core.package_identification:_identify(venv/lib/python3.10/site-packages/setuptools/_vendor/packaging/__pycache__) by extensions ['ros']
[3.138s] Level 1:colcon.colcon_core.package_identification:_identify(venv/lib/python3.10/site-packages/setuptools/_vendor/packaging/__pycache__) by extension 'ros'
[3.138s] Level 1:colcon.colcon_core.package_identification:_identify(venv/lib/python3.10/site-packages/setuptools/_vendor/packaging/__pycache__) by extensions ['cmake', 'python']
[3.138s] Level 1:colcon.colcon_core.package_identification:_identify(venv/lib/python3.10/site-packages/setuptools/_vendor/packaging/__pycache__) by extension 'cmake'
[3.138s] Level 1:colcon.colcon_core.package_identification:_identify(venv/lib/python3.10/site-packages/setuptools/_vendor/packaging/__pycache__) by extension 'python'
[3.138s] Level 1:colcon.colcon_core.package_identification:_identify(venv/lib/python3.10/site-packages/setuptools/_vendor/packaging/__pycache__) by extensions ['python_setup_py']
[3.138s] Level 1:colcon.colcon_core.package_identification:_identify(venv/lib/python3.10/site-packages/setuptools/_vendor/packaging/__pycache__) by extension 'python_setup_py'
[3.138s] Level 1:colcon.colcon_core.package_identification:_identify(venv/lib/python3.10/site-packages/setuptools/command) by extensions ['ignore', 'ignore_ament_install']
[3.138s] Level 1:colcon.colcon_core.package_identification:_identify(venv/lib/python3.10/site-packages/setuptools/command) by extension 'ignore'
[3.138s] Level 1:colcon.colcon_core.package_identification:_identify(venv/lib/python3.10/site-packages/setuptools/command) by extension 'ignore_ament_install'
[3.138s] Level 1:colcon.colcon_core.package_identification:_identify(venv/lib/python3.10/site-packages/setuptools/command) by extensions ['colcon_pkg']
[3.138s] Level 1:colcon.colcon_core.package_identification:_identify(venv/lib/python3.10/site-packages/setuptools/command) by extension 'colcon_pkg'
[3.138s] Level 1:colcon.colcon_core.package_identification:_identify(venv/lib/python3.10/site-packages/setuptools/command) by extensions ['colcon_meta']
[3.138s] Level 1:colcon.colcon_core.package_identification:_identify(venv/lib/python3.10/site-packages/setuptools/command) by extension 'colcon_meta'
[3.138s] Level 1:colcon.colcon_core.package_identification:_identify(venv/lib/python3.10/site-packages/setuptools/command) by extensions ['ros']
[3.138s] Level 1:colcon.colcon_core.package_identification:_identify(venv/lib/python3.10/site-packages/setuptools/command) by extension 'ros'
[3.138s] Level 1:colcon.colcon_core.package_identification:_identify(venv/lib/python3.10/site-packages/setuptools/command) by extensions ['cmake', 'python']
[3.138s] Level 1:colcon.colcon_core.package_identification:_identify(venv/lib/python3.10/site-packages/setuptools/command) by extension 'cmake'
[3.138s] Level 1:colcon.colcon_core.package_identification:_identify(venv/lib/python3.10/site-packages/setuptools/command) by extension 'python'
[3.139s] Level 1:colcon.colcon_core.package_identification:_identify(venv/lib/python3.10/site-packages/setuptools/command) by extensions ['python_setup_py']
[3.139s] Level 1:colcon.colcon_core.package_identification:_identify(venv/lib/python3.10/site-packages/setuptools/command) by extension 'python_setup_py'
[3.139s] Level 1:colcon.colcon_core.package_identification:_identify(venv/lib/python3.10/site-packages/setuptools/command/__pycache__) by extensions ['ignore', 'ignore_ament_install']
[3.139s] Level 1:colcon.colcon_core.package_identification:_identify(venv/lib/python3.10/site-packages/setuptools/command/__pycache__) by extension 'ignore'
[3.139s] Level 1:colcon.colcon_core.package_identification:_identify(venv/lib/python3.10/site-packages/setuptools/command/__pycache__) by extension 'ignore_ament_install'
[3.139s] Level 1:colcon.colcon_core.package_identification:_identify(venv/lib/python3.10/site-packages/setuptools/command/__pycache__) by extensions ['colcon_pkg']
[3.139s] Level 1:colcon.colcon_core.package_identification:_identify(venv/lib/python3.10/site-packages/setuptools/command/__pycache__) by extension 'colcon_pkg'
[3.139s] Level 1:colcon.colcon_core.package_identification:_identify(venv/lib/python3.10/site-packages/setuptools/command/__pycache__) by extensions ['colcon_meta']
[3.139s] Level 1:colcon.colcon_core.package_identification:_identify(venv/lib/python3.10/site-packages/setuptools/command/__pycache__) by extension 'colcon_meta'
[3.139s] Level 1:colcon.colcon_core.package_identification:_identify(venv/lib/python3.10/site-packages/setuptools/command/__pycache__) by extensions ['ros']
[3.139s] Level 1:colcon.colcon_core.package_identification:_identify(venv/lib/python3.10/site-packages/setuptools/command/__pycache__) by extension 'ros'
[3.139s] Level 1:colcon.colcon_core.package_identification:_identify(venv/lib/python3.10/site-packages/setuptools/command/__pycache__) by extensions ['cmake', 'python']
[3.139s] Level 1:colcon.colcon_core.package_identification:_identify(venv/lib/python3.10/site-packages/setuptools/command/__pycache__) by extension 'cmake'
[3.139s] Level 1:colcon.colcon_core.package_identification:_identify(venv/lib/python3.10/site-packages/setuptools/command/__pycache__) by extension 'python'
[3.139s] Level 1:colcon.colcon_core.package_identification:_identify(venv/lib/python3.10/site-packages/setuptools/command/__pycache__) by extensions ['python_setup_py']
[3.139s] Level 1:colcon.colcon_core.package_identification:_identify(venv/lib/python3.10/site-packages/setuptools/command/__pycache__) by extension 'python_setup_py'
[3.139s] Level 1:colcon.colcon_core.package_identification:_identify(venv/lib/python3.10/site-packages/setuptools/extern) by extensions ['ignore', 'ignore_ament_install']
[3.139s] Level 1:colcon.colcon_core.package_identification:_identify(venv/lib/python3.10/site-packages/setuptools/extern) by extension 'ignore'
[3.139s] Level 1:colcon.colcon_core.package_identification:_identify(venv/lib/python3.10/site-packages/setuptools/extern) by extension 'ignore_ament_install'
[3.139s] Level 1:colcon.colcon_core.package_identification:_identify(venv/lib/python3.10/site-packages/setuptools/extern) by extensions ['colcon_pkg']
[3.139s] Level 1:colcon.colcon_core.package_identification:_identify(venv/lib/python3.10/site-packages/setuptools/extern) by extension 'colcon_pkg'
[3.139s] Level 1:colcon.colcon_core.package_identification:_identify(venv/lib/python3.10/site-packages/setuptools/extern) by extensions ['colcon_meta']
[3.139s] Level 1:colcon.colcon_core.package_identification:_identify(venv/lib/python3.10/site-packages/setuptools/extern) by extension 'colcon_meta'
[3.139s] Level 1:colcon.colcon_core.package_identification:_identify(venv/lib/python3.10/site-packages/setuptools/extern) by extensions ['ros']
[3.139s] Level 1:colcon.colcon_core.package_identification:_identify(venv/lib/python3.10/site-packages/setuptools/extern) by extension 'ros'
[3.139s] Level 1:colcon.colcon_core.package_identification:_identify(venv/lib/python3.10/site-packages/setuptools/extern) by extensions ['cmake', 'python']
[3.139s] Level 1:colcon.colcon_core.package_identification:_identify(venv/lib/python3.10/site-packages/setuptools/extern) by extension 'cmake'
[3.139s] Level 1:colcon.colcon_core.package_identification:_identify(venv/lib/python3.10/site-packages/setuptools/extern) by extension 'python'
[3.139s] Level 1:colcon.colcon_core.package_identification:_identify(venv/lib/python3.10/site-packages/setuptools/extern) by extensions ['python_setup_py']
[3.139s] Level 1:colcon.colcon_core.package_identification:_identify(venv/lib/python3.10/site-packages/setuptools/extern) by extension 'python_setup_py'
[3.140s] Level 1:colcon.colcon_core.package_identification:_identify(venv/lib/python3.10/site-packages/setuptools/extern/__pycache__) by extensions ['ignore', 'ignore_ament_install']
[3.140s] Level 1:colcon.colcon_core.package_identification:_identify(venv/lib/python3.10/site-packages/setuptools/extern/__pycache__) by extension 'ignore'
[3.140s] Level 1:colcon.colcon_core.package_identification:_identify(venv/lib/python3.10/site-packages/setuptools/extern/__pycache__) by extension 'ignore_ament_install'
[3.140s] Level 1:colcon.colcon_core.package_identification:_identify(venv/lib/python3.10/site-packages/setuptools/extern/__pycache__) by extensions ['colcon_pkg']
[3.140s] Level 1:colcon.colcon_core.package_identification:_identify(venv/lib/python3.10/site-packages/setuptools/extern/__pycache__) by extension 'colcon_pkg'
[3.140s] Level 1:colcon.colcon_core.package_identification:_identify(venv/lib/python3.10/site-packages/setuptools/extern/__pycache__) by extensions ['colcon_meta']
[3.140s] Level 1:colcon.colcon_core.package_identification:_identify(venv/lib/python3.10/site-packages/setuptools/extern/__pycache__) by extension 'colcon_meta'
[3.140s] Level 1:colcon.colcon_core.package_identification:_identify(venv/lib/python3.10/site-packages/setuptools/extern/__pycache__) by extensions ['ros']
[3.140s] Level 1:colcon.colcon_core.package_identification:_identify(venv/lib/python3.10/site-packages/setuptools/extern/__pycache__) by extension 'ros'
[3.140s] Level 1:colcon.colcon_core.package_identification:_identify(venv/lib/python3.10/site-packages/setuptools/extern/__pycache__) by extensions ['cmake', 'python']
[3.140s] Level 1:colcon.colcon_core.package_identification:_identify(venv/lib/python3.10/site-packages/setuptools/extern/__pycache__) by extension 'cmake'
[3.140s] Level 1:colcon.colcon_core.package_identification:_identify(venv/lib/python3.10/site-packages/setuptools/extern/__pycache__) by extension 'python'
[3.140s] Level 1:colcon.colcon_core.package_identification:_identify(venv/lib/python3.10/site-packages/setuptools/extern/__pycache__) by extensions ['python_setup_py']
[3.140s] Level 1:colcon.colcon_core.package_identification:_identify(venv/lib/python3.10/site-packages/setuptools/extern/__pycache__) by extension 'python_setup_py'
[3.140s] Level 1:colcon.colcon_core.package_identification:_identify(venv/lib/python3.10/site-packages/setuptools-59.6.0.dist-info) by extensions ['ignore', 'ignore_ament_install']
[3.140s] Level 1:colcon.colcon_core.package_identification:_identify(venv/lib/python3.10/site-packages/setuptools-59.6.0.dist-info) by extension 'ignore'
[3.140s] Level 1:colcon.colcon_core.package_identification:_identify(venv/lib/python3.10/site-packages/setuptools-59.6.0.dist-info) by extension 'ignore_ament_install'
[3.140s] Level 1:colcon.colcon_core.package_identification:_identify(venv/lib/python3.10/site-packages/setuptools-59.6.0.dist-info) by extensions ['colcon_pkg']
[3.140s] Level 1:colcon.colcon_core.package_identification:_identify(venv/lib/python3.10/site-packages/setuptools-59.6.0.dist-info) by extension 'colcon_pkg'
[3.140s] Level 1:colcon.colcon_core.package_identification:_identify(venv/lib/python3.10/site-packages/setuptools-59.6.0.dist-info) by extensions ['colcon_meta']
[3.140s] Level 1:colcon.colcon_core.package_identification:_identify(venv/lib/python3.10/site-packages/setuptools-59.6.0.dist-info) by extension 'colcon_meta'
[3.140s] Level 1:colcon.colcon_core.package_identification:_identify(venv/lib/python3.10/site-packages/setuptools-59.6.0.dist-info) by extensions ['ros']
[3.140s] Level 1:colcon.colcon_core.package_identification:_identify(venv/lib/python3.10/site-packages/setuptools-59.6.0.dist-info) by extension 'ros'
[3.140s] Level 1:colcon.colcon_core.package_identification:_identify(venv/lib/python3.10/site-packages/setuptools-59.6.0.dist-info) by extensions ['cmake', 'python']
[3.140s] Level 1:colcon.colcon_core.package_identification:_identify(venv/lib/python3.10/site-packages/setuptools-59.6.0.dist-info) by extension 'cmake'
[3.140s] Level 1:colcon.colcon_core.package_identification:_identify(venv/lib/python3.10/site-packages/setuptools-59.6.0.dist-info) by extension 'python'
[3.140s] Level 1:colcon.colcon_core.package_identification:_identify(venv/lib/python3.10/site-packages/setuptools-59.6.0.dist-info) by extensions ['python_setup_py']
[3.140s] Level 1:colcon.colcon_core.package_identification:_identify(venv/lib/python3.10/site-packages/setuptools-59.6.0.dist-info) by extension 'python_setup_py'
[3.140s] Level 1:colcon.colcon_core.package_discovery:discover_packages(recursive) using defaults
[3.141s] Level 1:colcon.colcon_core.package_discovery:discover_packages(ignore) discover
[3.141s] Level 1:colcon.colcon_core.package_discovery:discover_packages(ignore) using defaults
[3.141s] Level 1:colcon.colcon_core.package_discovery:discover_packages(path) discover
[3.141s] Level 1:colcon.colcon_core.package_discovery:discover_packages(path) using defaults
[3.154s] Level 1:colcon.colcon_core.package_discovery:discover_packages(prefix_path) check parameters
[3.154s] Level 1:colcon.colcon_core.package_discovery:discover_packages(prefix_path) discover
[3.155s] WARNING:colcon.colcon_ros.prefix_path.ament:The path '/home/dani/Desktop/SDU_Master/EmbeddedSystems/final_assignment/ros2_ws/install/img_to_uart' in the environment variable AMENT_PREFIX_PATH doesn't exist
[3.155s] DEBUG:colcon.colcon_installed_package_information.package_discovery:Found 0 installed packages in /home/dani/Desktop/SDU_Master/EmbeddedSystems/final_assignment/ros2_ws/install
[3.156s] DEBUG:colcon.colcon_installed_package_information.package_discovery:Found 191 installed packages in /opt/ros/humble
[3.157s] Level 1:colcon.colcon_core.package_discovery:discover_packages(prefix_path) using defaults
[3.172s] Level 5:colcon.colcon_core.verb:set package 'img_to_uart' build argument 'cmake_args' from command line to 'None'
[3.172s] Level 5:colcon.colcon_core.verb:set package 'img_to_uart' build argument 'cmake_target' from command line to 'None'
[3.172s] Level 5:colcon.colcon_core.verb:set package 'img_to_uart' build argument 'cmake_target_skip_unavailable' from command line to 'False'
[3.172s] Level 5:colcon.colcon_core.verb:set package 'img_to_uart' build argument 'cmake_clean_cache' from command line to 'False'
[3.172s] Level 5:colcon.colcon_core.verb:set package 'img_to_uart' build argument 'cmake_clean_first' from command line to 'False'
[3.172s] Level 5:colcon.colcon_core.verb:set package 'img_to_uart' build argument 'cmake_force_configure' from command line to 'False'
[3.172s] Level 5:colcon.colcon_core.verb:set package 'img_to_uart' build argument 'ament_cmake_args' from command line to 'None'
[3.172s] Level 5:colcon.colcon_core.verb:set package 'img_to_uart' build argument 'catkin_cmake_args' from command line to 'None'
[3.172s] Level 5:colcon.colcon_core.verb:set package 'img_to_uart' build argument 'catkin_skip_building_tests' from command line to 'False'
[3.172s] DEBUG:colcon.colcon_core.verb:Building package 'img_to_uart' with the following arguments: {'ament_cmake_args': None, 'build_base': '/home/dani/Desktop/SDU_Master/EmbeddedSystems/final_assignment/ros2_ws/build/img_to_uart', 'catkin_cmake_args': None, 'catkin_skip_building_tests': False, 'cmake_args': None, 'cmake_clean_cache': False, 'cmake_clean_first': False, 'cmake_force_configure': False, 'cmake_target': None, 'cmake_target_skip_unavailable': False, 'install_base': '/home/dani/Desktop/SDU_Master/EmbeddedSystems/final_assignment/ros2_ws/install/img_to_uart', 'merge_install': False, 'path': '/home/dani/Desktop/SDU_Master/EmbeddedSystems/final_assignment/ros2_ws/src/img_to_uart', 'symlink_install': False, 'test_result_base': None}
[3.172s] Level 5:colcon.colcon_core.verb:set package 'my-test-package' build argument 'cmake_args' from command line to 'None'
[3.172s] Level 5:colcon.colcon_core.verb:set package 'my-test-package' build argument 'cmake_target' from command line to 'None'
[3.172s] Level 5:colcon.colcon_core.verb:set package 'my-test-package' build argument 'cmake_target_skip_unavailable' from command line to 'False'
[3.172s] Level 5:colcon.colcon_core.verb:set package 'my-test-package' build argument 'cmake_clean_cache' from command line to 'False'
[3.173s] Level 5:colcon.colcon_core.verb:set package 'my-test-package' build argument 'cmake_clean_first' from command line to 'False'
[3.173s] Level 5:colcon.colcon_core.verb:set package 'my-test-package' build argument 'cmake_force_configure' from command line to 'False'
[3.173s] Level 5:colcon.colcon_core.verb:set package 'my-test-package' build argument 'ament_cmake_args' from command line to 'None'
[3.173s] Level 5:colcon.colcon_core.verb:set package 'my-test-package' build argument 'catkin_cmake_args' from command line to 'None'
[3.173s] Level 5:colcon.colcon_core.verb:set package 'my-test-package' build argument 'catkin_skip_building_tests' from command line to 'False'
[3.173s] DEBUG:colcon.colcon_core.verb:Building package 'my-test-package' with the following arguments: {'ament_cmake_args': None, 'build_base': '/home/dani/Desktop/SDU_Master/EmbeddedSystems/final_assignment/ros2_ws/build/my-test-package', 'catkin_cmake_args': None, 'catkin_skip_building_tests': False, 'cmake_args': None, 'cmake_clean_cache': False, 'cmake_clean_first': False, 'cmake_force_configure': False, 'cmake_target': None, 'cmake_target_skip_unavailable': False, 'install_base': '/home/dani/Desktop/SDU_Master/EmbeddedSystems/final_assignment/ros2_ws/install/my-test-package', 'merge_install': False, 'path': '/home/dani/Desktop/SDU_Master/EmbeddedSystems/final_assignment/ros2_ws/venv/lib/python3.10/site-packages/pkg_resources/tests/data/my-test-package-source', 'symlink_install': False, 'test_result_base': None}
[3.173s] INFO:colcon.colcon_core.executor:Executing jobs using 'parallel' executor
[3.174s] DEBUG:colcon.colcon_parallel_executor.executor.parallel:run_until_complete
[3.175s] INFO:colcon.colcon_ros.task.ament_python.build:Building ROS package in '/home/dani/Desktop/SDU_Master/EmbeddedSystems/final_assignment/ros2_ws/src/img_to_uart' with build type 'ament_python'
[3.175s] Level 1:colcon.colcon_core.shell:create_environment_hook('img_to_uart', 'ament_prefix_path')
[3.177s] INFO:colcon.colcon_core.plugin_system:Skipping extension 'colcon_core.shell.bat': Not used on non-Windows systems
[3.177s] INFO:colcon.colcon_core.shell:Creating environment hook '/home/dani/Desktop/SDU_Master/EmbeddedSystems/final_assignment/ros2_ws/install/img_to_uart/share/img_to_uart/hook/ament_prefix_path.ps1'
[3.178s] INFO:colcon.colcon_core.shell:Creating environment descriptor '/home/dani/Desktop/SDU_Master/EmbeddedSystems/final_assignment/ros2_ws/install/img_to_uart/share/img_to_uart/hook/ament_prefix_path.dsv'
[3.178s] INFO:colcon.colcon_core.shell:Creating environment hook '/home/dani/Desktop/SDU_Master/EmbeddedSystems/final_assignment/ros2_ws/install/img_to_uart/share/img_to_uart/hook/ament_prefix_path.sh'
[3.178s] INFO:colcon.colcon_core.shell:Skip shell extension 'powershell' for command environment: Not usable outside of PowerShell
[3.178s] DEBUG:colcon.colcon_core.shell:Skip shell extension 'dsv' for command environment
[3.181s] INFO:colcon.colcon_core.task.python.build:Building Python package in '/home/dani/Desktop/SDU_Master/EmbeddedSystems/final_assignment/ros2_ws/venv/lib/python3.10/site-packages/pkg_resources/tests/data/my-test-package-source'
[3.181s] INFO:colcon.colcon_core.shell:Skip shell extension 'powershell' for command environment: Not usable outside of PowerShell
[3.181s] DEBUG:colcon.colcon_core.shell:Skip shell extension 'dsv' for command environment
[3.355s] INFO:colcon.colcon_core.task.python.build:Building Python package in '/home/dani/Desktop/SDU_Master/EmbeddedSystems/final_assignment/ros2_ws/src/img_to_uart'
[3.356s] INFO:colcon.colcon_core.shell:Skip shell extension 'powershell' for command environment: Not usable outside of PowerShell
[3.356s] DEBUG:colcon.colcon_core.shell:Skip shell extension 'dsv' for command environment
[3.799s] DEBUG:colcon.colcon_core.event_handler.log_command:Invoking command in '/home/dani/Desktop/SDU_Master/EmbeddedSystems/final_assignment/ros2_ws/venv/lib/python3.10/site-packages/pkg_resources/tests/data/my-test-package-source': PYTHONPATH=/home/dani/Desktop/SDU_Master/EmbeddedSystems/final_assignment/ros2_ws/build/my-test-package/prefix_override:/usr/lib/python3/dist-packages/colcon_core/task/python/colcon_distutils_commands:/home/dani/Desktop/SDU_Master/EmbeddedSystems/final_assignment/ros2_ws/install/my-test-package/lib/python3.10/site-packages:${PYTHONPATH} VIRTUAL_ENV_PROMPT=(venv) _=/usr/bin/env /usr/bin/python3 -W ignore:setup.py install is deprecated -W ignore:easy_install command is deprecated setup.py egg_info --egg-base ../../../../../../../../build/my-test-package build --build-base /home/dani/Desktop/SDU_Master/EmbeddedSystems/final_assignment/ros2_ws/build/my-test-package/build install --record /home/dani/Desktop/SDU_Master/EmbeddedSystems/final_assignment/ros2_ws/build/my-test-package/install.log --single-version-externally-managed
[3.801s] DEBUG:colcon.colcon_core.event_handler.log_command:Invoking command in '/home/dani/Desktop/SDU_Master/EmbeddedSystems/final_assignment/ros2_ws/src/img_to_uart': PYTHONPATH=/home/dani/Desktop/SDU_Master/EmbeddedSystems/final_assignment/ros2_ws/build/img_to_uart/prefix_override:/usr/lib/python3/dist-packages/colcon_core/task/python/colcon_distutils_commands:/home/dani/Desktop/SDU_Master/EmbeddedSystems/final_assignment/ros2_ws/install/img_to_uart/lib/python3.10/site-packages:${PYTHONPATH} VIRTUAL_ENV_PROMPT=(venv) _=/usr/bin/env /usr/bin/python3 -W ignore:setup.py install is deprecated -W ignore:easy_install command is deprecated setup.py egg_info --egg-base ../../build/img_to_uart build --build-base /home/dani/Desktop/SDU_Master/EmbeddedSystems/final_assignment/ros2_ws/build/img_to_uart/build install --record /home/dani/Desktop/SDU_Master/EmbeddedSystems/final_assignment/ros2_ws/build/img_to_uart/install.log --single-version-externally-managed install_data
[4.000s] DEBUG:colcon.colcon_core.event_handler.log_command:Invoked command in '/home/dani/Desktop/SDU_Master/EmbeddedSystems/final_assignment/ros2_ws/venv/lib/python3.10/site-packages/pkg_resources/tests/data/my-test-package-source' returned '0': PYTHONPATH=/home/dani/Desktop/SDU_Master/EmbeddedSystems/final_assignment/ros2_ws/build/my-test-package/prefix_override:/usr/lib/python3/dist-packages/colcon_core/task/python/colcon_distutils_commands:/home/dani/Desktop/SDU_Master/EmbeddedSystems/final_assignment/ros2_ws/install/my-test-package/lib/python3.10/site-packages:${PYTHONPATH} VIRTUAL_ENV_PROMPT=(venv) _=/usr/bin/env /usr/bin/python3 -W ignore:setup.py install is deprecated -W ignore:easy_install command is deprecated setup.py egg_info --egg-base ../../../../../../../../build/my-test-package build --build-base /home/dani/Desktop/SDU_Master/EmbeddedSystems/final_assignment/ros2_ws/build/my-test-package/build install --record /home/dani/Desktop/SDU_Master/EmbeddedSystems/final_assignment/ros2_ws/build/my-test-package/install.log --single-version-externally-managed
[4.001s] Level 1:colcon.colcon_core.environment:checking '/home/dani/Desktop/SDU_Master/EmbeddedSystems/final_assignment/ros2_ws/install/my-test-package' for CMake module files
[4.002s] Level 1:colcon.colcon_core.environment:checking '/home/dani/Desktop/SDU_Master/EmbeddedSystems/final_assignment/ros2_ws/install/my-test-package' for CMake config files
[4.002s] Level 1:colcon.colcon_core.environment:checking '/home/dani/Desktop/SDU_Master/EmbeddedSystems/final_assignment/ros2_ws/install/my-test-package/lib'
[4.002s] Level 1:colcon.colcon_core.environment:checking '/home/dani/Desktop/SDU_Master/EmbeddedSystems/final_assignment/ros2_ws/install/my-test-package/bin'
[4.002s] Level 1:colcon.colcon_core.environment:checking '/home/dani/Desktop/SDU_Master/EmbeddedSystems/final_assignment/ros2_ws/install/my-test-package/lib/pkgconfig/my-test-package.pc'
[4.002s] Level 1:colcon.colcon_core.environment:checking '/home/dani/Desktop/SDU_Master/EmbeddedSystems/final_assignment/ros2_ws/install/my-test-package/lib/python3.10/site-packages'
[4.002s] Level 1:colcon.colcon_core.shell:create_environment_hook('my-test-package', 'pythonpath')
[4.003s] INFO:colcon.colcon_core.shell:Creating environment hook '/home/dani/Desktop/SDU_Master/EmbeddedSystems/final_assignment/ros2_ws/install/my-test-package/share/my-test-package/hook/pythonpath.ps1'
[4.003s] INFO:colcon.colcon_core.shell:Creating environment descriptor '/home/dani/Desktop/SDU_Master/EmbeddedSystems/final_assignment/ros2_ws/install/my-test-package/share/my-test-package/hook/pythonpath.dsv'
[4.003s] INFO:colcon.colcon_core.shell:Creating environment hook '/home/dani/Desktop/SDU_Master/EmbeddedSystems/final_assignment/ros2_ws/install/my-test-package/share/my-test-package/hook/pythonpath.sh'
[4.004s] Level 1:colcon.colcon_core.environment:checking '/home/dani/Desktop/SDU_Master/EmbeddedSystems/final_assignment/ros2_ws/install/my-test-package/bin'
[4.004s] Level 1:colcon.colcon_core.environment:create_environment_scripts_only(my-test-package)
[4.004s] INFO:colcon.colcon_core.shell:Creating package script '/home/dani/Desktop/SDU_Master/EmbeddedSystems/final_assignment/ros2_ws/install/my-test-package/share/my-test-package/package.ps1'
[4.004s] INFO:colcon.colcon_core.shell:Creating package descriptor '/home/dani/Desktop/SDU_Master/EmbeddedSystems/final_assignment/ros2_ws/install/my-test-package/share/my-test-package/package.dsv'
[4.005s] INFO:colcon.colcon_core.shell:Creating package script '/home/dani/Desktop/SDU_Master/EmbeddedSystems/final_assignment/ros2_ws/install/my-test-package/share/my-test-package/package.sh'
[4.006s] INFO:colcon.colcon_core.shell:Creating package script '/home/dani/Desktop/SDU_Master/EmbeddedSystems/final_assignment/ros2_ws/install/my-test-package/share/my-test-package/package.bash'
[4.006s] INFO:colcon.colcon_core.shell:Creating package script '/home/dani/Desktop/SDU_Master/EmbeddedSystems/final_assignment/ros2_ws/install/my-test-package/share/my-test-package/package.zsh'
[4.006s] Level 1:colcon.colcon_core.environment:create_file_with_runtime_dependencies(/home/dani/Desktop/SDU_Master/EmbeddedSystems/final_assignment/ros2_ws/install/my-test-package/share/colcon-core/packages/my-test-package)
[4.012s] Level 1:colcon.colcon_core.environment:checking '/home/dani/Desktop/SDU_Master/EmbeddedSystems/final_assignment/ros2_ws/install/img_to_uart' for CMake module files
[4.012s] DEBUG:colcon.colcon_core.event_handler.log_command:Invoked command in '/home/dani/Desktop/SDU_Master/EmbeddedSystems/final_assignment/ros2_ws/src/img_to_uart' returned '0': PYTHONPATH=/home/dani/Desktop/SDU_Master/EmbeddedSystems/final_assignment/ros2_ws/build/img_to_uart/prefix_override:/usr/lib/python3/dist-packages/colcon_core/task/python/colcon_distutils_commands:/home/dani/Desktop/SDU_Master/EmbeddedSystems/final_assignment/ros2_ws/install/img_to_uart/lib/python3.10/site-packages:${PYTHONPATH} VIRTUAL_ENV_PROMPT=(venv) _=/usr/bin/env /usr/bin/python3 -W ignore:setup.py install is deprecated -W ignore:easy_install command is deprecated setup.py egg_info --egg-base ../../build/img_to_uart build --build-base /home/dani/Desktop/SDU_Master/EmbeddedSystems/final_assignment/ros2_ws/build/img_to_uart/build install --record /home/dani/Desktop/SDU_Master/EmbeddedSystems/final_assignment/ros2_ws/build/img_to_uart/install.log --single-version-externally-managed install_data
[4.012s] Level 1:colcon.colcon_core.environment:checking '/home/dani/Desktop/SDU_Master/EmbeddedSystems/final_assignment/ros2_ws/install/img_to_uart' for CMake config files
[4.013s] Level 1:colcon.colcon_core.environment:checking '/home/dani/Desktop/SDU_Master/EmbeddedSystems/final_assignment/ros2_ws/install/img_to_uart/lib'
[4.013s] Level 1:colcon.colcon_core.environment:checking '/home/dani/Desktop/SDU_Master/EmbeddedSystems/final_assignment/ros2_ws/install/img_to_uart/bin'
[4.013s] Level 1:colcon.colcon_core.environment:checking '/home/dani/Desktop/SDU_Master/EmbeddedSystems/final_assignment/ros2_ws/install/img_to_uart/lib/pkgconfig/img_to_uart.pc'
[4.013s] Level 1:colcon.colcon_core.environment:checking '/home/dani/Desktop/SDU_Master/EmbeddedSystems/final_assignment/ros2_ws/install/img_to_uart/lib/python3.10/site-packages'
[4.013s] Level 1:colcon.colcon_core.shell:create_environment_hook('img_to_uart', 'pythonpath')
[4.013s] INFO:colcon.colcon_core.shell:Creating environment hook '/home/dani/Desktop/SDU_Master/EmbeddedSystems/final_assignment/ros2_ws/install/img_to_uart/share/img_to_uart/hook/pythonpath.ps1'
[4.014s] INFO:colcon.colcon_core.shell:Creating environment descriptor '/home/dani/Desktop/SDU_Master/EmbeddedSystems/final_assignment/ros2_ws/install/img_to_uart/share/img_to_uart/hook/pythonpath.dsv'
[4.014s] INFO:colcon.colcon_core.shell:Creating environment hook '/home/dani/Desktop/SDU_Master/EmbeddedSystems/final_assignment/ros2_ws/install/img_to_uart/share/img_to_uart/hook/pythonpath.sh'
[4.014s] Level 1:colcon.colcon_core.environment:checking '/home/dani/Desktop/SDU_Master/EmbeddedSystems/final_assignment/ros2_ws/install/img_to_uart/bin'
[4.014s] Level 1:colcon.colcon_core.environment:create_environment_scripts_only(img_to_uart)
[4.015s] INFO:colcon.colcon_core.shell:Creating package script '/home/dani/Desktop/SDU_Master/EmbeddedSystems/final_assignment/ros2_ws/install/img_to_uart/share/img_to_uart/package.ps1'
[4.015s] INFO:colcon.colcon_core.shell:Creating package descriptor '/home/dani/Desktop/SDU_Master/EmbeddedSystems/final_assignment/ros2_ws/install/img_to_uart/share/img_to_uart/package.dsv'
[4.015s] INFO:colcon.colcon_core.shell:Creating package script '/home/dani/Desktop/SDU_Master/EmbeddedSystems/final_assignment/ros2_ws/install/img_to_uart/share/img_to_uart/package.sh'
[4.015s] INFO:colcon.colcon_core.shell:Creating package script '/home/dani/Desktop/SDU_Master/EmbeddedSystems/final_assignment/ros2_ws/install/img_to_uart/share/img_to_uart/package.bash'
[4.016s] INFO:colcon.colcon_core.shell:Creating package script '/home/dani/Desktop/SDU_Master/EmbeddedSystems/final_assignment/ros2_ws/install/img_to_uart/share/img_to_uart/package.zsh'
[4.016s] Level 1:colcon.colcon_core.environment:create_file_with_runtime_dependencies(/home/dani/Desktop/SDU_Master/EmbeddedSystems/final_assignment/ros2_ws/install/img_to_uart/share/colcon-core/packages/img_to_uart)
[4.016s] DEBUG:colcon.colcon_parallel_executor.executor.parallel:closing loop
[4.017s] DEBUG:colcon.colcon_parallel_executor.executor.parallel:loop closed
[4.017s] DEBUG:colcon.colcon_parallel_executor.executor.parallel:run_until_complete finished with '0'
[4.017s] DEBUG:colcon.colcon_core.event_reactor:joining thread
[4.022s] INFO:colcon.colcon_core.plugin_system:Skipping extension 'colcon_notification.desktop_notification.terminal_notifier': Not used on non-Darwin systems
[4.022s] INFO:colcon.colcon_core.plugin_system:Skipping extension 'colcon_notification.desktop_notification.win32': Not used on non-Windows systems
[4.022s] INFO:colcon.colcon_notification.desktop_notification:Sending desktop notification using 'notify2'
[4.032s] DEBUG:colcon.colcon_core.event_reactor:joined thread
[4.032s] INFO:colcon.colcon_core.shell:Creating prefix script '/home/dani/Desktop/SDU_Master/EmbeddedSystems/final_assignment/ros2_ws/install/local_setup.ps1'
[4.033s] INFO:colcon.colcon_core.shell:Creating prefix util module '/home/dani/Desktop/SDU_Master/EmbeddedSystems/final_assignment/ros2_ws/install/_local_setup_util_ps1.py'
[4.034s] INFO:colcon.colcon_core.shell:Creating prefix chain script '/home/dani/Desktop/SDU_Master/EmbeddedSystems/final_assignment/ros2_ws/install/setup.ps1'
[4.035s] INFO:colcon.colcon_core.shell:Creating prefix script '/home/dani/Desktop/SDU_Master/EmbeddedSystems/final_assignment/ros2_ws/install/local_setup.sh'
[4.035s] INFO:colcon.colcon_core.shell:Creating prefix util module '/home/dani/Desktop/SDU_Master/EmbeddedSystems/final_assignment/ros2_ws/install/_local_setup_util_sh.py'
[4.035s] INFO:colcon.colcon_core.shell:Creating prefix chain script '/home/dani/Desktop/SDU_Master/EmbeddedSystems/final_assignment/ros2_ws/install/setup.sh'
[4.036s] INFO:colcon.colcon_core.shell:Creating prefix script '/home/dani/Desktop/SDU_Master/EmbeddedSystems/final_assignment/ros2_ws/install/local_setup.bash'
[4.037s] INFO:colcon.colcon_core.shell:Creating prefix chain script '/home/dani/Desktop/SDU_Master/EmbeddedSystems/final_assignment/ros2_ws/install/setup.bash'
[4.037s] INFO:colcon.colcon_core.shell:Creating prefix script '/home/dani/Desktop/SDU_Master/EmbeddedSystems/final_assignment/ros2_ws/install/local_setup.zsh'
[4.037s] INFO:colcon.colcon_core.shell:Creating prefix chain script '/home/dani/Desktop/SDU_Master/EmbeddedSystems/final_assignment/ros2_ws/install/setup.zsh'
